"entrezgene_id","stat"
"99899",43.8406757471236
"19039",41.5352673331437
"11475",39.0068265829032
"23962",38.18921279033
"20692",35.3177795311761
"74551",31.132013367844
"55932",30.6550896596514
"29817",30.5284020717335
"107869",30.0120184238086
"54123",29.690444609843
"672511",27.8036626450088
"16859",27.3595165653822
"24110",26.9831614532581
"26570",26.9823865896135
"66141",26.5007327641775
"12870",26.1822863774322
"12552",25.4260629050189
"14119",25.2353182533627
"18641",24.6056640992267
"15944",24.566880342095
"74761",24.5098340351944
"270685",24.4850106149697
"15040",24.2326539573347
"15959",23.8688917678657
"20539",23.8540401205303
"NA",23.3247712182691
"246730",22.9738801380665
"12842",22.6093633023962
"20563",22.4733924447283
"209086",22.4652051776285
"68498",22.4513488612812
"15950",22.3477322980705
"547253",22.2958766439104
"15951",22.2736657632252
"54396",22.2236857876748
"16775",22.1838852322624
"14664",22.0008068400968
"100038882",21.9887889210839
"20512",21.947235023711
"71690",21.5233404132593
"78134",21.5055033964765
"67775",21.4238976422306
"20317",21.0346287672134
"20128",20.9902995107047
"108682",20.9794428234186
"66375",20.9653435602497
"74558",20.9409880656316
"236573",20.8971955280345
"108089",20.580124179267
"12843",20.5472768057846
"56454",20.5069413871377
"60527",20.30401331235
"14451",20.2767910019717
"20564",19.9590360669455
"12266",19.923240890501
"22436",19.79827754996
"68119",19.7277789763877
"13731",19.7129244531849
"74513",19.6630509167759
"98932",19.5798232305597
"60440",19.5310346123801
"70310",19.5118124228272
"12563",19.4491403116024
"14789",19.4351518859474
"74155",19.3828404616971
"15957",19.0901908665776
"230073",19.0828351515627
"170460",18.9959004136098
"20587",18.9606240389841
"100042856",18.7414157676118
"22337",18.660305256878
"243771",18.6389130828046
"381308",18.4222932214459
"14432",18.4123175742532
"58203",18.3465485877686
"18573",18.1729807864012
"20568",18.1679938856042
"19092",18.1629221783962
"12111",18.0613847920847
"80285",18.0179905674504
"23876",18.0039959097386
"100040462",17.9858002295676
"386463",17.9789655190929
"20750",17.9495905783127
"69550",17.9370055663398
"327959",17.8996983001277
"209387",17.8507796480176
"100678",17.7761184538617
"12041",17.7632325102194
"66725",17.707585929377
"239273",17.688377462006
"58859",17.6522773245733
"108934",17.5626809233111
"235106",17.5508641598625
"269959",17.4669110421006
"229900",17.376091998651
"11567",17.2113509919209
"77446",17.2112994758183
"16010",17.1980499242695
"18414",17.1814017952913
"71898",17.1708627644084
"50908",17.1506447179489
"228026",17.0725142444569
"94280",17.0514441211545
"56530",16.8953537380402
"14178",16.8832291802966
"213498",16.8226497286114
"73218",16.8087405508969
"14362",16.7847322266209
"70078",16.7822592358536
"13627",16.7586909391038
"20720",16.7481761359244
"67776",16.7052144868443
"55934",16.7025518941427
"12361",16.6971830737924
"20917",16.6627492065891
"11732",16.6429329159483
"192185",16.6341821458349
"12826",16.6112731951045
"66171",16.6076519782048
"243853",16.5990709297321
"67800",16.5956966730191
"227292",16.5314188712187
"14118",16.4977102307841
"68015",16.4609894079864
"214855",16.4565961694972
"12833",16.4237753135949
"27226",16.4195167404252
"70110",16.4062344659444
"246728",16.400887569218
"109168",16.4005186575467
"80837",16.356415897116
"16423",16.3323978878666
"19072",16.3273202099258
"17768",16.3230772976159
"225791",16.316005020908
"12835",16.3092984806606
"71586",16.3043746760313
"20684",16.2624977323001
"11819",16.19677212918
"19275",16.1682653632994
"19672",16.1333680007243
"17067",16.1183508880959
"53608",16.1135441071428
"26396",16.0983808518325
"56453",16.0916737289125
"21804",16.0826686288697
"22169",16.0048495054826
"23859",16.0016772217121
"18846",15.9287457696158
"26903",15.9230865974332
"14635",15.9188576708032
"12834",15.9138289026683
"68401",15.9133446502298
"17937",15.912054697799
"69146",15.8668330843442
"16145",15.8534353822348
"225870",15.8049145823212
"17150",15.7962908930264
"13874",15.7831951585343
"57896",15.6804648712225
"20135",15.6602280333307
"74051",15.6180717492901
"236312",15.6100055009058
"216154",15.5217103135109
"11535",15.5081363969317
"192166",15.4881236699429
"50527",15.4156642570511
"15953",15.4005534822556
"53618",15.3639093808758
"20112",15.3225433759335
"18828",15.2975067642929
"228730",15.2887568155724
"12353",15.219757865768
"219132",15.218609471523
"232087",15.1951747630121
"26912",15.194291937731
"11603",15.185983241782
"381314",15.1374724516129
"14469",15.1354543730041
"667370",15.1203281028894
"26943",15.1014335147227
"68047",15.095842192323
"15901",15.0790778553139
"209200",15.0767142598741
"74747",15.069701339867
"15903",15.0226704636891
"74268",15.0148280704625
"107449",14.9765790135675
"27632",14.9681164718899
"14873",14.9143144985063
"12946",14.9135253611214
"56348",14.9021950700609
"66940",14.9019933221286
"69309",14.9010355180375
"22793",14.8995654969604
"11853",14.8922288199712
"56089",14.8581729766342
"11432",14.8523700071871
"56878",14.8495573878689
"399558",14.8077310567664
"16391",14.7911617330441
"106529",14.7793541102547
"67996",14.7634164573388
"17069",14.7245809509421
"52163",14.6906382489096
"215378",14.6649476579253
"18442",14.6542476574479
"66811",14.6196924206122
"20356",14.6078318104816
"353172",14.6034998718068
"56693",14.5971322840657
"19358",14.5725366090293
"72844",14.5362326378457
"67606",14.4913096332901
"72057",14.4769076580654
"319939",14.4565874754849
"14799",14.4394982631508
"75219",14.4325004577457
"14381",14.3946981658643
"14314",14.3828293120378
"11566",14.377814197834
"21859",14.3631158822297
"67803",14.3607761872662
"217410",14.3325934690319
"23960",14.3130996416903
"74153",14.2863804566655
"21923",14.2687020838664
"246727",14.2622238803683
"66253",14.2172549567354
"110695",14.161107168427
"11529",14.1441153439209
"11658",14.1242174104276
"14194",14.1095711034752
"11864",14.0693497806958
"67169",14.0438941521417
"233107",14.0200713523225
"229524",14.0069824777436
"17082",14.0028497876564
"11815",13.998980783315
"229534",13.9808129217076
"18451",13.9685216862929
"56709",13.9626392415576
"228961",13.9622222457861
"18555",13.9555136768699
"18263",13.9428510559544
"16177",13.9204162980404
"71910",13.9180052936231
"99543",13.9112161977349
"110208",13.9103715512797
"77697",13.9053129100032
"69065",13.8761197090186
"93694",13.8737159054355
"20621",13.8727877928959
"22154",13.8429740970957
"64085",13.8234261555074
"108909",13.8219956668703
"13358",13.8036585552978
"17181",13.7978822403729
"18933",13.7923101723024
"14609",13.761830883257
"17385",13.7571854543027
"58223",13.7559384717068
"21838",13.7354919308663
"22142",13.7307300746724
"67811",13.7272695869009
"18553",13.726860190288
"76933",13.7083580313664
"338320",13.6920753850502
"56520",13.6864558766608
"19288",13.6812644730515
"13003",13.6385868495206
"66912",13.6094590982762
"53418",13.5808768208464
"66090",13.5757404648599
"20346",13.5677001181941
"20897",13.5363801316684
"213019",13.5274629221614
"338367",13.5237994961227
"226518",13.5114891587591
"76799",13.4598533381514
"66923",13.449498368966
"241327",13.4386066885346
"22088",13.4377449187255
"319965",13.4307062820643
"54383",13.4180783438041
"100317",13.4151932878014
"77889",13.3927335489989
"12931",13.3631770887981
"231507",13.3609445284976
"16330",13.3558432960852
"18186",13.3447486594605
"109552",13.3070672104139
"50918",13.2984188403046
"228139",13.2914967749546
"228359",13.2853627529909
"53413",13.2836771784985
"22375",13.2798255941405
"19158",13.2404206069768
"68090",13.2153457978141
"207596",13.2148945621373
"70638",13.1975188296694
"19171",13.1944829344927
"21857",13.1683556691694
"27397",13.1286028342447
"70358",13.0992025125186
"320685",13.0969330065591
"67988",13.0840602466098
"20514",13.0694938629624
"11739",13.0654206727942
"19664",13.0636524422639
"109019",13.0596405951168
"24075",13.0523562339046
"64685",13.0342141829674
"72368",13.022895708409
"29876",13.0182368779245
"15234",12.9982136410671
"329777",12.9974742146582
"107581",12.9860067004849
"15936",12.97965575627
"20832",12.9784816297689
"244745",12.9336774742973
"320183",12.9145088696943
"217692",12.848876578847
"24066",12.8138399860212
"56463",12.8040337692132
"74776",12.8014089822664
"244810",12.7703691678398
"108911",12.7630361914651
"72114",12.7425239061499
"74195",12.7385909218612
"108037",12.7197137605585
"17534",12.7181197958771
"29869",12.7154929724002
"224904",12.6895367711391
"104444",12.6754942934501
"218460",12.6665451505626
"16949",12.6580058233992
"72017",12.6546910504383
"20361",12.6484841215117
"17256",12.6294252851183
"12567",12.6292482102862
"18542",12.6185446580787
"102639543",12.5869547802525
"22059",12.5860289340136
"234854",12.5789495577229
"12915",12.5749522045939
"23808",12.5627344261316
"54447",12.554469152165
"66854",12.531975104231
"16156",12.5309276169125
"67713",12.5283533312024
"66602",12.5114670657632
"18030",12.4990497917931
"66059",12.4882163605572
"71883",12.4778866072656
"100129",12.4678133859363
"16600",12.4636535022414
"71990",12.4595651111651
"20615",12.4580249621558
"224045",12.453178627523
"17387",12.4473063445923
"20846",12.4322853238653
"14782",12.421503585938
"18150",12.4097223756132
"27392",12.3501486305521
"12616",12.3456638933032
"54371",12.3364602829575
"26939",12.3252012924317
"66609",12.3144663664289
"12490",12.3099145258477
"23892",12.3075382360737
"67732",12.2803069321206
"107045",12.2680703585906
"14132",12.2646194602081
"22240",12.2560353145787
"68176",12.2512465118857
"17384",12.2496754658066
"20017",12.2429071572807
"67529",12.2428823549031
"218476",12.2419926654723
"15254",12.2327712926868
"19220",12.2199025083986
"21677",12.2139013131932
"23874",12.2032049936208
"54342",12.1997635275882
"71974",12.1937450676216
"67790",12.1885816652354
"78560",12.1756446242391
"16009",12.1699618242506
"14936",12.1691097102052
"20525",12.1616235757756
"75758",12.156416390467
"381356",12.1275003831161
"13169",12.1068327976884
"12286",12.082672304715
"50909",12.0751739369738
"208263",12.0605339623827
"70097",12.0568215330341
"14007",12.0250964104129
"228998",12.0101241484437
"20856",12.0055531918346
"17168",11.9906974132979
"226101",11.9452154176411
"50784",11.9354546108031
"70186",11.9250037579989
"11867",11.9239544173784
"18576",11.9156740170054
"71738",11.9150371248354
"101489",11.9094432175084
"94249",11.9069172019414
"244668",11.9000356735104
"18764",11.8999898558401
"71130",11.8923616343994
"16453",11.890903609589
"11492",11.873934823787
"74158",11.8641526042687
"12380",11.8598821393571
"20933",11.850634628497
"13685",11.8393369060995
"328329",11.8287752177281
"68938",11.8248551106266
"23918",11.8240064287485
"239188",11.8070859980091
"22335",11.8054679399652
"245474",11.7945887312611
"76251",11.781393382829
"67778",11.7639156539173
"74114",11.7622438797514
"51798",11.7602969668632
"17299",11.7599005572547
"52009",11.7493470005366
"223672",11.7446023575217
"58249",11.7329647204053
"67951",11.7326463342826
"68813",11.7227136634229
"70726",11.7066256332331
"228602",11.7053221497515
"17999",11.7039220546557
"12799",11.6772218356995
"11733",11.6703060573158
"76267",11.6454309575036
"26425",11.6135453399547
"14251",11.601956568759
"20787",11.5936482746724
"241226",11.5827060168336
"353211",11.5563008225593
"228662",11.5527082522628
"78521",11.5236930871865
"14751",11.5186020068597
"268880",11.5141390319349
"11520",11.5058617842803
"26893",11.5005084315052
"59052",11.4903990218683
"71228",11.4806281794726
"27207",11.470200533627
"19056",11.4592266548093
"110960",11.4574229344689
"22359",11.4540952819481
"12832",11.4487551054422
"19186",11.4481321465808
"108903",11.440943746665
"12048",11.4314416542406
"66412",11.4256588426171
"76205",11.4181406692679
"27979",11.4122442063808
"15257",11.4083502057535
"66248",11.3997729409266
"59056",11.3831652053851
"213773",11.3530185608402
"12568",11.3517893512213
"56748",11.349032331943
"19270",11.344658425347
"107227",11.3418073562284
"80861",11.3321935121248
"21974",11.3321634114155
"331004",11.3187843988989
"14467",11.3084899923113
"17750",11.2993900997646
"15452",11.2966470105523
"84113",11.2909115372928
"26444",11.2853546291578
"11409",11.2742043927144
"234549",11.2606262094022
"12825",11.2566550826831
"208659",11.2481307216133
"71675",11.221095540059
"208650",11.2153136435571
"103425",11.1927329205603
"14319",11.1878081019053
"319518",11.1796220216028
"24105",11.1603223066863
"73182",11.1572232910059
"56772",11.1546416135354
"229949",11.1427031357337
"237988",11.132155716438
"28295",11.1242218783441
"56292",11.0967039482463
"59042",11.0950172945072
"18438",11.0895084827543
"20847",11.089293451325
"434215",11.0858283996971
"66053",11.0712820885335
"52710",11.0510884503236
"19038",11.0467891755405
"22143",11.0413763353786
"238130",11.037973115918
"12181",11.0375793374786
"67015",11.030228122281
"192173",11.0224034658428
"14874",11.0093441281149
"73447",11.005799557256
"13016",10.9854726543873
"94279",10.9635923948756
"241576",10.9541765710726
"17313",10.9524279807179
"234356",10.9518405858098
"72500",10.9504093914148
"16923",10.9457731823291
"142980",10.9414166546738
"76630",10.9232754686034
"230784",10.9145278889734
"319622",10.9132879754166
"107747",10.9046204340069
"67661",10.8948872483097
"15270",10.8573971771666
"68653",10.8532722337631
"12827",10.8377829204359
"16950",10.8340940929224
"27050",10.8320482949467
"12167",10.8257144026344
"234311",10.8251664804232
"12778",10.815355143081
"68066",10.788080046395
"216188",10.7778308850778
"17250",10.7674923568868
"18740",10.7649154048103
"234407",10.7644726009198
"67863",10.7620214735274
"80892",10.7532529487054
"12609",10.7510292186518
"15364",10.7463211423608
"72050",10.7220653837757
"20363",10.7218446202001
"74610",10.7167793770709
"216198",10.7032614472291
"16419",10.6951312621023
"76080",10.6818243123203
"235661",10.6758387788217
"67452",10.6663992278293
"68273",10.661951884309
"14158",10.65998766329
"99712",10.6588923034432
"83398",10.6445878304195
"56636",10.6421335780492
"66632",10.6377308706623
"101187",10.6332907292224
"66961",10.6261386559419
"12364",10.6216509212393
"67991",10.6139806919819
"381126",10.6069925521526
"110796",10.6012594845803
"27215",10.5987803270976
"66111",10.5987458706891
"12333",10.5981850535295
"75751",10.5841368798669
"381694",10.5652702192328
"56048",10.5633486862935
"68089",10.5627042864712
"20509",10.5350890434574
"19224",10.5341959171543
"13730",10.5314656914615
"54616",10.5247159587525
"102093",10.5212162226305
"21423",10.5025291411444
"233575",10.4881725875801
"330260",10.4845004596087
"110454",10.4791796486427
"109154",10.4699951316594
"72238",10.464428191001
"12363",10.462113713914
"19225",10.448253800301
"27370",10.4402110576244
"19731",10.4267160383806
"13478",10.4025919887601
"242126",10.3945868477909
"19729",10.3713631986143
"30935",10.3642943595434
"14694",10.344601534529
"69217",10.3421623883632
"192216",10.3169283585648
"16565",10.3111102865368
"13631",10.3086825424375
"71093",10.3035102155513
"56726",10.2957093497251
"70153",10.2934205533817
"245866",10.2833192010196
"192236",10.2737283103637
"19895",10.2707552105636
"12257",10.2404468779674
"76425",10.2403306989791
"99633",10.2321983713432
"234814",10.2201101018401
"80287",10.2026855625352
"213575",10.1927975356885
"15331",10.1860782484013
"52585",10.1635528934993
"71729",10.1595780080061
"71712",10.1579060655361
"211666",10.1519613953829
"21814",10.1465447035835
"381820",10.1416881487139
"80876",10.141253860084
"240327",10.1388509709027
"237360",10.1365203671851
"67460",10.1356738278878
"67914",10.1283782560703
"67916",10.1275622479793
"27998",10.1264775767091
"22393",10.1251932429241
"210530",10.123363907719
"52838",10.1214549875396
"22321",10.1095763666652
"14084",10.1018167355722
"14673",10.100478112287
"73181",10.0943525700542
"70533",10.0925496817009
"216543",10.0854771682889
"26362",10.0569231458395
"52120",10.0421175227089
"16635",10.0394662354177
"216725",10.0379524350298
"12176",10.0246136521453
"56516",10.0196600470862
"67936",10.0119714973861
"226691",10.0036422479634
"67023",10.0012291128042
"319236",9.99320283861273
"227399",9.97808306737271
"67117",9.97692014552685
"58194",9.97592061040513
"20312",9.97322049399079
"13629",9.97162895001999
"54709",9.97091762565993
"14600",9.97008667719506
"50720",9.95058317765862
"103080",9.93925046428905
"11745",9.93894121364048
"66462",9.93876545088188
"67171",9.9348622432981
"217365",9.92661796509242
"668139",9.91557398300721
"69090",9.91525639240965
"21928",9.90922824375795
"67099",9.90521393342924
"225888",9.90466883135715
"11782",9.90251201066375
"171095",9.9011293138098
"108147",9.89354865355341
"331374",9.88943613225521
"17454",9.88848574857977
"13848",9.8850347088206
"18798",9.87385178436171
"104721",9.86709330524266
"70335",9.83430468323763
"16913",9.83038678285969
"279653",9.81966960140238
"89867",9.81450823051072
"72709",9.81173358355098
"18148",9.80497299397783
"268977",9.78280025880344
"17357",9.77504559657507
"21815",9.76473784812877
"20091",9.76370714343767
"66570",9.75483763444402
"22601",9.74565961790986
"67771",9.74304670485213
"224705",9.73589189400854
"78771",9.72065759643877
"14661",9.71673503952818
"244864",9.7125576739727
"244895",9.69240412919724
"213002",9.68781259057919
"12499",9.68128553566357
"217262",9.67108102718601
"70428",9.65604875368065
"328162",9.65171872418116
"68943",9.6513030174819
"76238",9.64961110221114
"100503659",9.64853099970957
"192197",9.64381315133693
"19414",9.63810051374288
"13681",9.61627284911512
"68058",9.60860580265696
"11651",9.60573053177474
"77056",9.60211684408845
"57752",9.60098916368239
"17254",9.58659970970794
"26385",9.58210032705933
"192176",9.57954236455896
"107976",9.57234817155369
"19241",9.57043752092248
"217203",9.57009612987813
"217718",9.56048095984554
"224656",9.55080837341091
"664968",9.54971578926973
"13528",9.54431612414919
"12035",9.54324651491231
"74781",9.53905648072138
"20286",9.53066648185548
"67106",9.52403543197425
"72640",9.51856591818748
"12442",9.51484049157378
"24060",9.51113696299035
"16998",9.5039832278615
"70223",9.50299950723142
"54381",9.49907055161213
"19106",9.49825966433531
"14955",9.49593196664417
"14870",9.49498840465521
"66129",9.48588031372872
"67299",9.4765125941673
"11898",9.47514807792037
"66885",9.46472565889571
"17158",9.46153007210989
"14201",9.46125504894618
"227613",9.45851429116367
"15216",9.45738479993914
"69089",9.44890409493834
"13494",9.44877756860494
"66855",9.43499178343955
"112406",9.42334332942641
"22628",9.41769341274893
"19336",9.41476026283915
"67768",9.41428267949773
"19777",9.4128232285238
"13870",9.39726748779565
"66592",9.39668813177028
"224143",9.39350096205358
"14923",9.38840397674428
"236539",9.37384017430804
"21827",9.34288108768367
"233204",9.34229130901407
"140484",9.3359448632922
"27053",9.33386307324255
"66904",9.32174636789928
"68028",9.32140157817561
"228983",9.3118828515506
"107272",9.31133468362389
"77254",9.30587940395355
"66124",9.29717261474678
"57267",9.29370986210459
"22004",9.28267659070728
"68915",9.27755813148816
"20973",9.27587458781416
"57875",9.27498134688105
"15529",9.27348977088891
"20409",9.27147733921158
"20443",9.27092150453993
"30055",9.2702094626503
"56174",9.2610991515007
"212974",9.25887135449095
"68073",9.25353758523532
"17858",9.25046460586111
"75578",9.24852938872846
"230249",9.24681739529292
"13495",9.2408455418385
"102580",9.23755261055869
"434484",9.23397733687894
"18634",9.23023259778919
"100039796",9.22844984077349
"68617",9.21506991851304
"76681",9.21068676096634
"68020",9.20710745505827
"22596",9.20080116115582
"229445",9.20068321030805
"78781",9.20030425461601
"70393",9.19822259412811
"70465",9.19520964220906
"24088",9.1883089237507
"14283",9.18017290238532
"226414",9.17637074527806
"79560",9.16421896346579
"246703",9.1583563604706
"98733",9.14044508722161
"98193",9.13778042319903
"215160",9.12932445146889
"18779",9.1230621420533
"52377",9.12179539342591
"11639",9.11123805776331
"109901",9.10803644302822
"17112",9.10625067473595
"12972",9.10467628059775
"20174",9.08990296564807
"102032",9.0884995854278
"93887",9.07880576469991
"21824",9.07757961445976
"53321",9.0708087188013
"230752",9.06949100942095
"16403",9.06905608549959
"66497",9.06818863960859
"218035",9.06709840554252
"21937",9.06619992625607
"30839",9.06421642601352
"108899",9.05977115739442
"170571",9.0523413885213
"102566",9.04692306697179
"23988",9.04331648528415
"73144",9.04121160914793
"57315",9.0388752320094
"382014",9.02485762957811
"21340",9.02464156920027
"67458",9.0183987135937
"21346",9.00788169015947
"241846",9.00740353026816
"67603",9.00726813910232
"72065",8.99700034933857
"66596",8.99231584902544
"13038",8.99114533264869
"67096",8.9888809783377
"83675",8.98795446870455
"16174",8.98633036213069
"12816",8.98360574431776
"12033",8.97988729102173
"67942",8.97651119797502
"11674",8.97362730660608
"13194",8.9694478321424
"59008",8.96491514321807
"63959",8.96427324244713
"22192",8.95838286452917
"75778",8.9569560566703
"64144",8.9537072028559
"76795",8.95104648147348
"100042784",8.94709419770762
"232157",8.94321437281955
"50492",8.94177581980264
"104112",8.93677164050249
"67842",8.93215021689551
"12903",8.92761377073628
"207565",8.92675541813802
"224860",8.91670115045553
"70088",8.91645631755737
"68514",8.91547831501803
"14739",8.91162610966573
"67398",8.91158370197771
"20383",8.90886803583395
"213819",8.88932490598842
"55936",8.88815760752385
"16469",8.88541525282247
"71566",8.88503633741843
"94092",8.87571249489184
"76438",8.87484177247245
"18458",8.8721485165065
"16882",8.86389433541018
"20210",8.85723039196245
"320634",8.85511395385512
"11306",8.85482320655502
"17134",8.83896621045668
"80280",8.83495610836301
"18822",8.82717803189449
"68404",8.82524583630265
"22352",8.82521640636966
"18777",8.82051046723399
"107260",8.81803322530649
"13429",8.80424249493173
"13690",8.79843911476592
"68149",8.78427479179889
"214987",8.77947338667328
"216867",8.77906840437812
"57314",8.77821882940198
"11987",8.7710529288389
"108159",8.76938824401331
"11740",8.76885568920964
"20204",8.76553151379687
"80982",8.76363175460753
"69162",8.75686517619423
"18476",8.75419399303932
"18647",8.75170152489228
"338349",8.75009806777029
"59083",8.72968023486868
"319757",8.71492906111948
"67808",8.70811576981191
"67153",8.70072839601943
"52206",8.70002972421713
"70435",8.69960247942223
"68303",8.69534190988812
"215008",8.69504907623896
"67282",8.69185946839881
"244891",8.69159715665165
"100042480",8.69075481499864
"230861",8.68667045047425
"14268",8.68576344152059
"19165",8.68413386893174
"19326",8.68367494974243
"235623",8.68345611478599
"331623",8.68099499775791
"208777",8.68075642353372
"231874",8.68036822934349
"52530",8.67940076747767
"57810",8.67864146751906
"72454",8.67673603985054
"72392",8.66851361318572
"329384",8.66343080069209
"22785",8.66221941198528
"18491",8.63906252612359
"241296",8.62760266216555
"224648",8.62336346983174
"97440",8.62018293972898
"21753",8.61331838111987
"107508",8.60924514358592
"74187",8.60641945836333
"70551",8.59967056626482
"26961",8.59850475979828
"18793",8.59636188895176
"225348",8.59485635780433
"22791",8.59451107094619
"70823",8.59416363674876
"80976",8.59257825230688
"24058",8.58742660067076
"58809",8.58353922856182
"14154",8.57595267031804
"80748",8.57264840860005
"19946",8.5697466163211
"52639",8.56652149584161
"75710",8.56489218566677
"107527",8.56065078668565
"20085",8.5604513432825
"20852",8.55659248995204
"12977",8.55327941311832
"108155",8.55136923074117
"381903",8.54676105192086
"71735",8.54617229780618
"14272",8.54490594037803
"66965",8.53655921950308
"22388",8.53443602628396
"218734",8.52686761284794
"226695",8.52673476432397
"72960",8.52295373278473
"69190",8.52142348196672
"67427",8.51888490552526
"54160",8.5119819212342
"75590",8.50477133437831
"12332",8.50211445367939
"22258",8.49961048305283
"69228",8.49884278486297
"101497",8.484712909678
"72480",8.47424050592339
"231717",8.47279950776738
"272322",8.46890387753165
"218397",8.4683237852829
"20439",8.45445954585162
"20340",8.45042476932447
"56745",8.44808958091617
"16828",8.44194948803482
"104799",8.43747944504621
"238871",8.42801721509656
"54636",8.42443769832053
"217069",8.41986828278363
"74142",8.41976261592366
"20103",8.4125941540187
"16948",8.40750210270952
"15902",8.4056013915787
"23961",8.40439710561141
"269233",8.40176724462854
"17392",8.39029632466808
"56876",8.3843894302325
"16952",8.37536242154289
"26408",8.3714364445301
"71279",8.36921129831944
"76260",8.36890090356229
"240041",8.366670356371
"21917",8.35833579917694
"19242",8.3580851070817
"244631",8.35763713198565
"217734",8.35517546842034
"14230",8.35443415042935
"15441",8.35370255971705
"74653",8.35134251056962
"56213",8.34250943860904
"12554",8.34119594136997
"244216",8.3399132255082
"225913",8.33661204756594
"229615",8.3354648128275
"11951",8.33451859854556
"72787",8.33243618099457
"100042069",8.32834670556368
"68537",8.32707713708018
"212442",8.32505725491174
"108837",8.31716913190276
"14712",8.31655161235704
"17346",8.31575111281279
"15926",8.31105665136824
"19188",8.30917571347035
"50771",8.29444007874082
"29864",8.29317260604379
"330790",8.28681847274535
"20254",8.28515094700509
"193742",8.27994510161949
"11836",8.27393890086548
"71701",8.26728674773941
"15108",8.26680035584267
"67609",8.26161409492833
"19142",8.25202801259889
"69804",8.24813967190512
"94223",8.24693092335682
"52469",8.23714723880297
"67009",8.23592061281933
"20855",8.23480441217023
"20719",8.22876560505012
"218343",8.21356564103162
"12394",8.21311179521614
"319638",8.20823949191011
"76454",8.20270783001144
"67636",8.20215143505933
"110596",8.19669784215752
"13866",8.19326786252444
"242608",8.1898400910187
"76983",8.17957217778397
"107589",8.17947642193196
"69035",8.17807734097542
"28114",8.17511962587989
"50793",8.1703017008436
"233315",8.16399270368884
"68251",8.16289727811988
"66990",8.16033478309997
"97884",8.15999888795588
"380840",8.15744218827825
"66587",8.15583555174915
"74148",8.15527149631238
"231086",8.15444115058892
"12464",8.15314806507092
"12660",8.15263983719254
"75788",8.15181168679715
"74257",8.14759929996511
"79221",8.13832274601686
"23789",8.13680774782697
"214572",8.13603184470149
"18643",8.13472114722045
"12476",8.13415964304679
"15115",8.13202187592637
"56736",8.13049291379774
"22323",8.12261657223887
"66861",8.12100181566636
"68659",8.11256276366639
"68441",8.11034352285949
"18194",8.1049664694254
"21983",8.10097301639554
"56613",8.0994716306438
"78895",8.09841697479735
"68552",8.09277731189729
"224897",8.08372115586944
"68758",8.07810479412559
"207425",8.07639106731663
"81630",8.0707064949316
"67453",8.06916476849486
"13858",8.06879111677887
"74370",8.06027245724535
"68585",8.05329307702963
"14104",8.05068232062834
"56327",8.0489505430456
"226830",8.04880721956344
"272538",8.04726110118232
"14431",8.03422631283715
"56470",8.03195025669643
"231214",8.02956873268948
"52552",8.02842272118169
"217664",8.02673137090984
"59287",8.01873737453355
"72630",8.01794337358196
"67273",8.01679524508581
"76510",8.01301228714654
"30933",8.01185790671968
"21822",8.01157432642877
"217057",8.00585479714885
"57750",8.00166727339663
"18578",8.00112052037728
"268656",7.99267832199068
"20200",7.9907261718441
"22225",7.98941082065874
"99375",7.97662741143336
"107568",7.97254490555085
"18146",7.97043957448421
"228608",7.96779732450966
"195646",7.96703100519006
"77590",7.96439809888768
"68917",7.96382937130463
"100978",7.95609708134693
"225745",7.95511651596377
"80884",7.95205959330739
"107476",7.95123816757938
"74467",7.95085387963251
"72357",7.94901467053192
"21413",7.94848070772774
"56811",7.93310046964661
"14682",7.93243680053925
"50797",7.93150272388219
"67760",7.92008406458071
"72565",7.91840897587707
"216233",7.91524655872995
"77006",7.91444862999281
"230757",7.90562043912664
"93890",7.90467718533819
"212285",7.90323457578516
"14026",7.90034690461063
"66218",7.89865262070755
"54217",7.89770030094857
"59029",7.89711529273555
"266632",7.89059534360172
"103236",7.88970287231697
"113868",7.88542898793726
"58186",7.88466254755692
"230863",7.8818111483188
"257633",7.8768612253322
"67905",7.87532492225338
"13171",7.87033334194911
"18484",7.86843864563355
"50773",7.86761157438189
"235542",7.86193565898414
"328370",7.86117139399857
"328801",7.85605604387975
"52906",7.85485613809756
"19057",7.84984863322008
"71927",7.83254256761282
"76893",7.83088397577149
"12443",7.8275802179176
"68140",7.826423125415
"78889",7.81092040736962
"108737",7.80878212699977
"97961",7.80872335283957
"20444",7.79728461357944
"231474",7.79238592240398
"230279",7.79078161408056
"26569",7.78992596221167
"19298",7.78992047050578
"66294",7.78670651836641
"15439",7.78409884860762
"13655",7.7807229031844
"27267",7.77851448119356
"67707",7.7757957637282
"240776",7.77444454950367
"75909",7.77198278530257
"66753",7.7709323156083
"93696",7.76708530811703
"66863",7.76519815880973
"56473",7.76137931539311
"235040",7.75762917883876
"68077",7.75733134953903
"243369",7.7540051559308
"67472",7.75025457614341
"20430",7.74454537765694
"14421",7.74412846083594
"20516",7.7418061111669
"80898",7.74177402767846
"269713",7.73915479246102
"110196",7.73875767906661
"17035",7.73301568217637
"68304",7.73081894629893
"105245",7.73057954231191
"11792",7.72964584964059
"71743",7.72452768110101
"109135",7.70702310052294
"22146",7.70489991111139
"20315",7.7027767556846
"216792",7.70258048563456
"53895",7.70147485898545
"246277",7.70085316200132
"233979",7.70064442054773
"53313",7.69809487087495
"70984",7.69648427908667
"218441",7.6881710985271
"27078",7.68789507851888
"20810",7.68698501915715
"13601",7.68558575520351
"22166",7.67841488072858
"72515",7.6733145094357
"100763",7.67050629498644
"100198",7.66991065827716
"384009",7.6657420385805
"235606",7.66251476144059
"17772",7.65795278020525
"100515",7.65655432183237
"56632",7.64606599846696
"66350",7.64283828471236
"11532",7.6405091416496
"74998",7.63703373562873
"74098",7.63246447824046
"67979",7.62739898698084
"236899",7.62439199940584
"107522",7.62256417294939
"77220",7.62002842551773
"217011",7.61212939858692
"231002",7.61186841059268
"67389",7.60406017587166
"12009",7.60110143254034
"18805",7.59519600686114
"93747",7.59318320753561
"74777",7.5786634798329
"16348",7.57402005776404
"171210",7.57273792901969
"21354",7.5689501298239
"66047",7.56734962688326
"26572",7.56283370855459
"83962",7.5587401692387
"22185",7.55724501877621
"14375",7.55490910300781
"18214",7.54487665986441
"28109",7.5414262289424
"78038",7.53933466329611
"18003",7.53589617796655
"69957",7.52804464205863
"67623",7.52437599405864
"66871",7.52338082014037
"29815",7.51311539334162
"23943",7.51024105004661
"71780",7.50933312326612
"12837",7.50493840351865
"52477",7.49956571209613
"53614",7.49634137708333
"73124",7.49353869975361
"214901",7.49276377476421
"69748",7.49261305064025
"109658",7.48036241203392
"20182",7.46976058941166
"244418",7.4601815684855
"239796",7.45757808408363
"19159",7.45162359589822
"78926",7.44626204504052
"241452",7.44567601597648
"53885",7.44486480084913
"242509",7.4441634518888
"57741",7.44370943425859
"217378",7.44312917938242
"69719",7.43614200160404
"59053",7.43195025942687
"258469",7.42566388052709
"52513",7.42260093233394
"55949",7.41506319932621
"27367",7.41472643834844
"12862",7.41280008151422
"235180",7.40523606449112
"11370",7.4021527594766
"50708",7.39695743382979
"100683",7.38817995811439
"100121",7.3822183612489
"16971",7.37821532854483
"21399",7.37446632624975
"16922",7.37076431428404
"77951",7.36995357188034
"22152",7.3584966764186
"66586",7.35675445543216
"17436",7.3537339767375
"74525",7.35348313317747
"67225",7.35347667676461
"269878",7.35262339276892
"69683",7.34277700832389
"320554",7.34164764500152
"235406",7.34136392827083
"230721",7.33993706246929
"107368",7.33925857024646
"21743",7.33821845535398
"217149",7.33053285860636
"107829",7.33043074078402
"105837",7.32525522844628
"18113",7.32308077873904
"72181",7.31358013858276
"21810",7.31038548888874
"80752",7.30848338856655
"102644",7.30463663382218
"19291",7.30026053027915
"64704",7.29985598134369
"15499",7.29366595665836
"70420",7.29290013699294
"12466",7.27789985036429
"19735",7.27515246649003
"223254",7.2722304091378
"224008",7.27162341179707
"109032",7.2626478117407
"54128",7.26187370721154
"208092",7.26010196844089
"54427",7.25862289454849
"68195",7.25803131359351
"18795",7.25614762613116
"14701",7.2547756575392
"50721",7.25158333613722
"12444",7.25146392168391
"56360",7.25040980615732
"56791",7.23874397714495
"13559",7.23521060665596
"79555",7.2341846576708
"244373",7.2341812553391
"68024",7.23395684679957
"52348",7.23364572125595
"15039",7.23084275697661
"69654",7.23032170032711
"338365",7.22621209619676
"66366",7.22620785109676
"64451",7.2217018105575
"223697",7.22036311953665
"27279",7.21958471376283
"270210",7.21942849956369
"19934",7.21797280865234
"17988",7.21753740254105
"106947",7.20880187959115
"23986",7.20841775651347
"50868",7.20147618513673
"76524",7.20137442628265
"56491",7.19786291899222
"76650",7.1947492795758
"71207",7.19373409290595
"118445",7.19272148902488
"68614",7.18858191751159
"18080",7.18750069203853
"16898",7.18444454644511
"232086",7.1776253411956
"217946",7.17593818582727
"234353",7.17021149246614
"21826",7.1578389655794
"101142",7.14868876921886
"14043",7.14772769849754
"18393",7.13626352633296
"110842",7.13431030836915
"27029",7.13066792769412
"14886",7.12972182430544
"268739",7.12668896792021
"12029",7.12503144210583
"102747",7.12032685862268
"77552",7.11909731692417
"12453",7.11766912076257
"17698",7.11488665562066
"268373",7.10573488740239
"277010",7.10569427580318
"232223",7.10243361858322
"66488",7.10115627182512
"235339",7.10093099357593
"104156",7.09784568875777
"30960",7.09474586457499
"74568",7.09374205333091
"72562",7.0923275073465
"100019",7.0866301584581
"54683",7.08060415605213
"23966",7.07595145953084
"67895",7.07548434913218
"228869",7.06437771551866
"240672",7.06211983798432
"100033459",7.06076422032648
"231912",7.05893989135138
"239017",7.05623077758921
"73674",7.04603386846835
"68094",7.04543216569522
"14733",7.03753880213248
"623230",7.03473804427889
"380785",7.03395315359811
"15929",7.02708294259471
"72981",7.02610132188594
"239606",7.02465399918726
"72141",7.01932965416933
"76375",7.01809113326936
"66365",7.01808847731785
"12050",7.01661831737414
"224024",7.01026581673494
"70028",7.007432384997
"67945",7.00221180636446
"381413",7.00042625701971
"108958",6.99955312834041
"207740",6.99767843229498
"71750",6.99580327152835
"14468",6.98556064550736
"20198",6.98459636134698
"16865",6.98338086711109
"268857",6.9824245107682
"59007",6.9786997043182
"268396",6.97767770561978
"76688",6.97156963467509
"218989",6.97133519752728
"66180",6.97061308186981
"71820",6.97000084477422
"12288",6.96417625819018
"110446",6.96217142448887
"108075",6.94945185932132
"671535",6.94863165073444
"76779",6.94321168542952
"16819",6.94070787572607
"83453",6.93665611787305
"72055",6.93499805381303
"329015",6.93352296929383
"93876",6.93277070242091
"75221",6.92238498788879
"53414",6.91994711358513
"13864",6.91673622961475
"68187",6.9149755230109
"75914",6.91359209036197
"66588",6.91213892552572
"76892",6.91039056547613
"72421",6.90769257345678
"268970",6.9075172064016
"26896",6.90707311241771
"94094",6.90237796951878
"277463",6.90116146298172
"68836",6.90006381935113
"73830",6.89937697733425
"106039",6.88965113429661
"69155",6.88660569476841
"26987",6.8830305078133
"57342",6.88302239845165
"13196",6.88230192771
"229709",6.88176583996147
"239337",6.88088731105713
"69660",6.87637424232238
"58520",6.87384523924955
"66407",6.87313150065649
"19718",6.87272147280999
"72157",6.86252180627744
"93888",6.861707579682
"12696",6.85840951013447
"226922",6.84875603384133
"231830",6.84688349716769
"16800",6.84635722776509
"26897",6.84535334855858
"73192",6.84234193110253
"71169",6.84107514653742
"19245",6.83896297292996
"12268",6.83252304715084
"67974",6.81385608677078
"268822",6.81320245829426
"56515",6.80677128268211
"276846",6.80608758156986
"53424",6.79977634992373
"269951",6.78860883409134
"19035",6.78662528757916
"100088",6.78645668518388
"209018",6.78501461159687
"108660",6.78221025121247
"69675",6.78158929603694
"11982",6.78001862217203
"382985",6.77495569214594
"26374",6.77468827551193
"54598",6.77298007363947
"14017",6.77227890417545
"17855",6.76606097457195
"319477",6.76404133581763
"68312",6.76343278756069
"56434",6.76012237034407
"20475",6.75933567387951
"28200",6.75792560979667
"12955",6.75489773872752
"76568",6.75224943332941
"27369",6.74967592586118
"101612",6.74949340276259
"13732",6.74886904656517
"76901",6.74380957128305
"26395",6.7398251896927
"242362",6.73902593549511
"71918",6.73887951463415
"69956",6.73717968854251
"72621",6.73354871617249
"14806",6.73276950506624
"238023",6.73247589392436
"14950",6.73137410233306
"72075",6.7305403386593
"227638",6.72564175402225
"100689",6.72012588331121
"102595",6.72012363693852
"114715",6.71993740436134
"54637",6.71692162216338
"268449",6.71264648710941
"12702",6.70647542565037
"227700",6.7048676921957
"20442",6.70415857311072
"228714",6.70238470661281
"72308",6.70236896049337
"171508",6.69964309844182
"17025",6.69711665663675
"58185",6.69211947704327
"20657",6.68105143132215
"20226",6.67729049871452
"218038",6.67395132938061
"68041",6.67123247480895
"319195",6.66873175848223
"215015",6.66691635770068
"50794",6.65519542904213
"69806",6.64648065467658
"68092",6.64616120840268
"13039",6.64087331056336
"54451",6.63387025533021
"433256",6.6332074049374
"50493",6.62971543788417
"16543",6.62950708585385
"58244",6.62664374404515
"15461",6.62645404706863
"23984",6.62605774013847
"66616",6.62547889218043
"75475",6.61507467026362
"18301",6.61339725360653
"100182",6.61123197390048
"208198",6.60752140247645
"65102",6.60611772152016
"67840",6.60433281673231
"16164",6.60101797586012
"215798",6.60006896623004
"12227",6.59949265464437
"27419",6.59943706426861
"75452",6.59722646810069
"233908",6.59223924597628
"319480",6.58768145243473
"252875",6.58487771097859
"11767",6.58426963533155
"20872",6.57540594689299
"320119",6.57428679017053
"17083",6.57342382046951
"14659",6.57325842378728
"23999",6.57107691863199
"234309",6.5695785109392
"18595",6.56786604396702
"229504",6.56443681630724
"66775",6.56379631151765
"11544",6.54935349390142
"81909",6.54656406729652
"68106",6.54250335818231
"76808",6.53697368238155
"78894",6.53083286384362
"66459",6.52933497034359
"65973",6.5289249018806
"27756",6.52384722045353
"78308",6.51988985142583
"19896",6.51711801201118
"66700",6.51579115487342
"18193",6.51438500603986
"69534",6.51394693875433
"68713",6.50694587710518
"50762",6.50054749727968
"59035",6.49931320715382
"22631",6.49893831242758
"107047",6.4929066890792
"56277",6.49155689864436
"279766",6.49047779391799
"110854",6.48762572803262
"209584",6.47817504774651
"26398",6.47362569881874
"19088",6.47001946761008
"59028",6.46878278136203
"52055",6.46546296332667
"240328",6.46494013185331
"230872",6.46430928734995
"18514",6.46430535346939
"67014",6.46377623728177
"72938",6.46318531341726
"69202",6.45722663849337
"72503",6.45321342598705
"94187",6.45236181899103
"76898",6.45129501572106
"100037283",6.45055079139871
"381038",6.44636664330336
"19192",6.44296303272764
"228858",6.44291248483383
"69568",6.44283690697888
"78653",6.43992010955027
"27398",6.43917451923651
"55983",6.4367824220882
"108954",6.43369096365191
"22021",6.43185324551371
"12039",6.42597785238319
"231861",6.42576675300697
"223780",6.42355690302962
"269378",6.42314989700023
"106639",6.41742917059666
"19084",6.41538028468761
"11550",6.41138933582508
"13353",6.41046014750757
"234847",6.40570611121188
"236082",6.40376288104235
"69225",6.40223942364319
"57357",6.39990563097338
"211548",6.39476892204806
"226610",6.3883143459727
"26378",6.38392539138751
"28185",6.38274679362878
"11568",6.38123660203657
"378937",6.38053845397253
"77057",6.37908484569068
"53381",6.37670009224261
"230770",6.37604760344445
"140859",6.37257198093288
"14232",6.36536911804566
"16206",6.35379360220737
"109108",6.35260998254696
"223776",6.35086357698879
"232449",6.34920206556864
"16341",6.34339074934993
"231655",6.34066876123165
"12468",6.33873404603714
"140792",6.33516483876055
"72155",6.33459197254893
"72775",6.33226591998088
"215999",6.3281723593365
"19263",6.32530739704534
"240185",6.32403373104691
"67203",6.31378668284968
"11736",6.31324969915884
"64450",6.31302643713862
"214601",6.31022132385151
"270106",6.30628526199202
"67512",6.30248440116653
"207278",6.30090268461141
"15525",6.29653343346123
"52538",6.29592521120981
"14585",6.29067678786888
"27176",6.28779093990476
"12589",6.28758719106078
"56176",6.28616267721805
"114601",6.2854779383087
"18472",6.28478246833063
"13610",6.28388619970127
"73744",6.28069327349054
"52874",6.2796616423215
"231633",6.27701709790768
"11461",6.26858042092322
"117149",6.26803040190416
"108052",6.26722468952875
"81500",6.26560365151143
"16179",6.26138997205887
"53893",6.25991288789904
"79554",6.2597187316204
"17117",6.25686542821606
"14693",6.25683902735924
"19376",6.25553399130621
"14708",6.24639281699529
"17874",6.24388583943147
"67134",6.23943406450588
"216080",6.23871823486334
"67533",6.23537702250211
"234378",6.22947721631397
"68260",6.22874453242549
"14629",6.22430059465658
"109754",6.22198919177741
"11421",6.22158424091068
"17160",6.2205275320958
"53330",6.21861259801481
"230582",6.21684942089839
"109676",6.21595002965147
"75691",6.21565669677568
"19645",6.21030297874728
"94067",6.2091183009709
"71772",6.20166216655937
"381101",6.20152318664536
"105651",6.19573656747478
"67031",6.19378243506331
"105732",6.19156385494196
"213417",6.191326122251
"72162",6.19089179982238
"16765",6.18641057704909
"67005",6.18240489925324
"107566",6.17827402071157
"18569",6.17630029026946
"108067",6.17354026326252
"14088",6.16882850550149
"69716",6.16701350248505
"56040",6.16669417463448
"66357",6.16538226576785
"105847",6.16213150622347
"52633",6.16090689399636
"619547",6.16069908952942
"20751",6.15496698503354
"219181",6.15259953585009
"74178",6.14820398853505
"238123",6.14649846231314
"58172",6.14418147323637
"11820",6.14396295054521
"97484",6.14346754486163
"14376",6.13043326911881
"216157",6.1284819281048
"19384",6.12833830453418
"53881",6.1279320966937
"12572",6.12555883961382
"14082",6.1201770521038
"16157",6.11589992775512
"269033",6.11589125042142
"67487",6.11515262531366
"108156",6.11335862744624
"105298",6.10960425473299
"15382",6.10714957336132
"21886",6.10536282833723
"26406",6.10027438319624
"56429",6.1002399716484
"52004",6.09930628741653
"93891",6.09800423367049
"77038",6.09785650682351
"68043",6.09696469658782
"66208",6.09391269936701
"71721",6.09161728732005
"30840",6.09048813104582
"69731",6.07816354337747
"67030",6.07718338845043
"21853",6.0722188175621
"76281",6.0705321700967
"104884",6.06802933672108
"50917",6.06491911669866
"269261",6.06218409946642
"13531",6.06174988806324
"14852",6.05602605074574
"66818",6.05032908502539
"225608",6.04961494630211
"67739",6.04857998872143
"76740",6.04839078507596
"79456",6.0458099167422
"26420",6.04577383593071
"67115",6.04414531055762
"93686",6.04111871798739
"230027",6.03960844358516
"56316",6.03836191128629
"22271",6.03011576130486
"23965",6.02987484426181
"67160",6.02971952315497
"16451",6.02968317121891
"333789",6.0259026325044
"20416",6.02037863470565
"59047",6.02013582791555
"233328",6.0186628147949
"18073",6.0131153426113
"27966",6.00958143806359
"75605",6.00949388294447
"18597",6.00812731940144
"319277",6.00530285239526
"16518",6.00170781269036
"67378",5.99635110801335
"20909",5.99016714204887
"66812",5.98479249034358
"23897",5.9704771654044
"14433",5.96891117964338
"71591",5.9685077758758
"68026",5.9622604844999
"69718",5.9599873727912
"14368",5.95889310992208
"17850",5.95414341364174
"66799",5.95401525226233
"11876",5.95222247208197
"13808",5.94409884027873
"236576",5.93991924531294
"64817",5.93561757219325
"104886",5.93377719933941
"230674",5.9334328453027
"16834",5.93258119138622
"18176",5.92431106342873
"67267",5.9235141876888
"101861",5.92175600647364
"105638",5.9203090148942
"18763",5.920122478059
"108735",5.91922348908431
"73068",5.91649553535428
"15442",5.91421362422161
"16911",5.91332114913882
"11518",5.90896304737738
"399566",5.90880982221492
"17692",5.9070423529299
"53375",5.90652652369627
"19652",5.90218885793122
"13518",5.90161528088203
"18618",5.89831782506908
"68021",5.89451384887302
"19294",5.89435865834422
"622404",5.89176514003649
"18791",5.88925448994971
"15893",5.88237411967086
"66205",5.88128142888723
"102162",5.87917018595157
"75084",5.87575943243672
"13726",5.8742567369367
"24052",5.87223190686145
"16858",5.86908058492201
"64659",5.86773693659986
"226499",5.86585112658576
"11835",5.86259054552213
"234663",5.85480398622753
"67040",5.84968933437166
"19765",5.84664351234105
"214305",5.84596478989568
"26432",5.83905484034495
"64050",5.83640753997451
"414069",5.83345217052457
"269254",5.83147740939304
"212627",5.83025098514923
"226090",5.82844054068303
"50772",5.82477601524644
"19240",5.82061392072544
"74569",5.81729123044621
"319653",5.81656269034519
"21745",5.81636109585762
"71781",5.80979824430161
"80286",5.80939433122971
"66138",5.80509237409477
"269823",5.80338663363353
"229541",5.80128095055592
"11845",5.7986752016923
"105351",5.79116107452124
"12469",5.78396510937996
"70779",5.78368621318903
"68920",5.78326546630451
"66162",5.78324750341072
"72635",5.78269494911343
"67702",5.77852996489333
"208820",5.77661381367299
"54219",5.77362711601411
"110006",5.77324145303235
"320438",5.77298273091901
"114679",5.77240432766691
"69372",5.77148269123178
"71881",5.77084435010726
"109624",5.76969035517825
"216345",5.7678269888321
"13549",5.7604200002255
"16773",5.75955424761166
"81896",5.75841764499478
"20362",5.75773861638035
"226791",5.75177913215873
"60532",5.75004136688151
"21372",5.74816483562442
"72691",5.74604473295658
"17775",5.74220121961595
"13018",5.73888989764896
"20163",5.7383444877878
"14115",5.73535912024273
"22333",5.73370890721598
"67872",5.73050500711733
"110821",5.72897219290049
"59058",5.72886622896857
"54132",5.72484930649536
"71592",5.72044733828361
"14755",5.72012459297039
"22276",5.719813407529
"19286",5.71964757510155
"16785",5.71813452086738
"75974",5.7159455830664
"20813",5.7156199091486
"56291",5.71343665980121
"208727",5.7113687104241
"14534",5.70065712385985
"210973",5.69860039365461
"208643",5.69373062919167
"14426",5.68838231986096
"226861",5.68732833976245
"67281",5.68614839234971
"80283",5.68609114768841
"170759",5.68589408262676
"56409",5.68161298380227
"21898",5.67910424657671
"67553",5.67884556046219
"80889",5.67661040788701
"16801",5.67636117635234
"240034",5.67609232871925
"219151",5.67409393858763
"78339",5.67369847123372
"20102",5.67173701166693
"208898",5.67098224403572
"17386",5.66749288808306
"399603",5.65888996035182
"12283",5.65265828174395
"66523",5.65060618432326
"76900",5.65003340470407
"14768",5.64956699167976
"56294",5.64622626127505
"228355",5.64589034850596
"104111",5.64555731922442
"14854",5.6452887581007
"269356",5.64188692380368
"230393",5.63896778388516
"23850",5.63461715840855
"66044",5.63144506512033
"13639",5.6278588260307
"21351",5.62610878948012
"18247",5.6260466889129
"51812",5.6252351390859
"13992",5.62038171974717
"78070",5.6178841435286
"109042",5.61560474396638
"77134",5.61451367449234
"21454",5.61445230298395
"94352",5.61352461359427
"78937",5.6043421140627
"216148",5.60115573337623
"18754",5.59376186810964
"544717",5.59312307275128
"73711",5.59292688751263
"30050",5.59120688777473
"56542",5.59076886565146
"67501",5.58244210894558
"107975",5.58190189532986
"77980",5.58089229100692
"233335",5.5794645991434
"381201",5.57900715095127
"18081",5.57641975376917
"20536",5.57434734829701
"434341",5.572928235708
"12338",5.56892912310641
"20306",5.56822511281244
"72042",5.56549743392049
"432940",5.56120216282246
"13821",5.55902268582522
"19181",5.55725645375877
"110379",5.55435569677546
"15931",5.54315102475765
"67871",5.54188242277394
"66628",5.54073563215266
"56043",5.5355952997034
"13846",5.53549169495026
"109299",5.52426565656891
"107182",5.51899474677762
"52468",5.51510567392888
"320705",5.51391698914143
"100503572",5.51157196845885
"224093",5.51120501936685
"71710",5.50301704511355
"68852",5.50150032401479
"77286",5.49965081952514
"73945",5.49785361492707
"66114",5.49633039878649
"11989",5.49186829951568
"11690",5.48707951622809
"16997",5.48142069838951
"76483",5.47752570415141
"76952",5.47349683319667
"15937",5.47337643563133
"93878",5.46696275301174
"216527",5.46686011522313
"55946",5.46665488793315
"72729",5.46504649772088
"209683",5.46336102967024
"13555",5.46308244079955
"268936",5.46205397829923
"108657",5.4600716133085
"22273",5.45470397431246
"227377",5.44818392819873
"66736",5.44763546413791
"107029",5.44484125946806
"103136",5.44454605017616
"192786",5.44297657475869
"108058",5.44287121224369
"668661",5.43426100296981
"17921",5.43177152393532
"19183",5.42521353907531
"260409",5.42258970350075
"77987",5.4213526243326
"231600",5.41661969884675
"18295",5.41633390935244
"66374",5.41255320237635
"109905",5.40754261526342
"69274",5.40575043255469
"50523",5.40407657533931
"72136",5.40174491946568
"19981",5.40119494042589
"14726",5.39907956442827
"320664",5.39813173928018
"68988",5.39679099338366
"67068",5.37437629301949
"22171",5.36855905457436
"666173",5.36837119182564
"68278",5.36685412164597
"56321",5.36657272171533
"231050",5.36353417747946
"230657",5.35894224396653
"625249",5.35586825478332
"56711",5.35334619428745
"16598",5.34909642059523
"17912",5.34796343570892
"12339",5.34556291715956
"23794",5.34330238965016
"93681",5.3428424792295
"109801",5.33874680340055
"11426",5.33746040487139
"20481",5.33658645906225
"80284",5.33421642743649
"21858",5.33310622795431
"70231",5.31757200037466
"79565",5.31521634236556
"13207",5.31257234031509
"14869",5.31195520030715
"18024",5.30439028858353
"114249",5.30078317097871
"66646",5.30035328914738
"67891",5.30021909571853
"17472",5.29799740337238
"217232",5.29769916698583
"11666",5.29548460594903
"11993",5.2954798678349
"19128",5.29546112385471
"56741",5.29474357639117
"70314",5.29418411175243
"80750",5.29200379211867
"268935",5.29184144629055
"109006",5.29092697177178
"216156",5.2887488489392
"11865",5.28297321302972
"232313",5.28218397748235
"105522",5.27892623790618
"223649",5.27825317485683
"227210",5.27595662404114
"11735",5.27558869103099
"28088",5.27558251849278
"26561",5.27537030227237
"235459",5.2748497021745
"69109",5.27426034703866
"75007",5.27011426383286
"13123",5.2692679186615
"26417",5.26898760118292
"11810",5.26869763897202
"81601",5.26728555413737
"17755",5.26680158708189
"21821",5.26487014626193
"237459",5.26212635472749
"14972",5.26106881110504
"19164",5.25867415829743
"67286",5.25783747459666
"233805",5.24905360877806
"11837",5.24885701684172
"78388",5.24644622474667
"19210",5.24451727184577
"75620",5.24249699202698
"74006",5.23129223570999
"94275",5.23027564217042
"70369",5.22811870929916
"68436",5.22648475237503
"81703",5.22613579496172
"215193",5.22476593119419
"225887",5.22347390587698
"100972",5.22177002318483
"105663",5.22128828883963
"71765",5.21880919781655
"52023",5.21714737064062
"13640",5.21143036411971
"71699",5.21119601280486
"70673",5.21035666479864
"18294",5.20904264631684
"66566",5.20713141330697
"72900",5.20541744725101
"16548",5.2044584404064
"69790",5.20140300775011
"234258",5.20120787100698
"69071",5.19941927310062
"232334",5.19796303488398
"170719",5.18804492422672
"223970",5.18767134751961
"54196",5.18610064640217
"100040608",5.183829649597
"69528",5.18248267086071
"22084",5.18165931180682
"328417",5.17967470960675
"72128",5.17857507134295
"27388",5.1784417467875
"18104",5.17718703075611
"330662",5.17651791173253
"78266",5.17650330943773
"269702",5.17617014764339
"67673",5.17431343989993
"16706",5.1734437563572
"12369",5.1708406749938
"109652",5.16838415065313
"12611",5.16774974874611
"12321",5.16771850652303
"54722",5.16614322929229
"68970",5.16601974732512
"320782",5.1655541635108
"66433",5.15736833671007
"56758",5.15659488409625
"75580",5.15628963183982
"14009",5.15434196366908
"16878",5.15260138707067
"70717",5.14749499685367
"72133",5.14704774598599
"20975",5.14554793210119
"17192",5.14377407017467
"56376",5.14233099170053
"229937",5.13747568882525
"224640",5.13569782797507
"12508",5.13478562646841
"20524",5.13125005392762
"100043813",5.12979512433944
"244550",5.12917927470596
"22339",5.12470966073948
"245000",5.12237592784665
"117592",5.12139209028229
"12028",5.12115524787464
"107607",5.11962956005849
"239393",5.11794727725612
"14000",5.11533297104966
"66192",5.11249738422668
"236733",5.10920374474861
"23854",5.10916120041387
"214642",5.1088944818942
"11826",5.1081837979024
"66515",5.10231653267068
"73137",5.09984468529337
"242687",5.09929402018023
"14538",5.09777592368019
"70612",5.09552592367652
"67201",5.09506310388517
"52830",5.09225626573105
"76167",5.08848096434262
"13664",5.08807829538267
"14453",5.08775961348919
"20932",5.08574973590632
"69549",5.08470352172584
"16425",5.08447974350623
"230514",5.08361497632626
"216395",5.07553895076123
"121022",5.07502175546411
"212862",5.0735099500716
"56428",5.07140728609421
"106581",5.07089534628808
"66679",5.06791585524058
"16526",5.06425558322929
"68646",5.06375423144654
"382793",5.05871991456568
"65111",5.05069675543166
"20425",5.04819521389927
"109212",5.0453165693742
"65960",5.04222567732444
"215819",5.04062242314125
"74326",5.03761528765445
"23802",5.03577165294088
"56282",5.0339308118173
"56716",5.03123854645723
"78688",5.02919435128065
"11778",5.02845545942233
"233489",5.02832600535383
"666704",5.02799987793338
"234344",5.02513558626664
"101118",5.01966334448997
"70315",5.0193068021285
"12175",5.01831549995453
"20667",5.01774126172805
"105148",5.01397684455334
"66214",5.01278242194783
"68117",5.0123062917645
"225182",5.01225553117704
"108655",5.00534430156548
"223664",5.0026404838744
"15510",5.00168213877692
"66496",5.0012700086108
"69260",4.9997561179019
"75516",4.99690662725199
"53605",4.99646023670712
"212528",4.99409322232325
"12306",4.99322524639944
"72649",4.99258262637839
"67680",4.99246293686682
"224742",4.99161773594509
"71514",4.99086709953318
"76025",4.99058138839834
"14586",4.98726216245948
"55944",4.98716007810691
"66262",4.98672153745857
"379043",4.98598808332862
"56412",4.97900889206274
"20090",4.97541583869081
"67510",4.97498773319908
"381259",4.97465871629011
"71609",4.9722821726233
"77853",4.97202562715262
"104943",4.96911808870936
"70296",4.96698430831119
"66176",4.96592504959048
"55978",4.96381908712065
"67130",4.96158805418988
"217218",4.95971594398686
"70351",4.95762514850037
"18669",4.95480511100884
"16852",4.9528776684969
"641376",4.9495901555748
"19944",4.94874812917508
"17872",4.94730513582566
"27643",4.94524088143407
"228071",4.94417060200792
"67371",4.94359736629563
"72043",4.94116923663474
"14287",4.9388940610072
"21991",4.93734950327662
"14570",4.93713756219745
"15288",4.93266982651261
"226519",4.93181666677167
"432442",4.92154542172108
"19893",4.92128541923743
"56187",4.92114770517849
"100910",4.91845149549458
"20779",4.91794058409447
"69634",4.9154722475619
"15925",4.91378172074744
"15574",4.91319896255204
"18674",4.91278480261807
"69587",4.91200649172328
"238271",4.91167009467248
"110198",4.90910130655003
"329628",4.90820879088142
"26913",4.90791586168092
"55963",4.90743839968821
"18706",4.90720505591219
"12336",4.90678441855089
"223601",4.90664372594908
"17975",4.90357702371131
"66074",4.90335913769815
"72391",4.90271969066235
"245886",4.90270829844128
"66416",4.9002966072229
"11911",4.89685231521263
"18612",4.892602261059
"70316",4.8897544043651
"103743",4.88821663947165
"20586",4.88679368405261
"170643",4.88314949227476
"68142",4.8829442350103
"20913",4.88017753642634
"381990",4.87825955423268
"18004",4.87648221795749
"104252",4.87575517944803
"67468",4.87231921524733
"68052",4.87073435415836
"100273",4.87026672194385
"57783",4.86510105146685
"70225",4.86462934519477
"13537",4.86195209918089
"101867",4.86105228352247
"66220",4.85714399181013
"66617",4.85577362537382
"56526",4.85551382103542
"75406",4.85340452478449
"16656",4.85162596468978
"12337",4.84994208939369
"56420",4.84959502097733
"329154",4.84919416098787
"100952",4.84785032777885
"56200",4.84774251577921
"26419",4.84749359960314
"17913",4.84605690921421
"22122",4.83750903200764
"68742",4.83709521193754
"216877",4.83655884642809
"68045",4.83445286646317
"26922",4.83414250879529
"11600",4.83358852084104
"67155",4.8329321972869
"223626",4.83223334853283
"74196",4.83184608253349
"21961",4.82737479844588
"56795",4.82565122344286
"73132",4.82560850314398
"15107",4.82207834341552
"52665",4.8209343697658
"70796",4.820707826831
"330695",4.81810772780782
"14450",4.81726928229087
"68845",4.81700967277286
"14252",4.81669544815023
"18783",4.8164546260983
"50883",4.81545956558909
"69136",4.81351404530415
"74125",4.81120762607631
"108946",4.80797962674115
"216829",4.80752590213663
"80707",4.80751842665694
"233912",4.8074599106111
"78887",4.80711178393231
"625530",4.80619257352581
"22685",4.80451841052288
"24086",4.80336317007229
"242050",4.80334094210585
"98956",4.80214519834163
"269470",4.79863414159735
"217169",4.79834115894374
"19763",4.79275359727315
"67455",4.78667077428546
"234384",4.78537666230618
"20498",4.7797170610233
"15485",4.77930356995729
"74375",4.77822847848527
"110611",4.77691267783171
"56531",4.77690858312056
"57869",4.77675381459413
"56503",4.77603162594322
"108755",4.77590300348176
"20677",4.77585649459789
"28126",4.77401576964804
"29819",4.77122192301797
"70237",4.77039474312072
"60533",4.76519387631688
"11881",4.76347681512463
"102058",4.76242123631925
"74392",4.759781655486
"78928",4.75855649260088
"60315",4.75233817291612
"77862",4.74997125863357
"23938",4.74784912710618
"21813",4.74757634689794
"66695",4.74661836626546
"235611",4.74216016470502
"15015",4.74212562061741
"629378",4.74077846359522
"72831",4.73534232698349
"241447",4.73483576514646
"66388",4.73453710248107
"18105",4.73375340956941
"67711",4.73024968511776
"66873",4.72954837964863
"13371",4.72839288666476
"432508",4.72742780788089
"66196",4.72440939007036
"223332",4.72401706384559
"66847",4.72334787824287
"13797",4.72137024314992
"56045",4.72069897064479
"17281",4.71942833571784
"71970",4.71804680244301
"319513",4.71785297992348
"66489",4.71775455068318
"21942",4.71540266322639
"68992",4.71284591353821
"103213",4.70967247946228
"14630",4.70888477565108
"72121",4.70876825266221
"66445",4.70576232673408
"11350",4.70276277045831
"217140",4.70159355725286
"23888",4.69340739728444
"239706",4.69265248479593
"53415",4.69140884561697
"52588",4.69114905305099
"20602",4.69051615156969
"56369",4.69047843232993
"319945",4.68787305982145
"66821",4.67687754454359
"56384",4.67655169255547
"320633",4.67654957361174
"94227",4.67647627931089
"93732",4.67503853652704
"17350",4.67468845880753
"20116",4.67238898325952
"58245",4.67154353119805
"69923",4.66222707830925
"15227",4.65775370768884
"380921",4.65550732909559
"68038",4.65370058960715
"66085",4.65237686397232
"20821",4.64860109614035
"66536",4.64798644322471
"74117",4.64605449727656
"19364",4.64595218377046
"208440",4.64581474510863
"70359",4.6455581661165
"319370",4.64464461265739
"234664",4.64188883510259
"211253",4.64106947594155
"69656",4.64015899682287
"68556",4.63798121917177
"20382",4.63756403165761
"207592",4.63680487795181
"80914",4.63508678187322
"66408",4.63453950494001
"227743",4.63208668831692
"382207",4.63123135889605
"69672",4.62645191632225
"15476",4.62557553636911
"76580",4.62020982675364
"67731",4.61505525000997
"54607",4.6133802130854
"54161",4.61237577312892
"16563",4.6122970830014
"320528",4.60825461132117
"237222",4.60791665759421
"22619",4.60777375042077
"53607",4.60082758319777
"382038",4.59998347422673
"21767",4.59851628965174
"22248",4.59641367589994
"93679",4.59406704668928
"227333",4.5918720494447
"394435",4.58960711525386
"14672",4.58895858984577
"65105",4.58846281559873
"100041546",4.58731872762639
"78304",4.585379987526
"68209",4.58348586600626
"76273",4.57827724844458
"12608",4.57792695662604
"13078",4.57520327750514
"66988",4.5716781063619
"69156",4.56635260456779
"69863",4.56455254180521
"75717",4.5620446789947
"72749",4.56126941182912
"73836",4.56117267030153
"67582",4.55854022958557
"67726",4.55838573754519
"16912",4.55679814387636
"66530",4.55455299632133
"71982",4.55354291443183
"67111",4.55230295166813
"319901",4.55131933318586
"12798",4.54864562903454
"59040",4.54850478654594
"69666",4.54826327119321
"57905",4.54587244359349
"259300",4.54541562543471
"227612",4.54523505887583
"67388",4.5448252606096
"75734",4.54477112905916
"76459",4.54446494871377
"23959",4.54286585895758
"228889",4.54116383595636
"102607",4.53884183294956
"69724",4.53815312374642
"20024",4.53029368953172
"15976",4.52742749999419
"231672",4.52731013598937
"353156",4.52605639060168
"58521",4.52601625411684
"78323",4.52050373022355
"50915",4.51949842795273
"12709",4.51916372484155
"50706",4.51817974021121
"67161",4.51705815830608
"16568",4.51530185380551
"231571",4.51387529682419
"16558",4.51362943807454
"102462",4.51288063953447
"53867",4.51111498671575
"19982",4.50975698502424
"382571",4.50369581167338
"69151",4.49833271344243
"20104",4.49823493997519
"14633",4.4912118798231
"98828",4.48902843579302
"212986",4.48551592171235
"218335",4.48492084346749
"75805",4.48332512175335
"14051",4.48295642407866
"51810",4.48270378903249
"213556",4.48261860490388
"70527",4.48084566856975
"59041",4.47990814452565
"68034",4.47526804747048
"18477",4.4745760456429
"74185",4.47437201559854
"20250",4.47078827067339
"11758",4.4706317344596
"114643",4.46977787723076
"19223",4.46926933312315
"18570",4.46715654967011
"18709",4.46417952648971
"14114",4.46213465322819
"15551",4.46201135119076
"16818",4.45697326134353
"381760",4.4547144029635
"18938",4.45464904157228
"12540",4.45435592300196
"67097",4.45267675915153
"16881",4.45161770270495
"11750",4.45159511497181
"19167",4.45056614524344
"12814",4.44493887938129
"11303",4.44470341156741
"208211",4.44112645183693
"211651",4.4387705401444
"230767",4.42829310887519
"236900",4.4282323130445
"74388",4.42751483033564
"67561",4.42699642806599
"68910",4.42581804499907
"14281",4.42460254128163
"216136",4.42330274524063
"107071",4.42202866855477
"67054",4.42138391666544
"216443",4.41949223038442
"66552",4.41772803994738
"75812",4.41634014441153
"100502825",4.4161919421083
"15437",4.41244618733627
"320840",4.41187981353958
"226251",4.40361645858258
"14199",4.40347663810554
"237107",4.4030117770452
"208366",4.39959014215133
"14688",4.39850630577528
"68667",4.39599722888826
"28071",4.38982988590568
"107732",4.38722788201925
"240396",4.38416279582197
"66126",4.38380114634341
"69256",4.38029607748409
"50790",4.37992477993613
"72047",4.37876451347989
"11609",4.37863069120349
"109079",4.37675539778891
"69459",4.37348947924245
"21379",4.37297746132965
"229731",4.36803321314841
"67689",4.3675815788816
"94062",4.36676146503387
"57435",4.36394958546921
"70381",4.36206362002841
"17237",4.36056487486491
"11490",4.36031646548426
"12400",4.36003470302743
"16188",4.35985989728595
"73828",4.35914910228865
"114896",4.35743039951208
"226751",4.3573416193059
"226548",4.35523796068335
"217351",4.3540180771389
"58875",4.35125189078552
"320394",4.35095740377634
"103806",4.35020966236448
"216766",4.34843622302154
"227334",4.34624540390859
"22427",4.34185175974282
"56468",4.3415228959204
"26400",4.34034822913708
"76156",4.33927542558048
"17122",4.33531801867591
"243912",4.3342937631053
"20588",4.33416584428976
"64075",4.33099963150891
"110809",4.32555209147622
"67369",4.32332076536093
"75565",4.32321212764289
"381633",4.32147526822837
"223433",4.3211881379552
"68137",4.32009462819784
"18671",4.31467562416014
"70750",4.31444599886028
"27410",4.30951460652503
"211914",4.30872184152437
"66865",4.30744624013714
"53871",4.30634858129138
"227753",4.306346547639
"67211",4.3042676757312
"74319",4.29859893376717
"94184",4.29802115121791
"56717",4.29503115892089
"56494",4.29039234140283
"66242",4.28759520011181
"15373",4.28697333145969
"66768",4.28242792760598
"623121",4.27853779742142
"52033",4.27657051111351
"77634",4.27613893368907
"14137",4.27271827982927
"320191",4.272045853679
"17210",4.27149098357766
"69573",4.27119974331083
"24064",4.2708461900016
"21333",4.26918028418365
"59005",4.26670596526954
"223722",4.2665842604912
"212632",4.2659404759928
"74778",4.26552731121376
"64213",4.26365347619764
"109674",4.26136575413364
"216860",4.2611670604
"15251",4.2601537766284
"69538",4.25811635120038
"105827",4.25579867138481
"71785",4.2540152187385
"219257",4.25312929474593
"67856",4.25287455529352
"22325",4.25065935295129
"14863",4.24893024743767
"68631",4.24802466291244
"225027",4.2467888513223
"18738",4.23914233714747
"28042",4.2373843514558
"14345",4.23644924995626
"12005",4.23587103171995
"229003",4.23570050192681
"21678",4.23503495656036
"68294",4.23238120802707
"69080",4.23051298484613
"67168",4.2294530677012
"207792",4.22868471265602
"666048",4.22727045620471
"104458",4.22542800015916
"14085",4.22361779805769
"22294",4.22308433907734
"13434",4.2213008181598
"654824",4.21978338897236
"71835",4.21771001213297
"93687",4.21586163049654
"225875",4.21547867614345
"67212",4.21191702272044
"104027",4.21086461419033
"15975",4.21065339079068
"207181",4.20539474038039
"67902",4.20270061098489
"67724",4.20045091788186
"218461",4.19869617032186
"15183",4.19861702332608
"229228",4.19578513226398
"66979",4.19329414556188
"68644",4.19223039022443
"272551",4.19029713633695
"211922",4.18786322027001
"66795",4.18682468993602
"65967",4.18605315027112
"11615",4.18163920323694
"27059",4.18157063905948
"16527",4.18149681011035
"76915",4.17867475711711
"13865",4.17657109778603
"76826",4.17504010559812
"68729",4.17384478743988
"387524",4.17299981684658
"11717",4.1707489714843
"66155",4.16932301569714
"71745",4.16874642282383
"18203",4.16659614351113
"69106",4.16365658954365
"63913",4.16346366818535
"11541",4.16000177853713
"66682",4.15993722411877
"66661",4.1559203553182
"218756",4.15547678484573
"106489",4.15490382562923
"54324",4.15194065181457
"12892",4.15122406017061
"65107",4.15103646671749
"13191",4.14964760819502
"14696",4.14893381340211
"53861",4.14495133864166
"14083",4.1439667923216
"50755",4.14347691104756
"225849",4.1421827952134
"11838",4.13883147847028
"21453",4.13778664648962
"118451",4.13617465144692
"11484",4.13319365511784
"259302",4.13236276100357
"213350",4.13166448490331
"19299",4.13060120263217
"16599",4.12919792197756
"14042",4.12724910258908
"104184",4.12529878057984
"12479",4.12427958674668
"20606",4.12329127930354
"54401",4.12222321046105
"235527",4.12214426642745
"109115",4.11558832708387
"330890",4.11445228612757
"66508",4.11287328881676
"71726",4.11285702525554
"14569",4.1080698006214
"240174",4.10651623967318
"107271",4.10366413027285
"110948",4.10254179265224
"67210",4.10113789016021
"239555",4.10083183670691
"50907",4.10050994364959
"214498",4.10006508373852
"100503890",4.099731577286
"109700",4.09872965680849
"208884",4.09851468231665
"72667",4.09826775532343
"66913",4.09804951676576
"13929",4.09763288422331
"19173",4.09660055691481
"19720",4.09301842751278
"230125",4.09200313736452
"74411",4.09179281827313
"72344",4.09170997145948
"11465",4.08942472845038
"70325",4.08900659439722
"83669",4.08739659766769
"72096",4.08689330327031
"71373",4.08633348775423
"68268",4.08486799505514
"11746",4.07969745872304
"100043133",4.07811950677223
"64436",4.07780390055282
"219189",4.07518421567073
"93893",4.07458428997331
"14802",4.07260100419795
"212996",4.0715189962402
"70549",4.06989821710979
"66174",4.06864173650446
"98496",4.06824504744131
"22121",4.06572623481888
"59021",4.06571125943063
"68744",4.06411496473202
"24083",4.06124484443841
"52666",4.0601662023874
"21754",4.05966673093193
"78767",4.05171361706577
"73723",4.05013388118864
"16826",4.04963524076226
"19249",4.04890029479775
"23955",4.04403076164466
"14360",4.0429747764495
"67980",4.03794863093105
"111175",4.03789675934903
"12452",4.03191749884873
"53858",4.02721160089863
"243653",4.02702250688355
"15939",4.02686327362316
"268395",4.0264878318659
"230979",4.02502138122576
"329910",4.02220311690058
"16582",4.01788160884758
"67089",4.01758215921189
"19054",4.01454097206323
"331026",4.01409506008603
"55942",4.01382697122877
"12465",4.01266136375009
"12729",4.01059862326536
"70799",4.00939982320134
"21672",4.00906049584142
"20167",4.00793190027438
"75530",4.00773007726527
"66079",4.00198844996407
"230484",3.99738763706879
"67006",3.99730653218326
"170461",3.99630329586285
"52717",3.99621650350598
"268490",3.99287121048116
"74035",3.99169262482849
"57279",3.99013796219412
"70445",3.99001386871682
"71664",3.98990233278038
"56873",3.98891751464848
"224170",3.9888720316972
"14706",3.98881277298684
"414872",3.98724658596642
"52430",3.98706851238919
"26450",3.98570478655483
"233781",3.98391460671047
"211488",3.9792005402308
"76411",3.97854703811167
"69367",3.97794254796288
"18242",3.97588503528514
"77219",3.97445391822218
"29807",3.97281758726764
"27878",3.97274694716526
"54351",3.96991509919397
"66656",3.96670472452639
"237403",3.9663496041392
"12580",3.96372452012003
"69009",3.95961374906963
"53416",3.95932032045003
"110651",3.95450631456999
"99696",3.95334722989603
"667803",3.95291849980797
"22253",3.9469582816351
"77805",3.94694145973287
"12905",3.9427578084784
"75273",3.9424990269927
"26968",3.94147700189003
"66361",3.93941210126359
"11886",3.93938088572772
"19943",3.9339902818131
"71916",3.93362359890936
"266781",3.93331405107059
"19951",3.93230401434302
"14163",3.92997751861735
"68194",3.92684661746835
"214917",3.92575708486592
"109163",3.92433044801892
"208628",3.92350498268409
"67295",3.92170109487538
"103694",3.91807760745045
"56389",3.91748092080381
"69608",3.91736772080896
"12177",3.91545038057538
"272359",3.9150577241526
"67270",3.91365169168722
"69982",3.91173073483118
"20448",3.91125904674625
"231430",3.90910766019709
"17121",3.9078636181895
"330817",3.90390385725725
"69906",3.90172731707227
"238455",3.90169495837627
"270802",3.90156459837423
"54633",3.90024919249099
"75420",3.89748397697343
"22025",3.89652020535943
"14055",3.89596471934844
"70827",3.89492622608966
"72662",3.89447242536581
"235587",3.89403238070661
"276852",3.8933739180758
"69010",3.89307784942072
"57912",3.89271985376775
"71718",3.88921265361442
"232187",3.88682504465488
"16180",3.88518628660148
"26914",3.88448584804359
"14775",3.88308661680712
"70484",3.88146008883279
"14299",3.8811878026126
"66541",3.8804605963851
"98710",3.87984277322925
"11839",3.87976529111642
"56437",3.87627654226493
"22160",3.87414590731459
"98258",3.87303319973316
"110816",3.87276154222799
"239099",3.8713785557747
"21944",3.87059815064151
"17389",3.86934731679157
"64009",3.86857996502979
"69168",3.86675500563812
"85305",3.86576257835334
"67013",3.86537878629674
"18685",3.86286588393652
"66249",3.86240284037952
"83922",3.857923291579
"19125",3.85491365738714
"16416",3.85485357760142
"16189",3.8512697369962
"68349",3.84701922267344
"13056",3.84642617329374
"110606",3.84642528426811
"21788",3.84327976811216
"108888",3.84211783944587
"245867",3.84060137503043
"329659",3.84015628086614
"243813",3.83984620143824
"80879",3.83734011693333
"13479",3.83733295451481
"22200",3.8362463746707
"213233",3.83622749523241
"239528",3.83451537681535
"192970",3.83047582073432
"74552",3.82935095377817
"140481",3.8293502841712
"320487",3.82733539143256
"22032",3.82629981294372
"67290",3.8256355606059
"108689",3.82287985557812
"74580",3.82141880242498
"18596",3.82107281933317
"215085",3.81851894505979
"101604",3.8183711995083
"212123",3.81707310542797
"56318",3.81571643736884
"12793",3.81545838561863
"52653",3.81524696135561
"224023",3.81489819223712
"67903",3.80947127398377
"353242",3.80578045283459
"94216",3.80461775591737
"68347",3.80060821874174
"216292",3.79795343363729
"68177",3.79702884370626
"73703",3.79428755553765
"18196",3.79235350779369
"67188",3.79179394130249
"66653",3.79129828504247
"22433",3.79129486269494
"68857",3.78667960515552
"15983",3.78483965303194
"107197",3.78480060215388
"211798",3.78379623367292
"243529",3.78148389094074
"66179",3.78042567834465
"67126",3.78029562350279
"69163",3.77911755616197
"246154",3.77856804968718
"26365",3.7753619889894
"22017",3.77482338274557
"27406",3.77463061690811
"71914",3.77158465180953
"14173",3.76913711371835
"94254",3.76578741426464
"50783",3.76392168644076
"19342",3.76383400871318
"13806",3.75832203650754
"12995",3.75822366958153
"66787",3.7574676653046
"17308",3.75640842887226
"20410",3.755662431259
"18844",3.75526534826591
"14387",3.75435704878455
"17535",3.75415211210026
"76088",3.75078259890295
"59022",3.74923996803888
"68521",3.74906146449113
"22129",3.74861148864606
"67414",3.74769736692666
"12497",3.74747313278832
"57320",3.7453200636616
"19252",3.74371575671924
"14964",3.74292540979393
"68044",3.74239158177241
"209039",3.74111596199663
"227682",3.740307884066
"19671",3.73981460296068
"12896",3.73920772979276
"71805",3.73622091222462
"21982",3.73589742746215
"380863",3.72959465099181
"142688",3.72680545666927
"235132",3.72398107815915
"13609",3.71942625154087
"76108",3.71811815444771
"14057",3.71800724887117
"102626",3.71757727608774
"59010",3.71505058396595
"14462",3.71392611339517
"217031",3.71307523569286
"207318",3.71264664420705
"17222",3.70777710667519
"239408",3.70509838300608
"69903",3.70477796456893
"71584",3.70101241215334
"209446",3.70091233050146
"75894",3.69801818820338
"12156",3.69800313581875
"72567",3.69544934416233
"317677",3.69539179915175
"20269",3.69301207413035
"380702",3.69273906371179
"320452",3.69095675136356
"170823",3.69093581519396
"69216",3.68950002753622
"18230",3.6853234675144
"13654",3.68502198452516
"66449",3.68458164259747
"116905",3.68271549352791
"14241",3.68147472629585
"240869",3.67900414268236
"56057",3.67679853803536
"14266",3.67611759161503
"12091",3.67204872902593
"232371",3.66943334511666
"226422",3.66608634063334
"54519",3.66531791938583
"69104",3.66464248826764
"381110",3.66372425412919
"75747",3.66146904192567
"50780",3.65787619551425
"241274",3.65565799701147
"244654",3.65360258932358
"103850",3.65221563707293
"74450",3.65200066366392
"50786",3.64475810121404
"106582",3.64398056352106
"67046",3.64386699325949
"21357",3.64168233263724
"110829",3.64040357359581
"13386",3.6397263425393
"72726",3.63939756135584
"218885",3.63742382145508
"67429",3.63617563303562
"53376",3.63567128613298
"83797",3.63487517315335
"69745",3.63241556882775
"107375",3.62957825371143
"54004",3.62952318125779
"213006",3.62581609162352
"76137",3.62569101400486
"67674",3.62378372757181
"621823",3.62317095785822
"29806",3.62306974610181
"69028",3.62261599559491
"19248",3.62200954669269
"380686",3.62197495281596
"28106",3.62037910007884
"13824",3.61920898950961
"396184",3.61709036722184
"16875",3.61672332164223
"68626",3.61606653546505
"67048",3.61504003739858
"109093",3.61395349317254
"114674",3.61346934674081
"214063",3.61314015359357
"67128",3.61263828422649
"18383",3.61193673309683
"353502",3.61155605512636
"16439",3.61007536845243
"29805",3.60974128524842
"71790",3.60921209801467
"545384",3.60774875750513
"20084",3.60383835225613
"66233",3.60302727390738
"12703",3.60069356242608
"66771",3.60068153507184
"98488",3.60047279321858
"56150",3.60039468668435
"214585",3.60003853952124
"107823",3.59973398090932
"68431",3.59850003034648
"319266",3.59576107240115
"26965",3.59498465937151
"100503670",3.59486043186621
"14423",3.59387654304244
"207212",3.5924197011377
"12370",3.59175227826237
"20304",3.59128247132923
"12406",3.58765239306858
"224139",3.58654292590011
"74521",3.5857186839455
"232440",3.57776240310932
"381678",3.57576423306797
"101095",3.57411330359353
"66894",3.57376352914807
"76306",3.57354359105357
"21930",3.5716767794821
"67705",3.57124655443002
"228812",3.57045113295656
"319710",3.56778725159054
"23853",3.56525287809765
"18803",3.56472696529144
"74616",3.5638803448175
"66520",3.56020683739091
"105670",3.55958592289816
"69597",3.55752347107936
"109129",3.55654283450096
"72612",3.55511857340555
"11474",3.55443402704805
"52915",3.55433317406646
"77619",3.55367326248349
"66902",3.55358679004342
"213550",3.55127990054947
"66048",3.55115486569324
"66548",3.5505971532915
"56047",3.55037766210323
"78893",3.55015156425614
"53860",3.54733120432564
"54563",3.5470221119154
"93757",3.54580387089405
"54721",3.54505414894278
"110959",3.54432883838207
"93880",3.54324039579431
"12759",3.543109615159
"66290",3.54290628991019
"216616",3.54247331183042
"207175",3.54180961327647
"26874",3.54171113048841
"13175",3.54167678444422
"12494",3.53878749025536
"28064",3.53545314542161
"338363",3.5337573146547
"97541",3.53257552532513
"67120",3.53135533181579
"66980",3.53088637012194
"68240",3.52986825604376
"68550",3.5280059952621
"51869",3.52783667388372
"74211",3.52239402208689
"16452",3.51985959019797
"240263",3.51917416777617
"59031",3.51887064834101
"230103",3.51867375325423
"237759",3.51799555277535
"74237",3.51654726874992
"21841",3.51579136886369
"74192",3.5132884784064
"108767",3.51325371690241
"231327",3.50568049810009
"380967",3.50431723225689
"15361",3.50396414952464
"620913",3.50384336105381
"105428",3.5034682487307
"216873",3.50279180819432
"11548",3.50199182974121
"13804",3.49556345631835
"223828",3.49421773820445
"233490",3.49117690877855
"59125",3.49117046222859
"67426",3.48859887922487
"76709",3.48730906686241
"114893",3.48684235993585
"73852",3.48647074336704
"20480",3.48624416543144
"107686",3.48598680237494
"72789",3.48571295263222
"11857",3.48533359138853
"23936",3.48431191640538
"110094",3.48376451718479
"110826",3.48337186019346
"98221",3.48322900815406
"70691",3.48071765171662
"27225",3.47847105217
"14265",3.47776580904333
"14788",3.4768344338767
"21406",3.47488049147501
"56095",3.47452711671926
"67727",3.47357534298801
"210105",3.4728254118828
"57444",3.47256897293466
"74245",3.47251147370555
"75617",3.47161933307682
"68465",3.47132226696543
"67883",3.47118163115094
"232286",3.46972269601189
"53611",3.46829142633466
"17395",3.46640564724086
"56449",3.4653509443968
"67888",3.46417870092014
"106583",3.4638540799067
"67025",3.46223570642529
"52466",3.46050778979257
"65257",3.45897335588534
"66970",3.45632190719273
"70556",3.45495813404432
"16777",3.4549346929015
"66734",3.45313568981716
"19043",3.45252477494666
"22235",3.45114793599142
"76357",3.45074599307189
"67397",3.44953188004368
"76612",3.44914821803097
"319455",3.44452355977753
"19044",3.44394770338263
"74116",3.44298719869361
"57778",3.43927835630611
"109077",3.43870554852448
"320209",3.43743179063796
"209012",3.43673196658261
"67163",3.4361744685849
"108811",3.43326389403475
"71673",3.43263942052445
"12831",3.43247644902809
"108797",3.43207195850344
"80911",3.42758872600882
"66881",3.4268219137314
"16193",3.42601956668241
"194744",3.42596744153115
"14049",3.42527054695138
"239405",3.42474204646508
"17463",3.42079532988581
"211586",3.41813051983272
"14910",3.41624321417156
"105244208",3.4152122940398
"14425",3.41362122378948
"18207",3.41302557339818
"93692",3.4127015498974
"110417",3.41073422618425
"51944",3.40998477584948
"70348",3.40739467127681
"73827",3.40672506873581
"83945",3.40512932130891
"104662",3.40346161499432
"24128",3.40314878651255
"66254",3.40068387498189
"66556",3.40034311346571
"76485",3.4003295808738
"76890",3.3996659259236
"30877",3.39930139832539
"67899",3.39904798886952
"68865",3.39872874730168
"67877",3.39840774496674
"20479",3.39608755621094
"219249",3.39551082974542
"20723",3.3946369523455
"21803",3.39343392797749
"72053",3.39339352491404
"66172",3.39319861265556
"53627",3.3916231993086
"67383",3.39071476871181
"331487",3.38772734118164
"20392",3.38711271429539
"24063",3.38705588698793
"237823",3.38652106954643
"81003",3.38550000023721
"56088",3.38424149644597
"64602",3.38326389043132
"68995",3.37728941302955
"57377",3.37700328697695
"217125",3.37665315662183
"56322",3.37498548141094
"66492",3.37371812911666
"72504",3.37309469223373
"74754",3.37294944924401
"72108",3.37235474195979
"67880",3.37108830587293
"75570",3.36941465849602
"12395",3.36857526865284
"208518",3.36786062397593
"76784",3.36784094850664
"140482",3.3660045873524
"110876",3.36559173988575
"16151",3.36328465706278
"78929",3.36041861701632
"19262",3.35843736210175
"12847",3.35799333116708
"17769",3.35743567715938
"13617",3.35657699954655
"66480",3.35580506748366
"66230",3.35573388071877
"69786",3.35390239190518
"64209",3.35043004405174
"67149",3.34939337696661
"28113",3.34764082440355
"71778",3.34744479291589
"72167",3.34735115080202
"70047",3.34696705490754
"75847",3.34181297753222
"217331",3.34142588185288
"216551",3.33974212428008
"108167848",3.33359726381756
"13618",3.33339108612128
"208144",3.33240739980439
"18099",3.32886520179447
"52592",3.32434106960673
"228140",3.3242832049045
"227095",3.3237701729113
"226778",3.32044710904073
"67556",3.31962819402509
"83383",3.31933704971845
"28253",3.31913107859832
"18633",3.3189580409415
"74030",3.31837002934838
"330323",3.31755272036665
"20955",3.31647231477468
"67839",3.31598609666802
"114713",3.31514602517508
"14302",3.31263443754394
"27206",3.31193078330405
"68877",3.31189074620752
"19698",3.31140257197599
"66713",3.31036409039918
"17274",3.3076768153375
"229211",3.30719092145495
"72512",3.30648133003913
"56279",3.30516611267494
"232946",3.30422339536056
"66839",3.3030884773895
"14674",3.30248950113899
"228061",3.3001849357117
"20350",3.2962207741274
"240880",3.29603374393159
"67621",3.29540323823837
"213945",3.29385169657327
"53312",3.29377477979127
"319535",3.29250877064257
"212508",3.28831641909763
"83409",3.28732106020091
"23790",3.28565697650526
"14702",3.28403745625624
"13345",3.28321570312018
"20930",3.28260567499508
"73652",3.28237869229973
"30934",3.27945669523821
"16897",3.27914558441293
"56442",3.27891297730196
"234582",3.27730141289411
"74252",3.2741292803379
"15904",3.27383509441336
"104318",3.2696419854707
"76429",3.26807425931629
"83921",3.26578116669485
"14865",3.26546493481282
"67138",3.26487809764038
"214579",3.26363386801629
"171212",3.26300233644848
"72805",3.26117862028645
"18824",3.25935030914853
"22630",3.25516915926755
"19935",3.25400052642365
"225358",3.25250441697237
"12034",3.25223653378401
"20130",3.25174504134539
"218100",3.25024722238988
"233913",3.25004578517661
"21679",3.24798252843022
"66448",3.24773340969818
"72656",3.24636487031591
"71330",3.24566045160638
"70797",3.24344888913502
"75705",3.24327689092359
"235402",3.24298557563666
"74469",3.24266125830242
"214084",3.24217607971991
"140721",3.23842043420019
"13819",3.23506259918513
"330836",3.23474158823237
"213673",3.23245850793721
"213783",3.23239103427553
"71707",3.23007400600279
"72194",3.22828747179109
"72297",3.22645802226438
"18797",3.22606072648218
"27395",3.22455127852377
"99889",3.22208761124984
"328365",3.22015364191592
"52635",3.21935317297672
"109161",3.21840848770462
"319581",3.21689930840732
"19385",3.21634806637812
"56550",3.21625098402557
"22228",3.21502800708432
"11671",3.20964905712449
"66105",3.20935221543288
"68099",3.20842436460074
"71941",3.20808371462684
"234577",3.20755671952209
"19255",3.20502248478186
"442801",3.2049051762755
"22022",3.20345097033063
"22193",3.20321129318361
"56448",3.20280196185996
"15932",3.20129208752231
"18023",3.19950321970933
"93886",3.19906500820713
"19942",3.19767071071057
"241494",3.19449449822588
"14430",3.19349710167061
"68730",3.19342086044291
"70082",3.19261199872231
"66964",3.18950412201321
"70804",3.18819120825102
"13649",3.18599821828197
"17330",3.18365073989776
"56784",3.18253763830014
"233895",3.18102467990153
"319613",3.18068436140095
"15165",3.17786350300864
"93885",3.17624634913621
"20437",3.17319778232754
"245527",3.17034413891857
"74330",3.16898503123665
"69310",3.16834640164905
"67664",3.16711087205822
"14792",3.1659689132419
"53356",3.16571632890526
"13885",3.16564429783921
"52829",3.16535369144886
"15531",3.16336890706364
"26611",3.16105344865405
"353204",3.15960076874793
"27277",3.1585584473253
"67456",3.15738617428791
"20353",3.15608588599258
"73916",3.15602226629488
"71984",3.15464861273568
"30791",3.15453391875291
"76980",3.15326129804463
"328977",3.15238086573366
"75763",3.15173177822427
"70511",3.15090387902163
"66277",3.14946654675613
"101358",3.14906483768671
"66929",3.14859214689481
"66422",3.14701708272771
"16633",3.14607098153275
"75292",3.14601537126685
"68510",3.14557814776104
"347722",3.14546532486534
"23980",3.14543047211827
"13803",3.14481537272463
"239217",3.14401678019777
"235043",3.14226680754168
"67199",3.14217881981088
"18771",3.14202092758394
"75785",3.14160748966774
"26414",3.14138511753506
"14533",3.14064628788594
"83396",3.13956380471438
"20334",3.13771164866602
"246179",3.13748647377043
"18412",3.1372281135343
"76192",3.13597017818828
"57438",3.13187185628441
"229663",3.12857870703823
"22402",3.1279810749745
"26399",3.12773409899576
"101320",3.12046728803627
"60409",3.116524101797
"53872",3.1163504829212
"233726",3.11554740693186
"75965",3.11389494237212
"72522",3.11197802222331
"215653",3.10984455262657
"11773",3.10906538048317
"56274",3.10876577880277
"320078",3.10715391171876
"243371",3.10676105312368
"320712",3.10495944280387
"53420",3.10415948857345
"66815",3.10320591485176
"66743",3.10037814389139
"72326",3.0983775538967
"229357",3.09712886368754
"100163",3.09693094304696
"14999",3.09663732632111
"17174",3.09556064199594
"56358",3.0949508017108
"11757",3.09255857497888
"216858",3.09251415332417
"70382",3.08873801197579
"55991",3.08846101778744
"433813",3.08755746778286
"238505",3.08511983381548
"72462",3.08511260055109
"50529",3.08218915423319
"14593",3.08117234930901
"664969",3.0797276468259
"12296",3.07836817269992
"12626",3.07747923214131
"240505",3.07572252673647
"381802",3.07522542728619
"27057",3.07320515506074
"13132",3.07074258667165
"109232",3.06936765855084
"53857",3.06860212980875
"18100",3.06837495191746
"18854",3.06685204332159
"11593",3.05967387070969
"66910",3.05752536270781
"110175",3.0565521067033
"51797",3.05509915623275
"380959",3.05306178135343
"70083",3.05169367364232
"229644",3.05122024492495
"11534",3.05052723474599
"224090",3.05020966650639
"53421",3.05010922409976
"76877",3.05000242547393
"70209",3.04286605691187
"21648",3.04219522308118
"26894",3.03989256536194
"54601",3.03619800176223
"16432",3.03578258606146
"18679",3.03419914210298
"69470",3.03405130634051
"55981",3.03112679666856
"100715",3.03041235365673
"210582",3.02825698316308
"109275",3.02808599413982
"68607",3.02732657589578
"667823",3.02611509041389
"12190",3.0236379320004
"79196",3.02277952773874
"69662",3.02206423734807
"277939",3.02139675582586
"66258",3.02050584449005
"67824",3.01852459303717
"66098",3.01655656505991
"67242",3.01654867463841
"229512",3.0158866849968
"212326",3.01508457065715
"68051",3.01370878731925
"328092",3.01308042423074
"11489",3.0111188515759
"77613",3.01079219015778
"232827",3.00882004021581
"78284",3.00601291843523
"231549",3.00575245700043
"225651",3.00517598642371
"67920",3.00241037894813
"192170",3.00235113831293
"17319",3.00060547311604
"66291",3.00058056353336
"76863",3.00008385564918
"102308570",2.99984819030549
"14380",2.99623377269729
"15481",2.99523827282658
"22384",2.99368071229071
"15220",2.99354405891559
"13653",2.99238899741663
"72823",2.99070829963686
"280411",2.98666819220136
"14190",2.98626723439326
"15572",2.98614665348264
"212898",2.98603386875364
"216560",2.98491378969213
"17342",2.98400236034092
"11749",2.98156242736525
"21817",2.97769978388939
"66391",2.97729218575282
"17220",2.97495161762736
"12539",2.97454146037836
"327900",2.97238468685329
"15463",2.97161534512959
"192292",2.97009495274776
"79201",2.96991510652841
"76687",2.9695657913132
"66830",2.9691510374193
"18201",2.9686299938291
"19217",2.96854168966135
"545370",2.96690693873432
"102436",2.96672458124655
"320940",2.96638631642675
"24001",2.96625173263565
"75572",2.96624666659325
"226351",2.96448565256908
"67249",2.95830026979462
"117198",2.95765380726304
"24004",2.95628197914046
"330941",2.95611766240232
"225898",2.95595591343178
"329470",2.95484272339314
"20335",2.95039399032835
"78232",2.94978392736528
"17380",2.9491391114507
"56284",2.9490390779768
"56637",2.9482325811832
"12890",2.94776336326989
"20307",2.94396536681751
"237073",2.94395779702475
"53619",2.94235981377789
"93889",2.93960588316041
"12421",2.93260912614792
"240725",2.9314693671634
"21894",2.93130465063913
"18811",2.93026305099898
"233733",2.92988681781269
"54369",2.92982314533729
"105171",2.92914897826816
"215280",2.92868291810507
"665433",2.92831759359107
"20848",2.92803313951477
"270669",2.92719910397428
"75089",2.92646137414577
"20652",2.92458706517474
"270163",2.92443929848284
"17448",2.92290823518646
"12331",2.92278056564395
"68427",2.92122274661038
"211770",2.91890555704418
"22123",2.91851296575499
"55989",2.91826530357009
"237221",2.91702973234907
"11431",2.91513050240932
"13860",2.91296357961599
"213948",2.91233368245172
"19988",2.91203266569509
"66789",2.91055818454612
"637004",2.91051338456964
"100042880",2.90964146242654
"227683",2.90918554977967
"74427",2.9086642543409
"67608",2.90711181656352
"20115",2.90586240293445
"17191",2.90347175641143
"213211",2.9022283527808
"93790",2.9012854435567
"102791",2.901198166687
"72137",2.89745092880943
"11990",2.8968003086104
"228775",2.89673502794363
"244141",2.89333437227606
"75686",2.89323689500625
"106633",2.89183939926834
"68815",2.89060501555928
"110157",2.89054991447387
"216169",2.89005374414706
"56075",2.88985324328482
"66194",2.88877578369475
"72972",2.88867873435647
"67939",2.88692210835284
"13437",2.88624353964128
"77422",2.88111794322296
"12988",2.87849157302237
"114641",2.87839983814798
"101540",2.87804377668333
"24071",2.87533998664739
"209027",2.87441722913879
"71952",2.86740851583096
"239790",2.8669908516236
"73467",2.86634912882498
"22644",2.86408865698575
"218232",2.86325729754814
"209497",2.86309842480963
"270066",2.86138854835043
"68170",2.85985485309141
"70575",2.85965388080542
"66461",2.85872193942647
"69663",2.85732285481724
"70604",2.85728768833503
"98766",2.85644564476303
"69747",2.8560150221442
"70294",2.85428837234117
"227737",2.85358086600881
"235574",2.85264838200354
"76846",2.85188158139516
"56417",2.8502908515978
"20916",2.84975829747926
"667277",2.84536463568619
"217082",2.84454393615121
"94066",2.8443616350441
"66083",2.84142182308173
"70560",2.84141069065485
"19230",2.84022302618027
"67588",2.84016408916316
"14778",2.84000266857684
"74760",2.83976185475776
"193385",2.83916118634113
"67027",2.8372575624618
"66706",2.83510672584758
"70101",2.83381880415108
"66892",2.83216674054186
"108138",2.83213459514527
"56455",2.83174263159665
"53902",2.83161087705076
"54127",2.82957805588732
"71801",2.82767694714719
"74168",2.8262280460335
"13383",2.82582341929759
"15587",2.82236408178137
"630836",2.82181989671225
"268564",2.82169142157488
"380660",2.82100132031515
"224703",2.82040428865969
"104625",2.81641847403902
"12633",2.81621702442339
"20655",2.81568456822846
"68876",2.81423964760323
"18143",2.81178563549281
"70396",2.81128994298532
"329504",2.80820963519936
"56177",2.80680504615597
"70478",2.8043354407032
"67867",2.80351913575785
"50781",2.80311908399532
"102632403",2.80294732622508
"20747",2.79952537443819
"99311",2.79845318122515
"69553",2.7982283829539
"114663",2.79789968560171
"213541",2.79556434000223
"74772",2.79546371510758
"230917",2.79382845484123
"16978",2.79349215244799
"17948",2.79341701892089
"67488",2.79118021665363
"109934",2.79103140313089
"79459",2.79092834358302
"232337",2.79067833045526
"71929",2.78944113398683
"77252",2.78909051824937
"21676",2.78504007319377
"381629",2.78456098946291
"18632",2.78300348415391
"207806",2.7773559861503
"73158",2.77689765556688
"68385",2.77632793273093
"11821",2.77547343900918
"66441",2.77466217249069
"14202",2.76985527526644
"170750",2.76761305057167
"17314",2.76591671252194
"14470",2.76091701298633
"69113",2.76088560374894
"13019",2.75985781102197
"67053",2.75883948486775
"66377",2.75862655229787
"23972",2.75773338236135
"170748",2.75388543910917
"75033",2.75332392996263
"53610",2.75296723780873
"192169",2.75095314198008
"13448",2.74452224199976
"26462",2.74336015354552
"229096",2.74329546849304
"68732",2.74244443284497
"12040",2.74208352190217
"14791",2.74071388515458
"76332",2.74052896980203
"246257",2.73998820479323
"245865",2.7306332233836
"66439",2.72987816900808
"52392",2.72918505403152
"67326",2.72753238391034
"66302",2.72593209311667
"231659",2.72530187828902
"74365",2.72324386901957
"100504263",2.72296239827338
"69709",2.7165340718093
"338368",2.71624746720593
"241950",2.71472348262206
"17865",2.71468040058691
"18974",2.71158008140292
"227615",2.71117290590249
"233071",2.71074420349114
"12385",2.70947983591597
"234839",2.70885755680942
"14670",2.70781603195744
"56320",2.70543460129251
"22428",2.70131306157678
"66659",2.70086647578363
"20005",2.70002200006812
"320405",2.69855358739676
"18453",2.69686113567604
"26430",2.69215385681921
"140546",2.68680659144275
"217648",2.68580913099722
"76265",2.68575619545
"213027",2.68501202763415
"66251",2.67942951072138
"72459",2.67833010665983
"11744",2.67747130745
"19229",2.67668676150471
"317717",2.67614932469211
"12166",2.67580627102683
"101568",2.67487042890328
"75723",2.67451124653067
"20463",2.67443639790457
"20637",2.67379637461241
"224105",2.67352329936482
"16149",2.67209386891669
"17876",2.6710197460536
"56273",2.66850679305709
"14151",2.66770147826675
"70676",2.66734634213292
"77733",2.66520340994394
"19124",2.6635864151661
"68728",2.66282776794206
"78891",2.66263704349963
"26441",2.65859182937799
"394432",2.6578425679751
"23992",2.65666988111838
"68481",2.65589917053718
"14149",2.65281423671836
"66091",2.65127768144739
"214968",2.6492077993059
"72795",2.64799168615495
"67549",2.64689817114361
"12925",2.64619556824913
"230793",2.64578331598523
"57294",2.64502540064173
"106707",2.64322015684609
"56749",2.64270628830376
"72068",2.64261051656944
"449521",2.64066704858704
"19730",2.6387062832078
"72672",2.6385215640286
"73747",2.63813593612922
"71966",2.63729595705773
"71670",2.63540757521856
"19366",2.63441115818365
"66905",2.63329443307926
"70333",2.63228399500951
"13709",2.63109952792648
"56524",2.62933470362698
"56710",2.6280043129687
"73130",2.62774346193329
"56249",2.62746108638869
"59044",2.62480202665537
"268354",2.62339158070051
"68001",2.62260513046944
"269999",2.62184048952639
"233824",2.62167752279741
"27047",2.62127927381475
"224907",2.62102771624126
"23917",2.62054273381258
"110084",2.62023760506436
"67733",2.61678281016435
"67694",2.61524775696602
"70160",2.61366902423222
"606496",2.61214478563396
"320139",2.612059280689
"210094",2.60841197370955
"69727",2.60506283870742
"235497",2.60364408036278
"208718",2.60168238543498
"108654",2.60132125012029
"102545",2.59977384001292
"20556",2.59834855404705
"51897",2.59754416869705
"213760",2.59731975441139
"210293",2.59678493893443
"230904",2.59677450986827
"74048",2.59533877093348
"72461",2.59023381356282
"73172",2.58923158872268
"19170",2.58762287431018
"77531",2.58586822646035
"217335",2.58355920722407
"232078",2.58289461157439
"494468",2.58163369186995
"67441",2.58094082489419
"223723",2.57926293184328
"68346",2.5776612930152
"14231",2.57745427574527
"76775",2.57540926776786
"228866",2.57284408798872
"70247",2.57239200570758
"98404",2.57001124662089
"101206",2.56990899937353
"13200",2.5680538626395
"408022",2.56794397078676
"101476",2.56667619669223
"93873",2.56229815736715
"72355",2.56086437926482
"631304",2.5597147742636
"223978",2.55932745006756
"102638448",2.55910469355499
"100463512",2.55815758743764
"80718",2.55749676319192
"100929",2.55595662379903
"16414",2.55539681731089
"72193",2.55385542810741
"66272",2.55243559172956
"70419",2.5514785662765
"97212",2.55094066695759
"232414",2.55081993341919
"15160",2.55044516057563
"68276",2.54957951836197
"244595",2.54914089778717
"270151",2.54913548286269
"12830",2.54724312138192
"435684",2.54613659149102
"76889",2.54604103420674
"66191",2.54599571813981
"16201",2.54397430729638
"78294",2.54353623290243
"77766",2.54192225620847
"246221",2.54131216378593
"209318",2.54021447922149
"225362",2.54000540721062
"14020",2.53983719144546
"66887",2.5396026838866
"108150",2.5392735115226
"22441",2.53859488428099
"70285",2.53777982372456
"66154",2.53756906253802
"71147",2.53615421171297
"73681",2.5348191399546
"224697",2.53476354737384
"215243",2.53431764930723
"213753",2.52969565486871
"17991",2.52958512662494
"100608",2.52725407733301
"94218",2.52680815416578
"66948",2.52663009443901
"11761",2.52529191690351
"67204",2.52496881631681
"378462",2.52384475895773
"76074",2.52345593855332
"195208",2.52237745827844
"12934",2.51796250983775
"229801",2.51329393036746
"54525",2.51070968824357
"433182",2.50661054112283
"20462",2.50562954612197
"224481",2.50484299040456
"74254",2.50433930538113
"215789",2.50301639053881
"14235",2.50099845441477
"12686",2.4989912427112
"93875",2.4969096541683
"67998",2.49641392104426
"77569",2.49579746476794
"21766",2.49566432395294
"229877",2.49562062292237
"15245",2.49453046589288
"75422",2.49440470058417
"230587",2.49298005938841
"19018",2.49164573147314
"12521",2.49122346922643
"192950",2.48993811916065
"80294",2.48763031918753
"50490",2.48761947920327
"106344",2.4875290617917
"21976",2.48600002766275
"66212",2.48504651696363
"76073",2.48455066806496
"66170",2.48290788362133
"109267",2.48266227991722
"76467",2.48252711466396
"110954",2.48086401072164
"60599",2.48032922278793
"116873",2.4801065913171
"271842",2.47377448450436
"243867",2.4734025855442
"18972",2.47198791992832
"67116",2.4719518896061
"11486",2.47040048704581
"98970",2.46815410733513
"93730",2.4657424895174
"268390",2.46378186518502
"68743",2.46321316166878
"54667",2.46267798247244
"20365",2.46051067450984
"56371",2.4601048547111
"230233",2.45949574741587
"57316",2.45627329744221
"66355",2.45328756535528
"27376",2.45242710853598
"54152",2.45140801710466
"15979",2.45071810293228
"19654",2.45049175966453
"28080",2.44853700019435
"381546",2.44833002457343
"192656",2.44722119497004
"100465",2.44614002552802
"67873",2.44538185782732
"263876",2.44438464195151
"67074",2.44378639773955
"234825",2.441763940039
"68796",2.43841068416578
"192191",2.4369125599096
"71968",2.43660091110481
"76719",2.43557703066783
"66061",2.43539663539901
"11908",2.43462925842091
"226539",2.43254323500438
"230597",2.43213527663598
"227619",2.429325150909
"218194",2.42735200280116
"76142",2.42598888503012
"77827",2.42504815169812
"23971",2.42316961410446
"66245",2.4230223778365
"11992",2.42158651078921
"20218",2.42119263438148
"19267",2.42101248102697
"54197",2.42000612754986
"230257",2.41882330679445
"19744",2.41623707663949
"67959",2.41533855892874
"105005",2.41443088369016
"207182",2.41407707710197
"12051",2.41280225480164
"22284",2.41080938344546
"17118",2.41066107061033
"114604",2.40942573510574
"19989",2.40919501359672
"11796",2.40662348377843
"68185",2.40648178119107
"54651",2.40487366543545
"244962",2.40399101272346
"67150",2.40150765018103
"68002",2.40057845248
"105352",2.39978627798725
"68127",2.39463284899167
"213081",2.39411753700865
"70683",2.39394924668911
"21877",2.39075526243181
"17159",2.39051353026156
"107734",2.3903352695414
"67629",2.38952654965566
"72144",2.38841084104235
"66143",2.38705478578387
"74167",2.38645674357029
"73635",2.38407050123656
"78697",2.38090991175385
"16790",2.37986391460469
"64660",2.37883642377133
"72345",2.37711249313802
"70345",2.37600988210079
"54712",2.37297901030702
"224598",2.37283081993602
"12261",2.37270400628481
"66406",2.37071146474334
"22377",2.37008079740077
"22117",2.36728457743853
"12323",2.36596369844602
"231042",2.3658739537036
"66482",2.36533206357115
"227697",2.36358901389414
"69237",2.36328023357413
"66320",2.36025170527449
"66226",2.36022178365059
"67464",2.35980339359709
"75712",2.35947888210405
"27357",2.35927507013482
"231093",2.35745440062003
"104394",2.35685529874328
"20384",2.35532420828399
"70439",2.35509499213357
"17188",2.35325485883103
"245688",2.35129014605644
"64540",2.35116142964545
"68036",2.35113229385622
"55988",2.35062853872237
"11502",2.34993489218355
"57376",2.34626047529319
"105446",2.3451405205229
"20901",2.34071068621626
"18022",2.33785466507862
"140740",2.33588682220862
"13595",2.33578417781483
"71242",2.33439429908303
"20969",2.33112180994935
"109594",2.33074968807749
"56212",2.32935071327235
"12122",2.32925675283454
"17116",2.32801374677268
"75796",2.32598438345017
"74008",2.32546131494124
"219072",2.32499411248676
"17995",2.32221956775471
"98386",2.32050470926146
"52535",2.31880043339348
"100226",2.31734315461793
"66494",2.31715730395024
"101544",2.31415732519202
"28169",2.31246554367765
"18481",2.31158424506371
"15199",2.31046714220447
"110074",2.30996422585896
"77877",2.30926407923839
"67412",2.30755967615732
"21401",2.30667735801478
"66410",2.3039889995956
"68053",2.30236135413563
"227738",2.30176906168566
"18563",2.30118981559731
"67044",2.30047772863803
"68114",2.29876914649309
"328232",2.29782122477026
"76130",2.29575595055614
"12064",2.29476629112517
"245666",2.29448312852385
"57265",2.29275157287802
"231712",2.29240920113749
"18789",2.29235699830469
"107503",2.2908787907078
"57373",2.29055121897502
"15193",2.29006627579205
"14168",2.28985226127196
"230082",2.28855212709426
"71446",2.28689882886262
"382010",2.28673004902511
"71683",2.28656367633496
"69129",2.28651153654153
"66132",2.28523650694967
"114585",2.28222623953711
"56794",2.2816106340178
"97112",2.27649123370318
"13602",2.27595446594272
"72881",2.27391556616822
"100900",2.2737300374725
"71939",2.27341630326079
"319996",2.27321052859994
"94064",2.27177132014351
"96957",2.27083026569781
"231279",2.26696985684147
"14164",2.26663532740195
"11798",2.26571375940901
"15277",2.26514465409845
"109785",2.26339726077885
"66962",2.26252743871079
"207704",2.26076813422231
"269514",2.25845422168399
"17968",2.25721919563835
"13800",2.25676786902487
"16155",2.2557821379684
"21934",2.25539804839739
"66826",2.25382300360949
"23877",2.25271527223972
"15112",2.25216218659334
"66343",2.25137794602053
"50799",2.25094428668567
"66468",2.24631295176729
"227835",2.2457499835349
"229905",2.24308731656606
"208501",2.24278042556132
"67010",2.24042722253218
"68611",2.23498610606339
"20583",2.23467494817276
"66593",2.23438564954566
"69398",2.23400021658503
"245847",2.23193990404012
"320265",2.22880527570571
"225010",2.22872609167205
"107765",2.22842862144722
"69179",2.22788484414444
"13589",2.22583555840407
"232236",2.22523010977919
"11949",2.22376026080397
"234852",2.22225435136061
"380601",2.22138265885286
"26372",2.22010047592154
"211652",2.2197072542134
"23881",2.21826572301606
"16651",2.21641568679981
"18162",2.21612932836726
"208908",2.21590007381535
"76938",2.21435671284675
"76899",2.21251093325999
"68147",2.21159409907923
"170441",2.21126000372073
"64899",2.2109594584168
"76789",2.20941236838642
"224250",2.20936167528959
"75379",2.20869664206234
"107650",2.2082494344695
"319504",2.20502894680869
"68184",2.20454108945696
"67941",2.20403163732563
"71787",2.20255458217999
"12043",2.20090332323935
"210982",2.19945402532413
"72747",2.1974118862564
"68606",2.19627783017682
"20016",2.19517823231717
"66337",2.19320690561343
"234023",2.19315597207625
"75593",2.19254944586542
"69456",2.19211576284578
"109082",2.19172804379621
"217473",2.19135780930278
"67767",2.19076035713026
"67248",2.19039330887552
"69754",2.18897933843759
"67669",2.18709013672884
"66559",2.18676755140351
"230676",2.18570555743963
"22033",2.18567537702683
"27407",2.18556083881389
"76614",2.18410725840403
"50760",2.18347101102461
"12192",2.1821882168973
"243743",2.18076832062688
"67881",2.1779140692301
"386612",2.17606515045995
"277360",2.17547711305722
"78512",2.17512590590184
"627626",2.17413414495904
"63872",2.17204962496126
"216151",2.17198059952748
"105278",2.17172572748485
"56086",2.17122345786545
"71769",2.17069352213677
"383619",2.1704614259177
"72309",2.16971715298963
"15384",2.16943219104653
"12585",2.16886129739891
"20713",2.16766559677792
"66409",2.1664326807847
"72023",2.1660006682878
"27041",2.16585653298203
"72179",2.16571937923124
"26363",2.16544200838778
"56374",2.16516762192479
"107999",2.16201847176638
"77065",2.1612873155186
"64934",2.15860643621723
"15248",2.15735440113099
"56349",2.15324311791176
"12764",2.14889306758859
"78329",2.14886964473798
"72668",2.14878172174603
"58248",2.14845931892291
"66400",2.14710116215624
"30838",2.14665244646083
"76626",2.14297503105092
"68895",2.14241688718058
"59050",2.14161748288248
"319415",2.14003993134676
"80859",2.13972091044971
"18760",2.13867217515577
"70681",2.1378503540468
"56451",2.13656277804076
"320214",2.1348055778058
"67266",2.13148145313044
"12795",2.13123627942083
"72039",2.13103668584453
"12368",2.13081724650156
"269695",2.12950231520925
"242202",2.12877902952866
"26422",2.12876924459463
"19659",2.12871563096122
"319481",2.12698244662191
"100041151",2.12601203736936
"15182",2.12548973497866
"71782",2.12503573044593
"27973",2.12454900383954
"56489",2.12238494295657
"217449",2.11966879714685
"12447",2.1194351840768
"69815",2.11915477834518
"67067",2.11880798955209
"65098",2.11754178844676
"17311",2.1155560123823
"57815",2.11106295464107
"13723",2.10991440433623
"66307",2.10982901043524
"72514",2.10774788270972
"107684",2.1068904243728
"70802",2.10453001940197
"211006",2.10440284715271
"106073",2.10376743241796
"69453",2.10219999688286
"67042",2.10111592994762
"67103",2.10105769345363
"11727",2.09801182624315
"52331",2.09020179897272
"16196",2.08726175230941
"80985",2.08690452266049
"13350",2.08676932098031
"66614",2.08569680355675
"23924",2.08405037073898
"72416",2.08330119900202
"30853",2.08285187979847
"68014",2.08069970574427
"66364",2.07965099583795
"436022",2.07263889828193
"23830",2.07198826788579
"22710",2.07195269221686
"108927",2.07045886082815
"20826",2.06730252801385
"12558",2.06720118009575
"72778",2.06713618919872
"51800",2.06698670713176
"320655",2.06674564224199
"381406",2.0642922219641
"83925",2.06205769296601
"67003",2.06176912450377
"68440",2.06093833172685
"230649",2.05968564007967
"319171",2.05831519641637
"17758",2.05797341820825
"328561",2.05773297881493
"72254",2.05669515038715
"223922",2.05527452558654
"20021",2.05495602537688
"69707",2.05472348360926
"16772",2.054683225862
"76308",2.05383684005306
"20515",2.05284875652086
"15200",2.05271532873896
"74097",2.05235101177082
"72106",2.05195981697097
"219228",2.05152695214113
"242409",2.05008594311784
"14718",2.05004730815476
"234371",2.04948396302495
"22755",2.04928220942019
"74183",2.0467399850977
"217109",2.04639993555049
"65964",2.04450118504984
"56208",2.04414996011472
"22038",2.04355084587527
"66971",2.04300349856487
"116870",2.04098263414003
"226139",2.03916771529607
"380713",2.03861105074261
"14615",2.03778209280378
"104776",2.03653011453768
"232174",2.03627144894116
"217835",2.03575288928775
"27386",2.03542699669927
"66078",2.03523561254777
"71742",2.03401470963751
"19881",2.03321291358317
"56199",2.0311667843241
"74038",2.0294165862522
"217995",2.02914194735446
"66163",2.02844541561941
"68215",2.02618899689361
"98415",2.02541825071753
"76916",2.02384070657472
"24014",2.02336884576064
"13713",2.02210392968644
"227659",2.02146914175319
"67043",2.02145506731269
"23970",2.01377120243058
"116701",2.01370390731606
"69710",2.01367221902108
"93871",2.0127832179912
"26754",2.0125230738657
"14370",2.01125293000069
"70640",2.01055332355804
"19878",2.01035416979708
"117606",2.00630555758534
"50884",2.00627572679472
"18639",2.0057968276044
"114714",2.00535478187717
"67382",2.00496728749859
"56357",2.00369045261
"17355",2.00259784046615
"67059",2.00242421193264
"225280",2.0014710947663
"231713",2.00120638919385
"72275",1.99996398930712
"18642",1.99905948233107
"12488",1.99670281976751
"27965",1.99590617132864
"58202",1.99534932658682
"14457",1.99361753513897
"67016",1.99102585064535
"108168114",1.99028969675453
"29856",1.98897860497674
"118452",1.98891502661447
"109900",1.98882656990331
"271786",1.98748104748265
"22439",1.98591658539516
"84092",1.97935285520825
"66674",1.97567386942265
"67432",1.97514734816555
"228875",1.97333805870367
"12461",1.97202695378457
"114615",1.96998653828162
"103765",1.96950651503633
"11538",1.9692139203227
"27981",1.96657230579858
"244329",1.96635776284493
"69902",1.96549692148685
"67184",1.96523009083245
"56802",1.96242861270301
"11480",1.95999015347847
"19184",1.9593677270508
"85031",1.95913064334115
"93877",1.9589493881646
"108960",1.95879332287754
"18951",1.95594167022604
"320213",1.95588509194869
"22419",1.95535185890016
"408062",1.9543445776396
"14349",1.95417420811934
"56546",1.95373474806356
"93892",1.95080976173824
"68519",1.95056102082958
"94213",1.94873189000048
"73139",1.94768316349733
"111241",1.9471706971876
"381924",1.94548441727256
"66460",1.94486187128239
"18717",1.9447008545824
"14030",1.94280944639525
"76355",1.94011855541304
"102294",1.93876722213846
"101314",1.9370022625948
"54218",1.93487367708116
"76857",1.93443781804191
"103737",1.93350644426021
"224814",1.93316434401022
"76976",1.93291991121091
"24070",1.93278055606167
"634650",1.93231103392181
"51799",1.93182002472316
"18103",1.93163421458025
"103844",1.93087777268703
"66419",1.93065792379648
"68342",1.92972862397494
"105782",1.92902824268225
"67231",1.92808590209912
"50849",1.92685123321547
"241490",1.92663585925054
"13178",1.9231800294452
"623279",1.92250415469678
"52231",1.92044204564433
"16202",1.91999093405618
"53620",1.91718053856236
"23922",1.9166316133781
"15569",1.91379796513455
"98314",1.91311445424818
"98910",1.91164539822689
"407786",1.909767995216
"329650",1.90772506987981
"77781",1.90741671038333
"16431",1.90677653072325
"97487",1.9051153308514
"12460",1.90424704941566
"244219",1.90001883528424
"66263",1.89899171398723
"68262",1.898075914848
"239510",1.89697126890964
"69692",1.89509000123869
"93874",1.89424693955423
"69740",1.89299237222808
"12727",1.88784856885353
"11980",1.88711954764326
"53357",1.88522824734074
"66580",1.8846272828846
"214253",1.88322890966844
"24044",1.88023997440769
"224893",1.87754891621321
"19089",1.87733474372051
"17828",1.87700339593321
"68572",1.87462097859649
"72898",1.87238232538398
"26409",1.87059142502448
"319997",1.87027954239115
"66142",1.86949009737241
"30049",1.86705690932921
"11676",1.866462315561
"332397",1.86620555294021
"433759",1.86567494661564
"68267",1.86317726989962
"68603",1.85906260592953
"234396",1.85795728165165
"21376",1.85675944943905
"230584",1.85308214076915
"12313",1.84942214408831
"22201",1.84831013596397
"12777",1.8483046477274
"76233",1.84789642162617
"72647",1.84680611825021
"16012",1.84228634938257
"668166",1.84181356047838
"52686",1.84136569649947
"20983",1.84091033522813
"21428",1.84046765457597
"14667",1.83832721878988
"14866",1.83624176181556
"105504",1.83617716318798
"78798",1.83317279768817
"72170",1.83116068223494
"20190",1.82955322134528
"219094",1.82867224448617
"93879",1.82741808354697
"20354",1.82659984599112
"68520",1.825515846537
"21400",1.82483098849739
"28075",1.82424168950763
"117146",1.8240120153848
"241066",1.82188658258677
"66525",1.81759282894967
"171486",1.81455975504208
"18557",1.8131585604831
"12314",1.81230300318341
"68977",1.80998836809474
"67746",1.80938923332305
"18033",1.80717718944748
"23954",1.80656525407766
"101700",1.80630631676842
"70103",1.80395890516319
"67667",1.80202894705802
"74665",1.80200431456524
"105513",1.80048703443075
"245638",1.79896323644857
"71956",1.79672037819826
"66447",1.79601175279698
"67247",1.79562178874843
"78317",1.79505029794969
"270058",1.79340747386932
"235431",1.79192550932255
"70423",1.79101004535871
"76527",1.79082161689411
"71900",1.78772147580573
"83435",1.7875919117991
"19653",1.78240049475522
"67573",1.78181492494819
"445007",1.77971972439635
"72258",1.77690458721957
"93883",1.77653543282608
"105239",1.77569071157159
"52563",1.77421141898687
"237178",1.77308403065198
"30794",1.77140511658837
"72018",1.77022322158242
"30058",1.7693697201377
"71473",1.76926847923671
"227929",1.76799933922801
"407789",1.76292063277518
"58996",1.76160963232532
"83679",1.76039815115371
"319748",1.75840687934114
"21855",1.75338377351028
"17967",1.75263820701442
"20280",1.75208767044808
"64658",1.75190928074467
"67391",1.74953854980012
"13382",1.74595126765458
"13805",1.74563341402522
"12291",1.74531080928794
"213438",1.74329436975453
"72113",1.7403156641448
"100043324",1.74013123732538
"20055",1.73960863754061
"104349",1.73856226573067
"330959",1.73774113423803
"66926",1.73265895026243
"20193",1.7318558226281
"66660",1.73157198763824
"107569",1.72795261944652
"216161",1.72675731882593
"15368",1.72542043464206
"229715",1.7247492614468
"72124",1.72209388198655
"110639",1.72071355735136
"104725",1.71990860408399
"72843",1.71966597398981
"20698",1.71847949558153
"68134",1.71798503024573
"66431",1.71767276271982
"13057",1.71664555712312
"20042",1.7153532379465
"74206",1.71426739944827
"11928",1.71423796740636
"20737",1.71283541948727
"76574",1.70563774403241
"17710",1.70536419902764
"66096",1.70391915860927
"232536",1.70102243734232
"327978",1.7007244414137
"74190",1.69843455573043
"227693",1.69803974626414
"70430",1.69747196458074
"66505",1.69704340060034
"330401",1.69409804790859
"78541",1.69340349375242
"11774",1.69336222538986
"231326",1.69121046313575
"26877",1.69088175968487
"212153",1.68759750322912
"14200",1.68580822733186
"107328",1.68338391095616
"74753",1.6829633610711
"66884",1.68291019002131
"70451",1.68132020529925
"79566",1.68117489604664
"67245",1.68087444475101
"98388",1.68045734991785
"66279",1.68026939123379
"12153",1.6769397002135
"74243",1.67678130941746
"100042025",1.67585155612037
"77644",1.67470392127601
"277414",1.67466200904943
"211329",1.67285560840455
"223920",1.67189038403358
"668137",1.67133999548627
"320924",1.6710681653149
"227867",1.67007272898742
"239985",1.66987515665616
"66369",1.66860255038136
"54131",1.66670677989135
"227746",1.66602474839052
"14204",1.66467044253185
"232566",1.66261941923911
"18750",1.66156427545959
"171170",1.66099746071233
"11830",1.65905086399662
"267019",1.65793998130604
"15273",1.65535637423153
"621080",1.65463601653371
"212198",1.65381024351237
"97998",1.65266015232913
"233875",1.6511832559226
"71774",1.64960732248734
"68375",1.64904189047401
"66691",1.64892496643529
"69732",1.64873919377087
"75430",1.6486675980813
"12450",1.64494865139724
"209815",1.64409396602671
"68859",1.64306068561447
"108943",1.64212161585476
"56551",1.64158598862494
"30057",1.6407938707813
"233115",1.64052239658342
"239556",1.63986525669441
"22772",1.63932980198951
"71703",1.63925009134606
"67101",1.6376615117049
"22327",1.63739757865147
"216049",1.6372259182696
"239739",1.63630570858084
"319934",1.63594978010159
"224440",1.63456704908581
"59025",1.63308182905845
"72084",1.63248479760729
"16774",1.63056871952756
"328099",1.62958223684573
"103172",1.62648939800569
"217666",1.6263143021014
"56309",1.62104707861072
"20359",1.6196701630129
"20402",1.61740815068789
"22003",1.61534028569813
"71766",1.61457603030384
"106248",1.61349910721309
"252967",1.61290909576502
"12642",1.61215277268706
"16918",1.61122360269919
"112419",1.61024436790084
"13017",1.60904522697673
"226122",1.60902856225322
"67712",1.60850496712625
"71997",1.607814051638
"320938",1.60638287180653
"12387",1.60571923296655
"268930",1.60344186607065
"75423",1.60295551764582
"56218",1.60273375911958
"624866",1.60119169143547
"18082",1.59945739009976
"70065",1.59841147734877
"22194",1.59619048153002
"56220",1.59533396531469
"67789",1.59436666613547
"72061",1.59344706088658
"72307",1.59322437895877
"69961",1.59281275575766
"22217",1.59174176791722
"193813",1.59147018487804
"66752",1.58973332258475
"93881",1.58879329017667
"170753",1.58703237198864
"94190",1.58655605514879
"68818",1.58407848710592
"68545",1.58160926325105
"67836",1.58131636428328
"66094",1.57738465481478
"29871",1.57581223110302
"320714",1.57570647171309
"216225",1.57500028291195
"30951",1.57220559740045
"276950",1.57184249155183
"69161",1.57180829699856
"72190",1.57080463127527
"74549",1.57063103679319
"66246",1.56765893460342
"66213",1.56633137734804
"622665",1.56575713585213
"77591",1.56575645449419
"16981",1.56530470877381
"74182",1.56308680394706
"52668",1.5614673077108
"69556",1.55536047170161
"71354",1.5553315267813
"171429",1.55520447200334
"228960",1.55375590086928
"14766",1.55288209845243
"51875",1.55228091337544
"433931",1.54941045024953
"16985",1.54914414818231
"67125",1.54624604109326
"71206",1.54582048806141
"70292",1.545045921896
"385674",1.5449980193751
"94065",1.543884258869
"17904",1.54277319791006
"73825",1.54108490314926
"21391",1.53909280942533
"77891",1.53868338349134
"74359",1.53843387829709
"232816",1.53784438177563
"12475",1.53679415815095
"100043272",1.53562398871708
"75613",1.5352384687161
"14573",1.53510326176644
"66395",1.53482875464345
"235169",1.53335495374458
"66481",1.53219927607986
"84585",1.53167802565348
"208748",1.53112208240435
"242669",1.5289680772901
"338364",1.52832715132294
"108096",1.52814369115206
"74490",1.52794031292597
"544963",1.52714003085584
"70380",1.52594494696006
"110119",1.52567409913024
"69752",1.52468933431992
"22403",1.52402657452047
"225028",1.52327382204535
"11632",1.52242067670651
"319166",1.52090133561674
"171282",1.5201164586509
"53612",1.51892322626107
"11419",1.51887553386736
"75504",1.51839778119194
"18975",1.51759814365959
"13714",1.51755992534339
"109284",1.51664807955513
"60525",1.51651640204875
"70266",1.51649557348647
"103551",1.51503597109334
"77048",1.51395852610297
"21780",1.51258256637037
"19228",1.50953298599616
"231452",1.50604813635512
"16328",1.50284925248804
"68087",1.50090584832722
"66978",1.50028018559366
"242418",1.49816627347762
"67071",1.49780409041434
"21345",1.49765558335756
"20068",1.49738393209938
"57423",1.49654746794744
"12355",1.49612760049818
"228859",1.49430567104619
"338350",1.49367673437598
"19655",1.49296979813031
"56395",1.49290469722216
"12371",1.49279213552148
"15228",1.49190860543384
"73720",1.49151980145938
"59015",1.49089214556829
"73230",1.49034923997577
"12055",1.48414307706539
"74016",1.48140898952671
"66274",1.48096982373465
"104418",1.47976002552822
"108083",1.47932848807988
"67557",1.47769016656772
"12226",1.47646633692544
"68964",1.4758537345283
"71904",1.47398873460144
"18208",1.4733516838164
"52700",1.47259262171845
"71091",1.47223133758857
"110789",1.47178818268718
"67509",1.47149081853549
"13177",1.46851794648333
"64833",1.46733906222401
"353208",1.46657183954533
"56419",1.46633794651111
"21945",1.46464652998371
"218236",1.46386527603524
"14933",1.46378962707447
"215449",1.46325974255777
"233902",1.46064015535948
"20187",1.45743280006511
"74478",1.45741085700544
"18107",1.45642136640764
"73284",1.4560343589863
"212647",1.4540965008281
"230801",1.44996645393274
"68458",1.4493569365407
"98682",1.44813639662647
"20054",1.44799332298566
"22019",1.44599243341003
"230577",1.44500297492857
"75841",1.44432937336929
"12705",1.44395622598497
"17476",1.44276805647164
"14790",1.44269542438797
"26433",1.44110910699444
"12505",1.43874387422718
"381812",1.43810370210582
"15205",1.43656515957406
"67467",1.43375473665403
"105014",1.43343712642962
"24015",1.4314104830654
"232878",1.43139238271715
"66849",1.43130672361654
"20739",1.43079343391912
"74293",1.42999314812447
"381582",1.42740286835691
"100604",1.42294836542786
"239647",1.42225139205461
"69221",1.42196625095729
"74470",1.41926950598854
"66645",1.41910670728202
"218333",1.4181698777692
"18813",1.41529023143915
"11652",1.41474927190997
"30795",1.4140461242109
"57813",1.41354936582166
"24059",1.41168767541909
"70312",1.4115416843799
"83997",1.41137813342233
"72401",1.40535138332792
"14528",1.40489645514719
"71340",1.40486302804564
"268749",1.40386645499381
"194952",1.40356175373048
"117160",1.4035473752177
"66943",1.40312395943537
"68512",1.40243232881133
"74034",1.40162462319561
"232533",1.40047844393781
"110391",1.39992288532797
"110355",1.39895209932249
"70093",1.39768925583547
"66568",1.39740029400482
"70957",1.39733716444956
"235283",1.3962344192785
"229487",1.39505673308545
"76686",1.39370991326496
"76072",1.39294390891636
"66229",1.39280721334126
"18769",1.39130727247911
"59016",1.39068459457285
"225912",1.3905074818281
"76959",1.38858428324099
"226412",1.38740761187814
"433904",1.38723463169938
"100862375",1.38708763661037
"212377",1.38595873896478
"18515",1.38389761829774
"76824",1.38382955235723
"54644",1.38172775853736
"67795",1.38058485565806
"18521",1.38047589110431
"107371",1.3800329938378
"14758",1.37805541151382
"14765",1.3769586705023
"70357",1.37657885588539
"16421",1.37633565083648
"13211",1.37461426329636
"73102",1.37237338907367
"17524",1.3716696907697
"70233",1.37087723386531
"208715",1.36933709733434
"17120",1.36800067878226
"57339",1.36703979135523
"53869",1.36543570913242
"109672",1.36463530293917
"67869",1.36374386745058
"21761",1.36321168158471
"104771",1.36227478564638
"108062",1.36206737961212
"226178",1.36143928606603
"66317",1.36036482594336
"69094",1.35704720659182
"71999",1.35678367328818
"20610",1.35435159844333
"100503915",1.35125243364632
"108645",1.34860954438833
"56215",1.34778213499788
"69440",1.34768888895799
"56350",1.34574178432172
"73668",1.34547352710246
"67417",1.34504593734915
"213649",1.3446941068876
"20170",1.34410566047757
"52443",1.3440716007957
"59045",1.34312871984463
"83815",1.3429451818268
"22042",1.34285196996311
"70771",1.34105142195272
"20197",1.33933422927805
"22591",1.33832334112628
"434234",1.33828065974984
"56310",1.33716787730626
"14356",1.33587070675021
"240916",1.33538991418006
"68790",1.33323282915157
"20823",1.33271774793542
"67151",1.33184962479749
"232035",1.33183268440827
"229317",1.33144704994749
"72269",1.32939570536259
"78248",1.32893374180336
"51813",1.32878976089647
"68059",1.32545087100292
"228880",1.32333504432432
"268567",1.3228978377181
"71943",1.32248361299186
"81879",1.32181979502747
"12287",1.32131562933183
"67345",1.31993652517819
"12223",1.31934309205182
"67532",1.31726844660085
"71983",1.31710002939068
"66066",1.31695226454275
"102639598",1.31543200214138
"20199",1.31453727501119
"28199",1.31375441981981
"66398",1.30802610622278
"234515",1.30670202517108
"227290",1.30636221702306
"319475",1.30610274872082
"73261",1.30597969894802
"94045",1.3036621145289
"407821",1.30280446752472
"19244",1.30009636359565
"27374",1.29936863398225
"67305",1.29877560022783
"70567",1.29818648525971
"16993",1.29753755440583
"71617",1.29689733306434
"382639",1.29532647027771
"75624",1.29282732924932
"330267",1.29247717766418
"11364",1.28635531992672
"67148",1.28581938785406
"14276",1.28536099001579
"68477",1.28261196214332
"12919",1.28210636430791
"338355",1.28109425767923
"18391",1.27980261611448
"114716",1.27623626506571
"99151",1.2759384430659
"14814",1.27435107615153
"50789",1.27426656937161
"69875",1.27402701963853
"55947",1.27246072045762
"16596",1.2713923921271
"100862085",1.27014953897154
"14105",1.26993400748085
"98952",1.26953645679252
"19070",1.26949613659701
"19383",1.2686102503559
"66928",1.26766081550571
"66405",1.26594736075738
"69674",1.26529328142085
"78754",1.26291520726513
"17716",1.26214371283034
"234728",1.26167322160414
"11766",1.26144534286021
"12822",1.26021050403901
"67978",1.25960196306888
"269952",1.25959999342589
"67884",1.25889952282047
"67736",1.25823377147645
"69554",1.25674324128624
"12393",1.25569878581985
"11957",1.255198391781
"235582",1.25424830078998
"70645",1.25299036357612
"12015",1.24997733816866
"621628",1.24980852868539
"67900",1.2484581031911
"20393",1.24821833556075
"227622",1.24761137863749
"100322896",1.24545920567981
"71436",1.24492972472372
"219158",1.24434549737687
"230598",1.2438406465683
"66730",1.24271055437727
"69185",1.24230317398044
"100042555",1.24219579106459
"76498",1.24119243843603
"105387",1.23917058995481
"109910",1.23825202343147
"18604",1.2345231391786
"79202",1.23442494844989
"16194",1.23375869658926
"12606",1.2328033413271
"103554",1.2322675826558
"67164",1.23160499351931
"226646",1.23102783862474
"67830",1.23099326055955
"105246",1.23089160300941
"66050",1.22915804787667
"19739",1.22773583769199
"23996",1.2272911069506
"20833",1.22710205032387
"11601",1.22520976081136
"20014",1.22335963315545
"22210",1.22093914746738
"231866",1.21849048650839
"233637",1.21739708378722
"71709",1.21599270552863
"11606",1.21431826561362
"433485",1.21387721730918
"574437",1.21374367261066
"69601",1.20912657947018
"14958",1.20880301259867
"14719",1.20838175212106
"26558",1.20796519389298
"69770",1.20754437150543
"321000",1.20575860901998
"76448",1.2037903313057
"319601",1.20181744289335
"170791",1.20156709308035
"12010",1.2012277062143
"50933",1.2001475378992
"12315",1.1997773295832
"21427",1.19799906485728
"71564",1.1977155277219
"17151",1.19703055523442
"76041",1.19538903939075
"52892",1.1946863828906
"16534",1.19077438943082
"19046",1.1898129726768
"231380",1.1896846607064
"192651",1.18801185143682
"56838",1.18722234482146
"20603",1.18697762778065
"69487",1.18428229662965
"668173",1.18387439464698
"73919",1.18326586539211
"83701",1.18095485467259
"52615",1.18039023621451
"227695",1.18001837813762
"239570",1.1797620353144
"67241",1.17880563014876
"668880",1.17797089104304
"65019",1.17759571575826
"83485",1.1775272363913
"14343",1.17741273807111
"27999",1.17721597895612
"15473",1.17586113147879
"67586",1.17413003447898
"11781",1.17180634526989
"66056",1.17013358260818
"207683",1.16929053758415
"75472",1.1680908667746
"16168",1.16783478395774
"67489",1.16619329177875
"83602",1.16482831854811
"105787",1.16454069241016
"20912",1.16293151793024
"56335",1.16262405671628
"16570",1.16030506120293
"69008",1.15749107096998
"68972",1.15701756089959
"320204",1.15685662577976
"71890",1.15664733513706
"232196",1.15647674808977
"319162",1.15583055046673
"67956",1.15537134843491
"232821",1.15485967805788
"55992",1.1541725648787
"211961",1.1532048587111
"75202",1.15316505456852
"55980",1.1516110144118
"54678",1.15136308694756
"67763",1.14774538735243
"414077",1.14737761969464
"223272",1.14721899719873
"664994",1.14556313799992
"15982",1.14498626916425
"77583",1.14491012609124
"319618",1.14476664528413
"14182",1.14287073279176
"327951",1.14071480790318
"13007",1.14066063850424
"19766",1.13942326206977
"215201",1.13937916154195
"381270",1.13868552370175
"68055",1.13855783626357
"224671",1.13841592510896
"270152",1.13799819231603
"272396",1.13737369450139
"99586",1.13723254068399
"103967",1.13722587560381
"72508",1.13551176103518
"13722",1.13420040010169
"69386",1.13273305858944
"22247",1.12880521365979
"209354",1.12643089419526
"99349",1.12551689474888
"74204",1.12497211956365
"75690",1.12460005047965
"214597",1.12295485576747
"12913",1.12263672961475
"380928",1.12031345558929
"11546",1.1197267861236
"73516",1.11875757583381
"72429",1.11704830624452
"433287",1.11661681886074
"233073",1.11661376095959
"67698",1.11328047995335
"227674",1.11312222344774
"383103",1.11217793177836
"26397",1.11216985572057
"22223",1.11134043000794
"11630",1.11123515376874
"171171",1.10755572811097
"51786",1.10725023164529
"71706",1.10614447436452
"69150",1.10513174453422
"15117",1.10053863355925
"72519",1.10008212792328
"54613",1.09719584098248
"235048",1.09689892487375
"210376",1.09416932391618
"214580",1.09407302184951
"72465",1.09135460459682
"104681",1.08881595063705
"103710",1.08859703536397
"102634401",1.08721529073544
"97165",1.08658392396856
"53334",1.08442214161956
"27055",1.08377488439574
"68192",1.08330162204609
"18519",1.08058004408169
"108699",1.07968004889112
"69259",1.07791727173563
"67738",1.07779833981432
"387216",1.07538266872583
"60322",1.07396129772002
"57312",1.07236442271994
"217517",1.07047810199658
"15201",1.06973755231388
"19090",1.06883614535951
"76582",1.06843640166804
"215474",1.06778778543598
"74112",1.0669620225538
"52822",1.06440970171626
"76987",1.06307118583119
"217869",1.06219235582883
"78408",1.06214442323542
"68039",1.058952543719
"75665",1.05883521492034
"66075",1.05764837644447
"70257",1.05741372815343
"15436",1.05658065565426
"233870",1.0558436626991
"227699",1.05252175570349
"19819",1.05084769989939
"19172",1.04955926038863
"14590",1.04937445112156
"545091",1.0463149713991
"109346",1.04630148934368
"192986",1.04629111657807
"73569",1.0446902478059
"73649",1.04373915368849
"622434",1.04264031929061
"81845",1.04243634413332
"245877",1.04241511964073
"17219",1.04226022158982
"114606",1.04116721008351
"14864",1.03832010540346
"20289",1.03744354477019
"20970",1.03656602337052
"15958",1.03615220571384
"103784",1.0358251585284
"229681",1.0340888046673
"59027",1.03334855053513
"232791",1.03183899338875
"74140",1.03116070097564
"13121",1.02873157468444
"228019",1.02744205908847
"320806",1.02633029429257
"78506",1.02600629917925
"50931",1.02423700140324
"269023",1.02363377315612
"76380",1.02321979337495
"96979",1.02313790138549
"235386",1.02294863388404
"69536",1.022757182467
"217430",1.02253262210109
"72151",1.02231536674988
"69072",1.02164685653958
"12671",1.02117721893479
"20181",1.02096569077693
"66168",1.01999997460087
"170771",1.01892059312007
"66164",1.01849510940931
"192976",1.01775746506615
"74136",1.01744460351415
"116733",1.01609805220148
"14885",1.01557368748664
"14815",1.01534771488345
"432879",1.01273074051969
"224619",1.00982734327869
"225187",1.00486804074509
"72973",1.00442648500494
"50876",1.00356554988488
"223753",1.00276618397535
"14479",1.00254588420013
"215928",1.00217032861241
"66840",0.996119116403709
"69479",0.995615588298156
"14218",0.995538692963773
"11363",0.995047361196284
"329152",0.994870996081724
"12017",0.994687777414728
"20775",0.994373335830058
"73571",0.993788053967032
"24051",0.99363399327736
"14567",0.993378990114098
"67604",0.992459195151063
"66315",0.989075004028439
"23983",0.986705319668146
"56016",0.98600590409241
"382137",0.985487487142461
"22272",0.984183342498365
"74356",0.983090664305643
"19025",0.982516021719274
"225995",0.980246446932233
"66146",0.979930122963117
"19060",0.979367608695065
"21356",0.977665491273445
"69577",0.975069744553119
"56738",0.974918635516979
"74270",0.974745448193406
"18739",0.97328968423165
"110350",0.971905251644141
"664894",0.970967443175196
"19363",0.970722465563327
"68095",0.968652262740679
"268566",0.96826429738967
"546336",0.966039815535291
"233210",0.965602110776082
"208869",0.965160387189772
"24000",0.965117591269391
"246782",0.959484626450417
"67605",0.956852839951349
"70510",0.956612431472855
"69976",0.955541677769583
"227800",0.95513858401956
"66917",0.953047691887749
"52637",0.950987610034974
"226154",0.949977321559802
"13852",0.949694146925823
"66310",0.947477466625482
"212670",0.946893647542399
"19330",0.946032297593609
"22222",0.942563432816195
"19921",0.9424478458671
"66532",0.941363629692614
"66641",0.94049595104873
"76927",0.937877712162964
"67628",0.93687990172299
"67749",0.936710985058797
"226153",0.935447710740862
"70235",0.935149985826415
"77744",0.93441880438952
"74241",0.933868085593425
"68226",0.933585522144642
"66498",0.933484771217167
"20740",0.932468899865404
"71599",0.932441994884028
"21912",0.9314783478203
"21652",0.930655278094228
"12675",0.930428452846396
"269400",0.929344402435023
"13619",0.928877340459363
"50768",0.928470495497453
"74244",0.928144675206631
"17829",0.928116279042687
"66379",0.927518006339102
"192289",0.926896892337495
"216622",0.92673776217621
"209737",0.926567671613673
"72322",0.925838012505805
"241520",0.921198415680771
"56205",0.919941219102076
"107094",0.91989083738672
"213827",0.918109955488635
"218693",0.916747878830305
"241075",0.915297203609348
"12829",0.914026461654698
"214459",0.912660813103656
"67102",0.912511633732986
"52856",0.908540635763937
"211484",0.908302566670896
"224794",0.90819518651658
"22670",0.906785650001092
"99683",0.905942612204828
"19301",0.905843601238567
"93843",0.905366597314614
"210009",0.905135552899012
"268780",0.903797524514438
"209239",0.903382493022827
"668225",0.902616253683218
"56457",0.902321870063945
"12325",0.902207075400028
"76566",0.901698777529342
"20815",0.899311397186142
"215693",0.897356701461409
"13645",0.89733876773288
"18759",0.895993844044526
"20088",0.895738845947981
"19708",0.895185718559457
"216238",0.894363250444493
"72748",0.893371220871876
"76773",0.893213170838598
"59026",0.892441464789835
"72195",0.890989962255109
"70387",0.890394234163688
"56541",0.889354744349606
"67213",0.889118087486377
"229285",0.888716742127407
"74111",0.888618180910003
"29877",0.88799007009317
"66880",0.886051168565217
"30056",0.885185324777222
"14011",0.884831228949548
"50500",0.884513014182628
"68763",0.883911296356039
"20044",0.883449681132124
"69922",0.883060234276024
"237868",0.8819655561478
"22099",0.87915614818182
"217316",0.879092756608927
"72107",0.878895975181288
"54445",0.875707487790983
"57773",0.874632856708457
"77579",0.87414914119171
"109294",0.873060501987846
"97287",0.871299217625133
"654795",0.8710609663085
"230936",0.869829148493806
"19411",0.866827768201375
"93842",0.866109868820962
"102442",0.860672040610424
"665180",0.859282371107205
"67500",0.858040108628213
"14872",0.857462034098824
"239114",0.856438646717656
"18041",0.856167319827983
"68235",0.855629762983467
"54153",0.853739774254703
"109857",0.852097152237832
"666182",0.851958775772973
"54124",0.851108671510317
"384281",0.850888256170876
"75939",0.847376606664702
"66756",0.847366408289553
"101113",0.846745065991656
"71924",0.846731574877583
"56233",0.841620956199935
"58238",0.839945901370375
"14229",0.838431660322527
"236794",0.838054830129177
"71817",0.836112412567464
"212139",0.835471302621184
"16211",0.835349953132231
"26394",0.834321039580048
"382245",0.83281374850273
"12877",0.832416333911671
"218629",0.832230927408014
"66125",0.832029412291441
"56368",0.83144679699244
"232969",0.830841090631293
"93734",0.830302527549123
"75564",0.830105256437411
"75291",0.828548776054107
"18655",0.826276204000521
"94281",0.825679582430653
"17997",0.825536205648344
"320244",0.82283493577708
"78052",0.822532133774757
"69544",0.82052268858822
"652925",0.820183155665786
"224826",0.818581806319331
"11769",0.818198747161576
"71994",0.818063604687996
"66156",0.8157744922588
"98402",0.815656910518488
"67091",0.814868711776485
"67826",0.814645737615953
"12576",0.812345713055227
"210148",0.808843744454194
"15278",0.807706764455342
"239760",0.807489621023436
"77411",0.806412633352556
"319169",0.806230293474382
"619441",0.805710956148889
"72129",0.805646302218866
"106952",0.805371597857341
"66052",0.80387481965685
"12867",0.802648240433984
"69288",0.800993670076251
"67864",0.800388518526754
"66442",0.800216776179336
"67223",0.798689756809446
"68927",0.797893211690617
"326618",0.795712430503367
"67387",0.795092151696655
"71452",0.795075715353552
"109711",0.793720452475435
"26360",0.793120858986208
"56490",0.792590731476594
"67028",0.792439798316242
"106052",0.790750773458614
"12578",0.790530492420187
"16396",0.789165310643215
"68328",0.788720401489258
"77035",0.787335616261693
"17955",0.785051646841827
"56070",0.782588645751553
"73086",0.781610031500736
"22445",0.780607721809235
"17993",0.780487139029479
"16886",0.778123754504495
"19870",0.777940548390536
"14853",0.7771488883873
"218341",0.776024267612178
"210998",0.77586849002668
"20168",0.773849866413558
"19340",0.770385827661702
"78670",0.769454165913041
"67657",0.768109480924193
"20656",0.765760127620263
"73699",0.765565403207915
"56697",0.7649153243012
"230908",0.7635292975335
"77117",0.761725107350188
"19082",0.758510905076132
"20523",0.756650125382612
"14238",0.754991007113846
"71111",0.754656602875963
"108148",0.754583743874087
"18708",0.751622352719762
"67062",0.750535303908307
"386649",0.749653945900238
"71985",0.748384127799946
"72962",0.747921539393872
"56703",0.745071131015218
"211135",0.744642713758317
"209334",0.744051275944115
"380969",0.742929897379704
"231646",0.741430136988001
"71679",0.740578699017355
"22446",0.740439687350044
"230234",0.739635303264134
"107358",0.73901024366304
"75323",0.738319349141462
"15388",0.736818446846898
"54216",0.736783085797134
"14707",0.73631668100554
"57776",0.735757327616947
"75577",0.735515966963074
"69964",0.735246691817538
"22658",0.734081438965069
"26384",0.731884409066848
"24068",0.731781110370372
"269401",0.730798284407246
"19182",0.727444870626273
"12943",0.727380197238253
"74238",0.726835226991437
"74108",0.726232848518621
"67997",0.725864620000136
"235047",0.725379033920454
"69024",0.722011419542847
"15374",0.720822348213927
"73078",0.719816452807406
"70361",0.716954174995052
"21355",0.715460466406155
"68718",0.71530536633379
"17685",0.713989318797867
"66599",0.712148986480161
"17000",0.710817476453883
"56699",0.709667384243476
"19055",0.709039447731104
"73474",0.708768581900843
"140742",0.704415702947789
"104885",0.703194582992861
"68310",0.70266998053972
"12411",0.701835644896196
"73174",0.699374788813001
"54484",0.698351091912166
"69227",0.698339387421413
"71175",0.695568144081168
"107173",0.693187096123243
"72614",0.692745489130282
"63958",0.69088331906414
"226162",0.688983046014704
"11636",0.687293113158637
"100206",0.685927466740783
"69698",0.685739466971546
"16497",0.684528798801383
"78372",0.684465307470736
"12217",0.683846108890069
"17164",0.683438174760091
"214254",0.682768769030199
"12417",0.682614059845061
"26901",0.680939178251489
"319151",0.67828550908289
"240038",0.677949368652394
"66282",0.677807263792567
"77032",0.672256057226867
"116748",0.670383977527343
"18038",0.668692418670689
"237928",0.66837899398664
"109202",0.667882483593947
"209212",0.66743475067691
"68031",0.666884349031548
"58207",0.666293471683511
"21781",0.664652091205924
"101185",0.664403099573077
"230500",0.66234572804192
"320727",0.659726835101199
"228836",0.658848978988776
"12663",0.658199961697066
"83964",0.657765793725853
"214239",0.654311730739274
"58230",0.652491727553622
"66120",0.651694601994493
"74577",0.651582453910628
"73363",0.649129026688894
"71877",0.648557355388679
"110265",0.647533765342303
"99982",0.64654477466851
"192285",0.645695874053206
"73173",0.644657486991982
"666806",0.644458183487248
"72650",0.644175870221877
"228356",0.64360194784459
"30841",0.643534990750003
"66358",0.642880273703574
"76051",0.642607781349744
"212090",0.640230440167558
"269152",0.639308898964763
"19175",0.63885996109748
"229707",0.638821226666492
"71761",0.638676411802113
"17992",0.638667815403497
"665113",0.638301742425124
"217119",0.637075748451424
"67073",0.636146043273391
"320557",0.635626090402552
"80987",0.635405673797428
"319387",0.635200316624559
"381062",0.63487919268999
"246293",0.633742282689905
"71777",0.633563028319764
"76497",0.631644064209575
"54169",0.630566802286318
"69928",0.630548423189022
"67446",0.630299195742551
"74213",0.628864726002933
"71715",0.628681910594987
"72982",0.628650297452264
"73103",0.624235138507755
"26446",0.624066432017902
"66117",0.623267912817914
"381045",0.622837687476646
"83924",0.620710107736881
"330277",0.618230118643137
"69551",0.616359851476395
"14109",0.614584444480933
"78878",0.613907828147488
"68048",0.613180587277077
"17130",0.613104603081989
"67303",0.612222824419802
"100039042",0.612182977100931
"240888",0.610763041972467
"20591",0.608324956778856
"76302",0.607064861072047
"102634333",0.605995202052113
"231986",0.60565920352185
"16400",0.60307938717791
"24030",0.601516516864546
"13680",0.599108508057183
"103711",0.596963943351587
"14113",0.596172588979707
"19650",0.595305628957532
"14731",0.594821742157343
"57908",0.591723473415906
"240514",0.591154688446786
"13167",0.5877274295822
"67922",0.587622571043826
"66513",0.587073881375628
"16832",0.587005180214325
"78816",0.586943337297463
"240913",0.582903805834985
"99138",0.581407318306638
"26416",0.57872821710756
"66151",0.577616228366988
"93882",0.577046232952554
"100101806",0.576315136077035
"77090",0.576006085886452
"230738",0.575827267783597
"227696",0.574845249688461
"14991",0.573938037714172
"56219",0.573147656027761
"107321",0.572794716796324
"75731",0.572779230792801
"26445",0.568919086071459
"73225",0.568713657870567
"231842",0.568574992359931
"67112",0.568506607863202
"104859",0.568096120809005
"76850",0.567635943554919
"14709",0.566040330138721
"72542",0.565340199137953
"319263",0.565089668058651
"100043915",0.564825397180786
"52174",0.564602552133064
"232491",0.564000850955966
"228850",0.563461266666496
"15191",0.563148744281379
"56397",0.563031820572925
"211007",0.562156155624124
"66911",0.561399253273117
"53333",0.558419420975784
"404634",0.5582104621154
"231863",0.557211060743317
"12305",0.55715568243939
"71919",0.557062677151676
"21683",0.556907827593158
"69912",0.556360065484142
"57246",0.555834792492293
"72022",0.554031101653208
"20441",0.553625253631289
"13663",0.552955048439083
"66390",0.551052889065763
"22158",0.549831698880196
"69297",0.549219504294827
"236511",0.549193395613856
"14594",0.546746380716289
"67955",0.546278681778144
"12345",0.545784515318272
"67088",0.543240484414114
"70568",0.542863374844073
"237781",0.541464543237369
"54632",0.538029277776312
"12649",0.537539988031015
"381644",0.534739033980541
"23827",0.533970669512845
"213484",0.531390965903273
"319650",0.531077972258143
"212999",0.530674127829887
"68291",0.529510670330223
"75425",0.52769928588868
"67217",0.524609218601957
"271005",0.524439955869099
"67170",0.52385199322535
"101543",0.523629374054663
"66323",0.522607439007099
"66538",0.522074798776298
"67008",0.518560247809207
"320709",0.517788290769999
"13481",0.516558341545899
"76365",0.515603148738719
"269060",0.515501731927775
"242466",0.51501332449968
"73422",0.513010173637199
"231014",0.510051211108686
"14402",0.505107397047897
"386655",0.504806288154838
"22329",0.504351049014094
"15530",0.502967609807293
"338523",0.502693529151976
"433956",0.501148427608249
"13179",0.500108210695073
"244152",0.499296402432063
"233905",0.498528642523055
"20148",0.497958910859176
"217707",0.496410321901239
"219140",0.495712576290314
"434156",0.495699539194027
"333433",0.494420492946771
"67618",0.494314976003747
"244853",0.493104940386228
"433806",0.493070592136468
"14548",0.492925512921933
"76252",0.492652019323656
"218811",0.492304185668553
"67471",0.490800921671806
"104401",0.490610192897335
"11783",0.489045123872487
"57837",0.488662123812959
"66368",0.488453002401262
"76608",0.488199266802913
"67439",0.486823115808543
"68875",0.486562508746797
"14284",0.486138422009692
"20853",0.482633153940776
"17705",0.482538044782067
"68193",0.482065344509661
"114774",0.481099593193553
"16413",0.478648366832713
"100042807",0.478597641042151
"14296",0.478051097558386
"52502",0.47605058522125
"101739",0.47548455796872
"72123",0.474971653196142
"269019",0.473576353539595
"381287",0.472781491508196
"70603",0.471255913557395
"235036",0.471175800380075
"71393",0.470599755019058
"67154",0.470360226626574
"19712",0.467640819325617
"218454",0.467613288426263
"77622",0.466666675734074
"27886",0.464667759578032
"66647",0.462162720054294
"224273",0.461897896946165
"56444",0.460701677848787
"75533",0.460008379779187
"241694",0.459409856864777
"50791",0.458434435705578
"30940",0.458400687802725
"66922",0.457305777046614
"243834",0.457244274051389
"216846",0.456408687507564
"233280",0.456069990439416
"545124",0.455989506362932
"27223",0.455647778644684
"106821",0.455608678982714
"224813",0.454477624358935
"13205",0.453948265032358
"69186",0.451802906853272
"223453",0.450833632617134
"100040531",0.450594179434036
"75860",0.448996670259491
"67239",0.448818527286174
"791260",0.448363522836151
"69077",0.447949372770976
"68241",0.447901429643154
"19013",0.447097855260346
"67619",0.445552903648396
"102866",0.445518449293278
"76854",0.445146010663002
"70238",0.444794831725042
"277396",0.444549353660986
"723895",0.444095702337408
"68082",0.442922562154608
"20643",0.440726546425347
"330050",0.43897646367651
"100043597",0.4384503533979
"216853",0.43822122711444
"22174",0.437910276959175
"66131",0.437739383449039
"15482",0.437597612556603
"76793",0.437335052377657
"67264",0.435826310818984
"240064",0.43571207645793
"52670",0.435393112207247
"69305",0.429987292889517
"67444",0.428121100128036
"387314",0.426345914098236
"192119",0.426122581142842
"74430",0.423608335074814
"67317",0.422699610469459
"329165",0.422145922126293
"76832",0.421244317962788
"19368",0.420142063339764
"210126",0.419829034388284
"654820",0.418114891117368
"13401",0.418107695961778
"229011",0.417282763593206
"66960",0.415109850257971
"15006",0.41484692533445
"68911",0.413071067574019
"71313",0.412582630639278
"67011",0.412431247915364
"78829",0.412251176308102
"545471",0.410504870037161
"22259",0.410019524167618
"110557",0.409729651037393
"51960",0.408940685952526
"15007",0.407739656156493
"193736",0.406063768384406
"224727",0.404943908340232
"75641",0.404600496244947
"225326",0.404403107237922
"73229",0.404016189111341
"26905",0.403100902865284
"20541",0.402737645088923
"626802",0.399824803378303
"215615",0.399013481228562
"14841",0.395684945456447
"231642",0.39559799188383
"17127",0.395507194779037
"76539",0.394813482284182
"17961",0.394158848643089
"320563",0.393057929317818
"18120",0.391378109931037
"66148",0.391172824200803
"18227",0.38812467083671
"18806",0.386586711357011
"66356",0.385904677903653
"14745",0.385558862523729
"494504",0.38356600396411
"269704",0.383410061653391
"70675",0.382736936291129
"12409",0.382161226144031
"16434",0.379873648672327
"27399",0.379657676693144
"28135",0.379511440671855
"69215",0.377934598029815
"622675",0.377342477188983
"216197",0.377118250152454
"114229",0.376718157421252
"67075",0.375425312978943
"53886",0.374687142575661
"12419",0.37305453610078
"56375",0.372692587143944
"100503043",0.372250630748445
"72175",0.372050065030369
"338366",0.371767545506997
"11569",0.369949222572331
"67949",0.367987357384966
"56317",0.366899583599254
"22654",0.364165195634922
"16371",0.364144327456329
"21881",0.363588352549403
"19428",0.362348655971396
"66058",0.361282224228745
"75698",0.360921821576189
"11722",0.358784142595477
"69101",0.358498502962776
"17909",0.356888597824381
"319554",0.3568386669066
"319675",0.356585698747392
"108124",0.356583807633289
"16323",0.355989741323063
"237253",0.355098461417435
"12496",0.355038356477825
"67765",0.354568921077203
"66597",0.353301574640768
"99003",0.350594893457134
"117591",0.350553329907496
"68652",0.35037218419701
"69066",0.350283010282392
"69019",0.348493154177031
"67194",0.348402767443523
"210808",0.347298783732431
"208618",0.3444559256627
"15490",0.342307931088871
"74868",0.341880681582466
"56612",0.34186482286004
"19889",0.34143450921283
"194655",0.341064373422688
"319190",0.338216903939094
"209558",0.337402117001662
"68948",0.33675583677404
"71833",0.335563053786338
"100336",0.334160852991539
"544678",0.331543701495432
"233806",0.329565655864268
"70456",0.32956328044374
"11481",0.329247959896347
"68612",0.328865810716414
"71302",0.327602050285266
"11997",0.325948534774091
"380773",0.325864062089815
"56460",0.324947732805278
"223754",0.32244088481277
"102132",0.321592557911802
"329065",0.319553531662273
"225523",0.31917637384672
"69860",0.319163110210811
"107733",0.316962055565282
"56443",0.316841570538439
"56367",0.316382100964131
"237886",0.311402510083159
"382056",0.311390141451159
"72333",0.309670852749339
"13544",0.308629813785954
"14297",0.307724103180242
"12359",0.306395330880772
"56752",0.304500956483088
"104009",0.303308394849045
"209462",0.302885134671716
"21954",0.301674917761772
"328580",0.299613180788993
"108686",0.299353703119743
"97848",0.298859897442785
"105377",0.298751194490318
"93742",0.298199646759398
"12068",0.298142511142117
"214489",0.296206013910022
"14169",0.292967132705255
"226250",0.290509602195028
"107746",0.289159319867718
"100504734",0.28872949042953
"233876",0.288094746247643
"18983",0.288064015649249
"72828",0.285476140674695
"17760",0.284859624795207
"11938",0.284289108136291
"218490",0.283233720230831
"67087",0.283119237783487
"171167",0.280980876424454
"66838",0.276599233613833
"232987",0.276270434199578
"243819",0.275962005836655
"72495",0.275644187244455
"21872",0.274112917318458
"433926",0.273725915047589
"54215",0.273342364826519
"72338",0.27223445960074
"67834",0.271923967129729
"17344",0.271896955235901
"216820",0.269291022669438
"17717",0.267231851823664
"171531",0.266883942850274
"20224",0.263919450155492
"24109",0.263265684696633
"110253",0.261156654165903
"107885",0.259243533788826
"20931",0.258326053398762
"72886",0.257248320962506
"237615",0.25449749853435
"227526",0.253321660326687
"66435",0.25228907855726
"630579",0.252254515510337
"242109",0.251459124596998
"13982",0.25045829328727
"78752",0.249401536359487
"56055",0.24839075909242
"72993",0.247118723184778
"69837",0.24689326914187
"59038",0.244723127976698
"67459",0.244243757823318
"327954",0.243393114438534
"231464",0.243084772817601
"68565",0.242794335168292
"14998",0.242732306190781
"26377",0.239152989366822
"72599",0.23800540328236
"338359",0.237948027471305
"17869",0.237776179077251
"171567",0.236934243331487
"67921",0.235910197958166
"74559",0.23456492040144
"231887",0.234003009693581
"67269",0.233416808257881
"20706",0.2333476899281
"11787",0.228702908366171
"212728",0.227966625810998
"232943",0.227555832306139
"11564",0.226142908857204
"246229",0.222101254343866
"17126",0.221868032219062
"27058",0.220714425997968
"13557",0.2199633526892
"11807",0.219821093309773
"71544",0.219561336393817
"380711",0.219110497233034
"231841",0.218811785896382
"233276",0.218197764577332
"353258",0.217275315864723
"26559",0.216092672752849
"22275",0.214462932156797
"110012",0.213274252158054
"319701",0.213049290781542
"11856",0.212635671953554
"66089",0.211753004985127
"70240",0.210669412360041
"109778",0.210308973148466
"15354",0.210179408153312
"16401",0.209356218265566
"67186",0.208146427935339
"217026",0.207408002001809
"19941",0.203530795158787
"70719",0.202048475617413
"74479",0.201463213143084
"68394",0.201128948492559
"66506",0.200437816303711
"70591",0.200020565128759
"69178",0.197354506857939
"94282",0.196158862907137
"76654",0.195691727930056
"69882",0.194618696317941
"99887",0.194450555083099
"21411",0.193280876755259
"66049",0.192488195490153
"22422",0.192332517975879
"243983",0.191129023728859
"98999",0.190622555497947
"56447",0.189094221324447
"227715",0.188394799805225
"60507",0.188298719919831
"74044",0.187158216948781
"232989",0.186566210639902
"211378",0.186229972233662
"16477",0.18601209880734
"109929",0.185380827151832
"78586",0.185057436741515
"26562",0.182022119642657
"216177",0.181767178775958
"14069",0.18150063441102
"13728",0.181183165964646
"230779",0.18101627575079
"382030",0.180759869418549
"67642",0.178726027717245
"68533",0.178299622726618
"67640",0.176275841095465
"76367",0.175907702874039
"18973",0.175311416801709
"72482",0.175219535849285
"30941",0.172723602363625
"64291",0.172659214993131
"77407",0.171873609287491
"319322",0.170490796750962
"77116",0.168255082121011
"641340",0.167676516701607
"19134",0.167293149559327
"223527",0.166849101412895
"329795",0.16630193425427
"72895",0.163675336434436
"67774",0.163566914780296
"20215",0.1620281473107
"109305",0.161604891183944
"71767",0.161277281980571
"22187",0.159590676925039
"72149",0.157493032916559
"117589",0.156441461922318
"71148",0.154690846234661
"70552",0.154576557827933
"93683",0.154284140529616
"70123",0.152985440268293
"21418",0.150904162943872
"84095",0.149819213360521
"547176",0.14903108795625
"26886",0.147418628782089
"225288",0.146986002764985
"106025",0.146178170466355
"215814",0.14497933092758
"12366",0.144970803542373
"242253",0.144663732045124
"17718",0.14453393601996
"76338",0.144417489328031
"68982",0.143930598634055
"269604",0.142947230368733
"21665",0.142459865527027
"68525",0.141629918261839
"68799",0.141419176236905
"98170",0.141315232385735
"68306",0.140507638856908
"66664",0.139166254667599
"67865",0.138525908282572
"237412",0.137811012446854
"12448",0.135952805627243
"224020",0.135493295384161
"245522",0.134411963520764
"209224",0.132614958005624
"218952",0.132061931648584
"238690",0.130959046029832
"18619",0.130217522720013
"67037",0.129382539452917
"19697",0.128198148309508
"100041979",0.127268246690509
"74729",0.126333996308636
"20195",0.124940874426171
"218832",0.124938578111504
"68777",0.122629808204313
"50758",0.120871917379207
"110147",0.120493810812171
"69627",0.119207480487545
"59079",0.118834199938144
"20660",0.118433681163622
"21812",0.116835264864314
"433938",0.115944759436963
"69137",0.115837514486281
"231583",0.115579753516506
"94040",0.115461785515865
"264895",0.113892517478401
"75212",0.113612758017785
"100041585",0.113492226775855
"59014",0.113021223956738
"218699",0.112305623053104
"70239",0.111512360987245
"15403",0.110412797958925
"72135",0.109853286474783
"17425",0.108398165241131
"72543",0.107971591259837
"70615",0.10644908190973
"18762",0.106428349650242
"56280",0.105646810861263
"28019",0.103828333878224
"22594",0.103185973172242
"108098",0.0976231781866395
"18130",0.0967571170992668
"19353",0.0967524588544364
"75870",0.094516631766008
"67878",0.0937288894092703
"22380",0.0925057529690656
"68292",0.0918081028081787
"67923",0.0903505170348806
"106794",0.0882844095430934
"18807",0.0873346640440564
"23894",0.0841951300591686
"217039",0.083785095667733
"70122",0.083772890220142
"171543",0.0825834505764097
"12173",0.0808055536425839
"68219",0.0795094186783399
"210853",0.0791959735155328
"330671",0.0777681081713951
"16161",0.0757898652919188
"68925",0.0755399400140336
"18817",0.0728399804208938
"30939",0.0727365942032806
"11797",0.0720163875973303
"208836",0.0713042084560753
"75761",0.0710711800007038
"97122",0.0697988694604322
"78309",0.0688339059951326
"74597",0.0676384521330589
"13430",0.0670833467774115
"18160",0.0661975411038464
"94232",0.0654249613819238
"72826",0.0645236792958802
"23873",0.0642596837443344
"408065",0.0642359610522358
"11428",0.0630932296827034
"11482",0.0629773742811115
"104110",0.0619235431641193
"15260",0.0613762949518606
"16351",0.060033585636965
"73288",0.0599563528137996
"117229",0.059021853014156
"69480",0.0573755305534447
"13476",0.0548016124541593
"223921",0.0547605265873711
"234733",0.0542169433152304
"69064",0.0540978504460067
"73293",0.0533134863136372
"68642",0.0523750888046718
"211577",0.0518644409173543
"230761",0.0517708255915116
"70408",0.0517478336926768
"70998",0.0507537495456044
"17156",0.0454645624568624
"407819",0.0454385853350415
"104130",0.0447068550941304
"54402",0.0445776732380631
"14772",0.0437154338815535
"15516",0.0422291513908675
"72692",0.0405405584508852
"77605",0.0374571316790693
"17706",0.0372066617787601
"226098",0.0369453805903983
"66694",0.0368833087949243
"56708",0.0342087871363136
"319176",0.0335822420620863
"66665",0.0334137992522695
"67144",0.0333924706918065
"73683",0.033158716154006
"74763",0.0327071356426698
"97827",0.032680544457117
"69277",0.0324376816889176
"228550",0.0321798732168334
"17536",0.0300497203367644
"27801",0.0291189388442665
"245841",0.0274267934638949
"53328",0.0264265813452752
"68016",0.0259127881867584
"20360",0.0255106937503413
"67255",0.0254766241338299
"232879",0.0242224616394341
"13543",0.022279202922708
"70059",0.0214515416084924
"16001",0.019824127933929
"16162",0.0173908675157286
"245174",0.0168567504731212
"69940",0.0164704183028537
"140488",0.0161388793248233
"11927",0.0153268979827414
"380608",0.0148713609588603
"23825",0.0147768341980204
"68505",0.0145303101356173
"66866",0.0136911280776786
"66296",0.0135938529325263
"20874",0.0130688370970686
"67394",0.0127226125569271
"64010",0.0124593968290019
"223255",0.0124532757844352
"13419",0.0106696159398592
"171211",0.007390297144219
"19247",0.00615591125176146
"74022",0.00440089020462378
"70772",0.00419554838754348
"237775",0.00415805382137792
"77582",0.00413979188834253
"246196",0.0026364916113424
"107951",0.00245180305902795
"74528",0.00149542290877289
"21915",0.000389809372183595
"24056",0.000231540789396563
"219135",-0.00244741395503312
"56306",-0.00403808004437122
"69706",-0.00419221931790434
"67893",-0.0059502168237822
"67542",-0.00608803501710168
"59049",-0.00705722419472084
"241113",-0.00739948052306054
"12215",-0.00763066473124437
"239102",-0.00794176027467606
"22151",-0.00911548569916912
"66790",-0.00930979854491531
"231803",-0.00941683314700166
"23921",-0.00962437928973795
"54392",-0.00974189247354115
"26451",-0.0102789075099318
"18142",-0.0117364727072521
"544696",-0.0117408023433446
"97908",-0.0117950066714082
"55960",-0.0128324595050583
"382252",-0.0139594227316591
"67937",-0.0148913861805183
"68046",-0.0150235048615945
"212073",-0.0153744560097065
"14862",-0.0154424855478251
"71998",-0.0162314265447202
"72056",-0.0172670392959918
"21924",-0.0219839425664478
"320769",-0.0221519216671928
"71665",-0.0239943814543505
"73863",-0.0245636247710047
"243197",-0.0257116278105332
"26364",-0.0284330660361487
"68558",-0.0284725766607265
"228033",-0.0295628635793893
"16322",-0.030486199101476
"19231",-0.0313825822642455
"27681",-0.0315815148563898
"78405",-0.0324444143899163
"12036",-0.0324958240282046
"69537",-0.0325746126553363
"72325",-0.0329991777407276
"101351",-0.033068837825698
"108154",-0.0332468195800259
"70317",-0.0337376085930385
"216119",-0.0348258719342739
"238988",-0.0351321230962426
"66234",-0.0371030179979415
"240427",-0.0391419300438822
"73610",-0.0394535006767406
"108014",-0.0411553111874634
"51792",-0.0431274436035305
"71307",-0.0431292650879301
"21885",-0.0443847824464544
"241547",-0.0464969553935853
"15078",-0.0493993829641911
"228715",-0.0496478600860176
"233899",-0.051707525970593
"73046",-0.0518551632659341
"100040563",-0.0520248186427172
"23885",-0.052163328009793
"72674",-0.0558970425454132
"74173",-0.0563073773499691
"20639",-0.057001249022264
"100043348",-0.0581733886421557
"66373",-0.0583429238273254
"56332",-0.0592840888268996
"54614",-0.0598658949728346
"12861",-0.0603338214059391
"68145",-0.0614844286662557
"52398",-0.061955651656947
"18582",-0.0632620909676425
"225020",-0.0635687301390876
"229675",-0.0641302658856035
"234374",-0.0645490280265038
"56707",-0.0653311912576502
"30805",-0.067747605020846
"60441",-0.0690939841421114
"266692",-0.0710890433819548
"77532",-0.0713306558995661
"330921",-0.0717961771395918
"100141474",-0.0723633165168342
"244585",-0.0727608776475705
"66531",-0.0734455468807412
"18617",-0.0749416882372186
"268903",-0.0754740462058726
"67492",-0.0757362044063576
"216011",-0.0769197485620286
"56462",-0.0773995935822188
"433470",-0.077783858373823
"241525",-0.0798071514324431
"54189",-0.0801119529569441
"74251",-0.0812445003688591
"68493",-0.0819203902006371
"225895",-0.0837982184985777
"74132",-0.0850703132338805
"68581",-0.0858818679931258
"236732",-0.0883069126788284
"242620",-0.0904626006866402
"56009",-0.0906185490223292
"67528",-0.0914373713202191
"67119",-0.0915836016266233
"27364",-0.091635026602386
"216505",-0.0919262093369026
"66055",-0.0925254596858275
"26936",-0.0935324046562779
"67311",-0.0961540433357687
"71684",-0.0988801185913799
"108673",-0.099871573703112
"67370",-0.100332596935336
"12263",-0.101845953266908
"11513",-0.102528970064393
"19355",-0.103118882796017
"240066",-0.103833100812062
"68332",-0.105185430670086
"232339",-0.105763155816987
"208624",-0.106426575527962
"52662",-0.106742571724225
"66349",-0.107198654408772
"18457",-0.111648432055017
"24100",-0.112290408380057
"240084",-0.118808196437233
"20729",-0.120475891338715
"76132",-0.122094490032453
"320302",-0.122096412419729
"268759",-0.122363748533972
"68839",-0.122885127433085
"70227",-0.123464184084276
"16835",-0.123485266984626
"71461",-0.12433921780836
"242642",-0.127182828470149
"74025",-0.127735898285808
"14385",-0.132551979386061
"17390",-0.133048589357885
"235567",-0.133580040949252
"67457",-0.134237329392204
"66594",-0.135080819842574
"74205",-0.135466726476324
"66585",-0.135559634237296
"69893",-0.13613037759196
"18245",-0.137671601277659
"59126",-0.137938747166176
"69379",-0.138709043225438
"70155",-0.140542242402444
"239170",-0.141320652013993
"71481",-0.141627445247446
"170731",-0.141981401027127
"59030",-0.142551346030833
"68889",-0.143052233392619
"19871",-0.144144209250496
"54353",-0.144977979443624
"70572",-0.146572167951032
"68618",-0.146883283819298
"72145",-0.146919315062231
"278279",-0.147258059993451
"21343",-0.147325082510092
"319181",-0.147565340817649
"234836",-0.147669918312564
"94230",-0.148110873774508
"319167",-0.149603250298497
"56012",-0.15004165150893
"56734",-0.150146937616379
"193043",-0.150424216524744
"71004",-0.15047069882902
"225467",-0.151079356045617
"235469",-0.151499906482856
"433323",-0.154326511336942
"26457",-0.155476817542313
"71723",-0.155797445630598
"12462",-0.156359808943182
"280408",-0.157180876029384
"27214",-0.15732974089338
"29867",-0.158262391951477
"11641",-0.158271423947818
"53332",-0.15862850170067
"239559",-0.158978014911215
"226409",-0.159789029014707
"217684",-0.161650246411339
"76894",-0.161698984519845
"68463",-0.162156122874209
"83436",-0.16360050356562
"68792",-0.166036184065207
"107250",-0.166723882402614
"217198",-0.169048508010696
"11804",-0.169274891533555
"100340",-0.170237582507702
"231151",-0.171709988952778
"73204",-0.172996829202815
"70620",-0.174047218445943
"192287",-0.174688770876286
"26370",-0.175303421443576
"68040",-0.177873561064528
"67065",-0.177961389502415
"66998",-0.178927383527356
"74123",-0.179214081246618
"244548",-0.180154741852981
"545938",-0.180270028499042
"54375",-0.18519709172117
"58218",-0.186181997676221
"16562",-0.186834844606806
"212503",-0.187605856012157
"232910",-0.189083678613168
"51885",-0.190807116934716
"20222",-0.194107600681303
"17965",-0.195518623403437
"67665",-0.19636040491274
"240518",-0.197017645126028
"68671",-0.197604215927646
"70425",-0.197889930871316
"246707",-0.201448348024095
"268291",-0.202549842899287
"232798",-0.205473923723559
"67946",-0.206286385054962
"15116",-0.206431814482103
"68705",-0.206876170742429
"110895",-0.207026217378702
"319155",-0.207773905554699
"380850",-0.207955485829138
"13138",-0.208817169715122
"243958",-0.209408716733891
"22334",-0.211728694265885
"223455",-0.213751797526046
"24061",-0.214586403072347
"108989",-0.214695669644238
"67020",-0.214829397870254
"242747",-0.217225287829015
"56305",-0.218571168091356
"20316",-0.219013895867231
"242607",-0.219388213456154
"57317",-0.22003090144889
"53761",-0.220218966874624
"75424",-0.220940954385294
"106522",-0.221168258327446
"15460",-0.22173952865328
"68197",-0.222214575711807
"71962",-0.222313469601319
"76809",-0.222724286002835
"226144",-0.222815414216894
"208117",-0.223123859812096
"19899",-0.224694994124734
"320150",-0.226042311738647
"66427",-0.22630303054818
"23805",-0.227826669162104
"192193",-0.228169142607349
"22779",-0.228785903568184
"66359",-0.230508923011021
"56706",-0.231023287727583
"22070",-0.232947575388054
"68151",-0.233080455725097
"72002",-0.233687858360719
"14228",-0.235561850374098
"66808",-0.236673086656897
"319179",-0.237274315640661
"74741",-0.239535263955079
"625328",-0.241867526457671
"68567",-0.242387052279616
"100043771",-0.244347093486191
"66256",-0.244967795828857
"15395",-0.247903669249514
"26556",-0.249513569767083
"68487",-0.251300614226739
"67897",-0.252184547254043
"19094",-0.252443269954195
"99526",-0.25481368016354
"20935",-0.254994217693571
"11487",-0.255112643829996
"26404",-0.255839375439617
"245240",-0.256838753202748
"17859",-0.257629666517686
"73921",-0.257647125287928
"234875",-0.257766484291281
"22695",-0.257805711583296
"319822",-0.258046953574856
"23797",-0.25910188821187
"18753",-0.25949516033082
"22678",-0.26027785751495
"20019",-0.260500737336608
"235442",-0.260863852271418
"330301",-0.262259929768893
"14371",-0.262975118963339
"54411",-0.263011302558458
"73208",-0.263019380285504
"104416",-0.265475782169481
"16814",-0.266049921527351
"103266",-0.266475870775744
"109145",-0.267126072155483
"56050",-0.26759595232242
"77994",-0.268554344658583
"19691",-0.270532297880887
"215445",-0.270568465178196
"68810",-0.271809211460715
"114584",-0.272807540492974
"64657",-0.272893622168104
"67296",-0.273026794190463
"21771",-0.273259612989284
"78655",-0.276769093009572
"13008",-0.277352379260017
"14205",-0.280229898509847
"14825",-0.280923356260645
"329509",-0.281168201250267
"56737",-0.281873811481732
"20947",-0.282701990952028
"546387",-0.282991398608348
"17294",-0.284350724638271
"68559",-0.2847187910818
"192192",-0.28552620842088
"100040944",-0.287086985869754
"11642",-0.288193501023844
"330914",-0.289233102941309
"595136",-0.2895549340931
"12569",-0.290328961558158
"106672",-0.2908292634661
"71151",-0.29114362160294
"100039707",-0.292284130335661
"12343",-0.293194938076408
"58804",-0.293283267927096
"72404",-0.2954459953251
"70918",-0.296952747466946
"22781",-0.29695304530036
"216739",-0.297333489393634
"20352",-0.297493683302855
"100034361",-0.297580307276546
"415115",-0.298856477338841
"72425",-0.299549108198297
"77683",-0.300230999990527
"103468",-0.300720986939811
"70611",-0.300867130607167
"319158",-0.300911877911055
"22687",-0.301085183708994
"17295",-0.302103323336323
"69527",-0.305306202212763
"22639",-0.305343074585793
"54399",-0.308060951019399
"331474",-0.308515098526977
"69942",-0.308761576641402
"629016",-0.310254475199733
"27103",-0.310598582517942
"17756",-0.311562057759891
"67263",-0.311934994171791
"67770",-0.312164292472816
"68675",-0.31250959238766
"223696",-0.317861457092098
"12857",-0.321477590064113
"110784",-0.321747674350246
"78689",-0.323380382226536
"22612",-0.324648926481291
"67846",-0.325450255504186
"12575",-0.326265071038462
"11692",-0.327460300416567
"11655",-0.327978700332589
"230145",-0.329310142539958
"116891",-0.329836636569311
"71856",-0.330047547242429
"229279",-0.330113962311209
"320717",-0.330624433803784
"26411",-0.332852741448193
"17719",-0.334700204452652
"212514",-0.335061777262519
"20018",-0.336135472219693
"59032",-0.338622984762854
"228790",-0.33901244336959
"73296",-0.339163572269941
"68277",-0.339446260852363
"64294",-0.340369860976601
"101985",-0.341669531199651
"330216",-0.343423009698898
"68281",-0.343979786905197
"67993",-0.344725766366575
"16329",-0.344741697752981
"30045",-0.344908988325745
"11622",-0.345609016531233
"56513",-0.345870684573798
"13669",-0.347279750210378
"432611",-0.347597909904367
"71274",-0.347615282168557
"21927",-0.347956296864831
"68032",-0.348976050621114
"68833",-0.349452143494166
"69694",-0.3503007245487
"170439",-0.350691300825773
"12549",-0.352394884452005
"77045",-0.352512324024887
"77609",-0.353414694455492
"94245",-0.354544471924205
"67759",-0.356059468862377
"17846",-0.357882634817365
"19166",-0.357983968771381
"13063",-0.358366124472279
"17973",-0.361535558682494
"235330",-0.361655311783433
"20818",-0.362705656902682
"29875",-0.362869895707378
"72899",-0.36340876861078
"227648",-0.364178065414485
"13043",-0.364595702412228
"16842",-0.365031434157285
"226123",-0.366521266546052
"22351",-0.367105919917596
"69358",-0.367617920658232
"218314",-0.371163970533839
"211151",-0.372932993496808
"21987",-0.373740221078081
"93697",-0.374410189823848
"93736",-0.375466503137802
"27414",-0.377107364911109
"56857",-0.377620910438732
"56517",-0.378677493171667
"72293",-0.380057107873243
"22770",-0.381493364611901
"12151",-0.381595488509846
"26410",-0.382623259942271
"52150",-0.3843841904538
"18673",-0.385114834340342
"70544",-0.385764930843803
"20638",-0.386099087949018
"19335",-0.386568897498461
"67105",-0.387199688768631
"68479",-0.387505848498351
"93684",-0.3884242416005
"76781",-0.389246823972276
"17978",-0.389625901468806
"434325",-0.3923759713875
"216558",-0.392882351586407
"66870",-0.393180723445385
"234796",-0.393984659795444
"382118",-0.394825487855894
"107815",-0.395432493102327
"268470",-0.395628718002229
"382423",-0.396708524531135
"60455",-0.396912082047141
"73713",-0.397738064606045
"100039441",-0.398038425274785
"252966",-0.398247232218323
"21752",-0.398418446015428
"66939",-0.399825833665394
"58810",-0.400073571420579
"106504",-0.400850532228785
"57808",-0.401777234510589
"66399",-0.402526087420333
"433752",-0.406547279622973
"16647",-0.408255640970414
"226757",-0.412413028485706
"70281",-0.41251862360521
"212391",-0.413088200379591
"225055",-0.413651054681863
"330286",-0.413757622658665
"71059",-0.414220711118306
"217588",-0.417298667192981
"19876",-0.417737207211852
"382090",-0.419502411374353
"233765",-0.41954145792355
"19069",-0.419563010892588
"66704",-0.419700471541593
"69038",-0.422591148463877
"66108",-0.425410205528505
"12812",-0.425706782437267
"13445",-0.426007457555341
"338371",-0.42765670609519
"13385",-0.429255377002605
"15081",-0.430079155368964
"380993",-0.430339154393866
"12057",-0.431318435134099
"22661",-0.431706855510206
"56403",-0.43290186054347
"23857",-0.43354221579303
"67026",-0.433651448434313
"11444",-0.435620924013083
"22367",-0.436331159852909
"226470",-0.43880721319541
"72386",-0.438940412576344
"170755",-0.440003871252745
"74302",-0.440764939435088
"22764",-0.444121240935208
"18032",-0.44455093055328
"65113",-0.445027060011897
"243923",-0.445325401960591
"12061",-0.447012279296116
"212679",-0.447944635027141
"381077",-0.449585929715436
"70646",-0.450001412146734
"210004",-0.45127883017727
"71949",-0.451971593765433
"99152",-0.452520824856363
"140917",-0.452971329295466
"71409",-0.453593803636539
"18810",-0.454288023203032
"17896",-0.454313403888482
"22756",-0.454427756829884
"214663",-0.454583216386814
"319486",-0.456861220757647
"67181",-0.460462086574023
"12846",-0.460885729356601
"319156",-0.461492276007255
"22224",-0.462850375139557
"227933",-0.464894685429921
"72536",-0.465201306157362
"223864",-0.465923312916377
"75659",-0.466916612972498
"78514",-0.469558420145907
"224824",-0.470054426251675
"245828",-0.470704449333932
"68979",-0.470717128703395
"102141",-0.470976048993428
"213573",-0.472436907252589
"74080",-0.472607862115549
"83961",-0.47354610883189
"23991",-0.473737960101856
"100036521",-0.474347910476053
"19933",-0.474679529369825
"67892",-0.476460004461957
"14070",-0.476804364337695
"11777",-0.476960107376081
"212980",-0.47766234360152
"12512",-0.479677833763817
"67896",-0.480230001539346
"252903",-0.480628163171888
"235315",-0.480808962339233
"19062",-0.482971831294141
"65100",-0.483400709070899
"117148",-0.48351251645791
"545428",-0.483571995346461
"19660",-0.4846673808224
"56404",-0.485142662960229
"14248",-0.485146514755322
"58250",-0.485191969038882
"235472",-0.486763609130442
"79263",-0.487046525680645
"80744",-0.48707676705168
"18016",-0.488044867158916
"67292",-0.488225465989989
"59069",-0.490576028474384
"230376",-0.490657438336656
"74735",-0.491978265442916
"231128",-0.492455018817728
"54357",-0.494320775029009
"77041",-0.495660130686654
"74486",-0.495964117386006
"66995",-0.496126014769126
"19280",-0.498420587071438
"15064",-0.49979045856247
"12858",-0.500062839633355
"53600",-0.50059903846519
"53945",-0.502177354552184
"66686",-0.502191286275394
"74011",-0.503795839176978
"94185",-0.505075520109476
"13849",-0.505243380070525
"68682",-0.509116129052074
"15204",-0.509599343570028
"102193",-0.510227177203299
"12532",-0.511439066124135
"28105",-0.512299979504395
"102339",-0.51517108501514
"319148",-0.516580419378636
"69617",-0.516957841799115
"17216",-0.517645271512122
"93737",-0.519966872285916
"231889",-0.5216179755891
"100609",-0.52401671370038
"71720",-0.527238976443642
"21341",-0.528141691907239
"15894",-0.52847170555215
"73738",-0.52851417319164
"241112",-0.52888675127568
"14325",-0.529034422463746
"11304",-0.529159872208238
"101809",-0.529383904170986
"74670",-0.53026063987181
"244310",-0.531449865250059
"78913",-0.533062178628244
"69120",-0.53619540990686
"269854",-0.536568435701472
"68770",-0.536605951682802
"233812",-0.537028656417083
"218639",-0.537399562188959
"72080",-0.538152839773679
"80297",-0.538256992041264
"22319",-0.538263957822467
"20708",-0.538507094325125
"319772",-0.538641062160744
"319594",-0.539303533936646
"20977",-0.541543554474282
"210711",-0.541926203827909
"66420",-0.541951571872092
"54635",-0.543652440117476
"56031",-0.545585477412908
"213452",-0.553841816965085
"22404",-0.554043649039569
"54194",-0.554456927133812
"170772",-0.55478009139773
"13427",-0.555200245871819
"71538",-0.555544569578598
"102124",-0.555558885629457
"74309",-0.555786212021071
"17218",-0.557718963859738
"433809",-0.558186466955957
"208228",-0.55849983358311
"56351",-0.559117839205746
"98396",-0.559440468586568
"118449",-0.559691169992641
"72661",-0.559727121934177
"59024",-0.560199872147517
"235504",-0.561566022863447
"19775",-0.562106569890711
"83796",-0.566747972029778
"264064",-0.567620417783318
"100041194",-0.567825278315653
"654788",-0.568081773944656
"21936",-0.569359659316425
"72147",-0.570000303023746
"28146",-0.57012458937215
"105349",-0.570309231508435
"20336",-0.570412363627951
"69798",-0.570441060913185
"17765",-0.571020630747667
"14226",-0.571366855180588
"19361",-0.571734542706273
"68214",-0.571799256454765
"217151",-0.573484553654244
"207607",-0.57513505867319
"211535",-0.575694794756035
"76223",-0.577045373211905
"56361",-0.577573565552567
"211255",-0.579590597284457
"15434",-0.580078661590799
"73582",-0.580086802386709
"546726",-0.580609034171316
"13423",-0.581367058216239
"18166",-0.583078671673288
"16467",-0.583402756626571
"67615",-0.58361724142965
"56347",-0.58412051787213
"224530",-0.584520446636524
"69046",-0.58474481215233
"218543",-0.585307055391871
"66648",-0.588210300511953
"77593",-0.589402564300483
"78943",-0.590210885338948
"22590",-0.590637897744352
"381067",-0.591089191569103
"108153",-0.591374606452065
"67288",-0.595875681850426
"66671",-0.598439606389716
"17749",-0.599098098602875
"98417",-0.599357926654649
"69126",-0.599651091106518
"74504",-0.601543281228594
"66202",-0.602172543972796
"14131",-0.602617888787296
"22751",-0.603321759521801
"73835",-0.603575300985213
"19300",-0.603812219743384
"69068",-0.604074062581753
"17722",-0.604474995026618
"216874",-0.604554516839527
"19197",-0.604845056788228
"66278",-0.605242878408954
"67078",-0.605612208736153
"66353",-0.606464907094353
"619301",-0.606611475669147
"66073",-0.608215158666323
"224630",-0.608298056952344
"67070",-0.608752087712147
"73166",-0.61079052524964
"67072",-0.611145535247025
"228005",-0.611610730995098
"224938",-0.611757306167466
"68636",-0.611791844068296
"216150",-0.612193956198803
"271970",-0.61256494811248
"12349",-0.612893873368744
"12623",-0.615976900478712
"67109",-0.61604293865334
"11669",-0.616513338085183
"60364",-0.616990566499328
"67894",-0.620154337045353
"271144",-0.62341557159658
"54325",-0.623771725383836
"233189",-0.626268684436882
"71448",-0.627900710944069
"211945",-0.629012170114484
"76187",-0.629918882450301
"80902",-0.630691625372219
"66330",-0.63166701965389
"18195",-0.631790202844115
"27281",-0.631929815165896
"59048",-0.632050206460808
"12828",-0.632332059104413
"78921",-0.63352805781221
"217431",-0.633559550191362
"16468",-0.634103027269213
"12405",-0.63619540186512
"12238",-0.63729006277013
"69478",-0.637537474526438
"235956",-0.637900767587442
"242557",-0.640260929865145
"72477",-0.641038507468016
"56698",-0.642079123573173
"101122",-0.642297567382983
"12293",-0.64253202580943
"226747",-0.642862814622798
"239618",-0.643452806276329
"50798",-0.645383331145287
"71163",-0.645523229707848
"13877",-0.6458742670398
"109880",-0.646854123476606
"68023",-0.649690178173283
"18786",-0.650857471213612
"103583",-0.651234966437982
"70616",-0.653449531941774
"19823",-0.655254098258825
"230696",-0.656028490172752
"18140",-0.657462604106088
"66231",-0.657482583251327
"69082",-0.658369446854205
"18139",-0.658739024208853
"70461",-0.659661942339494
"68897",-0.660494258676368
"77559",-0.660651899439235
"214895",-0.66134872228556
"319161",-0.663355968995464
"231225",-0.663802631172669
"12322",-0.665267544614843
"74157",-0.667154273618695
"100986",-0.668235497160667
"211286",-0.670148250658579
"16418",-0.674643593562195
"434232",-0.675322361064467
"231510",-0.676001382523033
"269061",-0.677446830536269
"58193",-0.678764710601672
"56456",-0.679971965240226
"544922",-0.681928164457216
"50788",-0.681963389866554
"387194",-0.685138079253674
"231413",-0.685418651022805
"237911",-0.686319794667335
"16000",-0.688051887420517
"56356",-0.688067877452728
"75553",-0.688537693463209
"330627",-0.68919352462559
"67994",-0.693881063862211
"73338",-0.695895540796688
"15402",-0.697041362014862
"66411",-0.697637964234566
"16172",-0.697911727890302
"223658",-0.69797045964449
"14735",-0.698785015352764
"75619",-0.699275119232564
"12615",-0.69996402764004
"66437",-0.700037877771707
"18190",-0.700445655546062
"30945",-0.701368291448749
"320360",-0.701537350125693
"211612",-0.702086348769344
"27660",-0.703963413443106
"78244",-0.704879403616461
"211712",-0.705509439561175
"98985",-0.706039845243796
"211986",-0.708248904554768
"69962",-0.7088798560119
"227634",-0.708904658999692
"99237",-0.709376573240474
"17930",-0.714611445216162
"60344",-0.714779825972876
"213402",-0.715115265479997
"14977",-0.715505341404131
"60530",-0.715730569125484
"12212",-0.717928593329975
"15013",-0.718366844086892
"94061",-0.719532228650682
"74246",-0.719910323598213
"15488",-0.723137713281251
"67620",-0.724190591481113
"66662",-0.728400101056537
"30949",-0.729385436893738
"216618",-0.729575478592906
"16594",-0.730894517646928
"70974",-0.731703603538681
"72098",-0.732302209124503
"21819",-0.733308738859471
"22320",-0.733336230994621
"239667",-0.733610868460068
"20408",-0.736963557417516
"69320",-0.737527611500792
"233977",-0.737704985245247
"73991",-0.737883965427423
"260423",-0.738540998173633
"268445",-0.739110214903798
"72284",-0.739524480694497
"74782",-0.740842043418237
"212167",-0.741340255896709
"69736",-0.742559562545299
"100037282",-0.742817587065658
"74347",-0.743582099844623
"71876",-0.744088588096457
"20663",-0.744351675836375
"245532",-0.746045555924173
"15166",-0.746149280618713
"68050",-0.74657362796571
"66200",-0.747466642417497
"240753",-0.750056839794686
"14724",-0.751673969572874
"83671",-0.752277934074251
"17720",-0.752314986769714
"110213",-0.753026119685406
"11515",-0.755179258392842
"67704",-0.756449269095383
"268783",-0.758017947297018
"72415",-0.75810328274555
"85308",-0.759089594935303
"70601",-0.761228088407998
"76816",-0.761463188270323
"14107",-0.761763058481839
"12700",-0.763161506037538
"211936",-0.763967996402838
"15400",-0.765785178257113
"71177",-0.768022820571317
"20520",-0.769118402635021
"317750",-0.76946397937648
"15168",-0.76962538438635
"19769",-0.772584636177216
"12334",-0.773778372124305
"80334",-0.774360304300971
"14660",-0.774486704189683
"17349",-0.774552492047786
"26920",-0.774645755430214
"68528",-0.775387311845438
"12399",-0.775733216322826
"195727",-0.778248863227285
"65116",-0.77875012864682
"70397",-0.779033405752411
"245020",-0.779995576112009
"19212",-0.780489413592859
"242773",-0.781402533560544
"16890",-0.781819876502814
"18606",-0.781836749772414
"13041",-0.782858136131225
"108077",-0.783332883330208
"93841",-0.783406020967689
"13542",-0.785910857548077
"72103",-0.789028664078401
"224807",-0.78906457892337
"73385",-0.789724392205935
"84036",-0.790651170694905
"218850",-0.790891608256251
"225215",-0.792028542147006
"328967",-0.792775307943614
"69051",-0.794116566976408
"67671",-0.79517423188165
"114230",-0.795663637555376
"232227",-0.798854190827013
"73893",-0.799606203978917
"381510",-0.801049636273456
"108679",-0.801748428018492
"17880",-0.805028856679973
"73692",-0.806856552963418
"268860",-0.807986314279893
"18408",-0.809073505295314
"193796",-0.811373964201531
"70427",-0.811525394330544
"67131",-0.813357495977925
"68337",-0.813397830828499
"408058",-0.817177398742756
"12298",-0.817543426134016
"208967",-0.819478542554134
"14729",-0.823043956551395
"17925",-0.823236521785095
"211446",-0.824154345999857
"327942",-0.830393263495154
"80880",-0.830909564705702
"15567",-0.832497617382175
"16716",-0.83472556853744
"104079",-0.836198078841591
"244721",-0.836853240896214
"26879",-0.838407445260683
"69878",-0.839171967160985
"68539",-0.839553369419573
"268465",-0.842479270723237
"328424",-0.842612577568649
"14697",-0.842647386151604
"319634",-0.843086208874531
"230967",-0.844454441758165
"19261",-0.844478448048846
"27061",-0.84561211854174
"66583",-0.846279191551627
"109242",-0.846305489262829
"216965",-0.847472317047038
"18799",-0.847597306606424
"239122",-0.848618108696266
"68817",-0.849680946674176
"66456",-0.849933322476036
"14584",-0.852719410922955
"68475",-0.854199846702093
"74315",-0.856174233749858
"16443",-0.856440407786395
"75736",-0.858983553875847
"102115",-0.859393749798706
"210992",-0.860058618118522
"280668",-0.8607755641076
"18128",-0.861119261406619
"108112",-0.861366951288616
"18432",-0.861378433021764
"69188",-0.86163910324993
"77106",-0.862892794969275
"214685",-0.863359786613172
"70118",-0.865091891200576
"17221",-0.865984885798214
"16410",-0.867386801542274
"70021",-0.868672602036954
"106369",-0.870442350746015
"73205",-0.870751872612634
"66169",-0.872974398943907
"15438",-0.874180823416091
"76522",-0.875821004588104
"381269",-0.876342941401362
"16709",-0.876680441714853
"73694",-0.877781738822609
"21429",-0.880748592975795
"74451",-0.881141331285363
"231724",-0.881712815105717
"71371",-0.882250213469198
"19273",-0.884326921382721
"78751",-0.885151171639442
"60594",-0.885195905551039
"16579",-0.885265124430761
"100434",-0.88542619533968
"20624",-0.885585370191897
"360013",-0.885871813503397
"66300",-0.886341097248425
"74443",-0.889456903003619
"118453",-0.890037472511914
"668158",-0.891074866397905
"19179",-0.891910021224502
"66860",-0.895476124794033
"13356",-0.895752979339199
"100859931",-0.895939185792703
"231872",-0.897016091081999
"20249",-0.900772030518802
"69149",-0.904044611777045
"74386",-0.904867703453662
"70252",-0.904921416134632
"72873",-0.906158680220883
"74766",-0.907515740620026
"67972",-0.909273372054361
"73690",-0.909456159201885
"234290",-0.91008488880312
"69574",-0.910106308513615
"105886298",-0.910762659577431
"239546",-0.911022424969509
"22260",-0.911131366344821
"12916",-0.912051355768953
"100087",-0.912618244430448
"14566",-0.913028974159155
"100101807",-0.913795839084306
"622320",-0.915315536101919
"17996",-0.91542281564066
"23880",-0.918827042733797
"14221",-0.919200052603358
"16796",-0.920763379820975
"68721",-0.921540354012059
"17721",-0.923392070333173
"29811",-0.924392208461841
"71521",-0.925559674565587
"11443",-0.926347662910529
"16475",-0.927108913824202
"14395",-0.927385553107949
"218975",-0.930051842464037
"56401",-0.930110269604753
"216760",-0.930627400842451
"319880",-0.931526909712245
"100502841",-0.931654334917036
"72556",-0.932583173074974
"52626",-0.933476734470807
"72117",-0.933652691887927
"243833",-0.935530960480441
"76577",-0.936021862203174
"723902",-0.936253593275124
"330474",-0.936542165306235
"66503",-0.938646282145707
"67466",-0.941747532186678
"12631",-0.942722355974398
"246103",-0.943345739032563
"11932",-0.943595375380336
"381379",-0.946088468876759
"216441",-0.947104597002892
"244713",-0.947405762189661
"15018",-0.947421747269419
"52690",-0.947694470271649
"18654",-0.94811945270376
"73094",-0.948948556347122
"100862446",-0.949036270894327
"67534",-0.950086755153493
"16592",-0.95055396150032
"52712",-0.952347086308673
"329307",-0.95454012723709
"72007",-0.955774235798474
"68776",-0.957229966548526
"22221",-0.957384686998344
"23886",-0.957851543605584
"70951",-0.959753524167646
"331188",-0.960194081231951
"207304",-0.961422314233437
"66765",-0.96200437440007
"245305",-0.962575899996237
"74407",-0.962658757759883
"18036",-0.963703642253714
"225341",-0.964587896167541
"117171",-0.96890321010095
"70025",-0.968905496558335
"66942",-0.969170286387582
"11847",-0.973687921777111
"319164",-0.974020859191135
"72935",-0.974164688189004
"19325",-0.97526509729636
"12348",-0.976427324502016
"80986",-0.978559829353004
"15468",-0.979282839748726
"76299",-0.980043358598909
"233893",-0.980295402754097
"76563",-0.980832753594487
"72560",-0.983228253299269
"21825",-0.983562834754165
"110750",-0.983613957505754
"80749",-0.984357514290049
"328234",-0.984407629361201
"319552",-0.98611983950951
"665270",-0.986525921922929
"94353",-0.987169618121276
"23837",-0.987462736696531
"102639505",-0.987852432799746
"73047",-0.989658252723868
"80509",-0.99157828286009
"16653",-0.992074826406018
"66618",-0.993362549894603
"19260",-0.993766217913393
"69908",-0.994888422772595
"213084",-0.995122560431246
"75571",-0.997232382487672
"24017",-0.997337399211712
"103836",-0.997780043486523
"104718",-0.997961783208927
"237926",-0.99903525465052
"71492",-0.999385061815286
"13854",-1.00210740348078
"378435",-1.00289715576559
"68165",-1.00318834333233
"269295",-1.00323946051518
"54387",-1.00342879771383
"19724",-1.00352216204552
"218793",-1.00482807473686
"75612",-1.00491963690226
"68832",-1.00564895302178
"69408",-1.00654416825711
"66152",-1.00665675220183
"272589",-1.00816421472486
"11305",-1.00872726965844
"100102",-1.00892721256853
"27428",-1.01192036917947
"57432",-1.01193516127228
"319719",-1.01216670038527
"24067",-1.01296531577087
"20678",-1.01406197584914
"229589",-1.01607250726856
"170718",-1.01794606366442
"20850",-1.01922509296512
"12520",-1.01927630957708
"18046",-1.02222490882175
"74239",-1.02365166959548
"98736",-1.02551299391057
"14804",-1.02845564838003
"330788",-1.0308529867324
"67469",-1.03221795089823
"17089",-1.03244859433357
"11429",-1.03296623225161
"75560",-1.03358001332471
"56299",-1.03362059991738
"330577",-1.0343236170272
"66086",-1.0353059599643
"15289",-1.03666255297775
"54409",-1.03692411330859
"13110",-1.03905364567747
"232748",-1.03949768252523
"383295",-1.03963349187716
"19365",-1.03974596727637
"19139",-1.04111535976142
"104303",-1.04128739556431
"21402",-1.04187650528661
"80912",-1.0424851811601
"66255",-1.04264601662749
"106894",-1.04295650939458
"229595",-1.04349793680664
"210766",-1.04421283136197
"13999",-1.04526785978975
"75458",-1.04604384183096
"27402",-1.04655454687411
"27377",-1.04690056592478
"76872",-1.04703030263761
"623661",-1.0472054136536
"72320",-1.04772373849909
"103268",-1.04816469042403
"81006",-1.05021591021701
"19703",-1.0506772280329
"238386",-1.05074741642338
"71838",-1.05090408086858
"12054",-1.05355671020546
"333193",-1.05472689249656
"78394",-1.05490664207291
"12402",-1.05494838652092
"71523",-1.05660980468814
"66306",-1.0566791940008
"67454",-1.05696621574144
"75956",-1.05698228032322
"70377",-1.05734208193191
"66313",-1.05909168092821
"107239",-1.05953662762505
"56363",-1.05964802326542
"66116",-1.05996624442033
"75782",-1.06005963275323
"66072",-1.0602688714443
"320473",-1.06162758232816
"230751",-1.06643227414028
"319352",-1.06652448878954
"233410",-1.06713111317854
"382406",-1.06775298282215
"77305",-1.07066076165537
"50709",-1.07365773313579
"73254",-1.07382930627706
"74081",-1.07494842860666
"14073",-1.07584131787219
"75725",-1.07684704179677
"331401",-1.07702436890394
"170472",-1.07845136558274
"15898",-1.07930711294308
"245269",-1.07949739170022
"66701",-1.0824811586482
"64424",-1.08477730900431
"67229",-1.08630389823984
"69802",-1.0879601791303
"11677",-1.08821178396495
"19317",-1.08954375236557
"224613",-1.09105777004155
"107448",-1.09154843485783
"210583",-1.09449641572102
"76800",-1.09474993592151
"22696",-1.09504414734609
"11498",-1.09529890280265
"13418",-1.09532346353123
"233065",-1.09664546810999
"73603",-1.09670241655112
"59090",-1.09758218942298
"217143",-1.09806914778926
"546143",-1.10040215728024
"320700",-1.10086039891744
"16578",-1.10229481927542
"69941",-1.10309639845234
"22689",-1.10437046852058
"212448",-1.10600851322211
"66293",-1.10920145995347
"68083",-1.1111515324705
"71755",-1.11208715577947
"320844",-1.11213434648068
"66259",-1.11426581104879
"66589",-1.11440710029671
"215707",-1.11531767203421
"229906",-1.11687086323983
"12667",-1.11736098590886
"11771",-1.11790236952146
"65945",-1.11820770887037
"66181",-1.11979589345785
"78658",-1.1213914192541
"217864",-1.12212187530256
"75409",-1.12514061434062
"58184",-1.12541047593821
"107242",-1.12844884796702
"109181",-1.129167496676
"73737",-1.12993940607158
"69981",-1.13008190559874
"56427",-1.13019855604772
"84505",-1.13280553685296
"17423",-1.13672681997038
"623474",-1.13686366298833
"74106",-1.13761223710921
"53625",-1.13959416263038
"22608",-1.14129732852734
"72371",-1.14184089274597
"243906",-1.14296881776545
"13202",-1.1439508789311
"226823",-1.14428067791113
"236266",-1.14670436534198
"16597",-1.14681245251494
"269338",-1.14725685415793
"67291",-1.14856348023671
"78373",-1.14928140872006
"12864",-1.14931737029365
"381290",-1.14951778428139
"76491",-1.15006028155001
"215351",-1.15050991738081
"332110",-1.15094855535753
"11514",-1.15253350016867
"57874",-1.15285447106276
"68736",-1.15518199090019
"20979",-1.15666646204237
"665775",-1.15706496508533
"18648",-1.15758468787652
"16147",-1.15817709051944
"218503",-1.15843609589172
"69640",-1.15863392294493
"76184",-1.15973499340754
"30938",-1.16009281844477
"245695",-1.1609764247846
"13813",-1.16133192221913
"54367",-1.1626397635385
"74316",-1.16363594633652
"12632",-1.16365923534046
"20937",-1.1643148214931
"237711",-1.16616530399196
"70784",-1.16623291586038
"19395",-1.16652819953331
"215051",-1.16831729122691
"19222",-1.16836799507483
"66475",-1.16921991999969
"217738",-1.17093297413762
"69684",-1.17097050995399
"17260",-1.17123822040916
"13688",-1.17267963283986
"69535",-1.1752615208495
"77630",-1.17596673274925
"217038",-1.17606192261615
"619605",-1.17651556366125
"18571",-1.17658041871844
"73274",-1.17880280300188
"319211",-1.17909003116464
"17187",-1.17962183423275
"234865",-1.1806999710776
"266690",-1.18079507993424
"74414",-1.18094226772857
"17129",-1.18100872714598
"26465",-1.18144275491055
"71837",-1.18246986819724
"75137",-1.18630412939766
"27211",-1.18746690573147
"67490",-1.18806234359636
"170770",-1.19048089687691
"70481",-1.19072786724261
"434179",-1.19169551126735
"73542",-1.1922659045214
"56807",-1.19280470339307
"60411",-1.19342513069142
"67180",-1.19369574686337
"67178",-1.19492062886131
"18109",-1.1954566614264
"271849",-1.19596078357519
"286942",-1.19600517779778
"17196",-1.19618184596979
"99031",-1.19843529207956
"67416",-1.19898975162976
"67050",-1.19931286345028
"54422",-1.20029967353584
"17318",-1.20039761472295
"231821",-1.20193661628552
"53380",-1.20225125211309
"66235",-1.20325929865561
"22317",-1.20391249770079
"17974",-1.20408300536673
"70020",-1.20427203620018
"269585",-1.20588402105941
"72341",-1.20654763342016
"74202",-1.20742204316435
"13036",-1.20871921452847
"23989",-1.20921694164961
"67703",-1.20980007732539
"57340",-1.21011424027834
"629147",-1.21106368280864
"68981",-1.21148425355808
"66084",-1.21244418908905
"14686",-1.2129703512972
"67647",-1.21326085907799
"242960",-1.21377594473105
"18475",-1.21387037204467
"12530",-1.21398814819393
"11551",-1.21442721877518
"26554",-1.21461453207566
"109264",-1.214655700007
"68201",-1.21543478463793
"665563",-1.21549679308784
"53791",-1.21582503045506
"72205",-1.21605405146167
"14489",-1.21650918732468
"195733",-1.21697669302414
"20185",-1.21716640072574
"108652",-1.21772130769459
"239719",-1.22028929268496
"12388",-1.22117832236773
"209032",-1.22129496564654
"380836",-1.22148616275752
"29858",-1.22285624444758
"66414",-1.22316066649988
"230594",-1.22499754886413
"66491",-1.22658155761391
"93689",-1.22737024634822
"69306",-1.22825785509582
"57138",-1.22895380970394
"225896",-1.22904885321677
"66271",-1.23054190872534
"67784",-1.23087195042878
"66352",-1.23389175102812
"12527",-1.23538721531046
"76421",-1.23726760649514
"19400",-1.23770617265438
"73736",-1.23818969562144
"15247",-1.23823157868529
"75062",-1.23880949612873
"12021",-1.23896621019221
"263406",-1.23912356381031
"69572",-1.24091718391431
"245860",-1.24106640366816
"170829",-1.24144738327772
"100038538",-1.24221940827936
"15377",-1.24267865194841
"14797",-1.24361233779436
"633057",-1.24412176111206
"77938",-1.24655947941405
"103511",-1.25166329024097
"192662",-1.25167359187093
"106021",-1.25240772412166
"100041953",-1.25530628483137
"67890",-1.25553312778724
"74493",-1.25592351297945
"75608",-1.25620646954971
"72925",-1.25728252668301
"212516",-1.25774827994086
"240055",-1.25775668872915
"70383",-1.25781075501191
"22632",-1.25804451971707
"72699",-1.26060083787799
"13823",-1.26208852464933
"319448",-1.26297759198295
"20440",-1.2636816531589
"27401",-1.26374320718085
"66454",-1.26412373740701
"99480",-1.26467348795357
"15381",-1.26471422210764
"231915",-1.2649589225726
"110460",-1.2661176504454
"14823",-1.26836986025937
"16885",-1.26874090350771
"217716",-1.26997480489339
"70081",-1.27014272371854
"19360",-1.27015743417411
"26921",-1.27173158886677
"77040",-1.2719311906027
"217700",-1.27394186026558
"56323",-1.2760709981923
"102920",-1.27635539861677
"235439",-1.27786443659232
"232679",-1.2788504593129
"68098",-1.27942551153741
"18536",-1.28059124476046
"17690",-1.28081654553346
"216152",-1.28184906089462
"214899",-1.28217800972152
"71836",-1.28380065006637
"105727",-1.28385475460504
"28036",-1.28407953953044
"102693",-1.28419462073516
"76464",-1.28502630680531
"243905",-1.28526852241069
"52335",-1.28556415165298
"22029",-1.28590387072503
"97761",-1.28746253755351
"194126",-1.28877840710088
"67554",-1.28891244875475
"209540",-1.28911421763062
"15213",-1.28971415879888
"52463",-1.29067860289131
"18131",-1.29190624537659
"53374",-1.29258819425933
"14581",-1.29412274959198
"319998",-1.29544978730665
"226169",-1.29731194462717
"70152",-1.29775512745556
"50926",-1.29823669843886
"26440",-1.29973951831858
"319178",-1.3001580534065
"66237",-1.30052138939872
"11933",-1.30089652670314
"76138",-1.30133990774063
"665001",-1.30273436292922
"112415",-1.30276702503143
"217893",-1.30389343063048
"11496",-1.30486511838244
"69234",-1.30671398375878
"223775",-1.30734138286211
"11834",-1.30916838434492
"100862203",-1.30937974868813
"71233",-1.31011792051559
"13990",-1.3104759561856
"231630",-1.3104774495083
"23947",-1.31073069909658
"101831",-1.31125299530427
"58523",-1.31131847817769
"320234",-1.31206109187998
"12069",-1.31243461231077
"236848",-1.31269067876255
"16373",-1.31470990026062
"66690",-1.31630849600975
"231004",-1.31648287076772
"237256",-1.3165098762723
"270118",-1.31696228183403
"216516",-1.31740536408828
"14065",-1.31779424711532
"236643",-1.322182626284
"75616",-1.32228760482373
"74410",-1.32240739251286
"13390",-1.32249799797176
"231580",-1.32298084950426
"215705",-1.32378096782763
"72780",-1.3247729428316
"23912",-1.32937905986434
"232670",-1.32949034088268
"26386",-1.32992900265907
"27056",-1.33342004296916
"14269",-1.33377292655665
"228491",-1.33472426789739
"56626",-1.33497564238237
"100039968",-1.33562767517876
"24082",-1.33599770052228
"28193",-1.33686096220751
"52846",-1.33698024045274
"12531",-1.34067836021228
"69131",-1.34129104998853
"60345",-1.34165035027897
"56017",-1.34187672582326
"11656",-1.34261521535831
"72046",-1.34299883681959
"66209",-1.34410842098446
"19302",-1.34440765089691
"21849",-1.34541125124277
"20020",-1.3457748451454
"320226",-1.34599757372571
"71832",-1.34653492332756
"66993",-1.34715567585051
"215114",-1.34924524301721
"19268",-1.3494358864371
"433294",-1.34974583824199
"13116",-1.352099651631
"18426",-1.35451691945726
"18034",-1.35506727959048
"231855",-1.35702886020314
"13447",-1.36076230994336
"104215",-1.36083077107818
"225160",-1.36088917448698
"15114",-1.36278361451638
"75541",-1.36287078428937
"270110",-1.36375820689723
"56226",-1.36385655603673
"54352",-1.36441539614906
"101148",-1.36442062521668
"66916",-1.36508457558863
"319885",-1.36604707748448
"72569",-1.36739047235985
"216578",-1.36889454903252
"50932",-1.36899607317351
"72486",-1.36979303633295
"56041",-1.37028703800907
"68421",-1.37183160801503
"12807",-1.37194588505118
"19053",-1.37416065532239
"69702",-1.37445231603909
"58800",-1.37605873580763
"20918",-1.37931656486218
"18574",-1.37961302752762
"11657",-1.38367021443998
"71776",-1.38436726685423
"72033",-1.38652470555922
"67200",-1.38674468335004
"28084",-1.38740431028079
"56615",-1.3893054034149
"13875",-1.38970451772043
"208638",-1.39073892962843
"110332",-1.39090385499834
"232975",-1.39140993737584
"20370",-1.39224933227465
"223752",-1.39310199716897
"66606",-1.39314951018641
"331046",-1.39447021573743
"330812",-1.39450430723684
"68975",-1.3947038921399
"100503361",-1.39749979597561
"18025",-1.40050590107377
"26891",-1.40061460578244
"68153",-1.40090547533771
"71843",-1.40119232810906
"80904",-1.40288963697299
"208449",-1.40406780573395
"94093",-1.40428839499055
"108017",-1.40655135392958
"56068",-1.40672053547776
"76477",-1.40717916329514
"71770",-1.4072894794928
"15170",-1.40825611656582
"56874",-1.40850192740008
"233651",-1.40938518001184
"667962",-1.41062981062797
"69871",-1.41065900495006
"19012",-1.41229483748213
"320095",-1.41242856783052
"668923",-1.41485114846069
"240613",-1.41533551028631
"20511",-1.41580016205708
"628147",-1.41603609735008
"21940",-1.41768290776249
"27045",-1.41771661629088
"75284",-1.41796188889529
"18971",-1.41899729529982
"232314",-1.42033951152465
"84035",-1.42166596063142
"56843",-1.42200662058757
"11423",-1.42310098288903
"56722",-1.42576902632142
"66603",-1.42663308406524
"27354",-1.42791368211431
"71991",-1.42802284816012
"52036",-1.42847607218909
"17970",-1.42864097483622
"77044",-1.42896826066996
"17907",-1.42965830421215
"623273",-1.42975308557407
"320271",-1.42981519424468
"17354",-1.43017775148574
"66521",-1.43113736333197
"16427",-1.43243766766933
"320795",-1.43251644739311
"20668",-1.4332817574337
"14651",-1.43398684944886
"225579",-1.43504026788482
"19646",-1.4363795987719
"17169",-1.43757553464837
"13872",-1.43870378527518
"68778",-1.43896708512806
"63856",-1.43926494680387
"71268",-1.43954263932158
"67440",-1.44043817113458
"320951",-1.44081509985334
"68563",-1.44128913600488
"67785",-1.44385267604385
"112403",-1.4446542289849
"66190",-1.44908624865225
"170740",-1.45119403236577
"69955",-1.45234826320979
"57784",-1.45258923686118
"208146",-1.45419048943673
"78797",-1.45507878710428
"446101",-1.45764677669834
"68904",-1.45864133195429
"18011",-1.46281898141046
"18173",-1.46308926390162
"66336",-1.46339641905835
"56505",-1.46392304137191
"11504",-1.46472085821656
"16353",-1.46565729615748
"56264",-1.4664254162731
"218138",-1.46701295250948
"216705",-1.4670281561555
"68554",-1.46777021021828
"213582",-1.46925638524214
"54611",-1.4695504001131
"67843",-1.47020480233848
"80743",-1.47066140202843
"235380",-1.47223401621597
"50995",-1.47269301621333
"56532",-1.4729611776174
"170721",-1.47402740509489
"74229",-1.47487187633867
"50724",-1.47496760086241
"207965",-1.47801649008674
"105675",-1.47802265082218
"667034",-1.47850022518516
"72750",-1.4822036491536
"214575",-1.48247518855031
"218772",-1.48296099232216
"72215",-1.48379655658328
"245671",-1.486646892497
"66092",-1.48915252866309
"17711",-1.4892102215236
"382117",-1.48921336462468
"17754",-1.48966558278677
"65103",-1.49192844191661
"100233208",-1.4924393109221
"74775",-1.49262556241145
"268469",-1.49371345890981
"210104",-1.49582497257188
"106564",-1.49648259834059
"107753",-1.49694781041697
"66528",-1.50116551175002
"13363",-1.503050288069
"212111",-1.50399325460498
"57745",-1.50433941603891
"11875",-1.50473604360627
"66511",-1.50515376085644
"74334",-1.50542635958182
"80838",-1.50582096131049
"74585",-1.50862133934382
"14004",-1.50864979105342
"59013",-1.510749539597
"241311",-1.51101099939125
"218311",-1.5115848446038
"105501",-1.51461052472503
"381853",-1.51565591993687
"74026",-1.51626384280338
"26429",-1.51638392663888
"22278",-1.51821676043444
"13859",-1.51877876177438
"230099",-1.51886036038507
"18044",-1.51893216153548
"104923",-1.51962048741127
"232023",-1.52435037126456
"71947",-1.52698856377236
"216810",-1.52752454226106
"328110",-1.52855345237132
"75642",-1.52933636792212
"56295",-1.52983089075444
"68011",-1.53129821703428
"259279",-1.5318489965807
"230259",-1.53302966126582
"18693",-1.53382050409478
"268417",-1.53941708986556
"67392",-1.54150894352868
"75398",-1.54369943209925
"214593",-1.54410098941613
"68135",-1.54817665785612
"100504491",-1.54851549948754
"52076",-1.54871068347523
"94192",-1.5493937857552
"27204",-1.55110624246353
"225998",-1.55317867924453
"77300",-1.55323065654616
"67302",-1.55441229202253
"73072",-1.55592804604066
"68198",-1.55835669844777
"234915",-1.55903530156599
"12418",-1.55939911764597
"24127",-1.56006203130569
"56535",-1.56117186502739
"17763",-1.56252597149499
"110877",-1.56284560790276
"237082",-1.56384082361173
"170787",-1.5638470062086
"226442",-1.56436071376871
"11416",-1.56686772940596
"66997",-1.56715437964772
"18823",-1.56751433710352
"18129",-1.56962669520986
"67307",-1.57275244823804
"74322",-1.57324497615617
"18518",-1.57508518004761
"12297",-1.57554119053229
"100043474",-1.57793781887758
"59002",-1.5785794367124
"381148",-1.57965356463333
"244672",-1.58339643931247
"52432",-1.58406142951868
"209692",-1.58547124003644
"330554",-1.58636515182731
"271981",-1.58677074386743
"68828",-1.58778401140349
"20403",-1.58832904806335
"14339",-1.58855527037677
"66717",-1.58886413665643
"97387",-1.58962176378002
"19042",-1.58981136823582
"67973",-1.58993139486651
"66311",-1.5945044692497
"50524",-1.59466969294924
"18027",-1.59467037403972
"381493",-1.59636883470864
"68188",-1.59716235325165
"71562",-1.59732911356407
"14695",-1.5980664104699
"240023",-1.59811161086815
"56398",-1.59893231707827
"56436",-1.59953943540923
"109689",-1.60058209507093
"18792",-1.60097353784236
"408067",-1.60121030937776
"103534",-1.60138600022844
"18719",-1.60462272918834
"239827",-1.60472497202918
"73453",-1.60511275428585
"26437",-1.60727881274612
"381560",-1.61122582614198
"73062",-1.61353819850988
"18605",-1.61541593321896
"18021",-1.61619804254974
"21938",-1.61655085516118
"68731",-1.61665219176989
"99011",-1.6194487475658
"270156",-1.62120654366629
"217653",-1.62398965102032
"66810",-1.62411744655597
"11555",-1.62459644201226
"78834",-1.62463304976798
"382083",-1.62627047748446
"73316",-1.62774360614441
"22414",-1.62926840485239
"433864",-1.62996519544672
"18584",-1.63002850958132
"18707",-1.63178046701865
"26927",-1.63303644040765
"654821",-1.63337820519961
"102502",-1.63388768185427
"14148",-1.63719514158341
"71099",-1.63830752549566
"234463",-1.63961170736063
"21762",-1.64150189413374
"212427",-1.64265991793432
"54354",-1.64479609979291
"231997",-1.64558215440923
"12396",-1.64651663842524
"19076",-1.6482048919356
"66495",-1.64844158717716
"227624",-1.65037267515882
"101835",-1.65113021966878
"14127",-1.65186743209711
"20394",-1.6530290717618
"108030",-1.65368238563138
"170763",-1.65436366725637
"74648",-1.65689637024635
"227446",-1.65902197654546
"13650",-1.66080319280013
"13626",-1.66125489190121
"18830",-1.66159033827596
"104732",-1.66188931502069
"20598",-1.66391542890394
"14227",-1.66392165676577
"67607",-1.66393312992202
"28018",-1.66447268657453
"435965",-1.66718555023321
"210544",-1.66736748238923
"20732",-1.66927252255042
"72400",-1.67006128513265
"229782",-1.67118535738115
"328949",-1.67132172205685
"70986",-1.67133841647548
"71810",-1.67180654566893
"66822",-1.67196139843495
"102060",-1.67205197161877
"16987",-1.67250650561794
"223881",-1.67339265444898
"56471",-1.67391457507735
"625098",-1.67470757494558
"71986",-1.67503439965646
"234069",-1.67661427652168
"170716",-1.67781017801555
"66663",-1.67806776428406
"78755",-1.67882320473516
"75678",-1.68028236285035
"626870",-1.6809449165843
"227541",-1.6816972663964
"225861",-1.684991377349
"227736",-1.68628542317558
"230157",-1.68652659381585
"240665",-1.68770993460957
"66915",-1.68846503389348
"69159",-1.68904809450831
"13144",-1.69206898730597
"279029",-1.6922437019708
"13983",-1.69252860820465
"80751",-1.69402652561453
"19707",-1.69415079490169
"69885",-1.69449950475141
"240660",-1.69565459272772
"66938",-1.69655909618255
"353047",-1.69769546035584
"15387",-1.70094196243986
"30928",-1.70202463482734
"14658",-1.70246122348893
"15375",-1.70289427805599
"226849",-1.70295376913984
"12042",-1.70530617781499
"64011",-1.70639126674771
"22418",-1.70642325603801
"237716",-1.70717145314212
"68067",-1.70982010049629
"231871",-1.71106810419395
"15109",-1.71171691443472
"15214",-1.71181854701742
"15118",-1.71292249772263
"68250",-1.71349825880168
"66404",-1.71467232997545
"78412",-1.71558904567606
"12408",-1.71658887690635
"432478",-1.72025854890125
"66043",-1.72253320403611
"170676",-1.72287124358953
"64383",-1.72303024215932
"68800",-1.72346285586841
"223593",-1.72374269079898
"269682",-1.72571559717208
"57230",-1.72652373728543
"67976",-1.72658881948855
"207785",-1.72659247535573
"14700",-1.72706772340661
"226541",-1.72840397194423
"232430",-1.72875536602857
"170720",-1.72926883157647
"19356",-1.7320797994356
"13082",-1.73304693566686
"225339",-1.73406722385441
"20492",-1.73448556610005
"19714",-1.73503758295734
"26992",-1.73682282106098
"319636",-1.73897259538727
"74412",-1.74008338167315
"71865",-1.74166387257139
"214552",-1.74223026621888
"11840",-1.74237418671537
"18188",-1.7443736113627
"268980",-1.74475228687082
"330502",-1.74632207034326
"231798",-1.7468759194206
"276770",-1.74749956087191
"170762",-1.74951520396649
"68166",-1.75069099251021
"26427",-1.75422650646992
"19386",-1.75431854188909
"27418",-1.75512190515408
"20842",-1.75554904546508
"17076",-1.75709874399328
"380912",-1.75846910824109
"71041",-1.7587882407077
"13436",-1.76007135254926
"68576",-1.7639171835014
"19877",-1.76756891229001
"330463",-1.76901149696157
"66046",-1.76982305688793
"66989",-1.77087247635396
"77318",-1.77147068306352
"69944",-1.77153365377023
"26383",-1.77192533985968
"268670",-1.77298846812793
"244650",-1.77302379309508
"353190",-1.77346441674344
"195040",-1.77382038140356
"71567",-1.77404136297012
"218581",-1.77486563974775
"71913",-1.77573225835299
"14679",-1.77583913146124
"227298",-1.77807093704282
"72102",-1.77983627926163
"68971",-1.78076391919863
"67832",-1.78174323592369
"228012",-1.78227101598529
"57743",-1.78367679487325
"327987",-1.78499417610244
"75985",-1.78655394532547
"214292",-1.7873918455606
"77974",-1.78775513262612
"226841",-1.78848416138457
"107971",-1.7894950638921
"22722",-1.79021172503026
"74053",-1.79026131638317
"21405",-1.79040082295259
"72572",-1.79358122462208
"12228",-1.79375197380226
"105559",-1.79729455371341
"66537",-1.79786956752942
"210710",-1.79791456965289
"72140",-1.79858037921008
"77087",-1.79890475625447
"17289",-1.7992851663591
"18611",-1.80009809499066
"71746",-1.80058080923817
"57260",-1.80431049329562
"228993",-1.80574816755578
"67287",-1.80645177179405
"105833",-1.80694292491526
"399568",-1.80783872788327
"66973",-1.80940190986837
"227522",-1.80969756467071
"67563",-1.81191180722193
"226866",-1.8122082159624
"69454",-1.81325976067183
"269800",-1.81335325903804
"21887",-1.81360403939839
"210297",-1.81416547171382
"19822",-1.81506769923262
"114873",-1.8161337247025
"338521",-1.81703448958653
"73804",-1.81768680161831
"76969",-1.8181639686235
"66199",-1.81903012212475
"106759",-1.81907776065468
"170799",-1.82338113716097
"12868",-1.82358562208884
"97159",-1.82515663340347
"66236",-1.82558303937136
"16392",-1.83048949697391
"114642",-1.83068976884018
"56191",-1.83125428771418
"76416",-1.83128999072481
"20276",-1.83158528817268
"53817",-1.83328076701219
"73813",-1.83613290808212
"67493",-1.83620912478458
"20662",-1.838448207209
"73739",-1.83870490092982
"329002",-1.83948380466213
"218210",-1.8395238369617
"70354",-1.84193251750132
"277250",-1.84215116295373
"70208",-1.84258175723406
"76453",-1.84270793689882
"116972",-1.84322797533458
"54610",-1.84390040005706
"72236",-1.84398389447901
"381352",-1.84474288284622
"217333",-1.84673215411166
"237336",-1.84690941166779
"216190",-1.84853147479777
"69876",-1.84903904918057
"269954",-1.84922878672978
"22110",-1.84969457702437
"68944",-1.85034916728762
"70852",-1.85148395347199
"94043",-1.85197432846623
"104570",-1.85345031601324
"20338",-1.85352732165409
"214137",-1.85353331904005
"66273",-1.85401760337129
"381305",-1.85602667460281
"546134",-1.85680190528993
"67819",-1.85682870331676
"27060",-1.85756278020026
"12845",-1.85918363103693
"238799",-1.85978312801706
"13839",-1.85983063551586
"217325",-1.85993116761315
"104360",-1.86088204741345
"84653",-1.86253968380199
"66403",-1.8625950935023
"66729",-1.86280732350999
"215751",-1.86566496973693
"71946",-1.86660660117669
"19357",-1.86666564963931
"105246847",-1.86776565892072
"13163",-1.86990701948587
"65246",-1.87248993306232
"241688",-1.87268598278504
"94089",-1.87274660314339
"320145",-1.8750843305638
"20351",-1.87857307868704
"51788",-1.87966595980021
"140500",-1.88140181027876
"382018",-1.88203927827515
"67236",-1.88239170036632
"94088",-1.88258960072568
"14087",-1.88370366115005
"244723",-1.88634410915004
"68634",-1.88663929872324
"319740",-1.88667207681045
"55948",-1.88787470633633
"20744",-1.89064356874457
"225908",-1.89197176564517
"20499",-1.89234628372452
"80860",-1.89307147657554
"217827",-1.89529648235741
"110385",-1.90030591802446
"19684",-1.9015690479503
"22289",-1.90204109359392
"14976",-1.90210116768731
"73473",-1.90241005069779
"320299",-1.90251799729227
"100042355",-1.90306269304787
"434130",-1.90499735198529
"57434",-1.90815208137015
"70885",-1.91047989428422
"56812",-1.91115539479439
"22762",-1.91193590209662
"66394",-1.9125444749468
"108116",-1.91338890217913
"212569",-1.91450404090692
"433801",-1.91471892488526
"66899",-1.91471905066368
"235323",-1.91843945585152
"229600",-1.92071402916239
"17709",-1.92092415444124
"68691",-1.92203006825156
"237465",-1.9227248977889
"53378",-1.92310914451073
"72303",-1.92362598794343
"216439",-1.92648787969313
"21763",-1.92814798766798
"69431",-1.93379247373387
"78581",-1.93379470328575
"72634",-1.934132553433
"27993",-1.93426730385298
"14678",-1.93523889394306
"11776",-1.93562251906458
"17263",-1.93659212032984
"230709",-1.93688096721867
"69546",-1.93742135557122
"56307",-1.9383375326501
"14293",-1.9390431643218
"238323",-1.94145661276444
"13010",-1.9433425695972
"229658",-1.94449235639055
"52064",-1.94737519061101
"67769",-1.94739874783018
"219103",-1.94779002846032
"81905",-1.94872435421664
"83813",-1.9497019436344
"242521",-1.95014283358462
"109151",-1.95111060721389
"269113",-1.95202223463487
"15512",-1.95726985166706
"12593",-1.95934531284493
"75764",-1.96025414863521
"106338",-1.9611461248886
"103733",-1.96137086225082
"56314",-1.96193152692932
"235344",-1.96342115930519
"12648",-1.96391240120207
"234094",-1.96530443281606
"14784",-1.96582612712317
"380752",-1.966589383766
"23948",-1.96708122597587
"72008",-1.96732283308937
"71176",-1.9673883393154
"77015",-1.96814588325628
"233813",-1.96849066951971
"213435",-1.96940150344263
"17475",-1.9717774831469
"14809",-1.97186914497067
"229004",-1.97246114437063
"226525",-1.97299837204074
"16182",-1.97335489223918
"226641",-1.97420785554645
"24057",-1.97467519546059
"675812",-1.97534465905304
"18541",-1.97620277673456
"72852",-1.97743157840017
"11855",-1.97957069984527
"67367",-1.98313799786742
"17131",-1.98340300390402
"69606",-1.98369270322746
"100017",-1.98512283272094
"66816",-1.9852042329057
"18682",-1.98602669561254
"17128",-1.98750851165931
"66397",-1.98756546251425
"12617",-1.98766299295092
"80886",-1.98780275820587
"76295",-1.98806184947189
"107769",-1.988659262728
"15259",-1.98929146334048
"11983",-1.99148321399959
"76014",-1.99183076143628
"237052",-1.99362198695808
"231668",-1.9936271210366
"72289",-1.99509305258042
"223691",-1.99515136645771
"12211",-1.99546325974267
"17847",-1.99568494795644
"67564",-1.996165826535
"328133",-1.99762578410732
"330189",-1.9994790739809
"17938",-2.00035988897557
"67876",-2.00038997393142
"18439",-2.00074008913998
"11477",-2.00155803498058
"494448",-2.00179708266593
"70373",-2.00391748587929
"226970",-2.00462321061509
"109660",-2.00483420031889
"53868",-2.00583859432255
"67390",-2.00896753804754
"70297",-2.0099104920396
"232232",-2.00992490050078
"74159",-2.01022365723345
"269437",-2.01050565072237
"20817",-2.01066687728598
"73724",-2.01095887440371
"237860",-2.01248006943017
"104175",-2.01337626461607
"338337",-2.01400222321319
"330171",-2.01582430873764
"627049",-2.01623884438646
"213539",-2.01734410533468
"320351",-2.01802688443957
"74104",-2.01911986568911
"278507",-2.01967161038625
"22209",-2.01971073612929
"66204",-2.0207254536262
"69097",-2.02136817624805
"234678",-2.02181971364833
"171286",-2.02191020121737
"214240",-2.02504554853235
"20227",-2.02575285359673
"67477",-2.02698134457596
"30926",-2.02817723490429
"106064",-2.02832685690665
"21339",-2.02840098619285
"100502876",-2.0288097602955
"15185",-2.02882955315792
"668940",-2.02886224071332
"20963",-2.02899062233207
"75729",-2.03011132163658
"242408",-2.03012005946763
"74349",-2.03142349745739
"101401",-2.03221748559931
"216724",-2.03242142665079
"105785",-2.03288237855904
"57437",-2.03345947510614
"269529",-2.03503604714688
"22379",-2.03658337326441
"77772",-2.03675977830215
"76884",-2.03738639092943
"104445",-2.03756586369187
"99045",-2.03864085216465
"104086",-2.0394122300602
"140579",-2.04095717741465
"216964",-2.04125053192462
"14824",-2.04219931751917
"50723",-2.04484776450125
"106757",-2.04523641395975
"226432",-2.0454781121254
"66637",-2.04604171630864
"269870",-2.04609061519404
"229706",-2.04616757070514
"66384",-2.04669321023267
"18767",-2.04969017499969
"17246",-2.04988170371693
"235534",-2.0509054681924
"226252",-2.05180036654869
"217353",-2.05267064213018
"74281",-2.05358372738381
"213068",-2.05369516118025
"73680",-2.05492831950679
"381549",-2.05557501387544
"69504",-2.0556575272716
"22704",-2.05651373403786
"76400",-2.05706712327121
"223989",-2.05990027291741
"18746",-2.06069222190768
"66573",-2.06428323846156
"67695",-2.06502509560187
"52397",-2.06526992677879
"71702",-2.06551524351209
"12096",-2.06563684802214
"78757",-2.06594415440814
"66824",-2.06751980739393
"320817",-2.06846777153568
"19250",-2.06920248933885
"14409",-2.07007728237097
"20773",-2.07247242103224
"71213",-2.07269813302169
"57753",-2.07315620131593
"212712",-2.07479566580323
"78286",-2.07528341509033
"244218",-2.0763662993676
"15414",-2.077190825744
"268902",-2.07971255085812
"30843",-2.07982322855812
"26895",-2.08309968121907
"56399",-2.0839343488208
"97064",-2.08499616999828
"216440",-2.08584773998802
"67773",-2.08645464309694
"100310872",-2.08657874556925
"28015",-2.08661405250211
"11909",-2.0870591773689
"243963",-2.08725108570807
"217837",-2.08733893264206
"67911",-2.08838512358172
"78912",-2.09001026883198
"195522",-2.09189942232654
"16798",-2.09356145316995
"18045",-2.09729261726303
"22234",-2.09835162920195
"67298",-2.09993788748086
"66590",-2.10024454101148
"243574",-2.10204097418503
"66901",-2.1058834543235
"83885",-2.10642537875479
"78784",-2.10661443977393
"109136",-2.10680940232814
"53814",-2.10696617834419
"12684",-2.10851806886832
"66681",-2.10978948792866
"103677",-2.11020639045536
"77929",-2.11197035285296
"434377",-2.11367003877997
"20619",-2.1138208114593
"67207",-2.11434240130725
"260315",-2.11440443420451
"21664",-2.11474747298269
"240756",-2.11485573208744
"22599",-2.11490339024015
"52815",-2.11538332349607
"667764",-2.1159178518197
"72180",-2.11728739045738
"12449",-2.11735805146457
"70454",-2.11739272622268
"66314",-2.11983246385148
"19023",-2.12032111371571
"70605",-2.12090757448718
"432479",-2.12204584071971
"13000",-2.12251424489556
"20493",-2.1273309667517
"14911",-2.12855412904152
"140580",-2.12890265383978
"70144",-2.12938864331326
"72658",-2.12983985245291
"226025",-2.1302025052666
"11843",-2.13095785441519
"15372",-2.13109229417506
"71027",-2.1317599176197
"14061",-2.13229545439357
"13838",-2.13456694131003
"66897",-2.1356966112249
"72825",-2.13696823486363
"58867",-2.13788216600062
"225164",-2.13933293838093
"16190",-2.140143825714
"240168",-2.14031963553343
"69270",-2.14240131835662
"20446",-2.14253396422046
"414758",-2.14299131991122
"211499",-2.14405035730892
"226049",-2.14714912169541
"230673",-2.1473259988936
"22318",-2.14756248482029
"64655",-2.14766850901793
"68735",-2.14794319731864
"66067",-2.15128802998486
"18718",-2.15165348746338
"76166",-2.15222006900561
"230596",-2.15240780505016
"74154",-2.15524159215772
"14620",-2.15524600099492
"209630",-2.1553553605534
"70999",-2.15593380171912
"246190",-2.15891689348842
"320267",-2.15943701945809
"242736",-2.15983938670737
"217935",-2.16084168547794
"67938",-2.16196954698287
"21380",-2.16225152919591
"74617",-2.16258568626682
"102443351",-2.16397082095599
"403178",-2.16451512829785
"16430",-2.16516108578768
"235184",-2.165468271677
"330938",-2.16837132965856
"78246",-2.16890637702437
"75099",-2.17019364338029
"217207",-2.17120855137057
"18987",-2.17198655365778
"77110",-2.17319056013783
"66684",-2.17327985612178
"72961",-2.17408599764844
"78287",-2.17619379896365
"67966",-2.17722591071216
"26931",-2.17737234891949
"12824",-2.17893223441524
"102657",-2.17905211635206
"93836",-2.179869885086
"67889",-2.1813557160845
"66432",-2.18367832915071
"67019",-2.18416007050591
"224647",-2.19080640937828
"109075",-2.19318566067275
"57258",-2.19445100157411
"665211",-2.19511542529119
"329972",-2.19587020054053
"217341",-2.19749839598689
"360213",-2.19800646149346
"11308",-2.19837258291279
"226089",-2.19942795134777
"22342",-2.20102770936576
"244238",-2.20122725444408
"108167825",-2.2020632879779
"11946",-2.20306515508997
"74164",-2.20415834768291
"210673",-2.20467426919893
"12416",-2.20705490205382
"70226",-2.20775248214192
"16506",-2.20934716983383
"66950",-2.21316596019478
"54393",-2.21320116937271
"69499",-2.21482154667559
"27393",-2.21512572818776
"66201",-2.21686296823189
"106840",-2.21775646820436
"381511",-2.21776543749386
"68708",-2.21801281379402
"232560",-2.21889144380955
"16815",-2.22057760110463
"19338",-2.22082221020559
"22137",-2.22185499005152
"320609",-2.22390206757696
"80883",-2.22398857901342
"216285",-2.2246284643121
"231470",-2.22504080056254
"56364",-2.22595618499109
"192653",-2.22986581660896
"107723",-2.23070471454198
"76547",-2.23151048249233
"269623",-2.23285126837975
"104263",-2.23293040370924
"640524",-2.23306474004303
"68737",-2.2335790553146
"66443",-2.23362986228209
"13199",-2.2343474149198
"654470",-2.23528397038867
"72026",-2.23584582227458
"66340",-2.2362559421646
"228361",-2.23715207817397
"270192",-2.23891308007754
"192897",-2.23943563217705
"384309",-2.24292721090735
"68966",-2.24883660677786
"23994",-2.24896764127071
"244421",-2.24908717660554
"15558",-2.25115231432916
"319149",-2.25138178515727
"56297",-2.2535768255239
"104346",-2.25475685671472
"103098",-2.25669265373091
"12889",-2.25702029689069
"66266",-2.25776778628838
"93834",-2.26058968630538
"110351",-2.26119714830793
"546896",-2.26144658196752
"320615",-2.26202960772522
"66615",-2.26272496232149
"12544",-2.26327877559392
"21416",-2.26364528741842
"59057",-2.26457038555189
"210573",-2.26502876735905
"68497",-2.26515368152874
"71973",-2.26525257173989
"50874",-2.26623763621118
"214897",-2.26696538310123
"242819",-2.26728768469284
"223773",-2.26751464906853
"105440",-2.26830939989423
"71799",-2.26916911108151
"68662",-2.2692417262976
"77462",-2.27029350526284
"269941",-2.2728394783547
"108900",-2.27430563828589
"67933",-2.27556009139529
"51886",-2.27561438031788
"386454",-2.27776519900498
"56044",-2.27845497883669
"242785",-2.2791918700899
"66071",-2.2801626184105
"22717",-2.2806580942872
"70584",-2.28122157130709
"67861",-2.28226911956916
"72171",-2.28410435720902
"14680",-2.28653264685163
"69226",-2.28669477532829
"70599",-2.2875989876818
"12974",-2.28891153402969
"239839",-2.28952319795132
"50911",-2.29137209617405
"268281",-2.29220387006672
"14234",-2.29329112612077
"171504",-2.29340013305835
"246104",-2.29443522406127
"381319",-2.29446267501185
"117600",-2.29528919521699
"77521",-2.29554007636209
"72754",-2.29730173662289
"13388",-2.29788674098038
"22666",-2.29803243607486
"213171",-2.29893948546673
"72184",-2.29894932216184
"20743",-2.29925812038324
"240120",-2.30078998424977
"27028",-2.30100755128089
"14860",-2.3011339602177
"58234",-2.30737732134852
"12121",-2.30740262824859
"74203",-2.30754612510236
"227102",-2.30770120286881
"227197",-2.30772520303349
"227094",-2.30787498730835
"223645",-2.3080998217321
"69248",-2.31069323524159
"238037",-2.311996663382
"70422",-2.31223041381235
"230809",-2.3133697786103
"399510",-2.31378158881602
"67052",-2.31542019976793
"102209",-2.31621252766661
"215494",-2.31720311637395
"170736",-2.31764761845174
"116871",-2.31810982246202
"18572",-2.31927906463303
"69596",-2.31950695821005
"18102",-2.31994941625081
"235599",-2.32036920307832
"71891",-2.32192105659744
"66082",-2.32460615304932
"320472",-2.32541628743102
"77721",-2.32753045138577
"100044193",-2.32911595774528
"104457",-2.33348665992491
"18452",-2.33386782320396
"78255",-2.33489692726323
"68936",-2.33496271409844
"71238",-2.33585186282461
"70701",-2.33695754066905
"67934",-2.33915886140676
"545156",-2.34038715311505
"12577",-2.34047342266968
"214424",-2.34067876955313
"65962",-2.3413997836107
"234857",-2.34439891504335
"226591",-2.34524608676112
"330460",-2.34652602818736
"230119",-2.3475302154821
"225363",-2.34956991484336
"78779",-2.35147097950504
"57816",-2.35173468751042
"73212",-2.35414759637825
"50912",-2.35680168600444
"109241",-2.35851675058001
"66413",-2.35932147787825
"212547",-2.35966953792701
"103012",-2.36007323648693
"52118",-2.36082837997693
"71887",-2.36372490753839
"70291",-2.36436865736675
"230379",-2.36574768889275
"68318",-2.36622522379935
"140499",-2.36653646207696
"11991",-2.36684377024451
"67622",-2.36688252641635
"140577",-2.36709129711152
"227801",-2.36712834525442
"67399",-2.36722759364597
"270624",-2.36764491015773
"72774",-2.3689637342793
"64707",-2.3693413231667
"76707",-2.36951423582435
"230753",-2.37061702883916
"215690",-2.37078987259628
"268752",-2.37205927370716
"53859",-2.3722054012824
"56488",-2.37329221303665
"108105",-2.37595719260428
"64945",-2.37642257618128
"78885",-2.37814305572364
"69581",-2.38007579599199
"73845",-2.3803802327275
"56424",-2.38054599350146
"67143",-2.38356433888033
"192232",-2.38458422791795
"105000",-2.3856059870557
"80281",-2.38601549963894
"211389",-2.38777481306737
"50496",-2.3887540440001
"66225",-2.38887355567747
"24012",-2.39153071410406
"215476",-2.39177880312344
"114255",-2.39197838074153
"68734",-2.3936288813303
"234967",-2.3939126554797
"69562",-2.39547471099937
"381204",-2.39797837902419
"17931",-2.40193333586365
"230789",-2.40221367253746
"231287",-2.40311328530524
"67118",-2.40335755291165
"14583",-2.4056513470978
"194309",-2.40812747537603
"20877",-2.40850307289922
"22698",-2.40864686043021
"71474",-2.40916982908731
"19177",-2.41008084047854
"56496",-2.41025193092013
"213499",-2.4115344204262
"15945",-2.41167973759496
"56771",-2.41651238669608
"67684",-2.41787957803862
"52840",-2.41820550312155
"17762",-2.41976230591264
"66878",-2.42178488119508
"68794",-2.42253775964402
"208595",-2.42449243082032
"76866",-2.42840122769917
"224014",-2.42869654833978
"74102",-2.43027486886835
"12927",-2.43098665020347
"384724",-2.43153473383965
"73178",-2.43229906375929
"105450",-2.43253851581676
"19216",-2.43346768947563
"21969",-2.43474479804719
"69920",-2.43686649111422
"231123",-2.43877055054675
"27205",-2.43938171087786
"84094",-2.4393889870723
"238693",-2.43945537939046
"433466",-2.44025936910131
"380855",-2.44036044401276
"54201",-2.4424740801275
"107701",-2.44339366070219
"73710",-2.44378943187605
"20216",-2.4441213115444
"228994",-2.44419788824398
"12725",-2.44660459341731
"76246",-2.4466164228795
"68795",-2.44903008969492
"330814",-2.4498964478742
"69917",-2.45093098847875
"224111",-2.45107674543766
"80877",-2.45780094237982
"16646",-2.46003118813434
"108853",-2.46109547108557
"18174",-2.46115822638255
"69263",-2.46140226123989
"230126",-2.46155695989271
"236790",-2.46215260118303
"78920",-2.46215285817613
"224902",-2.46232636053948
"66667",-2.462701929642
"56378",-2.46328784622909
"75480",-2.46511805073296
"66626",-2.4668511240242
"21408",-2.46755262585163
"103742",-2.46770303356149
"66622",-2.46793930219327
"14559",-2.4686037399075
"74600",-2.46900876001227
"70362",-2.4695528036737
"73373",-2.47005253074385
"72720",-2.47019013017888
"224997",-2.47035298193899
"76199",-2.47225102821108
"381306",-2.47405835902563
"28040",-2.47409033865052
"74351",-2.47551375682492
"75735",-2.47622569810703
"435145",-2.47653611896363
"16848",-2.47803972626737
"216821",-2.47916285056767
"233405",-2.48018692283132
"69287",-2.48058396419289
"66714",-2.48151438116171
"235044",-2.48154829874904
"110524",-2.48275298448375
"232906",-2.48419827291784
"210029",-2.4878016480419
"22036",-2.48996389139211
"66268",-2.49099402021805
"12571",-2.49426894695294
"74355",-2.4953494729839
"53322",-2.49605788435176
"56739",-2.49609373064913
"208080",-2.49870971668758
"93760",-2.50024711760979
"407785",-2.50169269243791
"74310",-2.5017855565138
"211948",-2.50205403083341
"211556",-2.50569316480433
"73847",-2.50703915959512
"68597",-2.50720338969659
"13822",-2.50733901345145
"94214",-2.50800845844675
"12180",-2.50866730447761
"66308",-2.50945464369984
"54609",-2.51029440465741
"14187",-2.51046564278741
"19334",-2.51187429306149
"73673",-2.51191265615117
"279499",-2.51571502265317
"215436",-2.51673891212368
"66177",-2.51852492942921
"66087",-2.52221774900874
"20230",-2.52406347877656
"76972",-2.52962882957068
"66077",-2.53100305573862
"81004",-2.53407915352189
"15042",-2.53580303435614
"83560",-2.53761010404357
"108760",-2.538202455261
"22031",-2.53895983220687
"14683",-2.53927939047921
"11688",-2.53936280516795
"100504608",-2.53950374935992
"30948",-2.53980485205684
"75387",-2.54010824516953
"52882",-2.54231078766687
"18559",-2.5426650180489
"68152",-2.5444706361297
"104871",-2.5453376455007
"72947",-2.54546224768462
"269955",-2.54720311303423
"227120",-2.54817625862276
"252870",-2.54857595649244
"100504715",-2.5505864155029
"66487",-2.55060658722435
"57764",-2.5513753420535
"67442",-2.55175794875843
"228136",-2.55479674059791
"109359",-2.55568498710168
"22715",-2.55809597919737
"70808",-2.55927648174232
"78796",-2.56002245178129
"27280",-2.56086812846711
"68232",-2.56210351239278
"217219",-2.56246971791126
"238276",-2.56561221068248
"54138",-2.56608178206037
"73340",-2.56756496044667
"195434",-2.56778455078814
"269180",-2.5686731975521
"236915",-2.5704994591997
"101490",-2.57066901594294
"66832",-2.57068337535408
"19663",-2.57270967406345
"20911",-2.57399677969827
"244349",-2.57936662022753
"353188",-2.57983087503708
"27883",-2.58016385890288
"72584",-2.58136462807706
"56013",-2.58406119822533
"78651",-2.58639672800269
"75454",-2.58642255740564
"14208",-2.58737068540039
"243897",-2.58846662851447
"26443",-2.59088478705884
"68991",-2.59387748790709
"27081",-2.5940656226124
"78267",-2.59472706764823
"22701",-2.59600733766889
"216565",-2.5965303300812
"619331",-2.59818145591145
"380718",-2.59959307824599
"73914",-2.59966414047653
"243538",-2.59975523973162
"237422",-2.60047029224061
"192190",-2.60174795322412
"78334",-2.6020062673395
"381196",-2.60226231099139
"11352",-2.60407072605258
"20741",-2.60460692609654
"68526",-2.6050274041852
"210106",-2.60554992863641
"433632",-2.60586650687147
"240095",-2.60684078884276
"434246",-2.60735369512673
"67276",-2.6083550369961
"110893",-2.61080610433461
"20496",-2.6123162774682
"381668",-2.61234674557525
"12751",-2.61390218566287
"268721",-2.61408087738065
"269536",-2.61441340617031
"57443",-2.61463792967224
"100637",-2.61531187709976
"12865",-2.61596929029727
"16977",-2.61630688052014
"67141",-2.61700660090599
"56631",-2.61849443463209
"320595",-2.61857487580797
"269523",-2.61936337181227
"244058",-2.62371709498006
"71963",-2.62457332614595
"12850",-2.62573997112621
"107587",-2.62595129701738
"56742",-2.62826619517254
"106326",-2.62991712130717
"74133",-2.63043275947603
"56522",-2.6330268249223
"545527",-2.63306534724993
"18117",-2.6334102717362
"56622",-2.63496027592161
"217779",-2.63546487498719
"224836",-2.63721235932267
"19345",-2.64121225225774
"19682",-2.64157218750313
"103724",-2.64721724241648
"77945",-2.64722204768912
"69697",-2.64758186951209
"277854",-2.64993448532318
"17537",-2.65260632274881
"67420",-2.65706438232908
"27404",-2.65955050339417
"69773",-2.66222960886891
"68861",-2.66450556357861
"19047",-2.66528389649351
"28028",-2.66971279900831
"81018",-2.67012607296946
"674895",-2.67014077445054
"225115",-2.67054940801431
"545192",-2.67155326283382
"209773",-2.67285449685601
"75051",-2.67316628493852
"74197",-2.6781789581251
"94112",-2.67935549715017
"73095",-2.67948443060534
"71957",-2.68016233916582
"320534",-2.6815515189363
"21973",-2.68812509870609
"70134",-2.68905987283368
"14245",-2.69161745343194
"59043",-2.69225755816621
"192156",-2.69337030674832
"27416",-2.69506539289099
"11846",-2.69604742816668
"58239",-2.69610288836011
"16661",-2.6979046862657
"545725",-2.70091906054462
"52837",-2.70491402372576
"53623",-2.70560475297371
"11848",-2.70587604666682
"26426",-2.70587803320171
"16520",-2.70771559721446
"69632",-2.70931429199095
"241322",-2.71439763702357
"67666",-2.71523653091772
"70807",-2.71554785560663
"71989",-2.71562460897788
"20535",-2.71565657600507
"225743",-2.71569853923274
"67912",-2.7181905802096
"106143",-2.71831035290428
"68298",-2.71880658631187
"16181",-2.71923143886871
"76405",-2.71923335483134
"26379",-2.72002893504359
"626391",-2.72069184845371
"17771",-2.72150854210088
"69583",-2.72399807657876
"66383",-2.72676811717664
"75029",-2.72822351143927
"59001",-2.72827415131995
"65969",-2.72961049567057
"16150",-2.73015079930176
"229780",-2.73021744533641
"52609",-2.73149285790658
"67145",-2.73276364047874
"67484",-2.73306815544898
"17287",-2.73839805246407
"17257",-2.73862516744432
"55943",-2.73986064161561
"11737",-2.73992200817969
"19045",-2.74017450349033
"99890",-2.74096254925779
"140570",-2.74333407278505
"19401",-2.74350414430041
"99326",-2.74359210147874
"69582",-2.74525966010346
"67886",-2.74535001496616
"67095",-2.7454797224128
"14794",-2.74582431196384
"75180",-2.74970418686142
"80915",-2.75112553055104
"17161",-2.75290684023725
"20438",-2.75557841468998
"241589",-2.75650582962642
"268448",-2.7607259002355
"77031",-2.76094006418928
"232811",-2.76341496872969
"72657",-2.76524636079359
"22184",-2.76544977840799
"18164",-2.76828841596216
"66983",-2.76896045853482
"15404",-2.76952641430656
"14428",-2.77431670332812
"68316",-2.7760594517391
"320982",-2.77607559254151
"116914",-2.77953959722423
"22241",-2.78058178010616
"68379",-2.78176049486095
"21888",-2.78187007951205
"24099",-2.782490519441
"66724",-2.78463093037761
"330119",-2.78725495487744
"19732",-2.78859435842428
"57295",-2.78927416470345
"16412",-2.79080850244805
"53609",-2.7918968050528
"20623",-2.79285691833341
"13048",-2.79549345848075
"20768",-2.79585815593966
"229363",-2.79706144590039
"17687",-2.79722490362288
"94224",-2.79755459680258
"74043",-2.79846363194156
"101437",-2.79956073741977
"17199",-2.80025149771701
"56085",-2.80185024032617
"72948",-2.80225923321892
"71078",-2.80346232600242
"12613",-2.80565720072331
"75216",-2.80768536621295
"70762",-2.80865070268146
"216363",-2.81041122725383
"239319",-2.81045174320666
"106795",-2.81147440154473
"71909",-2.81195353106794
"20411",-2.81564392602132
"73067",-2.81692369662553
"108687",-2.81854724486754
"234730",-2.82303206907936
"14748",-2.8231692237361
"193838",-2.82347328267209
"71807",-2.82657629829005
"56078",-2.82709610620032
"270166",-2.82847172260991
"72655",-2.82864055642024
"433375",-2.8289161635068
"65112",-2.82928359164169
"67433",-2.82930765910541
"108097",-2.8336022902452
"74996",-2.83930469629626
"75234",-2.84012460578059
"68473",-2.84265738700777
"56484",-2.84384586272595
"26407",-2.84392498370422
"19221",-2.84401782358799
"14155",-2.84559421218045
"625018",-2.84614507089759
"73729",-2.84824104389238
"381022",-2.84990920676148
"230866",-2.85064819776777
"19719",-2.85093238638996
"72946",-2.8510896615102
"213109",-2.85129694460307
"66493",-2.85138982495909
"231130",-2.85294871883325
"214058",-2.85348460677915
"12902",-2.85455691426087
"71116",-2.85562502044197
"230088",-2.85686318316741
"266614",-2.85713209429505
"69655",-2.85715749001791
"231868",-2.85759995891724
"382062",-2.85770842675363
"448850",-2.86162113339386
"66223",-2.86188966267382
"81701",-2.86263490559297
"320253",-2.86325459362197
"71445",-2.86346583555387
"22680",-2.86363635349086
"56426",-2.86372363368149
"64652",-2.86458169010363
"18538",-2.8688737072672
"67676",-2.86955684150383
"229699",-2.87096826419198
"70617",-2.87888888492047
"56469",-2.87978493792584
"22411",-2.88029723825885
"68121",-2.88079285056895
"109205",-2.88282113339872
"14066",-2.88387900563001
"102182",-2.8847614553162
"21848",-2.88589727251058
"15980",-2.88891101797337
"13521",-2.88912331374362
"52250",-2.89069150198259
"68080",-2.89102128943651
"238317",-2.89123115917252
"67513",-2.89152759511409
"623781",-2.89299615195493
"72475",-2.89313196648971
"76787",-2.89901601029016
"66705",-2.89993950695704
"22346",-2.90017234244577
"69048",-2.90233766254399
"70930",-2.90314751967788
"56336",-2.90409381676252
"72296",-2.90439808886593
"19200",-2.90499354893205
"109685",-2.90624610541594
"78777",-2.9084135711981
"17703",-2.90981249531501
"56805",-2.91228436974845
"269473",-2.91252353923831
"67515",-2.91535675749344
"55951",-2.91737615046744
"68916",-2.91800458638239
"20868",-2.91937194481394
"19219",-2.9218693173182
"24136",-2.9238634765848
"67226",-2.92391320331007
"229588",-2.92453071354039
"18111",-2.92563860917388
"17248",-2.92686165616669
"21389",-2.9288556497794
"72654",-2.9310390419622
"13139",-2.93115050749284
"19285",-2.93488266722649
"233147",-2.93666512839148
"76932",-2.94084963803549
"240752",-2.94107511914115
"217304",-2.94140294196278
"73469",-2.94233720437524
"100044509",-2.94415723076373
"383787",-2.94491994424733
"216549",-2.94507804313605
"215113",-2.945537517935
"242406",-2.94813107109552
"12445",-2.94984632434052
"17449",-2.95091771711498
"219149",-2.95291333749176
"213993",-2.95321243505053
"17428",-2.95343680823868
"68283",-2.9535020330723
"19058",-2.95660380758423
"71519",-2.95909027916025
"73689",-2.959101319056
"18187",-2.96245617094465
"80913",-2.96262856800849
"235505",-2.96443821099316
"19027",-2.96952698256573
"52575",-2.96957259925451
"66595",-2.97024706167123
"18392",-2.97118593418195
"225392",-2.97224716089295
"68033",-2.9729009656463
"232664",-2.97296101479335
"22145",-2.97360264038277
"13185",-2.97539972518796
"102443350",-2.97563481946614
"78890",-2.97659677851471
"110593",-2.97706629222101
"13660",-2.97814514745012
"56210",-2.9792144237549
"67077",-2.98094294724476
"21422",-2.98414877661147
"108995",-2.98590516743455
"12978",-2.98759748288447
"67136",-2.987681925365
"74637",-2.98854258064169
"208990",-2.98982477801982
"18028",-2.99007488206704
"75079",-2.99271345221818
"71862",-2.99458568904173
"67197",-2.99640990390408
"544971",-2.99658028772427
"68449",-2.99661971198164
"16011",-2.99696477326295
"72354",-2.99759331417162
"102423",-3.00006333064204
"68327",-3.0004354005064
"69519",-3.00049842090792
"68949",-3.00298979778439
"59003",-3.00399628360665
"497652",-3.00533992016939
"101023",-3.00817938677318
"237397",-3.00847403610958
"230075",-3.00992561315543
"320208",-3.01278090664324
"234365",-3.01309295525353
"103466",-3.01345235130218
"234684",-3.01515903802594
"170930",-3.01585175748877
"18858",-3.016898804085
"66175",-3.01721101115373
"75305",-3.01796449939085
"74361",-3.018162220692
"246696",-3.01839755857886
"239857",-3.02006088966223
"210529",-3.02230798462855
"11540",-3.0253108740448
"30947",-3.02725232679003
"28035",-3.02770556325155
"19347",-3.02832241062454
"14764",-3.0288648280627
"620419",-3.02922905449443
"67230",-3.02946787114175
"381677",-3.02980447518211
"53317",-3.03004801577266
"23821",-3.03054501286073
"280645",-3.03265680446785
"18701",-3.03354158179883
"19211",-3.03372475152366
"108705",-3.03534832020975
"66070",-3.03650835108377
"12856",-3.03677306397532
"26357",-3.03846687288382
"269593",-3.03876178612522
"22232",-3.03953891516316
"20111",-3.03965652726552
"171209",-3.04117663688123
"170732",-3.04290308875548
"71779",-3.04587060389353
"16195",-3.04595935115475
"68295",-3.0475060159887
"75677",-3.04788605636416
"71978",-3.04802959623135
"12518",-3.04817891282243
"22249",-3.05161773734285
"217866",-3.05317855019694
"69833",-3.05353981564481
"56194",-3.05402652804432
"102570",-3.05512506555306
"21682",-3.05784120000711
"13014",-3.05934321295916
"231044",-3.06158963952972
"19883",-3.06287831901599
"103284",-3.06343581106072
"240726",-3.06436060040649
"104910",-3.06520970066257
"98366",-3.06562459761414
"16420",-3.06935214103828
"223499",-3.07015810138495
"14183",-3.07043026050346
"100855",-3.07071559369616
"78625",-3.07241780007499
"27373",-3.07254837761421
"21809",-3.07405013367402
"53972",-3.0751358488565
"104759",-3.07577604372357
"67845",-3.07629214942893
"69926",-3.0768385847564
"230737",-3.07858258688176
"574428",-3.07887789941753
"17441",-3.07961765805427
"104806",-3.07986377339417
"78618",-3.08181761167524
"100502861",-3.08293443688546
"53624",-3.08529842943517
"170483",-3.08705766044447
"73251",-3.08737038400376
"226551",-3.08760392588204
"56370",-3.09346906482597
"381741",-3.09366701514364
"14773",-3.09645494086919
"20843",-3.09683794681598
"20429",-3.09714309176503
"69269",-3.09795580777756
"76813",-3.09821601209107
"15369",-3.09856017933125
"66611",-3.09890870266994
"226016",-3.10051139489552
"68808",-3.10414630864908
"319478",-3.10647663744903
"269198",-3.10838458079569
"53382",-3.11038512226259
"67841",-3.11112872206401
"69821",-3.11274947352647
"327826",-3.1140990433098
"11937",-3.11456981129582
"66165",-3.11813790554002
"68070",-3.12034423762884
"71795",-3.12165815186645
"207958",-3.12167284613664
"235415",-3.12171219572778
"238021",-3.12222684974583
"50935",-3.12326684507037
"58799",-3.12366527159262
"69639",-3.12379716031851
"66362",-3.12396985620893
"11764",-3.12734116130584
"107477",-3.12751818141895
"104099",-3.12878614661143
"277978",-3.12914359752673
"215210",-3.13227321210413
"243780",-3.13293946374878
"20371",-3.13675892599161
"17085",-3.13892629596484
"106393",-3.14009976696495
"14300",-3.14014914648895
"22719",-3.14159479932467
"246228",-3.14594593786294
"105372",-3.14732814523553
"64339",-3.14886517259279
"17300",-3.14974576439942
"14786",-3.15106748922331
"71878",-3.15179786536742
"12866",-3.15226886757921
"14282",-3.15253581649441
"223701",-3.15300771147089
"235086",-3.15423071175507
"70248",-3.15729338873509
"68760",-3.15826023817875
"16581",-3.15967970650455
"216976",-3.16130646855753
"68703",-3.16167964898973
"218973",-3.16219188912502
"22163",-3.16268633800946
"20873",-3.16337555880363
"20022",-3.16398824224917
"69953",-3.16509471802123
"20585",-3.16612315387933
"233863",-3.16688697775315
"216456",-3.16965561587978
"94220",-3.16988108330859
"68544",-3.17060416527461
"23967",-3.1707533614583
"68598",-3.17076577138276
"70769",-3.17296878135693
"11947",-3.17410393466732
"268480",-3.17470404365368
"329575",-3.17505901926788
"66935",-3.17546749963768
"74277",-3.17570501773489
"194388",-3.17628193908717
"242594",-3.1765959352144
"16764",-3.17725577313206
"263803",-3.17776261499119
"68709",-3.17928545941491
"20431",-3.18000266485298
"73247",-3.18138830905327
"216856",-3.18358811290181
"227059",-3.18403472221257
"71753",-3.18530488823959
"78749",-3.1859199034488
"242443",-3.188659552801
"230903",-3.18906229141749
"56354",-3.19079228017453
"234373",-3.1908840360062
"11536",-3.19099278115108
"208606",-3.19356141650876
"66421",-3.19515888981355
"12859",-3.19626659337365
"67683",-3.19817726625564
"111173",-3.1985345556047
"22691",-3.19920307890642
"11883",-3.20054449879617
"20194",-3.20117318322733
"223770",-3.20298015071959
"53323",-3.20358649576922
"229521",-3.20487576328732
"268933",-3.2092370918437
"16337",-3.20971785474547
"14236",-3.20977520774144
"633640",-3.21016894883017
"16530",-3.21185755022111
"71296",-3.21316253309155
"216961",-3.21367809252689
"17190",-3.214744960205
"109050",-3.21541391097273
"433667",-3.2158639646031
"106389",-3.21701182916028
"22340",-3.21824841265104
"102638083",-3.21852832357698
"66473",-3.21967110523212
"227331",-3.22247608406736
"18554",-3.22416338815552
"320802",-3.22476281309064
"71435",-3.22786270852371
"229473",-3.22864584997867
"208043",-3.23036726003467
"56392",-3.23093775598899
"74385",-3.23140075596265
"235441",-3.23163061591529
"69116",-3.23218510757172
"20613",-3.23296655273936
"380916",-3.23389472513817
"229007",-3.23569783668607
"18749",-3.2372102058918
"72772",-3.23773336072069
"11470",-3.23786462920958
"53951",-3.23901934409581
"110880",-3.23968899943805
"13829",-3.23980125378011
"269181",-3.24147940196
"22724",-3.24307038358435
"11920",-3.24364004438534
"12412",-3.2478152402849
"67844",-3.24873639149983
"17179",-3.250039874
"19679",-3.2505890563114
"319955",-3.25092841782842
"228807",-3.25420283622415
"67331",-3.25515768540707
"17087",-3.25740215129101
"16433",-3.25899920570875
"74287",-3.26129594095198
"17886",-3.26204329045228
"21335",-3.26773184204182
"21833",-3.26785034185076
"68789",-3.26915764951173
"234912",-3.27178015037647
"67958",-3.27283299426798
"17193",-3.2766272973031
"71131",-3.27761807132759
"55950",-3.27855496264004
"230603",-3.27885746998336
"70564",-3.27939658364988
"192188",-3.27993187596085
"76426",-3.28052244894354
"67422",-3.28205498949096
"73660",-3.28290957139226
"269003",-3.28478849566439
"70045",-3.2866498464181
"241732",-3.29003222914704
"68112",-3.29062235565713
"73327",-3.29258253838181
"224624",-3.29305111521056
"56724",-3.29344119951946
"216850",-3.29379497755166
"19052",-3.29579509444932
"76947",-3.29682226992471
"233552",-3.2987717456942
"260302",-3.29886705105226
"209357",-3.29978017231956
"19656",-3.29990006507102
"544752",-3.30138093349488
"19352",-3.30195465303065
"66895",-3.30555150015283
"215951",-3.30591422275259
"17708",-3.30774348783221
"67804",-3.31132959246171
"225994",-3.31559531733733
"19651",-3.3165390681073
"235907",-3.31873128962032
"230796",-3.31958148402696
"51793",-3.32019622754359
"72201",-3.32176550230284
"26447",-3.32187890641523
"269423",-3.32307581788844
"23807",-3.32342572068723
"21386",-3.32467106782122
"70127",-3.32708298886272
"75320",-3.32850422621396
"104831",-3.32998431053195
"101943",-3.33012790102924
"269614",-3.33975129373539
"17691",-3.34177465599307
"319944",-3.34276791028566
"58988",-3.343648057816
"11702",-3.34506943830931
"66440",-3.34651960970434
"53970",-3.35545368697012
"68018",-3.3574489278234
"223267",-3.35831514225136
"214922",-3.35854242348833
"71803",-3.35954948528051
"19157",-3.36174748301251
"105859",-3.36267507039249
"228769",-3.36292330506775
"117197",-3.36294976039414
"54130",-3.36418014379237
"269252",-3.36529900730575
"50996",-3.36611357787363
"72282",-3.36619367173628
"19746",-3.36622944014402
"319758",-3.3674082415745
"56544",-3.36762466526245
"69890",-3.37276622609889
"13435",-3.37307542897265
"70546",-3.3736006278721
"208151",-3.37487870384766
"353328",-3.37696267482855
"227656",-3.37766116314558
"208968",-3.37831895760577
"100534273",-3.38275528969861
"225131",-3.38294854382013
"320111",-3.38321917714695
"19290",-3.3845032735678
"56533",-3.38883085960033
"73407",-3.38909420749153
"22213",-3.38931413999959
"68133",-3.3900826678843
"68196",-3.39155975571664
"21681",-3.39193993901113
"223774",-3.39278145751871
"432731",-3.39551527500062
"70967",-3.39750357271482
"75695",-3.39869871117835
"20522",-3.39896956542564
"20166",-3.40111537255838
"67205",-3.40482158582662
"68755",-3.40548418120521
"71722",-3.40556778306445
"170728",-3.40747262983544
"30931",-3.40759576441094
"64295",-3.40781031236301
"50753",-3.40837919382867
"170942",-3.40957732359769
"20464",-3.41050896046859
"212733",-3.4106989335689
"258837",-3.41100886059547
"238722",-3.41348276901381
"14897",-3.41465084030041
"18675",-3.41490486155301
"20887",-3.41581254097592
"16906",-3.41590242948606
"100504234",-3.41640425362886
"21856",-3.41695931368869
"23942",-3.41960973859567
"407800",-3.42083025083616
"109054",-3.42215148673273
"240186",-3.42237194584432
"210925",-3.42412717686483
"19227",-3.42499687574161
"668501",-3.4252872136967
"20321",-3.42766968998757
"69029",-3.4302867080529
"11459",-3.43035245168795
"94221",-3.43299909992853
"69737",-3.43423769670294
"73430",-3.43532342279205
"14366",-3.43738443906225
"19696",-3.44190456239747
"58251",-3.44431773278804
"68365",-3.44484296933443
"56046",-3.44561424650208
"72580",-3.4458827317436
"106931",-3.45046152528403
"237211",-3.45138760572733
"67306",-3.45553503625215
"22643",-3.45821829158584
"21750",-3.45858531050174
"104601",-3.45946607138088
"17929",-3.45952869970017
"16449",-3.46027623935057
"67862",-3.46036753385583
"227525",-3.4609253513003
"21374",-3.46208814647246
"26442",-3.46317138392922
"108121",-3.46579725222507
"15568",-3.46680455077898
"57441",-3.46706822300037
"66889",-3.46781008987208
"234086",-3.4678218380349
"22718",-3.47133161680869
"13590",-3.47195951450064
"73242",-3.47226065567884
"170758",-3.47313462653148
"20910",-3.47640149600155
"381979",-3.47698500256989
"270627",-3.4775140164685
"72722",-3.47822368451667
"79264",-3.47903472300365
"71687",-3.47977702295931
"68693",-3.4807929539184
"14463",-3.48085201813954
"74485",-3.48166318787302
"170742",-3.48190549287407
"12018",-3.48200270941677
"626848",-3.48207869634978
"75739",-3.48236310437394
"69241",-3.48237301905528
"50880",-3.48521320451035
"327762",-3.48539555808284
"12715",-3.48559782198634
"17279",-3.48581914454893
"93759",-3.48587967241797
"29809",-3.48619591531385
"11891",-3.48633085123384
"319262",-3.48928505289904
"99334",-3.49737002356225
"67525",-3.49835978066357
"320816",-3.49837360233377
"64656",-3.49907656255739
"11491",-3.49926966940816
"101869",-3.50018770965082
"12607",-3.50047160492606
"67216",-3.50176321386012
"71106",-3.50258890611405
"57782",-3.50341033384368
"75482",-3.50557112833994
"15159",-3.5068698726861
"20466",-3.50691621575725
"58998",-3.50706117988478
"14723",-3.50776504822859
"228839",-3.50845045068197
"67495",-3.50996933528666
"252876",-3.51015930969448
"19362",-3.51092700939744
"20405",-3.51298182352981
"12168",-3.51465595973495
"100034748",-3.51473755834756
"268996",-3.51546893935584
"57276",-3.51615307088046
"17684",-3.51715311485237
"234388",-3.51828146786464
"14390",-3.5221529898948
"12053",-3.523943275638
"75826",-3.52465764908042
"71678",-3.52951776408576
"13998",-3.52961087220376
"76441",-3.52962550793134
"240068",-3.53020506845109
"16650",-3.53026736389516
"211064",-3.53044670517313
"98238",-3.5354480871868
"80906",-3.53743296786701
"16648",-3.54018290058555
"234695",-3.54300816793826
"18302",-3.54504865938421
"20630",-3.54870572525541
"230837",-3.54902050366698
"58227",-3.54982387924269
"67815",-3.55401394821217
"67222",-3.5555771428522
"170936",-3.55901015801989
"218630",-3.56029439399728
"27356",-3.56144171393944
"68010",-3.56485687649924
"71728",-3.56645420197967
"71472",-3.56804948769213
"217737",-3.57073183058849
"227620",-3.5720317395028
"23856",-3.5726480444049
"68299",-3.57360349607578
"28000",-3.57428033911763
"71751",-3.57465772448843
"75627",-3.57483261041098
"116940",-3.57549300440652
"108902",-3.57673907114955
"67017",-3.57937632778458
"16407",-3.5798145059853
"272411",-3.58079562181551
"75669",-3.58080890304369
"83965",-3.58111855746107
"217379",-3.58123433665214
"69125",-3.58377116802791
"212439",-3.58592963601518
"75660",-3.58620800401645
"242093",-3.58630672147555
"245945",-3.58888389235442
"50505",-3.59023564012974
"54397",-3.59440789897339
"13855",-3.599395568291
"67788",-3.59948995294112
"72745",-3.60212539939312
"66153",-3.60412459721044
"217705",-3.60483235322566
"58233",-3.60520253393334
"17883",-3.60640820517581
"18970",-3.60761035514861
"54394",-3.60806703519776
"12234",-3.60816633278782
"16797",-3.60897340412789
"68953",-3.60976932200365
"192196",-3.61148151644863
"216344",-3.61308947387419
"107986",-3.61318884797917
"385658",-3.61390120081906
"73420",-3.6151112807494
"70099",-3.61622318582975
"235072",-3.6175004052279
"269855",-3.61905164523037
"71132",-3.62167248569474
"16795",-3.62295683400297
"93762",-3.62793592707673
"24050",-3.62800665341918
"11640",-3.63069220890908
"66054",-3.63078053365991
"72306",-3.63209573782333
"50776",-3.63450105971417
"71954",-3.63717147330987
"67610",-3.63802803164855
"66128",-3.63990428912352
"70052",-3.64223796765542
"664883",-3.64473738444215
"66949",-3.64683618933754
"231670",-3.64746822728102
"216799",-3.65097579806927
"75316",-3.65238647718595
"51938",-3.65357122614517
"100072",-3.65362398278315
"240667",-3.65373391724836
"75692",-3.65382923317482
"101592",-3.65383140966269
"66257",-3.6543715132615
"14225",-3.65585201048585
"236285",-3.6559317833172
"68146",-3.65821304178631
"214627",-3.65831365620425
"70693",-3.66046638166344
"211949",-3.66050669958837
"628308",-3.66156718682579
"12484",-3.66485966409793
"110172",-3.66545454250505
"227154",-3.66656694365559
"212541",-3.66732962825463
"26428",-3.66743666461655
"101772",-3.66775337206792
"83410",-3.670069060899
"68957",-3.67015393662953
"15357",-3.67247269762623
"56407",-3.67415750213106
"60425",-3.67487111786441
"19344",-3.68065847236007
"212943",-3.68159181530785
"320910",-3.68305021010683
"99371",-3.68544261998876
"207686",-3.68754203641355
"28030",-3.68761833988365
"68999",-3.68833043492629
"269209",-3.68966105456432
"319899",-3.69118434609553
"216767",-3.69327344306559
"72958",-3.6953097331566
"68867",-3.69556710496599
"12723",-3.6961517761515
"14186",-3.69647579755266
"22589",-3.69724609117177
"12908",-3.70248015265942
"170768",-3.70273916688509
"13612",-3.70478651063381
"214505",-3.70563351442548
"15467",-3.70784631871431
"272158",-3.70831872965289
"54711",-3.70841956612083
"13871",-3.71011788482987
"269336",-3.71089526268954
"73754",-3.7151614166898
"13197",-3.71521402241731
"66354",-3.71571453746332
"100177",-3.7161875080306
"26431",-3.71666431738152
"67898",-3.71715381146815
"78330",-3.71910213319824
"71306",-3.71924286282586
"20364",-3.71944711563037
"13972",-3.71989264699671
"235041",-3.71999842504052
"17688",-3.72053617310728
"234736",-3.72103543178805
"77578",-3.7211323736094
"68161",-3.72156595443517
"21384",-3.722992515991
"67848",-3.72484450341076
"217337",-3.73433929941746
"214952",-3.73440426883021
"106298",-3.73489120199212
"54615",-3.73512100991709
"259144",-3.73605344647085
"72587",-3.73755304954742
"20229",-3.7380614905849
"217030",-3.73886885577296
"381798",-3.74412256552504
"19075",-3.74468347325941
"223870",-3.74563171171234
"15223",-3.74600438457707
"54338",-3.75039805969661
"55927",-3.75146318549874
"54673",-3.75214663723171
"12012",-3.75317620551555
"14313",-3.75468687921432
"217342",-3.75506127798455
"71186",-3.75902446017628
"67725",-3.76175589530272
"66292",-3.76215387149174
"208666",-3.76650337831267
"19339",-3.76911107805303
"243846",-3.77017666234408
"66966",-3.77132758822054
"14687",-3.7718919505754
"171180",-3.7721288202405
"74718",-3.77267688740258
"52040",-3.77740439375206
"279572",-3.77808131483571
"106565",-3.77833662092355
"382066",-3.77958692118485
"67121",-3.78094563819672
"235533",-3.78154832447545
"19328",-3.7817715113136
"240028",-3.78177698369987
"237400",-3.78225618650568
"74041",-3.78281864569578
"11905",-3.78915232591128
"11844",-3.79013041527217
"69085",-3.79042276428636
"78914",-3.79146354885924
"15366",-3.79196277787899
"68178",-3.79313328694366
"74307",-3.79335309692288
"68423",-3.79369430155351
"54446",-3.7943659903844
"20196",-3.7959062338177
"21353",-3.79704457306221
"69318",-3.79718333352119
"11545",-3.79753440075338
"14165",-3.79889169549945
"11793",-3.79934558684573
"27387",-3.80041703889284
"57913",-3.80473381109843
"140486",-3.80520504222251
"16438",-3.80765281585199
"27762",-3.80885697064068
"75871",-3.80989765232445
"72723",-3.81014840417852
"102334",-3.81112900524831
"58991",-3.81113052252186
"233066",-3.81663108302669
"17979",-3.81801449645119
"100210",-3.82126752665547
"545389",-3.82167597903068
"67313",-3.82194778779508
"73112",-3.82213630251553
"64340",-3.82433030040516
"26456",-3.82474671913373
"66446",-3.82551080929544
"108937",-3.8260755176252
"79233",-3.82630431860158
"329908",-3.82697821438266
"13665",-3.82722928049796
"50905",-3.82776796333257
"213989",-3.82970566559459
"214469",-3.8300021623406
"105689",-3.8310426968153
"26926",-3.83499582795632
"22401",-3.83590321648347
"22648",-3.83785341676805
"53621",-3.8390952047744
"13006",-3.8417331815971
"269397",-3.84289602714583
"30963",-3.84407291366873
"57080",-3.84419077758941
"74498",-3.84546134106981
"72244",-3.84829994897874
"13497",-3.84907431999398
"54384",-3.84921290563264
"269224",-3.85005086070685
"52202",-3.85109061301613
"214290",-3.85119733173011
"22138",-3.85240232285935
"231946",-3.85415703506607
"68837",-3.855162310334
"75991",-3.85605757183889
"233879",-3.85608636949743
"20674",-3.85799462071446
"67963",-3.85851910926512
"546886",-3.86184598869242
"14760",-3.86398728277366
"21843",-3.86468250881817
"226977",-3.86938104702701
"108169069",-3.87054999825807
"73121",-3.87107731708523
"245944",-3.87200662300885
"269608",-3.87332436875322
"66827",-3.8733998279396
"68255",-3.87351041835836
"230661",-3.8735789214531
"16974",-3.87689331486768
"100756",-3.87807972053668
"74256",-3.87813368670398
"227099",-3.87968801686171
"70747",-3.87990799569793
"20318",-3.88025592263722
"26563",-3.88038059445635
"330222",-3.88302339619019
"381410",-3.8840427043277
"58246",-3.88551598714584
"68592",-3.89146654784044
"239096",-3.89190968711945
"320404",-3.89293979947908
"76500",-3.89523230941104
"74764",-3.89561384147121
"103768",-3.89631652931645
"23806",-3.89707848513345
"73666",-3.89737190175037
"338354",-3.89799692046323
"29813",-3.90096522696265
"77809",-3.90110234055763
"654801",-3.9017136527392
"19687",-3.90276727771442
"194231",-3.90652503914547
"56209",-3.90660269165187
"26909",-3.90920595735283
"77128",-3.9094006201711
"76867",-3.91080569716434
"22083",-3.91383099202265
"234776",-3.91505223048388
"17309",-3.92087272903495
"21802",-3.92490972765072
"16529",-3.92995975105579
"270198",-3.93039023997344
"381404",-3.9305009039462
"214345",-3.93101212256143
"217695",-3.9312994832082
"69641",-3.93182252350433
"76594",-3.93202972160827
"27224",-3.93276557000525
"76179",-3.9344627190321
"21854",-3.93457411950602
"66945",-3.93562910289112
"72807",-3.93614092266947
"210719",-3.93673391413535
"233016",-3.93721904088462
"226419",-3.94039278223321
"26466",-3.94096940984242
"328572",-3.94156821792816
"71517",-3.94432042763266
"13424",-3.94522058519
"13835",-3.94743852700209
"12014",-3.94763166887832
"18108",-3.94844278208206
"269966",-3.94969197468856
"14123",-3.950379335989
"17748",-3.95049273676115
"270049",-3.95153132569989
"68364",-3.95215632633091
"72568",-3.95571413059236
"320024",-3.95722814249323
"18741",-3.95876466441095
"107513",-3.95932946100468
"213491",-3.9598180414724
"70574",-3.96900802813574
"54630",-3.96943292875182
"103963",-3.97496017055545
"219105",-3.97503316666141
"66101",-3.9755388842425
"227733",-3.97688508315376
"100038725",-3.97808303042475
"67538",-3.98324679064596
"381695",-3.98597558343731
"66634",-3.98651206663727
"13867",-3.98775863341522
"226043",-3.9940556732196
"224454",-4.00119593008924
"16995",-4.0012300534728
"21981",-4.00591275514593
"209645",-4.00623981132329
"237611",-4.00732401333112
"329934",-4.00840692462106
"105083",-4.00854325008036
"26373",-4.0105751606765
"14536",-4.01310959623881
"257632",-4.01580604512457
"72016",-4.01685442655807
"268706",-4.01827174904879
"100503710",-4.01840768735346
"53319",-4.02037154470971
"69192",-4.02060053929448
"94186",-4.02340784844162
"75210",-4.0235165100095
"99412",-4.02426919149087
"213272",-4.026760969961
"223666",-4.02706014833925
"142682",-4.027575632326
"13002",-4.02919242829859
"73600",-4.03028539507498
"28081",-4.03192343567703
"14645",-4.03309389039868
"52123",-4.03349178710745
"13684",-4.03458373622945
"433702",-4.03803821471973
"13209",-4.03916636392564
"72183",-4.04163897577782
"68524",-4.0423227146505
"238330",-4.04250424519301
"76551",-4.04273024643206
"319765",-4.04584121503846
"50850",-4.04614300047184
"384763",-4.04768939592302
"68075",-4.05006472819218
"94063",-4.05078975466202
"67139",-4.05511084283408
"55982",-4.05851046220686
"27425",-4.05943875115074
"66953",-4.05967611067238
"70120",-4.06031980487166
"19206",-4.06183117343523
"54366",-4.06238559734208
"16363",-4.06677520368817
"11772",-4.06985631109663
"75317",-4.07000734778894
"19207",-4.07036861458722
"30937",-4.07116176250548
"216805",-4.0729249331
"24069",-4.07499771345816
"66136",-4.07721118626598
"56445",-4.07721250315094
"79043",-4.07783293469159
"67952",-4.07841692293413
"15528",-4.07875166726197
"71923",-4.08200248228216
"328108",-4.08600024973028
"230857",-4.08675142103087
"17713",-4.08676840377704
"106869",-4.08712571429944
"13368",-4.08855052296824
"16825",-4.08925019421439
"66625",-4.08987476137603
"71389",-4.09142802806928
"66642",-4.09230951576817
"56705",-4.09258669211901
"213121",-4.09310221963601
"246787",-4.09593348680635
"75597",-4.09635770986798
"108011",-4.09895363964716
"54624",-4.10071979627626
"105418",-4.10239950549083
"72330",-4.10363762406695
"71912",-4.10367380498542
"102902673",-4.10466228451497
"237353",-4.1055936846375
"212706",-4.10673544226493
"69723",-4.10785749737262
"18747",-4.10963859298954
"21871",-4.1107553251522
"170459",-4.11113319917369
"14270",-4.11161467542326
"381823",-4.11814840099792
"20614",-4.11819937709591
"224092",-4.12591709053153
"13603",-4.12918322147372
"108961",-4.12939443528739
"235627",-4.12975705098031
"211660",-4.12977156399127
"68870",-4.13094562639037
"107435",-4.13257873413847
"69721",-4.13425829580559
"72615",-4.13505455315412
"13347",-4.13711574405289
"19305",-4.13763957758509
"74143",-4.13812627699475
"634731",-4.14076236580269
"72029",-4.1429711786295
"231858",-4.14361752495753
"17113",-4.14369886696911
"235584",-4.15585664445787
"66549",-4.15865973114022
"242484",-4.15942066400521
"235610",-4.16167368080833
"218294",-4.16337668042783
"118454",-4.16456264969658
"66471",-4.16486979857406
"66841",-4.16521020777132
"22746",-4.16684574469724
"12785",-4.16762714217099
"381293",-4.17146322286092
"237500",-4.17229639423811
"319817",-4.17401275568043
"21807",-4.17464505662053
"242915",-4.17582772534348
"76742",-4.17674311312967
"54343",-4.1773813030131
"225631",-4.17840955525444
"105348",-4.17985439879371
"70713",-4.18156557094989
"230935",-4.18195422940717
"66185",-4.1847137493856
"13046",-4.18688557708689
"66467",-4.18986019938684
"226255",-4.19046276589549
"100383",-4.19138449854282
"67511",-4.19141694061721
"21414",-4.19258609527083
"66817",-4.19586536550782
"74762",-4.19713755137419
"22130",-4.19751676544966
"69780",-4.1976865365437
"18223",-4.19851452366823
"60595",-4.19955088031877
"208439",-4.19971228617754
"215194",-4.20028031114493
"214444",-4.20206186067773
"109333",-4.20469532157831
"66309",-4.20624582913659
"66161",-4.20692913226261
"54120",-4.20946717161947
"12301",-4.21107096355402
"238692",-4.2119750223549
"102857",-4.21259788336902
"229543",-4.21301160826769
"20401",-4.21555909870753
"268747",-4.21814801764968
"11975",-4.21885861427416
"66193",-4.21991022581894
"66455",-4.22015688028084
"78321",-4.22049149169287
"67480",-4.22435220343463
"22693",-4.2248432718298
"67338",-4.2255463863604
"81904",-4.22838189233173
"224805",-4.2291404520447
"30932",-4.23195944915764
"52028",-4.232048646474
"22682",-4.23296719539085
"66757",-4.23695707362948
"108099",-4.23768194380767
"59046",-4.23983604881608
"69714",-4.23999930823145
"233056",-4.242052701968
"75555",-4.24256744479082
"78656",-4.24400332026882
"19377",-4.24593118544959
"19185",-4.24789994883931
"103573",-4.25076200362874
"100504112",-4.25158842316626
"22640",-4.25254279788371
"66167",-4.25470427817434
"12193",-4.25875095023106
"73389",-4.25906739024401
"74012",-4.26086309227465
"67581",-4.26179857625344
"101706",-4.26234558394007
"19015",-4.2635013028462
"69834",-4.26385530374362
"72083",-4.26454692589753
"381801",-4.26556774440438
"83486",-4.26616538234185
"12848",-4.27116593996281
"70432",-4.27125652244191
"74770",-4.27162100348025
"27221",-4.27310204941781
"13984",-4.27403329953969
"54122",-4.27710969784057
"192657",-4.27733540722574
"70791",-4.27776819810471
"20529",-4.27816010372013
"67224",-4.27984196397289
"70207",-4.28138682841965
"114874",-4.28182745899311
"67177",-4.28188614026953
"170625",-4.28447834757123
"66890",-4.28668082094907
"116904",-4.29066302733131
"56422",-4.29117695272588
"210274",-4.29289445455506
"69807",-4.29675163803317
"16855",-4.29990090867611
"101994",-4.30170447123412
"30946",-4.30214170856988
"104080",-4.3028314396093
"67285",-4.3029173930392
"320720",-4.30451476339374
"20844",-4.30518218655512
"80720",-4.30530362242971
"71361",-4.30569728341639
"231999",-4.306943275283
"233789",-4.30833601129245
"233904",-4.30876668702286
"16637",-4.31191434001745
"14063",-4.31379479647648
"140858",-4.31605883622891
"236930",-4.32071537918578
"13548",-4.32093600379371
"20742",-4.32109054493663
"69769",-4.32289995419268
"69605",-4.32663377696309
"112405",-4.3268860322214
"246710",-4.332461483383
"269717",-4.33340265070717
"50875",-4.33341719608492
"70497",-4.33355863139926
"230700",-4.33440398485957
"11610",-4.33450955901676
"12224",-4.33532802788033
"233103",-4.33613533849395
"68115",-4.33690545888571
"14787",-4.33797482706323
"227707",-4.33820110309137
"76788",-4.34176051626774
"27494",-4.34475351051286
"73545",-4.34588757677709
"210356",-4.34629272658325
"17954",-4.34844068327768
"14756",-4.35061605281803
"26413",-4.35235819850797
"60534",-4.35335615849655
"245007",-4.3552596550621
"192174",-4.35808768184844
"66401",-4.3638926828304
"72999",-4.36391917001109
"384071",-4.36428455666424
"270086",-4.36442863426281
"20133",-4.364609128127
"20682",-4.36746522500231
"208076",-4.37017997943974
"270035",-4.37036048009264
"76044",-4.37367110199604
"108012",-4.37450087815364
"216848",-4.37550219325307
"50877",-4.37589474996004
"239126",-4.3788918238269
"11512",-4.38065460994794
"75410",-4.38129402274589
"217732",-4.38192609257672
"319583",-4.38405710653956
"234138",-4.38608282089997
"22341",-4.38732494933222
"52504",-4.38949853268605
"320799",-4.3952140894548
"99730",-4.39573872189492
"234595",-4.39722975516354
"66069",-4.39787245560827
"65963",-4.39813086360342
"75339",-4.40117619718808
"67036",-4.4053651035641
"67530",-4.40559462744696
"224585",-4.40576768607797
"57439",-4.40647948123144
"268420",-4.40716822871683
"21646",-4.40878196637821
"223918",-4.40951296601313
"208111",-4.41111330577514
"75623",-4.41112368089066
"72315",-4.41159936801134
"20851",-4.41246854183216
"279561",-4.41312998949911
"60321",-4.41589565512429
"100737",-4.41728451017602
"217708",-4.41779092207866
"23939",-4.41867362191233
"217201",-4.4187771724988
"233890",-4.4190156661401
"74383",-4.42060167059116
"232934",-4.42270153206884
"245469",-4.4233923463932
"233900",-4.42765612380932
"210146",-4.4295660169273
"57431",-4.43036884826424
"72199",-4.43042686838307
"330450",-4.43314559638947
"20540",-4.43388931097827
"93840",-4.43758367628567
"24074",-4.43793399690154
"22114",-4.43849478834535
"213054",-4.43862451481275
"68816",-4.43995086240838
"271844",-4.4414636893092
"114741",-4.4432205040437
"74533",-4.44500914822572
"102632",-4.44698809732991
"12876",-4.44710191177012
"72290",-4.44790253204455
"226982",-4.45024676837052
"329559",-4.45229040347984
"11958",-4.45520735582434
"211429",-4.45675182521533
"240261",-4.45733360008548
"74201",-4.45829364692372
"225929",-4.45945978359309
"16854",-4.45978901287316
"74400",-4.46158095202982
"232947",-4.4623944598802
"75416",-4.46268528610668
"76303",-4.46358529125187
"373864",-4.46433869503767
"16480",-4.46439652103827
"22186",-4.46465318066782
"110962",-4.4669597352923
"29812",-4.46718199138371
"11785",-4.46743190533236
"13051",-4.46828466662428
"70470",-4.47086448147744
"246747",-4.47214389317093
"217344",-4.47569939062891
"73998",-4.47984983722464
"381353",-4.48035095470238
"208171",-4.48531147210483
"57274",-4.48579687720778
"210172",-4.48760898460605
"15235",-4.49522585921911
"219024",-4.4973135119063
"242083",-4.50432693448308
"20926",-4.50679101459962
"212772",-4.51091455802896
"54645",-4.513402328169
"52858",-4.51466666444054
"57895",-4.51739370486563
"382253",-4.51818207224988
"30930",-4.51933733349242
"52589",-4.52125363703604
"79044",-4.5216410489755
"54405",-4.52223258000796
"50770",-4.52663895073271
"244871",-4.52701083665397
"103712",-4.52837416426115
"18293",-4.52933348205801
"72549",-4.53033375964361
"18221",-4.5312713209348
"66244",-4.53341062405951
"106878",-4.53384140902154
"14312",-4.53532889572657
"54648",-4.53587477559913
"338351",-4.53654152074188
"52683",-4.53793563638162
"69612",-4.53959143234707
"72267",-4.5433864394344
"20296",-4.54895814128488
"17918",-4.54943874421703
"98376",-4.55134471985007
"239833",-4.5534727848303
"53602",-4.55789769469382
"12006",-4.55895240613213
"26423",-4.55929669323963
"27275",-4.5602435506998
"236904",-4.56390291756626
"16528",-4.56412590404152
"72351",-4.56439807899823
"216825",-4.56540648706713
"68942",-4.56647196053627
"76007",-4.5696065603604
"329828",-4.57038068850517
"69590",-4.57266553594647
"66371",-4.57496338552799
"12493",-4.57615419270905
"213988",-4.57909538849754
"228913",-4.58245086376861
"320790",-4.58429503552166
"13052",-4.5853971677093
"109331",-4.58547139175878
"80289",-4.58680417369448
"68591",-4.58684334949747
"226562",-4.58845043746072
"242297",-4.58850242328413
"56431",-4.58903555447638
"66385",-4.58915743360419
"170938",-4.59122046525155
"23863",-4.59357455355109
"20349",-4.59396238299028
"234362",-4.59623905351837
"67753",-4.59920657910581
"320632",-4.59981407370073
"230654",-4.60235036038938
"16976",-4.60344450508441
"56430",-4.60486784037856
"65106",-4.60599441782137
"83770",-4.61007621284154
"56381",-4.61144882051597
"22230",-4.61307990619648
"72440",-4.61526306233538
"17268",-4.61842750484778
"192678",-4.61850986478779
"16649",-4.61913378401989
"101631",-4.62041294620932
"212390",-4.62265800884196
"212168",-4.62299361810112
"72399",-4.62318458757681
"16068",-4.62380879703085
"100201",-4.6245313499128
"268451",-4.6254923662596
"77036",-4.62561868251771
"20467",-4.62621099143303
"209416",-4.62855617827239
"192160",-4.62952969290169
"320165",-4.63134563319278
"12874",-4.63489285608677
"70699",-4.6415139716101
"18181",-4.64153346106894
"77652",-4.64200037263116
"21844",-4.64635293117689
"71819",-4.64637024162224
"18029",-4.65194858034898
"636931",-4.6541117173165
"20688",-4.65621591477629
"320080",-4.66182605316043
"20922",-4.66416318475061
"30878",-4.67155546904553
"408068",-4.67161099036219
"231691",-4.67821518395815
"71667",-4.67884668393627
"14555",-4.68219798520829
"16576",-4.68551006004414
"360216",-4.68699799285429
"319468",-4.68755423369138
"58994",-4.69028764478737
"223435",-4.69155586981614
"50754",-4.69296648973287
"102122",-4.69337689568223
"233887",-4.69356454382958
"171580",-4.69402982368812
"66396",-4.69403949061596
"233871",-4.69458393897936
"16601",-4.69529936760598
"110532",-4.69605265805617
"22214",-4.69626384888985
"208194",-4.69821080484943
"77519",-4.69899979627912
"69232",-4.69974048598184
"268512",-4.70007910812477
"12662",-4.70073374481154
"52323",-4.70091853858126
"102614",-4.70780922408218
"73233",-4.70993345309161
"216438",-4.71086336467788
"73833",-4.7127833198296
"67039",-4.71491996094097
"71768",-4.71564165240205
"101513",-4.71593342666478
"20320",-4.71851957918314
"69713",-4.72172191978574
"71198",-4.72631178725497
"73490",-4.72828949312891
"27096",-4.72886245752338
"17969",-4.73033773387099
"225876",-4.73614770222208
"272027",-4.74160471146976
"27355",-4.74308501149261
"101214",-4.7433502444195
"23872",-4.74684137417117
"66977",-4.74788223740697
"67384",-4.74934042795574
"112407",-4.75072805705751
"235626",-4.75136410229922
"224224",-4.75278990437753
"20650",-4.75298763087756
"16889",-4.75324240120275
"67057",-4.75414811838599
"24018",-4.75701562633999
"108143",-4.7592119872971
"213895",-4.76585655059795
"68350",-4.76657484707455
"233020",-4.76697163972996
"70873",-4.76708541312347
"19826",-4.7673497058984
"224796",-4.76770002991083
"56386",-4.7683025377501
"112418",-4.7687891043877
"217216",-4.77140869081969
"19258",-4.77510661060656
"503610",-4.77782689538158
"83493",-4.77826624320541
"94091",-4.77920427424076
"100213",-4.77966887089244
"63985",-4.78097392860913
"14391",-4.78298213917929
"69076",-4.78386938961432
"77352",-4.78791990954457
"66206",-4.78861377852107
"26405",-4.7887959067183
"72085",-4.78894744209612
"242584",-4.78981028788997
"230815",-4.78987521959615
"11907",-4.79032727597944
"320878",-4.79197612071023
"56278",-4.79360635026822
"71828",-4.79433577809955
"74374",-4.79445507083572
"22700",-4.79752131555493
"81702",-4.79863938403799
"52440",-4.80540341806225
"214048",-4.80594846630234
"218203",-4.80741597936585
"269774",-4.80789614710515
"22183",-4.80848039529034
"110920",-4.80860722560408
"72502",-4.81027634164947
"246738",-4.8114206385189
"228607",-4.81213105076575
"98711",-4.8137282154579
"72607",-4.81398145380041
"234366",-4.81750096986633
"338362",-4.81801576901354
"67437",-4.82131987439354
"53379",-4.8214183365242
"216274",-4.82456940812157
"74096",-4.82651065759533
"18015",-4.82710139960808
"232341",-4.82832534833181
"23997",-4.82865077217928
"270084",-4.8292959205517
"12537",-4.8308995444331
"74477",-4.83132206128453
"353170",-4.83292048903848
"666468",-4.83440244896985
"57765",-4.83573940680801
"100503041",-4.83888481839435
"77832",-4.8392079790519
"68275",-4.8392667020143
"231637",-4.83928955032551
"217578",-4.84032795325452
"56248",-4.84090394370607
"20687",-4.84129837930017
"170737",-4.84138208446151
"15526",-4.84259900102
"66464",-4.84354794722877
"74480",-4.84541081506584
"12013",-4.8470858874489
"63955",-4.8475222800028
"94315",-4.8501578871639
"15586",-4.85139220261743
"67463",-4.85658300835007
"68205",-4.85751434331094
"74455",-4.85812648883693
"13032",-4.86434845361718
"57247",-4.86693807935301
"18511",-4.86895847098254
"18802",-4.87138132152429
"22782",-4.87256172565506
"66975",-4.87818204904591
"11910",-4.87877057966669
"171463",-4.88126230764242
"223646",-4.88258930188671
"80905",-4.88624352138031
"269587",-4.88640648767002
"110078",-4.88680633086192
"94178",-4.88705814606328
"218271",-4.88714745051571
"13591",-4.88976809692236
"230648",-4.89186808521021
"171207",-4.89345528264072
"227723",-4.89620661425402
"26549",-4.8965326604094
"71846",-4.89656855065133
"11889",-4.89709892979072
"76478",-4.89945927965589
"16362",-4.90038798248164
"28010",-4.9047526358833
"15312",-4.90511917133396
"74149",-4.9057393075751
"216831",-4.9073127234879
"102323",-4.90779251063321
"66867",-4.9091486781846
"12517",-4.90920154804021
"105203",-4.91031897110171
"244144",-4.91096747704893
"69257",-4.91108809656542
"74645",-4.9133224981201
"99167",-4.91367454215429
"212531",-4.91926282248296
"72139",-4.91953274656409
"668030",-4.91992288628214
"56527",-4.92109152724843
"210503",-4.92192265249149
"14793",-4.92356983000596
"217127",-4.92890869496478
"241308",-4.93177815807503
"12803",-4.93436120189561
"75302",-4.93484127204234
"19367",-4.94333428026328
"66676",-4.94379914101372
"66925",-4.9457357729725
"56195",-4.94591549450469
"16593",-4.94726770157889
"56690",-4.94829529332366
"320011",-4.9491935588412
"20869",-4.95527105603578
"230101",-4.95748055061747
"110052",-4.95927526160815
"16402",-4.95973295252168
"14732",-4.96197302511824
"68259",-4.96211536152228
"54126",-4.96250028941937
"70625",-4.964377116183
"76820",-4.96667996008232
"231991",-4.96707155726477
"11974",-4.96860378279834
"217370",-4.97732850061078
"14027",-4.9812916896879
"68801",-4.98172140494122
"16553",-4.98235063105045
"76406",-4.98323207543325
"18537",-4.98599720313014
"237542",-4.98637822588092
"72313",-4.98879501326721
"74013",-4.98914043381426
"21385",-4.9908842763702
"18744",-4.99359974701101
"76936",-4.99452915185064
"257630",-4.9953561456543
"67279",-5.00027835671955
"59054",-5.00106027447169
"67092",-5.00348582986298
"72350",-5.00720487464358
"72727",-5.00885202912521
"11950",-5.01113892240717
"20266",-5.01133811871917
"214162",-5.01214349212367
"68202",-5.01661631557807
"71704",-5.01833247801955
"80890",-5.01864199314206
"74596",-5.0195133642493
"30954",-5.02635156184108
"329506",-5.02700125674111
"232933",-5.02830236147561
"207952",-5.02833093166197
"13842",-5.02834468758238
"16549",-5.03070279444938
"71713",-5.03240100676191
"13831",-5.03484249538195
"380629",-5.03838611388026
"26951",-5.04117196017536
"54604",-5.0415266450547
"21816",-5.0454619001659
"70350",-5.04583121373411
"246198",-5.04783356707208
"329260",-5.04993749061696
"64051",-5.05054069654696
"102247",-5.05248803747382
"21769",-5.05287246714462
"328971",-5.05560755678938
"214230",-5.05683678674648
"26885",-5.06010727592543
"114128",-5.06121929839143
"19265",-5.06358125896708
"233058",-5.06634228931152
"13360",-5.06688230651234
"107934",-5.06759442762188
"26934",-5.07076455804791
"30046",-5.07125057594674
"78428",-5.07508301124276
"71804",-5.07570750980907
"78795",-5.07628924187329
"64453",-5.0787551809375
"27967",-5.08239647325374
"66994",-5.08358465850307
"69547",-5.09326463683316
"246788",-5.09510536744604
"320713",-5.09575248672541
"110326",-5.09819273800513
"18640",-5.09928336199558
"232853",-5.10070987387552
"11861",-5.105042034247
"93835",-5.10707076943613
"11832",-5.11040860613764
"20501",-5.1126312601405
"70508",-5.11270432907096
"24132",-5.11307597911424
"66844",-5.11408434489692
"106068",-5.11820517690701
"68549",-5.12211370972353
"16478",-5.12695088250198
"228482",-5.12891396333268
"53897",-5.12904137329137
"75668",-5.13598775328405
"214944",-5.13614630731024
"94246",-5.136213466512
"14884",-5.1401785672632
"78809",-5.14234887162684
"67851",-5.14459733772803
"104248",-5.14564098959983
"71240",-5.14639185285203
"209966",-5.1473475629824
"18624",-5.14850831375176
"66526",-5.15242155159805
"66102",-5.15262554638848
"18591",-5.15262741290835
"69757",-5.15350946389447
"328643",-5.15491292200189
"74666",-5.15522676825053
"229672",-5.15539006341415
"57751",-5.15603543960192
"54208",-5.15743889330918
"78177",-5.15840794467798
"67801",-5.1584186284225
"320827",-5.15847762858909
"22195",-5.15910443399262
"56844",-5.16025426166214
"238024",-5.16320196387342
"232539",-5.16344706303754
"13682",-5.16575592967089
"11877",-5.16587748605869
"29816",-5.16754293280243
"16569",-5.17023608607362
"17184",-5.17380485900042
"268932",-5.17509650083191
"216459",-5.17654378996977
"224691",-5.1783681548764
"244059",-5.17897984838927
"54650",-5.18110551216868
"69524",-5.1877868742973
"319713",-5.19116291324176
"73822",-5.19207303705244
"66687",-5.19358310469089
"18645",-5.19370479633248
"66591",-5.19598061082318
"22115",-5.19666473856334
"231051",-5.1987754636044
"105841",-5.19892727609072
"15212",-5.20210748300775
"11747",-5.20271537091076
"384185",-5.20485466676329
"69207",-5.2079440493936
"81910",-5.20804686570006
"15547",-5.20887005356645
"20972",-5.20912013912083
"106042",-5.20913533061484
"270672",-5.21251950107251
"14156",-5.21489806055728
"75547",-5.21779367687971
"236792",-5.21801882872408
"210135",-5.21942139341038
"17125",-5.22368743883166
"77371",-5.22378810681779
"73750",-5.22953486930075
"56440",-5.23305003324648
"12583",-5.23493943082396
"22282",-5.23513120841633
"17101",-5.23814104202375
"67752",-5.23903580393727
"628705",-5.24119302204527
"70729",-5.24273991655348
"72469",-5.24320063521345
"243308",-5.24582048772551
"240255",-5.24692184551432
"171530",-5.24740948215727
"216869",-5.2510229605122
"319615",-5.25348966595872
"12643",-5.25366450840289
"217463",-5.25550065494624
"228765",-5.2560009648244
"243842",-5.26032821381064
"230996",-5.26240990697681
"100042150",-5.26325750770472
"26448",-5.26422955238258
"58206",-5.26496236278649
"66578",-5.26899969674177
"226976",-5.27115229888263
"67187",-5.2726725129896
"66483",-5.27326864079469
"100764",-5.27431838957408
"66631",-5.2744505049997
"14634",-5.27454963468547
"545622",-5.27459134723014
"73667",-5.27468317542483
"67590",-5.27641548347173
"66500",-5.27923123336062
"666311",-5.27927868603989
"56275",-5.2796329672531
"67465",-5.28002276376865
"66898",-5.28043166118337
"29857",-5.28089056330565
"214742",-5.28255340984578
"18583",-5.28467680193983
"236690",-5.28637453872836
"74335",-5.28894916963548
"212880",-5.28957522068558
"68724",-5.29066115287467
"140810",-5.29267959026567
"21951",-5.29357677216072
"67430",-5.29405410556708
"238247",-5.29409155073247
"224432",-5.29605196366945
"56438",-5.30363159673992
"233545",-5.30380696422728
"69276",-5.31236446838062
"240025",-5.31329784474773
"71740",-5.31667926851914
"15184",-5.3184192041036
"14369",-5.31901423790456
"77976",-5.31998138638299
"94219",-5.32017513328882
"194401",-5.32151767007926
"69053",-5.32224468410329
"77011",-5.32567936213863
"22690",-5.32746314096245
"226421",-5.33095016876326
"83767",-5.33444944184535
"30953",-5.336256569775
"58240",-5.33950627125184
"22343",-5.34033218546491
"229503",-5.34185106603256
"209011",-5.34235413589152
"70925",-5.34306509790489
"17434",-5.34488463006503
"17341",-5.34812582012687
"70458",-5.35507875366634
"19346",-5.3600210067588
"74019",-5.36132068717998
"212398",-5.36222081818668
"432628",-5.36482956336981
"17095",-5.36507186204922
"101966",-5.3655104370685
"56390",-5.37117416455414
"17686",-5.37180208079958
"329003",-5.3737434423658
"208647",-5.37557201275866
"11705",-5.37575264473722
"22330",-5.37770217363636
"77626",-5.38228842377875
"319670",-5.38302436831193
"20220",-5.3835934739182
"18286",-5.38426786865866
"332579",-5.38621839707668
"16404",-5.38816137327039
"76178",-5.38850411339566
"73024",-5.3908408846486
"73379",-5.39119302698679
"54151",-5.39220044461469
"240283",-5.39348342253337
"213012",-5.39609157409701
"77480",-5.3965033395943
"14605",-5.39675727132474
"77097",-5.39700622509268
"15458",-5.39774583436546
"18676",-5.39841967642628
"71365",-5.40020178476563
"93707",-5.4005748253497
"192652",-5.40136439738743
"12909",-5.4035775717668
"224019",-5.4041408536626
"228876",-5.40593651104191
"209225",-5.40895176105413
"140629",-5.40927099356137
"14081",-5.41033045634074
"195018",-5.41254101669551
"14580",-5.41300051387713
"213990",-5.4132726219535
"226407",-5.41548707837693
"72154",-5.41777671021937
"110521",-5.41888409111518
"56334",-5.42008638910934
"72472",-5.42009372499287
"68428",-5.42116259261006
"380714",-5.42261645463922
"242291",-5.42578107420468
"170756",-5.43003520135627
"68980",-5.43189311288774
"71711",-5.43278418893099
"18949",-5.43339019554597
"12894",-5.43607583480542
"100169",-5.43893840260475
"233826",-5.44549514851751
"22763",-5.44691624099508
"58180",-5.44740036572589
"54204",-5.45192606358812
"68929",-5.45451247661283
"72185",-5.45621809425943
"15356",-5.45978715630877
"17165",-5.46307152248556
"243659",-5.46353941925627
"20532",-5.46435396578077
"20725",-5.46464512967111
"212281",-5.46915486280542
"70349",-5.4784698879557
"50887",-5.48081861431478
"20388",-5.48138258070011
"171388",-5.4822911629866
"78903",-5.48260129688372
"228545",-5.48351994737933
"226744",-5.48699509068696
"207209",-5.48884302393264
"56452",-5.49455856405519
"226352",-5.49794641165026
"78523",-5.49937889321807
"100233175",-5.50087605548299
"270076",-5.50099977020857
"76123",-5.50410775709507
"12326",-5.50729826546793
"229584",-5.50825234115883
"74360",-5.50969813587948
"57390",-5.51081090002222
"74838",-5.52145882509586
"78251",-5.52304047653871
"18115",-5.52317613406495
"14211",-5.52786875730921
"97863",-5.52858119475018
"231070",-5.52881794880972
"13498",-5.53010661579657
"52065",-5.53143559961209
"18037",-5.53332463048134
"97820",-5.53363471311203
"107939",-5.53790062102752
"106628",-5.5408289939802
"117109",-5.54206709742748
"52245",-5.54270157708631
"108664",-5.54818089516443
"381867",-5.54824546787765
"260299",-5.55033907793759
"71602",-5.55391437398518
"214763",-5.55404586350241
"57354",-5.55429409117949
"81489",-5.5548518135769
"56325",-5.55575672887142
"227644",-5.5571152230607
"93765",-5.55818613692673
"22030",-5.55829659211911
"110380",-5.56058092886196
"26942",-5.56137000300299
"70044",-5.56140236673925
"93691",-5.56163825068174
"19153",-5.56248196612631
"208795",-5.56350578102803
"19087",-5.56492595766951
"71458",-5.57003454682603
"207352",-5.57309246293116
"77604",-5.57359157491417
"54188",-5.574022699722
"72131",-5.5745831416746
"22668",-5.57479813377498
"72611",-5.57483188744971
"74919",-5.57485264310379
"192231",-5.57673260307642
"67246",-5.57796132906264
"68939",-5.57879440709186
"50817",-5.58169392282994
"381157",-5.58300626692862
"64384",-5.58570880275136
"71046",-5.58620937075725
"226517",-5.58689462152354
"11800",-5.5872237299725
"66510",-5.58774976230684
"246102",-5.58825975140701
"52857",-5.58918717247842
"12914",-5.59448978059726
"333654",-5.59541402091995
"19821",-5.59572559893997
"56229",-5.59788930973802
"237859",-5.59861916705428
"170789",-5.60080509632402
"100009600",-5.60212500596753
"16880",-5.60356120210721
"71902",-5.60367484361276
"27361",-5.60954571888259
"72507",-5.61002171694901
"238555",-5.61234401249591
"58231",-5.61775267315814
"66269",-5.61994719329775
"108100",-5.62048343989003
"67870",-5.62221714731056
"73910",-5.62564542462287
"20184",-5.62939700722044
"54380",-5.63366283605541
"68695",-5.63598864410857
"66624",-5.63686952726073
"72020",-5.63692835497896
"101100",-5.63713259426685
"18550",-5.63881351243854
"232784",-5.64138360742418
"214764",-5.64523258293968
"140630",-5.64706826980141
"110616",-5.64784288678438
"233724",-5.64858654289049
"207781",-5.6491426682796
"234959",-5.65141074772423
"72554",-5.6530150496955
"13857",-5.65730371134693
"102103",-5.66025289961097
"78925",-5.66210168407784
"232237",-5.66463882325684
"18551",-5.66682627526022
"72397",-5.66703543532348
"24116",-5.68086671631722
"103199",-5.6861998751558
"66882",-5.68878711977541
"99681",-5.69091280457517
"70834",-5.69177763405429
"55938",-5.69656209939139
"18002",-5.69684302295871
"407823",-5.70162347545007
"100039123",-5.70646059181352
"26356",-5.70647266936417
"21933",-5.71021897416294
"20892",-5.71050225522966
"244879",-5.71245210236921
"22365",-5.71327498120659
"72349",-5.71363375468815
"219022",-5.71579975562378
"17420",-5.72163330819076
"17261",-5.7260761926516
"80981",-5.72866083829613
"225659",-5.72978496967118
"225207",-5.73071489697368
"209488",-5.73572643661991
"224650",-5.73645015838757
"15507",-5.73798409914368
"100041734",-5.73924640243532
"69219",-5.7408877943979
"67971",-5.74119516420047
"64292",-5.74612804794643
"22227",-5.74838084891288
"83431",-5.74838137842447
"106200",-5.75002301486702
"68079",-5.75024080732064
"20469",-5.75087963120585
"13204",-5.75119625723814
"320207",-5.75127712256504
"72736",-5.75402261443179
"71988",-5.75925875588738
"71885",-5.76140953056583
"72931",-5.76332026831716
"54125",-5.7716231149633
"77264",-5.77167914404647
"18516",-5.77508971670438
"20589",-5.77752696731338
"52521",-5.77809656177453
"75901",-5.7792528192411
"107995",-5.77997878659527
"56330",-5.78074055690303
"13135",-5.78110479667974
"231832",-5.78570074991799
"16561",-5.78705158748453
"18577",-5.79051523231463
"407812",-5.79244868069521
"56298",-5.79402091619354
"211896",-5.79927413695047
"19272",-5.79947898057611
"68212",-5.8002141274147
"216001",-5.80380903211657
"109065",-5.80630301396248
"56480",-5.8142499558697
"76501",-5.81618607309347
"329877",-5.82000586302955
"227580",-5.82575236258608
"109245",-5.82853924086388
"259172",-5.83079521893268
"243372",-5.83337934363595
"19725",-5.83372152324483
"74194",-5.83413865762534
"68229",-5.83740096776361
"83703",-5.841717656576
"57261",-5.84179579108773
"71101",-5.84258218975711
"77573",-5.84346931504377
"27362",-5.84445482391951
"319586",-5.84582810542273
"76479",-5.84698260045074
"320661",-5.84945030432733
"20788",-5.85052430797656
"321006",-5.85205453504221
"621976",-5.85308590462007
"233168",-5.85512090340381
"212555",-5.85521430681053
"12912",-5.86161685230772
"58182",-5.86343712024534
"338467",-5.86383124118112
"76499",-5.86469704156285
"93685",-5.87306587609969
"12390",-5.87330304489097
"319924",-5.87443676800679
"218506",-5.88342874184385
"12183",-5.8842978922913
"12237",-5.88768161961913
"214804",-5.89380262012784
"67781",-5.89430134000667
"66477",-5.89580884997774
"27784",-5.89604451477651
"68616",-5.8985719479521
"108013",-5.89961425308339
"21847",-5.9025879286528
"56338",-5.90484930999251
"53310",-5.90595512191096
"432467",-5.90763560929546
"56258",-5.91316760445566
"66423",-5.91352871754747
"109263",-5.9153834424309
"52705",-5.91881906175645
"232889",-5.91988028308136
"320662",-5.92020023200508
"54403",-5.92033567628549
"77113",-5.92517498003267
"69749",-5.92622256535879
"20333",-5.92912565296404
"218914",-5.93042128177848
"237320",-5.93097214962087
"67219",-5.93182337109129
"17777",-5.93984117098064
"13527",-5.94164965405131
"101240",-5.94554364482192
"19063",-5.9489677099089
"20971",-5.94908372320486
"58175",-5.95184638413574
"56458",-5.95300227433985
"209586",-5.95381804865165
"74200",-5.96146567315972
"68523",-5.96233532511204
"71310",-5.96373489172312
"17207",-5.96450051851254
"72265",-5.96508502823288
"68323",-5.96771387716814
"52864",-5.97344992735515
"78100",-5.97496260652936
"76895",-5.98005721682471
"66121",-5.98350375881492
"19271",-5.98630280344136
"56700",-5.98978702988193
"170760",-5.99086568411496
"12895",-5.9931189695449
"14714",-5.99545683661955
"67041",-5.99769719368209
"213464",-5.99834756274189
"13836",-5.9987311006168
"110109",-5.9993705552641
"78832",-6.00013403974885
"20348",-6.00048268705428
"69020",-6.00080477583151
"19817",-6.00099240559555
"83771",-6.00135945050217
"233865",-6.00279815920642
"74126",-6.00504409589526
"24010",-6.00584925165242
"68926",-6.0078163255068
"69482",-6.01146802515456
"11754",-6.01402912043672
"13001",-6.01449700292337
"23950",-6.01691756962199
"268515",-6.01791557793603
"54723",-6.01981901058112
"108707",-6.01990209339548
"19091",-6.02482598247574
"245537",-6.0252980368166
"69930",-6.02797064942979
"22026",-6.03509261335227
"52898",-6.03722410573358
"78801",-6.03892780226974
"269701",-6.03909669240072
"228421",-6.04016039178553
"235293",-6.04047845291104
"67568",-6.04152691239601
"22635",-6.04210647200035
"234889",-6.04256933397379
"80733",-6.04449712614509
"219150",-6.04941035932964
"282619",-6.0548190486695
"22688",-6.05579550497028
"403187",-6.05707464724537
"68490",-6.05938974892977
"72759",-6.0606803382075
"73826",-6.06232080334136
"12651",-6.06715745898247
"70997",-6.06860375391764
"319520",-6.06982112192913
"319953",-6.07271675876161
"12704",-6.07393174641876
"381229",-6.07563140565448
"338372",-6.08383585405873
"64143",-6.08576651123561
"102448",-6.08727985577383
"71275",-6.08845314098454
"14050",-6.0884718335581
"74127",-6.10176383043286
"12952",-6.10302911030344
"233878",-6.1044265117147
"20648",-6.10648624023388
"234683",-6.1067231857994
"29808",-6.11039264283931
"81535",-6.11707687134896
"17133",-6.1189732834932
"57370",-6.12113212429016
"14184",-6.12269636139961
"12340",-6.12681590913072
"105835",-6.1334486679149
"11906",-6.13405413803639
"21371",-6.13452290205058
"403088",-6.13718263634009
"69772",-6.13870601550645
"225049",-6.14081017978874
"70788",-6.14307504665009
"16588",-6.14547242764893
"13134",-6.14550687308659
"16440",-6.1471445297611
"66264",-6.150778046108
"216742",-6.15453422023189
"380669",-6.158252411553
"227357",-6.1590863680529
"75746",-6.1614015865549
"243931",-6.16608074529396
"229725",-6.16970026954793
"12316",-6.17307336011365
"71063",-6.17786715272499
"208846",-6.18489230849474
"78830",-6.18958780778147
"12125",-6.19898245467235
"21787",-6.20037043193735
"208431",-6.20116501900012
"70652",-6.20258226797198
"382236",-6.20443549725219
"98758",-6.20510497993897
"69171",-6.21000352801931
"66144",-6.21306838442421
"14827",-6.21590851840608
"26564",-6.21675182342121
"74343",-6.21908522538201
"22410",-6.21944262147356
"20822",-6.21963348428497
"214932",-6.22368958664182
"99439",-6.22439052846841
"56525",-6.22773944228261
"230316",-6.22998364572591
"14219",-6.23023943183705
"270201",-6.23086737677568
"240087",-6.23159249297324
"103220",-6.23400390154912
"230098",-6.23482927129839
"67887",-6.23881227046549
"22344",-6.24029615799389
"108079",-6.24188625264712
"67967",-6.24294133764458
"207375",-6.24412396285932
"56324",-6.24444801225144
"234076",-6.25015002818273
"214951",-6.25150147960317
"192159",-6.25353428435991
"74626",-6.25793481662363
"665700",-6.25868861146513
"242691",-6.25980505419308
"72949",-6.25994775559199
"22758",-6.26078784034432
"16559",-6.26519626203955
"26371",-6.26797391454249
"252972",-6.27129886264394
"208292",-6.27240750951167
"69792",-6.27298544575534
"245902",-6.27382778840936
"14056",-6.2743967527664
"211232",-6.27492819807848
"228368",-6.27681777434176
"78455",-6.27967667076204
"20845",-6.28225685888643
"101471",-6.28381382518566
"212919",-6.28522379084819
"209003",-6.29623549009509
"12389",-6.29831962856326
"18010",-6.29837747654733
"19155",-6.29926369826619
"404710",-6.30038579334512
"233208",-6.30169068018158
"98878",-6.30254196640939
"109113",-6.30284558857853
"227937",-6.30368769854779
"13798",-6.31026314457817
"270096",-6.31161718262247
"269997",-6.31441904407348
"67337",-6.31713354035844
"330361",-6.31996257185211
"52013",-6.3210776800841
"71932",-6.32303262945588
"18483",-6.33140600466037
"16876",-6.33165437611832
"16571",-6.33178870815418
"217721",-6.33372986349945
"64930",-6.3384847536981
"14077",-6.34056446684444
"217558",-6.34647938663215
"17427",-6.34877117219723
"21417",-6.34884131276854
"216971",-6.3493293020466
"22350",-6.35076808008738
"231602",-6.35083142771789
"22775",-6.35115757874306
"229700",-6.35324784196475
"60611",-6.35494641916582
"245884",-6.36066125506896
"229488",-6.3643482425232
"106205",-6.37079435420474
"67728",-6.37400592246308
"71375",-6.38157235646654
"67602",-6.38360069214016
"20471",-6.38422006334289
"11979",-6.38466105756692
"234358",-6.38720997048503
"241062",-6.38961211201698
"85030",-6.39038948495958
"13392",-6.39381141168215
"75646",-6.39763187665519
"242585",-6.40069312507112
"78787",-6.40164019194461
"76469",-6.40224743022483
"11565",-6.40330932682474
"103406",-6.41013038378545
"320506",-6.41260570274288
"75869",-6.41319220604451
"72479",-6.4148943979651
"12367",-6.41941781972208
"70012",-6.42129387229458
"193116",-6.42154997832456
"23834",-6.42331734068252
"56459",-6.42390686064534
"72776",-6.42507095959764
"223693",-6.42754389987917
"67196",-6.43253170106252
"14359",-6.43484700705606
"14904",-6.4377277129671
"56018",-6.44350337982406
"217980",-6.44386723335694
"225845",-6.44602873045775
"21975",-6.44627619826429
"20807",-6.45247225486299
"17135",-6.45659315169385
"232807",-6.45716955939964
"277973",-6.46532738259446
"12282",-6.46930313253175
"320706",-6.47002376083086
"14260",-6.47156740853599
"67332",-6.47157844195224
"19205",-6.47233929984123
"16572",-6.47783059206307
"72446",-6.47882965600445
"80290",-6.47969234278419
"233833",-6.48199226401708
"544817",-6.48328629624998
"215387",-6.48576168935917
"18704",-6.48711951965214
"14705",-6.48778759932098
"77034",-6.48912874833096
"66934",-6.49183050789936
"15353",-6.49409540924114
"53331",-6.50080460361548
"66689",-6.50175975871339
"18984",-6.5099336223961
"224132",-6.51480789487221
"93739",-6.51506780349453
"319845",-6.5164996401003
"69354",-6.52040213543611
"218544",-6.52051642864413
"54391",-6.52892481446585
"230162",-6.53052718320824
"107895",-6.53537693745783
"67948",-6.53617703224732
"230895",-6.5361795688512
"74165",-6.53661751395546
"214812",-6.5413646732303
"18479",-6.54527677983722
"223690",-6.55738623602024
"100532",-6.55829361587121
"17936",-6.56430707375375
"226182",-6.56544089004359
"224088",-6.57552896612709
"56529",-6.58779783997385
"12747",-6.5897026169452
"53598",-6.5901125957891
"110173",-6.59193538521572
"14013",-6.59446334293069
"234723",-6.59646502723221
"27403",-6.59837298477753
"56149",-6.5992033770678
"225432",-6.60146678323003
"79464",-6.60178063460755
"13593",-6.60372858647324
"100043468",-6.60402550058475
"72273",-6.61202835815987
"66569",-6.61352600921549
"69091",-6.61764207459323
"382073",-6.62159803754285
"52708",-6.62763142183966
"231769",-6.63011845292933
"240476",-6.6353804618091
"271508",-6.63718160808997
"23908",-6.6381962781483
"227720",-6.64097157178504
"70928",-6.64203627674157
"56715",-6.64266117859253
"54198",-6.64288826031586
"13637",-6.64475053652192
"65099",-6.64788039256168
"108800",-6.64885335957436
"72836",-6.65000860487945
"109815",-6.65439420445116
"232210",-6.65521759461603
"80385",-6.65570879884304
"271564",-6.65946735600383
"57170",-6.65965488750215
"74440",-6.65977876077039
"98053",-6.66306463532749
"107515",-6.66536609485893
"57915",-6.66632856267415
"22063",-6.66691650560438
"57746",-6.67284202848879
"56382",-6.67352404149156
"170644",-6.67413748994759
"19276",-6.67559378215441
"59093",-6.67949106487497
"15161",-6.68118449574384
"241638",-6.68270248840854
"99929",-6.68418324108575
"100502698",-6.69142444691476
"16573",-6.69420369624404
"192654",-6.69588015524327
"67418",-6.70092059047533
"66627",-6.70105024410618
"76055",-6.70798939564727
"21985",-6.71310422161511
"26403",-6.7179987000822
"69934",-6.72109162997175
"52184",-6.72203082308086
"13433",-6.7229771718689
"18720",-6.72424351965144
"15500",-6.72640396247627
"80292",-6.73051426432891
"13841",-6.73379809537747
"64297",-6.73491175140787
"66932",-6.73655881409844
"17245",-6.74122508579567
"242705",-6.74127708889889
"71323",-6.7433499439638
"83704",-6.74393837022992
"269700",-6.75120927591809
"26568",-6.75232676316701
"226418",-6.76147999739996
"76457",-6.76419852789657
"320184",-6.76538747219656
"14828",-6.76641270621785
"100037258",-6.7720712842912
"240354",-6.77226427159606
"76482",-6.77503827132089
"66958",-6.77796647292839
"78935",-6.7808372275004
"52428",-6.78637820923603
"319604",-6.79243800156903
"108829",-6.79834575823004
"20238",-6.80035023760083
"52696",-6.80457307281806
"235461",-6.80469771947057
"67857",-6.80566238127025
"109229",-6.80606602371036
"13712",-6.80661804385553
"432763",-6.80692997507472
"21390",-6.8089245105985
"226856",-6.8094882180097
"21366",-6.81501556435736
"19009",-6.81552047030753
"329727",-6.81608492602651
"22592",-6.81741934685884
"242474",-6.82007944480785
"193452",-6.82057529668029
"19122",-6.82427365605397
"70472",-6.8299091681058
"207214",-6.83135019162712
"218121",-6.8325667355028
"219114",-6.83493848975164
"338348",-6.83744646271503
"207165",-6.83849301451891
"237636",-6.84295701151986
"98432",-6.8445241206915
"76559",-6.84741587317012
"21778",-6.84911674890778
"55935",-6.85188023654149
"240334",-6.85737955458964
"74841",-6.85818290981074
"69823",-6.86000414167784
"12794",-6.87033626763457
"234594",-6.87110116540858
"17939",-6.87168695732748
"100037278",-6.87768543928378
"66853",-6.88200648288252
"14704",-6.88368002838989
"20460",-6.8886331125655
"268301",-6.88964897961164
"11790",-6.89257465703087
"52357",-6.89626879829871
"66197",-6.90122369113056
"67220",-6.9106286508813
"16574",-6.91095736565364
"83946",-6.91246222710452
"56030",-6.91760005533442
"17283",-6.92518513863772
"225283",-6.93583752354264
"19727",-6.93827728917134
"20866",-6.94154138100653
"269881",-6.94313523574344
"209707",-6.94595208672963
"17132",-6.9485559999669
"232944",-6.94920540098374
"53599",-6.95089413738666
"237898",-6.95363584330163
"81877",-6.96022208579675
"13614",-6.96575760479927
"209456",-6.9683893025604
"74646",-6.96877183957868
"66147",-6.97194246106116
"224903",-6.97667639537922
"13496",-6.97677808512007
"16905",-6.97677826377966
"211401",-6.98045474062258
"320508",-6.98165344033362
"52713",-6.98259768576704
"22629",-6.98270821730385
"12492",-6.98531304658853
"243272",-6.98753857535455
"286940",-6.98894865687051
"233060",-6.99400030815718
"13480",-6.99426869286079
"13340",-6.99769902632816
"22712",-7.00417018943412
"19108",-7.00470651628175
"12672",-7.00562532130653
"232431",-7.01133662618094
"12928",-7.01431394346258
"271377",-7.01452410138607
"239027",-7.01567494824669
"229665",-7.01711179120903
"106572",-7.01863872637802
"224823",-7.02084630546258
"378702",-7.02471818643996
"215001",-7.02546797945392
"19014",-7.02549531445953
"224617",-7.02798523040212
"70300",-7.02891310175674
"239552",-7.03148812535123
"224694",-7.03163329692764
"170706",-7.03164398230756
"68272",-7.03284231379842
"17864",-7.03319587197583
"20324",-7.03416694258776
"214133",-7.03973579651133
"67797",-7.04038376128722
"12566",-7.04585575595837
"102098",-7.04606917690049
"51902",-7.0490926795097
"13198",-7.04922762149268
"67681",-7.05145581740929
"94181",-7.05518261922358
"73451",-7.05750893022889
"208084",-7.05974952972626
"57296",-7.0598197033232
"320100",-7.061771186026
"66874",-7.06280862193716
"12454",-7.07287376882004
"74122",-7.07799319839153
"216987",-7.08570883789282
"100502766",-7.0864294117421
"67812",-7.08984935689506
"238673",-7.09104326521613
"16973",-7.10124167431003
"13667",-7.11665844969728
"26940",-7.12470569755011
"52551",-7.12525708157422
"107702",-7.12708325712202
"106957",-7.12811796233342
"73658",-7.1317533909234
"225655",-7.13444061473623
"382051",-7.14153790323481
"71971",-7.14359434475989
"66921",-7.14447821687086
"77053",-7.14476001311322
"56642",-7.14514964266853
"20620",-7.1564806974766
"213053",-7.15800395387822
"83397",-7.15856134258166
"106618",-7.16007745017494
"65079",-7.16073916514392
"70573",-7.16115534809665
"81000",-7.16212627053125
"20534",-7.1629844180938
"20562",-7.1655136565724
"99382",-7.16676168921498
"233011",-7.16819832356333
"218613",-7.17568033352306
"52808",-7.1761351571118
"64898",-7.18003519821522
"50927",-7.18153128397836
"12354",-7.18507079946132
"20397",-7.18741926616261
"17258",-7.1901012461182
"234542",-7.19264030975045
"380753",-7.19288621031183
"216974",-7.19337937795732
"110323",-7.19963491419971
"67123",-7.20067325663966
"71449",-7.20200881840781
"80517",-7.20657532081696
"233532",-7.21029701302744
"272347",-7.21388099363885
"23871",-7.22548764927916
"66999",-7.22593592360976
"14062",-7.23819582137594
"245631",-7.23937829753359
"14579",-7.25316666443957
"105988",-7.26077510661646
"19341",-7.26094307201539
"107528",-7.26309944934714
"114863",-7.26370519206176
"212127",-7.2665768314834
"20419",-7.26865116351926
"432572",-7.27252164016084
"27426",-7.2760844884418
"71893",-7.28580315556489
"73419",-7.28858366276074
"52132",-7.29271619133111
"387609",-7.29817977365034
"67122",-7.3010962722538
"234686",-7.30401760512652
"66801",-7.30549619463586
"18968",-7.31343295988586
"71254",-7.31523802257918
"11858",-7.31532020264451
"13047",-7.32910201337863
"108897",-7.33266374342433
"14924",-7.33458053191275
"546071",-7.33575577594832
"107817",-7.33907610317708
"98403",-7.3436272518041
"66711",-7.34442541982721
"241627",-7.34464850327875
"56353",-7.35060832686518
"67943",-7.35167305478366
"70024",-7.36059480365544
"107932",-7.36105349310944
"56207",-7.36213339873244
"110911",-7.36286398402823
"67157",-7.36425085608664
"68750",-7.36817714336778
"13115",-7.37520634084301
"55979",-7.3769641947809
"208285",-7.37730257188637
"66869",-7.38220501473898
"13367",-7.38514258417113
"16169",-7.39025884444488
"20530",-7.39087309737802
"329540",-7.39125390343935
"170707",-7.39216242070986
"78908",-7.39816335426623
"17764",-7.39845670061586
"54137",-7.39851365587472
"232164",-7.40306506533333
"22190",-7.40889861025774
"22709",-7.40916380823795
"328381",-7.40964200263836
"403174",-7.41099949724444
"381085",-7.41133078955027
"22245",-7.42113481199903
"140780",-7.42516445551178
"66658",-7.42592910766539
"233877",-7.43134606192287
"51789",-7.43379432918936
"213208",-7.43543386762809
"80732",-7.43634475194602
"22196",-7.43992167426222
"22349",-7.44188977105278
"18607",-7.44440446183286
"233744",-7.44521295186606
"12070",-7.44691875093894
"75767",-7.44713899635488
"74198",-7.45483827849749
"14166",-7.4571450389318
"70757",-7.4586910313929
"71901",-7.46245957382346
"101565",-7.46924798126614
"107338",-7.4760424683745
"277743",-7.4764145542149
"11596",-7.4834247354936
"216963",-7.48479947760475
"54141",-7.48723612368714
"22215",-7.4907945979676
"52372",-7.49379259448312
"12328",-7.49696885413291
"216131",-7.49774576349852
"75786",-7.49926697854505
"80907",-7.50199983023903
"234413",-7.50974126625402
"23831",-7.51042750683331
"15194",-7.51662561345441
"229055",-7.51990810689499
"16210",-7.52458059938573
"26889",-7.53216913362674
"226075",-7.53483759281333
"22368",-7.53549294071626
"13642",-7.53710380710127
"69870",-7.5379883481879
"20527",-7.54298337079826
"15519",-7.55405420318642
"20964",-7.55671994191361
"18087",-7.5635820431654
"72041",-7.57453226366326
"16975",-7.57530665045726
"13244",-7.57591335215529
"57330",-7.57805559207826
"53892",-7.58583469547917
"330064",-7.58682290642461
"230734",-7.58921914497829
"30059",-7.59503451623656
"19085",-7.5966512677745
"67630",-7.59939093586731
"56289",-7.60005128771476
"328440",-7.60420897063021
"242860",-7.60501766205395
"72590",-7.6123814940053
"218442",-7.61263594322602
"381626",-7.61670606805286
"67475",-7.61723801055128
"18133",-7.62218626542937
"217194",-7.62457474175075
"23879",-7.62783881149045
"381199",-7.62945626199473
"76366",-7.6341305554514
"214931",-7.63502776240811
"231329",-7.63509420496932
"229599",-7.63582033178058
"19156",-7.63917327511437
"107652",-7.6411859765214
"268741",-7.64283604505833
"226026",-7.64473030324727
"327655",-7.64578550462092
"22034",-7.64597798141545
"56406",-7.64785683508611
"11637",-7.64831702479755
"22378",-7.65581276166052
"218214",-7.66356819131165
"114602",-7.67365630413134
"14171",-7.67673472247716
"66629",-7.68588733870657
"67393",-7.68952000926813
"225289",-7.6904277101454
"229227",-7.69071018223743
"381845",-7.69657161381932
"83814",-7.69852977981057
"217340",-7.70627726501024
"217124",-7.70629401121095
"269037",-7.70752167520917
"57257",-7.70864905218385
"16511",-7.71955208410749
"106585",-7.72341923097546
"75296",-7.72621564450456
"83768",-7.72682300421622
"321022",-7.72756290100405
"212307",-7.72758939000323
"382620",-7.72999066017551
"12235",-7.73502490178979
"74150",-7.73854273185948
"114664",-7.74090912773033
"320604",-7.74599787299296
"56312",-7.75136669409281
"54646",-7.75149365392335
"320376",-7.75285972651087
"319651",-7.75305230566889
"208104",-7.75446626476595
"20924",-7.75861622299265
"76022",-7.75900881123848
"245857",-7.75990816448333
"23801",-7.76255453357469
"59036",-7.77183116434972
"20974",-7.77396761314633
"56228",-7.77530560513403
"16728",-7.7830630801887
"75540",-7.78958494797306
"16907",-7.79186636151058
"216795",-7.79204976555888
"70394",-7.79654882999763
"14711",-7.79884957319312
"52715",-7.80009288035074
"212276",-7.807031733658
"56501",-7.81351005261641
"18861",-7.81657582417562
"56786",-7.81747034722241
"20683",-7.82526919021354
"17345",-7.82646895937181
"227157",-7.82934514929471
"12304",-7.83068017794677
"66270",-7.83142602157442
"78619",-7.83284765495268
"56077",-7.84358529073238
"20422",-7.84576666707989
"101502",-7.85022228978015
"268297",-7.85036831745581
"353499",-7.85079890614901
"104836",-7.85983465612638
"71955",-7.86207860706736
"70892",-7.86404468863063
"67179",-7.86720928449161
"69187",-7.86802554659953
"71793",-7.8742808094952
"229593",-7.87524098515329
"14561",-7.87762016943399
"329251",-7.88123516298237
"14894",-7.88302121897687
"232089",-7.88357399159715
"74137",-7.88514015489327
"71764",-7.89138232907774
"70661",-7.89347663394568
"207932",-7.89378796733401
"20544",-7.89505624905116
"69742",-7.90149363087994
"110542",-7.90181041933932
"14571",-7.90341016811654
"105445",-7.91291154253878
"75146",-7.91584089907147
"214791",-7.91696680270103
"103537",-7.92019117489315
"11765",-7.92065457672324
"76561",-7.92246081035542
"74895",-7.92405663606054
"20345",-7.93683342314102
"11842",-7.93839894084046
"110279",-7.94219382868938
"16551",-7.9469859094823
"268697",-7.95141930867857
"67693",-7.95271843427807
"107373",-7.95717651526659
"16499",-7.95738812063048
"20597",-7.95932402804251
"56032",-7.9608144882995
"98732",-7.96281959584416
"60365",-7.96337425449117
"67333",-7.9658758274054
"74288",-7.96842629812501
"13560",-7.97958604853972
"320398",-7.98423712684106
"217887",-7.98529190903037
"237943",-7.98624483362492
"13486",-7.99774092631898
"50767",-8.00258531299518
"54364",-8.00508076813477
"107035",-8.01191642668746
"235559",-8.01440229426952
"13389",-8.01518429798494
"320435",-8.01602363721755
"320162",-8.01999791277465
"64099",-8.02447651387411
"17155",-8.02477907882319
"109637",-8.02767729794092
"211323",-8.02773055889983
"20420",-8.03517481644648
"77864",-8.03636232174015
"67708",-8.04020185474043
"66967",-8.04075672880999
"232970",-8.04086600726134
"22759",-8.04268842891209
"67381",-8.05683775939206
"74105",-8.06013668523273
"56380",-8.06089491299219
"102774",-8.06238389405809
"13605",-8.06461105365611
"108912",-8.07167206902537
"215512",-8.08995858476772
"17977",-8.09731473959797
"19359",-8.1013667993613
"29810",-8.10487418249245
"56790",-8.12352356513308
"66118",-8.12362626111057
"56441",-8.12382917911554
"14102",-8.12446492027568
"229841",-8.12722796760339
"29870",-8.12926674054916
"59009",-8.13718161566466
"19647",-8.14106952074594
"74255",-8.14418638774721
"98685",-8.14435306510841
"18700",-8.15631096643161
"235134",-8.1613799918797
"243300",-8.1621977834834
"68507",-8.17018446266274
"68968",-8.1710905425021
"16332",-8.17249797161097
"69368",-8.17844398314586
"71853",-8.17918270943322
"22218",-8.19042058959907
"50785",-8.19078062056924
"57748",-8.1926741472864
"67678",-8.19467649675851
"94044",-8.19872649771008
"18145",-8.20752235152858
"12836",-8.21304655999005
"110033",-8.21411377124788
"26412",-8.21884707806242
"332359",-8.22367988050929
"20454",-8.22393517704899
"233802",-8.22554901388888
"18018",-8.22657187451931
"56743",-8.2291187763708
"21452",-8.23549846876217
"22381",-8.23604345257729
"65247",-8.23831371361211
"66576",-8.23908801248467
"12953",-8.2544822735856
"209478",-8.27083984785324
"67544",-8.2857459691644
"30944",-8.28700581457838
"78783",-8.28816265803751
"68097",-8.29507496242511
"73721",-8.29602236618663
"56846",-8.29732385565978
"13845",-8.30034175750228
"19243",-8.30638827830701
"71934",-8.30680546286016
"208922",-8.30750512902613
"17714",-8.30882672291021
"71643",-8.32226314851373
"67158",-8.3281417549848
"235416",-8.33474409654641
"18637",-8.33816241736448
"67547",-8.34043951207933
"271457",-8.34246602396102
"545085",-8.34374975091335
"192187",-8.3708856281616
"21749",-8.37765262671831
"71648",-8.38080167687935
"16782",-8.38251354778657
"22385",-8.38880532115319
"12330",-8.39294427879086
"19274",-8.39936618139964
"69181",-8.40403514000946
"12455",-8.40942541104495
"231876",-8.42062637524106
"234729",-8.42202941720132
"432486",-8.42452913285596
"227195",-8.43267275401823
"71640",-8.43398992038004
"330192",-8.43643801389092
"71085",-8.44162114200844
"207798",-8.44544011276024
"233987",-8.45172984950058
"22642",-8.45219459182253
"20399",-8.45339859394829
"70829",-8.45353321248612
"207615",-8.45461346368188
"74007",-8.46102241238864
"94212",-8.47103216250678
"78825",-8.47801795163842
"20778",-8.47819963539507
"214669",-8.48580184923503
"107392",-8.48828672301218
"20358",-8.49976427517097
"100043772",-8.50093392143281
"215335",-8.50159982271404
"71583",-8.50530047136639
"100494",-8.51171933478136
"68842",-8.51366129186431
"22051",-8.51490451493289
"12545",-8.51833548218439
"15502",-8.51969628365902
"18220",-8.51981105126871
"240614",-8.52017261980085
"66985",-8.5261590782188
"73442",-8.5280558976874
"433586",-8.52851644796855
"60406",-8.54045278631261
"71382",-8.5439264555622
"108907",-8.55243865810883
"65961",-8.55443789321834
"15258",-8.55963398724345
"59288",-8.56080739551364
"18049",-8.56215518268652
"84652",-8.56920669998282
"80291",-8.56976713004765
"68420",-8.57272234619327
"208266",-8.57541931887234
"57259",-8.57653522482933
"16874",-8.58975507517745
"78772",-8.59754153786658
"105722",-8.59778519308635
"100416706",-8.59987466858526
"17096",-8.61035522769665
"74120",-8.61082534404694
"67710",-8.62033538903735
"333639",-8.62315134615204
"81898",-8.63332004973322
"237411",-8.63546996298696
"68339",-8.6422729886077
"70561",-8.64466904266714
"19324",-8.64583286121873
"66540",-8.65671142123266
"243362",-8.66326473898154
"227449",-8.67276551659572
"58911",-8.6728786472958
"72739",-8.67718941513832
"11977",-8.68869388535722
"70178",-8.69220702741224
"12534",-8.69419749523544
"67308",-8.69606680516834
"12062",-8.69765627812792
"217882",-8.69939017284221
"27054",-8.707073488174
"56421",-8.70772819360118
"74094",-8.71494825326652
"121021",-8.71718661174713
"381921",-8.72307256800032
"80708",-8.72476622461819
"20595",-8.73281110479118
"84004",-8.73913308640306
"56372",-8.74260397170473
"52014",-8.74376404990617
"68969",-8.75224161144214
"234593",-8.75699641502498
"67655",-8.76214173938867
"320541",-8.76348149872949
"18969",-8.77108768670025
"170833",-8.77314312548723
"11984",-8.77752133639076
"140559",-8.77909272655207
"108123",-8.78056695714772
"276905",-8.78267653700157
"74320",-8.784919814686
"74522",-8.79215476994747
"64138",-8.79291065334169
"17304",-8.79314275156058
"70450",-8.7948703501872
"71972",-8.7991766482065
"16450",-8.80137385868972
"326622",-8.80337133407009
"83554",-8.80398498555773
"66522",-8.80471753679819
"229474",-8.80578791798896
"66877",-8.82766100338788
"20239",-8.83394700622507
"76967",-8.84374070651581
"71149",-8.84742722402236
"218215",-8.84807305646174
"22750",-8.84879552099284
"102414",-8.84944805353248
"19303",-8.85040160364314
"74843",-8.86133567463828
"26390",-8.86166461148473
"18020",-8.8628957557996
"18628",-8.86614330849916
"19246",-8.88682697067041
"51796",-8.8922384447676
"19820",-8.8966581805332
"72198",-8.91011645791589
"234740",-8.91391984117693
"353310",-8.91910496862182
"12750",-8.92603621553708
"71834",-8.92992135872392
"29861",-8.95527594078524
"107022",-8.96500205407949
"11973",-8.96611799348977
"269424",-8.97707335747512
"16589",-8.98721337555159
"381066",-8.99490386426873
"20641",-9.00023515682589
"319565",-9.01072227799956
"74570",-9.01242068665808
"240442",-9.01326319781761
"26949",-9.01335150326245
"100090",-9.01474717184854
"77782",-9.01620643520311
"70356",-9.02002834686904
"66514",-9.0245562413454
"407243",-9.02666009542776
"234734",-9.02953476007946
"21770",-9.03127166389841
"214150",-9.03439708839437
"56036",-9.03657255578689
"78610",-9.03740143032367
"19141",-9.04048893730459
"210789",-9.04801268421035
"231506",-9.05653965436981
"207728",-9.0602719597462
"22113",-9.06783101715977
"71733",-9.07358505157912
"22390",-9.08259314145314
"65970",-9.08611635875172
"193670",-9.09054637418949
"14547",-9.09530412180822
"194268",-9.09699711428003
"21968",-9.10373759170186
"380712",-9.12435420463206
"192195",-9.15204934052729
"209361",-9.15617704095909
"237782",-9.1597392687088
"18590",-9.16252997530047
"80909",-9.16302405386816
"14595",-9.16935843853681
"240832",-9.1738162751555
"22627",-9.17401651195085
"269589",-9.17978082255816
"108086",-9.18094066097482
"100710",-9.1810386831368
"69668",-9.18480146723421
"211673",-9.20300118183432
"213389",-9.21321962816917
"16580",-9.21921881255883
"74682",-9.22601219485796
"69726",-9.23335555597927
"223669",-9.2354857694249
"228536",-9.23707176009013
"94242",-9.23948912005941
"224171",-9.24568838331765
"24084",-9.24907024903594
"11863",-9.25744174280805
"68767",-9.26772712139678
"18035",-9.27771335954247
"13641",-9.28309736046666
"26932",-9.2870026344076
"76843",-9.29440437819588
"80795",-9.29868383056857
"18423",-9.3101745143834
"320678",-9.31323379899113
"233064",-9.32244248205663
"97130",-9.32750405930946
"319887",-9.33196065435953
"212163",-9.33326816996174
"22694",-9.33464859141604
"234135",-9.33684215892703
"22027",-9.34880421105068
"208691",-9.36118486515473
"66875",-9.36327542172784
"19349",-9.36340175710339
"433771",-9.36922057074309
"114565",-9.40098374181263
"269582",-9.41121407404078
"217310",-9.42616366926426
"70536",-9.43507716153197
"58235",-9.437731154794
"27984",-9.44300387511913
"19332",-9.45308016816396
"20867",-9.46757353515954
"75415",-9.47234668255396
"20658",-9.49425808484191
"22720",-9.49434379249964
"233057",-9.50633164126989
"227731",-9.5085784486613
"54170",-9.50963678511059
"76089",-9.51898755341082
"19891",-9.52447152272703
"224829",-9.52517853876562
"243548",-9.52530459548441
"68366",-9.53051199055646
"53978",-9.53157348085257
"381605",-9.53277749872808
"19348",-9.53470593471769
"432516",-9.53814516354411
"12752",-9.56206107531335
"11501",-9.56237835799225
"56695",-9.56252797839537
"67809",-9.56378015537874
"18752",-9.56934512608984
"20893",-9.58751688214743
"12514",-9.58919716445623
"56418",-9.60383979437877
"67849",-9.61222053276696
"231532",-9.61303854715619
"64933",-9.61807645872431
"100561",-9.62310333175955
"67755",-9.63423087033839
"213236",-9.63634112771468
"74732",-9.63906318235573
"114143",-9.63928720554459
"14388",-9.6423939078154
"216019",-9.65102870684752
"78833",-9.65813496331943
"74253",-9.66432869665185
"17252",-9.66455456827109
"67235",-9.67121072945108
"240067",-9.69086695981854
"58887",-9.69160396551879
"108841",-9.69272090683806
"19079",-9.69765735828617
"24045",-9.70102569903683
"238831",-9.703116921019
"217366",-9.70352246264843
"449000",-9.70834110045044
"434204",-9.70964729812967
"80288",-9.71094084548097
"69847",-9.71524901461346
"75964",-9.72874194411734
"72119",-9.72981852330337
"208768",-9.7417660437029
"17356",-9.74277435405909
"27008",-9.74575010723576
"19726",-9.74653858373538
"108160",-9.74659540314806
"382097",-9.74730297053388
"240641",-9.75348313891301
"17149",-9.75654990775248
"14048",-9.75786715900009
"269639",-9.76114331581493
"98845",-9.76461534470152
"14628",-9.76571052155507
"264134",-9.77709580708727
"54006",-9.8003126255488
"59092",-9.80568158959454
"13830",-9.82871049100062
"78938",-9.84087218454981
"237339",-9.84608482297847
"77975",-9.85937882328823
"20482",-9.86541542474376
"235682",-9.8679577263559
"140887",-9.87188041131912
"380664",-9.88478187780863
"11799",-9.88711835384424
"237877",-9.88811666041585
"15370",-9.89405022608492
"116848",-9.89732122388328
"12457",-9.89831975075195
"107767",-9.90074018822734
"66140",-9.9016973052166
"211347",-9.90172298581264
"268882",-9.91441103068865
"101685",-9.94175981367338
"212483",-9.95474563053446
"211480",-9.95891252952237
"246694",-9.97392123987742
"58220",-9.97484001355481
"16969",-9.97517816932008
"13030",-9.9772360000952
"18124",-9.97807024798105
"15571",-10.0062280476292
"56224",-10.021195564119
"22288",-10.0342725977323
"244666",-10.0372583631472
"228829",-10.0417737177459
"110749",-10.0419095278356
"223642",-10.0487792416516
"67283",-10.049875767998
"99470",-10.0584334694163
"104383",-10.0603463236026
"170822",-10.0603766167889
"17966",-10.0800524423557
"241915",-10.0833059221169
"76954",-10.0840526165574
"99512",-10.089862289463
"78733",-10.1019960920722
"74325",-10.1102089553434
"213522",-10.1121963068084
"18711",-10.1344620870588
"74340",-10.1395987598215
"321007",-10.1414481702584
"24135",-10.1461881948209
"100041677",-10.1523196074236
"232976",-10.1721985223413
"11854",-10.1783434147642
"15275",-10.1901157996043
"11789",-10.1916715036323
"67772",-10.1937217285455
"26941",-10.2149505405761
"12428",-10.252692741218
"12748",-10.2589444153682
"226971",-10.2686990799002
"217265",-10.2706521723493
"269610",-10.2775336106472
"207521",-10.3010232076193
"14681",-10.3244888614546
"101197",-10.3345662601693
"57436",-10.3348020739828
"14465",-10.3349336081511
"242864",-10.3422788967126
"12841",-10.3468826173751
"67579",-10.3596872598828
"68961",-10.3664739178102
"12757",-10.3688428097261
"93838",-10.3736691374787
"17347",-10.3736716971438
"211978",-10.393771052022
"66972",-10.4129226159456
"329679",-10.421928694821
"24055",-10.4268230939743
"18715",-10.4293140866423
"320808",-10.4368911859532
"270906",-10.4432696615073
"17766",-10.4622831439261
"100705",-10.4788887823636
"71732",-10.4941239473612
"74769",-10.4945433552704
"17242",-10.5032078206618
"67443",-10.5058814210218
"16784",-10.5068799707892
"56809",-10.5085072142555
"15284",-10.5123374661332
"12189",-10.5126597271051
"192663",-10.5174256651818
"17119",-10.5268053038044
"17776",-10.5280008243961
"98267",-10.5292421304938
"22256",-10.5370363501001
"68564",-10.5527849491131
"14086",-10.5546486754694
"68017",-10.5610455120094
"105844",-10.5676970138174
"13643",-10.5698759114279
"320538",-10.5710861267294
"71839",-10.572663433702
"625286",-10.5905554408866
"243382",-10.5970631880767
"70767",-10.5999320688123
"67574",-10.6019959593389
"53883",-10.6076777337097
"65020",-10.6168370681507
"226844",-10.6279527267368
"18787",-10.6319664878979
"384783",-10.6375689256985
"11479",-10.6381042311965
"99010",-10.6393747817525
"114479",-10.646135995416
"14725",-10.6741312188957
"53890",-10.6753024286928
"321008",-10.679861328067
"104348",-10.6812193862609
"15430",-10.6885499338097
"240057",-10.7002059380928
"228598",-10.7255043565808
"191578",-10.7558150035408
"433693",-10.7561646365869
"83429",-10.7597635915106
"20661",-10.7603581326707
"230848",-10.7726313673425
"193740",-10.774617894166
"20841",-10.7791898772765
"73122",-10.7924799792179
"20907",-10.8068979090029
"59004",-10.8074488156132
"232855",-10.8159682736747
"97031",-10.8174838260066
"14404",-10.8295698658786
"56495",-10.840969443467
"18114",-10.8412774276375
"67434",-10.8424132021505
"67474",-10.8424970660986
"213056",-10.8490607171584
"14367",-10.850866171842
"103135",-10.8731843594232
"235028",-10.8751648602976
"27366",-10.8797340144833
"16554",-10.8803611037899
"56190",-10.9010942763813
"68118",-10.9053908596641
"68879",-10.9244778398603
"229542",-10.9332332651992
"21808",-10.9374813609529
"21929",-10.9531465848751
"75687",-10.9542886768113
"54608",-10.9558749523987
"218977",-10.9650379209906
"16816",-10.9785072017924
"14420",-11.0284494708692
"100504663",-11.0318199994632
"380614",-11.0484459638932
"230775",-11.0749630242921
"73162",-11.0780265735548
"382034",-11.0822350378906
"66286",-11.0896823185832
"216134",-11.0976426383488
"353282",-11.1206046235523
"76282",-11.1236077283665
"67675",-11.1246862179708
"18710",-11.1364507995048
"319801",-11.1365756076873
"18505",-11.1533572633231
"13807",-11.1716404064117
"16372",-11.1734426240584
"70727",-11.1749306482747
"223739",-11.20566783997
"17920",-11.2563828329271
"67300",-11.2640036909313
"74107",-11.2642522147136
"72323",-11.2721794726882
"14461",-11.2851140236985
"211550",-11.3055306065505
"18005",-11.3174318453979
"22697",-11.3259745774621
"216892",-11.32929736039
"320683",-11.3322465052527
"70385",-11.3465020419743
"16564",-11.3664486456127
"14537",-11.3689806255384
"18712",-11.3881169962094
"67486",-11.4113671237318
"64296",-11.411425603198
"67451",-11.414147045314
"27360",-11.4191869390169
"212989",-11.4257635125601
"14466",-11.4272377452512
"330177",-11.4349341036954
"231386",-11.4480139319384
"107770",-11.4534701477205
"108857",-11.4539886201412
"74166",-11.4557978654619
"20474",-11.4931064463625
"18222",-11.5003592125705
"74352",-11.5112999056778
"30957",-11.5164016313869
"12929",-11.5286710223785
"16779",-11.5319970223392
"170749",-11.534574812783
"434437",-11.548788363234
"66367",-11.5501681589446
"76792",-11.5515638493417
"67526",-11.5675316810165
"70218",-11.5815267441393
"268294",-11.5833887230314
"56433",-11.5974694284843
"69900",-11.6033000221887
"229776",-11.6047183259196
"215418",-11.6246103192614
"11931",-11.6277714783817
"13636",-11.6548060995933
"12295",-11.694474115696
"381318",-11.7145531019774
"21415",-11.729365239516
"17910",-11.7378845889049
"67166",-11.7611892165879
"70466",-11.7690356768777
"228357",-11.8010610830318
"74737",-11.8014103402972
"104479",-11.8090452783056
"16476",-11.8095566023941
"99100",-11.8189655303026
"52276",-11.8234166750688
"66241",-11.8423239211114
"69539",-11.8443578592516
"66612",-11.8477296193569
"76763",-11.8530680871083
"19309",-11.8575387271475
"16367",-11.8591420809096
"20300",-11.8737662054904
"217715",-11.8811814501453
"77777",-11.8916356855788
"12317",-11.9326494797823
"77574",-11.9783576329785
"16456",-11.98005050238
"108671",-11.980778653541
"102075",-12.0319784095186
"22761",-12.0392855572337
"213326",-12.0481135646264
"66680",-12.0511285332581
"22057",-12.0673469082085
"217356",-12.070986350319
"93695",-12.0773236331352
"228980",-12.0798506010765
"77505",-12.0910678420428
"100732",-12.0942065658885
"223827",-12.1030155477114
"228410",-12.1057308598957
"11966",-12.1116248719715
"328783",-12.1211666526929
"14389",-12.1453403531684
"12904",-12.1724220500334
"20908",-12.2602273607333
"27368",-12.2671421956841
"21425",-12.306959985784
"68183",-12.307615149345
"16319",-12.3532153524258
"16768",-12.4269038262753
"72243",-12.4338722361476
"108000",-12.4351351078029
"20666",-12.4541565945706
"68480",-12.4584893699265
"245622",-12.4739332392414
"12144",-12.4858841656061
"73728",-12.4987777328903
"18008",-12.5005057768312
"52679",-12.5133930095036
"234699",-12.52056189745
"65114",-12.5350739426499
"54214",-12.5661536200467
"17217",-12.5703270699555
"76131",-12.5812487140643
"12724",-12.5825942056731
"64136",-12.5862205802696
"110891",-12.5893239742723
"18007",-12.5894403504829
"13666",-12.6302226488277
"18636",-12.6613999021464
"108101",-12.6683399438683
"13361",-12.6708549376323
"68501",-12.7351146687881
"11841",-12.7363447714816
"56486",-12.7383644853509
"21916",-12.7460297976982
"320560",-12.7564767853829
"11852",-12.7588246894594
"21873",-12.7735002413759
"67379",-12.8267970982976
"12753",-12.8477207931237
"27049",-12.8598266324366
"12159",-12.8631194850471
"55984",-12.8706747995615
"16783",-12.8858890840613
"76737",-12.8922584367341
"56087",-12.8954274863933
"70737",-12.9311772052493
"60363",-12.9588985140943
"63953",-12.9641836461856
"67228",-12.9911754096238
"237940",-13.0139721933341
"27015",-13.0484032750955
"436090",-13.053212642598
"68628",-13.0619490582608
"72148",-13.0732123159242
"11605",-13.133900991512
"83603",-13.1628854187739
"545554",-13.1707201124654
"70790",-13.174919657479
"71276",-13.2385609703977
"12236",-13.2422210684268
"19387",-13.2434019464347
"22626",-13.2441833642803
"215493",-13.2450061961518
"55994",-13.2587154984029
"16776",-13.2593371595771
"56196",-13.2643795365082
"74840",-13.2733357172264
"15211",-13.2917299406322
"170826",-13.2974237129609
"17957",-13.3362088367551
"107305",-13.3469043499642
"74018",-13.3977763432206
"12581",-13.402453277875
"69743",-13.4464378514174
"100040766",-13.453480586118
"76804",-13.4650670301292
"67838",-13.4795397074558
"11964",-13.5022976735219
"213119",-13.6258142307652
"29873",-13.6624461866059
"56405",-13.6701900922333
"117150",-13.7027103082212
"53975",-13.7076022819083
"109246",-13.7333832876084
"72552",-13.7564121825165
"226151",-13.8459917838029
"233406",-13.8496601826232
"68472",-13.8582446090597
"209131",-13.8667425037855
"23849",-13.9224939483232
"241944",-13.9648155542047
"17827",-13.9795133567673
"192157",-14.0610742429814
"66868",-14.0661453772096
"75599",-14.0715524690069
"319876",-14.1423565041851
"78808",-14.1619267664599
"109095",-14.224790349849
"235493",-14.2754332345868
"22156",-14.2861049424318
"66060",-14.3305373864698
"100342",-14.348039575287
"54473",-14.3679595867929
"73368",-14.3962611841749
"19734",-14.4127344650526
"229517",-14.4398361843005
"69399",-14.447580272743
"20878",-14.4492108033003
"22634",-14.4803577396754
"18816",-14.4970692462055
"239554",-14.5078419179019
"13716",-14.5657927845658
"231207",-14.5920445211534
"67035",-14.6226880863564
"22134",-14.6725975313078
"66335",-14.6758506391057
"56692",-14.7114755582562
"27261",-14.7153549684451
"17215",-14.741242963544
"18627",-14.7572214316701
"244646",-14.7627360168239
"208177",-14.8091176515183
"16399",-14.8917726149912
"13638",-14.9151835743341
"100048534",-14.9240550587517
"353187",-14.9437122819169
"229603",-15.0006099640154
"70650",-15.2785596092073
"19704",-15.2971232260411
"321003",-15.3272808129026
"212114",-15.4189802352777
"72287",-15.4868561037445
"78906",-15.6053581151807
"53325",-15.6120229043284
"69938",-15.6931083885948
"50766",-15.7041873371658
"104015",-15.7077847820622
"217154",-15.9414650855995
"70686",-15.9853113311927
"73834",-16.0077492988387
"319625",-16.0328628494956
"13033",-16.0438932851087
"16004",-16.0457367272421
"13026",-16.0967877098765
"217166",-16.1194483630875
"22757",-16.1833185617312
"14254",-16.1924967561725
"140743",-16.282872494513
"57321",-16.3544974556948
"65972",-16.4258079231947
"17532",-16.433160481042
"18141",-16.4476663395217
"100042165",-16.5197504409752
"12659",-16.7093959854487
"117599",-16.8602371340032
"215748",-16.8870678791581
"19099",-17.0020381140915
"18218",-17.0202692215713
"237436",-17.1453056952428
"13400",-17.2116957297644
"74442",-17.2966333655073
"11816",-17.3207098740961
"14632",-17.3233760071131
"11972",-17.3658753794585
"18626",-17.3980272789593
"26919",-17.4374719285588
"16007",-17.603203211809
"231834",-17.8669040262184
"13170",-17.9162297846043
"15505",-17.9179770845153
"26401",-17.9437256529004
"12728",-17.9901851580822
"329739",-18.0107594405771
"28006",-18.0220267298091
"20617",-18.2994611952893
"234779",-18.4056276703801
"170767",-18.4670919131347
"18845",-18.8104453944094
"104082",-18.8677705466386
"66848",-18.9719549807029
"56217",-19.0740455200045
"50997",-19.2152849179804
"12815",-19.4946095813949
"68263",-19.5312571381647
"234797",-19.7697809712367
"18415",-20.2392802126964
"14159",-20.3623113977543
"228413",-20.4939660529228
"67268",-20.6282863417552
"66834",-20.7027680691963
"54720",-20.7438759594693
"77595",-20.8497257873088
"79362",-21.0837726537482
"231801",-21.3244589345679
"15511",-21.7283885643324
"11430",-21.8142924940973
"19017",-22.1743167118191
"16904",-22.3290761734239
"16891",-23.4755090946683
"20322",-23.7505302535888
"52187",-24.588654027402
"58801",-24.7648101407616
"17873",-24.856480939748
"70495",-25.4451357183511
"433022",-25.6271283901012
"23882",-31.352978383657
"21685",-32.9098495649695
