"collection","pathway","pval","padj","ES","NES","size","leadingEdge_count","leadingEdge_entrez","leadingEdge_symbols"
"Reactome","REACTOME_BIOLOGICAL_OXIDATIONS",7.74882214102319e-05,0.0454608979605009,-0.487985760812466,-1.82500711120895,87,27,"109754;13110;11669;56448;11529;14862;11622;394432;110175;13123;75475;207182;19223;68312;228608;14863;108645;216558;11864;20181;22021;14149;68021;14854;71670;74134;14629","Cyb5r3;Cyp2j6;Aldh2;Cyp2d22;Adh7;Gstm1;Ahr;Ugt1a7c;Ggct;Cyp7b1;Oplah;Ggt7;Ptgis;Gstm7;Smox;Gstm2;Mat2b;Ugp2;Arnt2;Rxra;Tpst1;Fdxr;Bphl;Gss;Acy3;Cyp2s1;Gclc"
"Reactome","REACTOME_COLLAGEN_CHAIN_TRIMERIZATION",0.000402903083844912,0.0454608979605009,-0.690177831247324,-1.94100377954254,20,14,"237759;12834;107581;12835;213945;12833;12825;12831;12822;12841;53867;12814;77018;12816","Col23a1;Col6a2;Col16a1;Col6a3;Col28a1;Col6a1;Col3a1;Col5a1;Col18a1;Col9a3;Col5a3;Col11a1;Col25a1;Col12a1"
"Reactome","REACTOME_CYTOCHROME_P450_ARRANGED_BY_SUBSTRATE_TYPE",0.000314998182851818,0.0454608979605009,-0.694657671500244,-1.95360254245405,20,9,"13110;56448;11622;13123;19223;11864;20181;14149;74134","Cyp2j6;Cyp2d22;Ahr;Cyp7b1;Ptgis;Arnt2;Rxra;Fdxr;Cyp2s1"
"Reactome","REACTOME_EXTRACELLULAR_MATRIX_ORGANIZATION",0.000213512200895301,0.0454608979605009,-0.397741057799501,-1.63429875713652,166,61,"16997;246707;237759;12843;26365;216725;320910;12834;17395;17150;107581;12835;16651;20649;16948;213945;12305;241226;12833;12111;18214;21858;94216;83964;16950;15529;12825;58223;12831;12822;21857;94352;14268;13003;16949;18453;12841;16775;18542;20750;109700;24051;100952;18073;192897;21809;16421;20648;11492;72947;53867;14119;268935;11465;50817;16399;11490;12814;77018;12816;16398","Ltbp2;Emilin2;Col23a1;Col1a2;Ceacam1;Adamts2;Itgb8;Col6a2;Mmp9;Mfap2;Col16a1;Col6a3;Sspn;Sntb1;Lox;Col28a1;Ddr1;Itga8;Col6a1;Bgn;Ddr2;Timp2;Col4a6;Jam3;Loxl3;Sdc2;Col3a1;Mmp19;Col5a1;Col18a1;Timp1;Loxl2;Fn1;Vcan;Loxl1;P4hb;Col9a3;Lama4;Pcolce;Spp1;Itga1;Sgcb;Emilin1;Nid1;Itgb4;Tgfb3;Itgb7;Snta1;Adam19;Phykpl;Col5a3;Fbn2;Scube3;Actg1;Capn15;Itga2b;Adam15;Col11a1;Col25a1;Col12a1;Itga2"
"Reactome","REACTOME_PHASE_I_FUNCTIONALIZATION_OF_COMPOUNDS",0.000220582066184927,0.0454608979605009,-0.603477503143369,-1.94275707674026,37,14,"109754;13110;11669;56448;11529;11622;13123;19223;228608;11864;20181;14149;68021;74134","Cyb5r3;Cyp2j6;Aldh2;Cyp2d22;Adh7;Ahr;Cyp7b1;Ptgis;Smox;Arnt2;Rxra;Fdxr;Bphl;Cyp2s1"
"Reactome","REACTOME_PRC2_METHYLATES_HISTONES_AND_DNA",0.000346494686983043,0.0454608979605009,-0.502343426503608,-1.80280106013879,64,39,"15081;77605;14055;13435;13433;319176;97908;360198;319177;319159;319172;326619;319169;74016;319173;319148;319166;319187;52615;319160;319180;319153;319152;319155;319156;319168;319185;319182;319151;97122;319161;319184;100041230;319178;319157;260423;13436;319181;319179","H3f3b;H2az2;Ezh1;Dnmt3a;Dnmt1;H2ac20;H3c8;H3c1;H2bc1;H4c11;H2ac4;H4c1;H2ac15;Phf19;H2ac10;H3c3;H2ac8;H2bc15;Suz12;H4c12;H2bc7;H3c11;H3c10;H4c3;H4c4;H2ac12;H2bc13;H2bc9;H3c6;H4c14;H4c18;H2bc12;H4c17;H2bc3;H4c6;H3c7;Dnmt3b;H2bc8;H2bc6"
"Reactome","REACTOME_CELL_SURFACE_INTERACTIONS_AT_THE_VASCULAR_WALL",0.000476022302556797,0.0460381569758502,0.483732786119808,1.77568364727149,59,30,"13052;16456;83996;19128;21824;18706;16412;11931;22612;16400;14360;20779;330836;270152;20340;20539;20501;50915;12505;17254;11601;19124;16423;16410;11933;12215;16653;17096;20416;67374","Cxadr;F11r;Mmp1b;Pros1;Thbd;Pik3ca;Itgb1;Atp1b1;Yes1;Itga3;Fyn;Src;Slc7a6;Jaml;Glg1;Slc7a5;Slc16a1;Grb14;Cd44;Slc3a2;Angpt2;Procr;Cd47;Itgav;Atp1b3;Bsg;Kras;Lyn;Shc1;Jam2"
"Reactome","REACTOME_COLLAGEN_FORMATION",0.000863388143196324,0.073064221617989,-0.518162544383383,-1.79401911411597,52,20,"237759;12843;216725;12834;17395;107581;12835;16948;213945;12833;94216;16950;12825;12831;12822;94352;16949;18453;12841;18542","Col23a1;Col1a2;Adamts2;Col6a2;Mmp9;Col16a1;Col6a3;Lox;Col28a1;Col6a1;Col4a6;Loxl3;Col3a1;Col5a1;Col18a1;Loxl2;Loxl1;P4hb;Col9a3;Pcolce"
"Reactome","REACTOME_COLLAGEN_BIOSYNTHESIS_AND_MODIFYING_ENZYMES",0.00117837259394488,0.0886398051222984,-0.548726748491044,-1.81531513155145,41,15,"237759;12843;216725;12834;107581;12835;213945;12833;94216;12825;12831;12822;18453;12841;18542","Col23a1;Col1a2;Adamts2;Col6a2;Col16a1;Col6a3;Col28a1;Col6a1;Col4a6;Col3a1;Col5a1;Col18a1;P4hb;Col9a3;Pcolce"
"Reactome","REACTOME_EPIGENETIC_REGULATION_OF_GENE_EXPRESSION_BY_MLL3_AND_MLL4_COMPLEXES",0.00153076790703733,0.103632987306427,-0.478087773450165,-1.70608576765234,63,37,"15081;77605;20602;381022;20181;56310;319176;97908;360198;319177;319159;319172;326619;319169;319173;319148;319166;319187;319160;319180;319153;319152;319155;319156;319168;319185;319182;319151;97122;319161;319184;100041230;319178;319157;260423;319181;319179","H3f3b;H2az2;Ncor2;Kmt2d;Rxra;Gps2;H2ac20;H3c8;H3c1;H2bc1;H4c11;H2ac4;H4c1;H2ac15;H2ac10;H3c3;H2ac8;H2bc15;H4c12;H2bc7;H3c11;H3c10;H4c3;H4c4;H2ac12;H2bc13;H2bc9;H3c6;H4c14;H4c18;H2bc12;H4c17;H2bc3;H4c6;H3c7;H2bc8;H2bc6"
"Reactome","REACTOME_CONDENSATION_OF_PROPHASE_CHROMOSOMES",0.00263446315575149,0.137194735111058,-0.478547692288063,-1.70218792793896,61,36,"15081;77605;52683;319176;97908;360198;319177;319159;319172;326619;319169;319173;319148;319166;319187;319160;319180;76044;319153;319152;319155;319156;319168;319185;319182;319151;97122;319161;319184;100041230;319178;319157;18817;260423;319181;319179","H3f3b;H2az2;Ncaph2;H2ac20;H3c8;H3c1;H2bc1;H4c11;H2ac4;H4c1;H2ac15;H2ac10;H3c3;H2ac8;H2bc15;H4c12;H2bc7;Ncapg2;H3c11;H3c10;H4c3;H4c4;H2ac12;H2bc13;H2bc9;H3c6;H4c14;H4c18;H2bc12;H4c17;H2bc3;H4c6;Plk1;H3c7;H2bc8;H2bc6"
"Reactome","REACTOME_NONSENSE_MEDIATED_DECAY_NMD_INDEPENDENT_OF_THE_EXON_JUNCTION_COMPLEX_EJC",0.00244369048752473,0.137194735111058,0.4149332417275,1.64289838625818,81,49,"57808;14109;76808;114641;67427;270106;14852;20088;22186;20042;208643;20102;269261;100503670;57294;19981;20091;67248;20090;22121;19951;20103;66481;16898;66489;19989;66480;20115;66475;20085;19933;20005;54127;67891;75617;19988;16785;68092;27050;19934;67115;20104;110954;19982;100043813;68193;68028;267019;20054","Rpl35a;Fau;Rpl18a;Rpl31;Rps20;Rpl13;Gspt1;Rps24;Uba52;Rps12;Eif4g1;Rps4x;Rpl12;Rpl5;Rps27;Rpl37a;Rps3a1;Rpl39;Rps29;Rpl13a;Rpl32;Rps5;Rps21;Rps2;Rpl35;Rpl7;Rpl15;Rps7;Rps23;Rps19;Rpl21;Rpl9;Rps28;Rpl4;Rps25;Rpl6;Rpsa;Ncbp2;Rps3;Rpl22;Rpl14;Rps6;Rpl10;Rpl36a;Rps27rt;Rpl24;Rpl22l1;Rps15a;Rps15"
"Reactome","REACTOME_REGULATION_OF_CDH1_GENE_TRANSCRIPTION",0.00232042609155436,0.137194735111058,-0.458426226283922,-1.64806703357595,66,37,"15081;77605;21417;76233;319176;97908;360198;319177;319159;319172;326619;319169;319173;319148;319166;319187;52615;319160;319180;319153;319152;319155;319156;319168;319185;20586;319182;319151;97122;319161;319184;100041230;319178;319157;260423;319181;319179","H3f3b;H2az2;Zeb1;Dnttip1;H2ac20;H3c8;H3c1;H2bc1;H4c11;H2ac4;H4c1;H2ac15;H2ac10;H3c3;H2ac8;H2bc15;Suz12;H4c12;H2bc7;H3c11;H3c10;H4c3;H4c4;H2ac12;H2bc13;Smarca4;H2bc9;H3c6;H4c14;H4c18;H2bc12;H4c17;H2bc3;H4c6;H3c7;H2bc8;H2bc6"
"Reactome","REACTOME_MITOCHONDRIAL_TRANSLATION",0.00338582834646385,0.163728985039716,-0.400774482387377,-1.54547079929171,105,33,"64660;94064;68572;216767;67212;60441;107732;68463;50529;68537;66163;56282;64656;24030;79044;211253;67036;66258;239555;17711;66407;102060;66845;67840;68836;57837;99045;17705;27398;69089;17720;17708;17709","Mrps24;Mrpl27;Mrpl58;Mrpl22;Mrpl55;Mrpl38;Mrpl10;Mrpl14;Mrps7;Mrpl13;Mrpl4;Mrpl12;Mrps23;Mrps12;Mrps34;Mtrf1;Mrpl45;Mrps17;Mief1;mt-Cytb;Mrps15;Gadd45gip1;Mrpl33;Mrpl57;Mrpl52;Eral1;Mrps26;mt-Atp6;Mrpl2;Oxa1l;mt-Nd4l;mt-Co1;mt-Co2"
"Reactome","REACTOME_BASE_EXCISION_REPAIR",0.00395429502164031,0.178470515310033,-0.437557517225613,-1.60914777850169,81,44,"77605;68275;268395;18972;16882;22594;69263;71726;19718;319176;319177;319159;319172;19687;326619;319169;319173;319166;319187;17193;319160;319180;18971;16881;319155;319156;319168;11546;319185;319182;97122;18973;319161;319184;100041230;319178;19891;319157;319181;319179;70603;68240;106344;68024","H2az2;Rpa1;Mpg;Pold2;Lig3;Xrcc1;Rfc3;Smug1;Rfc2;H2ac20;H2bc1;H4c11;H2ac4;Rfc1;H4c1;H2ac15;H2ac10;H2ac8;H2bc15;Mbd4;H4c12;H2bc7;Pold1;Lig1;H4c3;H4c4;H2ac12;Parp2;H2bc13;H2bc9;H4c14;Pole;H4c18;H2bc12;H4c17;H2bc3;Rpa2;H4c6;H2bc8;H2bc6;Mutyh;Rpa3;Rfc4;H2bc4"
"Reactome","REACTOME_RUNX1_REGULATES_GENES_INVOLVED_IN_MEGAKARYOCYTE_DIFFERENTIATION_AND_PLATELET_FUNCTION",0.00440074940260817,0.186206709097858,-0.436841912962212,-1.57182927159686,67,37,"15081;77605;328572;381022;319176;97908;360198;319177;319159;319172;326619;319169;319173;319148;319166;319187;319160;319180;319153;319152;319155;319156;319168;208043;319185;319182;319151;214162;97122;319161;319184;100041230;319178;319157;260423;319181;319179","H3f3b;H2az2;Ep300;Kmt2d;H2ac20;H3c8;H3c1;H2bc1;H4c11;H2ac4;H4c1;H2ac15;H2ac10;H3c3;H2ac8;H2bc15;H4c12;H2bc7;H3c11;H3c10;H4c3;H4c4;H2ac12;Setd1b;H2bc13;H2bc9;H3c6;Kmt2a;H4c14;H4c18;H2bc12;H4c17;H2bc3;H4c6;H3c7;H2bc8;H2bc6"
"Reactome","REACTOME_BASIGIN_INTERACTIONS",0.00528973252596767,0.201157665941315,0.643370318161888,1.81355075935556,17,10,"83996;16412;11931;16400;330836;20539;20501;17254;11933;12215","Mmp1b;Itgb1;Atp1b1;Itga3;Slc7a6;Slc7a5;Slc16a1;Slc3a2;Atp1b3;Bsg"
"Reactome","REACTOME_MITOCHONDRIAL_RIBOSOME_ASSOCIATED_QUALITY_CONTROL",0.00534835744009405,0.201157665941315,-0.41181871215533,-1.54015165721448,87,27,"64660;94064;68572;216767;67212;60441;107732;68463;50529;68537;66163;56282;64656;24030;79044;67036;66258;239555;66407;102060;66845;67840;68836;57837;99045;27398;69089","Mrps24;Mrpl27;Mrpl58;Mrpl22;Mrpl55;Mrpl38;Mrpl10;Mrpl14;Mrps7;Mrpl13;Mrpl4;Mrpl12;Mrps23;Mrps12;Mrps34;Mrpl45;Mrps17;Mief1;Mrps15;Gadd45gip1;Mrpl33;Mrpl57;Mrpl52;Eral1;Mrps26;Mrpl2;Oxa1l"
"Reactome","REACTOME_RAF_INDEPENDENT_MAPK1_3_ACTIVATION",0.00565343687064288,0.201440882180275,0.574168965568218,1.710042256083,22,8,"18218;19252;70686;240672;26395;26413;16193;16452","Dusp8;Dusp1;Dusp16;Dusp5;Map2k1;Mapk1;Il6;Jak2"
"Reactome","REACTOME_G0_AND_EARLY_G1",0.00597079413955966,0.202111381624095,0.623091068362708,1.70796243091509,16,8,"104394;13548;21781;12447;13559;12566;12428;19646","E2f4;Dyrk1a;Tfdp1;Ccne1;E2f5;Cdk2;Ccna2;Rbbp4"
"Reactome","REACTOME_EPIGENETIC_REGULATION_BY_WDR5_CONTAINING_HISTONE_MODIFYING_COMPLEXES",0.00804186477071109,0.222692416469429,-0.410117310234574,-1.55329175927399,94,47,"15081;77605;14534;217031;20602;381022;20181;239510;76719;56310;319176;97908;51812;360198;319177;319159;319172;326619;319169;319173;319148;319166;319187;319160;319180;67933;319153;319152;319155;319156;319168;208043;319185;319182;319151;214162;97122;319161;319184;100041230;665775;319178;319157;69612;260423;319181;319179","H3f3b;H2az2;Kat2a;Tada2a;Ncor2;Kmt2d;Rxra;Phf20l1;Kansl1;Gps2;H2ac20;H3c8;Mcrs1;H3c1;H2bc1;H4c11;H2ac4;H4c1;H2ac15;H2ac10;H3c3;H2ac8;H2bc15;H4c12;H2bc7;Hcfc2;H3c11;H3c10;H4c3;H4c4;H2ac12;Setd1b;H2bc13;H2bc9;H3c6;Kmt2a;H4c14;H4c18;H2bc12;H4c17;Bod1l;H2bc3;H4c6;Kansl2;H3c7;H2bc8;H2bc6"
"Reactome","REACTOME_HDR_THROUGH_HOMOLOGOUS_RECOMBINATION_HRR",0.00855244140059845,0.222692416469429,-0.454471613174816,-1.60083442560955,58,14,"19364;68275;268465;12189;19360;11920;18972;60530;69263;22187;237911;114714;21975;19718","Rad51d;Rpa1;Eme1;Brca1;Rad50;Atm;Pold2;Fignl1;Rfc3;Ubb;Brip1;Rad51c;Top3a;Rfc2"
"Reactome","REACTOME_MITOTIC_PROPHASE",0.00801309824920936,0.222692416469429,-0.388518908259021,-1.52128702269254,115,53,"15081;223921;445007;77605;52683;170762;19324;69922;67181;319176;97908;19069;360198;319177;319159;74498;319172;326619;319169;319173;319148;319166;319187;64898;319160;319180;72787;101706;16905;18141;76044;319153;319152;319155;319156;319168;319185;227720;319182;319151;227699;97122;319161;319184;18751;100041230;319178;319157;18817;69912;260423;319181;319179","H3f3b;Aaas;Nup85;H2az2;Ncaph2;Nup155;Rab1a;Vrk2;Ctdnep1;H2ac20;H3c8;Nup88;H3c1;H2bc1;H4c11;Gorasp1;H2ac4;H4c1;H2ac15;H2ac10;H3c3;H2ac8;H2bc15;Lpin2;H4c12;H2bc7;Ndc1;Numa1;Lmna;Nup50;Ncapg2;H3c11;H3c10;H4c3;H4c4;H2ac12;H2bc13;Nup214;H2bc9;H3c6;Nup188;H4c14;H4c18;H2bc12;Prkcb;H4c17;H2bc3;H4c6;Plk1;Nup43;H3c7;H2bc8;H2bc6"
"Reactome","REACTOME_REGULATION_OF_ENDOGENOUS_RETROELEMENTS",0.00855201086561152,0.222692416469429,-0.397704939325901,-1.487367871604,87,48,"15081;77605;100041979;319176;97908;360198;319177;319159;319172;326619;319169;319173;319148;319166;319187;74149;24132;319160;319180;319153;319152;319155;319156;319168;380850;319185;319182;319151;54343;97122;319161;319184;100041230;243834;319178;319157;260423;319181;319179;75424;68024;22712;319150;319158;104349;319183;319164;21408","H3f3b;H2az2;Gm3604;H2ac20;H3c8;H3c1;H2bc1;H4c11;H2ac4;H4c1;H2ac15;H2ac10;H3c3;H2ac8;H2bc15;Zfp946;Zfp53;H4c12;H2bc7;H3c11;H3c10;H4c3;H4c4;H2ac12;Gm5141;H2bc13;H2bc9;H3c6;Atf7ip;H4c14;H4c18;H2bc12;H4c17;Zfp324;H2bc3;H4c6;H3c7;H2bc8;H2bc6;Zfp820;H2bc4;Zfp54;H3c2;H4c9;Zfp119a;H2bc11;H2ac6;Zfp354a"
"Reactome","REACTOME_RESOLUTION_OF_D_LOOP_STRUCTURES",0.0079610717708287,0.222692416469429,-0.523793184177793,-1.64665955232467,34,9,"19364;268465;12189;19360;11920;60530;237911;114714;21975","Rad51d;Eme1;Brca1;Rad50;Atm;Fignl1;Brip1;Rad51c;Top3a"
"Reactome","REACTOME_TRANSCRIPTIONAL_REGULATION_BY_RUNX3",0.00732856452788369,0.222692416469429,-0.425146266569607,-1.52974640636655,67,16,"18128;16842;21414;19175;21415;333639;328572;14534;19184;26446;75788;22059;103806;22187;22123;66997","Notch1;Lef1;Tcf7;Psmb6;Tcf7l1;Mamld1;Ep300;Kat2a;Psmc5;Psmb3;Smurf1;Trp53;Maml1;Ubb;Psmd3;Psmd12"
"Reactome","REACTOME_ASSEMBLY_OF_COLLAGEN_FIBRILS_AND_OTHER_MULTIMERIC_STRUCTURES",0.0107093505658532,0.233878397841375,-0.524384882121261,-1.61606753989835,31,14,"12834;17395;12835;16948;12833;94216;16950;12825;12831;12822;94352;16949;12841;18542","Col6a2;Mmp9;Col6a3;Lox;Col6a1;Col4a6;Loxl3;Col3a1;Col5a1;Col18a1;Loxl2;Loxl1;Col9a3;Pcolce"
"Reactome","REACTOME_DEPOSITION_OF_NEW_CENPA_CONTAINING_NUCLEOSOMES_AT_THE_CENTROMERE",0.0101683600439043,0.233878397841375,-0.425707680569338,-1.5277720725467,64,41,"66570;77605;26886;20892;319176;319177;319159;319172;326619;69928;319169;319173;319166;319187;67733;319160;319180;319155;319156;319168;319185;319182;70645;66336;97122;319161;319184;100041230;319178;319157;60411;319181;319179;233532;68024;18148;319158;71876;319183;66311;319164","Cenpm;H2az2;Cenph;Cenpx;H2ac20;H2bc1;H4c11;H2ac4;H4c1;Cenps;H2ac15;H2ac10;H2ac8;H2bc15;Itgb3bp;H4c12;H2bc7;H4c3;H4c4;H2ac12;H2bc13;H2bc9;Oip5;Cenpp;H4c14;H4c18;H2bc12;H4c17;H2bc3;H4c6;Cenpk;H2bc8;H2bc6;Rsf1;H2bc4;Npm1;H4c9;Cenpu;H2bc11;Cenpw;H2ac6"
"Reactome","REACTOME_IMMUNOREGULATORY_INTERACTIONS_BETWEEN_A_LYMPHOID_AND_A_NON_LYMPHOID_CELL",0.0104631871248354,0.233878397841375,0.513328997879175,1.63959606804486,29,8,"13052;52118;12490;54698;19294;16412;243958;270152","Cxadr;Pvr;Cd34;Crtam;Nectin2;Itgb1;Siglecg;Jaml"
"Reactome","REACTOME_MITF_M_DEPENDENT_GENE_EXPRESSION",0.0101216874636042,0.233878397841375,-0.640916871692993,-1.65550438085157,15,7,"16842;21414;21415;15254;12387;17342;171531","Lef1;Tcf7;Tcf7l1;Hint1;Ctnnb1;Mitf;Mlph"
"Reactome","REACTOME_NON_INTEGRIN_MEMBRANE_ECM_INTERACTIONS",0.00988910898565112,0.233878397841375,-0.471710620148449,-1.57662615886437,44,19,"16651;20649;12305;18214;94216;15529;12825;12831;14268;16775;24051;192897;20648;53867;11465;12814;16398;21803;12827","Sspn;Sntb1;Ddr1;Ddr2;Col4a6;Sdc2;Col3a1;Col5a1;Fn1;Lama4;Sgcb;Itgb4;Snta1;Col5a3;Actg1;Col11a1;Itga2;Tgfb1;Col4a2"
"Reactome","REACTOME_MYOGENESIS",0.0114506931933132,0.242253727871031,-0.627917552479637,-1.65083622778069,16,8,"29857;57810;21413;70834;12387;17260;19094;21423","Mapk12;Cdon;Tcf4;Spag9;Ctnnb1;Mef2c;Mapk11;Tcf3"
"Reactome","REACTOME_COMPLEX_III_ASSEMBLY",0.011875523522283,0.243628164381381,-0.607176269946165,-1.64738156278011,18,7,"72795;66445;22272;66152;66594;75530;17711","Ttc19;Cyc1;Uqcrq;Uqcr10;Uqcr11;Lyrm7;mt-Cytb"
"Reactome","REACTOME_HOMOLOGOUS_DNA_PAIRING_AND_STRAND_EXCHANGE",0.0133554165048575,0.26592991099378,-0.554435010604877,-1.64852457487358,26,7,"19364;12189;19360;11920;237911;114714;21975","Rad51d;Brca1;Rad50;Atm;Brip1;Rad51c;Top3a"
"Reactome","REACTOME_CLASS_I_PEROXISOMAL_MEMBRANE_PROTEIN_IMPORT",0.0142068877948937,0.27480180106123,-0.602543776833066,-1.63481275184008,18,8,"26874;20524;11666;72129;103737;19299;18633;11671","Abcd2;Slc25a17;Abcd1;Pex13;Pex12;Abcd3;Pex16;Aldh3a2"
"Reactome","REACTOME_CHROMOSOME_MAINTENANCE",0.016080668009387,0.288876769116137,-0.366313949867986,-1.43534368841654,114,54,"66570;15081;72107;77605;68275;68964;69535;26886;18972;20892;69263;52530;216853;19718;319176;319177;319159;319172;19687;326619;69928;319169;319173;319166;319187;67733;319160;319180;18971;16881;319155;319156;319168;19075;105522;319185;319182;70645;66336;97122;319161;319184;100041230;319178;19891;319157;60411;269400;319181;319179;233532;68240;106344;68024","Cenpm;H3f3b;Dscc1;H2az2;Rpa1;Ctc1;Ten1;Cenph;Pold2;Cenpx;Rfc3;Nhp2;Wrap53;Rfc2;H2ac20;H2bc1;H4c11;H2ac4;Rfc1;H4c1;Cenps;H2ac15;H2ac10;H2ac8;H2bc15;Itgb3bp;H4c12;H2bc7;Pold1;Lig1;H4c3;H4c4;H2ac12;Prim1;Ankrd28;H2bc13;H2bc9;Oip5;Cenpp;H4c14;H4c18;H2bc12;H4c17;H2bc3;Rpa2;H4c6;Cenpk;Rtel1;H2bc8;H2bc6;Rsf1;Rpa3;Rfc4;H2bc4"
"Reactome","REACTOME_MISMATCH_REPAIR",0.016348711405999,0.288876769116137,-0.619001395495141,-1.59889615526663,15,9,"68275;18972;17350;18971;16881;17685;19891;18861;68240","Rpa1;Pold2;Mlh1;Pold1;Lig1;Msh2;Rpa2;Pms2;Rpa3"
"Reactome","REACTOME_NOTCH_HLH_TRANSCRIPTION_PATHWAY",0.0163730516289956,0.288876769116137,-0.575336685604696,-1.63621287231487,21,8,"18128;170787;333639;14534;103806;20602;15184;56233","Notch1;Hdac10;Mamld1;Kat2a;Maml1;Ncor2;Hdac5;Hdac7"
"Reactome","REACTOME_ZNF598_AND_THE_RIBOSOME_ASSOCIATED_QUALITY_TRIGGER_RQT_COMPLEX_DISSOCIATE_A_RIBOSOME_STALLED_ON_A_NO_GO_MRNA",0.0166413500672516,0.288876769116137,0.366268385320281,1.45762319607053,83,48,"57808;14109;76808;114641;67427;270106;20088;22186;20042;20102;269261;100503670;57294;66105;19981;20091;67248;20090;22121;19951;20103;66481;16898;66489;19989;66480;20115;66475;20085;19933;20005;54127;67891;75617;19988;16785;27050;19934;216080;67115;20104;110954;19982;100043813;68193;68028;267019;20054","Rpl35a;Fau;Rpl18a;Rpl31;Rps20;Rpl13;Rps24;Uba52;Rps12;Rps4x;Rpl12;Rpl5;Rps27;Ube2d3;Rpl37a;Rps3a1;Rpl39;Rps29;Rpl13a;Rpl32;Rps5;Rps21;Rps2;Rpl35;Rpl7;Rpl15;Rps7;Rps23;Rps19;Rpl21;Rpl9;Rps28;Rpl4;Rps25;Rpl6;Rpsa;Rps3;Rpl22;Ube2d1;Rpl14;Rps6;Rpl10;Rpl36a;Rps27rt;Rpl24;Rpl22l1;Rps15a;Rps15"
"Reactome","REACTOME_ECM_PROTEOGLYCANS",0.0174039668243263,0.294562138501722,-0.539422849760464,-1.60388829541682,26,10,"12834;12835;241226;12833;12111;12825;12831;14268;13003;12841","Col6a2;Col6a3;Itga8;Col6a1;Bgn;Col3a1;Col5a1;Fn1;Vcan;Col9a3"
"Reactome","REACTOME_DETOXIFICATION_OF_REACTIVE_OXYGEN_SPECIES",0.0191455423310443,0.310072241375188,0.528449265612273,1.64253987512451,26,13,"50490;20657;50527;14782;20655;12460;11757;21672;54683;13063;22166;26462;14870","Nox4;Sod3;Ero1a;Gsr;Sod1;Ccs;Prdx3;Prdx2;Prdx5;Cycs;Txn1;Txnrd2;Gstp1"
"Reactome","REACTOME_TELOMERE_MAINTENANCE",0.01923638720496,0.310072241375188,-0.39084803866575,-1.46541135294875,88,45,"15081;72107;77605;68275;68964;69535;18972;69263;52530;216853;19718;319176;319177;319159;319172;19687;326619;319169;319173;319166;319187;319160;319180;18971;16881;319155;319156;319168;19075;105522;319185;319182;97122;319161;319184;100041230;319178;19891;319157;269400;319181;319179;68240;106344;68024","H3f3b;Dscc1;H2az2;Rpa1;Ctc1;Ten1;Pold2;Rfc3;Nhp2;Wrap53;Rfc2;H2ac20;H2bc1;H4c11;H2ac4;Rfc1;H4c1;H2ac15;H2ac10;H2ac8;H2bc15;H4c12;H2bc7;Pold1;Lig1;H4c3;H4c4;H2ac12;Prim1;Ankrd28;H2bc13;H2bc9;H4c14;H4c18;H2bc12;H4c17;H2bc3;Rpa2;H4c6;Rtel1;H2bc8;H2bc6;Rpa3;Rfc4;H2bc4"
"Reactome","REACTOME_RIBOSOME_ASSOCIATED_QUALITY_CONTROL",0.0200371972886125,0.31543799386517,0.314054218717344,1.34157523570933,126,64,"57296;57808;14109;76808;21762;17463;24015;114641;67427;270106;68098;66855;20088;22186;20042;20102;269261;100503670;57294;66105;19981;20091;67248;20090;22121;19951;20103;66481;70247;16898;66489;19989;66480;20115;66475;20085;19933;20005;54127;67923;67891;19167;75617;19988;16785;19172;26442;27050;19934;26440;216080;67089;67115;20104;110954;19982;100043813;59029;68193;68028;267019;20054;78913;19166","Psmd8;Rpl35a;Fau;Rpl18a;Psmd2;Psmd7;Abce1;Rpl31;Rps20;Rpl13;Rchy1;Tcf25;Rps24;Uba52;Rps12;Rps4x;Rpl12;Rpl5;Rps27;Ube2d3;Rpl37a;Rps3a1;Rpl39;Rps29;Rpl13a;Rpl32;Rps5;Rps21;Psmd1;Rps2;Rpl35;Rpl7;Rpl15;Rps7;Rps23;Rps19;Rpl21;Rpl9;Rps28;Eloc;Rpl4;Psma3;Rps25;Rpl6;Rpsa;Psmb4;Psma5;Rps3;Rpl22;Psma1;Ube2d1;Psmc6;Rpl14;Rps6;Rpl10;Rpl36a;Rps27rt;Psmd14;Rpl24;Rpl22l1;Rps15a;Rps15;Ltn1;Psma2"
"Reactome","REACTOME_SIGNALING_BY_HEDGEHOG",0.0205011399262444,0.31543799386517,-0.360661139240914,-1.40965496204629,113,36,"16576;14451;19175;116891;57810;19184;73710;16568;26446;19084;66753;75788;22151;18453;226861;22187;22123;66997;14632;59056;14633;216869;81896;67661;104111;21402;104110;56438;19173;109689;106633;69077;20747;22142;78294;240888","Kif7;Gas1;Psmb6;Derl2;Cdon;Psmc5;Tubb2b;Kif3a;Psmb3;Prkar1a;Erlec1;Smurf1;Tubb2a;P4hb;Hhat;Ubb;Psmd3;Psmd12;Gli1;Evc;Gli2;Arrb2;Ift122;Ift172;Adcy3;Skp1;Adcy4;Rbx1;Psmb5;Arrb1;Ift140;Psmd11;Spop;Tuba1a;Rps27a;Gpr161"
"Reactome","REACTOME_PEROXISOMAL_LIPID_METABOLISM",0.0210357091373967,0.316470557467057,-0.561986700346017,-1.58048876686299,20,12,"20524;17117;11666;11430;170789;80911;11671;15488;20280;23986;110959;26378","Slc25a17;Amacr;Abcd1;Acox1;Acot8;Acox3;Aldh3a2;Hsd17b4;Scp2;Eci2;Nudt19;Decr2"
"Reactome","REACTOME_TRANSCRIPTIONAL_ACTIVITY_OF_SMAD2_SMAD3_SMAD4_HETEROTRIMER",0.0234568467999116,0.345223593120438,0.465802705569962,1.57195454430437,37,12,"21815;104394;20482;18550;19042;21781;26413;107951;22186;17283;13559;66105","Tgif1;E2f4;Skil;Furin;Ppm1a;Tfdp1;Mapk1;Cdk9;Uba52;Men1;E2f5;Ube2d3"
"Reactome","REACTOME_G2_M_DNA_DAMAGE_CHECKPOINT",0.0255175715333042,0.359904081834311,-0.380967283524679,-1.42836531631298,88,42,"68275;22631;240087;12189;19360;11920;69263;22059;237911;21975;19718;19355;22627;319177;319159;326619;319187;59004;319160;319180;319155;319156;12532;15204;319185;319182;97122;319161;319184;100041230;70681;319178;19891;319157;17535;12649;22390;319181;319179;68240;106344;68024","Rpa1;Ywhaz;Mdc1;Brca1;Rad50;Atm;Rfc3;Trp53;Brip1;Top3a;Rfc2;Rad1;Ywhae;H2bc1;H4c11;H4c1;H2bc15;Pias4;H4c12;H2bc7;H4c3;H4c4;Cdc25c;Herc2;H2bc13;H2bc9;H4c14;H4c18;H2bc12;H4c17;Abraxas1;H2bc3;Rpa2;H4c6;Mre11a;Chek1;Wee1;H2bc8;H2bc6;Rpa3;Rfc4;H2bc4"
"Reactome","REACTOME_INTEGRIN_CELL_SURFACE_INTERACTIONS",0.0252968875749999,0.359904081834311,-0.443207129546277,-1.48509250274945,45,24,"320910;12834;107581;12835;241226;12833;94216;83964;12825;12831;12822;14268;12841;20750;109700;16421;53867;16399;16398;14118;21923;15898;319480;12827","Itgb8;Col6a2;Col16a1;Col6a3;Itga8;Col6a1;Col4a6;Jam3;Col3a1;Col5a1;Col18a1;Fn1;Col9a3;Spp1;Itga1;Itgb7;Col5a3;Itga2b;Itga2;Fbn1;Tnc;Icam5;Itga11;Col4a2"
"Reactome","REACTOME_CHONDROITIN_SULFATE_DERMATAN_SULFATE_METABOLISM",0.0329946116552126,0.437034962930051,-0.498369918676438,-1.48381021963324,27,12,"58250;12111;13003;77590;15586;100910;212898;338362;74241;59031;121021;11881","Chst11;Bgn;Vcan;Chst15;Hyal1;Chpf2;Dse;Ust;Chpf;Chst12;Cspg4;Arsb"
"Reactome","REACTOME_DEACTIVATION_OF_THE_BETA_CATENIN_TRANSACTIVATING_COMPLEX",0.0335684166504618,0.437034962930051,-0.49597157577438,-1.47666956853273,27,11,"16842;20682;21414;73739;21415;22631;22187;12387;21886;78294;21887","Lef1;Sox9;Tcf7;Cby1;Tcf7l1;Ywhaz;Ubb;Ctnnb1;Tle2;Rps27a;Tle3"
"Reactome","REACTOME_EUKARYOTIC_TRANSLATION_INITIATION",0.033409703531813,0.437034962930051,0.334889389955349,1.40146191669306,107,55,"13682;57808;14109;224045;76808;217869;114641;67427;270106;20088;13669;22186;20042;208643;20102;269261;100503670;57294;19981;20091;67248;20090;22121;19951;67204;20103;66481;16898;66489;19989;26905;66480;20115;66475;20085;19933;20005;54127;67891;75617;217715;19988;16785;27050;19934;13684;66235;67115;20104;110954;19982;100043813;68193;68028;267019","Eif4a2;Rpl35a;Fau;Eif2b5;Rpl18a;Eif5;Rpl31;Rps20;Rpl13;Rps24;Eif3a;Uba52;Rps12;Eif4g1;Rps4x;Rpl12;Rpl5;Rps27;Rpl37a;Rps3a1;Rpl39;Rps29;Rpl13a;Rpl32;Eif2s2;Rps5;Rps21;Rps2;Rpl35;Rpl7;Eif2s3x;Rpl15;Rps7;Rps23;Rps19;Rpl21;Rpl9;Rps28;Rpl4;Rps25;Eif2b2;Rpl6;Rpsa;Rps3;Rpl22;Eif4e;Eif1ax;Rpl14;Rps6;Rpl10;Rpl36a;Rps27rt;Rpl24;Rpl22l1;Rps15a"
"Reactome","REACTOME_ION_HOMEOSTASIS",0.0321780981096269,0.437034962930051,0.509707855191795,1.57263772279813,25,11,"16439;22063;65973;11931;20866;229709;20541;11933;12314;11928;12313","Itpr2;Trpc1;Asph;Atp1b1;Stim1;Ahcyl1;Slc8a1;Atp1b3;Calm2;Atp1a1;Calm1"
"Reactome","REACTOME_HOMOLOGY_DIRECTED_REPAIR",0.0367107195301028,0.468927492865653,-0.336293683275966,-1.34296094727541,129,56,"19364;68275;21853;240087;268465;12189;19360;11920;18972;16882;22594;60530;69263;22187;237911;114714;21975;19718;19355;269582;319177;319159;19687;326619;319187;78294;59004;319160;319180;18971;19361;319155;319156;15204;11546;319185;319182;381306;97122;170930;18973;319161;319184;100041230;70681;319178;19891;319157;17535;12649;319181;319179;74335;68240;106344;68024","Rad51d;Rpa1;Timeless;Mdc1;Eme1;Brca1;Rad50;Atm;Pold2;Lig3;Xrcc1;Fignl1;Rfc3;Ubb;Brip1;Rad51c;Top3a;Rfc2;Rad1;Clspn;H2bc1;H4c11;Rfc1;H4c1;H2bc15;Rps27a;Pias4;H4c12;H2bc7;Pold1;Rad51;H4c3;H4c4;Herc2;Parp2;H2bc13;H2bc9;Firrm;H4c14;Sumo2;Pole;H4c18;H2bc12;H4c17;Abraxas1;H2bc3;Rpa2;H4c6;Mre11a;Chek1;H2bc8;H2bc6;Xrcc3;Rpa3;Rfc4;H2bc4"
"Reactome","REACTOME_FACTORS_INVOLVED_IN_MEGAKARYOCYTE_DEVELOPMENT_AND_PLATELET_PRODUCTION",0.0379362670713202,0.471447322651835,-0.353102569400322,-1.36142685151837,104,41,"15081;210293;14463;269152;16562;12419;56697;14461;56248;73710;286942;16564;16568;70218;19084;22151;330662;114714;238130;14462;97908;26934;360198;22365;68813;319148;232943;259300;22142;16554;319899;23921;319153;319152;11640;16565;67299;18749;319151;16570;19348","H3f3b;Dock10;Gata4;Kif26b;Kif1c;Cbx5;Akap10;Gata2;Ak3;Tubb2b;Kif19a;Kif21a;Kif3a;Kif18b;Prkar1a;Tubb2a;Dock1;Rad51c;Dock4;Gata3;H3c8;Racgap1;H3c1;Vps45;Dock5;H3c3;Klc3;Ehd2;Tuba1a;Kif13b;Dock6;Sh2b2;H3c11;H3c10;Akap1;Kif21b;Dock7;Prkacb;H3c6;Kif3c;Kif20a"
"Reactome","REACTOME_GLYCOSPHINGOLIPID_CATABOLISM",0.038300742608347,0.471447322651835,0.475759595974672,1.49623394502263,27,6,"17113;11886;18010;14420;54447;14667","M6pr;Asah1;Neu1;Galc;Asah2;Gm2a"
"Reactome","REACTOME_CELL_CYCLE_CHECKPOINTS",0.0407608695652174,0.480994671403197,-0.283494592564973,-1.249598092225,273,97,"66570;445007;29813;19175;68275;23834;22631;240087;12189;70385;208628;19184;26886;216965;19360;11920;26446;29870;69263;22059;18472;20877;67629;22187;22123;268930;66156;237911;19052;66997;67139;83431;21975;19718;66634;67052;108911;19355;21402;217232;22627;269582;319177;319159;56438;66140;326619;69928;19173;319187;17215;103583;27373;19094;69077;52717;78294;59004;67733;319160;319180;17120;232987;319155;319156;103573;12532;68097;15204;319185;70024;319182;66468;17216;66336;97122;17220;319161;319184;100041230;19387;12236;70681;319178;19891;319157;21770;18817;17535;69912;60411;52563;12649;22390;319181;107995;319179","Cenpm;Nup85;Zfp385a;Psmb6;Rpa1;Cdc6;Ywhaz;Mdc1;Brca1;Spdl1;Kntc1;Psmc5;Cenph;Taok1;Rad50;Atm;Psmb3;Gtse1;Rfc3;Trp53;Pafah1b1;Aurkb;Spc24;Ubb;Psmd3;Pkmyt1;Anapc11;Brip1;Ppp2ca;Psmd12;Mis12;Ndel1;Top3a;Rfc2;Mcm8;Ndc80;Rcc2;Rad1;Skp1;Cdc27;Ywhae;Clspn;H2bc1;H4c11;Rbx1;Ska2;H4c1;Cenps;Psmb5;H2bc15;Mcm3;Fbxw11;Csnk1e;Mapk11;Psmd11;Anapc16;Rps27a;Pias4;Itgb3bp;H4c12;H2bc7;Mad1l1;B9d2;H4c3;H4c4;Xpo1;Cdc25c;Dynll2;Herc2;H2bc13;Mcm10;H2bc9;Ska1;Mcm2;Cenpp;H4c14;Mcm7;H4c18;H2bc12;H4c17;Rangap1;Bub1b;Abraxas1;H2bc3;Rpa2;H4c6;Ppp2r5d;Plk1;Mre11a;Nup43;Cenpk;Cdc23;Chek1;Wee1;H2bc8;Cdc20;H2bc6"
"Reactome","REACTOME_COPII_MEDIATED_VESICLE_TRANSPORT",0.0496,0.480994671403197,-0.384677241005275,-1.36005521551295,60,14,"14799;89867;18195;77371;76510;245828;19324;214895;66397;56494;56418;13032;104318;74498","Gria1;Sec16b;Nsf;Sec24a;Trappc9;Trappc1;Rab1a;Lman2l;Sar1b;Gosr2;Ykt6;Ctsc;Csnk1d;Gorasp1"
"Reactome","REACTOME_EPIGENETIC_REGULATION_OF_GENE_EXPRESSION",0.0479651162790698,0.480994671403197,-0.312426553302145,-1.29321252562132,174,64,"15081;77605;328572;14534;100041979;69833;217031;20602;381022;14055;20181;239510;76719;13435;56310;13433;319176;97908;51812;17749;360198;319177;319159;319172;326619;319169;11465;74016;319173;319148;319166;319187;18432;52615;74149;24132;20019;319160;319180;67933;17913;319153;319152;319155;319156;319168;208043;380850;319185;319182;319151;54343;214162;97122;319161;319184;100041230;665775;243834;319178;319157;69612;260423;13436","H3f3b;H2az2;Ep300;Kat2a;Gm3604;Polr2f;Tada2a;Ncor2;Kmt2d;Ezh1;Rxra;Phf20l1;Kansl1;Dnmt3a;Gps2;Dnmt1;H2ac20;H3c8;Mcrs1;Polr2k;H3c1;H2bc1;H4c11;H2ac4;H4c1;H2ac15;Actg1;Phf19;H2ac10;H3c3;H2ac8;H2bc15;Mybbp1a;Suz12;Zfp946;Zfp53;Polr1a;H4c12;H2bc7;Hcfc2;Myo1c;H3c11;H3c10;H4c3;H4c4;H2ac12;Setd1b;Gm5141;H2bc13;H2bc9;H3c6;Atf7ip;Kmt2a;H4c14;H4c18;H2bc12;H4c17;Bod1l;Zfp324;H2bc3;H4c6;Kansl2;H3c7;Dnmt3b"
"Reactome","REACTOME_FATTY_ACID_METABOLISM",0.0483383685800604,0.480994671403197,-0.340462079672117,-1.31823038720166,107,43,"269823;13110;20524;52538;105387;11370;216739;330260;17117;67460;14104;107476;19223;26922;12894;11690;104112;11666;68041;20181;18559;108099;57279;11430;170789;16993;74205;12896;100705;73724;80911;264895;11671;13177;20520;223722;15488;20280;97212;23986;74522;66904;71985","Pon3;Cyp2j6;Slc25a17;Acaa2;Akr1c14;Acadvl;Acsl6;Pon2;Amacr;Decr1;Fasn;Acaca;Ptgis;Mecr;Cpt1a;Alox5ap;Acly;Abcd1;Mid1ip1;Rxra;Pctp;Prkag2;Slc25a20;Acox1;Acot8;Lta4h;Acsl3;Cpt2;Acacb;Mcee;Acox3;Acsf2;Aldh3a2;Eci1;Slc22a5;Mcat;Hsd17b4;Scp2;Hadha;Eci2;Morc2a;Pccb;Acad10"
"Reactome","REACTOME_GLYCEROPHOSPHOLIPID_BIOSYNTHESIS",0.0494827080812363,0.480994671403197,0.340707136494833,1.34900545062044,81,26,"12660;67216;18783;66350;236899;68682;13000;70568;72108;77582;14712;99712;102247;18739;218121;14571;85031;192654;67452;52123;231086;66586;53357;64899;67800;231510","Chka;Mboat2;Pla2g4a;Pla2g12a;Pcyt1b;Slc44a2;Csnk2a2;Cpne3;Ddhd2;Mboat7;Gnpat;Cept1;Gpat4;Pitpnm1;Mboat1;Gpd2;Pla1a;Pla2g15;Pnpla8;Agpat5;Hadhb;Crls1;Pla2g6;Lpin3;Dgat2;Gpat3"
"Reactome","REACTOME_HATS_ACETYLATE_HISTONES",0.0440944881889764,0.480994671403197,-0.386714253097658,-1.3970189943067,69,36,"76901;217127;223770;76719;97908;51812;360198;319177;319159;326619;74026;319148;319187;70088;319160;319180;319186;319153;319152;319155;319156;268936;319185;319182;319151;107435;97122;319161;319184;100041230;319178;319157;69612;260423;319181;319179","Jade2;Kat7;Brd1;Kansl1;H3c8;Mcrs1;H3c1;H2bc1;H4c11;H4c1;Msl1;H3c3;H2bc15;Meaf6;H4c12;H2bc7;H2bc14;H3c11;H3c10;H4c3;H4c4;Brpf3;H2bc13;H2bc9;H3c6;Hat1;H4c14;H4c18;H2bc12;H4c17;H2bc3;H4c6;Kansl2;H3c7;H2bc8;H2bc6"
"Reactome","REACTOME_HEDGEHOG_ON_STATE",0.0487421383647799,0.480994671403197,-0.384004750666148,-1.38148931155679,65,22,"16576;14451;19175;57810;19184;16568;26446;75788;22187;22123;66997;14632;59056;14633;216869;56438;19173;109689;69077;20747;78294;240888","Kif7;Gas1;Psmb6;Cdon;Psmc5;Kif3a;Psmb3;Smurf1;Ubb;Psmd3;Psmd12;Gli1;Evc;Gli2;Arrb2;Rbx1;Psmb5;Arrb1;Psmd11;Spop;Rps27a;Gpr161"
"Reactome","REACTOME_MOLECULES_ASSOCIATED_WITH_ELASTIC_FIBRES",0.0421585160202361,0.480994671403197,-0.505204492845104,-1.46982010445713,23,11,"16997;246707;320910;17150;241226;14268;100952;21809;14119;14118;21803","Ltbp2;Emilin2;Itgb8;Mfap2;Itga8;Fn1;Emilin1;Tgfb3;Fbn2;Fbn1;Tgfb1"
"Reactome","REACTOME_NONHOMOLOGOUS_END_JOINING_NHEJ",0.0449438202247191,0.480994671403197,-0.386999406130268,-1.3810312991775,63,29,"14375;240087;12189;19360;11920;54125;319177;319159;326619;319187;59004;319160;319180;319155;319156;15204;319185;319182;97122;319161;319184;100041230;70681;319178;319157;17535;319181;104884;319179","Xrcc6;Mdc1;Brca1;Rad50;Atm;Polm;H2bc1;H4c11;H4c1;H2bc15;Pias4;H4c12;H2bc7;H4c3;H4c4;Herc2;H2bc13;H2bc9;H4c14;H4c18;H2bc12;H4c17;Abraxas1;H2bc3;H4c6;Mre11a;H2bc8;Tdp1;H2bc6"
"Reactome","REACTOME_NONSENSE_MEDIATED_DECAY_NMD",0.0447935689173872,0.480994671403197,0.326950876270256,1.35040934584123,101,53,"57808;14109;76808;114641;67427;270106;14852;20088;22186;20042;208643;20102;269261;100503670;57294;19981;20091;60365;67248;20090;22121;19951;20103;66481;16898;66489;19989;66480;20115;66475;20085;19933;20005;54127;67891;67031;75617;19988;16785;68092;27050;19934;67115;20104;110954;19982;52830;66441;100043813;68193;68028;51792;267019","Rpl35a;Fau;Rpl18a;Rpl31;Rps20;Rpl13;Gspt1;Rps24;Uba52;Rps12;Eif4g1;Rps4x;Rpl12;Rpl5;Rps27;Rpl37a;Rps3a1;Rbm8a;Rpl39;Rps29;Rpl13a;Rpl32;Rps5;Rps21;Rps2;Rpl35;Rpl7;Rpl15;Rps7;Rps23;Rps19;Rpl21;Rpl9;Rps28;Rpl4;Upf3a;Rps25;Rpl6;Rpsa;Ncbp2;Rps3;Rpl22;Rpl14;Rps6;Rpl10;Rpl36a;Pnrc2;Magohb;Rps27rt;Rpl24;Rpl22l1;Ppp2r1a;Rps15a"
"Reactome","REACTOME_PURINE_CATABOLISM",0.0497335701598579,0.480994671403197,-0.572584014780409,-1.50536074571393,16,7,"50773;667034;66358;14544;22436;74167;17766","Nt5c;Pnp2;Adprm;Gda;Xdh;Nudt9;Nudt1"
"Reactome","REACTOME_RESOLUTION_OF_ABASIC_SITES_AP_SITES",0.0458265139116203,0.480994671403197,-0.450580173015855,-1.4505392747962,37,20,"68275;268395;18972;16882;22594;69263;71726;19718;19687;17193;18971;16881;11546;18973;19891;70603;68240;106344;18207;11545","Rpa1;Mpg;Pold2;Lig3;Xrcc1;Rfc3;Smug1;Rfc2;Rfc1;Mbd4;Pold1;Lig1;Parp2;Pole;Rpa2;Mutyh;Rpa3;Rfc4;Nthl1;Parp1"
"Reactome","REACTOME_RMTS_METHYLATE_HISTONE_ARGININES",0.048,0.480994671403197,-0.397814579057536,-1.38934797880125,56,29,"57376;83797;13435;83796;319176;97908;360198;319159;319172;326619;319169;319173;319148;319166;319160;59035;319153;319152;319155;319156;319168;20586;68094;319151;97122;319161;100041230;319157;260423","Smarce1;Smarcd1;Dnmt3a;Smarcd2;H2ac20;H3c8;H3c1;H4c11;H2ac4;H4c1;H2ac15;H2ac10;H3c3;H2ac8;H4c12;Carm1;H3c11;H3c10;H4c3;H4c4;H2ac12;Smarca4;Smarcc2;H3c6;H4c14;H4c18;H4c17;H4c6;H3c7"
"Reactome","REACTOME_SIGNALING_BY_TGFB_FAMILY_MEMBERS",0.0458736561855684,0.480994671403197,0.320720133049918,1.32011492697804,99,27,"16456;21815;17125;104394;12156;16323;68010;93742;16412;20482;18550;19042;67903;21781;56513;26413;107951;226548;22186;268977;17283;17387;13559;20901;66105;59287;22192","F11r;Tgif1;Smad1;E2f4;Bmp2;Inhba;Bambi;Pard3;Itgb1;Skil;Furin;Ppm1a;Gipc1;Tfdp1;Pard6a;Mapk1;Cdk9;Aph1a;Uba52;Ltbp1;Men1;Mmp14;E2f5;Strap;Ube2d3;Ncstn;Ube2m"
"Reactome","REACTOME_SUMOYLATION_OF_CHROMATIN_ORGANIZATION_PROTEINS",0.0459024694790888,0.480994671403197,-0.399905289875028,-1.42361504431862,62,28,"223921;445007;170762;12418;22658;19069;319159;326619;56469;30951;52615;319160;214669;72787;18141;319155;319156;12416;227720;212712;227699;97122;170930;319161;100041230;20610;319157;69912","Aaas;Nup85;Nup155;Cbx4;Pcgf2;Nup88;H4c11;H4c1;Pias1;Cbx8;Suz12;H4c12;L3mbtl2;Ndc1;Nup50;H4c3;H4c4;Cbx2;Nup214;Satb2;Nup188;H4c14;Sumo2;H4c18;H4c17;Sumo3;H4c6;Nup43"
"Reactome","REACTOME_INHIBITION_OF_DNA_RECOMBINATION_AT_TELOMERE",0.0513643659711075,0.489770081161124,-0.424097668371737,-1.43141991851148,47,26,"15081;77605;319176;319177;319159;319172;326619;319169;319173;319166;319187;319160;319180;319155;319156;319168;319185;319182;97122;319161;319184;100041230;319178;319157;319181;319179","H3f3b;H2az2;H2ac20;H2bc1;H4c11;H2ac4;H4c1;H2ac15;H2ac10;H2ac8;H2bc15;H4c12;H2bc7;H4c3;H4c4;H2ac12;H2bc13;H2bc9;H4c14;H4c18;H2bc12;H4c17;H2bc3;H4c6;H2bc8;H2bc6"
"Reactome","REACTOME_BASE_EXCISION_REPAIR_AP_SITE_FORMATION",0.0534171613786823,0.50046727250138,-0.4111714228396,-1.43269543592998,53,31,"77605;268395;71726;319176;319177;319159;319172;326619;319169;319173;319166;319187;17193;319160;319180;319155;319156;319168;319185;319182;97122;319161;319184;100041230;319178;319157;319181;319179;70603;68024;18207","H2az2;Mpg;Smug1;H2ac20;H2bc1;H4c11;H2ac4;H4c1;H2ac15;H2ac10;H2ac8;H2bc15;Mbd4;H4c12;H2bc7;H4c3;H4c4;H2ac12;H2bc13;H2bc9;H4c14;H4c18;H2bc12;H4c17;H2bc3;H4c6;H2bc8;H2bc6;Mutyh;H2bc4;Nthl1"
"Reactome","REACTOME_SMAD2_SMAD3_SMAD4_HETEROTRIMER_REGULATES_TRANSCRIPTION",0.0539647132830144,0.50046727250138,0.481115088316215,1.4844184353579,25,8,"104394;18550;21781;26413;107951;22186;17283;13559","E2f4;Furin;Tfdp1;Mapk1;Cdk9;Uba52;Men1;E2f5"
"Reactome","REACTOME_DEGRADATION_OF_THE_EXTRACELLULAR_MATRIX",0.0586370839936609,0.51788104800153,-0.380022508579572,-1.34856276787613,59,23,"12834;17395;12835;12833;21858;94216;12825;58223;12831;12822;21857;14268;20750;18073;72947;53867;14119;268935;50817;11490;12814;77018;12816","Col6a2;Mmp9;Col6a3;Col6a1;Timp2;Col4a6;Col3a1;Mmp19;Col5a1;Col18a1;Timp1;Fn1;Spp1;Nid1;Phykpl;Col5a3;Fbn2;Scube3;Capn15;Adam15;Col11a1;Col25a1;Col12a1"
"Reactome","REACTOME_INTERLEUKIN_7_SIGNALING",0.0575296108291032,0.51788104800153,-0.512763883602152,-1.45826068074591,21,14,"20851;20850;20848;97908;360198;18708;319148;319153;319152;20586;319151;18709;260423;16196","Stat5b;Stat5a;Stat3;H3c8;H3c1;Pik3r1;H3c3;H3c11;H3c10;Smarca4;H3c6;Pik3r2;H3c7;Il7"
"Reactome","REACTOME_LAGGING_STRAND_SYNTHESIS",0.0578231292517007,0.51788104800153,-0.519854940235837,-1.46200060061047,20,12,"68275;18972;69263;19718;19687;18971;16881;19075;19891;68240;106344;18968","Rpa1;Pold2;Rfc3;Rfc2;Rfc1;Pold1;Lig1;Prim1;Rpa2;Rpa3;Rfc4;Pola1"
"Reactome","REACTOME_M_PHASE",0.0589022757697456,0.51788104800153,-0.26701424216918,-1.1984175790847,361,121,"66570;15081;328580;223921;445007;77605;19175;52683;208092;103733;105988;12009;170762;70385;208628;19184;73710;26886;216965;216274;26446;19324;22151;18472;20877;67629;69922;22187;22123;66156;19052;66997;67139;78887;19357;67181;83431;67052;108911;71175;319176;97908;217232;19069;22627;360198;319177;319159;73738;214444;66140;104318;74498;319172;326619;214552;69928;319169;19173;319173;319148;68121;319166;319187;16328;70799;27373;68298;69077;52717;22142;78294;13191;67733;64898;319160;319180;72787;17120;101706;16905;232987;18141;76044;319153;319152;319155;74237;319156;319168;103573;16211;68097;100710;319185;227720;319182;66468;231123;319151;227699;381306;66336;19348;97122;30939;319161;319184;18751;225745;100041230;19387;12236;319178;319157;21770;18817;69912;70315;60411;260423","Cenpm;H3f3b;Tubgcp6;Aaas;Nup85;H2az2;Psmb6;Ncaph2;Chmp6;Tubg1;Espl1;Cep131;Nup155;Spdl1;Kntc1;Psmc5;Tubb2b;Cenph;Taok1;Cep290;Psmb3;Rab1a;Tubb2a;Pafah1b1;Aurkb;Spc24;Vrk2;Ubb;Psmd3;Anapc11;Ppp2ca;Psmd12;Mis12;Sfi1;Rad21;Ctdnep1;Ndel1;Ndc80;Rcc2;Nipbl;H2ac20;H3c8;Cdc27;Nup88;Ywhae;H3c1;H2bc1;H4c11;Haus7;Cdk5rap2;Ska2;Csnk1d;Gorasp1;H2ac4;H4c1;Cep164;Cenps;H2ac15;Psmb5;H2ac10;H3c3;Cep70;H2ac8;H2bc15;Cep250;Cep192;Csnk1e;Ncapd2;Psmd11;Anapc16;Tuba1a;Rps27a;Dctn1;Itgb3bp;Lpin2;H4c12;H2bc7;Ndc1;Mad1l1;Numa1;Lmna;B9d2;Nup50;Ncapg2;H3c11;H3c10;H4c3;Tubgcp2;H4c4;H2ac12;Xpo1;Kpnb1;Dynll2;Pds5b;H2bc13;Nup214;H2bc9;Ska1;Haus3;H3c6;Nup188;Firrm;Cenpp;Kif20a;H4c14;Pttg1;H4c18;H2bc12;Prkcb;Haus1;H4c17;Rangap1;Bub1b;H2bc3;H4c6;Ppp2r5d;Plk1;Nup43;Hdac8;Cenpk;H3c7"
"Reactome","REACTOME_NERVOUS_SYSTEM_DEVELOPMENT",0.061898211829436,0.537244736006772,-0.296401945934573,-1.26472318282251,210,38,"14586;13429;107448;215798;13649;110351;12834;17395;67300;12835;14432;11876;20351;20315;12833;13845;73710;15529;23939;14182;18844;20418;20742;12825;71770;12831;223435;623279;67784;20564;18846;22151;13838;12841;330662;22187;12569;11733","Gfra2;Dnm1;Unc5a;Adgrg6;Egfr;Rap1gap;Col6a2;Mmp9;Cltc;Col6a3;Gap43;Artn;Sema4a;Cxcl12;Col6a1;Ephb3;Tubb2b;Sdc2;Mapk7;Fgfr1;Plxna1;Shc3;Sptbn1;Col3a1;Ap2b1;Col5a1;Trio;Dok6;Plxnd1;Slit3;Plxna3;Tubb2a;Epha4;Col9a3;Dock1;Ubb;Cdk5r1;Ank1"
"Reactome","REACTOME_ELASTIC_FIBRE_FORMATION",0.0653266331658292,0.559824438648941,-0.45823727426997,-1.40243635246686,30,10,"16997;246707;320910;17150;16948;241226;16950;94352;14268;16949","Ltbp2;Emilin2;Itgb8;Mfap2;Lox;Itga8;Loxl3;Loxl2;Fn1;Loxl1"
"Reactome","REACTOME_CO_INHIBITION_BY_PD_1",0.0740740740740741,0.563161021984551,-0.314901957590883,-1.26275246603394,138,53,"15081;77605;19175;116891;105787;19082;19184;26446;66753;67819;22187;22123;66997;108099;193670;319176;97908;21402;360198;319177;319159;56438;319172;326619;319169;19173;319173;319148;319166;319187;52615;69077;20747;78294;319160;319180;12988;319153;319152;319155;319156;319168;319185;319182;319151;103963;76580;97122;319161;319184;100041230;19079;319178","H3f3b;H2az2;Psmb6;Derl2;Prkaa1;Prkag1;Psmc5;Psmb3;Erlec1;Derl1;Ubb;Psmd3;Psmd12;Prkag2;Rnf185;H2ac20;H3c8;Skp1;H3c1;H2bc1;H4c11;Rbx1;H2ac4;H4c1;H2ac15;Psmb5;H2ac10;H3c3;H2ac8;H2bc15;Suz12;Psmd11;Spop;Rps27a;H4c12;H2bc7;Csk;H3c11;H3c10;H4c3;H4c4;H2ac12;H2bc13;H2bc9;H3c6;Rpn1;Mib2;H4c14;H4c18;H2bc12;H4c17;Prkab1;H2bc3"
"Reactome","REACTOME_CS_GAG_BIOSYNTHESIS",0.0748663101604278,0.563161021984551,-0.547802698404997,-1.41498813201191,15,9,"58250;12111;13003;77590;100910;338362;74241;59031;121021","Chst11;Bgn;Vcan;Chst15;Chpf2;Ust;Chpf;Chst12;Cspg4"
"Reactome","REACTOME_ER_TO_GOLGI_ANTEROGRADE_TRANSPORT",0.0739644970414201,0.563161021984551,-0.318896499512971,-1.26998668817296,128,26,"14799;16834;56358;89867;18195;77371;76510;245828;56447;73710;20742;19324;22151;214895;66397;11733;56494;56418;233824;66251;13032;11840;11842;104318;74498;53334","Gria1;Cog1;Copz2;Sec16b;Nsf;Sec24a;Trappc9;Trappc1;Copz1;Tubb2b;Sptbn1;Rab1a;Tubb2a;Lman2l;Sar1b;Ank1;Gosr2;Ykt6;Cog7;Arfgap3;Ctsc;Arf1;Arf3;Csnk1d;Gorasp1;Gosr1"
"Reactome","REACTOME_G2_M_CHECKPOINTS",0.0733532934131736,0.563161021984551,-0.310939029868955,-1.25642323146624,147,57,"19175;68275;23834;22631;240087;12189;19184;19360;11920;26446;29870;69263;22059;22187;22123;268930;237911;66997;21975;19718;66634;19355;22627;269582;319177;319159;326619;19173;319187;17215;69077;78294;59004;319160;319180;319155;319156;12532;15204;319185;70024;319182;17216;97122;17220;319161;319184;100041230;70681;319178;19891;319157;17535;12649;22390;319181;319179","Psmb6;Rpa1;Cdc6;Ywhaz;Mdc1;Brca1;Psmc5;Rad50;Atm;Psmb3;Gtse1;Rfc3;Trp53;Ubb;Psmd3;Pkmyt1;Brip1;Psmd12;Top3a;Rfc2;Mcm8;Rad1;Ywhae;Clspn;H2bc1;H4c11;H4c1;Psmb5;H2bc15;Mcm3;Psmd11;Rps27a;Pias4;H4c12;H2bc7;H4c3;H4c4;Cdc25c;Herc2;H2bc13;Mcm10;H2bc9;Mcm2;H4c14;Mcm7;H4c18;H2bc12;H4c17;Abraxas1;H2bc3;Rpa2;H4c6;Mre11a;Chek1;Wee1;H2bc8;H2bc6"
"Reactome","REACTOME_GAP_JUNCTION_TRAFFICKING_AND_REGULATION",0.0735042735042735,0.563161021984551,-0.464273734394761,-1.3804443189529,26,6,"13429;14620;13132;67300;73710;22151","Dnm1;Gjb3;Dab2;Cltc;Tubb2b;Tubb2a"
"Reactome","REACTOME_GLUTATHIONE_CONJUGATION",0.0694915254237288,0.563161021984551,-0.482463083806159,-1.41313274729156,24,10,"14862;110175;75475;207182;68312;14863;14854;14629;56615;13885","Gstm1;Ggct;Oplah;Ggt7;Gstm7;Gstm2;Gss;Gclc;Mgst1;Esd"
"Reactome","REACTOME_PCNA_DEPENDENT_LONG_PATCH_BASE_EXCISION_REPAIR",0.0727580372250423,0.563161021984551,-0.496738510604226,-1.41268576393821,21,11,"68275;18972;69263;19718;19687;18971;16881;18973;19891;68240;106344","Rpa1;Pold2;Rfc3;Rfc2;Rfc1;Pold1;Lig1;Pole;Rpa2;Rpa3;Rfc4"
"Reactome","REACTOME_PHOSPHOLIPID_METABOLISM",0.0688083724915399,0.563161021984551,0.283775593043571,1.24810096584379,144,52,"12660;67216;18783;66350;234515;18706;84095;50767;236899;68682;19211;13000;70568;72108;77582;14712;99712;18720;102247;16332;18739;218121;14571;85031;192654;67452;18704;67073;52123;231086;271457;83435;66586;53357;64899;117150;67800;231510;109135;320207;226856;234729;83493;77116;18707;76574;66853;224020;270084;99010;28042;19249","Chka;Mboat2;Pla2g4a;Pla2g12a;Inpp4b;Pik3ca;Pi4k2a;Pnpla6;Pcyt1b;Slc44a2;Pten;Csnk2a2;Cpne3;Ddhd2;Mboat7;Gnpat;Cept1;Pip5k1a;Gpat4;Inppl1;Pitpnm1;Mboat1;Gpd2;Pla1a;Pla2g15;Pnpla8;Pik3c2a;Pi4k2b;Agpat5;Hadhb;Rab5a;Plekha3;Crls1;Pla2g6;Lpin3;Pip4k2c;Dgat2;Gpat3;Plekha5;Pik3r5;Lpgat1;Vac14;Sacm1l;Mtmr2;Pik3cd;Mfsd2a;Pnpla2;Pi4ka;Lpcat2;Lpcat4;Selenoi;Ptpn13"
"Reactome","REACTOME_SIGNALING_BY_NOTCH1",0.0681818181818182,0.563161021984551,-0.536900832998779,-1.43481302550913,17,6,"18128;333639;328572;14534;103806;22187","Notch1;Mamld1;Ep300;Kat2a;Maml1;Ubb"
"Reactome","REACTOME_SIGNALING_BY_TGF_BETA_RECEPTOR_COMPLEX",0.0745569416619399,0.563161021984551,0.343561970752338,1.31799621703621,69,20,"16456;21815;104394;68010;93742;16412;20482;18550;19042;21781;56513;26413;107951;22186;268977;17283;13559;20901;66105;22192","F11r;Tgif1;E2f4;Bambi;Pard3;Itgb1;Skil;Furin;Ppm1a;Tfdp1;Pard6a;Mapk1;Cdk9;Uba52;Ltbp1;Men1;E2f5;Strap;Ube2d3;Ube2m"
"Reactome","REACTOME_TRANS_GOLGI_NETWORK_VESICLE_BUDDING",0.0706521739130435,0.563161021984551,0.353873780104537,1.32959252889516,64,17,"17113;108012;20661;20619;21985;21987;69178;233489;11765;22134;11777;107338;66616;11767;18704;77929;67602","M6pr;Ap1s2;Sort1;Snap23;Tpd52;Tpd52l1;Snx5;Picalm;Ap1g1;Tgoln1;Ap3s1;Gbf1;Snx9;Ap1m1;Pik3c2a;Yipf6;Necap1"
"Reactome","REACTOME_MUSCLE_CONTRACTION",0.076056338028169,0.565825723572202,0.33374149537402,1.28773622928513,74,26,"16439;234889;16527;326618;50876;22063;81904;65973;224105;11931;16526;17904;20866;229709;20411;19303;20541;11933;59069;12314;21956;11928;98932;107589;18479;12313","Itpr2;Gucy1a2;Kcnk3;Tpm4;Tmod2;Trpc1;Cacng7;Asph;Pak2;Atp1b1;Kcnk2;Myl6;Stim1;Ahcyl1;Sorbs1;Pxn;Slc8a1;Atp1b3;Tpm3;Calm2;Tnnt2;Atp1a1;Myl9;Mylk;Pak1;Calm1"
"Reactome","REACTOME_METABOLISM_OF_FOLATE_AND_PTERINES",0.0802139037433155,0.583029381965552,-0.544323551112145,-1.40600140715049,15,8,"107747;20425;52466;270685;69906;216188;108037;107885","Aldh1l1;Shmt1;Slc46a1;Mthfd1l;Slc25a32;Aldh1l2;Shmt2;Mthfs"
"Reactome","REACTOME_MITF_M_REGULATED_MELANOCYTE_DEVELOPMENT",0.080952380952381,0.583029381965552,-0.415739357200121,-1.37375153860216,40,10,"16842;21414;21415;328572;15254;21386;17311;12387;17342;171531","Lef1;Tcf7;Tcf7l1;Ep300;Hint1;Tbx3;Kitl;Ctnnb1;Mitf;Mlph"
"Reactome","REACTOME_PROCESSING_OF_DNA_DOUBLE_STRAND_BREAK_ENDS",0.0797546012269939,0.583029381965552,-0.340859662573585,-1.28267535315321,89,42,"68275;21853;240087;12189;19360;11920;69263;22187;237911;21975;19718;19355;269582;319177;319159;326619;319187;78294;59004;319160;319180;319155;319156;15204;319185;319182;97122;170930;319161;319184;100041230;70681;319178;19891;319157;17535;12649;319181;319179;68240;106344;68024","Rpa1;Timeless;Mdc1;Brca1;Rad50;Atm;Rfc3;Ubb;Brip1;Top3a;Rfc2;Rad1;Clspn;H2bc1;H4c11;H4c1;H2bc15;Rps27a;Pias4;H4c12;H2bc7;H4c3;H4c4;Herc2;H2bc13;H2bc9;H4c14;Sumo2;H4c18;H2bc12;H4c17;Abraxas1;H2bc3;Rpa2;H4c6;Mre11a;Chek1;H2bc8;H2bc6;Rpa3;Rfc4;H2bc4"
"Reactome","REACTOME_CARGO_CONCENTRATION_IN_THE_ER",0.0860585197934595,0.589248494010399,-0.466676574758785,-1.37437955519623,25,6,"14799;77371;214895;66397;56494;13032","Gria1;Sec24a;Lman2l;Sar1b;Gosr2;Ctsc"
"Reactome","REACTOME_CD209_DC_SIGN_SIGNALING",0.0861678004535147,0.589248494010399,0.533015682225844,1.44264274211529,15,10,"224105;73086;19697;14360;18033;18481;16653;110157;17096;18479","Pak2;Rps6ka5;Rela;Fyn;Nfkb1;Pak3;Kras;Raf1;Lyn;Pak1"
"Reactome","REACTOME_NEGATIVE_REGULATION_OF_THE_PI3K_AKT_NETWORK",0.0849315068493151,0.589248494010399,0.320987915960833,1.25336265478451,77,16,"15937;14165;19053;18706;19211;13982;18590;14360;225849;20779;98432;384783;18720;16337;26413;13874","Ier3;Fgf10;Ppp2cb;Pik3ca;Pten;Esr1;Pdgfa;Fyn;Ppp2r5b;Src;Phlpp1;Irs2;Pip5k1a;Insr;Mapk1;Ereg"
"Reactome","REACTOME_NUCLEOTIDE_CATABOLISM",0.0854700854700855,0.589248494010399,-0.461039443851124,-1.37082766895518,26,10,"50773;667034;103850;12496;66358;14544;22436;99586;74167;17766","Nt5c;Pnp2;Nt5m;Entpd2;Adprm;Gda;Xdh;Dpyd;Nudt9;Nudt1"
"Reactome","REACTOME_SPHINGOLIPID_METABOLISM",0.0844686648501362,0.589248494010399,0.331786315076262,1.27282163150161,69,13,"74442;17113;11886;18010;14420;20397;54447;17250;208449;14667;20444;66427;66190","Sgms2;M6pr;Asah1;Neu1;Galc;Sgpl1;Asah2;Abcc1;Sgms1;Gm2a;St3gal2;Cyb5b;Acer3"
"Reactome","REACTOME_G_ALPHA_12_13_SIGNALLING_EVENTS",0.0873015873015873,0.591031746031746,-0.361308759664083,-1.28517056684205,61,15,"72754;109934;224014;71704;328967;223435;213649;11548;269608;14700;14673;235611;14706;236915;14674","Arhgef10l;Abr;Fgd4;Arhgef3;Arhgef37;Trio;Arhgef19;Adra1b;Plekhg5;Gng10;Gna12;Plxnb1;Gng4;Arhgef9;Gna13"
"Reactome","REACTOME_ACTIVATION_OF_THE_MRNA_UPON_BINDING_OF_THE_CAP_BINDING_COMPLEX_AND_EIFS_AND_SUBSEQUENT_BINDING_TO_43S",0.0889487870619946,0.592983588419694,0.350800176697574,1.2877153566919,59,30,"13682;14109;67427;20088;13669;22186;20042;208643;20102;57294;20091;20090;67204;20103;66481;16898;26905;20115;66475;20085;54127;75617;16785;27050;13684;66235;20104;100043813;267019;20054","Eif4a2;Fau;Rps20;Rps24;Eif3a;Uba52;Rps12;Eif4g1;Rps4x;Rps27;Rps3a1;Rps29;Eif2s2;Rps5;Rps21;Rps2;Eif2s3x;Rps7;Rps23;Rps19;Rps28;Rps25;Rpsa;Rps3;Eif4e;Eif1ax;Rps6;Rps27rt;Rps15a;Rps15"
"Reactome","REACTOME_REGULATION_OF_TP53_ACTIVITY_THROUGH_PHOSPHORYLATION",0.0893416927899686,0.592983588419694,-0.342951410609147,-1.27645611755557,85,18,"70439;68275;12189;105787;19082;319944;19360;11920;69263;22059;20877;22187;12569;237911;21975;19718;108099;19355","Taf15;Rpa1;Brca1;Prkaa1;Prkag1;Taf2;Rad50;Atm;Rfc3;Trp53;Aurkb;Ubb;Cdk5r1;Brip1;Top3a;Rfc2;Prkag2;Rad1"
"Reactome","REACTOME_RHO_GTPASES_ACTIVATE_FORMINS",0.0909090909090909,0.597528684907326,-0.312360424388212,-1.23742221941165,124,39,"66570;22379;13543;445007;223701;70385;208628;73710;26886;216965;22151;18472;20877;67629;19052;67139;83431;71409;67052;108911;66140;69928;11465;22142;67733;17120;18643;232987;103573;68097;66468;66336;19387;12236;21770;18817;69912;60411;18645","Cenpm;Fmnl3;Dvl2;Nup85;Mrtfa;Spdl1;Kntc1;Tubb2b;Cenph;Taok1;Tubb2a;Pafah1b1;Aurkb;Spc24;Ppp2ca;Mis12;Ndel1;Fmnl2;Ndc80;Rcc2;Ska2;Cenps;Actg1;Tuba1a;Itgb3bp;Mad1l1;Pfn1;B9d2;Xpo1;Dynll2;Ska1;Cenpp;Rangap1;Bub1b;Ppp2r5d;Plk1;Nup43;Cenpk;Pfn2"
"Reactome","REACTOME_PYRUVATE_METABOLISM",0.0928381962864721,0.604340950826362,0.387161105878675,1.31311707658653,39,11,"18563;381511;228026;14651;68636;56705;18597;18746;382051;22186;236900","Pcx;Pdp1;Pdk1;Hagh;Fahd1;Ranbp9;Pdha1;Pkm;Pdp2;Uba52;Pdk3"
"Reactome","REACTOME_TP53_REGULATES_TRANSCRIPTION_OF_CELL_DEATH_GENES",0.0944741532976827,0.609133350309821,-0.538012821823674,-1.38970063485871,15,3,"16009;68428;11920","Igfbp3;Steap3;Atm"
"Reactome","REACTOME_RESOLUTION_OF_AP_SITES_VIA_THE_MULTIPLE_NUCLEOTIDE_PATCH_REPLACEMENT_PATHWAY",0.0963855421686747,0.615594453284837,-0.462535026183485,-1.36218254339703,25,13,"68275;18972;69263;19718;19687;18971;16881;11546;18973;19891;68240;106344;11545","Rpa1;Pold2;Rfc3;Rfc2;Rfc1;Pold1;Lig1;Parp2;Pole;Rpa2;Rpa3;Rfc4;Parp1"
"Reactome","REACTOME_CO_INHIBITION_BY_CTLA4",0.0985576923076923,0.623584651329978,0.490123378807678,1.40334911621055,18,5,"19053;22612;14360;225849;20779","Ppp2cb;Yes1;Fyn;Ppp2r5b;Src"
"Reactome","REACTOME_G_ALPHA_Q_SIGNALLING_EVENTS",0.100558659217877,0.630353817504655,0.312060686053588,1.25162351572773,87,29,"14063;16439;67168;13614;12062;18706;15558;13618;227333;14062;110355;18798;17392;19735;14682;26413;18797;18795;14701;56533;110651;14675;12912;16653;53978;58182;14688;15200;19220","F2rl1;Itpr2;Lpar6;Edn1;Bdkrb2;Pik3ca;Htr2a;Ednrb;Dgkd;F2r;Grk2;Plcb4;Mmp3;Rgs2;Gnaq;Mapk1;Plcb3;Plcb1;Gng12;Rgs17;Rps6ka3;Gna14;Creb1;Kras;Lpar2;Prokr1;Gnb1;Hbegf;Ptgfr"
"Reactome","REACTOME_REGULATION_OF_HOMOTYPIC_CELL_CELL_ADHESION",0.102040816326531,0.63377644635836,-0.296680420473361,-1.21028396268666,155,55,"15081;16480;77605;19175;12552;19184;26446;330914;14694;105837;22187;22123;21417;66997;76233;12387;319176;97908;12330;360198;319177;11492;319159;319172;326619;319169;19173;11465;319173;319148;57875;319166;319187;52615;69077;27494;78294;319160;319180;319153;319152;319155;319156;319168;319185;20586;319182;319151;103963;18717;97122;319161;319184;18554;100041230","H3f3b;Jup;H2az2;Psmb6;Cdh11;Psmc5;Psmb3;Arhgap32;Rack1;Mtbp;Ubb;Psmd3;Zeb1;Psmd12;Dnttip1;Ctnnb1;H2ac20;H3c8;Canx;H3c1;H2bc1;Adam19;H4c11;H2ac4;H4c1;H2ac15;Psmb5;Actg1;H2ac10;H3c3;Angptl4;H2ac8;H2bc15;Suz12;Psmd11;Amot;Rps27a;H4c12;H2bc7;H3c11;H3c10;H4c3;H4c4;H2ac12;H2bc13;Smarca4;H2bc9;H3c6;Rpn1;Pip5k1c;H4c14;H4c18;H2bc12;Pcsk7;H4c17"
"Reactome","REACTOME_SUMOYLATION_OF_INTRACELLULAR_RECEPTORS",0.103741496598639,0.638481756338899,-0.484115789808251,-1.3614905249214,20,12,"21833;19401;20181;22337;56469;22259;59004;14815;170930;20610;22260;17344","Thra;Rara;Rxra;Vdr;Pias1;Nr1h3;Pias4;Nr3c1;Sumo2;Sumo3;Nr1h2;Pias2"
"Reactome","REACTOME_CYCLIN_D_ASSOCIATED_EVENTS_IN_G1",0.104838709677419,0.63942167974426,0.380363092508246,1.28923804286292,40,12,"104394;19053;12571;20779;21781;12447;16452;13555;22186;13559;12444;12566","E2f4;Ppp2cb;Cdk6;Src;Tfdp1;Ccne1;Jak2;E2f1;Uba52;E2f5;Ccnd2;Cdk2"
"Reactome","REACTOME_GAP_FILLING_DNA_REPAIR_SYNTHESIS_AND_LIGATION_IN_GG_NER",0.108108108108108,0.647691939727338,-0.471335792728371,-1.35885886577097,22,12,"68275;18972;69263;22187;19718;19687;78294;18971;18973;19891;68240;106344","Rpa1;Pold2;Rfc3;Ubb;Rfc2;Rfc1;Rps27a;Pold1;Pole;Rpa2;Rpa3;Rfc4"
"Reactome","REACTOME_PEPTIDE_LIGAND_BINDING_RECEPTORS",0.10752688172043,0.647691939727338,0.379124503460386,1.28503985394442,40,9,"14063;11609;14825;13614;12062;13618;14062;12267;230857","F2rl1;Agtr2;Cxcl1;Edn1;Bdkrb2;Ednrb;F2r;C3ar1;Ece1"
"Reactome","REACTOME_BETA_CATENIN_PHOSPHORYLATION_CASCADE",0.111627906976744,0.657148634984833,0.492603660677844,1.38856536844281,17,4,"212398;14296;19053;225849","Frat2;Frat1;Ppp2cb;Ppp2r5b"
"Reactome","REACTOME_TELOMERE_C_STRAND_LAGGING_STRAND_SYNTHESIS",0.111480865224626,0.657148634984833,-0.419704561488679,-1.31134677474031,33,11,"72107;68275;68964;69535;18972;69263;19718;19687;18971;16881;19075","Dscc1;Rpa1;Ctc1;Ten1;Pold2;Rfc3;Rfc2;Rfc1;Pold1;Lig1;Prim1"
"Reactome","REACTOME_OPIOID_SIGNALLING",0.114666666666667,0.663498575498575,0.351277751745858,1.26416566783586,54,17,"18578;18783;19045;19053;110355;18798;19085;14682;18573;26413;18797;18795;11513;14701;14675;12314;14688","Pde4b;Pla2g4a;Ppp1ca;Ppp2cb;Grk2;Plcb4;Prkar1b;Gnaq;Pde1a;Mapk1;Plcb3;Plcb1;Adcy7;Gng12;Gna14;Calm2;Gnb1"
"Reactome","REACTOME_SULFUR_AMINO_ACID_METABOLISM",0.114334470989761,0.663498575498575,-0.502988965410984,-1.36470212838418,18,6,"22117;246221;56551;27376;12411;66902","Tst;Mpst;Txn2;Slc25a10;Cbs;Mtap"
"Reactome","REACTOME_SIGNALING_BY_PDGF",0.115755627009646,0.664123385470598,-0.3866987468366,-1.29574497219291,45,16,"18596;12834;12835;20851;12833;12825;20850;12831;12841;20848;14784;20750;21827;18708;53867;18591","Pdgfrb;Col6a2;Col6a3;Stat5b;Col6a1;Col3a1;Stat5a;Col5a1;Col9a3;Stat3;Grb2;Spp1;Thbs3;Pik3r1;Col5a3;Pdgfb"
"Reactome","REACTOME_ABC_FAMILY_PROTEINS_MEDIATED_TRANSPORT",0.124018838304553,0.666484357908554,-0.350861290252148,-1.26832012159129,68,14,"217262;26874;19175;116891;27404;76184;19184;26446;66753;67819;22187;22123;11666;66997","Abca9;Abcd2;Psmb6;Derl2;Abca8b;Abca6;Psmc5;Psmb3;Erlec1;Derl1;Ubb;Psmd3;Abcd1;Psmd12"
"Reactome","REACTOME_CDC42_GTPASE_CYCLE",0.123613312202853,0.666484357908554,-0.336344850124449,-1.23450611085947,80,37,"210293;109934;224014;108699;14570;330914;223435;69710;213649;223666;23853;71544;56418;26934;192662;18708;236915;94190;14674;50768;14163;70719;319899;67299;442801;109294;71709;213498;71435;18709;101497;239027;69632;218581;622434;212285;11857","Dock10;Abr;Fgd4;Chn1;Arhgdig;Arhgap32;Trio;Arap1;Arhgef19;Arhgap39;Def6;Arhgap42;Ykt6;Racgap1;Arhgdia;Pik3r1;Arhgef9;Ophn1;Gna13;Dlc1;Fgd1;Arhgap45;Dock6;Dock7;Arhgef15;Prex2;Syde1;Arhgef11;Arhgap21;Pik3r2;Plekhg2;Arhgap22;Arhgef12;Depdc1b;Arhgef26;Arap2;Arhgdib"
"Reactome","REACTOME_DNA_DOUBLE_STRAND_BREAK_REPAIR",0.12301013024602,0.666484357908554,-0.289688588557679,-1.18714102277168,159,64,"19364;14375;14049;68275;21853;240087;268465;12189;19360;11920;18972;16882;22594;60530;69263;22059;22187;237911;114714;21975;19718;54125;19355;269582;319177;319159;19687;326619;319187;230674;78294;59004;319160;319180;18971;11785;19361;319155;319156;15204;16647;11546;319185;319182;381306;97122;170930;18973;319161;319184;100041230;70681;319178;19891;319157;17535;12649;319181;104884;319179;74335;68240;106344;68024","Rad51d;Xrcc6;Eya2;Rpa1;Timeless;Mdc1;Eme1;Brca1;Rad50;Atm;Pold2;Lig3;Xrcc1;Fignl1;Rfc3;Trp53;Ubb;Brip1;Rad51c;Top3a;Rfc2;Polm;Rad1;Clspn;H2bc1;H4c11;Rfc1;H4c1;H2bc15;Kdm4a;Rps27a;Pias4;H4c12;H2bc7;Pold1;Apbb1;Rad51;H4c3;H4c4;Herc2;Kpna2;Parp2;H2bc13;H2bc9;Firrm;H4c14;Sumo2;Pole;H4c18;H2bc12;H4c17;Abraxas1;H2bc3;Rpa2;H4c6;Mre11a;Chek1;H2bc8;Tdp1;H2bc6;Xrcc3;Rpa3;Rfc4;H2bc4"
"Reactome","REACTOME_GLYCOSAMINOGLYCAN_METABOLISM",0.124042879019908,0.666484357908554,-0.325321585901766,-1.23213365026248,94,29,"50786;54371;58250;217119;27029;12111;15529;13003;14042;268512;77590;15117;83398;233781;13521;15531;15366;15442;53418;80982;15586;50917;27419;20442;100910;212898;338362;74241;14733","Hs6st2;Chst2;Chst11;Xylt2;Sgsh;Bgn;Sdc2;Vcan;Ext1;Slc26a11;Chst15;Has2;Ndst3;Xylt1;Slc26a2;Ndst1;Hmmr;Hpse;B4galt2;Cemip;Hyal1;Galns;Naglu;St3gal1;Chpf2;Dse;Ust;Chpf;Gpc1"
"Reactome","REACTOME_MITOCHONDRIAL_FATTY_ACID_BETA_OXIDATION",0.122241086587436,0.666484357908554,-0.419082876531364,-1.29864634719527,32,14,"52538;11370;67460;26922;18559;73724;264895;13177;223722;97212;66904;71985;72482;329910","Acaa2;Acadvl;Decr1;Mecr;Pctp;Mcee;Acsf2;Eci1;Mcat;Hadha;Pccb;Acad10;Acbd6;Acot11"
"Reactome","REACTOME_PHASE_II_CONJUGATION_OF_COMPOUNDS",0.12199036918138,0.666484357908554,-0.379596232738799,-1.28121809917134,47,12,"14862;394432;110175;75475;207182;68312;14863;108645;216558;22021;14854;14629","Gstm1;Ugt1a7c;Ggct;Oplah;Ggt7;Gstm7;Gstm2;Mat2b;Ugp2;Tpst1;Gss;Gclc"
"Reactome","REACTOME_SIGNALING_BY_NOTCH",0.122112211221122,0.666484357908554,-0.415715956658513,-1.30689491914651,34,9,"18128;13649;333639;328572;22631;14534;103806;22187;66894","Notch1;Egfr;Mamld1;Ep300;Ywhaz;Kat2a;Maml1;Ubb;Wwp2"
"Reactome","REACTOME_SYNTHESIS_OF_PA",0.119804400977995,0.666484357908554,0.449570130264701,1.35258247286206,23,8,"18783;66350;72108;14712;102247;14571;52123;231510","Pla2g4a;Pla2g12a;Ddhd2;Gnpat;Gpat4;Gpd2;Agpat5;Gpat3"
"Reactome","REACTOME_ADP_SIGNALLING_THROUGH_P2Y_PURINOCEPTOR_1",0.125301204819277,0.667944217816147,0.459339532123736,1.33423049327638,19,9,"18783;14682;20779;14701;14675;14688;26416;14707;14696","Pla2g4a;Gnaq;Src;Gng12;Gna14;Gnb1;Mapk14;Gng5;Gnb4"
"Reactome","REACTOME_SIGNALING_BY_EGFR",0.127659574468085,0.675199468085106,0.362021071338233,1.25803675955584,44,19,"19272;18706;20779;24064;13874;16206;22186;20408;19248;20844;54126;19303;16653;13858;20416;15200;12540;24063;13859","Ptprk;Pik3ca;Src;Spry2;Ereg;Lrig1;Uba52;Sh3gl3;Ptpn12;Stam;Arhgef7;Pxn;Kras;Eps15;Shc1;Hbegf;Cdc42;Spry1;Eps15l1"
"Reactome","REACTOME_DARPP_32_EVENTS",0.131519274376417,0.683246828143022,0.499845766946456,1.35286613866798,15,4,"18578;19045;19053;19085","Pde4b;Ppp1ca;Ppp2cb;Prkar1b"
"Reactome","REACTOME_MTOR_SIGNALLING",0.1328,0.683246828143022,-0.391251792374588,-1.28369760647918,39,7,"72508;72149;74370;75705;105787;19082;13631","Rps6kb1;Strada;Rptor;Eif4b;Prkaa1;Prkag1;Eef2k"
"Reactome","REACTOME_NCAM_SIGNALING_FOR_NEURITE_OUT_GROWTH",0.133217993079585,0.683246828143022,-0.435135732980027,-1.29554137063106,27,12,"12834;12835;12833;20742;12825;12831;12841;14784;53867;20739;14083;12827","Col6a2;Col6a3;Col6a1;Sptbn1;Col3a1;Col5a1;Col9a3;Grb2;Col5a3;Spta1;Ptk2;Col4a2"
"Reactome","REACTOME_REGULATION_OF_INSULIN_SECRETION",0.130434782608696,0.683246828143022,0.372948803573969,1.2585984571593,37,14,"16439;14682;18797;109905;11551;20525;18795;50790;14701;14675;14688;14678;14707;14696","Itpr2;Gnaq;Plcb3;Rap1a;Adra2a;Slc2a1;Plcb1;Acsl4;Gng12;Gna14;Gnb1;Gnai2;Gng5;Gnb4"
"Reactome","REACTOME_INTEGRATION_OF_ENERGY_METABOLISM",0.136363636363636,0.694121667805878,0.353921973066947,1.24316894682825,46,20,"16439;21881;19085;14682;18797;109905;11551;20525;18795;50790;14701;14675;72674;14688;14678;108097;14707;14696;19088;12297","Itpr2;Tkt;Prkar1b;Gnaq;Plcb3;Rap1a;Adra2a;Slc2a1;Plcb1;Acsl4;Gng12;Gna14;Adipor1;Gnb1;Gnai2;Prkab2;Gng5;Gnb4;Prkar2b;Cacnb3"
"Reactome","REACTOME_GLYCOSPHINGOLIPID_METABOLISM",0.139784946236559,0.699816664066157,0.36228821499282,1.22797337188943,40,7,"17113;11886;18010;14420;54447;14667;20444","M6pr;Asah1;Neu1;Galc;Asah2;Gm2a;St3gal2"
"Reactome","REACTOME_GOLGI_ASSOCIATED_VESICLE_BIOGENESIS",0.140583554376658,0.699816664066157,0.340529780735807,1.21708275332216,51,14,"108012;20661;21985;21987;69178;233489;11765;22134;11777;66616;11767;18704;77929;67602","Ap1s2;Sort1;Tpd52;Tpd52l1;Snx5;Picalm;Ap1g1;Tgoln1;Ap3s1;Snx9;Ap1m1;Pik3c2a;Yipf6;Necap1"
"Reactome","REACTOME_REGULATION_OF_TP53_ACTIVITY",0.139673105497771,0.699816664066157,-0.292112480858596,-1.17817158125302,143,27,"70439;78757;29813;68275;328572;12450;223770;12189;105787;19082;319944;19360;20393;11920;69263;22059;20877;22187;12569;237911;19052;216848;21975;19718;108099;26399;19355","Taf15;Rictor;Zfp385a;Rpa1;Ep300;Ccng1;Brd1;Brca1;Prkaa1;Prkag1;Taf2;Rad50;Sgk1;Atm;Rfc3;Trp53;Aurkb;Ubb;Cdk5r1;Brip1;Ppp2ca;Chd3;Top3a;Rfc2;Prkag2;Map2k6;Rad1"
"Reactome","REACTOME_MISCELLANEOUS_TRANSPORT_AND_BINDING_EVENTS",0.141860465116279,0.701018502800883,0.476626230455287,1.34352772854135,17,9,"27360;70701;100604;80286;67075;241296;93790;433926;380836","Add3;Nipal1;Lrrc8c;Tusc3;Magt1;Lrrc8a;Nipa2;Lrrc8b;Mrs2"
"Reactome","REACTOME_BBSOME_MEDIATED_CARGO_TARGETING_TO_CILIUM",0.148418491484185,0.704072732152442,0.448203069196478,1.31842110991208,21,10,"56297;241950;12469;71492;59030;93730;100503572;12461;52028;12462","Arl6;Bbs12;Cct8;Bbs7;Mkks;Lztfl1;Bbip1;Cct2;Bbs1;Cct3"
"Reactome","REACTOME_DNA_REPAIR",0.147651006711409,0.704072732152442,-0.258349919209256,-1.15214321594172,307,110,"19364;14375;14049;77605;68275;21853;208836;240087;268465;12189;268395;71885;19360;26572;11920;18972;20020;211651;16882;20892;70020;69833;71101;209318;22594;60530;69263;22059;22187;237911;114714;71726;21975;19718;235134;66671;217365;66983;104806;54125;17350;19355;319176;268420;51812;17749;269582;319177;319159;56438;319172;19687;326619;69928;319169;60534;11465;56469;319173;319166;319187;17193;230674;78294;217069;59004;319160;22210;319180;18971;11785;19361;16881;26891;67196;319155;76843;319156;319168;67030;15204;16647;11546;319185;17685;319182;381306;97122;170930;18973;319161;319184;100041230;20610;70681;319178;19891;319157;17535;18861;12649;319181;71890;104884;319179;70603;13872;23894;68026;74335","Rad51d;Xrcc6;Eya2;H2az2;Rpa1;Timeless;Fanci;Mdc1;Eme1;Brca1;Mpg;Faap100;Rad50;Cops3;Atm;Pold2;Polr2a;Fancd2;Lig3;Cenpx;Ino80b;Polr2f;Uvssa;Gps1;Xrcc1;Fignl1;Rfc3;Trp53;Ubb;Brip1;Rad51c;Smug1;Top3a;Rfc2;Nfrkb;Ccnh;Nploc4;Zfp830;Fancm;Polm;Mlh1;Rad1;H2ac20;Alkbh5;Mcrs1;Polr2k;Clspn;H2bc1;H4c11;Rbx1;H2ac4;Rfc1;H4c1;Cenps;H2ac15;Fancg;Actg1;Pias1;H2ac10;H2ac8;H2bc15;Mbd4;Kdm4a;Rps27a;Trim25;Pias4;H4c12;Ube2b;H2bc7;Pold1;Apbb1;Rad51;Lig1;Cops4;Ube2t;H4c3;Dtl;H4c4;H2ac12;Fancl;Herc2;Kpna2;Parp2;H2bc13;Msh2;H2bc9;Firrm;H4c14;Sumo2;Pole;H4c18;H2bc12;H4c17;Sumo3;Abraxas1;H2bc3;Rpa2;H4c6;Mre11a;Pms2;Chek1;H2bc8;Mad2l2;Tdp1;H2bc6;Mutyh;Ercc3;Gtf2h2;Pclaf;Xrcc3"
"Reactome","REACTOME_G_PROTEIN_MEDIATED_EVENTS",0.149509803921569,0.704072732152442,0.390209328069328,1.25777144832663,31,12,"18783;110355;18798;19085;14682;18573;26413;18797;18795;11513;14675;12314","Pla2g4a;Grk2;Plcb4;Prkar1b;Gnaq;Pde1a;Mapk1;Plcb3;Plcb1;Adcy7;Gna14;Calm2"
"Reactome","REACTOME_HEDGEHOG_OFF_STATE",0.1453125,0.704072732152442,-0.326728075727316,-1.22066884208926,86,25,"16576;19175;19184;73710;16568;26446;19084;22151;22187;22123;66997;14632;14633;81896;67661;104111;21402;104110;56438;19173;106633;69077;22142;78294;240888","Kif7;Psmb6;Psmc5;Tubb2b;Kif3a;Psmb3;Prkar1a;Tubb2a;Ubb;Psmd3;Psmd12;Gli1;Gli2;Ift122;Ift172;Adcy3;Skp1;Adcy4;Rbx1;Psmb5;Ift140;Psmd11;Tuba1a;Rps27a;Gpr161"
"Reactome","REACTOME_RHO_GTPASES_ACTIVATE_PAKS",0.14975845410628,0.704072732152442,0.448222677717734,1.32036704050118,20,11,"19046;224105;17904;18481;12314;12540;98932;107589;18479;192176;12313","Ppp1cb;Pak2;Myl6;Pak3;Calm2;Cdc42;Myl9;Mylk;Pak1;Flna;Calm1"
"Reactome","REACTOME_SUMOYLATION_OF_DNA_REPLICATION_PROTEINS",0.148387096774194,0.704072732152442,-0.379950599914233,-1.25696455505962,41,15,"223921;445007;170762;21973;20877;19069;59004;72787;18141;227720;227699;170930;20610;19387;69912","Aaas;Nup85;Nup155;Top2a;Aurkb;Nup88;Pias4;Ndc1;Nup50;Nup214;Nup188;Sumo2;Sumo3;Rangap1;Nup43"
"Reactome","REACTOME_TRANSLESION_SYNTHESIS_BY_POLK",0.146853146853147,0.704072732152442,-0.491818604281739,-1.31433534135113,17,10,"68275;69263;22187;19718;19687;78294;19891;71890;68240;106344","Rpa1;Rfc3;Ubb;Rfc2;Rfc1;Rps27a;Rpa2;Mad2l2;Rpa3;Rfc4"
"Reactome","REACTOME_EPH_EPHRIN_SIGNALING",0.153439153439153,0.711577999029777,0.33367768133733,1.22687374434968,58,24,"110596;224105;13836;22612;14360;20779;67771;13642;226548;18481;59287;19877;53378;54126;16443;76709;17096;68089;12540;13636;18479;66340;74117;57257","Arhgef28;Pak2;Epha2;Yes1;Fyn;Src;Arpc5;Efnb2;Aph1a;Pak3;Ncstn;Rock1;Sdcbp;Arhgef7;Itsn1;Arpc2;Lyn;Arpc4;Cdc42;Efna1;Pak1;Psenen;Actr3;Vav3"
"Reactome","REACTOME_FORMATION_OF_THE_BETA_CATENIN_TCF_TRANSACTIVATING_COMPLEX",0.153456998313659,0.711577999029777,-0.447526189756859,-1.30201334368854,23,4,"16842;21414;21415;328572","Lef1;Tcf7;Tcf7l1;Ep300"
"Reactome","REACTOME_INTERLEUKIN_6_FAMILY_SIGNALING",0.155594405594406,0.71658103800961,-0.48824386104781,-1.30478220259692,17,8,"12931;16157;18414;20848;54721;12702;16195;13019","Crlf1;Il11ra1;Osmr;Stat3;Tyk2;Socs3;Il6st;Ctf1"
"Reactome","REACTOME_GPCR_LIGAND_BINDING",0.159090909090909,0.727733415233415,0.285724285444342,1.15797235227673,92,14,"14063;11535;11609;14825;67168;19227;13614;12062;15558;13618;14062;15551;12267;230857","F2rl1;Adm;Agtr2;Cxcl1;Lpar6;Pthlh;Edn1;Bdkrb2;Htr2a;Ednrb;F2r;Htr1b;C3ar1;Ece1"
"Reactome","REACTOME_TERMINATION_OF_TRANSLESION_DNA_SYNTHESIS",0.161616161616162,0.734323096739204,-0.406917939118283,-1.25405383570787,31,14,"68275;18972;69263;22187;19718;19687;78294;217069;18971;18973;19891;68026;68240;106344","Rpa1;Pold2;Rfc3;Ubb;Rfc2;Rfc1;Rps27a;Trim25;Pold1;Pole;Rpa2;Pclaf;Rpa3;Rfc4"
"Reactome","REACTOME_AMPK_INDUCED_ERAD_AND_LYSOSOME_MEDIATED_DEGRADATION_OF_PD_L1_CD274",0.167731629392971,0.73455323890795,-0.35540005581284,-1.23049128154343,52,13,"19175;116891;105787;19082;19184;26446;66753;67819;22187;22123;66997;108099;193670","Psmb6;Derl2;Prkaa1;Prkag1;Psmc5;Psmb3;Erlec1;Derl1;Ubb;Psmd3;Psmd12;Prkag2;Rnf185"
"Reactome","REACTOME_DNA_STRAND_ELONGATION",0.171186440677966,0.73455323890795,-0.42941404560929,-1.25775229310859,24,13,"68275;18972;69263;19718;19687;69270;18971;16881;19075;19891;109145;68240;106344","Rpa1;Pold2;Rfc3;Rfc2;Rfc1;Gins1;Pold1;Lig1;Prim1;Rpa2;Gins4;Rpa3;Rfc4"
"Reactome","REACTOME_EPHB_MEDIATED_FORWARD_SIGNALING",0.169576059850374,0.73455323890795,0.378177836578912,1.23988783832055,33,14,"110596;22612;14360;20779;67771;13642;19877;16443;76709;17096;68089;12540;18479;74117","Arhgef28;Yes1;Fyn;Src;Arpc5;Efnb2;Rock1;Itsn1;Arpc2;Lyn;Arpc4;Cdc42;Pak1;Actr3"
"Reactome","REACTOME_FANCONI_ANEMIA_PATHWAY",0.173333333333333,0.73455323890795,-0.383598585295807,-1.21068641082995,35,13,"68275;208836;268465;71885;211651;20892;22187;104806;69928;60534;78294;67196;67030","Rpa1;Fanci;Eme1;Faap100;Fancd2;Cenpx;Ubb;Fancm;Cenps;Fancg;Rps27a;Ube2t;Fancl"
"Reactome","REACTOME_FORMATION_OF_THE_DYSTROPHIN_GLYCOPROTEIN_COMPLEX_DGC",0.168654173764906,0.73455323890795,-0.464689646920223,-1.29005628266427,19,6,"16651;20649;16775;24051;20648;11465","Sspn;Sntb1;Lama4;Sgcb;Snta1;Actg1"
"Reactome","REACTOME_G_ALPHA_I_SIGNALLING_EVENTS",0.173913043478261,0.73455323890795,0.276376647587931,1.15390372903731,106,30,"11609;14825;18578;18783;19045;12062;19053;110355;18798;15551;12267;19085;14682;20779;18573;26413;18797;11551;18166;18795;11513;20132;14701;56533;14675;12314;53978;30878;66102;14688","Agtr2;Cxcl1;Pde4b;Pla2g4a;Ppp1ca;Bdkrb2;Ppp2cb;Grk2;Plcb4;Htr1b;C3ar1;Prkar1b;Gnaq;Src;Pde1a;Mapk1;Plcb3;Adra2a;Npy1r;Plcb1;Adcy7;Rrh;Gng12;Rgs17;Gna14;Calm2;Lpar2;Apln;Cxcl16;Gnb1"
"Reactome","REACTOME_KINESINS",0.169628432956381,0.73455323890795,-0.365174736674338,-1.21466186548673,43,8,"269152;16562;73710;286942;16564;16568;70218;22151","Kif26b;Kif1c;Tubb2b;Kif19a;Kif21a;Kif3a;Kif18b;Tubb2a"
"Reactome","REACTOME_NRAGE_SIGNALS_DEATH_THROUGH_JNK",0.169628432956381,0.73455323890795,-0.366278313119103,-1.21833263481572,43,8,"72754;109934;224014;71704;328967;223435;213649;269608","Arhgef10l;Abr;Fgd4;Arhgef3;Arhgef37;Trio;Arhgef19;Plekhg5"
"Reactome","REACTOME_RAC2_GTPASE_CYCLE",0.170015455950541,0.73455323890795,-0.325382905756444,-1.198268422945,75,20,"210293;75409;109934;68653;104445;330914;223435;223666;23853;330662;69922;56699;71544;238130;26934;192662;18708;94190;233103;242687","Dock10;Slitrk5;Abr;Samm50;Cdc42ep1;Arhgap32;Trio;Arhgap39;Def6;Dock1;Vrk2;Cdc42ep4;Arhgap42;Dock4;Racgap1;Arhgdia;Pik3r1;Ophn1;Garre1;Wasf2"
"Reactome","REACTOME_RET_SIGNALING",0.174576271186441,0.73455323890795,-0.411705509755462,-1.24692117930351,29,7,"14586;110351;11876;23939;20418;623279;14784","Gfra2;Rap1gap;Artn;Mapk7;Shc3;Dok6;Grb2"
"Reactome","REACTOME_SMOOTH_MUSCLE_CONTRACTION",0.175771971496437,0.73455323890795,0.412634710357853,1.2731310781947,25,14,"234889;326618;224105;17904;20411;19303;59069;12314;98932;107589;18479;12313;22330;11475","Gucy1a2;Tpm4;Pak2;Myl6;Sorbs1;Pxn;Tpm3;Calm2;Myl9;Mylk;Pak1;Calm1;Vcl;Acta2"
"Reactome","REACTOME_SUMOYLATION_OF_SUMOYLATION_PROTEINS",0.174708818635607,0.73455323890795,-0.389082281594111,-1.21566892975215,33,11,"223921;445007;170762;19069;59004;72787;18141;227720;227699;170930;69912","Aaas;Nup85;Nup155;Nup88;Pias4;Ndc1;Nup50;Nup214;Nup188;Sumo2;Nup43"
"Reactome","REACTOME_TRANSPORT_TO_THE_GOLGI_AND_SUBSEQUENT_MODIFICATION",0.162756598240469,0.73455323890795,-0.286483697907978,-1.16442329949727,150,30,"14799;16834;56358;89867;17309;18195;77371;76510;245828;56447;73710;20742;19324;22151;214895;66397;11733;56494;56418;230815;233824;66251;98388;13032;11840;11842;104318;74498;53334;53418","Gria1;Cog1;Copz2;Sec16b;Mgat3;Nsf;Sec24a;Trappc9;Trappc1;Copz1;Tubb2b;Sptbn1;Rab1a;Tubb2a;Lman2l;Sar1b;Ank1;Gosr2;Ykt6;Man1c1;Cog7;Arfgap3;Chst10;Ctsc;Arf1;Arf3;Csnk1d;Gorasp1;Gosr1;B4galt2"
"Reactome","REACTOME_PKR_MEDIATED_SIGNALING",0.177884615384615,0.738821378008495,-0.339313679161155,-1.1952012027481,58,16,"71885;73710;20892;22151;22059;19052;20848;15511;21357;104806;26399;69928;60534;20698;22142;217069","Faap100;Tubb2b;Cenpx;Tubb2a;Trp53;Ppp2ca;Stat3;Hspa1b;Tarbp2;Fancm;Map2k6;Cenps;Fancg;Sphk1;Tuba1a;Trim25"
"Reactome","REACTOME_RAS_PROCESSING",0.182481751824818,0.745173285735535,0.426451435523852,1.25443713706585,21,9,"19671;226016;208884;22186;57295;16653;12314;14272;12313","Rce1;Abhd17b;Zdhhc9;Uba52;Icmt;Kras;Calm2;Fnta;Calm1"
"Reactome","REACTOME_SYNTHESIS_OF_ACTIVE_UBIQUITIN_ROLES_OF_E1_AND_E2_ENZYMES",0.182716049382716,0.745173285735535,0.382761511729073,1.23022847891972,30,15,"252870;109161;22195;22193;216150;66799;22186;231380;22214;67615;216080;22194;77891;22201;53323","Usp7;Ube2q2;Ube2l3;Ube2e3;Cdc34;Ube2w;Uba52;Uba6;Ube2h;Ube2r2;Ube2d1;Ube2e1;Ube2s;Uba1;Ube2k"
"Reactome","REACTOME_TRAFFICKING_OF_AMPA_RECEPTORS",0.182282793867121,0.745173285735535,-0.456572854998757,-1.2675227089495,19,7,"14799;18195;13385;71770;14802;11771;18693","Gria1;Nsf;Dlg4;Ap2b1;Gria4;Ap2a1;Pick1"
"Reactome","REACTOME_METABOLISM_OF_STEROIDS",0.184251968503937,0.74693762082135,-0.327307323630645,-1.18718827275654,70,31,"105387;17117;20788;71240;13123;20775;20787;12257;59045;20181;14149;14137;170789;114664;22337;67861;170459;110460;71720;17855;18194;59004;13360;192156;15488;16211;20280;208715;16987;13595;170930","Akr1c14;Amacr;Srebf2;Osbpl7;Cyp7b1;Sqle;Srebf1;Tspo;Stard3;Rxra;Fdxr;Fdft1;Acot8;Hsd17b11;Vdr;Akr1b10;Stard4;Acat2;Osbpl3;Mvk;Nsdhl;Pias4;Dhcr7;Mvd;Hsd17b4;Kpnb1;Scp2;Hmgcs1;Lss;Ebp;Sumo2"
"Reactome","REACTOME_HEDGEHOG_LIGAND_BIOGENESIS",0.186495176848875,0.747542945767798,-0.35265807573357,-1.18168194821714,45,10,"19175;116891;19184;26446;66753;18453;226861;22187;22123;66997","Psmb6;Derl2;Psmc5;Psmb3;Erlec1;P4hb;Hhat;Ubb;Psmd3;Psmd12"
"Reactome","REACTOME_REGULATION_OF_T_CELL_ACTIVATION_BY_CD28_FAMILY",0.186609686609687,0.747542945767798,-0.272028407546916,-1.13540344355681,179,66,"53859;15081;78757;77605;19175;116891;105787;19082;19184;50723;26446;66753;67819;22187;22123;19052;66997;230979;14784;108099;193670;319176;97908;21402;360198;319177;319159;56438;18708;319172;326619;319169;19173;319173;319148;319166;319187;52615;228775;69077;20747;78294;319160;319180;12988;319153;319152;319155;319156;319168;319185;56717;319182;319151;103963;76580;97122;319161;319184;100041230;19079;319178;18709;54167;319157;21770","Map3k14;H3f3b;Rictor;H2az2;Psmb6;Derl2;Prkaa1;Prkag1;Psmc5;Icosl;Psmb3;Erlec1;Derl1;Ubb;Psmd3;Ppp2ca;Psmd12;Tnfrsf14;Grb2;Prkag2;Rnf185;H2ac20;H3c8;Skp1;H3c1;H2bc1;H4c11;Rbx1;Pik3r1;H2ac4;H4c1;H2ac15;Psmb5;H2ac10;H3c3;H2ac8;H2bc15;Suz12;Trib3;Psmd11;Spop;Rps27a;H4c12;H2bc7;Csk;H3c11;H3c10;H4c3;H4c4;H2ac12;H2bc13;Mtor;H2bc9;H3c6;Rpn1;Mib2;H4c14;H4c18;H2bc12;H4c17;Prkab1;H2bc3;Pik3r2;Icos;H4c6;Ppp2r5d"
"Reactome","REACTOME_ESTROGEN_DEPENDENT_GENE_EXPRESSION",0.190174326465927,0.750050821271751,-0.319096574625006,-1.17119875979412,80,36,"15081;328572;19014;20020;69833;14462;97908;17749;360198;319177;319159;326619;319148;319187;13207;12455;21887;319160;319180;59035;319153;319152;319155;319156;319185;319182;319151;97122;319161;319184;100041230;319178;319157;260423;319181;319179","H3f3b;Ep300;Med1;Polr2a;Polr2f;Gata3;H3c8;Polr2k;H3c1;H2bc1;H4c11;H4c1;H3c3;H2bc15;Ddx5;Ccnt1;Tle3;H4c12;H2bc7;Carm1;H3c11;H3c10;H4c3;H4c4;H2bc13;H2bc9;H3c6;H4c14;H4c18;H2bc12;H4c17;H2bc3;H4c6;H3c7;H2bc8;H2bc6"
"Reactome","REACTOME_REGULATION_OF_TP53_ACTIVITY_THROUGH_METHYLATION",0.190559440559441,0.750050821271751,-0.463676357700442,-1.23912804145479,17,4,"328572;11920;22059;22187","Ep300;Atm;Trp53;Ubb"
"Reactome","REACTOME_TRANSPORT_OF_VITAMINS_NUCLEOSIDES_AND_RELATED_MOLECULES",0.18978102189781,0.750050821271751,0.422888660239131,1.24395698093111,21,5,"13340;107566;242585;11416;229782","Slc29a2;Arl2bp;Slc35d1;Slc33a1;Slc35a3"
"Reactome","REACTOME_POLYMERASE_SWITCHING_ON_THE_C_STRAND_OF_THE_TELOMERE",0.192771084337349,0.754370081481997,-0.416241283856479,-1.22584578164582,25,9,"72107;68964;69535;18972;69263;19718;19687;18971;19075","Dscc1;Ctc1;Ten1;Pold2;Rfc3;Rfc2;Rfc1;Pold1;Prim1"
"Reactome","REACTOME_AMPLIFICATION_OF_SIGNAL_FROM_THE_KINETOCHORES",0.225954198473282,0.765039111228518,-0.299394422500279,-1.12916684261706,90,29,"66570;445007;70385;208628;26886;216965;18472;20877;67629;19052;67139;83431;67052;108911;66140;69928;67733;17120;232987;103573;68097;66468;66336;19387;12236;21770;18817;69912;60411","Cenpm;Nup85;Spdl1;Kntc1;Cenph;Taok1;Pafah1b1;Aurkb;Spc24;Ppp2ca;Mis12;Ndel1;Ndc80;Rcc2;Ska2;Cenps;Itgb3bp;Mad1l1;B9d2;Xpo1;Dynll2;Ska1;Cenpp;Rangap1;Bub1b;Ppp2r5d;Plk1;Nup43;Cenpk"
"Reactome","REACTOME_CARGO_TRAFFICKING_TO_THE_PERICILIARY_MEMBRANE",0.21680216802168,0.765039111228518,0.321069769322284,1.15709037902802,55,13,"17274;68146;56350;56297;241950;11843;12469;53869;71492;59030;93730;100503572;107338","Rab8a;Arl13b;Arl3;Arl6;Bbs12;Arf4;Cct8;Rab11a;Bbs7;Mkks;Lztfl1;Bbip1;Gbf1"
"Reactome","REACTOME_CELL_DEATH_SIGNALLING_VIA_NRAGE_NRIF_AND_NADE",0.2224,0.765039111228518,-0.324616545502562,-1.14770612526697,60,17,"72754;109934;18412;224014;71704;328967;223435;213649;22187;269608;22627;236915;14674;78294;12125;67733;14163","Arhgef10l;Abr;Sqstm1;Fgd4;Arhgef3;Arhgef37;Trio;Arhgef19;Ubb;Plekhg5;Ywhae;Arhgef9;Gna13;Rps27a;Bcl2l11;Itgb3bp;Fgd1"
"Reactome","REACTOME_CHOLESTEROL_BIOSYNTHESIS",0.21025641025641,0.765039111228518,-0.407386394420195,-1.21129883543636,26,13,"20788;20775;20787;14137;110460;17855;18194;13360;192156;208715;16987;13595;13121","Srebf2;Sqle;Srebf1;Fdft1;Acat2;Mvk;Nsdhl;Dhcr7;Mvd;Hmgcs1;Lss;Ebp;Cyp51"
"Reactome","REACTOME_CLATHRIN_MEDIATED_ENDOCYTOSIS",0.21301775147929,0.765039111228518,-0.294609126192139,-1.15038748305809,112,23,"13429;13649;13543;13132;13855;67300;218038;215114;19345;26572;71770;20975;209318;22187;29816;12223;15239;14784;22418;216869;54609;23970;22320","Dnm1;Egfr;Dvl2;Dab2;Epn2;Cltc;Amph;Hip1;Rab5c;Cops3;Ap2b1;Synj2;Gps1;Ubb;Hip1r;Btc;Hgs;Grb2;Wnt5a;Arrb2;Ubqln2;Pacsin2;Vamp8"
"Reactome","REACTOME_COPI_DEPENDENT_GOLGI_TO_ER_RETROGRADE_TRAFFIC",0.207936507936508,0.765039111228518,-0.315456500510464,-1.16011291550636,81,26,"56358;269152;18195;16562;56447;73710;286942;16564;16568;70218;19324;22151;66251;11840;26934;11842;232943;71169;22142;16554;71116;16565;66111;105785;16570;19348","Copz2;Kif26b;Nsf;Kif1c;Copz1;Tubb2b;Kif19a;Kif21a;Kif3a;Kif18b;Rab1a;Tubb2a;Arfgap3;Arf1;Racgap1;Arf3;Klc3;Nbas;Tuba1a;Kif13b;Stx18;Kif21b;Tmed3;Kdelr3;Kif3c;Kif20a"
"Reactome","REACTOME_COPI_MEDIATED_ANTEROGRADE_TRANSPORT",0.204761904761905,0.765039111228518,-0.31591630723494,-1.16180388627044,81,20,"16834;56358;18195;56447;73710;20742;19324;22151;11733;56494;56418;233824;66251;11840;11842;74498;53334;20739;22142;13191","Cog1;Copz2;Nsf;Copz1;Tubb2b;Sptbn1;Rab1a;Tubb2a;Ank1;Gosr2;Ykt6;Cog7;Arfgap3;Arf1;Arf3;Gorasp1;Gosr1;Spta1;Tuba1a;Dctn1"
"Reactome","REACTOME_DISASSEMBLY_OF_THE_DESTRUCTION_COMPLEX_AND_RECRUITMENT_OF_AXIN_TO_THE_MEMBRANE",0.218225419664269,0.765039111228518,0.387725950617033,1.20513997454639,26,5,"14367;212398;14296;19053;225849","Fzd5;Frat2;Frat1;Ppp2cb;Ppp2r5b"
"Reactome","REACTOME_DNA_DAMAGE_TELOMERE_STRESS_INDUCED_SENESCENCE",0.217322834645669,0.765039111228518,-0.316986466355099,-1.14975311674961,70,31,"77605;19360;11920;22059;14958;319176;319177;319159;319172;326619;319169;319173;319166;319187;75560;319160;319180;319155;319156;319168;319185;319182;97122;319161;319184;100041230;319178;319157;17535;319181;319179","H2az2;Rad50;Atm;Trp53;H1f0;H2ac20;H2bc1;H4c11;H2ac4;H4c1;H2ac15;H2ac10;H2ac8;H2bc15;Ep400;H4c12;H2bc7;H4c3;H4c4;H2ac12;H2bc13;H2bc9;H4c14;H4c18;H2bc12;H4c17;H2bc3;H4c6;Mre11a;H2bc8;H2bc6"
"Reactome","REACTOME_HDR_THROUGH_SINGLE_STRAND_ANNEALING_SSA",0.206666666666667,0.765039111228518,-0.376297702559529,-1.18764388707023,35,9,"68275;12189;19360;11920;69263;237911;21975;19718;19355","Rpa1;Brca1;Rad50;Atm;Rfc3;Brip1;Top3a;Rfc2;Rad1"
"Reactome","REACTOME_HEPARAN_SULFATE_HEPARIN_HS_GAG_METABOLISM",0.21280276816609,0.765039111228518,-0.40500696090928,-1.20583816377961,27,7,"50786;27029;15529;14042;83398;15531;15442","Hs6st2;Sgsh;Sdc2;Ext1;Ndst3;Ndst1;Hpse"
"Reactome","REACTOME_INTRA_GOLGI_TRAFFIC",0.223905723905724,0.765039111228518,-0.381241905576451,-1.17492454389373,31,11,"16834;18195;19157;56494;56418;233824;19159;11840;53334;22365;76877","Cog1;Nsf;Cyth1;Gosr2;Ykt6;Cog7;Cyth3;Arf1;Gosr1;Vps45;Rab36"
"Reactome","REACTOME_ION_CHANNEL_TRANSPORT",0.203438395415473,0.765039111228518,0.277457082261395,1.12881768208742,94,28,"101772;74568;76295;22063;65973;13830;50770;11931;320940;11964;66144;382014;22186;170755;108664;11966;27219;12728;107568;11933;11974;12314;110157;66290;102566;11928;170759;11973","Ano1;Mlkl;Atp11b;Trpc1;Asph;Stom;Atp11a;Atp1b1;Atp11c;Atp6v1a;Atp6v1f;Ano8;Uba52;Sgk3;Atp6v1h;Atp6v1b2;Sgk2;Clcn5;Wwp1;Atp1b3;Atp6v0e;Calm2;Raf1;Atp6v1g1;Ano10;Atp1a1;Atp13a1;Atp6v1e1"
"Reactome","REACTOME_METABOLISM_OF_CARBOHYDRATES_AND_CARBOHYDRATE_DERIVATIVES",0.203081232492997,0.765039111228518,-0.265963598058916,-1.12724564838969,203,55,"50786;54371;26877;67980;13808;68401;223921;445007;58250;217119;27029;14387;12111;14635;170762;15529;77559;18642;13003;14042;268512;77590;15117;50935;83398;233781;216558;13521;15531;15366;74637;19069;15442;16548;53418;80982;15586;21351;50917;27419;20442;72787;56012;100910;14430;212898;338362;18141;56043;74241;14733;74551;54218;108652;227720","Hs6st2;Chst2;B3galt1;Gnpda2;Eno3;G6pc3;Aaas;Nup85;Chst11;Xylt2;Sgsh;Gaa;Bgn;Galk1;Nup155;Sdc2;Agl;Pfkm;Vcan;Ext1;Slc26a11;Chst15;Has2;St6galnac6;Ndst3;Xylt1;Ugp2;Slc26a2;Ndst1;Hmmr;Shpk;Nup88;Hpse;Khk;B4galt2;Cemip;Hyal1;Taldo1;Galns;Naglu;St3gal1;Ndc1;Pgam2;Chpf2;Galt;Dse;Ust;Nup50;Akr1e1;Chpf;Gpc1;Pck2;B3galt4;Slc35b3;Nup214"
"Reactome","REACTOME_MRNA_SPLICING_MINOR_PATHWAY",0.226324237560193,0.765039111228518,-0.341175767819255,-1.15154085058977,47,12,"192159;67178;20020;20624;69833;72047;17749;74351;20382;66125;78372;67197","Prpf8;Zmat5;Polr2a;Eftud2;Polr2f;Ddx42;Polr2k;Ddx23;Srsf2;Sf3b5;Snrnp25;Zcrb1"
"Reactome","REACTOME_MTORC1_MEDIATED_SIGNALLING",0.21247892074199,0.765039111228518,-0.416130805952736,-1.21067297170852,23,4,"72508;74370;75705;13631","Rps6kb1;Rptor;Eif4b;Eef2k"
"Reactome","REACTOME_NEGATIVE_REGULATION_OF_FGFR2_SIGNALING",0.224390243902439,0.765039111228518,0.40430350767142,1.20413349355532,22,6,"14165;19053;20779;26413;24064;22186","Fgf10;Ppp2cb;Src;Mapk1;Spry2;Uba52"
"Reactome","REACTOME_NEUREXINS_AND_NEUROLIGINS",0.211538461538462,0.765039111228518,0.435264884653602,1.24627515765945,18,6,"269587;226352;53310;26556;23859;26558","Epb41;Epb41l5;Dlg3;Homer1;Dlg2;Homer3"
"Reactome","REACTOME_NUCLEAR_RECEPTOR_TRANSCRIPTION_PATHWAY",0.203389830508475,0.765039111228518,-0.400106724665388,-1.21179225719704,29,10,"19411;21833;19401;19014;20602;217166;20181;13864;22337;22259","Rarg;Thra;Rara;Med1;Ncor2;Nr1d1;Rxra;Nr2f6;Vdr;Nr1h3"
"Reactome","REACTOME_NUCLEOTIDE_BINDING_DOMAIN_LEUCINE_RICH_REPEAT_CONTAINING_RECEPTOR_NLR_SIGNALING_PATHWAYS",0.216346153846154,0.765039111228518,-0.363319751716851,-1.18565385124867,38,14,"29857;18439;66513;22187;192656;26399;19094;12370;78294;19200;11796;12371;55991;107607","Mapk12;P2rx7;Tab1;Ubb;Ripk2;Map2k6;Mapk11;Casp8;Rps27a;Pstpip1;Birc3;Casp9;Panx1;Nod1"
"Reactome","REACTOME_PROTEIN_HYDROXYLATION",0.215017064846416,0.765039111228518,-0.448714108169958,-1.21744439851717,18,3,"26961;13494;13495","Rpl8;Drg1;Drg2"
"Reactome","REACTOME_RAF_ACTIVATION",0.206982543640898,0.765039111228518,0.36480485840324,1.19604340483355,33,12,"56392;19053;19046;26395;225849;20779;16452;17169;26403;16653;12314;110157","Shoc2;Ppp2cb;Ppp1cb;Map2k1;Ppp2r5b;Src;Jak2;Mark3;Map3k11;Kras;Calm2;Raf1"
"Reactome","REACTOME_RHOV_GTPASE_CYCLE",0.196969696969697,0.765039111228518,0.363678509355156,1.20368058441203,34,13,"326618;58220;224105;13836;75415;59009;56513;54126;26403;59069;12540;18479;29875","Tpm4;Pard6b;Pak2;Epha2;Arhgap12;Sh3rf1;Pard6a;Arhgef7;Map3k11;Tpm3;Cdc42;Pak1;Iqgap1"
"Reactome","REACTOME_SIGNAL_AMPLIFICATION",0.224938875305623,0.765039111228518,0.406510245952047,1.22303195141067,23,10,"18783;14682;20779;14701;14675;14688;14678;26416;14707;14696","Pla2g4a;Gnaq;Src;Gng12;Gna14;Gnb1;Gnai2;Mapk14;Gng5;Gnb4"
"Reactome","REACTOME_SUMOYLATION",0.227138643067847,0.765039111228518,-0.273974827582477,-1.11392586742239,152,51,"223921;445007;15248;68275;68501;21833;328572;223701;240087;12189;19401;170762;21973;12418;20877;19357;20181;22658;13433;17342;19069;319159;223870;22337;326619;56233;56469;18035;22259;30951;13207;52615;59004;319160;214669;72787;14815;18141;319155;319156;12416;15204;227720;212712;227699;97122;170930;319161;100041230;20610;19387","Aaas;Nup85;Hic1;Rpa1;Nsmce2;Thra;Ep300;Mrtfa;Mdc1;Brca1;Rara;Nup155;Top2a;Cbx4;Aurkb;Rad21;Rxra;Pcgf2;Dnmt1;Mitf;Nup88;H4c11;Senp1;Vdr;H4c1;Hdac7;Pias1;Nfkbia;Nr1h3;Cbx8;Ddx5;Suz12;Pias4;H4c12;L3mbtl2;Ndc1;Nr3c1;Nup50;H4c3;H4c4;Cbx2;Herc2;Nup214;Satb2;Nup188;H4c14;Sumo2;H4c18;H4c17;Sumo3;Rangap1"
"Reactome","REACTOME_SYNTHESIS_OF_PC",0.219277108433735,0.765039111228518,0.420913404696427,1.22261521227716,19,5,"12660;236899;68682;13000;99712","Chka;Pcyt1b;Slc44a2;Csnk2a2;Cept1"
"Reactome","REACTOME_SYNTHESIS_OF_VERY_LONG_CHAIN_FATTY_ACYL_COAS",0.225512528473804,0.765039111228518,0.445912685707938,1.22229663259154,16,5,"70757;433256;74559;106529;50790","Hacd2;Acsl5;Elovl7;Tecr;Acsl4"
"Reactome","REACTOME_TNFR2_NON_CANONICAL_NF_KB_PATHWAY",0.2,0.765039111228518,-0.328505039854168,-1.16848816140623,61,18,"53859;19175;21944;21938;19184;245527;26446;22187;22123;66997;230979;21402;85030;19173;103583;69077;78294;19698","Map3k14;Psmb6;Tnfsf12;Tnfrsf1b;Psmc5;Eda2r;Psmb3;Ubb;Psmd3;Psmd12;Tnfrsf14;Skp1;Tnfrsf25;Psmb5;Fbxw11;Psmd11;Rps27a;Relb"
"Reactome","REACTOME_ASPARAGINE_N_LINKED_GLYCOSYLATION",0.24585635359116,0.76926961681712,-0.255921859970241,-1.09909536054551,222,56,"14799;14584;16834;56358;89867;17309;24070;18195;77371;76510;245828;56447;73710;20742;19324;223774;22151;67819;214895;50935;22187;66397;11733;56494;56418;20446;230815;233824;22122;66251;98388;13032;11840;12330;11842;29858;104318;74498;53334;53418;68563;20454;20739;22142;78294;13191;71665;20442;69080;27096;192156;17308;66111;67091;67665;68097","Gria1;Gfpt2;Cog1;Copz2;Sec16b;Mgat3;Mpdu1;Nsf;Sec24a;Trappc9;Trappc1;Copz1;Tubb2b;Sptbn1;Rab1a;Alg12;Tubb2a;Derl1;Lman2l;St6galnac6;Ubb;Sar1b;Ank1;Gosr2;Ykt6;St6galnac2;Man1c1;Cog7;Gfus;Arfgap3;Chst10;Ctsc;Arf1;Canx;Arf3;Pmm1;Csnk1d;Gorasp1;Gosr1;B4galt2;Dpm3;St3gal5;Spta1;Tuba1a;Rps27a;Dctn1;Fuca1;St3gal1;Gmppa;Trappc3;Mvd;Mgat1;Tmed3;Trappc6a;Dctn4;Dynll2"
"Reactome","REACTOME_BETA_CATENIN_INDEPENDENT_WNT_SIGNALING",0.246575342465753,0.76926961681712,-0.29204734769459,-1.11364706600487,98,22,"16842;13543;14681;19175;67300;14362;19184;57265;26446;71770;75788;22187;22123;66997;22418;216869;14700;12387;14706;19058;11771;19173","Lef1;Dvl2;Gnao1;Psmb6;Cltc;Fzd1;Psmc5;Fzd2;Psmb3;Ap2b1;Smurf1;Ubb;Psmd3;Psmd12;Wnt5a;Arrb2;Gng10;Ctnnb1;Gng4;Ppp3r1;Ap2a1;Psmb5"
"Reactome","REACTOME_CASPASE_ACTIVATION_VIA_EXTRINSIC_APOPTOTIC_SIGNALLING_PATHWAY",0.240362811791383,0.76926961681712,0.441579573937991,1.19516477404146,15,3,"12475;21898;12633","Cd14;Tlr4;Cflar"
"Reactome","REACTOME_CELLULAR_RESPONSE_TO_CHEMICAL_STRESS",0.238670694864048,0.76926961681712,0.255505702049633,1.08716302617957,124,39,"50490;20657;57296;50527;14782;224111;12013;21762;20655;17463;18759;81004;17250;15369;12857;12460;67443;11757;21672;20467;22186;54683;56637;17135;22230;70247;50758;23797;20463;13063;12868;22166;19167;26965;26462;14870;140742;19172;26442","Nox4;Sod3;Psmd8;Ero1a;Gsr;Ubxn7;Bach1;Psmd2;Sod1;Psmd7;Prkci;Tbl1xr1;Abcc1;Hmox2;Cox4i1;Ccs;Map1lc3b;Prdx3;Prdx2;Sin3b;Uba52;Prdx5;Gsk3b;Mafk;Ufd1;Psmd1;Fbxl17;Akt3;Cox7a2l;Cycs;Cox8a;Txn1;Psma3;Cul1;Txnrd2;Gstp1;Sesn1;Psmb4;Psma5"
"Reactome","REACTOME_COLLAGEN_DEGRADATION",0.235690235690236,0.76926961681712,-0.378621195591896,-1.16684794885462,31,13,"12834;17395;12835;12833;94216;12825;12831;12822;72947;53867;12814;77018;12816","Col6a2;Mmp9;Col6a3;Col6a1;Col4a6;Col3a1;Col5a1;Col18a1;Phykpl;Col5a3;Col11a1;Col25a1;Col12a1"
"Reactome","REACTOME_DRUG_ADME",0.23968253968254,0.76926961681712,-0.347795059919026,-1.14923927794501,40,11,"269823;56448;105387;14923;667034;394432;207182;18103;12038;63959;22436","Pon3;Cyp2d22;Akr1c14;Guk1;Pnp2;Ugt1a7c;Ggt7;Nme2;Bche;Slc29a1;Xdh"
"Reactome","REACTOME_GLUCOSE_METABOLISM",0.231884057971014,0.76926961681712,-0.326539524166964,-1.14354693789201,57,7,"67980;13808;68401;223921;445007;170762;18642","Gnpda2;Eno3;G6pc3;Aaas;Nup85;Nup155;Pfkm"
"Reactome","REACTOME_HS_GAG_BIOSYNTHESIS",0.244897959183673,0.76926961681712,-0.419542976445358,-1.17989084275463,20,5,"50786;15529;14042;83398;15531","Hs6st2;Sdc2;Ext1;Ndst3;Ndst1"
"Reactome","REACTOME_INOSITOL_PHOSPHATE_METABOLISM",0.236318407960199,0.76926961681712,0.348597224118763,1.1651040706885,35,14,"234515;18798;19211;16332;18797;55980;18795;71780;69718;12314;227399;17330;56409;12313","Inpp4b;Plcb4;Pten;Inppl1;Plcb3;Impa1;Plcb1;Isyna1;Ipmk;Calm2;Ppip5k2;Minpp1;Nudt3;Calm1"
"Reactome","REACTOME_ISG15_ANTIVIRAL_MECHANISM",0.233490566037736,0.76926961681712,0.375962798987584,1.18237930810099,27,14,"13682;13690;208643;23806;19043;66892;56791;286940;54131;26987;13684;22194;24110;17858","Eif4a2;Eif4g2;Eif4g1;Arih1;Ppm1b;Eif4e3;Ube2l6;Flnb;Irf3;Eif4e2;Eif4e;Ube2e1;Usp18;Mx2"
"Reactome","REACTOME_METABOLISM_OF_AMINO_ACIDS_AND_DERIVATIVES",0.244117647058824,0.76926961681712,-0.27170422119853,-1.10708391497542,156,35,"192166;19125;18104;11484;19175;22117;66194;246221;110695;100434;19184;26446;56551;235386;228608;20425;27376;15473;22123;66997;12411;11898;27364;18293;209692;14645;66902;12040;72947;50880;19173;54375;213696;69077;66948","Sardh;Prodh;Nqo1;Aspa;Psmb6;Tst;Pycr3;Mpst;Aldh7a1;Slc44a1;Psmc5;Psmb3;Txn2;Hykk;Smox;Shmt1;Slc25a10;Rida;Psmd3;Psmd12;Cbs;Ass1;Srr;Ogdh;Dhtkd1;Glul;Mtap;Bckdhb;Phykpl;Scly;Psmb5;Azin1;Duoxa1;Psmd11;Acad8"
"Reactome","REACTOME_NOD1_2_SIGNALING_PATHWAY",0.244827586206897,0.76926961681712,-0.388566755305297,-1.15887218659483,28,11,"29857;66513;22187;192656;26399;19094;12370;78294;11796;12371;107607","Mapk12;Tab1;Ubb;Ripk2;Map2k6;Mapk11;Casp8;Rps27a;Birc3;Casp9;Nod1"
"Reactome","REACTOME_PROCESSIVE_SYNTHESIS_ON_THE_LAGGING_STRAND",0.242424242424242,0.76926961681712,-0.466886145745687,-1.20597864368772,15,9,"68275;18972;18971;16881;19075;19891;68240;18968;19076","Rpa1;Pold2;Pold1;Lig1;Prim1;Rpa2;Rpa3;Pola1;Prim2"
"Reactome","REACTOME_REGULATION_OF_PYRUVATE_METABOLISM",0.237745098039216,0.76926961681712,0.356971953813813,1.1506365918567,31,8,"381511;228026;56705;18597;18746;382051;22186;236900","Pdp1;Pdk1;Ranbp9;Pdha1;Pkm;Pdp2;Uba52;Pdk3"
"Reactome","REACTOME_RHOJ_GTPASE_CYCLE",0.236234458259325,0.76926961681712,-0.464483813827853,-1.22115826203095,16,9,"80837;330914;223435;18708;94190;71709;71435;18709;218581","Rhoj;Arhgap32;Trio;Pik3r1;Ophn1;Syde1;Arhgap21;Pik3r2;Depdc1b"
"Reactome","REACTOME_SIGNALING_BY_FGFR2",0.24331550802139,0.76926961681712,0.3205170998486,1.13819587364817,49,11,"14165;19053;18706;245841;20779;26413;24064;67710;72514;20021;22186","Fgf10;Ppp2cb;Pik3ca;Polr2h;Src;Mapk1;Spry2;Polr2g;Fgfbp3;Polr2c;Uba52"
"Reactome","REACTOME_CARDIAC_CONDUCTION",0.252659574468085,0.77049789150853,0.325716941285007,1.1318785501405,44,8,"16439;16527;22063;81904;65973;11931;16526;20866","Itpr2;Kcnk3;Trpc1;Cacng7;Asph;Atp1b1;Kcnk2;Stim1"
"Reactome","REACTOME_EPHRIN_SIGNALING",0.250569476082005,0.77049789150853,0.431560382013888,1.18295536010158,16,7,"224105;14360;20779;13642;18481;53378;54126","Pak2;Fyn;Src;Efnb2;Pak3;Sdcbp;Arhgef7"
"Reactome","REACTOME_L1CAM_INTERACTIONS",0.251602564102564,0.77049789150853,-0.320362794547326,-1.12844845602836,58,16,"13429;13649;67300;14432;73710;14182;20742;71770;22151;11733;11771;11465;16399;20739;22142;26396","Dnm1;Egfr;Cltc;Gap43;Tubb2b;Fgfr1;Sptbn1;Ap2b1;Tubb2a;Ank1;Ap2a1;Actg1;Itga2b;Spta1;Tuba1a;Map2k2"
"Reactome","REACTOME_TCF_DEPENDENT_SIGNALING_IN_RESPONSE_TO_WNT",0.250750750750751,0.77049789150853,-0.280978514745282,-1.10455197402021,119,21,"16842;20682;12006;13543;21414;19175;73739;21415;328572;22631;14362;19184;57265;26446;17847;22187;22123;19052;66997;84035;22418","Lef1;Sox9;Axin2;Dvl2;Tcf7;Psmb6;Cby1;Tcf7l1;Ep300;Ywhaz;Fzd1;Psmc5;Fzd2;Psmb3;Usp34;Ubb;Psmd3;Ppp2ca;Psmd12;Kremen1;Wnt5a"
"Reactome","REACTOME_TRANSCRIPTIONAL_REGULATION_BY_RUNX1",0.251819505094614,0.77049789150853,-0.269338667016226,-1.10027177498841,154,56,"319974;15081;77605;19175;328572;14461;57376;494448;19184;26446;83797;67057;12418;22187;22123;66997;381022;83796;66671;14462;319176;97908;360198;319177;319159;319172;326619;319169;19173;319173;319148;30951;319166;319187;69077;21423;78294;319160;319180;319153;319152;319155;319156;319168;12416;208043;319185;20586;319182;68094;319151;214162;97122;319161;319184;100041230","Auts2;H3f3b;H2az2;Psmb6;Ep300;Gata2;Smarce1;Cbx6;Psmc5;Psmb3;Smarcd1;Yaf2;Cbx4;Ubb;Psmd3;Psmd12;Kmt2d;Smarcd2;Ccnh;Gata3;H2ac20;H3c8;H3c1;H2bc1;H4c11;H2ac4;H4c1;H2ac15;Psmb5;H2ac10;H3c3;Cbx8;H2ac8;H2bc15;Psmd11;Tcf3;Rps27a;H4c12;H2bc7;H3c11;H3c10;H4c3;H4c4;H2ac12;Cbx2;Setd1b;H2bc13;Smarca4;H2bc9;Smarcc2;H3c6;Kmt2a;H4c14;H4c18;H2bc12;H4c17"
"Reactome","REACTOME_ASYMMETRIC_LOCALIZATION_OF_PCP_PROTEINS",0.255216693418941,0.774805836074542,-0.33353420063252,-1.12574893449239,47,11,"13543;19175;14362;19184;57265;26446;75788;22187;22123;66997;22418","Dvl2;Psmb6;Fzd1;Psmc5;Fzd2;Psmb3;Smurf1;Ubb;Psmd3;Psmd12;Wnt5a"
"Reactome","REACTOME_RESPIRATORY_ELECTRON_TRANSPORT",0.257396449704142,0.775905380643012,-0.276561477291006,-1.09992731303129,126,40,"67130;66218;208501;72795;66445;17449;22272;67863;66379;66152;52469;66594;12864;66841;69802;110826;52892;75530;17711;66272;69875;68197;68342;17708;66383;17709;73694;68202;76947;26940;76826;75406;104130;66414;66108;68375;72900;20930;17719;12861","Ndufa6;Ndufb9;Ndufaf8;Ttc19;Cyc1;Mdh1;Uqcrq;Slc25a11;Cox14;Uqcr10;Coa3;Uqcr11;Cox6c;Etfdh;Cox11;Etfb;Sco1;Lyrm7;mt-Cytb;Cox16;Ndufa11;Ndufc2;Ndufb10;mt-Co1;Iscu;mt-Co2;Ndufaf7;Ndufa5;Ndufaf6;Ecsit;Nubpl;Ndufs7;Ndufb11;Ndufa12;Ndufa9;Ndufa8;Ndufv2;Surf1;mt-Nd4;Cox6a1"
"Reactome","REACTOME_TRANSMISSION_ACROSS_CHEMICAL_SYNAPSES",0.257871064467766,0.775905380643012,-0.289375249644329,-1.11512652546631,102,26,"14799;11669;55984;12287;18195;13385;71770;19084;67760;20614;12295;14811;14700;14802;104111;14645;20512;14706;104110;236915;11771;52589;18693;27204;14814;65106","Gria1;Aldh2;Camkk1;Cacna1b;Nsf;Dlg4;Ap2b1;Prkar1a;Slc38a2;Snap25;Cacnb1;Grin2a;Gng10;Gria4;Adcy3;Glul;Slc1a3;Gng4;Adcy4;Arhgef9;Ap2a1;Ncald;Pick1;Syn3;Grin2d;Arl6ip5"
"Reactome","REACTOME_G_PROTEIN_BETA_GAMMA_SIGNALLING",0.26161369193154,0.783683493086959,0.386609432969227,1.16315810965784,23,11,"18797;18795;14701;23797;14688;12540;320207;18479;14707;14696;11652","Plcb3;Plcb1;Gng12;Akt3;Gnb1;Cdc42;Pik3r5;Pak1;Gng5;Gnb4;Akt2"
"Reactome","REACTOME_ION_TRANSPORT_BY_P_TYPE_ATPASES",0.265402843601896,0.784618886980277,0.358116947439131,1.13945461995582,28,9,"76295;50770;11931;320940;11933;12314;11928;170759;12313","Atp11b;Atp11a;Atp1b1;Atp11c;Atp1b3;Calm2;Atp1a1;Atp13a1;Calm1"
"Reactome","REACTOME_P75_NTR_RECEPTOR_MEDIATED_SIGNALLING",0.263482280431433,0.784618886980277,-0.307802931243932,-1.12527337273154,73,20,"72754;109934;18412;224014;71704;235402;328967;223435;213649;22187;269608;192656;22627;192662;236915;14674;18035;78294;12125;67733","Arhgef10l;Abr;Sqstm1;Fgd4;Arhgef3;Lingo1;Arhgef37;Trio;Arhgef19;Ubb;Plekhg5;Ripk2;Ywhae;Arhgdia;Arhgef9;Gna13;Nfkbia;Rps27a;Bcl2l11;Itgb3bp"
"Reactome","REACTOME_TBC_RABGAPS",0.264705882352941,0.784618886980277,0.350155364357016,1.12866450924109,31,5,"381605;17274;93739;53869;67443","Tbc1d2;Rab8a;Gabarapl2;Rab11a;Map1lc3b"
"Reactome","REACTOME_EXTENSION_OF_TELOMERES",0.270700636942675,0.790933762916522,-0.331910015363455,-1.11752527473525,46,9,"72107;68275;68964;69535;18972;69263;52530;216853;19718","Dscc1;Rpa1;Ctc1;Ten1;Pold2;Rfc3;Nhp2;Wrap53;Rfc2"
"Reactome","REACTOME_INSULIN_RECEPTOR_RECYCLING",0.270731707317073,0.790933762916522,0.388462228321166,1.15695355401864,22,9,"15925;11964;16337;66144;108664;11966;11974;66290;11973","Ide;Atp6v1a;Insr;Atp6v1f;Atp6v1h;Atp6v1b2;Atp6v0e;Atp6v1g1;Atp6v1e1"
"Reactome","REACTOME_NUCLEAR_PORE_COMPLEX_NPC_DISASSEMBLY",0.271043771043771,0.790933762916522,-0.368940587725365,-1.1370139153556,31,8,"223921;445007;170762;19069;72787;18141;227720;227699","Aaas;Nup85;Nup155;Nup88;Ndc1;Nup50;Nup214;Nup188"
"Reactome","REACTOME_TURBULENT_OSCILLATORY_DISTURBED_FLOW_SHEAR_STRESS_ACTIVATES_SIGNALING_BY_PIEZO1_AND_INTEGRINS_IN_ENDOTHELIAL_CELLS",0.275943396226415,0.801775447404648,0.36305724773338,1.1417921627672,27,5,"12675;16412;19697;14682;18033","Chuk;Itgb1;Rela;Gnaq;Nfkb1"
"Reactome","REACTOME_CELLULAR_SENESCENCE",0.278518518518518,0.805799303577081,-0.270068733189645,-1.08017482162644,132,52,"77605;15901;23939;19360;11920;50932;22059;26420;22187;66156;14958;12608;26399;14281;319176;217232;26398;319177;319159;319172;326619;216850;319169;319173;319166;319187;52615;19094;52717;75560;78294;319160;319180;319155;319156;319168;319185;319182;665113;102626;97122;319161;319184;100041230;26408;319178;319157;17535;52563;16476;319181;319179","H2az2;Id1;Mapk7;Rad50;Atm;Mink1;Trp53;Mapk9;Ubb;Anapc11;H1f0;Cebpb;Map2k6;Fos;H2ac20;Cdc27;Map2k4;H2bc1;H4c11;H2ac4;H4c1;Kdm6b;H2ac15;H2ac10;H2ac8;H2bc15;Suz12;Mapk11;Anapc16;Ep400;Rps27a;H4c12;H2bc7;H4c3;H4c4;H2ac12;H2bc13;H2bc9;Tnik;Mapkapk3;H4c14;H4c18;H2bc12;H4c17;Map3k5;H2bc3;H4c6;Mre11a;Cdc23;Jun;H2bc8;H2bc6"
"Reactome","REACTOME_PEPTIDE_HORMONE_METABOLISM",0.280550774526678,0.808224997253451,-0.385606528126504,-1.13562530727238,25,6,"27226;53413;17380;18453;12038;11421","Pla2g7;Exoc7;Mme;P4hb;Bche;Ace"
"Reactome","REACTOME_CLASS_A_1_RHODOPSIN_LIKE_RECEPTORS",0.289763779527559,0.820795308536224,-0.299715710746956,-1.0827336656244,69,15,"20306;20312;12672;13610;19222;20315;107522;13617;11541;235044;20308;71111;76854;11548;78134","Ccl7;Cx3cl1;Chrm4;S1pr3;Ptgir;Cxcl12;Ece2;Ednra;Adora2b;Plppr2;Ccl9;Gpr39;Gper1;Adra1b;Lpar4"
"Reactome","REACTOME_PROGRAMMED_CELL_DEATH",0.288288288288288,0.820795308536224,0.257178118750633,1.08221012328636,113,30,"21873;12475;68942;74568;21898;16646;12368;22195;74143;97165;26419;26413;58801;12633;74006;66700;22186;12043;11798;19877;22629;53378;108155;12015;13063;67013;14272;15519;21872;12122","Tjp2;Cd14;Chmp2b;Mlkl;Tlr4;Kpna1;Casp6;Ube2l3;Opa1;Hmgb2;Mapk8;Mapk1;Pmaip1;Cflar;Dnm1l;Chmp3;Uba52;Bcl2;Xiap;Rock1;Ywhah;Sdcbp;Ogt;Bad;Cycs;Oma1;Fnta;Hsp90aa1;Tjp1;Bid"
"Reactome","REACTOME_RHO_GTPASES_ACTIVATE_PKNS",0.287104622871046,0.820795308536224,0.390747045587768,1.14941014228722,21,6,"19046;263803;320795;109333;11853;22629","Ppp1cb;Pkn3;Pkn1;Pkn2;Rhoc;Ywhah"
"Reactome","REACTOME_SPHINGOLIPID_DE_NOVO_BIOSYNTHESIS",0.289156626506024,0.820795308536224,0.396208033916394,1.15085422342863,19,4,"74442;17250;208449;66427","Sgms2;Abcc1;Sgms1;Cyb5b"
"Reactome","REACTOME_DOWNREGULATION_OF_SMAD2_3_SMAD4_TRANSCRIPTIONAL_ACTIVITY",0.291970802919708,0.823003305856887,0.388227660284266,1.14199919176853,21,6,"21815;20482;19042;26413;22186;66105","Tgif1;Skil;Ppm1a;Mapk1;Uba52;Ube2d3"
"Reactome","REACTOME_SLC_MEDIATED_TRANSMEMBRANE_TRANSPORT",0.292974588938714,0.823003305856887,-0.275034120884228,-1.07958583503317,117,31,"170441;13723;69354;108052;215335;20527;67863;100434;331004;20535;110895;67760;268512;27376;13521;63959;55963;20512;57138;83429;24059;338365;77031;215113;71279;18174;14664;107723;20536;26570;20520","Slc2a10;Emb;Slc38a4;Slc14a1;Slc36a1;Slc2a3;Slc25a11;Slc44a1;Slc9a9;Slc4a2;Slc9a4;Slc38a2;Slc26a11;Slc25a10;Slc26a2;Slc29a1;Slc1a4;Slc1a3;Slc12a5;Ctns;Slco2a1;Slc41a2;Slc9a8;Slc43a2;Slc29a3;Slc11a2;Slc6a9;Slc12a6;Slc4a3;Slc7a11;Slc22a5"
"Reactome","REACTOME_SEMAPHORIN_INTERACTIONS",0.295514511873351,0.82330586229736,0.319462073092279,1.10444030585668,42,16,"214968;224105;223881;22240;14360;243743;20361;11853;18481;56637;19877;20349;14159;15519;15516;18479","Sema6d;Pak2;Rnd1;Dpysl3;Fyn;Plxna4;Sema7a;Rhoc;Pak3;Gsk3b;Rock1;Sema3e;Fes;Hsp90aa1;Hsp90ab1;Pak1"
"Reactome","REACTOME_TRANSCRIPTIONAL_REGULATION_BY_E2F6",0.295121951219512,0.82330586229736,0.380107121343539,1.13206961419842,22,8,"71041;50496;21781;19821;14056;12151;19646;13619","Pcgf6;E2f6;Tfdp1;Rnf2;Ezh2;Bmi1;Rbbp4;Phc1"
"Reactome","REACTOME_GLYCOLYSIS",0.297124600638978,0.824207862108737,-0.316238742152184,-1.09490420369953,52,6,"67980;13808;223921;445007;170762;18642","Gnpda2;Eno3;Aaas;Nup85;Nup155;Pfkm"
"Reactome","REACTOME_PCP_CE_PATHWAY",0.298273155416013,0.824207862108737,-0.299369345286515,-1.0821831161301,68,14,"13543;19175;67300;14362;19184;57265;26446;71770;75788;22187;22123;66997;22418;216869","Dvl2;Psmb6;Cltc;Fzd1;Psmc5;Fzd2;Psmb3;Ap2b1;Smurf1;Ubb;Psmd3;Psmd12;Wnt5a;Arrb2"
"Reactome","REACTOME_MAPK_FAMILY_SIGNALING_CASCADES",0.304029304029304,0.829950963015479,0.228961184716315,1.05480977994253,217,39,"57296;13383;56392;260409;14165;18218;19671;226016;50772;19053;19252;14573;19046;18706;224105;70686;240672;26395;53310;21762;18590;14360;225849;20779;384783;56705;26413;240168;17463;23859;208884;14585;109905;13874;231474;76089;16193;54153;16452","Psmd8;Dlg1;Shoc2;Cdc42ep3;Fgf10;Dusp8;Rce1;Abhd17b;Mapk6;Ppp2cb;Dusp1;Gdnf;Ppp1cb;Pik3ca;Pak2;Dusp16;Dusp5;Map2k1;Dlg3;Psmd2;Pdgfa;Fyn;Ppp2r5b;Src;Irs2;Ranbp9;Mapk1;Rasgrp3;Psmd7;Dlg2;Zdhhc9;Gfra1;Rap1a;Ereg;Paqr3;Rapgef2;Il6;Rasa4;Jak2"
"Reactome","REACTOME_RESOLUTION_OF_SISTER_CHROMATID_COHESION",0.302222222222222,0.829950963015479,-0.276056775401871,-1.08168512381386,114,36,"66570;445007;70385;208628;73710;26886;216965;22151;18472;20877;67629;19052;67139;19357;83431;67052;108911;66140;69928;22142;67733;17120;232987;103573;68097;100710;66468;381306;66336;19387;12236;21770;18817;69912;70315;60411","Cenpm;Nup85;Spdl1;Kntc1;Tubb2b;Cenph;Taok1;Tubb2a;Pafah1b1;Aurkb;Spc24;Ppp2ca;Mis12;Rad21;Ndel1;Ndc80;Rcc2;Ska2;Cenps;Tuba1a;Itgb3bp;Mad1l1;B9d2;Xpo1;Dynll2;Pds5b;Ska1;Firrm;Cenpp;Rangap1;Bub1b;Ppp2r5d;Plk1;Nup43;Hdac8;Cenpk"
"Reactome","REACTOME_THE_ROLE_OF_GTSE1_IN_G2_M_PROGRESSION_AFTER_G2_CHECKPOINT",0.304,0.829950963015479,-0.313591440842115,-1.09520278400946,56,10,"19175;19184;73710;26446;29870;22151;22059;22187;22123;66997","Psmb6;Psmc5;Tubb2b;Psmb3;Gtse1;Tubb2a;Trp53;Ubb;Psmd3;Psmd12"
"Reactome","REACTOME_ENDOSOMAL_SORTING_COMPLEX_REQUIRED_FOR_TRANSPORT_ESCRT",0.305825242718447,0.831500760322845,0.34663704542532,1.10717442238051,29,11,"68942;70160;52348;20479;116733;73711;66700;22186;107305;20844;22088","Chmp2b;Vps36;Vps37a;Vps4b;Vps4a;Mvb12a;Chmp3;Uba52;Vps37c;Stam;Tsg101"
"Reactome","REACTOME_TRANSPORT_OF_MATURE_MRNAS_DERIVED_FROM_INTRONLESS_TRANSCRIPTS",0.308064516129032,0.834238709677419,-0.329610590150008,-1.09042814746014,41,11,"223921;445007;170762;21681;94230;19069;68188;72787;18141;227720;227699","Aaas;Nup85;Nup155;Alyref;Cpsf1;Nup88;Sympk;Ndc1;Nup50;Nup214;Nup188"
"Reactome","REACTOME_NUCLEAR_ENVELOPE_BREAKDOWN",0.310289389067524,0.836674004557216,-0.324180916739363,-1.08626106596465,45,15,"223921;445007;170762;69922;67181;19069;64898;72787;16905;18141;227720;227699;18751;18817;69912","Aaas;Nup85;Nup155;Vrk2;Ctdnep1;Nup88;Lpin2;Ndc1;Lmna;Nup50;Nup214;Nup188;Prkcb;Plk1;Nup43"
"Reactome","REACTOME_SIALIC_ACID_METABOLISM",0.311435523114355,0.836674004557216,0.382912813364626,1.1263651926811,21,4,"54613;18010;20444;12764","St3gal6;Neu1;St3gal2;Cmas"
"Reactome","REACTOME_RUNX1_INTERACTS_WITH_CO_FACTORS_WHOSE_PRECISE_EFFECT_ON_RUNX1_TARGETS_IS_NOT_KNOWN",0.313131313131313,0.83790473909051,-0.353268683711803,-1.08871569733248,31,8,"319974;328572;57376;494448;83797;67057;12418;83796","Auts2;Ep300;Smarce1;Cbx6;Smarcd1;Yaf2;Cbx4;Smarcd2"
"Reactome","REACTOME_GPVI_MEDIATED_ACTIVATION_CASCADE",0.317848410757946,0.843302534829721,0.370565425003794,1.11488790105717,23,3,"14726;18706;14360","Pdpn;Pik3ca;Fyn"
"Reactome","REACTOME_HDMS_DEMETHYLATE_HISTONES",0.317817014446228,0.843302534829721,-0.327624284805678,-1.08826454990305,42,24,"97908;360198;319159;107817;326619;216850;319148;230674;319160;319153;319152;319155;319156;319151;97122;319161;100041230;319157;277250;260423;218214;18676;319150;319158","H3c8;H3c1;H4c11;Jmjd6;H4c1;Kdm6b;H3c3;Kdm4a;H4c12;H3c11;H3c10;H4c3;H4c4;H3c6;H4c14;H4c18;H4c17;H4c6;Kdm3b;H3c7;Kdm1b;Phf2;H3c2;H4c9"
"Reactome","REACTOME_PLATELET_ACTIVATION_SIGNALING_AND_AGGREGATION",0.318885448916409,0.843302534829721,0.234438489997222,1.05150081649937,166,59,"14726;19128;16439;22340;21825;18783;11747;27999;18706;227333;19241;14062;14682;67072;18590;14360;20779;26413;20655;109905;12527;11674;11551;239273;66866;54216;215449;14701;223601;16784;14675;12314;14205;110157;18787;17096;14688;20416;12540;320207;19156;192176;12313;68117;72017;21346;20662;14678;18754;57257;26416;67059;14707;104009;22330;110524;227612;108101;14696","Pdpn;Pros1;Itpr2;Vegfb;Thbs1;Pla2g4a;Anxa5;Fam3c;Pik3ca;Dgkd;Tmsb4x;F2r;Gnaq;Cdc37l1;Pdgfa;Fyn;Src;Mapk1;Sod1;Rap1a;Cd9;Aldoa;Adra2a;Abcc4;Nhlrc2;Pcdh7;Rap1b;Gng12;Cyrib;Lamp2;Gna14;Calm2;Vegfd;Raf1;Serpine1;Lyn;Gnb1;Shc1;Cdc42;Pik3r5;Psap;Flna;Calm1;Apool;Cyb5r1;Tagln2;Sos1;Gnai2;Prkce;Vav3;Mapk14;Ola1;Gng5;Qsox1;Vcl;Dgkq;Tor4a;Fermt3;Gnb4"
"Reactome","REACTOME_MITOTIC_PROMETAPHASE",0.321377331420373,0.84330408283563,-0.254781861621142,-1.06471736072687,184,56,"66570;328580;445007;103733;12009;70385;208628;73710;26886;216965;216274;22151;18472;20877;67629;19052;67139;78887;19357;83431;67052;108911;22627;73738;214444;66140;104318;214552;69928;68121;16328;70799;27373;68298;22142;13191;67733;17120;101706;232987;74237;103573;68097;100710;66468;231123;381306;66336;225745;19387;12236;21770;18817;69912;70315;60411","Cenpm;Tubgcp6;Nup85;Tubg1;Cep131;Spdl1;Kntc1;Tubb2b;Cenph;Taok1;Cep290;Tubb2a;Pafah1b1;Aurkb;Spc24;Ppp2ca;Mis12;Sfi1;Rad21;Ndel1;Ndc80;Rcc2;Ywhae;Haus7;Cdk5rap2;Ska2;Csnk1d;Cep164;Cenps;Cep70;Cep250;Cep192;Csnk1e;Ncapd2;Tuba1a;Dctn1;Itgb3bp;Mad1l1;Numa1;B9d2;Tubgcp2;Xpo1;Dynll2;Pds5b;Ska1;Haus3;Firrm;Cenpp;Haus1;Rangap1;Bub1b;Ppp2r5d;Plk1;Nup43;Hdac8;Cenpk"
"Reactome","REACTOME_SUMOYLATION_OF_DNA_DAMAGE_RESPONSE_AND_REPAIR_PROTEINS",0.320987654320988,0.84330408283563,-0.293434855140945,-1.07077320007309,72,23,"223921;445007;68275;68501;240087;12189;170762;12418;19357;22658;19069;56233;56469;30951;59004;72787;18141;12416;15204;227720;227699;170930;20610","Aaas;Nup85;Rpa1;Nsmce2;Mdc1;Brca1;Nup155;Cbx4;Rad21;Pcgf2;Nup88;Hdac7;Pias1;Cbx8;Pias4;Ndc1;Nup50;Cbx2;Herc2;Nup214;Nup188;Sumo2;Sumo3"
"Reactome","REACTOME_RECOGNITION_OF_DNA_DAMAGE_BY_PCNA_CONTAINING_REPLICATION_COMPLEX",0.324958123953099,0.849407914734548,-0.35787861274973,-1.09528841164269,30,15,"68275;18972;69263;22187;19718;56438;19687;78294;22210;18971;76843;18973;19891;68240;106344","Rpa1;Pold2;Rfc3;Ubb;Rfc2;Rbx1;Rfc1;Rps27a;Ube2b;Pold1;Dtl;Pole;Rpa2;Rpa3;Rfc4"
"Reactome","REACTOME_REGULATION_OF_INSULIN_LIKE_GROWTH_FACTOR_IGF_TRANSPORT_AND_UPTAKE_BY_INSULIN_LIKE_GROWTH_FACTOR_BINDING_PROTEINS_IGFBPS",0.328616352201258,0.855666424770198,-0.290334284006729,-1.06972345022511,76,15,"16010;80752;16009;76453;16012;105348;75761;15529;16852;13602;208659;21857;14268;13003;18453","Igfbp4;Fam20c;Igfbp3;Prss23;Igfbp6;Golm1;Apol7a;Sdc2;Lgals1;Sparcl1;Fam20a;Timp1;Fn1;Vcan;P4hb"
"Reactome","REACTOME_MITOPHAGY",0.330788804071247,0.858023066498981,0.3209330357262,1.07426200568175,36,9,"13000;20779;22195;67952;67443;22335;22186;28185;66105","Csnk2a2;Src;Ube2l3;Tomm20;Map1lc3b;Vdac3;Uba52;Tomm70a;Ube2d3"
"Reactome","REACTOME_METALLOPROTEASE_DUBS",0.33448275862069,0.864293235061858,-0.364922088551728,-1.08835368163296,28,11,"328572;12189;22187;319176;319172;319169;319173;319166;78294;320713;319168","Ep300;Brca1;Ubb;H2ac20;H2ac4;H2ac15;H2ac10;H2ac8;Rps27a;Mysm1;H2ac12"
"Reactome","REACTOME_MAJOR_PATHWAY_OF_RRNA_PROCESSING_IN_THE_NUCLEOLUS_AND_CYTOSOL",0.336448598130841,0.866067303933762,0.234233881755182,1.04935443374532,163,68,"68533;57808;14109;76808;59028;114641;67427;270106;66583;66164;20088;22186;20042;21771;20102;269261;229504;100503670;54364;57294;19981;20091;67248;20090;22121;19951;20103;24128;14791;66481;16898;66489;30877;19989;18572;66480;102462;67619;20115;66475;20085;19933;20005;54127;67891;75617;19988;67276;16785;27050;19934;69639;67045;55989;215193;67115;20104;110954;19982;227715;105372;67134;100043813;234374;68193;68028;227522;267019","Mphosph6;Rpl35a;Fau;Rpl18a;Rcl1;Rpl31;Rps20;Rpl13;Exosc1;Nip7;Rps24;Uba52;Rps12;Utp4;Rps4x;Rpl12;Isg20l2;Rpl5;Rpp30;Rps27;Rpl37a;Rps3a1;Rpl39;Rps29;Rpl13a;Rpl32;Rps5;Xrn2;Emg1;Rps21;Rps2;Rpl35;Gnl3;Rpl7;Pdcd11;Rpl15;Imp3;Nob1;Rps7;Rps23;Rps19;Rpl21;Rpl9;Rps28;Rpl4;Rps25;Rpl6;Eri1;Rpsa;Rps3;Rpl22;Exosc8;Riok2;Nop58;Utp25;Rpl14;Rps6;Rpl10;Rpl36a;Exosc2;Utp15;Nop56;Rps27rt;Ddx49;Rpl24;Rpl22l1;Rpp38;Rps15a"
"Reactome","REACTOME_CYTOKINE_SIGNALING_IN_IMMUNE_SYSTEM",0.348684210526316,0.876316145360406,-0.230025414000554,-1.03370958122177,343,97,"12931;53859;18412;16157;19175;21944;20851;21938;22631;216233;56208;71885;19184;73710;69146;23939;245527;26446;20850;20892;18414;66513;22151;192170;18453;22059;26420;15979;20614;22187;22123;19052;66997;230979;20848;15511;16161;19271;14784;192656;21357;104806;71966;26399;11908;14281;97908;21402;26398;12330;360198;223664;56438;13681;18708;85030;69928;19173;60534;56469;18035;319148;107527;26406;103583;20698;19094;12928;69077;22142;12370;78294;217069;101568;266632;19698;12988;54721;12702;24014;18753;56484;14229;319153;319152;67030;16211;12323;73914;11796;20586;22031;16195;102626;13019;319151;22318","Crlf1;Map3k14;Sqstm1;Il11ra1;Psmb6;Tnfsf12;Stat5b;Tnfrsf1b;Ywhaz;Socs2;Becn1;Faap100;Psmc5;Tubb2b;Gsdmd;Mapk7;Eda2r;Psmb3;Stat5a;Cenpx;Osmr;Tab1;Tubb2a;Eif4a3;P4hb;Trp53;Mapk9;Ifngr1;Snap25;Ubb;Psmd3;Ppp2ca;Psmd12;Tnfrsf14;Stat3;Hspa1b;Il12rb1;Ptprj;Grb2;Ripk2;Tarbp2;Fancm;Nkiras2;Map2k6;Atf1;Fos;H3c8;Skp1;Map2k4;Canx;H3c1;Lrrc14;Rbx1;Eif4a1;Pik3r1;Tnfrsf25;Cenps;Psmb5;Fancg;Pias1;Nfkbia;H3c3;Il1rl2;Map3k3;Fbxw11;Sphk1;Mapk11;Crk;Psmd11;Tuba1a;Casp8;Rps27a;Trim25;Vrk3;Irak4;Relb;Csk;Tyk2;Socs3;Rnasel;Prkcd;Foxo3;Fkbp5;H3c11;H3c10;Fancl;Kpnb1;Camk2b;Irak3;Birc3;Smarca4;Traf3;Il6st;Mapkapk3;Ctf1;H3c6;Vamp2"
"Reactome","REACTOME_DOWNSTREAM_SIGNALING_OF_ACTIVATED_FGFR2",0.344186046511628,0.876316145360406,0.384984847253523,1.08520636151158,17,7,"14165;18706;16653;20416;20662;67112;15461","Fgf10;Pik3ca;Kras;Shc1;Sos1;Fgf22;Hras"
"Reactome","REACTOME_EGFR_DOWNREGULATION",0.350710900473934,0.876316145360406,0.336258701886686,1.06990616921378,28,13,"19272;24064;13874;22186;20408;19248;20844;54126;13858;15200;12540;24063;13859","Ptprk;Spry2;Ereg;Uba52;Sh3gl3;Ptpn12;Stam;Arhgef7;Eps15;Hbegf;Cdc42;Spry1;Eps15l1"
"Reactome","REACTOME_EPHA_MEDIATED_GROWTH_CONE_COLLAPSE",0.342403628117914,0.876316145360406,0.408461295634935,1.10552792953861,15,4,"13836;22612;14360;20779","Epha2;Yes1;Fyn;Src"
"Reactome","REACTOME_NEGATIVE_REGULATION_OF_MAPK_PATHWAY",0.350785340314136,0.876316145360406,0.313133846042061,1.07290201375956,41,11,"18218;19053;19252;70686;240672;26395;225849;26413;231474;22186;17169","Dusp8;Ppp2cb;Dusp1;Dusp16;Dusp5;Map2k1;Ppp2r5b;Mapk1;Paqr3;Uba52;Mark3"
"Reactome","REACTOME_RHO_GTPASE_CYCLE",0.347883597883598,0.876316145360406,-0.232068484994668,-1.04185555812628,356,76,"72754;80837;108100;210293;75409;109934;105782;22379;224014;223921;108686;16480;68428;71704;67300;108699;83397;68653;58996;104445;18844;20742;19285;14570;330914;20401;223435;21763;69710;213649;67784;209318;223666;23853;330662;69922;19230;269608;15239;14784;56699;71544;71409;66894;20166;56418;83767;268970;242202;238130;404710;66251;26934;77006;12874;70350;192662;12261;210998;223870;19655;19299;18708;56381;236915;14467;53817;94190;11465;66871;233103;14674;68813;64652;11858;242687","Arhgef10l;Rhoj;Baiap2;Dock10;Slitrk5;Abr;Scrib;Fmnl3;Fgd4;Aaas;Ccdc88a;Jup;Steap3;Arhgef3;Cltc;Chn1;Akap12;Samm50;Arhgap23;Cdc42ep1;Plxna1;Sptbn1;Cavin1;Arhgdig;Arhgap32;Sh3bp1;Trio;Tex2;Arap1;Arhgef19;Plxnd1;Gps1;Arhgap39;Def6;Dock1;Vrk2;Twf1;Plekhg5;Hgs;Grb2;Cdc42ep4;Arhgap42;Fmnl2;Wwp2;Rtkn;Ykt6;Wasf1;Arhgap28;Pde5a;Dock4;Iqgap3;Arfgap3;Racgap1;Ddrgk1;Cpd;Basp1;Arhgdia;C1qbp;Fam91a1;Senp1;Rbmx;Abcd3;Pik3r1;Spen;Arhgef9;Nipsnap2;Ddx39b;Ophn1;Actg1;Cpne8;Garre1;Gna13;Dock5;Nisch;Rnd2;Wasf2"
"Reactome","REACTOME_SNRNP_ASSEMBLY",0.349840255591054,0.876316145360406,-0.31238962599267,-1.05924551975561,48,13,"223921;445007;170762;19069;216766;72787;66069;18141;227720;227699;69878;69912;66603","Aaas;Nup85;Nup155;Nup88;Gemin5;Ndc1;Snupn;Nup50;Nup214;Nup188;Snrpf;Nup43;Gemin2"
"Reactome","REACTOME_TRANSCRIPTION_COUPLED_NUCLEOTIDE_EXCISION_REPAIR_TC_NER",0.349304482225657,0.876316145360406,-0.285859365377751,-1.04779988859748,74,17,"68275;26572;18972;20020;16882;69833;71101;209318;22594;69263;22187;19718;66671;66983;17749;56438;19687","Rpa1;Cops3;Pold2;Polr2a;Lig3;Polr2f;Uvssa;Gps1;Xrcc1;Rfc3;Ubb;Rfc2;Ccnh;Zfp830;Polr2k;Rbx1;Rfc1"
"Reactome","REACTOME_SIGNALING_BY_INSULIN_RECEPTOR",0.352941176470588,0.878211340897908,0.296848604686037,1.05414611922878,49,20,"15925;14165;18706;11964;384783;16337;26413;66144;108664;11966;11974;20416;66290;11973;20662;67112;114143;75778;11652;54411","Ide;Fgf10;Pik3ca;Atp6v1a;Irs2;Insr;Mapk1;Atp6v1f;Atp6v1h;Atp6v1b2;Atp6v0e;Shc1;Atp6v1g1;Atp6v1e1;Sos1;Fgf22;Atp6v0b;Them4;Akt2;Atp6ap1"
"Reactome","REACTOME_SIGNALING_BY_RECEPTOR_TYROSINE_KINASES",0.354138398914518,0.878211340897908,-0.232857929578808,-1.03967068665078,317,74,"29857;108100;18596;14254;13649;12834;16480;17395;78757;11975;67300;54152;12835;20851;328572;12833;23939;17937;20393;14182;20418;66335;20020;12825;20850;71770;12831;14268;319939;69833;12841;330662;22187;16775;15507;19052;114716;20848;545622;12223;15239;15382;19271;14784;260302;20750;21827;17311;217169;13866;83767;12387;19730;11908;17749;15235;22341;18708;53867;11771;11465;18591;242687;12814;114715;16398;228775;75669;20698;19094;12928;78294;26396;101568","Mapk12;Baiap2;Pdgfrb;Flt1;Egfr;Col6a2;Jup;Mmp9;Rictor;Atp6v0a1;Cltc;Dnal4;Col6a3;Stat5b;Ep300;Col6a1;Mapk7;Nab2;Sgk1;Fgfr1;Shc3;Atp6v1c1;Polr2a;Col3a1;Stat5a;Ap2b1;Col5a1;Fn1;Tns3;Polr2f;Col9a3;Dock1;Ubb;Lama4;Hspb1;Ppp2ca;Spred2;Stat3;Ptpn3;Btc;Hgs;Hnrnpa1;Ptprj;Grb2;Gga3;Spp1;Thbs3;Kitl;Tns4;Erbb2;Wasf1;Ctnnb1;Ralgds;Atf1;Polr2k;Mst1;Vegfc;Pik3r1;Col5a3;Ap2a1;Actg1;Pdgfb;Wasf2;Col11a1;Spred1;Itga2;Trib3;Pik3r4;Sphk1;Mapk11;Crk;Rps27a;Map2k2;Vrk3"
"Reactome","REACTOME_NEURONAL_SYSTEM",0.359281437125749,0.887713623847196,-0.258080983451501,-1.04283770147729,147,63,"14799;75409;11669;107065;55984;15165;12287;18195;16506;13385;71770;19084;67760;20614;80749;12295;14811;19024;14700;14802;104111;14645;20512;14706;104110;238271;227700;236915;11771;52589;13822;18693;27204;14814;14252;65106;18190;52150;14615;239250;226922;14806;12323;18749;15166;58234;22318;216856;18751;72258;55991;20964;16518;54393;11512;207565;211480;16511;12315;12325;14702;214579;66066","Gria1;Slitrk5;Aldh2;Lrrtm2;Camkk1;Hcn1;Cacna1b;Nsf;Kcnd1;Dlg4;Ap2b1;Prkar1a;Slc38a2;Snap25;Lrfn1;Cacnb1;Grin2a;Ppfibp2;Gng10;Gria4;Adcy3;Glul;Slc1a3;Gng4;Adcy4;Kcnh5;Sh3glb2;Arhgef9;Ap2a1;Ncald;Epb41l2;Pick1;Syn3;Grin2d;Flot2;Arl6ip5;Nrxn2;Kcnk6;Gjc1;Slitrk6;Kcnq5;Grik2;Camk2b;Prkacb;Hcn2;Shank3;Vamp2;Nlgn2;Prkcb;Kcnk10;Panx1;Syn1;Kcnj2;Gabbr1;Adcy6;Camkk2;Kcnj14;Kcnh2;Calm3;Camk2g;Gng2;Aldh5a1;Gng11"
"Reactome","REACTOME_VLDLR_INTERNALISATION_AND_DEGRADATION",0.363636363636364,0.895206611570248,-0.427597513126263,-1.10449511861322,15,6,"67300;71770;22187;11771;22259;78294","Cltc;Ap2b1;Ubb;Ap2a1;Nr1h3;Rps27a"
"Reactome","REACTOME_ARACHIDONATE_METABOLISM",0.376811594202899,0.899500425170068,0.367053923137787,1.08126144947755,20,6,"105349;19225;18783;12408;17250;17164","Akr1c18;Ptgs2;Pla2g4a;Cbr1;Abcc1;Mapkapk2"
"Reactome","REACTOME_DEGRADATION_OF_GLI1_BY_THE_PROTEASOME",0.380417335473515,0.899500425170068,-0.313686791131036,-1.04196859144073,42,12,"19175;19184;26446;22187;22123;66997;14632;21402;56438;19173;69077;78294","Psmb6;Psmc5;Psmb3;Ubb;Psmd3;Psmd12;Gli1;Skp1;Rbx1;Psmb5;Psmd11;Rps27a"
"Reactome","REACTOME_DNA_DOUBLE_STRAND_BREAK_RESPONSE",0.377503852080123,0.899500425170068,-0.283300233995382,-1.0356958217236,73,33,"14049;240087;12189;19360;11920;22059;22187;319177;319159;326619;319187;230674;78294;59004;319160;319180;11785;319155;319156;15204;16647;319185;319182;97122;319161;319184;100041230;70681;319178;319157;17535;319181;319179","Eya2;Mdc1;Brca1;Rad50;Atm;Trp53;Ubb;H2bc1;H4c11;H4c1;H2bc15;Kdm4a;Rps27a;Pias4;H4c12;H2bc7;Apbb1;H4c3;H4c4;Herc2;Kpna2;H2bc13;H2bc9;H4c14;H4c18;H2bc12;H4c17;Abraxas1;H2bc3;H4c6;Mre11a;H2bc8;H2bc6"
"Reactome","REACTOME_GLYCOSAMINOGLYCAN_PROTEIN_LINKAGE_REGION_BIOSYNTHESIS",0.38265306122449,0.899500425170068,-0.37767629367208,-1.06214815989711,20,5,"217119;12111;15529;13003;233781","Xylt2;Bgn;Sdc2;Vcan;Xylt1"
"Reactome","REACTOME_METABOLISM_OF_WATER_SOLUBLE_VITAMINS_AND_COFACTORS",0.376722817764165,0.899500425170068,-0.275799416719857,-1.04221803027184,91,16,"109754;68087;109672;12494;216134;20527;74080;14104;107476;107747;26363;20425;67283;52466;56738;11761","Cyb5r3;Dcakd;Cyb5a;Cd38;Pdxk;Slc2a3;Nmnat3;Fasn;Acaca;Aldh1l1;Btd;Shmt1;Slc25a19;Slc46a1;Mocs1;Aox1"
"Reactome","REACTOME_MET_PROMOTES_CELL_MOTILITY",0.381034482758621,0.899500425170068,-0.352671278553338,-1.05181652868163,28,13,"12825;12831;14268;319939;16775;14784;217169;53867;12814;16398;12928;14083;67299","Col3a1;Col5a1;Fn1;Tns3;Lama4;Grb2;Tns4;Col5a3;Col11a1;Itga2;Crk;Ptk2;Dock7"
"Reactome","REACTOME_MRNA_DECAY_BY_3_TO_5_EXORIBONUCLEASE",0.376114081996435,0.899500425170068,-0.424106783101652,-1.09547847526468,15,3,"68106;109075;69305","Nt5c3b;Exosc4;Dcps"
"Reactome","REACTOME_RAB_GERANYLGERANYLATION",0.381962864721485,0.899500425170068,0.284883332566429,1.01819755683731,51,13,"17274;104886;12663;75985;76308;19335;53869;106572;19244;19352;12662;271457;328778","Rab8a;Rab15;Chml;Rab30;Rab1b;Rab23;Rab11a;Rab31;Ptp4a2;Rabggtb;Chm;Rab5a;Rab26"
"Reactome","REACTOME_SIGNALING_BY_FGFR",0.378306878306878,0.899500425170068,0.285566959610037,1.04997914033432,58,12,"14165;19053;18706;245841;67903;20779;26413;24064;67710;72514;20021;22186","Fgf10;Ppp2cb;Pik3ca;Polr2h;Gipc1;Src;Mapk1;Spry2;Polr2g;Fgfbp3;Polr2c;Uba52"
"Reactome","REACTOME_SUMOYLATION_OF_UBIQUITINYLATION_PROTEINS",0.378068739770867,0.899500425170068,-0.329749628761936,-1.06155311754435,37,10,"223921;445007;170762;19069;56469;59004;72787;18141;227720;227699","Aaas;Nup85;Nup155;Nup88;Pias1;Pias4;Ndc1;Nup50;Nup214;Nup188"
"Reactome","REACTOME_TELOMERE_EXTENSION_BY_TELOMERASE",0.370192307692308,0.899500425170068,0.371857775874845,1.06472431982225,18,9,"52036;497652;12566;67857;12428;66181;245474;21750;68147","Ppp6r3;Acd;Cdk2;Ppp6c;Ccna2;Nop10;Dkc1;Terf2;Gar1"
"Reactome","REACTOME_TGF_BETA_RECEPTOR_SIGNALING_ACTIVATES_SMADS",0.380952380952381,0.899500425170068,-0.328979530005675,-1.05124443350058,36,12,"16997;320910;241226;22187;170749;65112;21809;78294;21812;14118;21803;17127","Ltbp2;Itgb8;Itga8;Ubb;Mtmr4;Pmepa1;Tgfb3;Rps27a;Tgfbr1;Fbn1;Tgfb1;Smad3"
"Reactome","REACTOME_UCH_PROTEINASES",0.380216383307573,0.899500425170068,-0.280472743483086,-1.02805555797642,74,19,"19175;19184;26446;70020;22187;22123;66997;235134;319176;51812;319172;68837;319169;19173;11465;319173;319166;69077;78294","Psmb6;Psmc5;Psmb3;Ino80b;Ubb;Psmd3;Psmd12;Nfrkb;H2ac20;Mcrs1;H2ac4;Foxk2;H2ac15;Psmb5;Actg1;H2ac10;H2ac8;Psmd11;Rps27a"
"Reactome","REACTOME_ACTIVATION_OF_NF_KAPPAB_IN_B_CELLS",0.423076923076923,0.902548299676545,-0.29329773098508,-1.00749707220997,50,14,"18037;19175;19696;19184;26446;22187;22123;66997;21402;19173;18035;103583;69077;78294","Nfkbie;Psmb6;Rel;Psmc5;Psmb3;Ubb;Psmd3;Psmd12;Skp1;Psmb5;Nfkbia;Fbxw11;Psmd11;Rps27a"
"Reactome","REACTOME_ACTIVATION_OF_NMDA_RECEPTORS_AND_POSTSYNAPTIC_EVENTS",0.385542168674699,0.902548299676545,-0.354108790811759,-1.04286332061663,25,6,"14799;55984;13385;19084;14811;14802","Gria1;Camkk1;Dlg4;Prkar1a;Grin2a;Gria4"
"Reactome","REACTOME_ANTIGEN_ACTIVATES_B_CELL_RECEPTOR_BCR_LEADING_TO_GENERATION_OF_SECOND_MESSENGERS",0.399092970521542,0.902548299676545,0.384870919790503,1.04167899294893,15,3,"16439;22063;20866","Itpr2;Trpc1;Stim1"
"Reactome","REACTOME_AURKA_ACTIVATION_BY_TPX2",0.436220472440945,0.902548299676545,-0.276732448258219,-0.999705812395024,69,17,"103733;12009;216274;18472;78887;15366;22627;73738;214444;104318;214552;68121;16328;70799;27373;22142;13191","Tubg1;Cep131;Cep290;Pafah1b1;Sfi1;Hmmr;Ywhae;Haus7;Cdk5rap2;Csnk1d;Cep164;Cep70;Cep250;Cep192;Csnk1e;Tuba1a;Dctn1"
"Reactome","REACTOME_CARBOXYTERMINAL_POST_TRANSLATIONAL_MODIFICATIONS_OF_TUBULIN",0.397868561278863,0.902548299676545,-0.406236074929068,-1.06802115480931,16,5,"73710;22151;320244;223723;22142","Tubb2b;Tubb2a;Ttll5;Ttll12;Tuba1a"
"Reactome","REACTOME_CARGO_RECOGNITION_FOR_CLATHRIN_MEDIATED_ENDOCYTOSIS",0.42967542503864,0.902548299676545,-0.274204719302907,-1.00979753622679,75,16,"13649;13543;13132;13855;67300;26572;71770;209318;22187;12223;15239;14784;22418;216869;54609;22320","Egfr;Dvl2;Dab2;Epn2;Cltc;Cops3;Ap2b1;Gps1;Ubb;Btc;Hgs;Grb2;Wnt5a;Arrb2;Ubqln2;Vamp8"
"Reactome","REACTOME_CHAPERONIN_MEDIATED_PROTEIN_FOLDING",0.424757281553398,0.902548299676545,0.317067685105995,1.0127285463157,29,14,"13000;14682;12469;14701;14675;67466;14688;12461;12462;14707;12466;14696;21454;12995","Csnk2a2;Gnaq;Cct8;Gng12;Gna14;Pdcl;Gnb1;Cct2;Cct3;Gng5;Cct6a;Gnb4;Tcp1;Csnk2a1"
"Reactome","REACTOME_DOWNSTREAM_SIGNAL_TRANSDUCTION",0.417094017094017,0.902548299676545,-0.348017873139711,-1.03477595280308,26,8,"18596;20851;20850;20848;14784;18708;18591;12928","Pdgfrb;Stat5b;Stat5a;Stat3;Grb2;Pik3r1;Pdgfb;Crk"
"Reactome","REACTOME_EFFECTS_OF_PIP2_HYDROLYSIS",0.397868561278863,0.902548299676545,-0.404256177451465,-1.06281587511867,16,4,"331374;231871;56077;66082","Dgkk;Daglb;Dgke;Abhd6"
"Reactome","REACTOME_ENERGY_DEPENDENT_REGULATION_OF_MTOR_BY_LKB1_AMPK",0.404844290657439,0.902548299676545,-0.350899047376492,-1.04474121138689,27,10,"72149;74370;105787;19082;108099;22084;268706;66096;56717;19079","Strada;Rptor;Prkaa1;Prkag1;Prkag2;Tsc2;Slc38a9;Lamtor4;Mtor;Prkab1"
"Reactome","REACTOME_FORMATION_OF_ATP_BY_CHEMIOSMOTIC_COUPLING",0.40885860306644,0.902548299676545,-0.378479266793036,-1.05072182954906,19,11,"67942;71679;11951;17705;228033;66043;17706;11949;68055;11946;67126","Atp5mc2;Atp5pd;Atp5mc1;mt-Atp6;Atp5mc3;Atp5f1d;mt-Atp8;Atp5f1c;Dmac2l;Atp5f1a;Atp5f1e"
"Reactome","REACTOME_IKK_COMPLEX_RECRUITMENT_MEDIATED_BY_RIP1",0.430656934306569,0.902548299676545,0.347914646910879,1.02341560435373,21,5,"12475;12675;21898;22186;66105","Cd14;Chuk;Tlr4;Uba52;Ube2d3"
"Reactome","REACTOME_INSULIN_RECEPTOR_SIGNALLING_CASCADE",0.424170616113744,0.902548299676545,0.319657528420662,1.01708464278835,28,5,"14165;18706;384783;16337;26413","Fgf10;Pik3ca;Irs2;Insr;Mapk1"
"Reactome","REACTOME_INTRACELLULAR_SIGNALING_BY_SECOND_MESSENGERS",0.437275985663082,0.902548299676545,0.217421482080605,0.998763232231658,209,62,"15937;57296;74493;14165;12675;252870;19053;18706;110355;19211;23942;13000;19085;13982;21762;18590;14360;225849;20779;18573;98432;384783;18720;16337;26413;17463;13874;54383;19821;22186;11513;29871;11798;17246;68441;234366;58988;70247;14056;12912;117150;16180;12151;12314;23797;15200;19646;17874;13619;14013;320207;244650;15370;19167;12064;16179;18707;12313;21951;19172;26442;56692","Ier3;Psmd8;Tnks2;Fgf10;Chuk;Usp7;Ppp2cb;Pik3ca;Grk2;Pten;Mta2;Csnk2a2;Prkar1b;Esr1;Psmd2;Pdgfa;Fyn;Ppp2r5b;Src;Pde1a;Phlpp1;Irs2;Pip5k1a;Insr;Mapk1;Psmd7;Ereg;Phc2;Rnf2;Uba52;Adcy7;Scmh1;Xiap;Mdm2;Rraga;Gatad2a;Rps6kb2;Psmd1;Ezh2;Creb1;Pip4k2c;Il1rap;Bmi1;Calm2;Akt3;Hbegf;Rbbp4;Myd88;Phc1;Mecom;Pik3r5;Phlpp2;Nr4a1;Psma3;Bdnf;Irak1;Pik3cd;Calm1;Tnks;Psmb4;Psma5;Lamtor3"
"Reactome","REACTOME_INTRAFLAGELLAR_TRANSPORT",0.421221864951768,0.902548299676545,-0.303737687421588,-1.01776016747302,45,18,"67042;73710;16568;22151;81896;67661;55978;72421;106633;22142;68097;16570;73668;109181;67286;76568;71820;16579","Ift27;Tubb2b;Kif3a;Tubb2a;Ift122;Ift172;Ift20;Ift70b;Ift140;Tuba1a;Dynll2;Kif3c;Ttc21b;Trip11;Ift22;Ift46;Dync2i2;Kifap3"
"Reactome","REACTOME_KERATAN_SULFATE_BIOSYNTHESIS",0.421412300683371,0.902548299676545,0.375397791084335,1.02900740577993,16,3,"54613;14595;20444","St3gal6;B4galt1;St3gal2"
"Reactome","REACTOME_MITOCHONDRIAL_CALCIUM_ION_TRANSPORT",0.437209302325581,0.902548299676545,0.354449634968244,0.999132826777709,17,7,"78506;234847;66815;170756;27377;68115;381038","Micu3;Spg7;Mcub;Slc8b1;Yme1l1;Maip1;Parl"
"Reactome","REACTOME_MITOTIC_SPINDLE_CHECKPOINT",0.401812688821752,0.902548299676545,-0.268316408232806,-1.03889056619147,107,34,"66570;445007;70385;208628;26886;216965;18472;20877;67629;66156;19052;67139;83431;67052;108911;217232;66140;69928;52717;67733;17120;232987;103573;68097;66468;66336;19387;12236;21770;18817;69912;60411;52563;107995","Cenpm;Nup85;Spdl1;Kntc1;Cenph;Taok1;Pafah1b1;Aurkb;Spc24;Anapc11;Ppp2ca;Mis12;Ndel1;Ndc80;Rcc2;Cdc27;Ska2;Cenps;Anapc16;Itgb3bp;Mad1l1;B9d2;Xpo1;Dynll2;Ska1;Cenpp;Rangap1;Bub1b;Ppp2r5d;Plk1;Nup43;Cenpk;Cdc23;Cdc20"
"Reactome","REACTOME_NEGATIVE_REGULATION_OF_FGFR4_SIGNALING",0.416867469879518,0.902548299676545,0.352217812035218,1.02307707529489,19,5,"19053;20779;26413;24064;22186","Ppp2cb;Src;Mapk1;Spry2;Uba52"
"Reactome","REACTOME_NEUROTRANSMITTER_RECEPTORS_AND_POSTSYNAPTIC_SIGNAL_TRANSMISSION",0.411302982731554,0.902548299676545,-0.281300678491642,-1.01686712287876,68,17,"14799;55984;18195;13385;71770;19084;14811;14700;14802;104111;14706;104110;236915;11771;52589;18693;14814","Gria1;Camkk1;Nsf;Dlg4;Ap2b1;Prkar1a;Grin2a;Gng10;Gria4;Adcy3;Gng4;Adcy4;Arhgef9;Ap2a1;Ncald;Pick1;Grin2d"
"Reactome","REACTOME_NUCLEAR_EVENTS_MEDIATED_BY_NFE2L2",0.431340872374798,0.902548299676545,-0.304175625304163,-1.01176367191316,43,12,"19175;328572;19184;26446;22187;22123;66997;21402;56438;19173;69077;78294","Psmb6;Ep300;Psmc5;Psmb3;Ubb;Psmd3;Psmd12;Skp1;Rbx1;Psmb5;Psmd11;Rps27a"
"Reactome","REACTOME_NUCLEOTIDE_SALVAGE",0.425790754257908,0.902548299676545,0.351982932254323,1.03538275417169,21,6,"11717;80914;22271;57813;109674;11821","Ampd3;Uck2;Upp1;Tk2;Ampd2;Aprt"
"Reactome","REACTOME_P53_DEPENDENT_G1_DNA_DAMAGE_RESPONSE",0.39968152866242,0.902548299676545,-0.29948794734471,-1.02400474081591,49,9,"29813;19175;19184;11920;26446;22059;22187;22123;66997","Zfp385a;Psmb6;Psmc5;Atm;Psmb3;Trp53;Ubb;Psmd3;Psmd12"
"Reactome","REACTOME_RECRUITMENT_OF_NUMA_TO_MITOTIC_CENTROSOMES",0.399053627760252,0.902548299676545,-0.280598945540072,-1.03323643893623,82,21,"328580;103733;12009;73710;216274;22151;18472;78887;22627;73738;214444;104318;214552;68121;16328;70799;27373;22142;13191;101706;74237","Tubgcp6;Tubg1;Cep131;Tubb2b;Cep290;Tubb2a;Pafah1b1;Sfi1;Ywhae;Haus7;Cdk5rap2;Csnk1d;Cep164;Cep70;Cep250;Cep192;Csnk1e;Tuba1a;Dctn1;Numa1;Tubgcp2"
"Reactome","REACTOME_RECYCLING_PATHWAY_OF_L1",0.403685092127303,0.902548299676545,-0.340054995277652,-1.04073918468352,30,8,"13429;67300;73710;71770;22151;11771;11465;22142","Dnm1;Cltc;Tubb2b;Ap2b1;Tubb2a;Ap2a1;Actg1;Tuba1a"
"Reactome","REACTOME_REGULATION_OF_CDH1_FUNCTION",0.402843601895735,0.902548299676545,-0.292867748439893,-1.02369357778784,55,14,"16480;19175;19184;26446;14694;105837;22187;22123;66997;12387;19173;11465;69077;78294","Jup;Psmb6;Psmc5;Psmb3;Rack1;Mtbp;Ubb;Psmd3;Psmd12;Ctnnb1;Psmb5;Actg1;Psmd11;Rps27a"
"Reactome","REACTOME_REGULATION_OF_RAS_BY_GAPS",0.4352,0.902548299676545,-0.28922435036835,-0.998417746166699,51,13,"18015;19175;19184;26446;22187;22123;66997;114716;56438;19173;114715;69077;78294","Nf1;Psmb6;Psmc5;Psmb3;Ubb;Psmd3;Psmd12;Spred2;Rbx1;Psmb5;Spred1;Psmd11;Rps27a"
"Reactome","REACTOME_RHOA_GTPASE_CYCLE",0.397608370702541,0.902548299676545,-0.258904177607134,-1.02650513785031,125,27,"72754;109934;22379;223921;16480;71704;58996;19285;330914;223435;21763;69710;213649;223666;23853;269608;71544;20166;56418;268970;404710;26934;77006;192662;12261;19299;18708","Arhgef10l;Abr;Fmnl3;Aaas;Jup;Arhgef3;Arhgap23;Cavin1;Arhgap32;Trio;Tex2;Arap1;Arhgef19;Arhgap39;Def6;Plekhg5;Arhgap42;Rtkn;Ykt6;Arhgap28;Iqgap3;Racgap1;Ddrgk1;Arhgdia;C1qbp;Abcd3;Pik3r1"
"Reactome","REACTOME_RHOB_GTPASE_CYCLE",0.42741935483871,0.902548299676545,0.266384121829311,1.01504613190587,66,16,"110596;21873;20874;20619;13830;234094;263803;52428;320795;13605;109333;54216;56349;11855;19877;54324","Arhgef28;Tjp2;Slk;Snap23;Stom;Arhgef10;Pkn3;Rhpn2;Pkn1;Ect2;Pkn2;Pcdh7;Net1;Arhgap5;Rock1;Arhgef5"
"Reactome","REACTOME_RHO_GTPASE_EFFECTORS",0.403581267217631,0.902548299676545,-0.238908156645865,-1.02067130899038,213,51,"66570;108100;22379;13543;445007;223701;22631;17886;70385;208628;73710;13385;26886;216965;22151;18472;20877;67629;19052;67139;14784;83431;71409;20166;83767;12387;67052;77579;404710;108911;22627;66140;69928;11465;242687;232943;75669;19094;22142;67733;66713;17120;225326;14083;18643;232987;18753;381293;103573;12532;68097","Cenpm;Baiap2;Fmnl3;Dvl2;Nup85;Mrtfa;Ywhaz;Myh9;Spdl1;Kntc1;Tubb2b;Dlg4;Cenph;Taok1;Tubb2a;Pafah1b1;Aurkb;Spc24;Ppp2ca;Mis12;Grb2;Ndel1;Fmnl2;Rtkn;Wasf1;Ctnnb1;Ndc80;Myh10;Iqgap3;Rcc2;Ywhae;Ska2;Cenps;Actg1;Wasf2;Klc3;Pik3r4;Mapk11;Tuba1a;Itgb3bp;Actr2;Mad1l1;Pik3c3;Ptk2;Pfn1;B9d2;Prkcd;Kif14;Xpo1;Cdc25c;Dynll2"
"Reactome","REACTOME_SEPARATION_OF_SISTER_CHROMATIDS",0.430249632892805,0.902548299676545,-0.24702439432485,-1.01444356856088,164,34,"66570;445007;19175;105988;70385;208628;19184;73710;26886;216965;26446;22151;18472;20877;67629;22187;22123;66156;19052;66997;67139;19357;83431;67052;108911;217232;66140;69928;19173;69077;52717;22142;78294;67733","Cenpm;Nup85;Psmb6;Espl1;Spdl1;Kntc1;Psmc5;Tubb2b;Cenph;Taok1;Psmb3;Tubb2a;Pafah1b1;Aurkb;Spc24;Ubb;Psmd3;Anapc11;Ppp2ca;Psmd12;Mis12;Rad21;Ndel1;Ndc80;Rcc2;Cdc27;Ska2;Cenps;Psmb5;Psmd11;Anapc16;Tuba1a;Rps27a;Itgb3bp"
"Reactome","REACTOME_SIGNALING_BY_FGFR1",0.407407407407407,0.902548299676545,0.305218799923657,1.02787942798948,38,7,"14165;19053;18706;67903;20779;26413;24064","Fgf10;Ppp2cb;Pik3ca;Gipc1;Src;Mapk1;Spry2"
"Reactome","REACTOME_SIGNALING_BY_PTK6",0.436507936507937,0.902548299676545,-0.30452532767485,-1.00626060581336,40,13,"13649;69710;330662;22187;20848;12223;13866;13448;12928;78294;12702;13992;71514","Egfr;Arap1;Dock1;Ubb;Stat3;Btc;Erbb2;Dok1;Crk;Rps27a;Socs3;Khdrbs3;Sfpq"
"Reactome","REACTOME_SIGNALING_BY_WNT",0.406515580736544,0.902548299676545,-0.2450332332208,-1.02550601656015,181,36,"16842;20682;12006;13543;14681;21414;19175;67300;73739;21415;328572;22631;14362;19184;57265;26446;71770;75788;17847;22187;22123;19052;66997;84035;22418;22410;216869;14700;12387;21402;14706;22422;56438;19058;11771;19173","Lef1;Sox9;Axin2;Dvl2;Gnao1;Tcf7;Psmb6;Cltc;Cby1;Tcf7l1;Ep300;Ywhaz;Fzd1;Psmc5;Fzd2;Psmb3;Ap2b1;Smurf1;Usp34;Ubb;Psmd3;Ppp2ca;Psmd12;Kremen1;Wnt5a;Wnt10b;Arrb2;Gng10;Ctnnb1;Skp1;Gng4;Wnt7b;Rbx1;Ppp3r1;Ap2a1;Psmb5"
"Reactome","REACTOME_SPRY_REGULATION_OF_FGF_SIGNALING",0.400911161731207,0.902548299676545,0.381469898628555,1.0456517328913,16,5,"19053;20779;26413;24064;22186","Ppp2cb;Src;Mapk1;Spry2;Uba52"
"Reactome","REACTOME_STABILIZATION_OF_P53",0.423756019261637,0.902548299676545,-0.306831201865789,-1.01919648597703,42,8,"19175;19184;11920;26446;22059;22187;22123;66997","Psmb6;Psmc5;Atm;Psmb3;Trp53;Ubb;Psmd3;Psmd12"
"Reactome","REACTOME_TP53_REGULATES_TRANSCRIPTION_OF_CELL_CYCLE_GENES",0.41645885286783,0.902548299676545,0.309473953426017,1.01463638007203,33,7,"18983;12447;12795;234594;108961;12566;12428","Cnot7;Ccne1;Plk3;Cnot1;E2f8;Cdk2;Ccna2"
"Reactome","REACTOME_TRANSCRIPTIONAL_REGULATION_BY_TP53",0.405622489959839,0.902548299676545,-0.231066453254073,-1.02243930136268,276,43,"16009;70439;68428;78757;29813;20922;68275;74370;328572;12450;22631;223770;12189;105787;19082;319944;19360;20393;11920;69131;20020;69833;104625;69263;22059;20877;22187;12569;237911;19052;216848;21975;12864;19718;75747;66671;108099;26399;19355;22084;69125;17749;22627","Igfbp3;Taf15;Steap3;Rictor;Zfp385a;Supt4a;Rpa1;Rptor;Ep300;Ccng1;Ywhaz;Brd1;Brca1;Prkaa1;Prkag1;Taf2;Rad50;Sgk1;Atm;Cdk12;Polr2a;Polr2f;Cnot6;Rfc3;Trp53;Aurkb;Ubb;Cdk5r1;Brip1;Ppp2ca;Chd3;Top3a;Cox6c;Rfc2;Sesn3;Ccnh;Prkag2;Map2k6;Rad1;Tsc2;Cnot8;Polr2k;Ywhae"
"Reactome","REACTOME_TRANSLESION_SYNTHESIS_BY_Y_FAMILY_DNA_POLYMERASES_BYPASSES_LESIONS_ON_DNA_TEMPLATE",0.411858974358974,0.902548299676545,-0.314687093383596,-1.02694654624583,38,16,"68275;18972;69263;22187;19718;217365;19687;78294;217069;18971;18973;19891;71890;68026;68240;106344","Rpa1;Pold2;Rfc3;Ubb;Rfc2;Nploc4;Rfc1;Rps27a;Trim25;Pold1;Pole;Rpa2;Mad2l2;Pclaf;Rpa3;Rfc4"
"Reactome","REACTOME_TRANSPORT_OF_THE_SLBP_DEPENDANT_MATURE_MRNA",0.391089108910891,0.902548299676545,-0.332864938505279,-1.04643444622913,34,4,"223921;445007;170762;21681","Aaas;Nup85;Nup155;Alyref"
"Reactome","REACTOME_ACTIVATION_OF_ATR_IN_RESPONSE_TO_REPLICATION_STRESS",0.443333333333333,0.904138016053475,-0.320965261594505,-1.01300759558665,35,16,"68275;23834;69263;19718;66634;19355;269582;17215;12532;70024;17216;17220;19891;12649;68240;106344","Rpa1;Cdc6;Rfc3;Rfc2;Mcm8;Rad1;Clspn;Mcm3;Cdc25c;Mcm10;Mcm2;Mcm7;Rpa2;Chek1;Rpa3;Rfc4"
"Reactome","REACTOME_ACTIVATION_OF_IRF3_IRF7_MEDIATED_BY_TBK1_IKK_IKBKE",0.444186046511628,0.904138016053475,0.351659772971843,0.991268683531988,17,9,"12475;21898;22186;54131;21353;106759;54123;19247;22190","Cd14;Tlr4;Uba52;Irf3;Tank;Ticam1;Irf7;Ptpn11;Ubc"
"Reactome","REACTOME_ANTIGEN_PROCESSING_UB_ATP_INDEPENDENT_PROTEASOMAL_DEGRADATION",0.454855195911414,0.904138016053475,-0.36782056109099,-1.02113147747833,19,10,"19175;26446;19173;19188;19171;621823;16913;19186;19170;26445","Psmb6;Psmb3;Psmb5;Psme2;Psmb10;Psme2b;Psmb8;Psme1;Psmb1;Psmb2"
"Reactome","REACTOME_APOPTOSIS",0.460893854748603,0.904138016053475,0.245276094814103,0.98376162661668,87,22,"21873;12475;21898;16646;12368;74143;97165;26419;26413;58801;12633;74006;12043;11798;19877;22629;12015;13063;67013;14272;21872;12122","Tjp2;Cd14;Tlr4;Kpna1;Casp6;Opa1;Hmgb2;Mapk8;Mapk1;Pmaip1;Cflar;Dnm1l;Bcl2;Xiap;Rock1;Ywhah;Bad;Cycs;Oma1;Fnta;Tjp1;Bid"
"Reactome","REACTOME_ESR_MEDIATED_SIGNALING",0.451038575667656,0.904138016053475,-0.248685145277074,-0.998123088714398,139,58,"15081;13649;13610;17395;328572;19014;20020;69833;15507;12223;14700;14462;97908;14706;17749;360198;319177;319159;18708;326619;319148;319187;13207;12455;20698;21887;319160;319180;59035;14083;56484;14229;319153;319152;319155;319156;103573;319185;319182;319151;97122;319161;319184;100041230;319178;18709;319157;260423;319181;319179;12315;268980;14702;68024;66066;17390;69920;20683","H3f3b;Egfr;S1pr3;Mmp9;Ep300;Med1;Polr2a;Polr2f;Hspb1;Btc;Gng10;Gata3;H3c8;Gng4;Polr2k;H3c1;H2bc1;H4c11;Pik3r1;H4c1;H3c3;H2bc15;Ddx5;Ccnt1;Sphk1;Tle3;H4c12;H2bc7;Carm1;Ptk2;Foxo3;Fkbp5;H3c11;H3c10;H4c3;H4c4;Xpo1;H2bc13;H2bc9;H3c6;H4c14;H4c18;H2bc12;H4c17;H2bc3;Pik3r2;H4c6;H3c7;H2bc8;H2bc6;Calm3;Strn;Gng2;H2bc4;Gng11;Mmp2;Polr2i;Sp1"
"Reactome","REACTOME_G1_S_DNA_DAMAGE_CHECKPOINTS",0.461904761904762,0.904138016053475,-0.280052457312475,-0.996142954420487,61,17,"29813;19175;19184;11920;26446;22059;22187;22123;66997;21402;56438;19173;103583;27373;19094;69077;78294","Zfp385a;Psmb6;Psmc5;Atm;Psmb3;Trp53;Ubb;Psmd3;Psmd12;Skp1;Rbx1;Psmb5;Fbxw11;Csnk1e;Mapk11;Psmd11;Rps27a"
"Reactome","REACTOME_HDACS_DEACETYLATE_HISTONES",0.457420924574209,0.904138016053475,0.337519063162438,0.992836257611699,21,8,"23942;60406;94246;234366;19646;99982;192285;217864","Mta2;Sap30;Arid4b;Gatad2a;Rbbp4;Kdm1a;Phf21a;Rcor1"
"Reactome","REACTOME_INTRINSIC_PATHWAY_FOR_APOPTOSIS",0.456628477905074,0.904138016053475,-0.309531999958338,-0.996467109816623,37,12,"56369;22631;69146;18107;54722;22627;19058;12370;12125;12028;68097;12371","Apip;Ywhaz;Gsdmd;Nmt1;Gsdme;Ywhae;Ppp3r1;Casp8;Bcl2l11;Bax;Dynll2;Casp9"
"Reactome","REACTOME_NEGATIVE_REGULATION_OF_FGFR3_SIGNALING",0.454106280193237,0.904138016053475,0.335477843167317,0.988245149022771,20,5,"19053;20779;26413;24064;22186","Ppp2cb;Src;Mapk1;Spry2;Uba52"
"Reactome","REACTOME_PROTEIN_LOCALIZATION",0.440438871473354,0.904138016053475,-0.271168656686663,-1.00928259808646,85,32,"26874;20524;109672;17117;71767;22187;11666;72129;20335;66212;11430;170789;12359;103737;19299;52551;80911;78294;67528;18633;28200;11671;15488;228033;15368;20280;23986;22318;17527;51798;15356;110959","Abcd2;Slc25a17;Cyb5a;Amacr;Tysnd1;Ubb;Abcd1;Pex13;Sec61g;Sec61b;Acox1;Acot8;Cat;Pex12;Abcd3;Sgta;Acox3;Rps27a;Nudt7;Pex16;Dhrs4;Aldh3a2;Hsd17b4;Atp5mc3;Hmox1;Scp2;Eci2;Vamp2;Mpv17;Ech1;Hmgcl;Nudt19"
"Reactome","REACTOME_PROTEIN_PROTEIN_INTERACTIONS_AT_SYNAPSES",0.44991789819376,0.904138016053475,-0.31627747817977,-1.01065539966073,36,13,"14799;75409;107065;13385;80749;14811;19024;14802;227700;13822;14814;14252;18190","Gria1;Slitrk5;Lrrtm2;Dlg4;Lrfn1;Grin2a;Ppfibp2;Gria4;Sh3glb2;Epb41l2;Grin2d;Flot2;Nrxn2"
"Reactome","REACTOME_RAB_REGULATION_OF_TRAFFICKING",0.460869565217391,0.904138016053475,0.236601738955476,0.987838991680995,106,29,"381605;226089;17274;93739;225870;12663;320714;76308;53869;192236;319934;320560;14567;67443;106572;66226;72121;12662;211922;271457;56715;59005;23797;66682;19349;100855;60409;270096;19347","Tbc1d2;Ric1;Rab8a;Gabarapl2;Rin1;Chml;Trappc11;Rab1b;Rab11a;Hps1;Sbf2;Dennd5b;Gdi1;Map1lc3b;Rab31;Trappc2;Dennd2d;Chm;Dennd6a;Rab5a;Rabgef1;Trappc2l;Akt3;Trappc5;Rab7;Tbc1d14;Trappc4;Mon1b;Dennd5a"
"Reactome","REACTOME_REGULATION_OF_RUNX3_EXPRESSION_AND_ACTIVITY",0.44264943457189,0.904138016053475,-0.30213285484964,-1.00496891005846,43,13,"19175;328572;19184;26446;75788;22187;22123;66997;12399;19173;69077;78294;21803","Psmb6;Ep300;Psmc5;Psmb3;Smurf1;Ubb;Psmd3;Psmd12;Runx3;Psmb5;Psmd11;Rps27a;Tgfb1"
"Reactome","REACTOME_REGULATION_OF_SIGNALING_BY_CBL",0.457831325301205,0.904138016053475,0.336880720735456,0.978527861784581,19,5,"18706;22612;14360;12929;22186","Pik3ca;Yes1;Fyn;Crkl;Uba52"
"Reactome","REACTOME_SIGNALING_BY_FGFR4",0.462085308056872,0.904138016053475,0.310917208891003,0.989274740075905,28,12,"19053;18706;20779;26413;24064;22186;16653;20416;20662;15461;51792;109880","Ppp2cb;Pik3ca;Src;Mapk1;Spry2;Uba52;Kras;Shc1;Sos1;Hras;Ppp2r1a;Braf"
"Reactome","REACTOME_SIGNALING_BY_HIPPO",0.44578313253012,0.904138016053475,0.342977047331776,0.996235688507385,19,10,"21873;211652;50523;21872;232157;64010;22601;16798;68473;58231","Tjp2;Wwc1;Lats2;Tjp1;Mob1a;Sav1;Yap1;Lats1;Mob1b;Stk4"
"Reactome","REACTOME_TRAF6_MEDIATED_INDUCTION_OF_TAK1_COMPLEX_WITHIN_TLR4_COMPLEX",0.45578231292517,0.904138016053475,0.369611225964293,1.00037760674327,15,4,"12475;21898;22186;108960","Cd14;Tlr4;Uba52;Irak2"
"Reactome","REACTOME_TRANSLESION_SYNTHESIS_BY_POLH",0.456558773424191,0.904138016053475,-0.367032320230463,-1.0189431888407,19,7,"68275;69263;22187;19718;217365;19687;78294","Rpa1;Rfc3;Ubb;Rfc2;Nploc4;Rfc1;Rps27a"
"Reactome","REACTOME_REGULATION_OF_CDH1_POSTTRANSLATIONAL_PROCESSING_AND_TRAFFICKING_TO_PLASMA_MEMBRANE",0.463592233009709,0.904472454603956,0.307226802205818,0.981296320636108,29,5,"76687;18550;13000;69038;14376","Spcs3;Furin;Csnk2a2;Tmem258;Ganab"
"Reactome","REACTOME_POSITIVE_EPIGENETIC_REGULATION_OF_RRNA_EXPRESSION",0.465661641541039,0.905899227940469,-0.325114044969916,-0.995012367969727,30,8,"328572;14534;69833;17749;11465;18432;20019;17913","Ep300;Kat2a;Polr2f;Polr2k;Actg1;Mybbp1a;Polr1a;Myo1c"
"Reactome","REACTOME_DECTIN_1_MEDIATED_NONCANONICAL_NF_KB_SIGNALING",0.468051118210863,0.90793870208812,-0.296434613798341,-0.990790850458779,44,13,"53859;19175;19184;26446;22187;22123;66997;21402;19173;103583;69077;78294;19698","Map3k14;Psmb6;Psmc5;Psmb3;Ubb;Psmd3;Psmd12;Skp1;Psmb5;Fbxw11;Psmd11;Rps27a;Relb"
"Reactome","REACTOME_METABOLISM_OF_NUCLEOTIDES",0.473851030110935,0.916563278243152,-0.270944503234615,-0.994463405112807,80,20,"66355;50773;14923;667034;237823;11564;103850;18103;21877;12496;22171;66358;14544;22436;99586;21915;382985;18102;74167;67725","Gmpr;Nt5c;Guk1;Pnp2;Pfas;Adsl;Nt5m;Nme2;Tk1;Entpd2;Tyms;Adprm;Gda;Xdh;Dpyd;Dtymk;Rrm2b;Nme1;Nudt9;Nudt13"
"Reactome","REACTOME_ACTIVATION_OF_KAINATE_RECEPTORS_UPON_GLUTAMATE_BINDING",0.481662591687042,0.91812403853939,0.331486629555918,0.997314934738801,23,10,"13383;53310;18797;18795;14701;12314;14688;12313;14707;14696","Dlg1;Dlg3;Plcb3;Plcb1;Gng12;Calm2;Gnb1;Calm1;Gng5;Gnb4"
"Reactome","REACTOME_CLASS_B_2_SECRETIN_FAMILY_RECEPTORS",0.485507246376812,0.91812403853939,0.324477897959035,0.955841690156551,20,2,"11535;19227","Adm;Pthlh"
"Reactome","REACTOME_DEGRADATION_OF_BETA_CATENIN_BY_THE_DESTRUCTION_COMPLEX",0.484126984126984,0.91812403853939,-0.271427971254507,-0.975798210850836,66,18,"16842;21414;19175;21415;19184;26446;22187;22123;19052;66997;12387;21402;56438;19173;21886;69077;78294;21887","Lef1;Tcf7;Psmb6;Tcf7l1;Psmc5;Psmb3;Ubb;Psmd3;Ppp2ca;Psmd12;Ctnnb1;Skp1;Rbx1;Psmb5;Tle2;Psmd11;Rps27a;Tle3"
"Reactome","REACTOME_DEGRADATION_OF_DVL",0.484751203852327,0.91812403853939,-0.293501974157543,-0.974920995223733,42,11,"13543;19175;19184;26446;22187;22123;66997;56438;19173;69077;78294","Dvl2;Psmb6;Psmc5;Psmb3;Ubb;Psmd3;Psmd12;Rbx1;Psmb5;Psmd11;Rps27a"
"Reactome","REACTOME_FCERI_MEDIATED_MAPK_ACTIVATION",0.47921760391198,0.91812403853939,0.33213717522431,0.999272174799089,23,11,"224105;26419;26413;26400;16653;17096;20416;18479;20662;57257;15461","Pak2;Mapk8;Mapk1;Map2k7;Kras;Lyn;Shc1;Pak1;Sos1;Vav3;Hras"
"Reactome","REACTOME_O_LINKED_GLYCOSYLATION",0.485179407176287,0.91812403853939,-0.272498973142422,-0.990664755283912,71,16,"230145;216725;239337;218476;271786;224697;229595;171212;78754;100689;20446;66548;98388;207596;330267;210004","Galnt12;Adamts2;Adamts12;Gcnt4;Galnt13;Adamts10;Adamtsl4;Galnt10;Galnt15;Spon2;St6galnac2;Adamtsl5;Chst10;Thsd4;Thsd7a;B3gntl1"
"Reactome","REACTOME_REGULATION_OF_TP53_DEGRADATION",0.479201331114809,0.91812403853939,-0.318197944371928,-0.994194217477859,33,7,"78757;12450;20393;11920;22059;22187;19052","Rictor;Ccng1;Sgk1;Atm;Trp53;Ubb;Ppp2ca"
"Reactome","REACTOME_RIBOSOME_QUALITY_CONTROL_RQC_COMPLEX_EXTRACTS_AND_DEGRADES_NASCENT_PEPTIDE",0.483425414364641,0.91812403853939,0.244479260414781,0.979462158118707,86,40,"57296;57808;76808;21762;17463;114641;270106;68098;66855;22186;269261;100503670;19981;67248;22121;19951;70247;66489;19989;66480;19933;20005;67923;67891;19167;19988;19172;26442;19934;26440;216080;67089;67115;110954;19982;59029;68193;68028;78913;19166","Psmd8;Rpl35a;Rpl18a;Psmd2;Psmd7;Rpl31;Rpl13;Rchy1;Tcf25;Uba52;Rpl12;Rpl5;Rpl37a;Rpl39;Rpl13a;Rpl32;Psmd1;Rpl35;Rpl7;Rpl15;Rpl21;Rpl9;Eloc;Rpl4;Psma3;Rpl6;Psmb4;Psma5;Rpl22;Psma1;Ube2d1;Psmc6;Rpl14;Rpl10;Rpl36a;Psmd14;Rpl24;Rpl22l1;Ltn1;Psma2"
"Reactome","REACTOME_APOPTOTIC_FACTOR_MEDIATED_RESPONSE",0.495559502664298,0.922624009314757,-0.377614373279996,-0.992772833120531,16,6,"56369;69146;54722;12028;12371;11783","Apip;Gsdmd;Gsdme;Bax;Casp9;Apaf1"
"Reactome","REACTOME_CELLULAR_RESPONSE_TO_HYPOXIA",0.492890995260663,0.922624009314757,-0.278765770969415,-0.974401349990352,55,9,"13819;101543;19175;328572;19184;26446;22187;22123;66997","Epas1;Wtip;Psmb6;Ep300;Psmc5;Psmb3;Ubb;Psmd3;Psmd12"
"Reactome","REACTOME_CO_STIMULATION_BY_CD28",0.49867374005305,0.922624009314757,0.288264030282466,0.97769227069049,39,14,"19053;18706;224105;22612;14360;225849;20779;18481;23797;17096;12540;320207;18479;18707","Ppp2cb;Pik3ca;Pak2;Yes1;Fyn;Ppp2r5b;Src;Pak3;Akt3;Lyn;Cdc42;Pik3r5;Pak1;Pik3cd"
"Reactome","REACTOME_C_TYPE_LECTIN_RECEPTORS_CLRS",0.494475138121547,0.922624009314757,0.242915720004475,0.973198114853908,86,33,"57296;12675;224105;73086;19697;21762;14360;20779;18033;18021;17463;216150;22200;22186;18481;22192;70247;16653;12314;110157;17096;68652;19167;26965;18479;12313;19172;26442;26440;216080;67089;15461;16150","Psmd8;Chuk;Pak2;Rps6ka5;Rela;Psmd2;Fyn;Src;Nfkb1;Nfatc3;Psmd7;Cdc34;Uba3;Uba52;Pak3;Ube2m;Psmd1;Kras;Calm2;Raf1;Lyn;Tab2;Psma3;Cul1;Pak1;Calm1;Psmb4;Psma5;Psma1;Ube2d1;Psmc6;Hras;Ikbkb"
"Reactome","REACTOME_DDX58_IFIH1_MEDIATED_INDUCTION_OF_INTERFERON_ALPHA_BETA",0.498789346246973,0.922624009314757,0.299147508192169,0.974840288434703,32,10,"12675;19697;18033;74256;22186;28185;21929;15519;54131;15516","Chuk;Rela;Nfkb1;Cyld;Uba52;Tomm70a;Tnfaip3;Hsp90aa1;Irf3;Hsp90ab1"
"Reactome","REACTOME_DEADENYLATION_OF_MRNA",0.491442542787286,0.922624009314757,0.320643921206216,0.964693423021534,23,7,"13682;18983;74108;234594;208643;218693;72587","Eif4a2;Cnot7;Parn;Cnot1;Eif4g1;Paip1;Pan3"
"Reactome","REACTOME_O_GLYCOSYLATION_OF_TSR_DOMAIN_CONTAINING_PROTEINS",0.495784148397976,0.922624009314757,-0.336055719991439,-0.97770597937393,23,9,"216725;239337;224697;229595;100689;66548;207596;330267;20356","Adamts2;Adamts12;Adamts10;Adamtsl4;Spon2;Adamtsl5;Thsd4;Thsd7a;Sema5a"
"Reactome","REACTOME_POSTMITOTIC_NUCLEAR_PORE_COMPLEX_NPC_REFORMATION",0.498310810810811,0.922624009314757,-0.335741462856748,-0.967941052744807,22,6,"445007;170762;72787;227699;19387;69912","Nup85;Nup155;Ndc1;Nup188;Rangap1;Nup43"
"Reactome","REACTOME_AUF1_HNRNP_D0_BINDS_AND_DESTABILIZES_MRNA",0.546774193548387,0.935128392357308,-0.284572691585324,-0.941432351314644,41,8,"19175;19184;26446;22187;22123;15507;66997;15511","Psmb6;Psmc5;Psmb3;Ubb;Psmd3;Hspb1;Psmd12;Hspa1b"
"Reactome","REACTOME_CA2_PATHWAY",0.538333333333333,0.935128392357308,-0.304576116703432,-0.961281349022309,35,8,"16842;14681;57265;22418;14700;12387;14706;19058","Lef1;Gnao1;Fzd2;Wnt5a;Gng10;Ctnnb1;Gng4;Ppp3r1"
"Reactome","REACTOME_COMPLEX_I_BIOGENESIS",0.5264,0.935128392357308,-0.271776853026916,-0.96749312015252,62,30,"67130;66218;208501;69875;68197;68342;73694;68202;76947;26940;76826;75406;104130;66414;66108;68375;72900;17719;67273;595136;68472;17718;17993;17717;17991;68198;66495;75597;69702;68349","Ndufa6;Ndufb9;Ndufaf8;Ndufa11;Ndufc2;Ndufb10;Ndufaf7;Ndufa5;Ndufaf6;Ecsit;Nubpl;Ndufs7;Ndufb11;Ndufa12;Ndufa9;Ndufa8;Ndufv2;mt-Nd4;Ndufa10;Ndufs5;Tmem126b;mt-Nd3;Ndufs4;mt-Nd2;Ndufa2;Ndufb2;Ndufb3;Ndufaf2;Ndufaf1;Ndufs3"
"Reactome","REACTOME_DAP12_SIGNALING",0.508433734939759,0.935128392357308,0.32262262452383,0.937112774662282,19,8,"18706;14360;12010;16653;20416;20662;57257;15461","Pik3ca;Fyn;B2m;Kras;Shc1;Sos1;Vav3;Hras"
"Reactome","REACTOME_DOWNSTREAM_SIGNALING_OF_ACTIVATED_FGFR1",0.546987951807229,0.935128392357308,0.314639654542859,0.913924868482563,19,8,"14165;18706;16653;20416;20662;399558;67112;15461","Fgf10;Pik3ca;Kras;Shc1;Sos1;Flrt2;Fgf22;Hras"
"Reactome","REACTOME_FC_EPSILON_RECEPTOR_FCERI_SIGNALING",0.532951289398281,0.935128392357308,0.241129041420285,0.972765221535089,91,33,"57296;12675;18706;224105;19697;21762;18033;18021;26419;26413;17463;216150;26400;22186;70247;16653;12314;17096;20416;68652;19167;26965;18479;12313;19172;26442;20662;57257;26440;216080;67089;15461;16150","Psmd8;Chuk;Pik3ca;Pak2;Rela;Psmd2;Nfkb1;Nfatc3;Mapk8;Mapk1;Psmd7;Cdc34;Map2k7;Uba52;Psmd1;Kras;Calm2;Lyn;Shc1;Tab2;Psma3;Cul1;Pak1;Calm1;Psmb4;Psma5;Sos1;Vav3;Psma1;Ube2d1;Psmc6;Hras;Ikbkb"
"Reactome","REACTOME_GOLGI_TO_ER_RETROGRADE_TRANSPORT",0.52089552238806,0.935128392357308,-0.248754666043863,-0.967135492572231,110,31,"56358;269152;18195;16562;56447;12121;73710;286942;16564;16568;70218;19324;22151;18472;66251;11840;26934;11842;232943;71169;22142;13191;16554;71116;16565;66111;67665;68097;105785;16570;19348","Copz2;Kif26b;Nsf;Kif1c;Copz1;Bicd1;Tubb2b;Kif19a;Kif21a;Kif3a;Kif18b;Rab1a;Tubb2a;Pafah1b1;Arfgap3;Arf1;Racgap1;Arf3;Klc3;Nbas;Tuba1a;Dctn1;Kif13b;Stx18;Kif21b;Tmed3;Dctn4;Dynll2;Kdelr3;Kif3c;Kif20a"
"Reactome","REACTOME_KERATAN_SULFATE_KERATIN_METABOLISM",0.531707317073171,0.935128392357308,0.31490117400834,0.937867328847168,22,3,"54613;14595;20444","St3gal6;B4galt1;St3gal2"
"Reactome","REACTOME_METABOLISM_OF_FAT_SOLUBLE_VITAMINS",0.522565320665083,0.935128392357308,0.309512002510149,0.954959288636219,25,4,"105349;20970;23888;14725","Akr1c18;Sdc3;Gpc6;Lrp2"
"Reactome","REACTOME_METABOLISM_OF_POLYAMINES",0.539579967689822,0.935128392357308,-0.282137775878086,-0.93846031161234,43,7,"18104;19175;19184;26446;228608;22123;66997","Nqo1;Psmb6;Psmc5;Psmb3;Smox;Psmd3;Psmd12"
"Reactome","REACTOME_METABOLISM_OF_STEROID_HORMONES",0.518716577540107,0.935128392357308,-0.372275066066366,-0.961595848033616,15,6,"12257;59045;14149;114664;67861;170459","Tspo;Stard3;Fdxr;Hsd17b11;Akr1b10;Stard4"
"Reactome","REACTOME_METABOLISM_OF_VITAMINS_AND_COFACTORS",0.531851851851852,0.935128392357308,-0.240393773761302,-0.963975686142503,138,44,"109754;19659;68087;109672;12494;105387;216134;14528;20527;74080;15529;14104;107476;107747;26363;20425;67283;52466;56738;11761;217707;270685;67861;71743;69906;27973;100705;216188;103711;18113;52710;320415;108037;14733;18605;11428;107885;68591;66904;67096;230125;239393;12850;77697","Cyb5r3;Rbp1;Dcakd;Cyb5a;Cd38;Akr1c14;Pdxk;Gch1;Slc2a3;Nmnat3;Sdc2;Fasn;Acaca;Aldh1l1;Btd;Shmt1;Slc25a19;Slc46a1;Mocs1;Aox1;Coq6;Mthfd1l;Akr1b10;Coasy;Slc25a32;Vkorc1;Acacb;Aldh1l2;Pnpo;Nnmt;Slc52a2;Gchfr;Shmt2;Gpc1;Enpp1;Aco1;Mthfs;Mocos;Pccb;Mmachc;Slc25a51;Lrp12;Coq7;Mmab"
"Reactome","REACTOME_MET_ACTIVATES_PTK2_SIGNALING",0.517482517482518,0.935128392357308,-0.363246014275094,-0.970738133958835,17,8,"12825;12831;14268;16775;53867;12814;16398;14083","Col3a1;Col5a1;Fn1;Lama4;Col5a3;Col11a1;Itga2;Ptk2"
"Reactome","REACTOME_MITOTIC_G1_PHASE_AND_G1_S_TRANSITION",0.510385756676558,0.935128392357308,0.229968238796352,0.969646626248982,116,53,"57296;104394;63955;19053;56452;12571;13548;21762;20779;21781;12447;17463;16452;13555;22186;18969;13559;12444;12566;70247;12428;26428;23797;12572;17096;19646;19167;26965;19172;26442;26440;27214;54124;67089;72568;17217;11652;59029;66979;59001;51792;12448;19166;19179;13557;12530;11651;18393;19182;12575;26444;22190;12567","Psmd8;E2f4;Cables1;Ppp2cb;Orc6;Cdk6;Dyrk1a;Psmd2;Src;Tfdp1;Ccne1;Psmd7;Jak2;E2f1;Uba52;Pola2;E2f5;Ccnd2;Cdk2;Psmd1;Ccna2;Orc4;Akt3;Cdk7;Lyn;Rbbp4;Psma3;Cul1;Psmb4;Psma5;Psma1;Dbf4;Cks1b;Psmc6;Lin9;Mcm4;Akt2;Psmd14;Pole4;Pole3;Ppp2r1a;Ccne2;Psma2;Psmc1;E2f3;Cdc25a;Akt1;Orc2;Psmc3;Cdkn1a;Psma7;Ubc;Cdk4"
"Reactome","REACTOME_MITOTIC_G2_G2_M_PHASES",0.543318649045521,0.935128392357308,-0.236574656355179,-0.971853043419573,165,37,"328580;19175;103733;12009;19184;73710;216274;26446;29870;22151;22059;18472;22187;22123;268930;19052;66997;78887;66671;15366;21402;22627;73738;56438;214444;104318;214552;19173;68121;16328;70799;103583;27373;69077;22142;78294;13191","Tubgcp6;Psmb6;Tubg1;Cep131;Psmc5;Tubb2b;Cep290;Psmb3;Gtse1;Tubb2a;Trp53;Pafah1b1;Ubb;Psmd3;Pkmyt1;Ppp2ca;Psmd12;Sfi1;Ccnh;Hmmr;Skp1;Ywhae;Haus7;Rbx1;Cdk5rap2;Csnk1d;Cep164;Psmb5;Cep70;Cep250;Cep192;Fbxw11;Csnk1e;Psmd11;Tuba1a;Rps27a;Dctn1"
"Reactome","REACTOME_NEDDYLATION",0.543758967001435,0.935128392357308,-0.231337551433838,-0.966745064316669,184,39,"67455;13819;17846;19175;223499;380928;71833;216233;19184;217194;74646;26572;26446;209318;78541;22187;22123;66997;106052;217365;69706;21402;214931;56438;19173;72194;103583;69077;78294;68431;53312;12702;26891;71778;76843;27401;78889;71999;269529","Klhl13;Epas1;Commd1;Psmb6;Dcaf13;Lmo7;Dcaf7;Socs2;Psmc5;Klhl11;Spsb1;Cops3;Psmb3;Gps1;Asb8;Ubb;Psmd3;Psmd12;Fbxo4;Nploc4;Lrr1;Skp1;Fbxl16;Rbx1;Psmb5;Fbxl20;Fbxw11;Psmd11;Rps27a;Fbxl15;Nub1;Socs3;Cops4;Klhl5;Dtl;Skp2;Wsb1;Fbxo22;Fbxo10"
"Reactome","REACTOME_ORC1_REMOVAL_FROM_CHROMATIN",0.5312,0.935128392357308,-0.274634906792603,-0.959148992388704,56,15,"19175;23834;19184;26446;22187;22123;66997;66634;21402;67177;56438;19173;17215;69077;78294","Psmb6;Cdc6;Psmc5;Psmb3;Ubb;Psmd3;Psmd12;Mcm8;Skp1;Cdt1;Rbx1;Psmb5;Mcm3;Psmd11;Rps27a"
"Reactome","REACTOME_PLASMA_LIPOPROTEIN_ASSEMBLY_REMODELING_AND_CLEARANCE",0.519169329073482,0.935128392357308,-0.287183913709638,-0.959871691286427,44,14,"67300;71770;18453;22187;66397;105847;18830;76483;11771;22259;57875;30924;17777;78294","Cltc;Ap2b1;P4hb;Ubb;Sar1b;Lmf2;Pltp;Lmf1;Ap2a1;Nr1h3;Angptl4;Angptl3;Mttp;Rps27a"
"Reactome","REACTOME_PROSTACYCLIN_SIGNALLING_THROUGH_PROSTACYCLIN_RECEPTOR",0.541889483065954,0.935128392357308,-0.359609018038516,-0.928879127778161,15,3,"19222;14700;14706","Ptgir;Gng10;Gng4"
"Reactome","REACTOME_RAC3_GTPASE_CYCLE",0.511075949367089,0.935128392357308,-0.265368011501999,-0.975845543870305,78,17,"108100;210293;75409;109934;104445;330914;223435;223666;69922;71544;56418;83767;26934;18708;94190;233103;242687","Baiap2;Dock10;Slitrk5;Abr;Cdc42ep1;Arhgap32;Trio;Arhgap39;Vrk2;Arhgap42;Ykt6;Wasf1;Racgap1;Pik3r1;Ophn1;Garre1;Wasf2"
"Reactome","REACTOME_REGULATION_OF_LIPID_METABOLISM_BY_PPARALPHA",0.532976827094474,0.935128392357308,-0.364554902920156,-0.94165447267915,15,3,"19014;20602;20181","Med1;Ncor2;Rxra"
"Reactome","REACTOME_REGULATION_OF_ORNITHINE_DECARBOXYLASE_ODC",0.545155993431856,0.935128392357308,-0.299488723416541,-0.957007426518005,36,6,"18104;19175;19184;26446;22123;66997","Nqo1;Psmb6;Psmc5;Psmb3;Psmd3;Psmd12"
"Reactome","REACTOME_RHOQ_GTPASE_CYCLE",0.535809018567639,0.935128392357308,0.261492048120527,0.949343572295171,56,8,"328232;75739;260409;20619;68146;13830;224105;14609","Gfod1;Mpp7;Cdc42ep3;Snap23;Arl13b;Stom;Pak2;Gja1"
"Reactome","REACTOME_SIGNALING_BY_BMP",0.521951219512195,0.935128392357308,0.317259504758962,0.944891124069873,22,3,"17125;12156;16323","Smad1;Bmp2;Inhba"
"Reactome","REACTOME_SIGNALING_BY_ERBB4",0.540740740740741,0.935128392357308,0.291889704315398,0.938158660023349,30,14,"18706;13982;20779;13874;226548;22186;59287;80707;107568;16653;20416;15200;66340;20662","Pik3ca;Esr1;Src;Ereg;Aph1a;Uba52;Ncstn;Wwox;Wwp1;Kras;Shc1;Hbegf;Psenen;Sos1"
"Reactome","REACTOME_SIGNALING_BY_FGFR3",0.509708737864078,0.935128392357308,0.296738207235534,0.94779527326952,29,8,"19053;18706;20779;26413;24064;22186;16653;20416","Ppp2cb;Pik3ca;Src;Mapk1;Spry2;Uba52;Kras;Shc1"
"Reactome","REACTOME_SLC_MEDIATED_TRANSPORT_OF_INORGANIC_ANIONS",0.541740674955595,0.935128392357308,-0.360191410855084,-0.946966727760482,16,7,"20535;268512;13521;57138;107723;20536;114479","Slc4a2;Slc26a11;Slc26a2;Slc12a5;Slc12a6;Slc4a3;Slc5a5"
"Reactome","REACTOME_SUMOYLATION_OF_RNA_BINDING_PROTEINS",0.530546623794212,0.935128392357308,-0.286014358046927,-0.958373073215279,45,13,"223921;445007;170762;12418;22658;19069;30951;72787;18141;12416;227720;227699;170930","Aaas;Nup85;Nup155;Cbx4;Pcgf2;Nup88;Cbx8;Ndc1;Nup50;Cbx2;Nup214;Nup188;Sumo2"
"Reactome","REACTOME_TRANSCRIPTIONAL_REGULATION_BY_RUNX2",0.53035143769968,0.935128392357308,-0.274450485959632,-0.950221939094264,52,13,"20682;19175;19184;26446;53892;22187;22123;66997;21402;56438;19173;69077;78294","Sox9;Psmb6;Psmc5;Psmb3;Ppm1d;Ubb;Psmd3;Psmd12;Skp1;Rbx1;Psmb5;Psmd11;Rps27a"
"Reactome","REACTOME_UBIQUITIN_MEDIATED_DEGRADATION_OF_PHOSPHORYLATED_CDC25A",0.527156549520767,0.935128392357308,-0.281901276411265,-0.955866133848588,48,14,"19175;19184;26446;22187;22123;66997;21402;56438;19173;103583;27373;19094;69077;78294","Psmb6;Psmc5;Psmb3;Ubb;Psmd3;Psmd12;Skp1;Rbx1;Psmb5;Fbxw11;Csnk1e;Mapk11;Psmd11;Rps27a"
"Reactome","REACTOME_DEGRADATION_OF_AXIN",0.548387096774194,0.935158852685464,-0.284038115060948,-0.939663848400686,41,7,"12006;19175;19184;26446;22187;22123;66997","Axin2;Psmb6;Psmc5;Psmb3;Ubb;Psmd3;Psmd12"
"Reactome","REACTOME_RND3_GTPASE_CYCLE",0.551724137931034,0.935757211538462,-0.297441569970462,-0.950465807759309,36,15,"105782;108686;269608;12874;19655;18708;64652;14252;93840;21927;71435;18709;229658;83669;218581","Scrib;Ccdc88a;Plekhg5;Cpd;Rbmx;Pik3r1;Nisch;Flot2;Vangl2;Tnfaip1;Arhgap21;Pik3r2;Vangl1;Wdr6;Depdc1b"
"Reactome","REACTOME_SIGNALING_BY_MET",0.552884615384615,0.935757211538462,-0.270017386747351,-0.951111391091477,58,18,"12825;12831;14268;319939;22187;16775;20848;15239;19271;14784;260302;217169;18708;53867;12814;16398;12928;78294","Col3a1;Col5a1;Fn1;Tns3;Ubb;Lama4;Stat3;Hgs;Ptprj;Grb2;Gga3;Tns4;Pik3r1;Col5a3;Col11a1;Itga2;Crk;Rps27a"
"Reactome","REACTOME_TP53_REGULATES_TRANSCRIPTION_OF_ADDITIONAL_CELL_CYCLE_GENES_WHOSE_EXACT_ROLE_IN_THE_P53_PATHWAY_REMAIN_UNCERTAIN",0.550480769230769,0.935757211538462,0.325624921673821,0.932347783855458,18,3,"18983;12795;234594","Cnot7;Plk3;Cnot1"
"Reactome","REACTOME_REGULATION_OF_PD_L1_CD274_POST_TRANSLATIONAL_MODIFICATION",0.554330708661417,0.935865061755061,-0.25943271839009,-0.952896235720151,79,19,"19175;116891;105787;19082;19184;26446;66753;67819;22187;22123;66997;108099;193670;21402;56438;19173;69077;20747;78294","Psmb6;Derl2;Prkaa1;Prkag1;Psmc5;Psmb3;Erlec1;Derl1;Ubb;Psmd3;Psmd12;Prkag2;Rnf185;Skp1;Rbx1;Psmb5;Psmd11;Spop;Rps27a"
"Reactome","REACTOME_ANTIGEN_PRESENTATION_FOLDING_ASSEMBLY_AND_PEPTIDE_LOADING_OF_CLASS_I_MHC",0.583333333333333,0.941534891583299,-0.325332635183657,-0.914940825263519,20,4,"77371;66397;21355;12330","Sec24a;Sar1b;Tap2;Canx"
"Reactome","REACTOME_BILE_ACID_AND_BILE_SALT_METABOLISM",0.593537414965986,0.941534891583299,-0.322412172022325,-0.906727536198704,20,7,"105387;17117;71240;13123;20181;170789;71720","Akr1c14;Amacr;Osbpl7;Cyp7b1;Rxra;Acot8;Osbpl3"
"Reactome","REACTOME_CA_DEPENDENT_EVENTS",0.601466992665037,0.941534891583299,0.298552475127357,0.898228814376718,23,5,"18783;110355;19085;18573;26413","Pla2g4a;Grk2;Prkar1b;Pde1a;Mapk1"
"Reactome","REACTOME_DNA_REPLICATION",0.56203288490284,0.941534891583299,-0.242954879696024,-0.953665842728011,117,33,"19175;68275;23834;19184;18972;26446;216151;69263;22187;22123;66156;66997;50776;19718;66634;21402;217232;67177;56438;19687;19173;17215;69077;52717;78294;69270;18971;16881;27401;19075;16211;70024;17216","Psmb6;Rpa1;Cdc6;Psmc5;Pold2;Psmb3;Polrmt;Rfc3;Ubb;Psmd3;Anapc11;Psmd12;Polg2;Rfc2;Mcm8;Skp1;Cdc27;Cdt1;Rbx1;Rfc1;Psmb5;Mcm3;Psmd11;Anapc16;Rps27a;Gins1;Pold1;Lig1;Skp2;Prim1;Kpnb1;Mcm10;Mcm2"
"Reactome","REACTOME_FGFR2_ALTERNATIVE_SPLICING",0.597902097902098,0.941534891583299,-0.340115554906643,-0.908924327110191,17,4,"20020;69833;15382;17749","Polr2a;Polr2f;Hnrnpa1;Polr2k"
"Reactome","REACTOME_FOXO_MEDIATED_TRANSCRIPTION",0.581632653061224,0.941534891583299,-0.326405098124992,-0.917956938688646,20,2,"328572;22631","Ep300;Ywhaz"
"Reactome","REACTOME_GLYCOGEN_METABOLISM",0.568383658969805,0.941534891583299,-0.349386268938256,-0.918559304441652,16,3,"14387;77559;216558","Gaa;Agl;Ugp2"
"Reactome","REACTOME_GSK3B_MEDIATED_PROTEASOMAL_DEGRADATION_OF_PD_L1_CD274",0.601926163723916,0.941534891583299,-0.273882976211878,-0.909752871372501,42,11,"19175;19184;26446;22187;22123;66997;21402;56438;19173;69077;78294","Psmb6;Psmc5;Psmb3;Ubb;Psmd3;Psmd12;Skp1;Rbx1;Psmb5;Psmd11;Rps27a"
"Reactome","REACTOME_G_ALPHA_S_SIGNALLING_EVENTS",0.584664536741214,0.941534891583299,-0.273373937065236,-0.926951774195912,48,14,"19222;11541;19084;14268;381413;71111;76854;54611;216869;14700;18574;14706;23984;109689","Ptgir;Adora2b;Prkar1a;Fn1;Gpr176;Gpr39;Gper1;Pde3a;Arrb2;Gng10;Pde1b;Gng4;Pde10a;Arrb1"
"Reactome","REACTOME_G_PROTEIN_ACTIVATION",0.603644646924829,0.941534891583299,0.325082447123928,0.891087410539492,16,6,"14682;14701;14675;14688;14707;14696","Gnaq;Gng12;Gna14;Gnb1;Gng5;Gnb4"
"Reactome","REACTOME_LYSOSOME_VESICLE_BIOGENESIS",0.586206896551724,0.941534891583299,-0.30820477793038,-0.919198413252121,28,7,"67300;11764;15239;11782;22320;11840;109689","Cltc;Ap1b1;Hgs;Ap4s1;Vamp8;Arf1;Arrb1"
"Reactome","REACTOME_MITOTIC_METAPHASE_AND_ANAPHASE",0.588888888888889,0.941534891583299,-0.223243013936404,-0.946954465641204,202,26,"66570;445007;19175;208092;105988;170762;70385;208628;19184;73710;26886;216965;26446;22151;18472;20877;67629;69922;22187;22123;66156;19052;66997;67139;19357;83431","Cenpm;Nup85;Psmb6;Chmp6;Espl1;Nup155;Spdl1;Kntc1;Psmc5;Tubb2b;Cenph;Taok1;Psmb3;Tubb2a;Pafah1b1;Aurkb;Spc24;Vrk2;Ubb;Psmd3;Anapc11;Ppp2ca;Psmd12;Mis12;Rad21;Ndel1"
"Reactome","REACTOME_NUCLEOTIDE_EXCISION_REPAIR",0.595129375951294,0.941534891583299,-0.24124132130622,-0.930873259719893,106,22,"68275;26572;18972;20020;16882;70020;69833;71101;209318;22594;69263;22187;19718;235134;66671;66983;51812;17749;56438;19687;11465;56469","Rpa1;Cops3;Pold2;Polr2a;Lig3;Ino80b;Polr2f;Uvssa;Gps1;Xrcc1;Rfc3;Ubb;Rfc2;Nfrkb;Ccnh;Zfp830;Mcrs1;Polr2k;Rbx1;Rfc1;Actg1;Pias1"
"Reactome","REACTOME_O_LINKED_GLYCOSYLATION_OF_MUCINS",0.584175084175084,0.941534891583299,-0.302217950190023,-0.931385773939549,31,7,"230145;218476;271786;171212;78754;20446;210004","Galnt12;Gcnt4;Galnt13;Galnt10;Galnt15;St6galnac2;B3gntl1"
"Reactome","REACTOME_PRESYNAPTIC_FUNCTION_OF_KAINATE_RECEPTORS",0.605442176870748,0.941534891583299,0.327080073192986,0.885264185308659,15,6,"18797;18795;14701;14688;14707;14696","Plcb3;Plcb1;Gng12;Gnb1;Gng5;Gnb4"
"Reactome","REACTOME_PYROPTOSIS",0.60427807486631,0.941534891583299,-0.339625971702354,-0.877262417072933,15,3,"208092;69146;54722","Chmp6;Gsdmd;Gsdme"
"Reactome","REACTOME_RAB_GEFS_EXCHANGE_GTP_FOR_GDP_ON_RABS",0.575268817204301,0.941534891583299,0.234698471084188,0.934019831483547,83,26,"226089;17274;225870;12663;320714;76308;192236;319934;320560;14567;106572;66226;72121;12662;211922;271457;56715;59005;23797;66682;19349;60409;270096;19347;19344;19346","Ric1;Rab8a;Rin1;Chml;Trappc11;Rab1b;Hps1;Sbf2;Dennd5b;Gdi1;Rab31;Trappc2;Dennd2d;Chm;Dennd6a;Rab5a;Rabgef1;Trappc2l;Akt3;Trappc5;Rab7;Trappc4;Mon1b;Dennd5a;Rab5b;Rab6a"
"Reactome","REACTOME_REGULATION_OF_RUNX2_EXPRESSION_AND_ACTIVITY",0.601612903225806,0.941534891583299,-0.277087912724067,-0.916670969879313,41,11,"19175;19184;26446;22187;22123;66997;21402;56438;19173;69077;78294","Psmb6;Psmc5;Psmb3;Ubb;Psmd3;Psmd12;Skp1;Rbx1;Psmb5;Psmd11;Rps27a"
"Reactome","REACTOME_RHOC_GTPASE_CYCLE",0.576377952755906,0.941534891583299,-0.259351621203245,-0.936916956442444,69,16,"72754;109934;22379;16480;19285;330914;223666;71409;20166;404710;26934;192662;12261;19299;18708;94190","Arhgef10l;Abr;Fmnl3;Jup;Cavin1;Arhgap32;Arhgap39;Fmnl2;Rtkn;Iqgap3;Racgap1;Arhgdia;C1qbp;Abcd3;Pik3r1;Ophn1"
"Reactome","REACTOME_RNA_POLYMERASE_I_TRANSCRIPTION_TERMINATION",0.606365159128978,0.941534891583299,-0.297596189288838,-0.91079390012343,30,15,"19285;69833;66671;17749;21429;20019;13872;23894;21340;14885;64424;21341;17420;66491;66467","Cavin1;Polr2f;Ccnh;Polr2k;Ubtf;Polr1a;Ercc3;Gtf2h2;Taf1b;Gtf2h4;Polr1e;Taf1c;Mnat1;Polr2l;Gtf2h5"
"Reactome","REACTOME_ROS_AND_RNS_PRODUCTION_IN_PHAGOCYTES",0.590361445783133,0.941534891583299,0.306744515496886,0.890992082325248,19,7,"11964;66144;108664;11966;11974;66290;11973","Atp6v1a;Atp6v1f;Atp6v1h;Atp6v1b2;Atp6v0e;Atp6v1g1;Atp6v1e1"
"Reactome","REACTOME_SEALING_OF_THE_NUCLEAR_ENVELOPE_NE_BY_ESCRT_III",0.603406326034063,0.941534891583299,0.301598298717555,0.887172781872416,21,4,"68942;71955;116733;66700","Chmp2b;Ist1;Vps4a;Chmp3"
"Reactome","REACTOME_SIGNALING_BY_INTERLEUKINS",0.570441988950276,0.941534891583299,-0.224345640979968,-0.95616543984026,207,49,"12931;18412;16157;19175;20851;22631;19184;69146;23939;26446;20850;18414;66513;18453;26420;20614;22187;22123;19052;66997;20848;16161;14784;192656;71966;26399;11908;14281;97908;21402;26398;12330;360198;223664;56438;18708;19173;18035;319148;107527;26406;103583;19094;12928;69077;12370;78294;101568;266632","Crlf1;Sqstm1;Il11ra1;Psmb6;Stat5b;Ywhaz;Psmc5;Gsdmd;Mapk7;Psmb3;Stat5a;Osmr;Tab1;P4hb;Mapk9;Snap25;Ubb;Psmd3;Ppp2ca;Psmd12;Stat3;Il12rb1;Grb2;Ripk2;Nkiras2;Map2k6;Atf1;Fos;H3c8;Skp1;Map2k4;Canx;H3c1;Lrrc14;Rbx1;Pik3r1;Psmb5;Nfkbia;H3c3;Il1rl2;Map3k3;Fbxw11;Mapk11;Crk;Psmd11;Casp8;Rps27a;Vrk3;Irak4"
"Reactome","REACTOME_SIGNALING_BY_NTRK1_TRKA",0.5792,0.941534891583299,-0.266287713973687,-0.94148016989642,60,17,"67300;54152;23939;17937;20393;20418;71770;19052;14784;19730;11908;18708;11771;19094;12928;26396;101568","Cltc;Dnal4;Mapk7;Nab2;Sgk1;Shc3;Ap2b1;Ppp2ca;Grb2;Ralgds;Atf1;Pik3r1;Ap2a1;Mapk11;Crk;Map2k2;Vrk3"
"Reactome","REACTOME_SIGNALING_BY_NTRKS",0.591780821917808,0.941534891583299,0.248085565683974,0.947846683198588,68,13,"19053;18706;18550;73086;26395;14360;20779;384783;26413;12929;109905;11773;17164","Ppp2cb;Pik3ca;Furin;Rps6ka5;Map2k1;Fyn;Src;Irs2;Mapk1;Crkl;Rap1a;Ap2m1;Mapkapk2"
"Reactome","REACTOME_SIGNALING_BY_NUCLEAR_RECEPTORS",0.590116279069767,0.941534891583299,-0.229555312419786,-0.950187499130678,174,71,"15081;13649;13610;17395;19411;105387;328572;19401;19014;20020;69833;12903;20602;15507;12223;20181;14700;56310;14462;97908;14706;17749;360198;319177;319159;18708;326619;319148;22259;319187;13207;12455;20698;21887;319160;319180;28200;59035;14083;11303;56484;14229;319153;319152;319155;319156;103573;319185;319182;319151;97122;319161;319184;100041230;319178;27402;18709;18604;319157;260423;22260;319181;319179;12315;268980;14702;68024;66066;17390;69920;20683","H3f3b;Egfr;S1pr3;Mmp9;Rarg;Akr1c14;Ep300;Rara;Med1;Polr2a;Polr2f;Crabp1;Ncor2;Hspb1;Btc;Rxra;Gng10;Gps2;Gata3;H3c8;Gng4;Polr2k;H3c1;H2bc1;H4c11;Pik3r1;H4c1;H3c3;Nr1h3;H2bc15;Ddx5;Ccnt1;Sphk1;Tle3;H4c12;H2bc7;Dhrs4;Carm1;Ptk2;Abca1;Foxo3;Fkbp5;H3c11;H3c10;H4c3;H4c4;Xpo1;H2bc13;H2bc9;H3c6;H4c14;H4c18;H2bc12;H4c17;H2bc3;Pdhx;Pik3r2;Pdk2;H4c6;H3c7;Nr1h2;H2bc8;H2bc6;Calm3;Strn;Gng2;H2bc4;Gng11;Mmp2;Polr2i;Sp1"
"Reactome","REACTOME_SIGNALING_BY_RETINOIC_ACID",0.561320754716981,0.941534891583299,0.290055210782415,0.912205357443693,27,4,"105349;16592;228026;18597","Akr1c18;Fabp5;Pdk1;Pdha1"
"Reactome","REACTOME_SIGNALLING_TO_ERKS",0.562945368171021,0.941534891583299,0.30210515645008,0.932106422229756,25,11,"26395;26413;12929;109905;17164;16653;20416;18049;20662;26416;15461","Map2k1;Mapk1;Crkl;Rap1a;Mapkapk2;Kras;Shc1;Ngf;Sos1;Mapk14;Hras"
"Reactome","REACTOME_SIGNAL_TRANSDUCTION_BY_L1",0.598557692307692,0.941534891583299,0.314494963762339,0.90047985575022,18,4,"16412;13000;26395;26413","Itgb1;Csnk2a2;Map2k1;Mapk1"
"Reactome","REACTOME_SLC_MEDIATED_TRANSPORT_OF_AMINO_ACIDS",0.591836734693878,0.941534891583299,-0.32268540165467,-0.907495946491031,20,7,"69354;215335;67760;55963;20512;215113;26570","Slc38a4;Slc36a1;Slc38a2;Slc1a4;Slc1a3;Slc43a2;Slc7a11"
"Reactome","REACTOME_SYNTHESIS_OF_BILE_ACIDS_AND_BILE_SALTS",0.604770017035775,0.941534891583299,-0.324349474800302,-0.900448461716687,19,7,"105387;17117;71240;13123;20181;170789;71720","Akr1c14;Amacr;Osbpl7;Cyp7b1;Rxra;Acot8;Osbpl3"
"Reactome","REACTOME_SYNTHESIS_OF_IP3_AND_IP4_IN_THE_CYTOSOL",0.566265060240964,0.941534891583299,0.31163223588739,0.905189304927599,19,5,"18798;19211;16332;18797;18795","Plcb4;Pten;Inppl1;Plcb3;Plcb1"
"Reactome","REACTOME_SYNTHESIS_OF_PIPS_AT_THE_PLASMA_MEMBRANE",0.564643799472295,0.941534891583299,0.267879971936733,0.926111307282553,42,14,"234515;18706;84095;19211;18720;16332;18704;67073;271457;83435;117150;109135;320207;18707","Inpp4b;Pik3ca;Pi4k2a;Pten;Pip5k1a;Inppl1;Pik3c2a;Pi4k2b;Rab5a;Plekha3;Pip4k2c;Plekha5;Pik3r5;Pik3cd"
"Reactome","REACTOME_THROMBIN_SIGNALLING_THROUGH_PROTEINASE_ACTIVATED_RECEPTORS_PARS",0.597087378640777,0.941534891583299,0.297589350824623,0.90456209326387,24,7,"14062;14682;20779;26413;14701;14675;14688","F2r;Gnaq;Src;Mapk1;Gng12;Gna14;Gnb1"
"Reactome","REACTOME_TRANSPORT_OF_MATURE_TRANSCRIPT_TO_CYTOPLASM",0.582689335394127,0.941534891583299,-0.254176492420739,-0.936040767152869,75,9,"223921;73826;445007;193116;192160;170762;21681;192170;94230","Aaas;Poldip3;Nup85;Slu7;Casc3;Nup155;Alyref;Eif4a3;Cpsf1"
"Reactome","REACTOME_RETROGRADE_TRANSPORT_AT_THE_TRANS_GOLGI_NETWORK",0.608355091383812,0.941562357690556,0.261310803232415,0.909804286984213,43,11,"226089;17113;56367;73296;22134;53330;53611;76332;67542;16004;68505","Ric1;M6pr;Scoc;Rhobtb3;Tgoln1;Vamp4;Vti1a;Cog2;Cog6;Igf2r;Vps51"
"Reactome","REACTOME_SELECTIVE_AUTOPHAGY",0.609164420485175,0.941562357690556,0.252557634211737,0.927087172777008,59,13,"68146;13000;20779;22195;19305;67952;234663;67443;22335;22186;28185;235661;66105","Arl13b;Csnk2a2;Src;Ube2l3;Pex5;Tomm20;Dync1li2;Map1lc3b;Vdac3;Uba52;Tomm70a;Dync1li1;Ube2d3"
"Reactome","REACTOME_CELLULAR_RESPONSES_TO_MECHANICAL_STIMULI",0.611859838274933,0.943574283626718,0.252438766288339,0.926650833058427,59,7,"11535;12675;16412;19085;19697;14682;18033","Adm;Chuk;Itgb1;Prkar1b;Rela;Gnaq;Nfkb1"
"Reactome","REACTOME_DOWNREGULATION_OF_TGF_BETA_RECEPTOR_SIGNALING",0.618117229129662,0.951057645729049,-0.335585658208565,-0.882276598108464,16,7,"22187;170749;65112;78294;21812;21803;17127","Ubb;Mtmr4;Pmepa1;Rps27a;Tgfbr1;Tgfb1;Smad3"
"Reactome","REACTOME_DEATH_RECEPTOR_SIGNALING",0.621823617339312,0.952431196693924,-0.235657105483522,-0.934334979780965,125,27,"72754;109934;18412;224014;71704;235402;328967;76686;14694;223435;66513;213649;22187;269608;432940;22029;192656;106025;22627;192662;236915;14674;18035;12370;78294;12125;67733","Arhgef10l;Abr;Sqstm1;Fgd4;Arhgef3;Lingo1;Arhgef37;Clip3;Rack1;Trio;Tab1;Arhgef19;Ubb;Plekhg5;Otulin;Traf1;Ripk2;Sharpin;Ywhae;Arhgdia;Arhgef9;Gna13;Nfkbia;Casp8;Rps27a;Bcl2l11;Itgb3bp"
"Reactome","REACTOME_FORMATION_OF_THE_EMBRYONIC_STEM_CELL_BAF_ESBAF_COMPLEX",0.621669626998224,0.952431196693924,-0.334572596045168,-0.87961319156134,16,6,"57376;83797;83796;11465;20586;68094","Smarce1;Smarcd1;Smarcd2;Actg1;Smarca4;Smarcc2"
"Reactome","REACTOME_AZATHIOPRINE_ADME",0.632558139534884,0.96044982698962,0.306550280544976,0.864112748706432,17,4,"13340;27416;239273;23917","Slc29a2;Abcc5;Abcc4;Impdh1"
"Reactome","REACTOME_CD28_DEPENDENT_PI3K_AKT_SIGNALING",0.629441624365482,0.96044982698962,-0.309273891039364,-0.87955093817397,21,2,"53859;78757","Map3k14;Rictor"
"Reactome","REACTOME_CELL_CELL_COMMUNICATION",0.63762102351314,0.96044982698962,-0.2167489089508,-0.922877733606394,205,65,"23880;15081;19261;16480;77605;19175;12552;19184;18810;26446;330914;14694;105837;22187;22123;21417;66997;14784;76233;12387;192897;330222;319176;97908;12330;360198;319177;11492;319159;319172;326619;319169;19173;11465;319173;319148;57875;319166;319187;239096;52615;69077;27494;78294;319160;319180;218952;319153;319152;319155;74202;319156;319168;319185;20586;319182;319151;103963;18717;19229;97122;319161;319184;18554;100041230","Fyb1;H3f3b;Sirpa;Jup;H2az2;Psmb6;Cdh11;Psmc5;Plec;Psmb3;Arhgap32;Rack1;Mtbp;Ubb;Psmd3;Zeb1;Psmd12;Grb2;Dnttip1;Ctnnb1;Itgb4;Sdk1;H2ac20;H3c8;Canx;H3c1;H2bc1;Adam19;H4c11;H2ac4;H4c1;H2ac15;Psmb5;Actg1;H2ac10;H3c3;Angptl4;H2ac8;H2bc15;Cdh24;Suz12;Psmd11;Amot;Rps27a;H4c12;H2bc7;Fermt2;H3c11;H3c10;H4c3;Fblim1;H4c4;H2ac12;H2bc13;Smarca4;H2bc9;H3c6;Rpn1;Pip5k1c;Ptk2b;H4c14;H4c18;H2bc12;Pcsk7;H4c17"
"Reactome","REACTOME_MRNA_SPLICING",0.631432545201669,0.96044982698962,-0.219371517482872,-0.928535993250348,198,30,"192159;193116;192160;67178;237859;21681;217207;67959;20020;20624;69833;192170;545085;59013;15382;20630;72047;66983;67465;67480;18521;17749;68479;19655;74351;20382;53817;66125;78372;13207","Prpf8;Slu7;Casc3;Zmat5;Nsrp1;Alyref;Dhx8;Puf60;Polr2a;Eftud2;Polr2f;Eif4a3;Wdr70;Hnrnph1;Hnrnpa1;Snrpc;Ddx42;Zfp830;Sf3a1;Cwc25;Pcbp2;Polr2k;Phf5a;Rbmx;Ddx23;Srsf2;Ddx39b;Sf3b5;Snrnp25;Ddx5"
"Reactome","REACTOME_ONCOGENE_INDUCED_SENESCENCE",0.63718820861678,0.96044982698962,0.315188258130072,0.85307818916789,15,5,"12571;26413;22186;23872;17246","Cdk6;Mapk1;Uba52;Ets2;Mdm2"
"Reactome","REACTOME_PLATELET_AGGREGATION_PLUG_FORMATION",0.63575042158516,0.96044982698962,-0.302041966230582,-0.878747835070392,23,7,"12843;14268;14784;16399;12928;12988;14083","Col1a2;Fn1;Grb2;Itga2b;Crk;Csk;Ptk2"
"Reactome","REACTOME_RESPONSE_TO_ELEVATED_PLATELET_CYTOSOLIC_CA2",0.634408602150538,0.96044982698962,0.231786650485067,0.917742604696373,81,30,"19128;22340;21825;11747;27999;19241;67072;18590;20655;12527;11674;239273;66866;54216;223601;16784;12314;14205;18787;19156;192176;12313;68117;72017;21346;67059;104009;22330;227612;108101","Pros1;Vegfb;Thbs1;Anxa5;Fam3c;Tmsb4x;Cdc37l1;Pdgfa;Sod1;Cd9;Aldoa;Abcc4;Nhlrc2;Pcdh7;Cyrib;Lamp2;Calm2;Vegfd;Serpine1;Psap;Flna;Calm1;Apool;Cyb5r1;Tagln2;Ola1;Qsox1;Vcl;Tor4a;Fermt3"
"Reactome","REACTOME_TRANSCRIPTIONAL_AND_POST_TRANSLATIONAL_REGULATION_OF_MITF_M_EXPRESSION_AND_ACTIVITY",0.63840830449827,0.96044982698962,-0.297149460087996,-0.884711113399534,27,5,"328572;15254;21386;17311;17342","Ep300;Hint1;Tbx3;Kitl;Mitf"
"Reactome","REACTOME_RHOF_GTPASE_CYCLE",0.64021164021164,0.961027229319912,0.269165335914142,0.906462877067948,38,4,"27360;20619;23943;75415","Add3;Snap23;Esyt1;Arhgap12"
"Reactome","REACTOME_FORMATION_OF_THE_POLYBROMO_BAF_PBAF_COMPLEX",0.645276292335116,0.966486836086003,-0.328440091249768,-0.848369006849511,15,6,"57376;83797;83796;11465;20586;68094","Smarce1;Smarcd1;Smarcd2;Actg1;Smarca4;Smarcc2"
"Reactome","REACTOME_CELL_EXTRACELLULAR_MATRIX_INTERACTIONS",0.649202733485194,0.969361878310073,0.312002132111116,0.855232801541287,16,2,"22323;16412","Vasp;Itgb1"
"Reactome","REACTOME_PINK1_PRKN_MEDIATED_MITOPHAGY",0.650485436893204,0.969361878310073,0.271220738265432,0.866291321685464,29,7,"22195;67952;67443;22335;22186;28185;66105","Ube2l3;Tomm20;Map1lc3b;Vdac3;Uba52;Tomm70a;Ube2d3"
"Reactome","REACTOME_REGULATION_OF_MRNA_STABILITY_BY_PROTEINS_THAT_BIND_AU_RICH_ELEMENTS",0.65149136577708,0.969361878310073,-0.251550345564027,-0.909323352949008,68,11,"19175;22631;109075;19184;26446;22187;22123;15507;66997;12192;15511","Psmb6;Ywhaz;Exosc4;Psmc5;Psmb3;Ubb;Psmd3;Hspb1;Psmd12;Zfp36l1;Hspa1b"
"Reactome","REACTOME_BRANCHED_CHAIN_AMINO_ACID_CATABOLISM",0.683574879227053,0.981455753548777,0.281195572352905,0.82834132257684,20,6,"72039;66885;15108;243382;93747;58875","Mccc1;Acadsb;Hsd17b10;Ppm1k;Echs1;Hibadh"
"Reactome","REACTOME_CROSS_PRESENTATION_OF_SOLUBLE_EXOGENOUS_ANTIGENS_ENDOSOMES",0.673076923076923,0.981455753548777,-0.268627232157355,-0.876635280225166,38,9,"19175;17534;19184;26446;22123;66997;19173;19188;69077","Psmb6;Mrc2;Psmc5;Psmb3;Psmd3;Psmd12;Psmb5;Psme2;Psmd11"
"Reactome","REACTOME_DNA_DAMAGE_RECOGNITION_IN_GG_NER",0.682692307692308,0.981455753548777,-0.267058837028494,-0.871516996080066,38,11,"26572;70020;209318;22187;235134;51812;56438;11465;78294;26891;11546","Cops3;Ino80b;Gps1;Ubb;Nfrkb;Mcrs1;Rbx1;Actg1;Rps27a;Cops4;Parp2"
"Reactome","REACTOME_DOWNSTREAM_TCR_SIGNALING",0.674731182795699,0.981455753548777,0.240399188759394,0.88800141330839,61,9,"57296;12675;18706;19211;19697;21762;18033;17463;216150","Psmd8;Chuk;Pik3ca;Pten;Rela;Psmd2;Nfkb1;Psmd7;Cdc34"
"Reactome","REACTOME_FATTY_ACYL_COA_BIOSYNTHESIS",0.674576271186441,0.981455753548777,-0.287911515635946,-0.843291859467876,24,4,"216739;14104;107476;104112","Acsl6;Fasn;Acaca;Acly"
"Reactome","REACTOME_FORMATION_OF_THE_NON_CANONICAL_BAF_NCBAF_COMPLEX",0.685612788632327,0.981455753548777,-0.314391365185344,-0.826555418461927,16,9,"83797;83796;11465;20586;68094;105246;243842;20588;210982","Smarcd1;Smarcd2;Actg1;Smarca4;Smarcc2;Brd9;Bicra;Smarcc1;Bicral"
"Reactome","REACTOME_GABA_RECEPTOR_ACTIVATION",0.667796610169492,0.981455753548777,-0.290211320342251,-0.850027979705751,24,10,"14700;104111;14706;104110;236915;16518;54393;11512;14702;66066","Gng10;Adcy3;Gng4;Adcy4;Arhgef9;Kcnj2;Gabbr1;Adcy6;Gng2;Gng11"
"Reactome","REACTOME_GLI3_IS_PROCESSED_TO_GLI3R_BY_THE_PROTEASOME",0.674121405750799,0.981455753548777,-0.261863730447654,-0.875242553054347,44,11,"19175;19184;26446;22187;22123;66997;21402;56438;19173;69077;78294","Psmb6;Psmc5;Psmb3;Ubb;Psmd3;Psmd12;Skp1;Rbx1;Psmb5;Psmd11;Rps27a"
"Reactome","REACTOME_GLUCAGON_LIKE_PEPTIDE_1_GLP1_REGULATES_INSULIN_SECRETION",0.683698296836983,0.981455753548777,0.286293106048935,0.842151472353597,21,6,"16439;109905;14701;14688;14707;14696","Itpr2;Rap1a;Gng12;Gnb1;Gng5;Gnb4"
"Reactome","REACTOME_HSF1_DEPENDENT_TRANSACTIVATION",0.673469387755102,0.981455753548777,-0.29855726927974,-0.839639817225906,20,4,"74370;328572;15499;15511","Rptor;Ep300;Hsf1;Hspa1b"
"Reactome","REACTOME_POST_TRANSLATIONAL_MODIFICATION_SYNTHESIS_OF_GPI_ANCHORED_PROTEINS",0.661211129296236,0.981455753548777,-0.273544155006948,-0.880612516908404,37,16,"26365;14731;77777;74762;235505;276846;17069;18701;241062;68563;235106;327942;66268;14756;110417;55981","Ceacam1;Gpaa1;Ulbp1;Mdga1;Cd109;Pigs;Ly6e;Pigf;Pgap1;Dpm3;Ntm;Pigl;Pigyl;Gpld1;Pigh;Pigb"
"Reactome","REACTOME_PROCESSIVE_SYNTHESIS_ON_THE_C_STRAND_OF_THE_TELOMERE",0.679180887372014,0.981455753548777,-0.311134535601275,-0.844165562562476,18,6,"68275;18972;18971;16881;19891;68240","Rpa1;Pold2;Pold1;Lig1;Rpa2;Rpa3"
"Reactome","REACTOME_REGULATION_OF_NF_KAPPA_B_SIGNALING",0.669703872437358,0.981455753548777,0.30710287857842,0.841803398684717,16,2,"80750;12675","N4bp1;Chuk"
"Reactome","REACTOME_RHO_GTPASES_ACTIVATE_IQGAPS",0.683050847457627,0.981455753548777,-0.28595301187542,-0.837555408550514,24,6,"73710;22151;12387;404710;11465;22142","Tubb2b;Tubb2a;Ctnnb1;Iqgap3;Actg1;Tuba1a"
"Reactome","REACTOME_RND2_GTPASE_CYCLE",0.685714285714286,0.981455753548777,-0.261275592005586,-0.86334800951763,40,15,"105782;67784;19655;18708;64652;11858;93840;11671;381293;21927;214345;18709;229658;83669;218581","Scrib;Plxnd1;Rbmx;Pik3r1;Nisch;Rnd2;Vangl2;Aldh3a2;Kif14;Tnfaip1;Lrrc1;Pik3r2;Vangl1;Wdr6;Depdc1b"
"Reactome","REACTOME_SIGNALING_BY_ERBB2",0.666666666666667,0.981455753548777,0.264906761898899,0.892121360018756,38,17,"18706;22612;14360;20779;13874;22186;19248;16653;23797;20416;15519;15200;20662;18754;67588;15461;11652","Pik3ca;Yes1;Fyn;Src;Ereg;Uba52;Ptpn12;Kras;Akt3;Shc1;Hsp90aa1;Hbegf;Sos1;Prkce;Rnf41;Hras;Akt2"
"Reactome","REACTOME_SIGNALING_BY_TGFBR3",0.673913043478261,0.981455753548777,0.2834503690999,0.834983465992965,20,8,"16323;67903;226548;17387;59287;11480;21813;66340","Inhba;Gipc1;Aph1a;Mmp14;Ncstn;Acvr2a;Tgfbr2;Psenen"
"Reactome","REACTOME_TAK1_DEPENDENT_IKK_AND_NF_KAPPA_B_ACTIVATION",0.681592039800995,0.981455753548777,0.257324761140176,0.860047372583845,35,7,"80750;12675;19697;18033;22186;108960;211550","N4bp1;Chuk;Rela;Nfkb1;Uba52;Irak2;Tifa"
"Reactome","REACTOME_CYTOPROTECTION_BY_HMOX1",0.687397708674304,0.981789554372371,-0.269237938664158,-0.866749643428691,37,11,"19014;233016;20602;20181;12864;109778;14950;59035;17708;17709;15368","Med1;Blvrb;Ncor2;Rxra;Cox6c;Blvra;H13;Carm1;mt-Co1;mt-Co2;Hmox1"
"Reactome","REACTOME_ACTIVATION_OF_THE_PRE_REPLICATIVE_COMPLEX",0.719864176570458,0.985320481927711,-0.273688910737614,-0.848102187183147,32,11,"68275;23834;66634;67177;17215;19075;70024;17216;18973;17220;19891","Rpa1;Cdc6;Mcm8;Cdt1;Mcm3;Prim1;Mcm10;Mcm2;Pole;Mcm7;Rpa2"
"Reactome","REACTOME_BINDING_AND_UPTAKE_OF_LIGANDS_BY_SCAVENGER_RECEPTORS",0.723356009070295,0.985320481927711,0.296308549208709,0.801978988981292,15,4,"17174;15439;22027;12317","Masp1;Hp;Hsp90b1;Calr"
"Reactome","REACTOME_DNA_DAMAGE_BYPASS",0.701444622792937,0.985320481927711,-0.255604352312937,-0.862719105633608,47,19,"68275;18972;69263;22187;19718;217365;56438;19687;78294;217069;22210;18971;76843;18973;19891;71890;68026;68240;106344","Rpa1;Pold2;Rfc3;Ubb;Rfc2;Nploc4;Rbx1;Rfc1;Rps27a;Trim25;Ube2b;Pold1;Dtl;Pole;Rpa2;Mad2l2;Pclaf;Rpa3;Rfc4"
"Reactome","REACTOME_DOWNREGULATION_OF_ERBB2_SIGNALING",0.717905405405405,0.985320481927711,-0.285910334083533,-0.824278143690324,22,4,"13649;22187;12223;13866","Egfr;Ubb;Btc;Erbb2"
"Reactome","REACTOME_ERK_MAPK_TARGETS",0.706730769230769,0.985320481927711,0.283887743833396,0.812843523973037,18,8,"19053;73086;26413;110651;319520;26416;235584;51792","Ppp2cb;Rps6ka5;Mapk1;Rps6ka3;Dusp4;Mapk14;Dusp7;Ppp2r1a"
"Reactome","REACTOME_FCERI_MEDIATED_CA_2_MOBILIZATION",0.701594533029613,0.985320481927711,0.301086329834169,0.825311364468993,16,7,"18021;12314;17096;20416;12313;20662;57257","Nfatc3;Calm2;Lyn;Shc1;Calm1;Sos1;Vav3"
"Reactome","REACTOME_FCGAMMA_RECEPTOR_FCGR_DEPENDENT_PHAGOCYTOSIS",0.7248,0.985320481927711,-0.243640775421967,-0.861410221354169,60,15,"17909;108100;17886;330662;18807;14784;83767;18708;11465;242687;12928;66713;17913;14083;18753","Myo10;Baiap2;Myh9;Dock1;Pld3;Grb2;Wasf1;Pik3r1;Actg1;Wasf2;Crk;Actr2;Myo1c;Ptk2;Prkcd"
"Reactome","REACTOME_FLT3_SIGNALING",0.695352839931153,0.985320481927711,-0.288209641696759,-0.848787919906196,25,8,"216233;22187;19271;14784;18708;78294;12988;56484","Socs2;Ubb;Ptprj;Grb2;Pik3r1;Rps27a;Csk;Foxo3"
"Reactome","REACTOME_GAMMA_CARBOXYLATION_HYPUSINYLATION_HYDROXYLATION_AND_ARYLSULFATASE_ACTIVATION",0.720257234726688,0.985320481927711,-0.252548021239735,-0.846234520891606,45,11,"26961;13494;77041;13495;238024;116905;22021;276770;107817;56316;67902","Rpl8;Drg1;Arsk;Drg2;Fn3krp;Dph1;Tpst1;Eif5a;Jmjd6;Ggcx;Sumf2"
"Reactome","REACTOME_GLUCONEOGENESIS",0.704099821746881,0.985320481927711,-0.316212643534303,-0.816785202219569,15,2,"13808;68401","Eno3;G6pc3"
"Reactome","REACTOME_HIGH_LAMINAR_FLOW_SHEAR_STRESS_ACTIVATES_SIGNALING_BY_PIEZO1_AND_PECAM1_CDH5_KDR_IN_ENDOTHELIAL_CELLS",0.718670076726343,0.985320481927711,0.250947665905701,0.846878558423901,37,12,"11535;19085;14682;109333;14701;12314;14688;12313;14707;22330;14696;19088","Adm;Prkar1b;Gnaq;Pkn2;Gng12;Calm2;Gnb1;Calm1;Gng5;Vcl;Gnb4;Prkar2b"
"Reactome","REACTOME_JNK_C_JUN_KINASES_PHOSPHORYLATION_AND_ACTIVATION_MEDIATED_BY_ACTIVATED_HUMAN_TAK1",0.707275803722504,0.985320481927711,-0.290199099859041,-0.825303712772099,21,6,"66513;26420;22187;192656;26398;78294","Tab1;Mapk9;Ubb;Ripk2;Map2k4;Rps27a"
"Reactome","REACTOME_MHC_CLASS_II_ANTIGEN_PRESENTATION",0.712286158631415,0.985320481927711,-0.235551400775646,-0.883155760683778,88,19,"13429;67300;11764;77371;73710;16568;71770;22151;66397;13032;11840;26934;12330;16149;11771;232943;280408;22142;13191","Dnm1;Cltc;Ap1b1;Sec24a;Tubb2b;Kif3a;Ap2b1;Tubb2a;Sar1b;Ctsc;Arf1;Racgap1;Canx;Cd74;Ap2a1;Klc3;Rilp;Tuba1a;Dctn1"
"Reactome","REACTOME_NEGATIVE_REGULATION_OF_MET_ACTIVITY",0.698979591836735,0.985320481927711,-0.291458066875912,-0.819674558891449,20,4,"22187;15239;19271;14784","Ubb;Hgs;Ptprj;Grb2"
"Reactome","REACTOME_NUCLEAR_ENVELOPE_NE_REASSEMBLY",0.7248,0.985320481927711,-0.244728972183169,-0.865257622559158,60,7,"445007;208092;170762;73710;22151;69922;19052","Nup85;Chmp6;Nup155;Tubb2b;Tubb2a;Vrk2;Ppp2ca"
"Reactome","REACTOME_OXIDATIVE_STRESS_INDUCED_SENESCENCE",0.721666666666667,0.985320481927711,-0.2688699126195,-0.848587982248285,35,11,"50932;22059;26420;22187;26399;14281;26398;216850;52615;19094;78294","Mink1;Trp53;Mapk9;Ubb;Map2k6;Fos;Map2k4;Kdm6b;Suz12;Mapk11;Rps27a"
"Reactome","REACTOME_REGULATION_OF_TNFR1_SIGNALING",0.696569920844327,0.985320481927711,0.24652044966904,0.870588756369735,47,10,"12675;71198;22195;74256;17164;12633;22186;66105;11798;21929","Chuk;Otud1;Ube2l3;Cyld;Mapkapk2;Cflar;Uba52;Ube2d3;Xiap;Tnfaip3"
"Reactome","REACTOME_RIPK1_MEDIATED_REGULATED_NECROSIS",0.71563981042654,0.985320481927711,0.260216651809901,0.82795597419925,28,7,"74568;22195;12633;22186;11798;53378;108155","Mlkl;Ube2l3;Cflar;Uba52;Xiap;Sdcbp;Ogt"
"Reactome","REACTOME_SIGNALING_BY_NOTCH3",0.701048951048951,0.985320481927711,-0.306546060426346,-0.819213257617034,17,3,"13649;22187;66894","Egfr;Ubb;Wwp2"
"Reactome","REACTOME_STIMULI_SENSING_CHANNELS",0.718085106382979,0.985320481927711,0.244683400319145,0.876294353925074,52,14,"101772;74568;22063;65973;13830;382014;22186;170755;27219;12728;107568;12314;110157;102566","Ano1;Mlkl;Trpc1;Asph;Stom;Ano8;Uba52;Sgk3;Sgk2;Clcn5;Wwp1;Calm2;Raf1;Ano10"
"Reactome","REACTOME_TNFR1_INDUCED_PROAPOPTOTIC_SIGNALING",0.714634146341463,0.985320481927711,0.276999167421074,0.824984124178628,22,7,"71198;74256;11798;21929;53376;14082;268749","Otud1;Cyld;Xiap;Tnfaip3;Usp2;Fadd;Rnf31"
"Reactome","REACTOME_TRANSFERRIN_ENDOCYTOSIS_AND_RECYCLING",0.709459459459459,0.985320481927711,-0.288903131153017,-0.832906363515898,22,3,"68428;11975;66335","Steap3;Atp6v0a1;Atp6v1c1"
"Reactome","REACTOME_UBIQUITIN_DEPENDENT_DEGRADATION_OF_CYCLIN_D",0.707037643207856,0.985320481927711,-0.265812746085825,-0.855723023403763,37,6,"19175;19184;26446;22187;22123;66997","Psmb6;Psmc5;Psmb3;Ubb;Psmd3;Psmd12"
"Reactome","REACTOME_VXPX_CARGO_TARGETING_TO_CILIUM",0.719817767653758,0.985320481927711,0.298908081355143,0.819340541332098,16,5,"17274;11843;53869;107338;102058","Rab8a;Arf4;Rab11a;Gbf1;Exoc8"
"Reactome","REACTOME_REGULATION_OF_HSF1_MEDIATED_HEAT_SHOCK_RESPONSE",0.7264,0.985516633266533,-0.245596325202658,-0.874293569602781,62,11,"223921;445007;68275;72630;170762;66538;15499;15511;19069;70356;22627","Aaas;Nup85;Rpa1;Hspa12b;Nup155;Rps19bp1;Hsf1;Hspa1b;Nup88;St13;Ywhae"
"Reactome","REACTOME_HS_GAG_DEGRADATION",0.732620320855615,0.985732760224778,-0.31021262727447,-0.801287009486561,15,5,"27029;15529;15442;27419;14733","Sgsh;Sdc2;Hpse;Naglu;Gpc1"
"Reactome","REACTOME_INSERTION_OF_TAIL_ANCHORED_PROTEINS_INTO_THE_ENDOPLASMIC_RETICULUM_MEMBRANE",0.736185383244207,0.985732760224778,-0.30842911081479,-0.796680141665276,15,7,"109672;20335;66212;52551;11671;15368;22318","Cyb5a;Sec61g;Sec61b;Sgta;Aldh3a2;Hmox1;Vamp2"
"Reactome","REACTOME_INTERLEUKIN_1_FAMILY_SIGNALING",0.736923076923077,0.985732760224778,-0.22964984951711,-0.867725331606982,92,24,"18412;19175;19184;69146;26446;66513;22187;22123;66997;20848;71966;26399;21402;223664;56438;19173;18035;107527;26406;103583;69077;12370;78294;266632","Sqstm1;Psmb6;Psmc5;Gsdmd;Psmb3;Tab1;Ubb;Psmd3;Psmd12;Stat3;Nkiras2;Map2k6;Skp1;Lrrc14;Rbx1;Psmb5;Nfkbia;Il1rl2;Map3k3;Fbxw11;Psmd11;Casp8;Rps27a;Irak4"
"Reactome","REACTOME_MAPK_TARGETS_NUCLEAR_EVENTS_MEDIATED_BY_MAP_KINASES",0.738207547169811,0.985732760224778,0.260476666651319,0.819182700312355,27,7,"19053;73086;26419;26413;17164;110651;12912","Ppp2cb;Rps6ka5;Mapk8;Mapk1;Mapkapk2;Rps6ka3;Creb1"
"Reactome","REACTOME_METABOLISM_OF_PORPHYRINS",0.737209302325581,0.985732760224778,0.287541864214899,0.810531277978895,17,4,"12892;17250;15369;226139","Cpox;Abcc1;Hmox2;Cox15"
"Reactome","REACTOME_RND1_GTPASE_CYCLE",0.737913486005089,0.985732760224778,0.247135781937867,0.827239801535419,36,5,"68187;13836;66922;20867;223881","Fam135a;Epha2;Rras2;Stip1;Rnd1"
"Reactome","REACTOME_SIGNALING_BY_CSF3_G_CSF",0.734299516908213,0.985732760224778,0.269258896251768,0.793178457151711,20,9,"16452;22186;66105;16653;17096;20416;67923;19823;216080","Jak2;Uba52;Ube2d3;Kras;Lyn;Shc1;Eloc;Rnf7;Ube2d1"
"Reactome","REACTOME_SIGNALING_BY_SCF_KIT",0.737931034482759,0.985732760224778,-0.277371143987748,-0.827239334664227,28,6,"17395;20851;20850;20848;14784;17311","Mmp9;Stat5b;Stat5a;Stat3;Grb2;Kitl"
"Reactome","REACTOME_ACTIVATION_OF_BH3_ONLY_PROTEINS",0.795673076923077,0.986125706412592,0.263106796376259,0.753342334050338,18,6,"26419;58801;12043;22629;12015;12122","Mapk8;Pmaip1;Bcl2;Ywhah;Bad;Bid"
"Reactome","REACTOME_APOPTOTIC_EXECUTION_PHASE",0.785145888594164,0.986125706412592,0.241741749615575,0.819904723703295,39,6,"21873;16646;12368;97165;74006;19877","Tjp2;Kpna1;Casp6;Hmgb2;Dnm1l;Rock1"
"Reactome","REACTOME_AQUAPORIN_MEDIATED_TRANSPORT",0.786407766990291,0.986125706412592,0.252930382389073,0.76881526677587,24,6,"74998;19085;53869;14701;11830;14688","Rab11fip2;Prkar1b;Rab11a;Gng12;Aqp5;Gnb1"
"Reactome","REACTOME_CELL_CELL_JUNCTION_ORGANIZATION",0.752173913043478,0.986125706412592,-0.212954610180953,-0.880969558363873,173,57,"15081;16480;77605;19175;12552;19184;26446;330914;14694;105837;22187;22123;21417;66997;76233;12387;330222;319176;97908;12330;360198;319177;11492;319159;319172;326619;319169;19173;11465;319173;319148;57875;319166;319187;239096;52615;69077;27494;78294;319160;319180;319153;319152;319155;319156;319168;319185;20586;319182;319151;103963;18717;97122;319161;319184;18554;100041230","H3f3b;Jup;H2az2;Psmb6;Cdh11;Psmc5;Psmb3;Arhgap32;Rack1;Mtbp;Ubb;Psmd3;Zeb1;Psmd12;Dnttip1;Ctnnb1;Sdk1;H2ac20;H3c8;Canx;H3c1;H2bc1;Adam19;H4c11;H2ac4;H4c1;H2ac15;Psmb5;Actg1;H2ac10;H3c3;Angptl4;H2ac8;H2bc15;Cdh24;Suz12;Psmd11;Amot;Rps27a;H4c12;H2bc7;H3c11;H3c10;H4c3;H4c4;H2ac12;H2bc13;Smarca4;H2bc9;H3c6;Rpn1;Pip5k1c;H4c14;H4c18;H2bc12;Pcsk7;H4c17"
"Reactome","REACTOME_CYTOSOLIC_SENSORS_OF_PATHOGEN_ASSOCIATED_DNA",0.782716049382716,0.986125706412592,0.245957012891169,0.790527032046306,30,9,"207521;12675;19697;18033;22186;72935;72162;17874;54131","Dtx4;Chuk;Rela;Nfkb1;Uba52;Ddx41;Dhx36;Myd88;Irf3"
"Reactome","REACTOME_DAP12_INTERACTIONS",0.795121951219512,0.986125706412592,0.25608337088535,0.762690795836987,22,9,"18706;243958;14360;12010;16653;20416;20662;57257;15461","Pik3ca;Siglecg;Fyn;B2m;Kras;Shc1;Sos1;Vav3;Hras"
"Reactome","REACTOME_DOWNSTREAM_SIGNALING_EVENTS_OF_B_CELL_RECEPTOR_BCR",0.757142857142857,0.986125706412592,-0.238904795563541,-0.849781255846481,61,15,"18037;19175;19696;19184;26446;22187;22123;66997;21402;19058;19173;18035;103583;69077;78294","Nfkbie;Psmb6;Rel;Psmc5;Psmb3;Ubb;Psmd3;Psmd12;Skp1;Ppp3r1;Psmb5;Nfkbia;Fbxw11;Psmd11;Rps27a"
"Reactome","REACTOME_DUAL_INCISION_IN_TC_NER",0.7792,0.986125706412592,-0.23492256144835,-0.836296246124306,62,13,"68275;18972;20020;69833;71101;69263;22187;19718;66671;66983;17749;56438;19687","Rpa1;Pold2;Polr2a;Polr2f;Uvssa;Rfc3;Ubb;Rfc2;Ccnh;Zfp830;Polr2k;Rbx1;Rfc1"
"Reactome","REACTOME_E3_UBIQUITIN_LIGASES_UBIQUITINATE_TARGET_PROTEINS",0.7888,0.986125706412592,-0.234682517822804,-0.810136457082388,51,20,"66510;22187;72129;319177;103737;319187;78294;22210;319180;319185;319182;108089;22083;268281;319184;319178;319181;319179;668173;68024","Rnf181;Ubb;Pex13;H2bc1;Pex12;H2bc15;Rps27a;Ube2b;H2bc7;H2bc13;H2bc9;Rnf144a;Ctr9;Shprh;H2bc12;H2bc3;H2bc8;H2bc6;Pex10;H2bc4"
"Reactome","REACTOME_EXTRA_NUCLEAR_ESTROGEN_SIGNALING",0.788359788359788,0.986125706412592,0.226017563229636,0.831026555258284,58,25,"18706;17392;13982;20779;26413;13874;102193;14701;12912;16653;12314;23797;14688;16589;20416;15519;15200;12313;14678;14707;14696;15461;12390;68268;11652","Pik3ca;Mmp3;Esr1;Src;Mapk1;Ereg;Zdhhc7;Gng12;Creb1;Kras;Calm2;Akt3;Gnb1;Uhmk1;Shc1;Hsp90aa1;Hbegf;Calm1;Gnai2;Gng5;Gnb4;Hras;Cav2;Zdhhc21;Akt2"
"Reactome","REACTOME_FORMATION_OF_INCISION_COMPLEX_IN_GG_NER",0.793733681462141,0.986125706412592,0.231927927856918,0.807502102574432,43,6,"13194;13870;70620;99375;68058;19358","Ddb1;Ercc1;Ube2v2;Cul4a;Chd1l;Rad23a"
"Reactome","REACTOME_FORMATION_OF_THE_EARLY_ELONGATION_COMPLEX",0.777589134125637,0.986125706412592,-0.258275515137025,-0.800339439012063,32,15,"20922;20020;69833;66671;17749;27632;57314;13872;23894;69920;14885;98053;17420;66491;66467","Supt4a;Polr2a;Polr2f;Ccnh;Polr2k;Nelfe;Nelfcd;Ercc3;Gtf2h2;Polr2i;Gtf2h4;Gtf2f1;Mnat1;Polr2l;Gtf2h5"
"Reactome","REACTOME_GAB1_SIGNALOSOME",0.7825311942959,0.986125706412592,-0.294210230525229,-0.759952416667192,15,5,"13649;12223;14784;18708;12988","Egfr;Btc;Grb2;Pik3r1;Csk"
"Reactome","REACTOME_GPER1_SIGNALING",0.771186440677966,0.986125706412592,-0.270006307557126,-0.790847565318697,24,5,"19084;14268;76854;14700;14706","Prkar1a;Fn1;Gper1;Gng10;Gng4"
"Reactome","REACTOME_G_BETA_GAMMA_SIGNALLING_THROUGH_CDC42",0.791383219954649,0.986125706412592,0.273935953951389,0.741426057338693,15,6,"14701;14688;12540;18479;14707;14696","Gng12;Gnb1;Cdc42;Pak1;Gng5;Gnb4"
"Reactome","REACTOME_INACTIVATION_OF_CSF3_G_CSF_SIGNALING",0.79498861047836,0.986125706412592,0.28046260098074,0.768779412952508,16,7,"16452;22186;66105;17096;67923;19823;216080","Jak2;Uba52;Ube2d3;Lyn;Eloc;Rnf7;Ube2d1"
"Reactome","REACTOME_INTERLEUKIN_1_SIGNALING",0.776190476190476,0.986125706412592,-0.231042043356955,-0.851520124233613,83,21,"18412;19175;19184;26446;66513;22187;22123;66997;71966;26399;21402;223664;56438;19173;18035;26406;103583;69077;12370;78294;266632","Sqstm1;Psmb6;Psmc5;Psmb3;Tab1;Ubb;Psmd3;Psmd12;Nkiras2;Map2k6;Skp1;Lrrc14;Rbx1;Psmb5;Nfkbia;Map3k3;Fbxw11;Psmd11;Casp8;Rps27a;Irak4"
"Reactome","REACTOME_INTERLEUKIN_3_INTERLEUKIN_5_AND_GM_CSF_SIGNALING",0.754854368932039,0.986125706412592,0.252125633808037,0.805300693225741,29,7,"18706;22612;14360;16332;12929;16452;22186","Pik3ca;Yes1;Fyn;Inppl1;Crkl;Jak2;Uba52"
"Reactome","REACTOME_INTRA_GOLGI_AND_RETROGRADE_GOLGI_TO_ER_TRAFFIC",0.759825327510917,0.986125706412592,-0.213001096734965,-0.871831302547194,160,32,"16834;56358;68299;269152;18195;16562;56447;12121;73710;286942;16564;16568;70218;19324;22151;18472;19157;56494;56418;233824;66251;19159;11840;26934;11842;53334;22365;232943;71169;76877;22142;13191","Cog1;Copz2;Vps53;Kif26b;Nsf;Kif1c;Copz1;Bicd1;Tubb2b;Kif19a;Kif21a;Kif3a;Kif18b;Rab1a;Tubb2a;Pafah1b1;Cyth1;Gosr2;Ykt6;Cog7;Arfgap3;Cyth3;Arf1;Racgap1;Arf3;Gosr1;Vps45;Klc3;Nbas;Rab36;Tuba1a;Dctn1"
"Reactome","REACTOME_IRS_MEDIATED_SIGNALLING",0.798543689320388,0.986125706412592,0.249676252070951,0.758923908351395,24,3,"14165;18706;384783","Fgf10;Pik3ca;Irs2"
"Reactome","REACTOME_NEUROTRANSMITTER_RELEASE_CYCLE",0.797066014669927,0.986125706412592,0.251470745647264,0.756578117856219,23,4,"14411;214084;22343;14660","Slc6a12;Slc18a2;Lin7c;Gls"
"Reactome","REACTOME_N_GLYCAN_ANTENNAE_ELONGATION_IN_THE_MEDIAL_TRANS_GOLGI",0.748837209302326,0.986125706412592,0.28474733264931,0.802653972017227,17,2,"269181;14595","Mgat4a;B4galt1"
"Reactome","REACTOME_PEROXISOMAL_PROTEIN_IMPORT",0.799679487179487,0.986125706412592,-0.234114390136162,-0.804198388552836,50,19,"17117;71767;22187;72129;11430;170789;12359;103737;80911;78294;67528;28200;15488;20280;23986;17527;51798;15356;110959","Amacr;Tysnd1;Ubb;Pex13;Acox1;Acot8;Cat;Pex12;Acox3;Rps27a;Nudt7;Dhrs4;Hsd17b4;Scp2;Eci2;Mpv17;Ech1;Hmgcl;Nudt19"
"Reactome","REACTOME_PROCESSING_OF_INTRONLESS_PRE_MRNAS",0.780193236714976,0.986125706412592,0.258823473169808,0.76243795834147,20,9,"269061;68219;83410;68092;66899;51786;18789;74737;98985","Cpsf7;Nudt21;Cstf2t;Ncbp2;Fip1l1;Cpsf2;Papola;Pcf11;Clp1"
"Reactome","REACTOME_RAC1_GTPASE_CYCLE",0.797919762258544,0.986125706412592,-0.213562754411521,-0.861358499035077,143,30,"108100;210293;109934;108699;58996;104445;330914;20401;223435;69710;213649;223666;23853;330662;69922;56699;71544;56418;83767;238130;404710;26934;192662;18708;94190;233103;14674;68813;64652;242687","Baiap2;Dock10;Abr;Chn1;Arhgap23;Cdc42ep1;Arhgap32;Sh3bp1;Trio;Arap1;Arhgef19;Arhgap39;Def6;Dock1;Vrk2;Cdc42ep4;Arhgap42;Ykt6;Wasf1;Dock4;Iqgap3;Racgap1;Arhgdia;Pik3r1;Ophn1;Garre1;Gna13;Dock5;Nisch;Wasf2"
"Reactome","REACTOME_REGULATED_NECROSIS",0.793733681462141,0.986125706412592,0.230728074191155,0.803324579122049,43,11,"68942;74568;22195;12633;66700;22186;11798;53378;108155;13063;15519","Chmp2b;Mlkl;Ube2l3;Cflar;Chmp3;Uba52;Xiap;Sdcbp;Ogt;Cycs;Hsp90aa1"
"Reactome","REACTOME_REGULATION_OF_PLK1_ACTIVITY_AT_G2_M_TRANSITION",0.776190476190476,0.986125706412592,-0.231035392557775,-0.851495612290845,83,20,"103733;12009;216274;18472;22187;78887;21402;22627;73738;214444;104318;214552;68121;16328;70799;103583;27373;22142;78294;13191","Tubg1;Cep131;Cep290;Pafah1b1;Ubb;Sfi1;Skp1;Ywhae;Haus7;Cdk5rap2;Csnk1d;Cep164;Cep70;Cep250;Cep192;Fbxw11;Csnk1e;Tuba1a;Rps27a;Dctn1"
"Reactome","REACTOME_RHOG_GTPASE_CYCLE",0.796825396825397,0.986125706412592,-0.230680544385973,-0.829309011335698,66,15,"104445;14570;330914;223435;223666;330662;69922;56418;238130;66251;192662;18708;94190;233103;68813","Cdc42ep1;Arhgdig;Arhgap32;Trio;Arhgap39;Dock1;Vrk2;Ykt6;Dock4;Arfgap3;Arhgdia;Pik3r1;Ophn1;Garre1;Dock5"
"Reactome","REACTOME_RNA_POLYMERASE_II_PROMOTER_ESCAPE",0.75,0.986125706412592,0.240814212672152,0.836838393536543,44,11,"226182;68153;245841;99730;67710;74197;20021;83602;14884;12572;24074","Taf5;Gtf2e2;Polr2h;Taf13;Polr2g;Gtf2e1;Polr2c;Gtf2a1;Gtf2h1;Cdk7;Taf7"
"Reactome","REACTOME_RNA_POLYMERASE_II_TRANSCRIBES_SNRNA_GENES",0.746594005449591,0.986125706412592,0.225755332407822,0.866058235251399,69,19,"226182;68153;245841;107951;99730;67710;74197;109019;20021;109077;18130;192657;83602;12572;229543;229906;68092;13716;218333","Taf5;Gtf2e2;Polr2h;Cdk9;Taf13;Polr2g;Gtf2e1;Nabp1;Polr2c;Ints5;Ints6;Ell2;Gtf2a1;Cdk7;Ints3;Gtf2b;Ncbp2;Ell;Ice1"
"Reactome","REACTOME_SIGNALING_BY_ROBO_RECEPTORS",0.742759795570698,0.986125706412592,-0.283427972912769,-0.786843519243905,19,7,"20315;20564;22187;78294;18643;14733;20563","Cxcl12;Slit3;Ubb;Rps27a;Pfn1;Gpc1;Slit2"
"Reactome","REACTOME_SIGNALING_BY_THE_B_CELL_RECEPTOR_BCR",0.786301369863014,0.986125706412592,0.217278297455929,0.848407339295762,77,11,"57296;16439;22063;12675;19697;21762;18033;18021;20866;240168;17463","Psmd8;Itpr2;Trpc1;Chuk;Rela;Psmd2;Nfkb1;Nfatc3;Stim1;Rasgrp3;Psmd7"
"Reactome","REACTOME_SPOP_MEDIATED_PROTEASOMAL_DEGRADATION_OF_PD_L1_CD274",0.757234726688103,0.986125706412592,-0.247661326409332,-0.829860249423353,45,11,"19175;19184;26446;22187;22123;66997;56438;19173;69077;20747;78294","Psmb6;Psmc5;Psmb3;Ubb;Psmd3;Psmd12;Rbx1;Psmb5;Psmd11;Spop;Rps27a"
"Reactome","REACTOME_SUMOYLATION_OF_TRANSCRIPTION_COFACTORS",0.777777777777778,0.986125706412592,0.241694361034608,0.813949408197249,38,9,"69260;109113;72465;13163;54383;19821;29871;268903;12151","Ing2;Uhrf2;Zfp131;Daxx;Phc2;Rnf2;Scmh1;Nrip1;Bmi1"
"Reactome","REACTOME_SWITCHING_OF_ORIGINS_TO_A_POST_REPLICATIVE_STATE",0.748822605965463,0.986125706412592,-0.23223830974338,-0.855835530876894,77,18,"19175;23834;19184;26446;22187;22123;66156;66997;66634;21402;217232;67177;56438;19173;17215;69077;52717;78294","Psmb6;Cdc6;Psmc5;Psmb3;Ubb;Psmd3;Anapc11;Psmd12;Mcm8;Skp1;Cdc27;Cdt1;Rbx1;Psmb5;Mcm3;Psmd11;Anapc16;Rps27a"
"Reactome","REACTOME_SYNTHESIS_OF_PIPS_AT_THE_EARLY_ENDOSOME_MEMBRANE",0.746031746031746,0.986125706412592,0.290384365087469,0.785944786779639,15,7,"234515;84095;18704;67073;234729;77116;18711","Inpp4b;Pi4k2a;Pik3c2a;Pi4k2b;Vac14;Mtmr2;Pikfyve"
"Reactome","REACTOME_SYNTHESIS_OF_PIPS_AT_THE_GOLGI_MEMBRANE",0.777777777777778,0.986125706412592,0.278026711055987,0.752497966183963,15,7,"84095;18704;67073;234729;83493;224020;18711","Pi4k2a;Pik3c2a;Pi4k2b;Vac14;Sacm1l;Pi4ka;Pikfyve"
"Reactome","REACTOME_THROMBOXANE_SIGNALLING_THROUGH_TP_RECEPTOR",0.774038461538462,0.986125706412592,0.268229503656129,0.768009960702426,18,6,"14682;14701;14675;14688;14707;14696","Gnaq;Gng12;Gna14;Gnb1;Gng5;Gnb4"
"Reactome","REACTOME_TNF_SIGNALING",0.769230769230769,0.986125706412592,0.230121103531016,0.835451754869224,56,11,"12675;71198;22195;67384;74256;17164;12633;22186;66105;11798;21929","Chuk;Otud1;Ube2l3;Bag4;Cyld;Mapkapk2;Cflar;Uba52;Ube2d3;Xiap;Tnfaip3"
"Reactome","REACTOME_TOLL_LIKE_RECEPTOR_9_TLR9_CASCADE",0.748571428571429,0.986125706412592,0.217221127294238,0.86827464323444,89,18,"12475;80750;12675;19053;21898;73086;19697;18033;26419;26413;17164;26400;22186;108960;211550;110651;12912;240518","Cd14;N4bp1;Chuk;Ppp2cb;Tlr4;Rps6ka5;Rela;Nfkb1;Mapk8;Mapk1;Mapkapk2;Map2k7;Uba52;Irak2;Tifa;Rps6ka3;Creb1;Peli3"
"Reactome","REACTOME_TRANSLATION",0.764314247669774,0.986125706412592,-0.201264230775148,-0.892867998966718,282,53,"64660;75452;94064;68572;19175;26961;216767;67212;68135;60441;75705;67671;107732;223691;19184;19942;16341;26446;65019;19921;55944;68463;19941;22187;22123;217337;50529;66997;68537;66163;56282;64656;24030;79044;211253;67036;24067;66258;56438;239555;13681;17711;19946;66407;19173;102060;66845;67840;68836;69077;57837;78294;99045","Mrps24;Ascc2;Mrpl27;Mrpl58;Psmb6;Rpl8;Mrpl22;Mrpl55;Eif3h;Mrpl38;Eif4b;Rpl38;Mrpl10;Eif3l;Psmc5;Rpl27;Eif3e;Psmb3;Rpl23;Rpl19;Eif3d;Mrpl14;Rpl26;Ubb;Psmd3;Srp68;Mrps7;Psmd12;Mrpl13;Mrpl4;Mrpl12;Mrps23;Mrps12;Mrps34;Mtrf1;Mrpl45;Srp54a;Mrps17;Rbx1;Mief1;Eif4a1;mt-Cytb;Rpl30;Mrps15;Psmb5;Gadd45gip1;Mrpl33;Mrpl57;Mrpl52;Psmd11;Eral1;Rps27a;Mrps26"
"Reactome","REACTOME_VASOPRESSIN_REGULATES_RENAL_WATER_HOMEOSTASIS_VIA_AQUAPORINS",0.792682926829268,0.986125706412592,0.257165794931506,0.765914569619491,22,3,"74998;19085;53869","Rab11fip2;Prkar1b;Rab11a"
"Reactome","REACTOME_INWARDLY_RECTIFYING_K_CHANNELS",0.80461811722913,0.988614274708023,-0.284161084615917,-0.747078037804371,16,7,"14700;14706;16518;54393;211480;14702;66066","Gng10;Gng4;Kcnj2;Gabbr1;Kcnj14;Gng2;Gng11"
"Reactome","REACTOME_NICOTINATE_METABOLISM",0.804100227790433,0.988614274708023,0.278757271830924,0.764104914683926,16,4,"226518;225994;59027;23959","Nmnat2;Nmrk1;Nampt;Nt5e"
"Reactome","REACTOME_ACTIVATED_TAK1_MEDIATES_P38_MAPK_ACTIVATION",0.815878378378378,0.989873946527172,-0.266866779649551,-0.769375666141114,22,6,"66513;22187;192656;26399;19094;78294","Tab1;Ubb;Ripk2;Map2k6;Mapk11;Rps27a"
"Reactome","REACTOME_CYCLIN_A_CDK2_ASSOCIATED_EVENTS_AT_S_PHASE_ENTRY",0.814016172506739,0.989873946527172,0.222447795986045,0.816560144439281,59,30,"57296;63955;21762;12447;17463;22186;12566;70247;12428;23797;12572;19167;26965;19172;26442;26440;54124;67089;11652;59029;12448;19166;19179;12530;11651;19182;12575;26444;22190;12567","Psmd8;Cables1;Psmd2;Ccne1;Psmd7;Uba52;Cdk2;Psmd1;Ccna2;Akt3;Cdk7;Psma3;Cul1;Psmb4;Psma5;Psma1;Cks1b;Psmc6;Akt2;Psmd14;Ccne2;Psma2;Psmc1;Cdc25a;Akt1;Psmc3;Cdkn1a;Psma7;Ubc;Cdk4"
"Reactome","REACTOME_EPH_EPHRIN_MEDIATED_REPULSION_OF_CELLS",0.813106796116505,0.989873946527172,0.24623357309638,0.786481184459575,29,11,"13836;22612;14360;20779;13642;226548;59287;17096;13636;66340;57257","Epha2;Yes1;Fyn;Src;Efnb2;Aph1a;Ncstn;Lyn;Efna1;Psenen;Vav3"
"Reactome","REACTOME_HYALURONAN_METABOLISM",0.813211845102506,0.989873946527172,0.273495019581326,0.749680491673131,16,6,"27416;12505;15587;15118;56398;15211","Abcc5;Cd44;Hyal2;Has3;Chp1;Hexa"
"Reactome","REACTOME_MACROAUTOPHAGY",0.813333333333333,0.989873946527172,-0.213419666241488,-0.836251447792478,114,19,"18412;74370;208092;68118;56208;105787;19082;73710;11920;74302;22151;22187;22333;17966;66840;108099;73683;22084;56486","Sqstm1;Rptor;Chmp6;Atg101;Becn1;Prkaa1;Prkag1;Tubb2b;Atm;Mtmr3;Tubb2a;Ubb;Vdac1;Nbr1;Wdr45b;Prkag2;Atg16l2;Tsc2;Gabarap"
"Reactome","REACTOME_POTASSIUM_CHANNELS",0.815461346633416,0.989873946527172,0.239203597148747,0.784249107960015,33,3,"382571;16527;16526","Kcnf1;Kcnk3;Kcnk2"
"Reactome","REACTOME_RUNX1_REGULATES_TRANSCRIPTION_OF_GENES_INVOLVED_IN_DIFFERENTIATION_OF_HSCS",0.813694267515924,0.989873946527172,-0.233780017256338,-0.799337162316503,49,13,"19175;14461;19184;26446;22187;22123;66997;66671;14462;19173;69077;21423;78294","Psmb6;Gata2;Psmc5;Psmb3;Ubb;Psmd3;Psmd12;Ccnh;Gata3;Psmb5;Psmd11;Tcf3;Rps27a"
"Reactome","REACTOME_APC_C_CDH1_MEDIATED_DEGRADATION_OF_CDC20_AND_OTHER_APC_C_CDH1_TARGETED_PROTEINS_IN_LATE_MITOSIS_EARLY_G1",0.8192,0.990373557225344,-0.230774382852523,-0.815920126142975,60,13,"19175;19184;26446;20877;22187;22123;66156;66997;217232;19173;69077;52717;78294","Psmb6;Psmc5;Psmb3;Aurkb;Ubb;Psmd3;Anapc11;Psmd12;Cdc27;Psmb5;Psmd11;Anapc16;Rps27a"
"Reactome","REACTOME_CDK_MEDIATED_PHOSPHORYLATION_AND_REMOVAL_OF_CDC6",0.826923076923077,0.990373557225344,-0.228601516883511,-0.805227801616116,58,13,"19175;23834;19184;26446;22187;22123;66156;66997;217232;19173;69077;52717;78294","Psmb6;Cdc6;Psmc5;Psmb3;Ubb;Psmd3;Anapc11;Psmd12;Cdc27;Psmb5;Psmd11;Anapc16;Rps27a"
"Reactome","REACTOME_CELLULAR_RESPONSE_TO_HEAT_STRESS",0.823622047244094,0.990373557225344,-0.22098112819377,-0.811663565519958,79,13,"223921;445007;68275;72630;74370;328572;170762;66538;15499;15511;19069;70356;22627","Aaas;Nup85;Rpa1;Hspa12b;Rptor;Ep300;Nup155;Rps19bp1;Hsf1;Hspa1b;Nup88;St13;Ywhae"
"Reactome","REACTOME_GABA_B_RECEPTOR_ACTIVATION",0.827993254637437,0.990373557225344,-0.257872032619572,-0.750241740303922,23,9,"14700;104111;14706;104110;16518;54393;11512;14702;66066","Gng10;Adcy3;Gng4;Adcy4;Kcnj2;Gabbr1;Adcy6;Gng2;Gng11"
"Reactome","REACTOME_G_BETA_GAMMA_SIGNALLING_THROUGH_PI3KGAMMA",0.824096385542169,0.990373557225344,0.254603302079247,0.739538980571522,19,8,"14701;23797;14688;320207;14707;14696;11652;11651","Gng12;Akt3;Gnb1;Pik3r5;Gng5;Gnb4;Akt2;Akt1"
"Reactome","REACTOME_INTERCONVERSION_OF_NUCLEOTIDE_DI_AND_TRIPHOSPHATES",0.822934232715008,0.990373557225344,-0.260985460810824,-0.759299813646688,23,7,"14923;18103;22171;21915;382985;18102;67725","Guk1;Nme2;Tyms;Dtymk;Rrm2b;Nme1;Nudt13"
"Reactome","REACTOME_P75NTR_SIGNALS_VIA_NF_KB",0.823529411764706,0.990373557225344,-0.279852057780387,-0.722864895757778,15,5,"18412;22187;192656;18035;78294","Sqstm1;Ubb;Ripk2;Nfkbia;Rps27a"
"Reactome","REACTOME_TP53_REGULATES_TRANSCRIPTION_OF_DNA_REPAIR_GENES",0.825525040387722,0.990373557225344,-0.237131198646208,-0.788757258335687,43,8,"20922;69131;20020;69833;66671;17749;12455;27632","Supt4a;Cdk12;Polr2a;Polr2f;Ccnh;Polr2k;Ccnt1;Nelfe"
"Reactome","REACTOME_ANTIMICROBIAL_MECHANISM_OF_IFN_STIMULATED_GENES",0.83203732503888,0.993455500972349,-0.218058990512957,-0.817571251991123,88,19,"56208;71885;73710;20892;22151;192170;22059;19052;20848;15511;21357;104806;26399;13681;69928;60534;20698;22142;217069","Becn1;Faap100;Tubb2b;Cenpx;Tubb2a;Eif4a3;Trp53;Ppp2ca;Stat3;Hspa1b;Tarbp2;Fancm;Map2k6;Eif4a1;Cenps;Fancg;Sphk1;Tuba1a;Trim25"
"Reactome","REACTOME_ACTIVATION_OF_APC_C_AND_APC_C_CDC20_MEDIATED_DEGRADATION_OF_MITOTIC_PROTEINS",0.9504,0.998336106489185,-0.197587199122319,-0.703386817721807,62,12,"19175;19184;26446;22187;22123;66156;66997;217232;19173;69077;52717;78294","Psmb6;Psmc5;Psmb3;Ubb;Psmd3;Anapc11;Psmd12;Cdc27;Psmb5;Psmd11;Anapc16;Rps27a"
"Reactome","REACTOME_ACTIVATION_OF_G_PROTEIN_GATED_POTASSIUM_CHANNELS",0.893048128342246,0.998336106489185,-0.257826491599393,-0.665972304980674,15,6,"14700;14706;16518;54393;14702;66066","Gng10;Gng4;Kcnj2;Gabbr1;Gng2;Gng11"
"Reactome","REACTOME_ADP_SIGNALLING_THROUGH_P2Y_PURINOCEPTOR_12",0.979591836734694,0.998336106489185,0.19882744857839,0.538139843141389,15,5,"14701;14688;14678;14707;14696","Gng12;Gnb1;Gnai2;Gng5;Gnb4"
"Reactome","REACTOME_ADRENALINE_NORADRENALINE_INHIBITS_INSULIN_SECRETION",0.840546697038724,0.998336106489185,0.264502699183475,0.725031533942701,16,6,"11551;14701;14688;14678;14707;14696","Adra2a;Gng12;Gnb1;Gnai2;Gng5;Gnb4"
"Reactome","REACTOME_AEROBIC_RESPIRATION_AND_RESPIRATORY_ELECTRON_TRANSPORT",0.863013698630137,0.998336106489185,-0.195894695447914,-0.840449951708017,218,60,"67130;66218;208501;72795;66445;17449;22272;67942;67863;71679;66379;66152;11429;11951;66089;52469;22187;22333;66594;12864;66841;18293;69802;110826;52892;75530;98314;17711;66272;56451;69875;78294;17705;68197;68342;17708;66383;17709;73694;76282;228033;68202;76947;66945;26940;76826;75406;66043;104130;66414;66108;27402;18604;68332;68375;72900;20930;67680;17719;12861","Ndufa6;Ndufb9;Ndufaf8;Ttc19;Cyc1;Mdh1;Uqcrq;Atp5mc2;Slc25a11;Atp5pd;Cox14;Uqcr10;Aco2;Atp5mc1;Rmnd5b;Coa3;Ubb;Vdac1;Uqcr11;Cox6c;Etfdh;Ogdh;Cox11;Etfb;Sco1;Lyrm7;D2hgdh;mt-Cytb;Cox16;Suclg1;Ndufa11;Rps27a;mt-Atp6;Ndufc2;Ndufb10;mt-Co1;Iscu;mt-Co2;Ndufaf7;Gpt;Atp5mc3;Ndufa5;Ndufaf6;Sdha;Ecsit;Nubpl;Ndufs7;Atp5f1d;Ndufb11;Ndufa12;Ndufa9;Pdhx;Pdk2;Sdhaf1;Ndufa8;Ndufv2;Surf1;Sdhb;mt-Nd4;Cox6a1"
"Reactome","REACTOME_AGGREPHAGY",0.986230636833046,0.998336106489185,-0.183346070572913,-0.539960873440508,25,3,"73710;22151;22187","Tubb2b;Tubb2a;Ubb"
"Reactome","REACTOME_AMINO_ACIDS_REGULATE_MTORC1",0.990445859872611,0.998336106489185,-0.172604681521584,-0.590167363101545,49,4,"74370;216742;17168;66335","Rptor;Fnip1;Nprl3;Atp6v1c1"
"Reactome","REACTOME_ANCHORING_OF_THE_BASAL_BODY_TO_THE_PLASMA_MEMBRANE",0.963470319634703,0.998336106489185,-0.189258956693393,-0.718049106678317,93,20,"103733;12009;217335;216274;18472;78887;277939;22627;73738;214444;231214;104318;214552;68121;16328;70799;382090;27373;22142;13191","Tubg1;Cep131;Fbf1;Cep290;Pafah1b1;Sfi1;C2cd3;Ywhae;Haus7;Cdk5rap2;Cc2d2a;Csnk1d;Cep164;Cep70;Cep250;Cep192;Cep162;Csnk1e;Tuba1a;Dctn1"
"Reactome","REACTOME_ANTIGEN_PROCESSING_CROSS_PRESENTATION",0.92515923566879,0.998336106489185,-0.213031882694981,-0.728395448827575,49,10,"19175;17534;19184;26446;22123;66997;22320;19173;19188;69077","Psmb6;Mrc2;Psmc5;Psmb3;Psmd3;Psmd12;Vamp8;Psmb5;Psme2;Psmd11"
"Reactome","REACTOME_ANTIGEN_PROCESSING_UBIQUITINATION_PROTEASOME_DEGRADATION",0.853383458646617,0.998336106489185,0.190127755112016,0.888920826136677,251,76,"226098;57296;109161;70620;230904;211949;73998;20437;21762;17237;59009;22195;22193;387524;20439;170737;17463;216150;22200;69957;19820;66799;68098;80751;71865;22186;70093;224170;66105;70348;22192;67845;19822;70247;230903;107568;231380;269514;224619;68999;67345;240028;22214;30050;50754;56791;227738;140499;67615;67923;19167;26965;244421;19823;19172;75234;26442;218793;240396;26440;67588;77113;216080;22194;67921;22215;77891;71393;209200;50762;67089;321006;22019;22201;100763;99152","Hectd2;Psmd8;Ube2q2;Ube2v2;Fbxo2;Spsb4;Herc3;Siah1a;Psmd2;Mgrn1;Sh3rf1;Ube2l3;Ube2e3;Znrf2;Siah2;Znrf1;Psmd7;Cdc34;Uba3;Cdc16;Rlim;Ube2w;Rchy1;Rnf34;Fbxo30;Uba52;Ube2q1;Dzip3;Ube2d3;Ube3d;Ube2m;Rnf115;Rnf4;Psmd1;Fbxo44;Wwp1;Uba6;Fbxl4;Traf7;Anapc10;Herc4;Lnpep;Ube2h;Fbxw2;Fbxw7;Ube2l6;Lrsam1;Ube2j2;Ube2r2;Eloc;Psma3;Cul1;Lonrf1;Rnf7;Psmb4;Rnf19b;Psma5;Ube2e2;Mex3c;Psma1;Rnf41;Klhl2;Ube2d1;Ube2e1;Ube2f;Ube3a;Ube2s;Kctd6;Dtx3l;Fbxo6;Psmc6;Dcaf1;Tpp2;Uba1;Ube3c;Anapc2"
"Reactome","REACTOME_APC_CDC20_MEDIATED_DEGRADATION_OF_NEK2A",0.988034188034188,0.998336106489185,-0.18216279653744,-0.541632185875211,26,8,"22187;66156;217232;52717;78294;12236;52563;107995","Ubb;Anapc11;Cdc27;Anapc16;Rps27a;Bub1b;Cdc23;Cdc20"
"Reactome","REACTOME_APC_C_CDC20_MEDIATED_DEGRADATION_OF_CYCLIN_B",0.98135593220339,0.998336106489185,-0.194157242268223,-0.568685908585043,24,5,"22187;66156;217232;52717;78294","Ubb;Anapc11;Cdc27;Anapc16;Rps27a"
"Reactome","REACTOME_APC_C_MEDIATED_DEGRADATION_OF_CELL_CYCLE_PROTEINS",0.887345679012346,0.998336106489185,-0.210075577439966,-0.76658683987813,72,15,"19175;19184;26446;20877;22187;22123;66156;66997;21402;217232;19173;69077;52717;78294;229776","Psmb6;Psmc5;Psmb3;Aurkb;Ubb;Psmd3;Anapc11;Psmd12;Skp1;Cdc27;Psmb5;Psmd11;Anapc16;Rps27a;Cdc14a"
"Reactome","REACTOME_APOPTOTIC_CLEAVAGE_OF_CELLULAR_PROTEINS",0.877162629757785,0.998336106489185,-0.243555310058431,-0.725143802961491,27,9,"18810;12387;269582;227700;12370;14453;16905;14083;18753","Plec;Ctnnb1;Clspn;Sh3glb2;Casp8;Gas2;Lmna;Ptk2;Prkcd"
"Reactome","REACTOME_ATP_DEPENDENT_CHROMATIN_REMODELERS",0.944350758853288,0.998336106489185,-0.220140761960335,-0.640468013096269,23,12,"57376;83797;83796;11465;20586;68094;105246;93760;243842;20588;210982;20587","Smarce1;Smarcd1;Smarcd2;Actg1;Smarca4;Smarcc2;Brd9;Arid1a;Bicra;Smarcc1;Bicral;Smarcb1"
"Reactome","REACTOME_BIOSYNTHESIS_OF_THE_N_GLYCAN_PRECURSOR_DOLICHOL_LIPID_LINKED_OLIGOSACCHARIDE_LLO_AND_TRANSFER_TO_A_NASCENT_PROTEIN",0.9488,0.998336106489185,-0.200283573473156,-0.708117584424499,60,11,"14584;24070;223774;50935;20446;22122;29858;68563;20454;20442;69080","Gfpt2;Mpdu1;Alg12;St6galnac6;St6galnac2;Gfus;Pmm1;Dpm3;St3gal5;St3gal1;Gmppa"
"Reactome","REACTOME_BUTYRATE_RESPONSE_FACTOR_1_BRF1_BINDS_AND_DESTABILIZES_MRNA",0.905861456483126,0.998336106489185,-0.245703006777959,-0.645969241123983,16,2,"109075;12192","Exosc4;Zfp36l1"
"Reactome","REACTOME_CHROMATIN_ORGANIZATION",0.845272206303725,0.998336106489185,-0.200530867676126,-0.844213894670481,191,63,"76901;217127;70673;223770;57376;83797;381022;216848;50724;76719;13435;83796;18193;319176;97908;51812;360198;319177;319159;107817;319172;326619;74026;216850;319169;11465;319173;319148;319166;319187;52615;230674;70088;319160;319180;59035;319186;319153;319152;319155;319156;319168;268936;208043;319185;20586;319182;68094;226830;319151;107435;54343;214162;97122;319161;319184;100041230;319178;238247;319157;277250;69612;260423","Jade2;Kat7;Prdm16;Brd1;Smarce1;Smarcd1;Kmt2d;Chd3;Sap30l;Kansl1;Dnmt3a;Smarcd2;Nsd1;H2ac20;H3c8;Mcrs1;H3c1;H2bc1;H4c11;Jmjd6;H2ac4;H4c1;Msl1;Kdm6b;H2ac15;Actg1;H2ac10;H3c3;H2ac8;H2bc15;Suz12;Kdm4a;Meaf6;H4c12;H2bc7;Carm1;H2bc14;H3c11;H3c10;H4c3;H4c4;H2ac12;Brpf3;Setd1b;H2bc13;Smarca4;H2bc9;Smarcc2;Smyd2;H3c6;Hat1;Atf7ip;Kmt2a;H4c14;H4c18;H2bc12;H4c17;H2bc3;Arid4a;H4c6;Kdm3b;Kansl2;H3c7"
"Reactome","REACTOME_CITRIC_ACID_CYCLE_TCA_CYCLE",0.998336106489185,0.998336106489185,-0.144913802839188,-0.452776227388344,33,8,"11429;18293;56451;66383;66945;68332;67680;66052","Aco2;Ogdh;Suclg1;Iscu;Sdha;Sdhaf1;Sdhb;Sdhc"
"Reactome","REACTOME_CLASS_I_MHC_MEDIATED_ANTIGEN_PROCESSING_PRESENTATION",0.954372623574145,0.998336106489185,0.176828330307689,0.839693899024682,284,84,"226098;57296;20619;109161;70620;230904;211949;73998;20437;21762;17237;59009;22195;22193;387524;20439;170737;17463;216150;22200;69957;19820;66799;68098;80751;71865;22186;70093;224170;66105;70348;22192;17533;67845;19822;12010;70247;230903;12317;16410;107568;231380;269514;224619;99683;68999;67345;240028;22214;30050;50754;56791;227738;140499;67615;20334;67923;19167;26965;244421;14828;19823;19172;75234;26442;218793;240396;26440;67588;77113;216080;22194;67921;22215;77891;71393;209200;50762;67089;321006;22019;22201;100763;99152","Hectd2;Psmd8;Snap23;Ube2q2;Ube2v2;Fbxo2;Spsb4;Herc3;Siah1a;Psmd2;Mgrn1;Sh3rf1;Ube2l3;Ube2e3;Znrf2;Siah2;Znrf1;Psmd7;Cdc34;Uba3;Cdc16;Rlim;Ube2w;Rchy1;Rnf34;Fbxo30;Uba52;Ube2q1;Dzip3;Ube2d3;Ube3d;Ube2m;Mrc1;Rnf115;Rnf4;B2m;Psmd1;Fbxo44;Calr;Itgav;Wwp1;Uba6;Fbxl4;Traf7;Sec24b;Anapc10;Herc4;Lnpep;Ube2h;Fbxw2;Fbxw7;Ube2l6;Lrsam1;Ube2j2;Ube2r2;Sec23a;Eloc;Psma3;Cul1;Lonrf1;Hspa5;Rnf7;Psmb4;Rnf19b;Psma5;Ube2e2;Mex3c;Psma1;Rnf41;Klhl2;Ube2d1;Ube2e1;Ube2f;Ube3a;Ube2s;Kctd6;Dtx3l;Fbxo6;Psmc6;Dcaf1;Tpp2;Uba1;Ube3c;Anapc2"
"Reactome","REACTOME_CLEC7A_DECTIN_1_SIGNALING",0.879815100154083,0.998336106489185,-0.21254597367466,-0.777030691978207,73,17,"53859;19175;19184;26446;66513;22187;22123;66997;21402;19058;19173;18035;103583;69077;12370;78294;19698","Map3k14;Psmb6;Psmc5;Psmb3;Tab1;Ubb;Psmd3;Psmd12;Skp1;Ppp3r1;Psmb5;Nfkbia;Fbxw11;Psmd11;Casp8;Rps27a;Relb"
"Reactome","REACTOME_COMPLEX_IV_ASSEMBLY",0.913333333333333,0.998336106489185,-0.224846718358788,-0.709645126106959,35,8,"66379;52469;12864;69802;52892;66272;17708;17709","Cox14;Coa3;Cox6c;Cox11;Sco1;Cox16;mt-Co1;mt-Co2"
"Reactome","REACTOME_CONVERSION_FROM_APC_C_CDC20_TO_APC_C_CDH1_IN_LATE_ANAPHASE",0.994897959183674,0.998336106489185,-0.164866770075353,-0.463658798282317,20,4,"66156;217232;52717;229776","Anapc11;Cdc27;Anapc16;Cdc14a"
"Reactome","REACTOME_COPI_INDEPENDENT_GOLGI_TO_ER_RETROGRADE_TRAFFIC",0.957559681697613,0.998336106489185,0.197945056976522,0.671361432217877,39,15,"18783;54130;234663;108148;235661;14423;53357;13427;69654;19346;67951;18475;22428;22146;22145","Pla2g4a;Actr1a;Dync1li2;Galnt2;Dync1li1;Galnt1;Pla2g6;Dync1i2;Dctn2;Rab6a;Tubb6;Pafah1b2;Dctn6;Tuba1c;Tuba4a"
"Reactome","REACTOME_CYCLIN_A_B1_B2_ASSOCIATED_EVENTS_DURING_G2_M_TRANSITION",0.997530864197531,0.998336106489185,0.150279864574783,0.483012433441737,30,7,"19053;12566;12428;12572;72590;217653;72415","Ppp2cb;Cdk2;Ccna2;Cdk7;Ppme1;Mis18bp1;Sgo1"
"Reactome","REACTOME_DEADENYLATION_DEPENDENT_MRNA_DECAY",0.869009584664537,0.998336106489185,-0.221638871502618,-0.76737382162573,52,9,"68106;109075;75705;104625;192170;13209;69305;69125;13681","Nt5c3b;Exosc4;Eif4b;Cnot6;Eif4a3;Ddx6;Dcps;Cnot8;Eif4a1"
"Reactome","REACTOME_DEUBIQUITINATION",0.950344827586207,0.998336106489185,-0.184268272052213,-0.78748610421733,214,44,"12006;19175;328572;14534;12189;56208;19184;26446;236733;70020;66513;217057;57783;22059;17847;108645;22187;22123;22333;66997;15239;235134;72607;216869;192656;14462;319176;66124;51812;269582;319172;68837;319169;19173;11465;319173;18035;319166;109689;69077;78294;216825;21812;320713","Axin2;Psmb6;Ep300;Kat2a;Brca1;Becn1;Psmc5;Psmb3;Usp11;Ino80b;Tab1;Ptrh2;Tnip1;Trp53;Usp34;Mat2b;Ubb;Psmd3;Vdac1;Psmd12;Hgs;Nfrkb;Usp13;Arrb2;Ripk2;Gata3;H2ac20;Josd2;Mcrs1;Clspn;H2ac4;Foxk2;H2ac15;Psmb5;Actg1;H2ac10;Nfkbia;H2ac8;Arrb1;Psmd11;Rps27a;Usp22;Tgfbr1;Mysm1"
"Reactome","REACTOME_DNA_REPLICATION_PRE_INITIATION",0.940902021772939,0.998336106489185,-0.198490536269102,-0.744203006095621,88,23,"19175;68275;23834;19184;26446;22187;22123;66156;66997;66634;217232;67177;19173;17215;69077;52717;78294;19075;16211;70024;17216;18973;17220","Psmb6;Rpa1;Cdc6;Psmc5;Psmb3;Ubb;Psmd3;Anapc11;Psmd12;Mcm8;Cdc27;Cdt1;Psmb5;Mcm3;Psmd11;Anapc16;Rps27a;Prim1;Kpnb1;Mcm10;Mcm2;Pole;Mcm7"
"Reactome","REACTOME_DOWNSTREAM_SIGNALING_OF_ACTIVATED_FGFR3",0.904761904761905,0.998336106489185,0.239386773658719,0.647916380499324,15,5,"18706;16653;20416;20662;15461","Pik3ca;Kras;Shc1;Sos1;Hras"
"Reactome","REACTOME_DUAL_INCISION_IN_GG_NER",0.875806451612903,0.998336106489185,-0.223861914835212,-0.740587045366306,41,18,"68275;18972;69263;22187;19718;56438;19687;78294;18971;11546;18973;19891;13872;23894;68240;106344;11545;14885","Rpa1;Pold2;Rfc3;Ubb;Rfc2;Rbx1;Rfc1;Rps27a;Pold1;Parp2;Pole;Rpa2;Ercc3;Gtf2h2;Rpa3;Rfc4;Parp1;Gtf2h4"
"Reactome","REACTOME_ER_PHAGOSOME_PATHWAY",0.96964586846543,0.998336106489185,-0.210281307943988,-0.611783343942623,23,6,"19175;26446;22320;19188;19171;621823","Psmb6;Psmb3;Vamp8;Psme2;Psmb10;Psme2b"
"Reactome","REACTOME_FCERI_MEDIATED_NF_KB_ACTIVATION",0.858267716535433,0.998336106489185,0.21788557346795,0.796687832125444,57,24,"57296;12675;19697;21762;18033;17463;216150;22186;70247;17096;68652;19167;26965;19172;26442;26440;216080;67089;16150;59029;19166;26409;93765;19179","Psmd8;Chuk;Rela;Psmd2;Nfkb1;Psmd7;Cdc34;Uba52;Psmd1;Lyn;Tab2;Psma3;Cul1;Psmb4;Psma5;Psma1;Ube2d1;Psmc6;Ikbkb;Psmd14;Psma2;Map3k7;Ube2n;Psmc1"
"Reactome","REACTOME_FORMATION_OF_RNA_POL_II_ELONGATION_COMPLEX",0.861244019138756,0.998336106489185,-0.221497827486378,-0.772618916572881,54,9,"20922;20926;20020;69833;93736;66671;17749;12455;27632","Supt4a;Supt6;Polr2a;Polr2f;Aff4;Ccnh;Polr2k;Ccnt1;Nelfe"
"Reactome","REACTOME_FORMATION_OF_SENESCENCE_ASSOCIATED_HETEROCHROMATIN_FOCI_SAHF",0.939609236234458,0.998336106489185,-0.227717936888395,-0.59868531855228,16,3,"22059;14958;75560","Trp53;H1f0;Ep400"
"Reactome","REACTOME_FORMATION_OF_TC_NER_PRE_INCISION_COMPLEX",0.868589743589744,0.998336106489185,-0.224944878733605,-0.772700511427623,50,10,"26572;20020;69833;71101;209318;22187;66671;66983;17749;56438","Cops3;Polr2a;Polr2f;Uvssa;Gps1;Ubb;Ccnh;Zfp830;Polr2k;Rbx1"
"Reactome","REACTOME_FORMATION_OF_THE_CANONICAL_BAF_CBAF_COMPLEX",0.893048128342246,0.998336106489185,-0.257785226076772,-0.665865715099061,15,2,"57376;83797","Smarce1;Smarcd1"
"Reactome","REACTOME_FORMATION_OF_WDR5_CONTAINING_HISTONE_MODIFYING_COMPLEXES",0.854337152209493,0.998336106489185,-0.235117158421893,-0.756905636097384,37,11,"14534;217031;381022;239510;76719;51812;67933;208043;214162;665775;69612","Kat2a;Tada2a;Kmt2d;Phf20l1;Kansl1;Mcrs1;Hcfc2;Setd1b;Kmt2a;Bod1l;Kansl2"
"Reactome","REACTOME_G1_S_TRANSITION",0.987823439878234,0.998336106489185,-0.172911634552827,-0.656027312493789,93,24,"19175;68275;23834;19184;26446;22187;22123;19052;66997;66671;66634;21402;67177;19173;17215;69077;78294;27401;19075;70024;17216;18973;17220;19054","Psmb6;Rpa1;Cdc6;Psmc5;Psmb3;Ubb;Psmd3;Ppp2ca;Psmd12;Ccnh;Mcm8;Skp1;Cdt1;Psmb5;Mcm3;Psmd11;Rps27a;Skp2;Prim1;Mcm10;Mcm2;Pole;Mcm7;Ppp2r3d"
"Reactome","REACTOME_GLOBAL_GENOME_NUCLEOTIDE_EXCISION_REPAIR_GG_NER",0.855555555555556,0.998336106489185,-0.216293365311145,-0.795433684928841,81,15,"68275;26572;18972;70020;209318;69263;22187;19718;235134;66671;51812;56438;19687;11465;56469","Rpa1;Cops3;Pold2;Ino80b;Gps1;Rfc3;Ubb;Rfc2;Nfrkb;Ccnh;Mcrs1;Rbx1;Rfc1;Actg1;Pias1"
"Reactome","REACTOME_G_ALPHA_Z_SIGNALLING_EVENTS",0.979763912310287,0.998336106489185,-0.196269614789478,-0.571018329799531,23,4,"14700;104111;14706;104110","Gng10;Adcy3;Gng4;Adcy4"
"Reactome","REACTOME_HSP90_CHAPERONE_CYCLE_FOR_STEROID_HORMONE_RECEPTORS_SHR_IN_THE_PRESENCE_OF_LIGAND",0.960732984293194,0.998336106489185,0.197483850923097,0.676646181875602,41,16,"20867;54130;234663;235661;81489;56445;15519;13427;15516;69654;56351;67951;110784;22428;22146;22145","Stip1;Actr1a;Dync1li2;Dync1li1;Dnajb1;Dnaja2;Hsp90aa1;Dync1i2;Hsp90ab1;Dctn2;Ptges3;Tubb6;Nr3c2;Dctn6;Tuba1c;Tuba4a"
"Reactome","REACTOME_INHIBITION_OF_THE_PROTEOLYTIC_ACTIVITY_OF_APC_C_REQUIRED_FOR_THE_ONSET_OF_ANAPHASE_BY_MITOTIC_SPINDLE_CHECKPOINT_COMPONENTS",0.992700729927007,0.998336106489185,0.151381875202466,0.445300520326237,21,7,"69957;68999;75430;216080;22194;77891;99152","Cdc16;Anapc10;Anapc15;Ube2d1;Ube2e1;Ube2s;Anapc2"
"Reactome","REACTOME_INITIATION_OF_NUCLEAR_ENVELOPE_NE_REFORMATION",0.875874125874126,0.998336106489185,-0.249447147300361,-0.666622203067928,17,4,"69922;19052;16905;16211","Vrk2;Ppp2ca;Lmna;Kpnb1"
"Reactome","REACTOME_INTEGRIN_SIGNALING",0.91156462585034,0.998336106489185,-0.238057521028311,-0.669494914418507,20,6,"14268;14784;16399;12928;12988;14083","Fn1;Grb2;Itga2b;Crk;Csk;Ptk2"
"Reactome","REACTOME_INTERFERON_ALPHA_BETA_SIGNALING",0.903614457831325,0.998336106489185,0.230305264957829,0.668961162232507,19,4,"16646;24015;22186;15975","Kpna1;Abce1;Uba52;Ifnar1"
"Reactome","REACTOME_INTERFERON_GAMMA_SIGNALING",0.914335664335664,0.998336106489185,-0.238730695855942,-0.637983573409249,17,8,"15979;56469;12702;18753;12323;12703;12325;15170","Ifngr1;Pias1;Socs3;Prkcd;Camk2b;Socs1;Camk2g;Ptpn6"
"Reactome","REACTOME_INTERFERON_SIGNALING",0.897168405365127,0.998336106489185,-0.201064083311281,-0.791943826367192,118,31,"56208;71885;73710;20892;22151;192170;22059;15979;22187;19052;20848;15511;21357;104806;26399;13681;69928;60534;56469;20698;22142;78294;217069;54721;12702;24014;18753;14229;67030;16211;12323","Becn1;Faap100;Tubb2b;Cenpx;Tubb2a;Eif4a3;Trp53;Ifngr1;Ubb;Ppp2ca;Stat3;Hspa1b;Tarbp2;Fancm;Map2k6;Eif4a1;Cenps;Fancg;Pias1;Sphk1;Tuba1a;Rps27a;Trim25;Tyk2;Socs3;Rnasel;Prkcd;Fkbp5;Fancl;Kpnb1;Camk2b"
"Reactome","REACTOME_INTERLEUKIN_17_SIGNALING",0.9296,0.998336106489185,-0.207868442304998,-0.725970377599566,56,15,"23939;66513;26420;22187;19052;192656;26399;11908;14281;21402;26398;103583;19094;78294;101568","Mapk7;Tab1;Mapk9;Ubb;Ppp2ca;Ripk2;Map2k6;Atf1;Fos;Skp1;Map2k4;Fbxw11;Mapk11;Rps27a;Vrk3"
"Reactome","REACTOME_INTERLEUKIN_2_FAMILY_SIGNALING",0.901861252115059,0.998336106489185,-0.243408259836656,-0.692234195971541,21,5,"20851;20850;20848;14784;18708","Stat5b;Stat5a;Stat3;Grb2;Pik3r1"
"Reactome","REACTOME_IRON_UPTAKE_AND_TRANSPORT",0.908507223113965,0.998336106489185,-0.215690479009057,-0.716455748072483,42,13,"68428;11975;66335;22187;52466;73649;21402;78294;18174;15368;11428;76252;15216","Steap3;Atp6v0a1;Atp6v1c1;Ubb;Slc46a1;Cybrd1;Skp1;Rps27a;Slc11a2;Hmox1;Aco1;Atp6v0e2;Hfe"
"Reactome","REACTOME_KEAP1_NFE2L2_PATHWAY",0.865168539325843,0.998336106489185,-0.218331416121827,-0.77912915234938,63,14,"18412;19175;328572;19184;26446;22187;22123;66997;217365;21402;56438;19173;69077;78294","Sqstm1;Psmb6;Ep300;Psmc5;Psmb3;Ubb;Psmd3;Psmd12;Nploc4;Skp1;Rbx1;Psmb5;Psmd11;Rps27a"
"Reactome","REACTOME_MAP2K_AND_MAPK_ACTIVATION",0.879456706281834,0.998336106489185,-0.233699444269882,-0.724183560432187,32,9,"16706;14268;216869;11465;16399;109689;26396;12988;171463","Ksr1;Fn1;Arrb2;Actg1;Itga2b;Arrb1;Map2k2;Csk;Il17rd"
"Reactome","REACTOME_MAPK6_MAPK4_SIGNALING",0.876640419947507,0.998336106489185,0.214510120847308,0.784345656422944,57,20,"57296;260409;50772;224105;21762;17463;22186;18481;81489;70247;104252;12540;218294;19167;18479;19172;26442;26440;67089;235072","Psmd8;Cdc42ep3;Mapk6;Pak2;Psmd2;Psmd7;Uba52;Pak3;Dnajb1;Psmd1;Cdc42ep2;Cdc42;Cdc14b;Psma3;Pak1;Psmb4;Psma5;Psma1;Psmc6;Septin7"
"Reactome","REACTOME_MATURATION_OF_TCA_ENZYMES_AND_REGULATION_OF_TCA_CYCLE",0.990384615384615,0.998336106489185,0.16874200186107,0.483151690815902,18,3,"66072;14297;74316","Sdhaf2;Fxn;Isca2"
"Reactome","REACTOME_METABOLISM_OF_COFACTORS",0.979763912310287,0.998336106489185,-0.195617440938212,-0.569120923399217,23,7,"14528;217707;320415;11428;12850;20751;12315","Gch1;Coq6;Gchfr;Aco1;Coq7;Spr;Calm3"
"Reactome","REACTOME_METAL_ION_SLC_TRANSPORTERS",0.981034482758621,0.998336106489185,-0.199519486891548,-0.595052409619086,28,9,"331004;110895;338365;77031;18174;106947;20529;12315;109552","Slc9a9;Slc9a4;Slc41a2;Slc9a8;Slc11a2;Slc39a3;Slc31a1;Calm3;Sri"
"Reactome","REACTOME_MITOCHONDRIAL_BIOGENESIS",0.883050847457627,0.998336106489185,-0.240610080041789,-0.728729146559688,29,3,"67942;71679;11951","Atp5mc2;Atp5pd;Atp5mc1"
"Reactome","REACTOME_MITOCHONDRIAL_PROTEIN_DEGRADATION",0.8887171561051,0.998336106489185,-0.207531147046095,-0.760692631035733,74,18,"11669;22272;71679;69029;11429;14151;56282;18293;11655;66948;17705;13177;108037;17708;66904;51798;67041;53895","Aldh2;Uqcrq;Atp5pd;Smdt1;Aco2;Fech;Mrpl12;Ogdh;Alas1;Acad8;mt-Atp6;Eci1;Shmt2;mt-Co1;Pccb;Ech1;Oxct1;Clpp"
"Reactome","REACTOME_MRNA_3_END_PROCESSING",0.96,0.998336106489185,-0.190675201507043,-0.764604903559698,138,26,"73826;193116;192160;21681;67959;20020;69833;192170;22187;94230;59013;15382;20630;72047;67465;18521;17749;68479;19655;20382;53817;66125;13207;68188;216578;78294","Poldip3;Slu7;Casc3;Alyref;Puf60;Polr2a;Polr2f;Eif4a3;Ubb;Cpsf1;Hnrnph1;Hnrnpa1;Snrpc;Ddx42;Sf3a1;Pcbp2;Polr2k;Phf5a;Rbmx;Srsf2;Ddx39b;Sf3b5;Ddx5;Sympk;Papolg;Rps27a"
"Reactome","REACTOME_MRNA_CAPPING",0.96551724137931,0.998336106489185,-0.213765869998896,-0.637541214740122,28,4,"20020;69833;66671;17749","Polr2a;Polr2f;Ccnh;Polr2k"
"Reactome","REACTOME_MRNA_POLYADENYLATION",0.982142857142857,0.998336106489185,0.170337569554004,0.717278246017246,115,14,"19045;11991;19046;76479;269061;245841;69207;319322;67710;68219;20021;22186;70044;53379","Ppp1ca;Hnrnpd;Ppp1cb;Smndc1;Cpsf7;Polr2h;Srsf11;Sf3b2;Polr2g;Nudt21;Polr2c;Uba52;Tut1;Hnrnpa2b1"
"Reactome","REACTOME_MYD88_MAL_TIRAP_CASCADE_INITIATED_ON_PLASMA_MEMBRANE",0.918256130790191,0.998336106489185,0.196042759288576,0.7731797460673,79,16,"80750;12675;19053;73086;19697;18033;26419;26413;17164;26400;22186;108960;211550;110651;12912;240518","N4bp1;Chuk;Ppp2cb;Rps6ka5;Rela;Nfkb1;Mapk8;Mapk1;Mapkapk2;Map2k7;Uba52;Irak2;Tifa;Rps6ka3;Creb1;Peli3"
"Reactome","REACTOME_NUCLEAR_EVENTS_KINASE_AND_TRANSCRIPTION_FACTOR_ACTIVATION",0.861538461538462,0.998336106489185,-0.249434758943693,-0.741654697270531,26,7,"23939;17937;20393;19052;11908;19094;101568","Mapk7;Nab2;Sgk1;Ppp2ca;Atf1;Mapk11;Vrk3"
"Reactome","REACTOME_NUCLEAR_RNA_DECAY",0.989830508474576,0.998336106489185,-0.18586088021717,-0.56291174748775,29,6,"109075;223642;57316;240255;216578;27998","Exosc4;Zc3h3;C1d;Ythdc2;Papolg;Exosc5"
"Reactome","REACTOME_ORGANELLE_BIOGENESIS_AND_MAINTENANCE",0.982078853046595,0.998336106489185,0.169474241749338,0.776762643530165,206,43,"17274;14390;68146;56350;56297;241950;77048;11957;11843;67161;66061;54130;12469;18536;53869;20873;71492;208518;68259;28080;320299;59030;93730;100503572;107338;75296;264134;18286;67203;67978;73916;76779;18000;17997;102058;232944;13063;74682;76411;67590;15519;12461;13427","Rab8a;Gabpa;Arl13b;Arl3;Arl6;Bbs12;Cep83;Atp5pf;Arf4;Sclt1;Dynlt2b;Actr1a;Cct8;Pcm1;Rab11a;Plk4;Bbs7;Cep78;Ift80;Atp5po;Iqcb1;Mkks;Lztfl1;Bbip1;Gbf1;Cep43;Ift56;Odf2;Nde1;Tctn2;Ift57;Cluap1;Septin2;Nedd1;Exoc8;Mark4;Cycs;Wdr35;Ift43;Tctn3;Hsp90aa1;Cct2;Dync1i2"
"Reactome","REACTOME_OVARIAN_TUMOR_DOMAIN_PROTEASES",0.940740740740741,0.998336106489185,0.212971098235425,0.684507460147875,30,6,"107260;19211;13982;22186;21929;226418","Otub1;Pten;Esr1;Uba52;Tnfaip3;Yod1"
"Reactome","REACTOME_PD_L1_CD274_GLYCOSYLATION_AND_TRANSLOCATION_TO_PLASMA_MEMBRANE",0.858173076923077,0.998336106489185,0.246536545609243,0.705897450221599,18,5,"69038;80286;22186;67075;66357","Tmem258;Tusc3;Uba52;Magt1;Ostc"
"Reactome","REACTOME_PHOSPHORYLATION_OF_THE_APC_C",0.992753623188406,0.998336106489185,0.174066281617222,0.512761608315391,20,7,"69957;68999;75430;216080;22194;77891;99152","Cdc16;Anapc10;Anapc15;Ube2d1;Ube2e1;Ube2s;Anapc2"
"Reactome","REACTOME_PI_METABOLISM",0.883152173913043,0.998336106489185,0.203925659361269,0.766199838418843,64,20,"234515;18706;84095;50767;19211;18720;16332;18704;67073;271457;83435;117150;109135;320207;234729;83493;77116;18707;224020;19249","Inpp4b;Pik3ca;Pi4k2a;Pnpla6;Pten;Pip5k1a;Inppl1;Pik3c2a;Pi4k2b;Rab5a;Plekha3;Pip4k2c;Plekha5;Pik3r5;Vac14;Sacm1l;Mtmr2;Pik3cd;Pi4ka;Ptpn13"
"Reactome","REACTOME_PKMTS_METHYLATE_HISTONE_LYSINES",0.853932584269663,0.998336106489185,-0.220736279368159,-0.787711055475888,63,24,"70673;381022;18193;97908;360198;319159;326619;319148;52615;319160;319153;319152;319155;319156;208043;226830;319151;54343;214162;97122;319161;100041230;319157;260423","Prdm16;Kmt2d;Nsd1;H3c8;H3c1;H4c11;H4c1;H3c3;Suz12;H4c12;H3c11;H3c10;H4c3;H4c4;Setd1b;Smyd2;H3c6;Atf7ip;Kmt2a;H4c14;H4c18;H4c17;H4c6;H3c7"
"Reactome","REACTOME_PLASMA_LIPOPROTEIN_CLEARANCE",0.957264957264957,0.998336106489185,-0.215246095180731,-0.640000127632436,26,6,"67300;71770;22187;11771;22259;78294","Cltc;Ap2b1;Ubb;Ap2a1;Nr1h3;Rps27a"
"Reactome","REACTOME_PLATELET_HOMEOSTASIS",0.958466453674121,0.998336106489185,-0.20337502717104,-0.689600641111411,48,8,"18439;19222;94045;19052;14700;242202;18574;14706","P2rx7;Ptgir;P2rx5;Ppp2ca;Gng10;Pde5a;Pde1b;Gng4"
"Reactome","REACTOME_PROCESSING_OF_CAPPED_INTRONLESS_PRE_MRNA",0.996610169491525,0.998336106489185,-0.16089122102469,-0.487286825913135,29,7,"72290;94230;68188;228410;432508;69878;116748","Lsm11;Cpsf1;Sympk;Cstf3;Cpsf6;Snrpf;Lsm10"
"Reactome","REACTOME_PROCESSING_OF_CAPPED_INTRON_CONTAINING_PRE_MRNA",0.962162162162162,0.998336106489185,-0.181648041115469,-0.802515765399191,275,42,"223921;73826;445007;192159;193116;192160;170762;67178;237859;21681;217207;67959;20020;20624;69833;192170;545085;22187;94230;59013;15382;20630;72047;66983;67465;67480;18521;19069;17749;68479;19655;74351;20382;53817;66125;78372;13207;67197;20826;68188;216578;78294","Aaas;Poldip3;Nup85;Prpf8;Slu7;Casc3;Nup155;Zmat5;Nsrp1;Alyref;Dhx8;Puf60;Polr2a;Eftud2;Polr2f;Eif4a3;Wdr70;Ubb;Cpsf1;Hnrnph1;Hnrnpa1;Snrpc;Ddx42;Zfp830;Sf3a1;Cwc25;Pcbp2;Nup88;Polr2k;Phf5a;Rbmx;Ddx23;Srsf2;Ddx39b;Sf3b5;Snrnp25;Ddx5;Zcrb1;Snu13;Sympk;Papolg;Rps27a"
"Reactome","REACTOME_PROTEASOME_ASSEMBLY",0.941082802547771,0.998336106489185,-0.210455706639123,-0.708594379485494,46,13,"19175;19184;26446;22123;66997;19192;19173;19188;69077;69666;107047;19171;621823","Psmb6;Psmc5;Psmb3;Psmd3;Psmd12;Psme3;Psmb5;Psme2;Psmd11;Psmg4;Psmg2;Psmb10;Psme2b"
"Reactome","REACTOME_PROTEIN_METHYLATION",0.992771084337349,0.998336106489185,0.183575215284688,0.533225714125183,19,5,"13627;16898;12314;239706;12313","Eef1a1;Rps2;Calm2;Mettl22;Calm1"
"Reactome","REACTOME_PROTEIN_UBIQUITINATION",0.883656509695291,0.998336106489185,0.203148525460126,0.78245961032166,71,12,"252870;109161;70620;22195;22193;19305;216150;66799;319190;22186;66105;68441","Usp7;Ube2q2;Ube2v2;Ube2l3;Ube2e3;Pex5;Cdc34;Ube2w;H2bc21;Uba52;Ube2d3;Rraga"
"Reactome","REACTOME_PTEN_REGULATION",0.933526011560694,0.998336106489185,0.189143641810491,0.772555925418961,97,27,"57296;74493;252870;19211;23942;13000;21762;17463;54383;19821;22186;29871;11798;68441;234366;70247;14056;12151;23797;19646;13619;14013;19167;21951;19172;26442;56692","Psmd8;Tnks2;Usp7;Pten;Mta2;Csnk2a2;Psmd2;Psmd7;Phc2;Rnf2;Uba52;Scmh1;Xiap;Rraga;Gatad2a;Psmd1;Ezh2;Bmi1;Akt3;Rbbp4;Phc1;Mecom;Psma3;Tnks;Psmb4;Psma5;Lamtor3"
"Reactome","REACTOME_REGULATION_OF_APC_C_ACTIVATORS_BETWEEN_G1_S_AND_EARLY_ANAPHASE",0.98989898989899,0.998336106489185,0.176141929278019,0.582983637798014,34,12,"69957;22186;12566;12428;67141;68999;75430;26965;216080;22194;77891;99152","Cdc16;Uba52;Cdk2;Ccna2;Fbxo5;Anapc10;Anapc15;Cul1;Ube2d1;Ube2e1;Ube2s;Anapc2"
"Reactome","REACTOME_REGULATION_OF_PTEN_GENE_TRANSCRIPTION",0.852380952380952,0.998336106489185,-0.23154808156442,-0.765117682029761,40,11,"74370;494448;12418;68877;216848;30951;52615;268706;12416;66096;56717","Rptor;Cbx6;Cbx4;Maf1;Chd3;Cbx8;Suz12;Slc38a9;Cbx2;Lamtor4;Mtor"
"Reactome","REACTOME_REGULATION_OF_PTEN_STABILITY_AND_ACTIVITY",0.878048780487805,0.998336106489185,0.215685552936105,0.777300456298004,55,27,"57296;74493;19211;13000;21762;17463;22186;11798;70247;23797;19167;21951;19172;26442;26440;67089;11652;59029;12995;19166;73162;19179;11651;19182;26444;22190;19720","Psmd8;Tnks2;Pten;Csnk2a2;Psmd2;Psmd7;Uba52;Xiap;Psmd1;Akt3;Psma3;Tnks;Psmb4;Psma5;Psma1;Psmc6;Akt2;Psmd14;Csnk2a1;Psma2;Otud3;Psmc1;Akt1;Psmc3;Psma7;Ubc;Trim27"
"Reactome","REACTOME_REGULATION_OF_TP53_ACTIVITY_THROUGH_ACETYLATION",0.893220338983051,0.998336106489185,-0.238366430150009,-0.721933865703079,29,7,"328572;223770;22059;216848;26399;108083;70088","Ep300;Brd1;Trp53;Chd3;Map2k6;Pip4k2b;Meaf6"
"Reactome","REACTOME_RHOBTB1_GTPASE_CYCLE",0.965853658536585,0.998336106489185,0.20010568833962,0.595972968348582,22,6,"269061;69288;19877;20462;12461;15381","Cpsf7;Rhobtb1;Rock1;Tra2b;Cct2;Hnrnpc"
"Reactome","REACTOME_RHOBTB2_GTPASE_CYCLE",0.993243243243243,0.998336106489185,-0.172822356594215,-0.498246038354272,22,22,"19230;19655;53817;83946;51796;109711;106504;17920;76626;246710;11461;12539;12468;53382;50875;26554;12466;15516;15381;12461;15519;20462","Twf1;Rbmx;Ddx39b;Phip;Srrm1;Actn1;Stk38;Myo6;Msi2;Rhobtb2;Actb;Cdc37;Cct7;Txnl1;Tmod3;Cul3;Cct6a;Hsp90ab1;Hnrnpc;Cct2;Hsp90aa1;Tra2b"
"Reactome","REACTOME_RHOBTB_GTPASE_CYCLE",0.995049504950495,0.998336106489185,-0.171254763853571,-0.538377171179205,34,6,"209318;19230;242202;19655;56381;53817","Gps1;Twf1;Pde5a;Rbmx;Spen;Ddx39b"
"Reactome","REACTOME_RHOH_GTPASE_CYCLE",0.970588235294118,0.998336106489185,0.197027735297615,0.635084407674045,31,8,"13830;224105;106326;19877;56784;20514;19349;18479","Stom;Pak2;Osbpl11;Rock1;Ralgapa1;Slc1a5;Rab7;Pak1"
"Reactome","REACTOME_RHOU_GTPASE_CYCLE",0.95417348608838,0.998336106489185,-0.203142668537122,-0.653971117121553,37,13,"67300;20742;15239;14784;66894;18708;244895;216963;19229;18709;229658;83669;218581","Cltc;Sptbn1;Hgs;Grb2;Wwp2;Pik3r1;Peak1;Git1;Ptk2b;Pik3r2;Vangl1;Wdr6;Depdc1b"
"Reactome","REACTOME_RHO_GTPASES_ACTIVATE_WASPS_AND_WAVES",0.856896551724138,0.998336106489185,-0.253367780163014,-0.755651041683925,28,7,"108100;14784;83767;11465;242687;66713;14083","Baiap2;Grb2;Wasf1;Actg1;Wasf2;Actr2;Ptk2"
"Reactome","REACTOME_RNA_POLYMERASE_III_TRANSCRIPTION",0.956738768718802,0.998336106489185,-0.207337566700418,-0.647816283937224,33,8,"78929;69833;17749;227644;66596;72308;12909;330959","Polr3h;Polr2f;Polr2k;Snapc4;Gtf3a;Brf1;Crcp;Snapc5"
"Reactome","REACTOME_RNA_POLYMERASE_III_TRANSCRIPTION_INITIATION_FROM_TYPE_1_PROMOTER",0.88034188034188,0.998336106489185,-0.243433640826895,-0.723811324281752,26,3,"78929;69833;17749","Polr3h;Polr2f;Polr2k"
"Reactome","REACTOME_RNA_POLYMERASE_III_TRANSCRIPTION_INITIATION_FROM_TYPE_3_PROMOTER",0.931153184165232,0.998336106489185,-0.228508703597787,-0.67296647699003,25,3,"78929;69833;17749","Polr3h;Polr2f;Polr2k"
"Reactome","REACTOME_RNA_POLYMERASE_II_PRE_TRANSCRIPTION_EVENTS",0.905718701700155,0.998336106489185,-0.202023802434192,-0.743981133788797,75,7,"70439;20922;319944;20926;20020;69833;93736","Taf15;Supt4a;Taf2;Supt6;Polr2a;Polr2f;Aff4"
"Reactome","REACTOME_RNA_POLYMERASE_II_TRANSCRIPTION_TERMINATION",0.8976,0.998336106489185,-0.212227176111583,-0.755503386364617,62,7,"73826;193116;192160;21681;72290;192170;94230","Poldip3;Slu7;Casc3;Alyref;Lsm11;Eif4a3;Cpsf1"
"Reactome","REACTOME_RNA_POLYMERASE_I_TRANSCRIPTION",0.991961414790997,0.998336106489185,-0.179744260384671,-0.602284655896193,45,7,"19285;69833;216848;66671;17749;21429;20019","Cavin1;Polr2f;Chd3;Ccnh;Polr2k;Ubtf;Polr1a"
"Reactome","REACTOME_SCF_SKP2_MEDIATED_DEGRADATION_OF_P27_P21",0.958266452648475,0.998336106489185,-0.203513571862667,-0.686901631810651,47,10,"19175;19184;26446;22187;22123;66997;21402;19173;69077;78294","Psmb6;Psmc5;Psmb3;Ubb;Psmd3;Psmd12;Skp1;Psmb5;Psmd11;Rps27a"
"Reactome","REACTOME_SENESCENCE_ASSOCIATED_SECRETORY_PHENOTYPE_SASP",0.910941475826972,0.998336106489185,0.215846296045964,0.72250422704111,36,13,"12571;26413;69957;22186;12566;110651;12428;68999;75430;216080;22194;77891;99152","Cdk6;Mapk1;Cdc16;Uba52;Cdk2;Rps6ka3;Ccna2;Anapc10;Anapc15;Ube2d1;Ube2e1;Ube2s;Anapc2"
"Reactome","REACTOME_SENSORY_PERCEPTION",0.963258785942492,0.998336106489185,-0.200114668413639,-0.678545471159466,48,4,"19659;105387;15529;18107","Rbp1;Akr1c14;Sdc2;Nmt1"
"Reactome","REACTOME_SIGNALING_BY_TYPE_1_INSULIN_LIKE_GROWTH_FACTOR_1_RECEPTOR_IGF1R",0.917452830188679,0.998336106489185,0.224947740986786,0.707446468275766,27,3,"14165;18706;384783","Fgf10;Pik3ca;Irs2"
"Reactome","REACTOME_SIGNALING_BY_VEGF",0.862776025236593,0.998336106489185,-0.214729575351846,-0.795024309120474,84,17,"29857;108100;14254;16480;78757;330662;15507;83767;12387;22341;18708;11465;242687;228775;20698;19094;12928","Mapk12;Baiap2;Flt1;Jup;Rictor;Dock1;Hspb1;Wasf1;Ctnnb1;Vegfc;Pik3r1;Actg1;Wasf2;Trib3;Sphk1;Mapk11;Crk"
"Reactome","REACTOME_SYNTHESIS_OF_GLYCOSYLPHOSPHATIDYLINOSITOL_GPI",0.987566607460036,0.998336106489185,-0.190844843630389,-0.501743549779817,16,5,"18701;327942;66268;110417;55981","Pigf;Pigl;Pigyl;Pigh;Pigb"
"Reactome","REACTOME_S_PHASE",0.964444444444444,0.998336106489185,-0.185836946792771,-0.743278899718183,132,31,"19175;68275;23834;19184;18972;26446;69263;22187;22123;66156;66997;19357;19718;66671;66634;21402;217232;67177;56438;19687;19173;17215;69077;52717;78294;69270;18971;16881;27401;19075;100710","Psmb6;Rpa1;Cdc6;Psmc5;Pold2;Psmb3;Rfc3;Ubb;Psmd3;Anapc11;Psmd12;Rad21;Rfc2;Ccnh;Mcm8;Skp1;Cdc27;Cdt1;Rbx1;Rfc1;Psmb5;Mcm3;Psmd11;Anapc16;Rps27a;Gins1;Pold1;Lig1;Skp2;Prim1;Pds5b"
"Reactome","REACTOME_TCR_SIGNALING",0.87207488299532,0.998336106489185,-0.213981410657678,-0.777925286763195,71,17,"23880;19175;19184;26446;22187;22123;66997;19271;192656;21402;18708;19173;18035;103583;69077;78294;12988","Fyb1;Psmb6;Psmc5;Psmb3;Ubb;Psmd3;Psmd12;Ptprj;Ripk2;Skp1;Pik3r1;Psmb5;Nfkbia;Fbxw11;Psmd11;Rps27a;Csk"
"Reactome","REACTOME_TNFR1_INDUCED_NF_KAPPA_B_SIGNALING_PATHWAY",0.946731234866828,0.998336106489185,0.208433061866368,0.679226604216313,32,8,"12675;71198;74256;22186;11798;21929;53376;68652","Chuk;Otud1;Cyld;Uba52;Xiap;Tnfaip3;Usp2;Tab2"
"Reactome","REACTOME_TOLL_LIKE_RECEPTOR_4_TLR4_CASCADE",0.9067055393586,0.998336106489185,0.191728712687168,0.79858707107184,105,20,"12475;80750;12675;19053;21898;73086;19697;19258;18033;26419;26413;17164;26400;22186;108960;66105;211550;110651;12912;240518","Cd14;N4bp1;Chuk;Ppp2cb;Tlr4;Rps6ka5;Rela;Ptpn4;Nfkb1;Mapk8;Mapk1;Mapkapk2;Map2k7;Uba52;Irak2;Ube2d3;Tifa;Rps6ka3;Creb1;Peli3"
"Reactome","REACTOME_TOLL_LIKE_RECEPTOR_CASCADES",0.966257668711656,0.998336106489185,0.17625085069148,0.745099622788818,122,23,"12475;80750;12675;19053;21898;73086;19141;19697;19258;18033;26419;26413;17164;26400;22186;108960;66105;22027;211550;110651;12912;240518;24088","Cd14;N4bp1;Chuk;Ppp2cb;Tlr4;Rps6ka5;Lgmn;Rela;Ptpn4;Nfkb1;Mapk8;Mapk1;Mapkapk2;Map2k7;Uba52;Irak2;Ube2d3;Hsp90b1;Tifa;Rps6ka3;Creb1;Peli3;Tlr2"
"Reactome","REACTOME_TP53_REGULATES_METABOLIC_GENES",0.9248,0.998336106489185,-0.20487352759251,-0.729325276378486,62,15,"74370;22631;105787;19082;12864;75747;108099;22084;22627;74747;268706;17708;17709;66096;56717","Rptor;Ywhaz;Prkaa1;Prkag1;Cox6c;Sesn3;Prkag2;Tsc2;Ywhae;Ddit4;Slc38a9;mt-Co1;mt-Co2;Lamtor4;Mtor"
"Reactome","REACTOME_TRISTETRAPROLIN_TTP_ZFP36_BINDS_AND_DESTABILIZES_MRNA",0.958997722095672,0.998336106489185,0.213942943824989,0.586441579675719,16,6,"17164;66583;69639;227715;50911;66446","Mapkapk2;Exosc1;Exosc8;Exosc2;Exosc9;Exosc7"
"Reactome","REACTOME_UB_SPECIFIC_PROCESSING_PROTEASES",0.901639344262295,0.998336106489185,-0.199249137021603,-0.804885658263587,148,33,"12006;19175;14534;56208;19184;26446;236733;66513;217057;22059;17847;108645;22187;22123;22333;66997;15239;72607;216869;14462;319176;269582;319172;319169;19173;319173;18035;319166;109689;69077;78294;216825;21812","Axin2;Psmb6;Kat2a;Becn1;Psmc5;Psmb3;Usp11;Tab1;Ptrh2;Trp53;Usp34;Mat2b;Ubb;Psmd3;Vdac1;Psmd12;Hgs;Usp13;Arrb2;Gata3;H2ac20;Clspn;H2ac4;H2ac15;Psmb5;H2ac10;Nfkbia;H2ac8;Arrb1;Psmd11;Rps27a;Usp22;Tgfbr1"
"Reactome","REACTOME_VEGFR2_MEDIATED_VASCULAR_PERMEABILITY",0.889845094664372,0.998336106489185,-0.244290810862425,-0.719445359230143,25,2,"16480;78757","Jup;Rictor"
"Reactome","REACTOME_VISUAL_PHOTOTRANSDUCTION",0.948553054662379,0.998336106489185,-0.207187852442991,-0.694242275928272,45,4,"19659;105387;15529;18107","Rbp1;Akr1c14;Sdc2;Nmt1"
