"scatter_comparison","comparison","database","pathway_key","pathway_name","filter_mode_used","fdr_cutoff_used","direction_class","delta_NES","abs_delta_NES","NES_x","NES_y","padj_x","padj_y","leading_edge_x","leading_edge_y","pathway_id_human_KD","pathway_id_mouse_KD","pathway_name_human_KD","pathway_name_mouse_KD","signed_log10padj_human_KD","signed_log10padj_mouse_KD","significant_human_KD","significant_mouse_KD","delta_NES_human_minus_mouse","abs_delta_NES_human_minus_mouse","direction_pattern"
"human_vs_mouse_KD_Hallmark","human KD vs control vs mouse KD vs control","Hallmark","HALLMARK_E2F_TARGETS","HALLMARK_E2F_TARGETS","either",0.05,"opposite direction",3.54885229149498,3.54885229149498,-1.30797476517379,2.24087752632119,0.041911154325645,1.48778709570153e-11,"17215;20878;12236;17217;76131;52276;70218;218977;103135;12189;22256;11799;78833;19891;100710;22390;18969;12534;110033;229841;17345;18861;11637;53892;54141;101565;105988;50927;106618;66197;70472;13433;67196;16571;14056;67967","2547;4288;10460;1026;5591;6241;9787;1854;701;5425;3609;146909;4605;10615;332;6941;3149;147841;9833;9232;55143;7374;9238;5889;55635;55148;29089;29980;3835;5395;204;9319;4173;9738;6790;4678;6118;3930;9837;3838;197335;4830;57405;27338;7083;672;994;10635;1033;4001;1163;6119;3364;7037;4683;10535;23594;81624;5982;57122;4361;9221;991;8914;4292;64785;1786;7884;84296;5902;5426;10797;9918;79077;64858;3159;10212;1062;4085;81611;9212;24137;10528;55723;4174;7514;9700;580;4176;7153;675;56655;5810;7913;7157;5111;3925;29893;51155;203068;1111;10051;23649;7283;10248","HALLMARK_E2F_TARGETS","HALLMARK_E2F_TARGETS","HALLMARK_E2F_TARGETS","HALLMARK_E2F_TARGETS",10.8274592124578,-1.37767037757336,TRUE,TRUE,3.54885229149498,3.54885229149498,"opposite direction"
"human_vs_mouse_KD_Hallmark","human KD vs control vs mouse KD vs control","Hallmark","HALLMARK_G2M_CHECKPOINT","HALLMARK_G2M_CHECKPOINT","either",0.05,"opposite direction",3.46823221428305,3.46823221428305,-1.58132729236592,1.88690492191713,0.00243895617189195,8.96660041977804e-06,"18141;19704;17215;20878;233406;108000;16319;231386;18005;12428;78733;11799;72119;240641;19891;100710;20641;77782;18969;12534;60406;108907;12545;12455;110033;19359;229841;13486;16551;17345;12235;105988;50927;66197;20460;242705;16573;23834;71375;16571;14056;12237;107995;17420;14211;56452;18286;238247;26885;26934","4288;10460;10762;3151;51203;3609;22974;1063;6541;10036;55872;4605;332;3149;10024;57082;7040;9232;4502;5371;699;26271;9156;94239;6491;4088;3835;8140;85236;6790;4678;6118;3930;990;7468;2176;3838;1841;3832;1736;7272;27338;81539;7486;994;1033;9493;4001;1163;3364;11065;9055;1870;1058;23594;595;899;9221;3619;991;51659;5426;1112;1810;3159;10721;51776;10212;1062;4085;56992;9212;24137;5119;4174;7514;9700","HALLMARK_G2M_CHECKPOINT","HALLMARK_G2M_CHECKPOINT","HALLMARK_G2M_CHECKPOINT","HALLMARK_G2M_CHECKPOINT",5.0473721833527,-2.61279600389968,TRUE,TRUE,3.46823221428305,3.46823221428305,"opposite direction"
"human_vs_mouse_KD_Hallmark","human KD vs control vs mouse KD vs control","Hallmark","HALLMARK_XENOBIOTIC_METABOLISM","HALLMARK_XENOBIOTIC_METABOLISM","either",0.05,"opposite direction",-3.26610772104256,3.26610772104256,1.54783940806417,-1.71826831297839,0.00886755255243098,0.000605007751717099,"66375;22436;16010;14873;11432;11529;110208;16177;19171;20514;108037;14782;74114;51798;15452;71093;52585;12499;68943;12035;21937;59083;74142;15902;225913;15926;228608;246277;11532;78038;22021;14629;108156;22271;18618;68021;19286;14854;18081;19128;69071;18104;56376;14538","7498;217;2052;4128;5091;223;54498;10237;3417;9536;2110;4355;978;4814;7358;225;51380;8460;2099;4836;50;218;51;1528;5166;3398;4864;645;10611;55502;3162;488;316;866;22949;65018;5447;4121;9663;131;5627;6747;3735;1573;6539","HALLMARK_XENOBIOTIC_METABOLISM","HALLMARK_XENOBIOTIC_METABOLISM","HALLMARK_XENOBIOTIC_METABOLISM","HALLMARK_XENOBIOTIC_METABOLISM",-3.21823906087415,2.05219622905696,TRUE,TRUE,-3.26610772104256,3.26610772104256,"opposite direction"
"human_vs_mouse_KD_Hallmark","human KD vs control vs mouse KD vs control","Hallmark","HALLMARK_FATTY_ACID_METABOLISM","HALLMARK_FATTY_ACID_METABOLISM","either",0.05,"opposite direction",-3.04140065786361,3.04140065786361,1.56938660587797,-1.47201405198564,0.0126495017569778,0.0212737709620819,"20917;12353;11529;14194;18263;51798;19186;19270;11409;14874;12167;67460;70335;76238;12972;11674;16828;15926;15108;231086;18194;14104;113868;11792;171210;93747;11370;17436;21743;56791;23986;15929;17025;433256;52538;66357;18597;13808;68021;22276;19286","2027;2052;4128;33;2026;35;5160;223;3157;4199;3417;3956;2110;7358;50814;5910;6281;50;218;51;8639","HALLMARK_FATTY_ACID_METABOLISM","HALLMARK_FATTY_ACID_METABOLISM","HALLMARK_FATTY_ACID_METABOLISM","HALLMARK_FATTY_ACID_METABOLISM",-1.67215552077588,1.89792658029501,TRUE,TRUE,-3.04140065786361,3.04140065786361,"opposite direction"
"human_vs_mouse_KD_Hallmark","human KD vs control vs mouse KD vs control","Hallmark","HALLMARK_HYPOXIA","HALLMARK_HYPOXIA","either",0.05,"opposite direction",-3.01116515169122,3.01116515169122,1.45464124163309,-1.55652391005813,0.0147953071998375,0.00372415027321296,"12870;18641;74155;12111;228026;14635;50527;11535;74747;18451;13358;231507;19664;18030;54371;20525;14936;16009;20856;70186;14751;11520;22359;12778;76238;15529;57875;56174;11639;11674;21753;18793;20439;16828;16948;20855;21983;18484;78889;17035;21810;17988;54683;14733;20198;72157","6275;2027;694;230;3516;4601;2026;8459;5230;5165;7511;10397;272;1356;5236;9215;7043;1942;54206;3098;23210;538;2584;2548;26355;2817;3073;54800;9957;10370;55818;123;8839;1466;5033;2821;10957;596;3162;56925;4627;1843;3623;3669;7360;5313;6576","HALLMARK_HYPOXIA","HALLMARK_HYPOXIA","HALLMARK_HYPOXIA","HALLMARK_HYPOXIA",-2.42897280311754,1.82987601301033,TRUE,TRUE,-3.01116515169122,3.01116515169122,"opposite direction"
"human_vs_mouse_KD_Hallmark","human KD vs control vs mouse KD vs control","Hallmark","HALLMARK_ADIPOGENESIS","HALLMARK_ADIPOGENESIS","either",0.05,"opposite direction",-2.92441531683625,2.92441531683625,1.5278952450166,-1.39652007181965,0.0076254311173443,0.0212737709620819,"18641;16775;66375;12266;12826;13358;20514;109019;51798;11520;11409;68653;74610;20509;67914;67460;67171;70335;22628;57875;11674;104112;29864;15926;11836;107589;12476;13171;93747;23943;17436;16922;235339;15929;108958;66588;72157;69956;108954;12039;52538;19376;18569;230027;18618;66205;21351;22273;625249;56428;67680;70316;15107;11600","217;5168;718;2167;33;35;284;47;4199;3417;29103;5236;112;9131;376497;10140;6776;4836;50;51;79071;8491;8436;58472;6342;123;10113;6888;5495;2109;26353;4191;483;23187;5447;23788;10162;1351;6576;7905;10989;7423;1537;4958;1384;6390;9908;3419;5195;1147;2879;1738;5860;57678;25813;26994;6647;27069;54996;25979;1737;4189;3991;1376;1468;10313","HALLMARK_ADIPOGENESIS","HALLMARK_ADIPOGENESIS","HALLMARK_ADIPOGENESIS","HALLMARK_ADIPOGENESIS",-1.67215552077588,2.11773559767418,TRUE,TRUE,-2.92441531683625,2.92441531683625,"opposite direction"
"human_vs_mouse_KD_Hallmark","human KD vs control vs mouse KD vs control","Hallmark","HALLMARK_ANGIOGENESIS","HALLMARK_ANGIOGENESIS","either",0.05,"opposite direction",-2.90669402144011,2.90669402144011,1.86009998786036,-1.04659403357975,0.00404860215988134,0.465753424657534,"20750;14314;13003;18186;21857;12832;12825;21824;20855;12444;20198;11820;22339;50706;22325;14083","6275;6696;5747","HALLMARK_ANGIOGENESIS","HALLMARK_ANGIOGENESIS","HALLMARK_ANGIOGENESIS","HALLMARK_ANGIOGENESIS",-0.331843943078201,2.39269489753564,FALSE,TRUE,-2.90669402144011,2.90669402144011,"opposite direction"
"human_vs_mouse_KD_Hallmark","human KD vs control vs mouse KD vs control","Hallmark","HALLMARK_MTORC1_SIGNALING","HALLMARK_MTORC1_SIGNALING","either",0.05,"opposite direction",-2.79657490714465,2.79657490714465,1.50336284895196,-1.29321205819269,0.00736296415291671,0.0948617336976256,"107869;26570;18641;20539;100678;228026;17768;20135;50527;74747;14381;18451;22375;20514;108037;18030;14782;20525;76267;14751;22359;15452;56772;12035;236539;27053;107272;11639;11674;104112;107508;21753;16828;11951;15926;20855;107476;59029;56473;21399;17436;12466;268373;67895;72157;50493;12227;19192;15525;14629","7277;3638;5230;6713;3157;2181;928;47;4199;3417;5236;5052;900;4836;5701;10987;79071;7108;9695;23753;10061;7184;8878;4048;3156;5033;2821;3336;23760;488;441024;5718;3475;10096;3145;26227;516;10989;3992;5684;5685;5719;27071;3308;2107;10213;2717;29110;31;8615;2965;27230;1649;5861;7436;2729;4802;8553;5704;2058;5860","HALLMARK_MTORC1_SIGNALING","HALLMARK_MTORC1_SIGNALING","HALLMARK_MTORC1_SIGNALING","HALLMARK_MTORC1_SIGNALING",-1.02290894242469,2.13294731390987,FALSE,TRUE,-2.79657490714465,2.79657490714465,"opposite direction"
"human_vs_mouse_KD_Hallmark","human KD vs control vs mouse KD vs control","Hallmark","HALLMARK_BILE_ACID_METABOLISM","HALLMARK_BILE_ACID_METABOLISM","either",0.05,"opposite direction",-2.77968293399474,2.77968293399474,1.292693593922,-1.48698934007274,0.166121112929624,0.0350747663597587,"74114;17999;76267;67452;217262;18634;63959;14712;15926;19298;56473;29815;16922;54683;269951;433256;17117;11835;11666;13123;14630;13371;73836;16818;11303;27410;19299;111175","4734;223;3417;20;8630;225;196743;21;2730;80270;6342;4864;51703;866;3992;5947;5825;23461;6258;10350;64137;9420;3418;5191;5213;6647;64241;3991;215;189;8435;366;9971;50640;9415;3932;9963","HALLMARK_BILE_ACID_METABOLISM","HALLMARK_BILE_ACID_METABOLISM","HALLMARK_BILE_ACID_METABOLISM","HALLMARK_BILE_ACID_METABOLISM",-1.45500521321494,0.779575167993321,TRUE,FALSE,-2.77968293399474,2.77968293399474,"opposite direction"
"human_vs_mouse_KD_Hallmark","human KD vs control vs mouse KD vs control","Hallmark","HALLMARK_COAGULATION","HALLMARK_COAGULATION","either",0.05,"opposite direction",-2.7162685525306,2.7162685525306,1.78836399434852,-0.927904558182077,0.00185984408626538,0.635578818571137,"20692;12266;50908;14118;19072;21859;17385;21857;17387;17384;54381;229445;21824;67603;13038;14268;22388;17392;16952;56213;16971;14701;13039;14693;18791","718;716;928;22933;4319;715;2934;4318;4313;10411;4035;4048;4323;2783;4320;301;2534;5550;3249;10404;4314;5627","HALLMARK_COAGULATION","HALLMARK_COAGULATION","HALLMARK_COAGULATION","HALLMARK_COAGULATION",-0.196830584609648,2.7305234618642,FALSE,TRUE,-2.7162685525306,2.7162685525306,"opposite direction"
"human_vs_mouse_KD_Hallmark","human KD vs control vs mouse KD vs control","Hallmark","HALLMARK_PEROXISOME","HALLMARK_PEROXISOME","either",0.05,"opposite direction",-2.66553122728988,2.66553122728988,1.1471222143006,-1.51840901298928,0.309328968903437,0.021874558257366,"11739;51798;76267;13016;12257;13870;18458;12903;14712;15926;113868;110196;23986;76524;54683;269951;433256;15461;12572;11666;78388;20524;15925;73836;18477;50790;20588;18671;19299","291;223;3416;3417;225;5052;51;26986;51024;80270;10478;5243;6342;5830;51703;866;7533;3992;3265;10057;1384;9525;5825;5195;30;6258;706;1487;3418;2224;6647;774;6599;6833;215;9249;9961;1503;2182","HALLMARK_PEROXISOME","HALLMARK_PEROXISOME","HALLMARK_PEROXISOME","HALLMARK_PEROXISOME",-1.66006070851481,0.50957940606931,TRUE,FALSE,-2.66553122728988,2.66553122728988,"opposite direction"
"human_vs_mouse_KD_Hallmark","human KD vs control vs mouse KD vs control","Hallmark","HALLMARK_MITOTIC_SPINDLE","HALLMARK_MITOTIC_SPINDLE","either",0.05,"opposite direction",2.64681960464898,2.64681960464898,-1.52396841733684,1.12285118731214,0.00371055711340158,0.310677755472708,"20878;233406;74018;108000;16319;18005;218977;14086;11789;11799;72119;240641;22627;211673;19303;381921;12534;108907;68097;110033;229841;13605;16551;110279;70394;12235;75786;105988;208084;286940;232944;26403;16573;544817;72776;22350;64930;16571;12125;16561;71602;110380;74360;226407;22330;83767;68724;75547;16569;26934;71704;54126;16593;269587;171207;18015;223435;21844;71819;56430","9787;54443;5116;51203;22974;64411;1063;11135;332;64857;55835;699;9411;26271;121512;51199;7074;57580;357;55755;89941;116840;22994;3835;5829;8470;6790;3832;6904;7272;6624;9493;4001;55201;4650;9055;85378;80119;85464;3619;3831;9735;10128;4296;10801;11190;4983;7840;23580;29901;55722;9181;1062;56992;11064;24137;9771;6780;50628;9700;55125","HALLMARK_MITOTIC_SPINDLE","HALLMARK_MITOTIC_SPINDLE","HALLMARK_MITOTIC_SPINDLE","HALLMARK_MITOTIC_SPINDLE",0.507689841116765,-2.43056087930367,FALSE,TRUE,2.64681960464898,2.64681960464898,"opposite direction"
"human_vs_mouse_KD_Hallmark","human KD vs control vs mouse KD vs control","Hallmark","HALLMARK_COMPLEMENT","HALLMARK_COMPLEMENT","either",0.05,"opposite direction",-2.43044633761724,2.43044633761724,1.43652353553552,-0.993922802081716,0.0329201229068665,0.542799125273352,"54123;12870;12266;50908;19072;27226;21857;17387;208650;238130;16923;12827;12363;54381;229445;67603;14268;18793;12554;18643;16971;17436;50721;240672;13039;14693;20909;18791;17386;268936;21858;19164;12369;18706;20779;56420;18783;380921;16563;66988;12608;16912;16818","4322;718;716;5321;7511;1356;4199;5290;3717;978;6714;715;80124;23414;6810;10938;3659;4035;4048;4323;2783;6935;9958;1051;51056;2534;5550;5580;308;2773;2771;10404","HALLMARK_COMPLEMENT","HALLMARK_COMPLEMENT","HALLMARK_COMPLEMENT","HALLMARK_COMPLEMENT",-0.265360860881981,1.48253855202373,FALSE,TRUE,-2.43044633761724,2.43044633761724,"opposite direction"
"human_vs_mouse_KD_Hallmark","human KD vs control vs mouse KD vs control","Hallmark","HALLMARK_INTERFERON_ALPHA_RESPONSE","HALLMARK_INTERFERON_ALPHA_RESPONSE","either",0.05,"shared positive",-1.34120206263699,1.34120206263699,2.82485382764666,1.48365176500967,1.68416121488724e-18,0.0554646050965495,"99899;19039;55932;54123;24110;66141;15959;246730;209086;547253;100038882;67775;243771;80285;69550;50908;70110;71586;16423;22169;16391;17069;74153;22375;64685;12799;19186;80861;20847;234311;80876;319236;17454;16913;19106;17858;12977;217069;19188;71701;21354;100121;109032;56791;72075;58185;68713;231655","10410;103;3959;567;5610;85363;10561;4061;54809;5359;6773;10544;9830;3431;54625;1267;85441;3566;87178;7706;7453;55072;7726;9636;219285;6890;94240;55601","HALLMARK_INTERFERON_ALPHA_RESPONSE","HALLMARK_INTERFERON_ALPHA_RESPONSE","HALLMARK_INTERFERON_ALPHA_RESPONSE","HALLMARK_INTERFERON_ALPHA_RESPONSE",1.25598407480519,17.7736163383799,FALSE,TRUE,-1.34120206263699,1.34120206263699,"shared positive"
"human_vs_mouse_KD_Hallmark","human KD vs control vs mouse KD vs control","Hallmark","HALLMARK_INTERFERON_GAMMA_RESPONSE","HALLMARK_INTERFERON_GAMMA_RESPONSE","either",0.05,"shared positive",-1.22014964334653,1.22014964334653,2.49011179641312,1.26996215306659,3.82117116715309e-14,0.134911387747593,"99899;19039;55932;54123;672511;24110;66141;15959;209086;547253;100038882;67775;230073;243771;58203;69550;327959;50908;70110;246728;17768;71586;22169;16391;17069;246727;109552;22375;19171;64685;20846;19186;80861;24105;20847;234311;19225;12363;80876;21928;16913;19106;17858;217069;19188;71701;18578;21354;100121;109032;56791;72075;12702;58185;231655;17874;22271;434341;20306;192786;50523;78388;12369;107607;18783;60533;56045;20821;66988;16912;15976;19167;66552","10410;1026;103;7378;3959;5214;567;837;5610;4502;5371;10561;26053;57674;4615;5770;3106;4061;5359;840;6773;9830;3431;80830;54625;85441;3566;87178;10124;3075;958;7706;7453;10392;10068;29126;55072;7726;9636;4600;219285;6890;355;94240;55601;8082;84888;8737;6772;7903;3455;4940;10797","HALLMARK_INTERFERON_GAMMA_RESPONSE","HALLMARK_INTERFERON_GAMMA_RESPONSE","HALLMARK_INTERFERON_GAMMA_RESPONSE","HALLMARK_INTERFERON_GAMMA_RESPONSE",0.869951390378453,13.4178035079056,FALSE,TRUE,-1.22014964334653,1.22014964334653,"shared positive"
"human_vs_mouse_KD_Hallmark","human KD vs control vs mouse KD vs control","Hallmark","HALLMARK_EPITHELIAL_MESENCHYMAL_TRANSITION","HALLMARK_EPITHELIAL_MESENCHYMAL_TRANSITION","either",0.05,"shared positive",-0.97255022244144,0.97255022244144,2.56002669667435,1.58747647423291,1.60562491770254e-16,0.00372415027321296,"11475;20692;12552;14119;12842;20563;12843;14451;20564;12563;98932;12111;20750;23876;58859;235106;16010;20720;12826;14118;12835;12834;21859;14314;21923;18933;21838;17181;14609;19288;13003;12931;21857;107581;16949;18542;17387;23892;22240;16009;12832;12825;17313;12827;234407;16419;21814;192176;22004;12816;18822;22352;14268;18793;12332;17392;15902;16948;56213;20254;107589;20315;13601;16971;18113;21810;27279;21826;14733;19035;13732","1282;1294;1490;5054;1284;1301;1293;2303;3371;23705;4638;7070;966;1292;5270;7474;2201;3486;7076;5817;5329;3624;5217;4017;115908;10486;4907;4312;6422;7040;1004;5806;4616;51330;7057;4232;960;284217;6695;22943;11167;290;6443;6641;3485;50863;22795;1289;2669;3915;10272;25878;7980","HALLMARK_EPITHELIAL_MESENCHYMAL_TRANSITION","HALLMARK_EPITHELIAL_MESENCHYMAL_TRANSITION","HALLMARK_EPITHELIAL_MESENCHYMAL_TRANSITION","HALLMARK_EPITHELIAL_MESENCHYMAL_TRANSITION",2.42897280311754,15.7943559006497,TRUE,TRUE,-0.97255022244144,0.97255022244144,"shared positive"
"human_vs_mouse_KD_Hallmark","human KD vs control vs mouse KD vs control","Hallmark","HALLMARK_GLYCOLYSIS","HALLMARK_GLYCOLYSIS","either",0.05,"shared positive",-0.75697719095842,0.75697719095842,1.79391323770022,1.0369360467418,5.07446164129282e-05,0.475530017832376,"107869;66171;14635;50527;53618;11603;74747;14381;110695;18451;13003;53418;54371;14936;16009;20856;70186;22359;24105;83398;15529;57875;11639;11674;18822;16828;15926;20855;21983;18194;50797;18484;22166;17436;21810;54128;76524;14043;268373;14733;16164;76898;22021;57357;14629;16765;67005;23897;11876;26432;110006;21351;15937;107029;66646;22339;117592;78688;21991;100910;22122;12337;110611;16563;23959;208211;236900;104458;69080;11541;14042","8614;5478;3486;1956;5214;4907;375790;5836;2990;9672;9123;55635;8912;10776;2239;960;6790;4678;126792;205;8702;54982;7039;1289;10570;7295;30001;136;1058;58528;2683;4731;50808;4166;6781;3425;6391;3597;8660;5768","HALLMARK_GLYCOLYSIS","HALLMARK_GLYCOLYSIS","HALLMARK_GLYCOLYSIS","HALLMARK_GLYCOLYSIS",0.32282206302208,4.29461002604881,FALSE,TRUE,-0.75697719095842,0.75697719095842,"shared positive"
"human_vs_mouse_KD_Hallmark","human KD vs control vs mouse KD vs control","Hallmark","HALLMARK_UNFOLDED_PROTEIN_RESPONSE","HALLMARK_UNFOLDED_PROTEIN_RESPONSE","either",0.05,"shared positive",-0.733519647889466,0.733519647889466,1.60652445066581,0.873004802776344,0.00507328117240273,0.760462022254475,"20539;56454;17768;50527;74747;69065;68090;109019;20856;228998;245474;13685;110960;15270;22393;27998;13629;18148;13681;27053;107272;67398;69162;52530;52639;218343;73192;233908;22631;67134;27966;20416;208643;12611;22339;105148;55963;11911","8614;4869;55033;8815;6509;11260;8140;10775;1736;60559;55738;9652;1163;6464;30001;58477;9221;1054;10797;4801;5073;10528;8570;50628;22926;9797;23478;1973","HALLMARK_UNFOLDED_PROTEIN_RESPONSE","HALLMARK_UNFOLDED_PROTEIN_RESPONSE","HALLMARK_UNFOLDED_PROTEIN_RESPONSE","HALLMARK_UNFOLDED_PROTEIN_RESPONSE",0.118922469891267,2.29471106746003,FALSE,TRUE,-0.733519647889466,0.733519647889466,"shared positive"
"human_vs_mouse_KD_Hallmark","human KD vs control vs mouse KD vs control","Hallmark","HALLMARK_SPERMATOGENESIS","HALLMARK_SPERMATOGENESIS","either",0.05,"shared negative",0.47479763065917,0.47479763065917,-1.6310567093615,-1.15625907870233,0.00886755255243098,0.310677755472708,"18415;20878;18005;17776;68961;24084;12534;235559;12235;54137;12672;12794;215387;14056;56324;18551;19087;12326;22115;11861;72350","3305;9063;54558;3416;22824;1080;5037;3267;84779;6888;11144;6558;9489;27285;81570;5443;4867;5232;673;83401;157807;23139;9807;8028;246;10693;5161;2918;7419;5414;6518;79882;7142;56903;165721;79696;7278;1630;2515","HALLMARK_SPERMATOGENESIS","HALLMARK_SPERMATOGENESIS","HALLMARK_SPERMATOGENESIS","HALLMARK_SPERMATOGENESIS",-0.507689841116765,-2.05219622905696,FALSE,TRUE,0.47479763065917,0.47479763065917,"shared negative"
"human_vs_mouse_KD_Hallmark","human KD vs control vs mouse KD vs control","Hallmark","HALLMARK_UV_RESPONSE_UP","HALLMARK_UV_RESPONSE_UP","either",0.05,"shared negative",-0.45879690577243,0.45879690577243,-1.06527207563354,-1.52406898140597,0.381920163170163,0.0114795657111696,"66335;11852;12724;13807;73122;70767;74325;15370;56418;20867;18035;17096;15502;16511;12566;12367;66144;12125;19063;55938;99681;18550;81489;216869;12583;14156;16362;11910;110920","7277;291;2052;694;2907;4128;2026;6535;650;27161;51706;528;6236;885;3134;1280;2011;3659;5243;8878;1119;4323;3726;3164","HALLMARK_UV_RESPONSE_UP","HALLMARK_UV_RESPONSE_UP","HALLMARK_UV_RESPONSE_UP","HALLMARK_UV_RESPONSE_UP",-1.94007454162535,-0.418027412790907,TRUE,FALSE,-0.45879690577243,0.45879690577243,"shared negative"
"human_vs_mouse_KD_Hallmark","human KD vs control vs mouse KD vs control","Hallmark","HALLMARK_MYC_TARGETS_V2","HALLMARK_MYC_TARGETS_V2","either",0.05,"shared positive",0.44312182812946,0.44312182812946,1.38696770718124,1.8300895353107,0.118791770410169,0.0064143879343015,"53608;12567;71974;75751;20509;27998;18148;72515;20810;53414;101612;59028;67134;27966;69071;15510;13537;28126;107071;21379;21453","4869;6949;7374;9238;27346;8886;4173;11335;83743;10244;64216;26354;9064;9221;92856;79050;6652;79077;6573;10528;4174;51388;6723;29078;56342;23223;10199;54663;3177;23082","HALLMARK_MYC_TARGETS_V2","HALLMARK_MYC_TARGETS_V2","HALLMARK_MYC_TARGETS_V2","HALLMARK_MYC_TARGETS_V2",2.1928447780166,0.925213645122924,TRUE,FALSE,0.44312182812946,0.44312182812946,"shared positive"
"human_vs_mouse_KD_Hallmark","human KD vs control vs mouse KD vs control","Hallmark","HALLMARK_MYC_TARGETS_V1","HALLMARK_MYC_TARGETS_V1","either",0.05,"shared positive",-0.39730670565795,0.39730670565795,1.71105056327076,1.31374385761281,0.000307219839175421,0.100304647148127,"18263;12567;22335;23918;27979;15452;26444;27050;14694;18148;13681;20174;18458;20383;13690;52530;107508;16828;20103;12464;59029;11792;20810;14375;69719;55949;230721;19934;16898;18393;268373;73192;68092;27756;28185;53381;12468;67134;15382;19384;14852;67115;27966;22333;21454;103136;68988;22171;109801;11837;74326;15510;105148;53605;55944;18674;56200;70316;28126;66445;20382;53607;51810;20104;381760;67097;20588;110809;225027;67089;12729;12465;230484;85305;26965;56150;107686;17463;30877;22630;19935;12034;19385;11757;51797;22384;17220;22123;19988;11431","5478;2547;6187;6128;4869;328;2739;6146;1854;5425;26156;6637;3178;51020;9045;8886;11260;4173;6418;3608;10921;52;3183;3838;11335;6150;4830;54107;1933;7416;26354;5984;6204;7284;9221;7298;10155;991;6627;1207;6141;22916;11137;10574;7458;1964;5902;10935;65005;10856","HALLMARK_MYC_TARGETS_V1","HALLMARK_MYC_TARGETS_V1","HALLMARK_MYC_TARGETS_V1","HALLMARK_MYC_TARGETS_V1",0.998678945503662,3.51255074252657,FALSE,TRUE,-0.39730670565795,0.39730670565795,"shared positive"
"human_vs_mouse_KD_Hallmark","human KD vs control vs mouse KD vs control","Hallmark","HALLMARK_PROTEIN_SECRETION","HALLMARK_PROTEIN_SECRETION","either",0.05,"shared negative",0.39725234921506,0.39725234921506,-1.6602347072565,-1.26298235804144,0.00630261077547386,0.171326754385965,"16004;69938;11605;54214;67300;14420;16784;12757;107767;24045;56418;211673;108123;11977;271457;11765;107338;21985;56382;53331;19063;20333;12390;16561;72736;22365;108664;70349","9367;1213;9276;23095;10565;51606;538;5862;22872;27236;1176;6643;23673;7251;8546;1315;10067;164;1211;2717;10564;102;9525;372;51552;476;8615;259230;23041;23033;6197;2778;8775;8417;6647","HALLMARK_PROTEIN_SECRETION","HALLMARK_PROTEIN_SECRETION","HALLMARK_PROTEIN_SECRETION","HALLMARK_PROTEIN_SECRETION",-0.766174812312303,-2.2004795123704,FALSE,TRUE,0.39725234921506,0.39725234921506,"shared negative"
"human_vs_mouse_KD_Hallmark","human KD vs control vs mouse KD vs control","Hallmark","HALLMARK_KRAS_SIGNALING_UP","HALLMARK_KRAS_SIGNALING_UP","either",0.05,"shared positive",-0.34526027976062,0.34526027976062,1.55241293512183,1.20715265536121,0.00979883349384659,0.196840196840197,"19092;20568;20750;67776;11732;13874;50527;217410;11815;18933;17385;18186;16600;17384;78560;16009;67778;74114;228662;13730;19225;16913;57875;67603;18793;107527;15902;233315;79221;12444;18080;104156","3481;894;2150;9590;23645;3486;5329;3624;9734;9945;3976;7851;2995;131566;5327;51199;2791;7035;2591;5178;27075;3575;2119;8829;3075;2012;1848;5649;10806;220;30001;80380;23080;3237;3800;6304;6480;3728;23268;3673;8854;23643;4674;2048","HALLMARK_KRAS_SIGNALING_UP","HALLMARK_KRAS_SIGNALING_UP","HALLMARK_KRAS_SIGNALING_UP","HALLMARK_KRAS_SIGNALING_UP",0.705886209343257,2.00882562199515,FALSE,TRUE,-0.34526027976062,0.34526027976062,"shared positive"
"human_vs_mouse_KD_Hallmark","human KD vs control vs mouse KD vs control","Hallmark","HALLMARK_UV_RESPONSE_DN","HALLMARK_UV_RESPONSE_DN","either",0.05,"shared positive",-0.33482582065737,0.33482582065737,1.42100081976017,1.0861749991028,0.041911154325645,0.435497738402303,"12842;12843;23876;15901;14609;18186;109552;217692;19220;12286;14007;22359;12832;12825;17250;99633;21814;67916;18798;268977;15529;11987;57810;229615;12394;13866;218038;252875;19088;15893;18754;17755;20975;56376;12306;226519;21813;23938;12814;226751;22325;11541;11746;14360;64009;17389;21788;16416;18596;19252","5054;1301;3778;11343;493;302;10486;6541;3488;273;23266;4325;5578;7035;4088;5293;3815;5797;5468;11099;8829;3949;10395;23576;3915;773;136;861;7410","HALLMARK_UV_RESPONSE_DN","HALLMARK_UV_RESPONSE_DN","HALLMARK_UV_RESPONSE_DN","HALLMARK_UV_RESPONSE_DN",0.361014095999488,1.37767037757336,FALSE,TRUE,-0.33482582065737,0.33482582065737,"shared positive"
"human_vs_mouse_KD_Hallmark","human KD vs control vs mouse KD vs control","Hallmark","HALLMARK_IL2_STAT5_SIGNALING","HALLMARK_IL2_STAT5_SIGNALING","either",0.05,"shared positive",-0.31772206736583,0.31772206736583,1.35297729696199,1.03525522959616,0.04992437445975,0.475530017832376,"55932;66141;20750;12833;14873;11658;18263;17082;18451;18186;20514;24066;18030;11492;11520;12048;18438;13730;20973;20443;16403;12977;12332;20719;217057;216233;20430;13601;384009;17988;12444;54637;66616;16206;17117;68043;13808;72729;625249;16878;65960;18612;17913;21942;80914;69863;23959;16188;18671;14085;11615","10410;894;8728;214;196;6050;4907;1291;3976;2151;57157;7074;6515;22822;4616;27242;5359;960;990;64116;6510;8829;3459;3566;10124;2012;64375;5325;81848;10970;10924;177;3682;1690;598;58528","HALLMARK_IL2_STAT5_SIGNALING","HALLMARK_IL2_STAT5_SIGNALING","HALLMARK_IL2_STAT5_SIGNALING","HALLMARK_IL2_STAT5_SIGNALING",0.32282206302208,1.30168736802723,FALSE,TRUE,-0.31772206736583,0.31772206736583,"shared positive"
"human_vs_mouse_KD_Hallmark","human KD vs control vs mouse KD vs control","Hallmark","HALLMARK_INFLAMMATORY_RESPONSE","HALLMARK_INFLAMMATORY_RESPONSE","either",0.05,"shared positive",-0.27799763605192,0.27799763605192,1.5530260801159,1.27502844406398,0.0119626757249511,0.134911387747593,"54123;67775;69550;18414;13874;11535;17069;18442;16177;109552;21857;64685;17387;54371;18438;142980;26362;20312;19106;24088;16174;11987;18793;12977;21983;18578;54598;13732;12227;68713","5054;1026;7076;5817;5329;3624;9180;3454;6541;196;3460;5610;133;3976;131566;3269;4061;1604;3696;1906;970;6542;3575;3566;3949;958","HALLMARK_INFLAMMATORY_RESPONSE","HALLMARK_INFLAMMATORY_RESPONSE","HALLMARK_INFLAMMATORY_RESPONSE","HALLMARK_INFLAMMATORY_RESPONSE",0.869951390378453,1.92217166962755,FALSE,TRUE,-0.27799763605192,0.27799763605192,"shared positive"
"human_vs_mouse_KD_Hallmark","human KD vs control vs mouse KD vs control","Hallmark","HALLMARK_ALLOGRAFT_REJECTION","HALLMARK_ALLOGRAFT_REJECTION","either",0.05,"shared positive",-0.21105965672233,0.21105965672233,1.49880232723806,1.28774267051573,0.021435675399616,0.126187155475858,"54123;16423;13874;21838;22375;21857;19171;16156;20846;142980;18148;20091;11651;12035;192176;226414;24088;16174;230861;12977;12332;79221;21354;12444","894;4869;7070;3133;7076;11222;1956;3624;9734;6133;567;3460;586;7040;3976;2000;6891;6189;4830;3459;6170;3566;9466;958;672;7453;3059;2149","HALLMARK_ALLOGRAFT_REJECTION","HALLMARK_ALLOGRAFT_REJECTION","HALLMARK_ALLOGRAFT_REJECTION","HALLMARK_ALLOGRAFT_REJECTION",0.898984849448892,1.66886282809899,FALSE,TRUE,-0.21105965672233,0.21105965672233,"shared positive"
"human_vs_mouse_KD_GO_BP","human KD vs control vs mouse KD vs control","GO_BP","GO:0007094","mitotic spindle assembly checkpoint signaling","either",0.05,"opposite direction",3.74919871275259,3.74919871275259,-1.76985727825899,1.9793414344936,0.0637309550932253,0.00386181513948376,"66977/26951/66591/74335/107995/12237/24010/219114/52696/12235/268697/229841/11799/11789/70385/52276/16319/12236","54908/11130/701/1063/221150/8379/332/147841/57082/55143/699/348654/55755/9319/7517/55055/83540/220134/7272/57405","GO:0007094","GO:0007094","mitotic spindle assembly checkpoint signaling","mitotic spindle assembly checkpoint signaling",2.41320851922147,-1.19564957299025,TRUE,FALSE,3.74919871275259,3.74919871275259,"opposite direction"
"human_vs_mouse_KD_GO_BP","human KD vs control vs mouse KD vs control","GO_BP","GO:0071173","spindle assembly checkpoint signaling","either",0.05,"opposite direction",3.74919871275259,3.74919871275259,-1.76985727825899,1.9793414344936,0.0637309550932253,0.00386181513948376,"66977/26951/66591/74335/107995/12237/24010/219114/52696/12235/268697/229841/11799/11789/70385/52276/16319/12236","54908/11130/701/1063/221150/8379/332/147841/57082/55143/699/348654/55755/9319/7517/55055/83540/220134/7272/57405","GO:0071173","GO:0071173","spindle assembly checkpoint signaling","spindle assembly checkpoint signaling",2.41320851922147,-1.19564957299025,TRUE,FALSE,3.74919871275259,3.74919871275259,"opposite direction"
"human_vs_mouse_KD_GO_BP","human KD vs control vs mouse KD vs control","GO_BP","GO:0071174","mitotic spindle checkpoint signaling","either",0.05,"opposite direction",3.74919871275259,3.74919871275259,-1.76985727825899,1.9793414344936,0.0637309550932253,0.00386181513948376,"66977/26951/66591/74335/107995/12237/24010/219114/52696/12235/268697/229841/11799/11789/70385/52276/16319/12236","54908/11130/701/1063/221150/8379/332/147841/57082/55143/699/348654/55755/9319/7517/55055/83540/220134/7272/57405","GO:0071174","GO:0071174","mitotic spindle checkpoint signaling","mitotic spindle checkpoint signaling",2.41320851922147,-1.19564957299025,TRUE,FALSE,3.74919871275259,3.74919871275259,"opposite direction"
"human_vs_mouse_KD_GO_BP","human KD vs control vs mouse KD vs control","GO_BP","GO:0031577","spindle checkpoint signaling","either",0.05,"opposite direction",3.72805873296809,3.72805873296809,-1.72585620472677,2.00220252824132,0.0559722932803457,0.00188792813699233,"66977/26951/66591/74335/107995/12237/24010/219114/52696/12235/268697/229841/11799/11789/70385/52276/16319/12236","54908/11130/701/1063/221150/8379/332/147841/57082/55143/699/348654/55755/9319/7517/55055/83540/220134/7272/57405","GO:0031577","GO:0031577","spindle checkpoint signaling","spindle checkpoint signaling",2.72401454091807,-1.2520268989429,TRUE,FALSE,3.72805873296809,3.72805873296809,"opposite direction"
"human_vs_mouse_KD_GO_BP","human KD vs control vs mouse KD vs control","GO_BP","GO:0033046","negative regulation of sister chromatid segregation","either",0.05,"opposite direction",3.71284474389645,3.71284474389645,-1.70970475962459,2.00313998427186,0.061791075579251,0.00187507199205309,"66977/26951/66591/74335/107995/12237/24010/219114/52696/12235/268697/229841/11799/11789/70385/52276/16319/12236","54908/11130/701/1063/221150/8379/332/147841/57082/55143/699/348654/26271/55755/9319/7517/55055/83540/220134/7272/57405","GO:0033046","GO:0033046","negative regulation of sister chromatid segregation","negative regulation of sister chromatid segregation",2.72698205318897,-1.2090742450821,TRUE,FALSE,3.71284474389645,3.71284474389645,"opposite direction"
"human_vs_mouse_KD_GO_BP","human KD vs control vs mouse KD vs control","GO_BP","GO:0033048","negative regulation of mitotic sister chromatid segregation","either",0.05,"opposite direction",3.71284474389645,3.71284474389645,-1.70970475962459,2.00313998427186,0.061791075579251,0.00187507199205309,"66977/26951/66591/74335/107995/12237/24010/219114/52696/12235/268697/229841/11799/11789/70385/52276/16319/12236","54908/11130/701/1063/221150/8379/332/147841/57082/55143/699/348654/26271/55755/9319/7517/55055/83540/220134/7272/57405","GO:0033048","GO:0033048","negative regulation of mitotic sister chromatid segregation","negative regulation of mitotic sister chromatid segregation",2.72698205318897,-1.2090742450821,TRUE,FALSE,3.71284474389645,3.71284474389645,"opposite direction"
"human_vs_mouse_KD_GO_BP","human KD vs control vs mouse KD vs control","GO_BP","GO:0045841","negative regulation of mitotic metaphase/anaphase transition","either",0.05,"opposite direction",3.71284474389645,3.71284474389645,-1.70970475962459,2.00313998427186,0.061791075579251,0.00187507199205309,"66977/26951/66591/74335/107995/12237/24010/219114/52696/12235/268697/229841/11799/11789/70385/52276/16319/12236","54908/11130/701/1063/221150/8379/332/147841/57082/55143/699/348654/26271/55755/9319/7517/55055/83540/220134/7272/57405","GO:0045841","GO:0045841","negative regulation of mitotic metaphase/anaphase transition","negative regulation of mitotic metaphase/anaphase transition",2.72698205318897,-1.2090742450821,TRUE,FALSE,3.71284474389645,3.71284474389645,"opposite direction"
"human_vs_mouse_KD_GO_BP","human KD vs control vs mouse KD vs control","GO_BP","GO:2000816","negative regulation of mitotic sister chromatid separation","either",0.05,"opposite direction",3.71284474389645,3.71284474389645,-1.70970475962459,2.00313998427186,0.061791075579251,0.00187507199205309,"66977/26951/66591/74335/107995/12237/24010/219114/52696/12235/268697/229841/11799/11789/70385/52276/16319/12236","54908/11130/701/1063/221150/8379/332/147841/57082/55143/699/348654/26271/55755/9319/7517/55055/83540/220134/7272/57405","GO:2000816","GO:2000816","negative regulation of mitotic sister chromatid separation","negative regulation of mitotic sister chromatid separation",2.72698205318897,-1.2090742450821,TRUE,FALSE,3.71284474389645,3.71284474389645,"opposite direction"
"human_vs_mouse_KD_GO_BP","human KD vs control vs mouse KD vs control","GO_BP","GO:1902100","negative regulation of metaphase/anaphase transition of cell cycle","either",0.05,"opposite direction",3.68158702980215,3.68158702980215,-1.6840171185417,1.99756991126045,0.0642060101900454,0.00214609239917974,"66977/26951/66591/74335/107995/12237/24010/219114/52696/12235/268697/229841/11799/11789/70385/52276/16319/12236","54908/11130/701/1063/221150/8379/332/147841/57082/55143/699/348654/26271/55755/9319/7517/55055/83540/220134/7272/57405","GO:1902100","GO:1902100","negative regulation of metaphase/anaphase transition of cell cycle","negative regulation of metaphase/anaphase transition of cell cycle",2.66835158358627,-1.19242431663207,TRUE,FALSE,3.68158702980215,3.68158702980215,"opposite direction"
"human_vs_mouse_KD_GO_BP","human KD vs control vs mouse KD vs control","GO_BP","GO:1905819","negative regulation of chromosome separation","either",0.05,"opposite direction",3.68158702980215,3.68158702980215,-1.6840171185417,1.99756991126045,0.0642060101900454,0.00214609239917974,"66977/26951/66591/74335/107995/12237/24010/219114/52696/12235/268697/229841/11799/11789/70385/52276/16319/12236","54908/11130/701/1063/221150/8379/332/147841/57082/55143/699/348654/26271/55755/9319/7517/55055/83540/220134/7272/57405","GO:1905819","GO:1905819","negative regulation of chromosome separation","negative regulation of chromosome separation",2.66835158358627,-1.19242431663207,TRUE,FALSE,3.68158702980215,3.68158702980215,"opposite direction"
"human_vs_mouse_KD_GO_BP","human KD vs control vs mouse KD vs control","GO_BP","GO:0045839","negative regulation of mitotic nuclear division","either",0.05,"opposite direction",3.67840312070466,3.67840312070466,-1.727503136115,1.95089998458966,0.053830359642504,0.00214726902719002,"66977/26951/66591/74335/107995/12237/24010/14184/219114/52696/12235/268697/229841/11799/11789/70385/52276/16319/12159/12236","54908/11130/701/1063/221150/8379/332/147841/57082/55143/699/348654/26271/55755/9319/7517/55055/83540/220134/655/7272/57405","GO:0045839","GO:0045839","negative regulation of mitotic nuclear division","negative regulation of mitotic nuclear division",2.66811354023787,-1.26897271863809,TRUE,FALSE,3.67840312070466,3.67840312070466,"opposite direction"
"human_vs_mouse_KD_GO_BP","human KD vs control vs mouse KD vs control","GO_BP","GO:0048846","axon extension involved in axon guidance","either",0.05,"opposite direction",-3.62689944397527,3.62689944397527,2.08560829267467,-1.5412911513006,0.0106623115539623,0.186395954873064,"20563/20564/18846/20356/11658/20346/18186/319757/20315/269878","6387/6405/8828/9353","GO:0048846","GO:0048846","axon extension involved in axon guidance","axon extension involved in axon guidance",-0.729563516849899,1.97214863149125,FALSE,TRUE,-3.62689944397527,3.62689944397527,"opposite direction"
"human_vs_mouse_KD_GO_BP","human KD vs control vs mouse KD vs control","GO_BP","GO:0044786","cell cycle DNA replication","either",0.05,"opposite direction",3.62352777620834,3.62352777620834,-1.82831076260669,1.79521701360165,0.039109402682032,0.0269560228170584,"57441/327762/75826/22589/108961/67177/13134/12566/18968/12545/12534/237877/52679/17217/17215/19704","144455/26271/29980/4173/81620/80174/9837/2237/51053/7486/1763/7083/7013","GO:0044786","GO:0044786","cell cycle DNA replication","cell cycle DNA replication",1.56934418468947,-1.40771881697751,TRUE,TRUE,3.62352777620834,3.62352777620834,"opposite direction"
"human_vs_mouse_KD_GO_BP","human KD vs control vs mouse KD vs control","GO_BP","GO:0051985","negative regulation of chromosome segregation","either",0.05,"opposite direction",3.61476773353301,3.61476773353301,-1.59143090347943,2.02333683005358,0.142640877815641,0.00163183270358738,"66977/26951/66591/74335/107995/12237/24010/219114/52696/12235/268697/229841/11799/11789/70385/52276/16319/12236","54908/11130/701/1063/221150/8379/332/147841/57082/55143/699/348654/26271/55755/9319/7517/55055/83540/220134/7272/57405","GO:0051985","GO:0051985","negative regulation of chromosome segregation","negative regulation of chromosome segregation",2.78732436741615,-0.845755997165035,TRUE,FALSE,3.61476773353301,3.61476773353301,"opposite direction"
"human_vs_mouse_KD_GO_BP","human KD vs control vs mouse KD vs control","GO_BP","GO:0140014","mitotic nuclear division","either",0.05,"opposite direction",3.59226815002037,3.59226815002037,-1.82080058833918,1.77146756168119,2.63406057066442e-05,0.000216386566954127,"13006/103768/21802/99412/50850/67139/218294/381293/214444/101706/67177/101994/76044/74201/72549/66371/18221/52683/68942/71819/58994/66977/12537/232933/26951/26934/18591/16569/106042/66591/74335/14211/107995/83431/12390/76499/12237/218914/12704/24010/228421/14184/16571/70012/215387/219114/52696/83946/13614/22629/100502766/16973/105988/54141/328440/12235/17345/268697/16551/108912/229841/110033/22385/20399/108907/12534/67655/16580/72119/66140/11799/11789/193740/67300/70385/18005/229776/70218/381318/70466/52276/16319/68501/12159/12236/233406/20878/78906/15511","3481/4288/29128/54908/11130/9787/54443/701/51203/22974/146909/1063/221150/8379/83987/3833/23141/348235/10615/332/8815/147841/57082/7040/55143/699/348654/26271/3304/9928/2801/23636/51652/55755/23310/25936/27183/3835/9319/91272/1906/79080/80346/81620/7517/6790/54892/55055/83540/220134/2491/3832/655/7272/57405/27338/1060/9493/7039/10040/23113/11065/9639/51115/9055/90417/995/54984/1058/3619/991/286151/79598/49856/9735/137886/54627/26993/1104/9918/81930/79884/26151/84142/56647/9088/54461/1062/4085/56992/54820/9212/24137/23397/92421/5119/10459/9700/55125/64105","GO:0140014","GO:0140014","mitotic nuclear division","mitotic nuclear division",3.66476970326406,-4.57937424258499,TRUE,TRUE,3.59226815002037,3.59226815002037,"opposite direction"
"human_vs_mouse_KD_GO_BP","human KD vs control vs mouse KD vs control","GO_BP","GO:0046496","nicotinamide nucleotide metabolic process","either",0.05,"opposite direction",-3.5824201723958,3.5824201723958,1.73030586805744,-1.85211430433836,0.006630064403503,0.00147838969603391,"18641/547253/20512/192185/243853/66171/12833/14635/74747/14381/110208/226518/22059/14751/107747/216188/67863/19895/22601/66129/246703/11674/108155/225913/15926/74370/56327/100198/17436/18113/50721/239017/72141/269951/69225/11820/19384/14433/13808/208727/21351/15937/107029/66646/19164/16548/18104/56428/68646/56716/21991/20779","55753/3418/8604/5232/441531/10840/11182/65220/2806/5027/84676/729020/3101/5313/5207/349565/8473/4191/5571/2821/53632/6888/89/9611/405/128240/26137/5562/8402/23530/6714/3098/9759/5236/2033/3417/4199/133686/7415/5515/5230/2026/5091/230/2027","GO:0046496","GO:0046496","nicotinamide nucleotide metabolic process","nicotinamide nucleotide metabolic process",-2.83021107302549,2.17848225289988,TRUE,TRUE,-3.5824201723958,3.5824201723958,"opposite direction"
"human_vs_mouse_KD_GO_BP","human KD vs control vs mouse KD vs control","GO_BP","GO:0007088","regulation of mitotic nuclear division","either",0.05,"opposite direction",3.57916693200089,3.57916693200089,-1.65139503301889,1.927771898982,0.0430838744290564,0.000811769163621448,"58994/66977/12537/26951/18591/66591/74335/107995/12390/12237/24010/14184/219114/52696/83946/13614/22629/16973/12235/17345/268697/108912/229841/20399/108907/11799/11789/70385/52276/16319/68501/12159/12236","3481/4288/54908/11130/9787/701/51203/1063/221150/8379/83987/332/147841/57082/55143/699/348654/26271/23636/55755/9319/1906/7517/6790/55055/83540/220134/655/7272/57405/7039/10040/23113/11065/995","GO:0007088","GO:0007088","regulation of mitotic nuclear division","regulation of mitotic nuclear division",3.09056745009117,-1.36568524856116,TRUE,TRUE,3.57916693200089,3.57916693200089,"opposite direction"
"human_vs_mouse_KD_GO_BP","human KD vs control vs mouse KD vs control","GO_BP","GO:0050000","chromosome localization","either",0.05,"opposite direction",3.57431834754005,3.57431834754005,-1.73152553336766,1.84279281417239,0.0133603204157991,0.00386181513948376,"13424/269966/67139/381293/101706/67177/101994/66371/18221/68942/66977/26951/26934/54204/83431/12237/218914/228421/66934/219114/52696/16905/100502766/77053/14579/54141/268697/13605/229841/110033/21749/12534/16580/320678/66140/11799/11789/70385/18005/381318/52276/16319/108000","23353/54908/11130/9787/1063/221150/8379/3833/348235/10615/56776/332/147841/57082/55143/9928/23636/51652/25936/27183/3835/81610/91272/79980/81620/55055/83540/220134/7272/57405/1060/51112/2669/55201/51115/90417/54984/1058/3619/150465/9735/55166","GO:0050000","GO:0050000","chromosome localization","chromosome localization",2.41320851922147,-1.87418312620592,TRUE,TRUE,3.57431834754005,3.57431834754005,"opposite direction"
"human_vs_mouse_KD_GO_BP","human KD vs control vs mouse KD vs control","GO_BP","GO:0034405","response to fluid shear stress","either",0.05,"opposite direction",-3.54846261574578,3.54846261574578,1.87553710864724,-1.67292550709854,0.050924490442825,0.042127487022192,"20750/16600/18764/18438/17250/19225/11651/11898/18763/16598/18024/21821/20779/11303/56468/15183/22433","5339/108/25/5573/5598/5586/2778/111/9788/5568/5025/5311/8841/10370/4780/196883/4313/9314/6721/2035/5747/112/5515/5577/4354","GO:0034405","GO:0034405","response to fluid shear stress","response to fluid shear stress",-1.37543444652104,1.29307330791398,TRUE,FALSE,-3.54846261574578,3.54846261574578,"opposite direction"
"human_vs_mouse_KD_GO_BP","human KD vs control vs mouse KD vs control","GO_BP","GO:0051310","metaphase chromosome alignment","either",0.05,"opposite direction",3.54689535100591,3.54689535100591,-1.7150229360201,1.83187241498581,0.011800762110898,0.00485995672440601,"13424/67139/381293/101706/67177/101994/66371/18221/68942/66977/26951/26934/54204/12237/218914/228421/66934/219114/52696/100502766/14579/54141/268697/13605/229841/110033/12534/16580/66140/11799/11789/70385/18005/381318/52276/16319/108000","54908/11130/1063/221150/8379/3833/348235/10615/332/147841/57082/55143/9928/23636/51652/25936/27183/3835/81610/91272/79980/81620/55055/83540/220134/7272/57405/1060/51112/2669/55201/51115/90417/54984/1058/3619/150465/9735/55166","GO:0051310","GO:0051310","metaphase chromosome alignment","metaphase chromosome alignment",2.31336759790547,-1.92808994439983,TRUE,TRUE,3.54689535100591,3.54689535100591,"opposite direction"
"human_vs_mouse_KD_GO_BP","human KD vs control vs mouse KD vs control","GO_BP","GO:0071229","cellular response to acid chemical","either",0.05,"opposite direction",-3.52569919637997,3.52569919637997,1.67757547795786,-1.84812371842211,0.0401899998031937,0.00754988991747523,"20539/12842/12843/12826/12833/232087/14799/107581/107045/18764/12832/12048/12825/76630/230784/11898/17392/56876/68441/74370/15499/18595/14629/16598/18024/22339/18706/14630/12608/56717/71785/66508/14360/224023/22433/94216/75747/12703","389541/8649/2906/2729/23304/7422/3208/8452/5311/2534/57559/4780/154743/6494/2730/28956/9978/84861/10670/143686/10458/729438/5290/2033/64121/55004/3182/22849","GO:0071229","GO:0071229","cellular response to acid chemical","cellular response to acid chemical",-2.12205938063328,1.39588199593466,TRUE,TRUE,-3.52569919637997,3.52569919637997,"opposite direction"
"human_vs_mouse_KD_GO_BP","human KD vs control vs mouse KD vs control","GO_BP","GO:0033047","regulation of mitotic sister chromatid segregation","either",0.05,"opposite direction",3.52307140193572,3.52307140193572,-1.67686466058386,1.84620674135186,0.0783742143352684,0.0081577664871414,"214444/101706/66977/26951/66591/74335/107995/12237/24010/219114/52696/12235/268697/229841/12534/11799/11789/70385/52276/16319/12236","54908/11130/701/1063/221150/8379/332/147841/57082/55143/699/348654/26271/55755/9319/7517/55055/83540/220134/7272/57405","GO:0033047","GO:0033047","regulation of mitotic sister chromatid segregation","regulation of mitotic sister chromatid segregation",2.08842873034981,-1.10582679973785,TRUE,FALSE,3.52307140193572,3.52307140193572,"opposite direction"
"human_vs_mouse_KD_GO_BP","human KD vs control vs mouse KD vs control","GO_BP","GO:0000070","mitotic sister chromatid segregation","either",0.05,"opposite direction",3.50942849512324,3.50942849512324,-1.80404223898796,1.70538625613528,0.000506908376325918,0.00187507199205309,"73420/68953/70099/93762/13006/103768/99412/67139/381293/214444/101706/67177/101994/76044/74201/66371/18221/52683/68942/71819/66977/232933/26951/26934/16569/106042/66591/74335/14211/107995/76499/12237/218914/12704/24010/228421/16571/215387/219114/52696/100502766/105988/54141/12235/268697/16551/229841/110033/22385/108907/12534/16580/72119/66140/11799/11789/193740/67300/70385/18005/70218/381318/70466/52276/16319/68501/12236/233406/78906/15511","29128/54908/11130/9787/701/51203/22974/146909/1063/221150/8379/3833/348235/10615/332/147841/57082/55143/699/348654/26271/3304/9928/2801/23636/51652/55755/23310/25936/27183/3835/9319/91272/81620/7517/54892/55055/83540/220134/2491/3832/7272/57405/1060/9493/11065/9639/51115/9055/90417/54984/1058/3619/991/79598/49856/9735/54627/26993/1104/9918/81930/79884/26151/84142/56647/1062/4085/56992/9212/24137/23397/92421/5119/10459/9700/55125/64105","GO:0000070","GO:0000070","mitotic sister chromatid segregation","mitotic sister chromatid segregation",2.72698205318897,-3.295070532288,TRUE,TRUE,3.50942849512324,3.50942849512324,"opposite direction"
"human_vs_mouse_KD_GO_BP","human KD vs control vs mouse KD vs control","GO_BP","GO:0051304","chromosome separation","either",0.05,"opposite direction",3.50596983516586,3.50596983516586,-1.70650895003095,1.79946088513491,0.0293062920454483,0.00897043579918839,"214444/101706/76044/52683/66977/26951/66591/74335/14211/107995/12237/218914/24010/21975/215387/382073/219114/52696/105988/12235/268697/229841/11799/11789/70385/52276/16319/68501/12236","54908/11130/9787/701/1063/221150/8379/332/147841/57082/55143/699/348654/26271/55755/5359/9319/7517/54892/55055/83540/220134/7272/57405","GO:0051304","GO:0051304","chromosome separation","chromosome separation",2.04718645767104,-1.53303912683862,TRUE,TRUE,3.50596983516586,3.50596983516586,"opposite direction"
"human_vs_mouse_KD_GO_BP","human KD vs control vs mouse KD vs control","GO_BP","GO:0051306","mitotic sister chromatid separation","either",0.05,"opposite direction",3.48542865624994,3.48542865624994,-1.61045070586053,1.87497795038941,0.117326573449366,0.0073673271966317,"52683/66977/26951/66591/74335/107995/12237/24010/219114/52696/12235/268697/229841/11799/11789/70385/52276/16319/68501/12236","54908/11130/9787/701/1063/221150/8379/332/147841/57082/55143/699/348654/26271/55755/9319/7517/55055/83540/220134/7272/57405","GO:0051306","GO:0051306","mitotic sister chromatid separation","mitotic sister chromatid separation",2.13269004189533,-0.930603612817193,TRUE,FALSE,3.48542865624994,3.48542865624994,"opposite direction"
"human_vs_mouse_KD_GO_BP","human KD vs control vs mouse KD vs control","GO_BP","GO:0034340","response to type I interferon","either",0.05,"opposite direction",-3.47754553334018,3.47754553334018,2.24782328953068,-1.2297222438095,4.56081105017279e-06,0.345614628100504,"23962/54123/24110/66141/246730/100038882/58203/246728/71586/20684/23960/246727/108037/20846/20847/80876/213002/17858/13194/23961/99375/26987/78308/68713/231655/16179/17874/14082/16451/208727/434341","3716/29110/5690/10213/5710/23170/5719/5685/5720/5684/5718/253943/11047/9470/7979/10581/3429/5694/5717/5777/5689/5701/3093/9759/54502/5686/5709/5691/26058/5707","GO:0034340","GO:0034340","response to type I interferon","response to type I interferon",-0.461407884338732,5.34095791977115,FALSE,TRUE,-3.47754553334018,3.47754553334018,"opposite direction"
"human_vs_mouse_KD_GO_BP","human KD vs control vs mouse KD vs control","GO_BP","GO:0071357","cellular response to type I interferon","either",0.05,"opposite direction",-3.47623564670299,3.47623564670299,2.23729687848289,-1.2389387682201,1.52637196881032e-05,0.350011278407489,"23962/54123/24110/66141/246730/100038882/58203/246728/71586/23960/246727/20846/20847/80876/213002/13194/23961/99375/26987/78308/68713/231655/16179/17874/14082/16451/208727/434341","3716/29110/5690/10213/5710/23170/5719/5685/5720/5684/5718/253943/11047/9470/7979/10581/3429/5694/5717/5777/5689/5701/3093/9759/54502/5686/5709/5691/26058/5707","GO:0071357","GO:0071357","cellular response to type I interferon","cellular response to type I interferon",-0.455917961160525,4.81633961820522,FALSE,TRUE,-3.47623564670299,3.47623564670299,"opposite direction"
"human_vs_mouse_KD_GO_BP","human KD vs control vs mouse KD vs control","GO_BP","GO:0010965","regulation of mitotic sister chromatid separation","either",0.05,"opposite direction",3.47541499603916,3.47541499603916,-1.60251626518138,1.87289873085778,0.112936845597261,0.0059135737015185,"66977/26951/66591/74335/107995/12237/24010/219114/52696/12235/268697/229841/11799/11789/70385/52276/16319/68501/12236","54908/11130/9787/701/1063/221150/8379/332/147841/57082/55143/699/348654/26271/55755/9319/7517/55055/83540/220134/7272/57405","GO:0010965","GO:0010965","regulation of mitotic sister chromatid separation","regulation of mitotic sister chromatid separation",2.22814998615944,-0.947164346569343,TRUE,FALSE,3.47541499603916,3.47541499603916,"opposite direction"
"human_vs_mouse_KD_GO_BP","human KD vs control vs mouse KD vs control","GO_BP","GO:0051784","negative regulation of nuclear division","either",0.05,"opposite direction",3.46245665352718,3.46245665352718,-1.58627932802245,1.87617732550473,0.141291023529738,0.00572019558887615,"66977/26951/66591/74335/107995/12237/24010/14184/219114/52696/12235/268697/229841/11799/11789/70385/52276/16319/12159/12236","54908/11130/701/1063/221150/8379/332/147841/57082/55143/699/348654/26271/55755/9319/7517/55055/83540/220134/655/7272/57405","GO:0051784","GO:0051784","negative regulation of nuclear division","negative regulation of nuclear division",2.24258912125638,-0.84988542877661,TRUE,FALSE,3.46245665352718,3.46245665352718,"opposite direction"
"human_vs_mouse_KD_GO_BP","human KD vs control vs mouse KD vs control","GO_BP","GO:0098534","centriole assembly","either",0.05,"opposite direction",3.44547102464809,3.44547102464809,-1.82023514669841,1.62523587794968,0.0387981871855532,0.102921655090403,"74477/67463/232933/56275/246102/225659/245902/72776/70012/17245/20460/12566/106618/20620/101565/233064/99100/71276","4869/22995/55835/23636/55755/116840/6491/284001/9738/197335/672/9662/80071/124093/7840/80254/55722/221908/56890/55125/1017/85459/10769/284403/64793/80817","GO:0098534","GO:0098534","centriole assembly","centriole assembly",0.987493238485306,-1.41118856599609,FALSE,TRUE,3.44547102464809,3.44547102464809,"opposite direction"
"human_vs_mouse_KD_GO_BP","human KD vs control vs mouse KD vs control","GO_BP","GO:0071230","cellular response to amino acid stimulus","either",0.05,"opposite direction",-3.44158695902169,3.44158695902169,1.65623571309934,-1.78535124592235,0.0559419806966024,0.0151162678921122,"20539/12842/12843/12826/12833/232087/14799/107581/107045/12832/12048/12825/76630/230784/11898/17392/56876/68441/74370","389541/8649/2906/2729/23304/3208/8452/2534/57559/4780/154743/2730/28956/9978/84861/10670/143686/10458/729438/2033/64121/55004/3182/22849","GO:0071230","GO:0071230","cellular response to amino acid stimulus","cellular response to amino acid stimulus",-1.82055542007368,1.25226216094668,TRUE,FALSE,-3.44158695902169,3.44158695902169,"opposite direction"
"human_vs_mouse_KD_GO_BP","human KD vs control vs mouse KD vs control","GO_BP","GO:0051383","kinetochore organization","either",0.05,"opposite direction",3.4365259904291,3.4365259904291,-1.33711250136584,2.09941348906326,0.405480821917808,0.00268783456600882,"70099/67139/52504/66977/66578/229584/14211/20892/50927/229841/218977","9787/201254/55355/1063/80152/79172/55320/54069/4678/83540/2491/1060/387103/64946/55839/51112/1058/9735/23421/23126/1062","GO:0051383","GO:0051383","kinetochore organization","kinetochore organization",2.57059746526126,-0.392029681852908,TRUE,FALSE,3.4365259904291,3.4365259904291,"opposite direction"
"human_vs_mouse_KD_GO_BP","human KD vs control vs mouse KD vs control","GO_BP","GO:0006739","NADP+ metabolic process","either",0.05,"opposite direction",-3.41970007924575,3.41970007924575,1.85164947712872,-1.56805060211703,0.0337797077662345,0.15122365441098,"192185/66171/14381/110208/226518/22059/107747/216188/19895/15926/74370/100198/17436/269951/21351/107029/66646/68646/56716","3418/10840/65220/729020/6888/23530/3417/4199/133686/5091","GO:0006739","GO:0006739","NADP+ metabolic process","NADP+ metabolic process",-0.820380271158427,1.47134411190121,FALSE,TRUE,-3.41970007924575,3.41970007924575,"opposite direction"
"human_vs_mouse_KD_GO_BP","human KD vs control vs mouse KD vs control","GO_BP","GO:0007093","mitotic cell cycle checkpoint signaling","either",0.05,"opposite direction",3.41750527282338,3.41750527282338,-1.33222988618767,2.08527538663571,0.222378018271263,2.62817690069641e-05,"66977/69076/19367/26951/66591/74335/77011/71711/20184/107995/12237/24010/71375/23834/219114/52696/12235/268697/235559/229841/12534/381921/76843/269582/19891/208768/11799/11789/12189/70385/330177/52276/16319/12144/12236","54908/1026/5591/11130/29997/701/9656/1063/221150/8379/332/147841/57082/55143/699/348654/58493/8525/197342/55755/80279/29980/27183/9319/55159/7517/6118/55055/83540/990/220134/2177/51149/7272/57405/54465/672/63967/3364/4683/595/4361/3619/991/79858/8914/146956/9735/641/51499/79184/4998/1112/5932/84142/90381/6419/51776/4085/11073/9212/84936/92421/10459/1017","GO:0007093","GO:0007093","mitotic cell cycle checkpoint signaling","mitotic cell cycle checkpoint signaling",4.58034540607928,-0.652908144317086,TRUE,FALSE,3.41750527282338,3.41750527282338,"opposite direction"
"human_vs_mouse_KD_GO_BP","human KD vs control vs mouse KD vs control","GO_BP","GO:1905818","regulation of chromosome separation","either",0.05,"opposite direction",3.41689163676226,3.41689163676226,-1.56818701927166,1.8487046174906,0.0784750158420993,0.00537174183464425,"214444/101706/76044/52683/66977/26951/66591/74335/14211/107995/12237/24010/215387/219114/52696/12235/268697/229841/11799/11789/70385/52276/16319/68501/12236","54908/11130/9787/701/1063/221150/8379/332/147841/57082/55143/699/348654/26271/55755/5359/9319/7517/54892/55055/83540/220134/7272/57405","GO:1905818","GO:1905818","regulation of chromosome separation","regulation of chromosome separation",2.26988486764956,-1.10526858795496,TRUE,FALSE,3.41689163676226,3.41689163676226,"opposite direction"
"human_vs_mouse_KD_GO_BP","human KD vs control vs mouse KD vs control","GO_BP","GO:0006261","DNA-templated DNA replication","either",0.05,"opposite direction",3.41060598262069,3.41060598262069,-1.48164803341348,1.92895794920721,0.0669922640997791,0.000159036289014327,"59001/68379/193838/18538/18392/104806/218973/20585/11920/57441/327762/75826/50776/26428/272158/22589/234736/19075/11545/26909/19687/69723/108961/67177/20133/217578/217127/74335/77011/71711/78903/56452/54380/20892/13134/67967/23834/12566/18968/70024/11596/107373/235559/12545/12534/18969/77782/78833/237877/12189/12144/52679/17217/17215/19704/117599","64710/63901/5425/1663/201254/142/84515/246243/5965/91607/144455/5442/92667/348654/26271/9156/5889/197342/29980/55159/4173/81620/11284/80174/7517/9837/2237/990/51053/54465/7486/1763/7083/672/54107/7013/11169/177/5984/4683/6921/10535/23594/55388/5982/6596/4361/4796/8914/146956/64785/374393/641/84296/5426/4998/9400/11232/5932/90381/6419/10721","GO:0006261","GO:0006261","DNA-templated DNA replication","DNA-templated DNA replication",3.79850376674583,-1.17397534435512,TRUE,FALSE,3.41060598262069,3.41060598262069,"opposite direction"
"human_vs_mouse_KD_GO_BP","human KD vs control vs mouse KD vs control","GO_BP","GO:0043200","response to amino acid","either",0.05,"opposite direction",-3.38482009232836,3.38482009232836,1.66213892822396,-1.7226811641044,0.038136374751926,0.0187989782195189,"20539/12842/20512/12843/12826/12833/232087/14799/22142/107581/107045/12832/12048/12825/76630/230784/14870/11898/17392/56876/68441/74370/66586/15499/16819/17025/18595/28185/14629/17874/28253","389541/8649/2906/2729/3747/23304/1147/2950/2902/9868/3208/8452/2534/57559/4524/4780/154743/2730/28956/9978/84861/9131/10670/143686/10458/729438/5290/2033/64121/55004/3182/22849","GO:0043200","GO:0043200","response to amino acid","response to amino acid",-1.72586575529399,1.41866059341021,TRUE,TRUE,-3.38482009232836,3.38482009232836,"opposite direction"
"human_vs_mouse_KD_GO_BP","human KD vs control vs mouse KD vs control","GO_BP","GO:0072524","pyridine-containing compound metabolic process","either",0.05,"opposite direction",-3.38171640776051,3.38171640776051,1.63160107501148,-1.75011533274903,0.018119436594263,0.00399953818989337,"18641/547253/20512/192185/243853/66171/12833/14635/74747/14381/110208/226518/22059/14751/107747/216188/67863/19895/22601/66129/246703/11674/108155/225913/15926/74370/56327/100198/17436/18113/50721/239017/72141/269951/69225/11820/19384/14433/13808/208727/21351/15937/107029/66646/19164/16548/18104/56428/68646/56716/21991/20779","55753/3418/8604/5232/441531/10840/11182/65220/2806/5027/84676/729020/3101/5313/5207/349565/8473/4191/5571/2821/53632/6888/89/9611/405/128240/26137/5562/8402/23530/6714/3098/9759/5236/2033/3417/4199/133686/7415/5515/5230/2026/5091/230/2027","GO:0072524","GO:0072524","pyridine-containing compound metabolic process","pyridine-containing compound metabolic process",-2.39799015196193,1.7418553104013,TRUE,TRUE,-3.38171640776051,3.38171640776051,"opposite direction"
"human_vs_mouse_KD_GO_BP","human KD vs control vs mouse KD vs control","GO_BP","GO:0051783","regulation of nuclear division","either",0.05,"opposite direction",3.3665252936379,3.3665252936379,-1.51605806957236,1.85046722406554,0.0787301541389178,0.0019239211353957,"58994/66977/12537/26951/18591/66591/74335/107995/12390/12237/24010/14184/57746/219114/52696/83946/13614/22629/16973/328440/12235/17345/268697/108912/229841/20399/108907/213389/11799/11789/70385/52276/12317/16319/68501/12159/12236","3481/4288/54908/11130/9787/701/51203/1063/221150/8379/83987/332/147841/57082/55143/699/348654/26271/23636/55755/9319/1906/7517/6790/55055/83540/220134/655/7272/57405/10635/7039/10040/23113","GO:0051783","GO:0051783","regulation of nuclear division","regulation of nuclear division",2.71581273435873,-1.10385889828977,TRUE,FALSE,3.3665252936379,3.3665252936379,"opposite direction"
"human_vs_mouse_KD_GO_BP","human KD vs control vs mouse KD vs control","GO_BP","GO:0009154","purine ribonucleotide catabolic process","either",0.05,"opposite direction",-3.36253480155526,3.36253480155526,1.46966521707676,-1.8928695844785,0.163518813086902,0.00187507199205309,"18641/22436/18573/243853/12833/14635/74747/15254/14751/15452/22601/66129/11674/108155/238871/225913/74370/56327/18578/50773/71207/50721/239017/72141/23984/11820/19384/14433/13808/208727/56409/15937/76952/19164/16548/56428/56716/21991/20779","195827/5213/56953/5138/284958/55753/5232/441531/11182/5142/5027/84676/3101/5313/5207/8473/5150/5571/2821/53632/3094/89/9611/405/26137/5562/5141/6714/3098/9759/5236/2033/272/5151/5144/5515/5230/2026/230/2027/7498","GO:0009154","GO:0009154","purine ribonucleotide catabolic process","purine ribonucleotide catabolic process",-2.72698205318897,0.786432273891759,TRUE,FALSE,-3.36253480155526,3.36253480155526,"opposite direction"
"human_vs_mouse_KD_GO_BP","human KD vs control vs mouse KD vs control","GO_BP","GO:0001676","long-chain fatty acid metabolic process","either",0.05,"opposite direction",-3.33967201389466,3.33967201389466,1.70740455807267,-1.63226745582199,0.0602499580756734,0.0375987134328284,"66253/54447/76267/67452/19224/19225/14870/113868/18484/26569/171210/56360/26897/68312/433256/625249/14869/11666/18783/13078/19223/50790/14863/19299/14775/12896/229211/14865/56448","2944/2182/9415/51390/100137049/50640/23305/215/1376/4051/246/11283/56624/11332/10999/8529/83401/2876/2879/57834/66002/30/2950/5825/1573/3992/22949/51703/26090/6342/5743/79071/376497/80221/9536/2181/5321/11000/5742/33/2052","GO:0001676","GO:0001676","long-chain fatty acid metabolic process","long-chain fatty acid metabolic process",-1.42482701567295,1.22004325095243,TRUE,FALSE,-3.33967201389466,3.33967201389466,"opposite direction"
"human_vs_mouse_KD_GO_BP","human KD vs control vs mouse KD vs control","GO_BP","GO:0051382","kinetochore assembly","either",0.05,"opposite direction",3.33652169130088,3.33652169130088,-1.25281167617754,2.08371001512334,0.493621347393045,0.00380102120680995,"67139/52504/66578/229584/20892/50927/229841/218977","9787/201254/55355/1063/80152/79172/55320/54069/4678/2491/1060/387103/64946/55839/51112/1058/9735/23421/23126/1062","GO:0051382","GO:0051382","kinetochore assembly","kinetochore assembly",2.42009970735695,-0.306606066854618,TRUE,FALSE,3.33652169130088,3.33652169130088,"opposite direction"
"human_vs_mouse_KD_GO_BP","human KD vs control vs mouse KD vs control","GO_BP","GO:0071498","cellular response to fluid shear stress","either",0.05,"opposite direction",-3.33375025055999,3.33375025055999,1.63449581785541,-1.69925443270458,0.178358203962718,0.0350494085628943,"20750/16600/18764/19225/11898/16598/18024/20779/56468/15183/22433","5339/108/25/5573/5598/5586/2778/111/9788/5568/5311/8841/4780/196883/4313/9314/6721/5747/112/5515/5577","GO:0071498","GO:0071498","cellular response to fluid shear stress","cellular response to fluid shear stress",-1.45531930608644,0.748706909573205,TRUE,FALSE,-3.33375025055999,3.33375025055999,"opposite direction"
"human_vs_mouse_KD_GO_BP","human KD vs control vs mouse KD vs control","GO_BP","GO:1903146","regulation of autophagy of mitochondrion","either",0.05,"opposite direction",-3.33296061031021,3.33296061031021,1.5750176093721,-1.75794300093811,0.177821971786053,0.0486791758346751,"15944/54396/16145/11739/20787/12257/12176/68943/207565/11740/64704/381038/14232/22333/74006","706/64127/55294/27429/65018/55626/6720/10075/55187/2931/84749/8454/7855/6721/9978/160760/10273/291","GO:1903146","GO:1903146","regulation of autophagy of mitochondrion","regulation of autophagy of mitochondrion",-1.3126567832251,0.750014578372022,TRUE,FALSE,-3.33296061031021,3.33296061031021,"opposite direction"
"human_vs_mouse_KD_GO_BP","human KD vs control vs mouse KD vs control","GO_BP","GO:0006195","purine nucleotide catabolic process","either",0.05,"opposite direction",-3.30949391742991,3.30949391742991,1.54868329949429,-1.76081061793562,0.0547791126796838,0.0106123711420825,"18641/547253/22436/18573/243853/12833/14635/74747/15254/14751/15452/22601/66129/11674/108155/238871/225913/74370/56327/18578/50773/18113/71207/50721/239017/72141/23984/381101/11820/19384/14433/13808/208727/56409/15937/76952/19164/16548/56428/56716/21991/20779/56045/23959/56717/15251/218461/11717","195827/5213/56953/5138/284958/55753/5232/441531/11182/5142/5027/84676/3101/5313/5207/8473/5150/5571/2821/53632/3094/89/9611/405/26137/5562/5141/6714/3098/9759/5236/2033/272/5151/5144/5515/5230/2026/230/2027/7498","GO:0006195","GO:0006195","purine nucleotide catabolic process","purine nucleotide catabolic process",-1.97418757002217,1.2613850067925,TRUE,FALSE,-3.30949391742991,3.30949391742991,"opposite direction"
"human_vs_mouse_KD_GO_BP","human KD vs control vs mouse KD vs control","GO_BP","GO:0000075","cell cycle checkpoint signaling","either",0.05,"opposite direction",3.29537577098916,3.29537577098916,-1.26870212350059,2.02667364748857,0.331778686429849,2.62817690069641e-05,"72772/227331/11920/319955/17193/225131/381979/327762/28000/13972/234736/52040/68592/235610/218294/214444/229543/67177/66371/72440/66977/69076/19367/26951/66591/74335/77011/71711/20184/107995/57261/12237/24010/12952/240087/71375/23834/219114/52696/241627/12235/268697/235559/229841/17096/208266/12534/381921/76843/269582/19891/208768/11799/11789/12189/70385/330177/52276/16319/12144/12753/12236","54908/1026/5591/11130/29997/701/9656/1063/221150/8379/332/147841/57082/55143/699/348654/79968/58493/8525/197342/55755/80279/29980/27183/9319/83695/55159/81620/7517/6118/55055/83540/990/7158/220134/2177/51149/7272/57405/57805/54465/9894/1763/672/151636/63967/3364/5984/4683/440275/80185/84444/595/5982/4361/83990/3619/991/79858/8914/146956/9735/641/51499/79184/4998/1112/80254/5932/84142/90381/6419/51776/84126/4085/2074/11073/9212/84936","GO:0000075","GO:0000075","cell cycle checkpoint signaling","cell cycle checkpoint signaling",4.58034540607928,-0.479151516633587,TRUE,FALSE,3.29537577098916,3.29537577098916,"opposite direction"
"human_vs_mouse_KD_GO_BP","human KD vs control vs mouse KD vs control","GO_BP","GO:0009261","ribonucleotide catabolic process","either",0.05,"opposite direction",-3.2729713172963,3.2729713172963,1.47972304009982,-1.79324827719648,0.0744278870872715,0.00690321663776309,"18641/22436/18573/243853/12833/14635/74747/15254/14751/15452/22601/12499/66129/11674/108155/238871/225913/74370/56327/18578/50773/71207/50721/239017/72141/23984/11820/19384/22271/14433/13808/208727/56409/15937/76952/19164/16548/56428/56716/21991/20779","195827/5213/56953/5138/284958/55753/5232/441531/11182/5142/5027/84676/3101/5313/5207/8473/5150/5571/2821/53632/3094/89/9611/405/26137/5562/5141/6714/3098/9759/5236/978/2033/272/5151/5144/5515/5230/2026/230/2027/7498","GO:0009261","GO:0009261","ribonucleotide catabolic process","ribonucleotide catabolic process",-2.16094849730432,1.12826430989922,TRUE,FALSE,-3.2729713172963,3.2729713172963,"opposite direction"
"human_vs_mouse_KD_GO_BP","human KD vs control vs mouse KD vs control","GO_BP","GO:0085029","extracellular matrix assembly","either",0.05,"opposite direction",-3.21591720170302,3.21591720170302,1.79058566515674,-1.42533153654628,0.0427950853852533,0.230134460698487,"12843/23876/58859/14118/12833/207596/12825/21814/16948/14230/12837/108075/69675","4089/2006/11117/538/1605/30008/7049/4629","GO:0085029","GO:0085029","extracellular matrix assembly","extracellular matrix assembly",-0.638018344518595,1.36860610277696,FALSE,TRUE,-3.21591720170302,3.21591720170302,"opposite direction"
"human_vs_mouse_KD_GO_BP","human KD vs control vs mouse KD vs control","GO_BP","GO:1901991","negative regulation of mitotic cell cycle phase transition","either",0.05,"opposite direction",3.21578980940864,3.21578980940864,-1.27172962285519,1.94406018655345,0.201768334928159,9.37356562304816e-05,"118454/218294/214444/229543/12193/20296/66371/66977/69076/28010/26951/66591/74335/77011/238555/20184/107995/12237/24010/14056/71375/23834/219114/52696/12235/59036/268697/67333/235559/229841/12534/381921/269424/22390/76843/269582/19891/208768/11799/11789/12189/70385/330177/52276/93695/16319/12144/52679/12236/12581","2273/54908/1026/5591/11130/29997/701/3624/1063/221150/23560/8379/332/91607/144455/147841/57082/55143/699/348654/26271/58493/8525/55755/80279/29980/27183/9319/55159/7517/6118/55055/83540/990/220134/51149/7272/57405/54465/79027/25959/672/51339/63967/3364/3275/4683/54984/595/140901/4361/3619/991/9735/641/51499/79184/4998/1112/5932/84142/90381/9088/29117/4085/57099/11073/9212/84936","GO:1901991","GO:1901991","negative regulation of mitotic cell cycle phase transition","negative regulation of mitotic cell cycle phase transition",4.02809517583013,-0.695146989957456,TRUE,FALSE,3.21578980940864,3.21578980940864,"opposite direction"
"human_vs_mouse_KD_GO_BP","human KD vs control vs mouse KD vs control","GO_BP","GO:0006090","pyruvate metabolic process","either",0.05,"opposite direction",-3.20699082825948,3.20699082825948,1.4170515393509,-1.78993928890858,0.207620758181787,0.0139379762735644,"74551/18641/12041/228026/243853/12833/14635/74747/14751/319518/22601/66129/11674/108155/16828/225913/74370/56327/50721/235339/239017/72141/11820/19384/18597/14433/13808/22333/208727/15937/19164/16548/56428/56716/21991/20779","10295/5161/1737/195827/5213/112817/55753/1738/5232/441531/11182/5027/84676/3101/5313/5207/160287/8473/5571/2821/53632/89/9611/405/5166/26137/5562/6714/3098/9759/10873/5236/2033/5160/5165/5515/5230/2026/230/2027","GO:0006090","GO:0006090","pyruvate metabolic process","pyruvate metabolic process",-1.85580027910934,0.682729227349997,TRUE,FALSE,-3.20699082825948,3.20699082825948,"opposite direction"
"human_vs_mouse_KD_GO_BP","human KD vs control vs mouse KD vs control","GO_BP","GO:0009636","response to toxic substance","either",0.05,"opposite direction",-3.19533665127243,3.19533665127243,1.76022084302233,-1.4351158082501,0.00324312320528057,0.0738037398441227,"26570/12870/23876/12833/14873/14799/11864/14782/12799/17750/230784/14874/17250/20509/330260/19224/19225/211666/68943/19106/14870/11898/22785/12554/76983/15439/22166/11532/21743/64704/76650/232223/54683/16819/69675/68312/50493/17025/20657/53381/14088/28253/75605/19765/269823/14768/18754/11690/625249/109801/18024/14869/17755/26417/18104/12028/18669/11911/69634/110198/13078/18477/11758/14281/18671/15251/12892/104184/213350/21672/14775/57320/75894/20269/18230/226422","4494/9973/8303/6352/55829/22977/645745/2876/3029/2879/3747/84883/1147/2950/241/4583/6532/25953/127700/5446/10057/4490/581/27429/1665/65018/6722/596/4499/140809/10928/2098/5243/4780/23135/5743/51024/7782/538/23530/5052/51714/9131/132/9403/9536/119391/1356/4501/10327/57016/5742/7001/3625/2052/217","GO:0009636","GO:0009636","response to toxic substance","response to toxic substance",-1.13192163069032,2.48903655229616,FALSE,TRUE,-3.19533665127243,3.19533665127243,"opposite direction"
"human_vs_mouse_KD_GO_BP","human KD vs control vs mouse KD vs control","GO_BP","GO:0010866","regulation of triglyceride biosynthetic process","either",0.05,"opposite direction",-3.1937630657503,3.1937630657503,1.26134924896977,-1.93241381678053,0.502397977263784,0.0475063942706107,"12266/67800/20787","255919/7376/10524/55294/6720/150094/23399/376497/718","GO:0010866","GO:0010866","regulation of triglyceride biosynthetic process","regulation of triglyceride biosynthetic process",-1.32324793122683,0.298952117807774,TRUE,FALSE,-3.1937630657503,3.1937630657503,"opposite direction"
"human_vs_mouse_KD_GO_BP","human KD vs control vs mouse KD vs control","GO_BP","GO:0001101","response to acid chemical","either",0.05,"opposite direction",-3.19140313761661,3.19140313761661,1.62156780275321,-1.5698353348634,0.0619907370766268,0.0407850166099775,"20539/12842/20512/12843/12826/12833/232087/14799/22142/107581/107045/18764/12832/12048/12825/76630/230784/14870/11898/17392/56876/68441/74370/66586/15499/16819/17025/18595/28185/14629/17874/28253","3747/23304/1147/7422/2950/2902/9868/3208/8452/5311/2534/57559/4524/4780/154743/6494/2730/28956/9978/84861/9131/10670/143686/10458/729438/5290/2033/64121/55004/3182/22849","GO:0001101","GO:0001101","response to acid chemical","response to acid chemical",-1.38949935648738,1.20767319980896,TRUE,FALSE,-3.19140313761661,3.19140313761661,"opposite direction"
"human_vs_mouse_KD_GO_BP","human KD vs control vs mouse KD vs control","GO_BP","GO:0006260","DNA replication","either",0.05,"opposite direction",3.18724930145828,3.18724930145828,-1.4023323189533,1.78491698250498,0.106204887300765,0.000123455322014585,"57441/327762/75826/20466/18970/50776/93762/26428/272158/22589/234736/19075/11545/13006/26909/19687/66634/69723/108961/22130/69714/12301/27221/67177/245007/20133/114741/18029/81702/68275/80905/217578/217127/18591/14156/74335/77011/71711/78903/56452/93765/54380/20892/71988/52864/218914/13134/16588/67967/23834/12566/52808/50927/18968/70024/56207/233877/11596/328440/319651/13560/107373/235559/235134/19647/16332/21749/227195/12545/12534/18969/269424/77782/194268/76843/19891/78833/208768/237877/244666/110749/12428/12189/16476/12144/52679/17217/27015/17215/19704/117599/14632","1026/64710/63901/1854/2736/5425/1663/11198/1956/201254/6282/23560/142/10036/84515/246243/9401/5965/91607/144455/5442/92667/1719/348654/26271/9156/63922/5889/197342/199990/92675/9100/29980/51550/55159/4173/54955/6418/81620/11284/80174/7517/4678/2735/6118/9837/2237/990/51053/83743/54465/7486/1763/7083/672/7270/54107/7013/84464/283899/11169/6119/27154/177/5984/4683/6921/10535/23594/55388/5982/157570/6596/4361/5429/7298/8208/4796/8914/146956/64785/116447/374393/641/84296/51659/5426/4998/56852/9400/10856/11232/84289/5932/7319/90381/6419/10721","GO:0006260","GO:0006260","DNA replication","DNA replication",3.90849018340117,-0.973855497577375,TRUE,FALSE,3.18724930145828,3.18724930145828,"opposite direction"
"human_vs_mouse_KD_GO_BP","human KD vs control vs mouse KD vs control","GO_BP","GO:0007052","mitotic spindle organization","either",0.05,"opposite direction",3.18621986487865,3.18621986487865,-1.66608344062172,1.52013642425693,0.0220585793284091,0.0844524614105162,"13006/103768/13424/99412/50850/101706/74201/66371/18221/68942/320165/71819/66977/232933/26934/16569/106042/76123/107995/76499/16571/72776/20460/100502766/20620/66711/75786/268697/16551/229841/16580/233064/72119/11799/193740/218977/67300/18005/70466/52276/16319/233406/20878/78906/15511","29128/10460/9787/5116/22974/3833/332/10783/55835/55143/3304/2801/23636/51652/6491/6867/2770/6790/83540/3832/7272/57405/64946/9493/10671/55201/9639/51115/9055/51119/3619/79598/49856/114327/54627/1104/79187/79884/26151/84142/56647/1062/56992/4134/9212/24137/92421/5119/55125/10464/10769","GO:0007052","GO:0007052","mitotic spindle organization","mitotic spindle organization",1.07338768817199,-1.65642246151054,FALSE,TRUE,3.18621986487865,3.18621986487865,"opposite direction"
"human_vs_mouse_KD_GO_BP","human KD vs control vs mouse KD vs control","GO_BP","GO:1901524","regulation of mitophagy","either",0.05,"opposite direction",-3.17351076941461,3.17351076941461,1.43715638050016,-1.73635438891445,0.302610711487015,0.0350643769131239,"15944/54396/16145/11739/20787/12257/68943/11740/64704/381038/14232/22333/74006","706/64127/55294/27429/65018/55626/6720/10075/55187/2931/84749/8454/7855/6721/9978/160760/10273/291","GO:1901524","GO:1901524","regulation of mitophagy","regulation of mitophagy",-1.45513387402162,0.519115703353908,TRUE,FALSE,-3.17351076941461,3.17351076941461,"opposite direction"
"human_vs_mouse_KD_GO_BP","human KD vs control vs mouse KD vs control","GO_BP","GO:0034375","high-density lipoprotein particle remodeling","either",0.05,"opposite direction",3.15876335101207,3.15876335101207,-1.99274330415976,1.16602004685231,0.0186763397514667,0.536087863529435,"20778/217265/16816/11816/16891","3931/9388/4023","GO:0034375","GO:0034375","high-density lipoprotein particle remodeling","high-density lipoprotein particle remodeling",0.270764024637888,-1.72870823418195,FALSE,TRUE,3.15876335101207,3.15876335101207,"opposite direction"
"human_vs_mouse_KD_GO_BP","human KD vs control vs mouse KD vs control","GO_BP","GO:0006979","response to oxidative stress","either",0.05,"opposite direction",-3.14400597324887,3.14400597324887,1.658175137497,-1.48583083575187,0.000760733674532928,0.00634036412670235,"26570/12842/23876/66725/14118/12833/68015/19275/50527/53618/14381/11815/15234/320183/22059/16600/14782/17387/20856/76251/21974/26444/230784/27050/17250/67452/14158/12333/19224/19225/14694/71712/26362/12176/13629/331374/78771/11651/68943/14870/13870/68020/18779/16174/20852/74142/217069/17392/16952/26408/15926/71701/76454/18484/108737/56473/11792/22166/18214/74777/15499/64704/50721/50868/76650/104156/268373/54683/16819/69675/382985/26395/12955/50493/17025/20657/27419/18595/26398/108954/69568/53381/14629/11820/14088/26420/93686/59047/20909/269254/226090/21898/269356/66628/625249/16598/18024/11865/11666/19164/170719/18294/18104/11826/108655/15925/20779/11911/26419/50883/29819/14630/11350/68992/227743/13078/18477/11758/59041/16881/19167/16818/211651/14281/229731/67689/22427/15251","1263/56888/2876/2879/84883/1147/2950/5195/29957/140823/84557/318/11101/5690/79956/23352/10213/5710/5719/5685/4314/5720/5684/1072/27429/5580/65018/5718/8452/9283/5311/8807/29761/1137/1843/2534/6414/4779/3162/4323/140809/11047/7226/5830/11019/8454/6416/7979/4780/405/4313/6810/2730/5743/5694/5717/4303/9314/5689/1398/5562/5701/8678/538/1386/9978/5052/2308/6714/9131/143686/10628/22933/140711/116988/5686/5709/3717/4891/2110/58515/5691/5707/2081/8850/5742/7001/5156/4248/1410/120892/3082/694/55074","GO:0006979","GO:0006979","response to oxidative stress","response to oxidative stress",-2.197885799898,3.11876735889926,TRUE,TRUE,-3.14400597324887,3.14400597324887,"opposite direction"
"human_vs_mouse_KD_GO_BP","human KD vs control vs mouse KD vs control","GO_BP","GO:0042832","defense response to protozoan","either",0.05,"opposite direction",-3.13990291606093,3.13990291606093,2.15830432264101,-0.981598593419922,0.00158101856754771,0.684507796714312,"55932/54396/236573/60440/229900/16145/14469/16391/100039796/21822/14468/15461/17874/18176/17472","115361/6556/10538/388646/163351/1130","GO:0042832","GO:0042832","defense response to protozoan","defense response to protozoan",-0.164621600779489,2.80106302966541,FALSE,TRUE,-3.13990291606093,3.13990291606093,"opposite direction"
"human_vs_mouse_KD_GO_BP","human KD vs control vs mouse KD vs control","GO_BP","GO:0000302","response to reactive oxygen species","either",0.05,"opposite direction",-3.1398949484907,3.1398949484907,1.61449121783187,-1.52540373065883,0.018119436594263,0.0375987134328284,"12842/23876/66725/12833/68015/19275/11815/15234/16600/76251/21974/230784/27050/14158/12333/14694/26362/12176/13629/11651/68943/14870/68020/16174/20852/17392/16952/26408/11792/22166/18214/15499/50721/54683/16819/12955/20657/18595/26398/108954/14088/26420/93686/269254/16598/18024/18294/18104/11826/108655/20779/26419/11350/68992/13078/18477/11758/59041/16881/16818/14281/15251/71785/14360/21672/14775/11839/18596/19252/57320","11035/1263/2876/2950/5195/140823/84557/4314/1072/5580/65018/9283/5311/8807/1843/2534/3162/7226/5830/6416/4780/4313/9314/1398/5562/8678/538/5052/6714/9131/143686/10628/116988/2081/7001/5156/1410/120892/3082","GO:0000302","GO:0000302","response to reactive oxygen species","response to reactive oxygen species",-1.42482701567295,1.7418553104013,TRUE,TRUE,-3.1398949484907,3.1398949484907,"opposite direction"
"human_vs_mouse_KD_GO_BP","human KD vs control vs mouse KD vs control","GO_BP","GO:0061577","calcium ion transmembrane transport via high voltage-gated calcium channel","either",0.05,"opposite direction",-3.13817963790137,3.13817963790137,1.27025409107887,-1.8679255468225,0.51631683605833,0.0358627956082305,"14381/238871/18578/12288/108058/228071","5142/91404/817/786/130507/5144/775/784","GO:0061577","GO:0061577","calcium ion transmembrane transport via high voltage-gated calcium channel","calcium ion transmembrane transport via high voltage-gated calcium channel",-1.44535585894827,0.28708371324831,TRUE,FALSE,-3.13817963790137,3.13817963790137,"opposite direction"
"human_vs_mouse_KD_GO_BP","human KD vs control vs mouse KD vs control","GO_BP","GO:0098869","cellular oxidant detoxification","either",0.05,"opposite direction",-3.13755309362456,3.13755309362456,1.75576203744558,-1.38179105617898,0.0473463655931892,0.196973744228845,"12870/23876/14873/14782/230784/19224/19225/211666/14870/15439/22166/76650/232223/54683/69675/68312/50493/20657/53381/14088/11690/625249/18024/14869/18104","10549/10516/6647/4353/9973/55829/2876/2879/2950/241/140809/4780/5743/538/23530/5052/51714/9403/9536/119391/1356/5742/7001","GO:0098869","GO:0098869","cellular oxidant detoxification","cellular oxidant detoxification",-0.705591659607267,1.32471335274101,FALSE,TRUE,-3.13755309362456,3.13755309362456,"opposite direction"
"human_vs_mouse_KD_GO_BP","human KD vs control vs mouse KD vs control","GO_BP","GO:0000280","nuclear division","either",0.05,"opposite direction",3.12949176565511,3.12949176565511,-1.55089138877429,1.57860037688082,0.00213058129257243,0.00386181513948376,"93759/19362/71678/50505/73420/68953/70099/93762/26428/67121/13006/103768/21802/99412/50850/67139/218294/381293/214444/101706/67177/101994/230700/227707/76044/74201/72549/66371/18221/52683/68942/71819/58994/66977/23997/12537/71846/232933/26951/26934/68549/74666/18591/16569/106042/66591/74335/209011/71711/54204/14211/20892/107995/83431/12390/76499/12237/52864/218914/12704/24010/228421/14184/12316/16571/60611/70012/215387/57746/219114/52696/66197/83946/13614/17864/22629/100502766/16973/77053/105988/54141/328440/12235/17345/268697/16551/235559/108912/229841/110033/21749/22385/20399/108907/12534/67655/213389/16580/68767/72119/66140/11799/11789/193740/22697/67300/70385/18005/229776/70218/381318/70466/52276/12317/16319/68501/12159/12236/233406/20878/78906/15511","3481/4288/29128/23353/54908/11130/9787/54443/701/51203/22974/201254/146909/1063/221150/8379/83987/3833/23141/348235/10615/56776/332/8815/147841/57082/7040/9232/55143/699/348654/26271/3304/9928/2801/23636/5889/197342/51652/55755/57820/23310/25936/27183/3835/285498/9319/91272/1906/79080/80346/63979/81620/151246/7517/6790/54892/55055/83540/220134/2491/2177/3832/655/7272/57405/27338/1060/10635/84464/9493/7039/10040/23113/11065/9639/51115/9055/90417/995/54984/1058/3306/4439/4361/83990/3619/991/286151/146956/79703/79598/49856/9735/137886/54627/26993/1104/9918/81930/54456/5892/151648/79884/26151/84142/56647/9088/54461/1062/4085/56992/54820/9212/24137/23397/92421/5119/10459/9700/55125/64105/317761/56603/146691/79173/10464/9985/4603/64151/284071/7153/675","GO:0000280","GO:0000280","nuclear division","nuclear division",2.41320851922147,-2.67150189059186,TRUE,TRUE,3.12949176565511,3.12949176565511,"opposite direction"
"human_vs_mouse_KD_GO_BP","human KD vs control vs mouse KD vs control","GO_BP","GO:1902850","microtubule cytoskeleton organization involved in mitosis","either",0.05,"opposite direction",3.12268571075798,3.12268571075798,-1.60001592680941,1.52266978394857,0.032053186177092,0.0590936783161555,"14165/13006/103768/13424/99412/50850/214444/101706/74201/66371/18221/68942/320165/71819/66977/235626/232933/26951/26934/16569/106042/76123/107995/83431/76499/16571/72776/20460/100502766/20620/66711/15194/75786/268697/16551/229841/16332/108907/12534/16580/233064/72119/11799/193740/218977/67300/70385/18005/70466/52276/16319/233406/20878/78906/15511","29128/10460/54908/9787/5116/51203/22974/3833/332/10783/55835/55143/3304/2801/23636/51652/55755/6491/6867/2770/6790/83540/3832/7272/57405/64946/9493/10671/55201/9639/51115/9055/51119/1058/89958/3619/79598/49856/137886/114327/3688/54627/1104/79187/79884/26151/84142/56647/1062/56992/54820/4134/9212/24137/92421/5119/9700/55125","GO:1902850","GO:1902850","microtubule cytoskeleton organization involved in mitosis","microtubule cytoskeleton organization involved in mitosis",1.22845897629736,-1.49412879390325,FALSE,TRUE,3.12268571075798,3.12268571075798,"opposite direction"
"human_vs_mouse_KD_GO_BP","human KD vs control vs mouse KD vs control","GO_BP","GO:0001562","response to protozoan","either",0.05,"opposite direction",-3.11569984936058,3.11569984936058,2.13410125594066,-0.981598593419922,0.00141011158184477,0.684507796714312,"55932/54396/236573/60440/229900/16145/14469/16391/100039796/21822/14468/15461/17874/18176/15937/17472","115361/6556/10538/388646/163351/1130","GO:0001562","GO:0001562","response to protozoan","response to protozoan",-0.164621600779489,2.85074652035021,FALSE,TRUE,-3.11569984936058,3.11569984936058,"opposite direction"
"human_vs_mouse_KD_GO_BP","human KD vs control vs mouse KD vs control","GO_BP","GO:0046479","glycosphingolipid catabolic process","either",0.05,"opposite direction",3.10330362917046,3.10330362917046,-1.92479447017924,1.17850915899122,0.0271960256733169,0.518042047996805,"50877/230101/15212/18010/19156/14420/14466/11605/15211","57704/2720/2760/10825/25870/3074/950/4758","GO:0046479","GO:0046479","glycosphingolipid catabolic process","glycosphingolipid catabolic process",0.285634988378585,-1.56549455751945,FALSE,TRUE,3.10330362917046,3.10330362917046,"opposite direction"
"human_vs_mouse_KD_GO_BP","human KD vs control vs mouse KD vs control","GO_BP","GO:0000076","DNA replication checkpoint signaling","either",0.05,"opposite direction",3.10220029581085,3.10220029581085,-1.3000804242496,1.80211987156125,0.503423906934922,0.0382989162690949,"66983/18392/327762/67177/19367/77011/240087/23834/235559/269582","9656/29980/81620/990/1763/63967/3364/5984/5982/8914/4998/90381/11073","GO:0000076","GO:0000076","DNA replication checkpoint signaling","DNA replication checkpoint signaling",1.41681351493506,-0.298066164227897,TRUE,FALSE,3.10220029581085,3.10220029581085,"opposite direction"
"human_vs_mouse_KD_GO_BP","human KD vs control vs mouse KD vs control","GO_BP","GO:0046364","monosaccharide biosynthetic process","either",0.05,"opposite direction",-3.10209923441206,3.10209923441206,1.18564763981433,-1.91645159459773,0.525507228951877,0.00826708404112385,"74551/108682/67800/68401/14873/14381/110208/14751/230784/67863/11651/13194/108155/67389/18113/77590/50721","5207/8473/4191/5571/51363/2821/53632/150094/6934/8402/2648/2308/5236/2033/5230/2026/5091/230/1642/2027","GO:0046364","GO:0046364","monosaccharide biosynthetic process","monosaccharide biosynthetic process",-2.08264764741991,0.279421305378239,TRUE,FALSE,-3.10209923441206,3.10209923441206,"opposite direction"
"human_vs_mouse_KD_GO_BP","human KD vs control vs mouse KD vs control","GO_BP","GO:0006096","glycolytic process","either",0.05,"opposite direction",-3.10011411041487,3.10011411041487,1.24828969569533,-1.85182441471954,0.423822464805672,0.0117248959265487,"18641/243853/12833/14635/74747/14751/22601/66129/11674/108155/225913/74370/56327/50721/239017/72141/11820/19384/14433/13808/208727/15937/19164/16548/56428/56716/21991/20779","55753/5232/441531/11182/5027/84676/3101/5313/5207/8473/5571/2821/53632/89/9611/405/26137/5562/6714/3098/9759/5236/2033/5515/5230/2026/230/2027","GO:0006096","GO:0006096","glycolytic process","glycolytic process",-1.9308910035149,0.372816027137807,TRUE,FALSE,-3.10011411041487,3.10011411041487,"opposite direction"
"human_vs_mouse_KD_GO_BP","human KD vs control vs mouse KD vs control","GO_BP","GO:0072523","purine-containing compound catabolic process","either",0.05,"opposite direction",-3.09385681763914,3.09385681763914,1.51858869996992,-1.57526811766922,0.0559722932803457,0.0277956031768307,"18641/547253/22436/18573/243853/12833/14635/74747/15254/14751/15452/22601/66129/11674/108155/238871/225913/74370/56327/18578/50773/171210/18113/71207/50721/239017/72141/110446/23984/269378/381101/11820/19384/14433/13808/208727/56409/15937/76952/11666/19164/16548/56428/56716/21991/20779","195827/5213/56953/11332/5138/284958/55753/5232/441531/11182/5142/5027/84676/3101/5313/5207/8473/5150/5571/2821/53632/3094/89/9611/405/26137/5562/38/5141/6714/3098/9759/5236/2033/272/5151/5144/5515/5230/2026/230/2027/7498","GO:0072523","GO:0072523","purine-containing compound catabolic process","purine-containing compound catabolic process",-1.55602389714163,1.2520268989429,TRUE,FALSE,-3.09385681763914,3.09385681763914,"opposite direction"
"human_vs_mouse_KD_GO_BP","human KD vs control vs mouse KD vs control","GO_BP","GO:0007059","chromosome segregation","either",0.05,"opposite direction",3.09153739103347,3.09153739103347,-1.51625324547865,1.57528414555482,0.00471487293894476,0.00386181513948376,"101706/67177/101994/227707/52504/76044/72199/74201/66371/18221/52683/68942/66385/71819/66977/71846/76478/232933/26951/26934/68549/16569/106042/66591/66578/74335/68724/209011/54204/76123/14211/20892/71988/107995/83431/76499/57261/12237/218914/68523/12704/24010/228421/12316/26371/16571/72776/70012/21975/23834/320706/215387/66934/382073/219114/52696/20460/100502766/77053/105988/14579/22196/54141/226026/12235/212307/17345/268697/16551/13605/108912/229841/110033/21749/22385/108907/12534/29861/78610/213389/16580/68767/72119/66140/11799/11789/12189/193740/218977/67300/70385/18005/70218/381318/70466/52276/67166/100732/68183/16319/108000/68501/12236/233406/20878/78906/15511","4288/29128/10460/23353/54908/11130/9787/701/51203/22974/201254/55355/146909/1063/221150/8379/80152/3833/348235/10615/56776/332/147841/57082/9232/10783/55835/55143/79172/699/348654/26271/3304/9928/2801/23636/51652/55755/57820/6491/23310/25936/5359/27183/55142/3835/81610/285498/9319/91272/93323/79980/79080/81620/151246/7517/8110/54892/55055/83540/23354/348995/56271/990/79682/220134/2068/54801/2491/2177/3832/7272/57405/1060/9275/672/387103/64946/55839/9493/51112/2669/55201/11065/9639/51115/9055/85378/90417/79903/54984/1058/9391/4439/3619/991/150465/79598/49856/9735/55166/54627/605/23421/26993/1104/56852/9400/9918/80254/81930/7156/140710/151648/79884/26151/84142/29901/56647/51776/29117/91687/1062/4085/56992/54820/9212/24137/23397/116028/92421/5119/10459/9700/55125/64105/317761/338657/10464/9985/11243/64151/284071/115106/7153","GO:0007059","GO:0007059","chromosome segregation","chromosome segregation",2.41320851922147,-2.32653000656583,TRUE,TRUE,3.09153739103347,3.09153739103347,"opposite direction"
"human_vs_mouse_KD_GO_BP","human KD vs control vs mouse KD vs control","GO_BP","GO:0043648","dicarboxylic acid metabolic process","either",0.05,"opposite direction",-3.09114040673169,3.09114040673169,2.11327560077648,-0.977864805955206,0.000322912843491872,0.699759240900722,"74551/26570/270685/108682/56454/20917/12833/11566/14194/107747/216188/108147/14661/76238/11898/104112/15926/257633/17436/16922/239017/269951/14629/52633/108156","3620/8803/9971/2805/137362/137872/112817/2729/55753/3418/1738/10840/2806/6390/441024/4191/2730/10873/3417/4199/47/443/2747","GO:0043648","GO:0043648","dicarboxylic acid metabolic process","dicarboxylic acid metabolic process",-0.155051357605363,3.49091468106918,FALSE,TRUE,-3.09114040673169,3.09114040673169,"opposite direction"
"human_vs_mouse_KD_GO_BP","human KD vs control vs mouse KD vs control","GO_BP","GO:2001251","negative regulation of chromosome organization","either",0.05,"opposite direction",3.08840498514477,3.08840498514477,-1.38648314563769,1.70192183950708,0.277106035823038,0.0196726878673735,"21750/50505/93762/214627/22589/11545/328572/214444/66977/26951/66591/74335/21951/107995/12237/52864/218914/24010/72836/219114/52696/208084/12235/268697/229841/21749/22385/11799/11789/70385/52276/16319/12236/57321","54908/11130/701/1063/221150/8379/142/332/147841/57082/3178/55143/5371/699/348654/26271/55755/9319/54386/7517/55055/83540/3183/220134/7272/2067/57405/7013/84464/25913/26277/4683/54984/80119/3619/991","GO:2001251","GO:2001251","negative regulation of chromosome organization","negative regulation of chromosome organization",1.70613629863586,-0.557354014470058,TRUE,FALSE,3.08840498514477,3.08840498514477,"opposite direction"
"human_vs_mouse_KD_GO_BP","human KD vs control vs mouse KD vs control","GO_BP","GO:1901988","negative regulation of cell cycle phase transition","either",0.05,"opposite direction",3.08612840750371,3.08612840750371,-1.21328170976466,1.87284669773905,0.30151387074464,5.03898777355821e-05,"72772/227331/11920/319955/17193/70045/19651/225131/381979/327762/28000/54394/13972/234736/235041/52040/20674/68592/235610/118454/218294/214444/229543/12193/67177/11785/20296/66371/72440/66977/69076/28010/19367/26951/66591/74335/77011/71711/238555/20184/107995/57261/12237/24010/12952/240087/14056/71375/23834/219114/52696/17283/241627/12235/59036/268697/67333/235559/229841/17096/208266/12534/381921/269424/71733/22390/76843/269582/19891/208768/11799/11789/12189/70385/330177/52276/93695/16319/12144/52679/12753/12236/12581","2273/54908/1026/5591/11130/29997/701/3624/9656/1063/221150/23560/8379/332/91607/144455/147841/57082/55143/699/348654/79968/26271/58493/8525/197342/55755/80279/29980/27183/9319/83695/55159/81620/7517/6118/55055/83540/990/7158/220134/2177/51149/7272/57405/57805/54465/9894/79027/1763/25959/672/151636/51339/7114/63967/3364/5984/3275/4683/440275/80185/54984/84444/595/5982/140901/4361/83990/3619/991/79858/8914/146956/9735/641/51499/79184/4998/1112/80254/5932/84142/90381/6419/9088/51776/29117/84126/4085/57099/2074/11073/9212/84936","GO:1901988","GO:1901988","negative regulation of cell cycle phase transition","negative regulation of cell cycle phase transition",4.29765669540145,-0.520692703924188,TRUE,FALSE,3.08612840750371,3.08612840750371,"opposite direction"
"human_vs_mouse_KD_GO_BP","human KD vs control vs mouse KD vs control","GO_BP","GO:0034614","cellular response to reactive oxygen species","either",0.05,"opposite direction",-3.08542338483709,3.08542338483709,1.59196395930511,-1.49345942553198,0.0442426534928472,0.0726745319992004,"23876/66725/68015/15234/16600/76251/21974/27050/14158/12333/14694/26362/12176/11651/68943/16174/20852/17392/16952/26408/11792/22166/18214/15499/50721/54683/16819/20657/18595/26398/14088/26420/93686/269254/16598/18024/18294/18104/11826/108655/20779/26419/11350/68992/13078/18477/59041/14281","5195/140823/84557/4314/1072/5580/65018/9283/5311/8807/2534/7226/5830/6416/4780/9314/5562/8678/538/5052/6714/9131/116988/2081/7001/5156/120892/3082","GO:0034614","GO:0034614","cellular response to reactive oxygen species","cellular response to reactive oxygen species",-1.13861775626643,1.35415883372093,FALSE,TRUE,-3.08542338483709,3.08542338483709,"opposite direction"
"human_vs_mouse_KD_GO_BP","human KD vs control vs mouse KD vs control","GO_BP","GO:0000819","sister chromatid segregation","either",0.05,"opposite direction",3.08218899112218,3.08218899112218,-1.46148089428137,1.62070809684081,0.0404566387469507,0.00765259228977426,"13006/103768/99412/67139/381293/214444/101706/67177/101994/76044/74201/66371/18221/52683/68942/71819/66977/232933/26951/26934/16569/106042/66591/74335/14211/107995/76499/12237/218914/12704/24010/228421/16571/23834/215387/219114/52696/100502766/105988/54141/12235/268697/16551/229841/110033/22385/108907/12534/29861/16580/72119/66140/11799/11789/193740/67300/70385/18005/70218/381318/70466/52276/16319/68501/12236/233406/78906/15511","29128/10460/54908/11130/9787/701/51203/22974/146909/1063/221150/8379/3833/348235/10615/332/147841/57082/10783/55143/699/348654/26271/3304/9928/2801/23636/51652/55755/23310/25936/27183/3835/9319/91272/81620/7517/8110/54892/55055/83540/990/220134/2491/3832/7272/57405/1060/9275/9493/11065/9639/51115/9055/90417/54984/1058/3619/991/79598/49856/9735/54627/605/26993/1104/9918/81930/79884/26151/84142/56647/51776/29117/1062/4085/56992/9212/24137/23397/116028/92421/5119/10459/9700/55125/64105","GO:0000819","GO:0000819","sister chromatid segregation","sister chromatid segregation",2.11619142413533,-1.39301020249183,TRUE,TRUE,3.08218899112218,3.08218899112218,"opposite direction"
"human_vs_mouse_KD_GO_BP","human KD vs control vs mouse KD vs control","GO_BP","GO:0072132","mesenchyme morphogenesis","either",0.05,"opposite direction",-3.06718941621439,3.06718941621439,1.19450901717726,-1.87268039903713,0.533072920887563,0.0248605866543334,"11475/19664/24075","72/4089/6881/324/8642/2296/650/6615/3516/58/59","GO:0072132","GO:0072132","mesenchyme morphogenesis","mesenchyme morphogenesis",-1.60448862719342,0.273213378266261,TRUE,FALSE,-3.06718941621439,3.06718941621439,"opposite direction"
"human_vs_mouse_KD_GO_BP","human KD vs control vs mouse KD vs control","GO_BP","GO:0019364","pyridine nucleotide catabolic process","either",0.05,"opposite direction",-3.06527665201628,3.06527665201628,1.34433066629897,-1.72094598571731,0.294886476561835,0.0152609273575335,"18641/547253/243853/12833/14635/74747/14751/22601/66129/11674/108155/225913/74370/56327/18113/50721/239017/72141/11820/19384/14433/13808/208727/15937/19164/16548/56428/56716/21991/20779","55753/5232/441531/11182/5027/84676/3101/5313/5207/8473/5571/2821/53632/89/9611/405/26137/5562/6714/3098/9759/5236/2033/5515/5230/2026/230/2027","GO:0019364","GO:0019364","pyridine nucleotide catabolic process","pyridine nucleotide catabolic process",-1.81641907489867,0.53034514365451,TRUE,FALSE,-3.06527665201628,3.06527665201628,"opposite direction"
"human_vs_mouse_KD_GO_BP","human KD vs control vs mouse KD vs control","GO_BP","GO:0060317","cardiac epithelial to mesenchymal transition","either",0.05,"opposite direction",-3.05775776549838,3.05775776549838,1.16631323750388,-1.8914445279945,0.567246637312905,0.0273172840924627,"13731/19664/21814/68585/18569/21813/11490/22160/12156/67888/24063","2013/4089/1942/650/6615/7291/3516/7049","GO:0060317","GO:0060317","cardiac epithelial to mesenchymal transition","cardiac epithelial to mesenchymal transition",-1.56356248076973,0.246228069970622,TRUE,FALSE,-3.05775776549838,3.05775776549838,"opposite direction"
"human_vs_mouse_KD_GO_BP","human KD vs control vs mouse KD vs control","GO_BP","GO:0061982","meiosis I cell cycle process","either",0.05,"opposite direction",3.05396047108202,3.05396047108202,-1.40162698509749,1.65233348598453,0.212523733385092,0.0248605866543334,"230700/227707/23997/71846/68549/74666/209011/71711/20892/107995/52864/218914/60611/57746/52696/66197/17864/77053/105988/18861/67333/235559/229841/21749/213389/11799/22697/20878","23353/11130/201254/56776/57082/9232/5889/197342/57820/5395/285498/9319/151246/2177/1060/994/10635/84464/995/140901/4439/4361/83990/991/146956/4292/79703/54456/5892/151648/9088/317761/79173/9985/4603/284071/7153/675/126549/56154/100130958/29893/80198","GO:0061982","GO:0061982","meiosis I cell cycle process","meiosis I cell cycle process",1.60448862719342,-0.672592563483631,TRUE,FALSE,3.05396047108202,3.05396047108202,"opposite direction"
"human_vs_mouse_KD_GO_BP","human KD vs control vs mouse KD vs control","GO_BP","GO:0072526","pyridine-containing compound catabolic process","either",0.05,"opposite direction",-3.05393785849221,3.05393785849221,1.31846471745023,-1.73547314104198,0.313057632023149,0.0166821741476013,"18641/547253/243853/12833/14635/74747/14751/22601/66129/11674/108155/225913/74370/56327/18113/50721/239017/72141/11820/19384/14433/13808/208727/15937/19164/16548/56428/56716/21991/20779","5232/441531/11182/5027/84676/3101/5313/5207/8473/5571/2821/53632/89/9611/405/26137/5562/6714/3098/9759/5236/2033/5515/5230/2026/230/2027","GO:0072526","GO:0072526","pyridine-containing compound catabolic process","pyridine-containing compound catabolic process",-1.77774734945521,0.504375704096924,TRUE,FALSE,-3.05393785849221,3.05393785849221,"opposite direction"
"human_vs_mouse_KD_GO_BP","human KD vs control vs mouse KD vs control","GO_BP","GO:0005996","monosaccharide metabolic process","either",0.05,"opposite direction",-3.0536882553472,3.0536882553472,1.54952587968718,-1.50416237566002,0.0179406133269238,0.0286997906010303,"74551/14119/18641/246730/108682/74155/12041/16010/228026/243853/67800/14118/14635/68401/50527/14873/14381/23960/11815/110208/16009/14751/230784/67863/381694/102093/19895/22601/11651/17158/140484/75578/11674/13194/108155/16828/56745/23961/225913/66294/100198/67389/74777/18113/77590/54128/50721/235339/72141/72157/78653/73744/14629/53893/17160/105651/18597/14433/13808/210973/14534","8473/4191/5571/51363/2821/53632/150094/79411/89/4122/10499/5166/2548/6934/8402/2585/2584/2648/5255/2308/3098/2517/80146/55277/5236/2033/119391/5160/5165/5230/2026/5091/5499/230/1642/2027","GO:0005996","GO:0005996","monosaccharide metabolic process","monosaccharide metabolic process",-1.54212127194715,1.74616271402629,TRUE,TRUE,-3.0536882553472,3.0536882553472,"opposite direction"
"human_vs_mouse_KD_GO_BP","human KD vs control vs mouse KD vs control","GO_BP","GO:0044774","mitotic DNA integrity checkpoint signaling","either",0.05,"opposite direction",3.0488042470087,3.0488042470087,-1.06576963136226,1.98303461564644,0.65240350110462,0.00188792813699233,"72772/227331/11920/17193/225131/381979/234736/52040/68592/218294/69076/19367/77011/71711/20184/71375/23834/235559/12534/381921/76843/269582/19891/208768/12189/330177/12144","1026/5591/29997/9656/8525/197342/80279/29980/55159/6118/990/2177/51149/672/63967/3364/4683/595/4361/79858/8914/146956/641/51499/79184/4998/1112/84142/90381/6419/51776/11073","GO:0044774","GO:0044774","mitotic DNA integrity checkpoint signaling","mitotic DNA integrity checkpoint signaling",2.72401454091807,-0.185483716996665,TRUE,FALSE,3.0488042470087,3.0488042470087,"opposite direction"
"human_vs_mouse_KD_GO_BP","human KD vs control vs mouse KD vs control","GO_BP","GO:0019377","glycolipid catabolic process","either",0.05,"opposite direction",3.04723066991287,3.04723066991287,-1.98402238532797,1.0632082845849,0.0131079100101473,0.594742874399438,"50877/230101/15212/18010/17939/19156/14420/14466/11605/15211","57704/2720/2760/10825/25870/3074/950","GO:0019377","GO:0019377","glycolipid catabolic process","glycolipid catabolic process",0.225670752531625,-1.88246654884525,FALSE,TRUE,3.04723066991287,3.04723066991287,"opposite direction"
"human_vs_mouse_KD_GO_BP","human KD vs control vs mouse KD vs control","GO_BP","GO:0090307","mitotic spindle assembly","either",0.05,"opposite direction",3.04164130268767,3.04164130268767,-1.64800636467255,1.39363493801512,0.0495801449313759,0.218258701073403,"74201/66371/68942/71819/232933/26934/16569/106042/107995/76499/16571/100502766/16551/16580/72119/11799/193740/67300/18005/70466/52276/16319/233406/78906/15511","29128/22974/3833/332/55143/3304/2801/51652/3832/9493/9639/9055/3619/79598/49856/54627/1104/79884/26151/84142/56647/56992/9212/24137/92421/5119/55125/10464","GO:0090307","GO:0090307","mitotic spindle assembly","mitotic spindle assembly",0.661028433749122,-1.30469220804813,FALSE,TRUE,3.04164130268767,3.04164130268767,"opposite direction"
"human_vs_mouse_KD_GO_BP","human KD vs control vs mouse KD vs control","GO_BP","GO:0006790","sulfur compound metabolic process","either",0.05,"opposite direction",-3.0402510682389,3.0402510682389,1.71218475350847,-1.32806631473043,0.00281485564815373,0.143443213254274,"107869/26570/12041/228026/20917/67800/232087/14873/14381/110695/69065/14782/54371/12286/74114/319518/14874/17250/211666/14600/14870/66885/236539/67096/104112/15926/14104/14431/107476/13171/71743/246277/171210/78038/56360/64451/14043/235339/232223/110446/229709/26897/17855/68312/12955/72621/433256/75475/269378/12039/22021/52538/14629/108156/18597/66812/17850/18618/68021/22333/110821/14854/109801/18024/14869/11666/105663/72043/73132/14630/56369/73836/236900/216443/50790/14863/104184/14042/110948/329910/29807/14775/13479/56318/68044/59010/74450","51703/3156/9061/4524/11019/58472/4780/9524/5166/55/2730/84188/2690/79071/4598/6776/38/8460/51380/80221/53354/25828/26873/119391/55902/47/2181/3157/10327/5160/5165/2949/10768/5230/8459/79993","GO:0006790","GO:0006790","sulfur compound metabolic process","sulfur compound metabolic process",-0.843319994758131,2.55054387179584,FALSE,TRUE,-3.0402510682389,3.0402510682389,"opposite direction"
"human_vs_mouse_KD_GO_BP","human KD vs control vs mouse KD vs control","GO_BP","GO:0016241","regulation of macroautophagy","either",0.05,"opposite direction",-3.03260999052904,3.03260999052904,1.09276009890008,-1.93984989162896,0.612490079365079,9.37356562304816e-05,"15944/54396/66725/16145/67811/11739/20787/230784/12257/12176/68943/24088/80280/18777/11740/52639/54636/76983/268656/77006/59029/17772/235180/64704/329015/381038/14232/22333/26417/81601/223649/74006/22084/107607","79837/706/29110/64127/10524/10213/9550/254122/140775/51375/55294/2773/27429/25851/65018/55626/6720/9114/10075/26353/55187/60412/2931/55763/79142/84749/8454/23545/10043/7855/55062/7405/55737/535/6721/1020/51100/4943/8678/9978/112574/160760/533/143686/51606/528/5290/29978/8723/10273/2081/120892/523/4734/291","GO:0016241","GO:0016241","regulation of macroautophagy","regulation of macroautophagy",-4.02809517583013,0.212900941268566,TRUE,FALSE,-3.03260999052904,3.03260999052904,"opposite direction"
"human_vs_mouse_KD_GO_BP","human KD vs control vs mouse KD vs control","GO_BP","GO:0090068","positive regulation of cell cycle process","either",0.05,"opposite direction",3.02401397520416,3.02401397520416,-1.4158092568436,1.60820471836056,0.0623782456507536,0.00707889295295932,"19362/11491/20466/71472/70099/22589/14165/52040/21802/226419/13424/50850/54624/108961/211660/218294/381293/109333/101706/50875/20133/76044/72290/52683/83770/268451/72440/71819/58994/81702/232341/21385/26934/68549/18591/16569/66591/14156/74335/76123/14211/12914/107995/57261/12704/22410/14219/270201/245902/14056/227937/72776/23834/215387/57746/219114/20460/83946/13614/19014/16973/54141/328440/226026/12235/268697/13605/229841/20399/12545/108907/12534/22390/213389/76843/240641/11799/237877/18712/229776/52276/16319/52679/68501/226151/14632/234779","3481/894/4869/6241/9787/51203/1663/1956/221150/8379/131870/10615/332/144455/57082/7040/55835/55143/699/348654/26271/9928/23636/5889/51652/6491/8558/5359/81610/83695/1906/80174/7517/6790/2735/54892/2237/990/220134/51176/994/10635/9493/7039/54623/11065/57057/5336/995","GO:0090068","GO:0090068","positive regulation of cell cycle process","positive regulation of cell cycle process",2.15003465502397,-1.2049668436685,TRUE,FALSE,3.02401397520416,3.02401397520416,"opposite direction"
"human_vs_mouse_KD_GO_BP","human KD vs control vs mouse KD vs control","GO_BP","GO:0010821","regulation of mitochondrion organization","either",0.05,"opposite direction",-3.01650244052435,3.01650244052435,1.32573079723877,-1.69077164328558,0.274647976712306,0.0143850779844455,"15944/54396/70310/66725/16145/229524/15234/22059/70186/12048/56772/20847/12176/11651/68943/11740/70435/18793/12050/381038/109108/215999/52538/14629/19765/15937/74006/12028/56428/78688/223601/66196/59040/75734/381760","581/55170/23788/65018/65084/51571/10075/2931/10928/8878/26355/4318/10367/55737/56947/51024/5910/2033/23761/27166/64083/120892/54708/3082/10493","GO:0010821","GO:0010821","regulation of mitochondrion organization","regulation of mitochondrion organization",-1.84208777936819,0.561223596008788,TRUE,FALSE,-3.01650244052435,3.01650244052435,"opposite direction"
"human_vs_mouse_KD_GO_BP","human KD vs control vs mouse KD vs control","GO_BP","GO:0009166","nucleotide catabolic process","either",0.05,"opposite direction",-3.01534079644875,3.01534079644875,1.58650485844478,-1.42883593800397,0.0442426534928472,0.0880128392055738,"18641/547253/22436/18573/243853/12833/14635/74747/15254/12799/14751/15452/22601/12499/66129/11674/108155/238871/225913/74370/56327/18578/50773/18113/71207/50721/239017/72141/23984/232449/381101/11820/19384/22271/14433/13808/208727/56409/15937/76952/19164/16548/56428/56716/21991/20779/56045/23959/56717/15251/218461/11717","195827/5213/56953/5138/284958/55753/5232/441531/11182/5142/5027/84676/3101/5313/5207/8473/5150/5571/2821/53632/3094/89/9611/405/26137/5562/5141/6714/3098/9759/5236/978/2033/272/5151/7415/5144/5515/5230/2026/230/2027/7498","GO:0009166","GO:0009166","nucleotide catabolic process","nucleotide catabolic process",-1.05545396887934,1.35415883372093,FALSE,TRUE,-3.01534079644875,3.01534079644875,"opposite direction"
"human_vs_mouse_KD_GO_BP","human KD vs control vs mouse KD vs control","GO_BP","GO:0006310","DNA recombination","either",0.05,"opposite direction",3.01409716721913,3.01409716721913,-1.17664796615472,1.83744920106441,0.368249120683787,3.51368999829275e-05,"237211/227525/21750/19362/12053/50505/18970/67788/70099/272158/13871/234736/17688/11545/108937/26909/66634/75317/55982/69723/21414/229543/69714/78656/13548/319583/20926/236904/72440/217216/235626/57765/68275/13831/209966/74666/74335/17686/71711/233826/229584/14211/93765/214763/12914/20892/54125/72931/321006/52864/16588/240087/14056/21975/215387/72836/232210/22592/208084/56207/107932/226026/18861/20422/103537/235559/235134/71643/227195/12545/77782/213389/19891/100561/237877/211978/22256/12189/59004/191578/12144/17217/68501/17215/13026/57321/117599","2547/29128/328/7520/5591/64710/201254/64110/142/84515/9907/9401/5965/3149/7040/165918/348654/58493/9156/5889/197342/65980/57820/22909/5395/55183/285498/9319/54386/83695/55159/1387/4173/63979/84717/27301/7517/6118/2237/3575/79728/7158/3838/2068/2177/78996/7516/51149/2067/8971/2073/7486/672/23514/118460/10635/84464/283899/10933/54537/55317/27336/6119/3364/56160/7037/4683/10097/80119/115004/6929/4439/4361/83990/4796/8914/146956/4292/79703/641/158880/84296/51659/56893/9400/10856/7156/5892/5932/7515/7292/10721/7011/51588/2187/27434/23126/2074/11073/23397/116028/10459/4174/317761/55929/580/79173/9985/4176/55218/7153/675/64769/4437/5893/254225/78995/126549","GO:0006310","GO:0006310","DNA recombination","DNA recombination",4.45423655757315,-0.433858281505386,TRUE,FALSE,3.01409716721913,3.01409716721913,"opposite direction"
"human_vs_mouse_KD_GO_BP","human KD vs control vs mouse KD vs control","GO_BP","GO:1901292","nucleoside phosphate catabolic process","either",0.05,"opposite direction",-2.99904650724174,2.99904650724174,1.64662905957102,-1.35241744767072,0.0186513494005835,0.1252849523809,"18641/547253/22436/18573/243853/12833/14635/74747/15254/12799/14751/15452/22601/12499/66129/11674/108155/238871/225913/74370/56327/18578/50773/171210/18113/71207/50721/239017/72141/110446/23984/232449/53893/381101/11820/19384/22271/14433/13808/208727/56409/15937/76952/11666/19164/16548/56428/56716/76025/21991/20779","195827/5213/56953/11332/5138/284958/55753/5232/441531/11182/5142/5027/84676/3101/5313/5207/8473/5150/5571/2821/53632/3094/89/9611/405/956/26137/5562/38/5141/6714/3098/9759/5236/978/2033/272/5151/7415/5144/5515/5230/2026/230/2027/7498","GO:1901292","GO:1901292","nucleoside phosphate catabolic process","nucleoside phosphate catabolic process",-0.902101087747919,1.72928974208439,FALSE,TRUE,-2.99904650724174,2.99904650724174,"opposite direction"
"human_vs_mouse_KD_GO_BP","human KD vs control vs mouse KD vs control","GO_BP","GO:0044773","mitotic DNA damage checkpoint signaling","either",0.05,"opposite direction",2.99713685988585,2.99713685988585,-1.08619684818704,1.91094001169881,0.625022567250406,0.00645194621557997,"72772/227331/11920/17193/225131/381979/234736/52040/68592/218294/69076/19367/77011/71711/20184/71375/235559/12534/381921/76843/269582/19891/208768/12189/330177/12144","1026/5591/29997/9656/8525/197342/80279/29980/55159/6118/2177/51149/672/63967/3364/4683/595/4361/79858/8914/146956/641/51499/79184/1112/84142/90381/51776/11073/1017/163859/65975/7157/80198/1111","GO:0044773","GO:0044773","mitotic DNA damage checkpoint signaling","mitotic DNA damage checkpoint signaling",2.19030926161386,-0.204104301607309,TRUE,FALSE,2.99713685988585,2.99713685988585,"opposite direction"
"human_vs_mouse_KD_GO_BP","human KD vs control vs mouse KD vs control","GO_BP","GO:0031570","DNA integrity checkpoint signaling","either",0.05,"opposite direction",2.99445643649873,2.99445643649873,-1.06310355676002,1.93135287973871,0.655269451243205,0.000846097121357354,"72772/227331/11920/319955/17193/225131/381979/327762/28000/13972/234736/52040/68592/235610/218294/67177/72440/69076/19367/77011/71711/20184/57261/12952/240087/71375/23834/241627/235559/17096/208266/12534/381921/76843/269582/19891/208768/12189/330177/12144/12753","1026/5591/29997/9656/79968/8525/197342/80279/29980/83695/55159/81620/6118/990/7158/2177/51149/57805/54465/9894/1763/672/151636/63967/3364/5984/4683/440275/80185/84444/595/5982/4361/83990/79858/8914/146956/641/51499/79184/4998/1112/80254/84142/90381/6419/51776/84126/2074/11073/1017/580/675/9675/163859/5810/65975/7157/1407/80198/54584/1111","GO:0031570","GO:0031570","DNA integrity checkpoint signaling","DNA integrity checkpoint signaling",3.07257978252994,-0.183580078443615,TRUE,FALSE,2.99445643649873,2.99445643649873,"opposite direction"
"human_vs_mouse_KD_GO_BP","human KD vs control vs mouse KD vs control","GO_BP","GO:0010948","negative regulation of cell cycle process","either",0.05,"opposite direction",2.99033228348729,2.99033228348729,-1.23654118869826,1.75379109478903,0.31078312885436,0.000750018964832062,"72772/227331/11920/319955/17193/70045/19651/225131/381979/57441/327762/93759/28000/54394/68953/93762/13972/22589/234736/235041/52040/20674/68592/108961/235610/118454/218294/214444/229543/12193/67177/11785/20296/66371/72440/66977/69076/67463/28010/19367/26951/66591/74335/21951/56275/77011/71711/238555/20184/107995/57261/12237/218914/24010/12952/14184/240087/14056/71375/23834/382073/17245/219114/52696/17283/100502766/241627/12235/59036/268697/67333/235559/229841/22385/17096/208266/12534/381921/269424/71733/22390/76843/269582/19891/208768/11799/11789/12189/70385/18005/330177/52276/93695/16319/12144/52679/12159/12753/12236/12581","2273/54908/4869/1026/5591/11130/29997/701/3624/9656/1063/221150/23560/8379/332/91607/144455/147841/57082/55143/699/348654/79968/26271/58493/8525/197342/55755/80279/29980/27183/9319/83695/55159/81620/7517/6118/55055/83540/990/7158/220134/51053/2177/655/51149/7272/57405/57805/54465/9894/79027/1763/25959/672/7013/10040/151636/51339/7114/63967/3364/5984/3275/4683/440275/80185/54984/84444/595/5982/140901/899/4361/83990/3619/991/79858/8914/286151/146956/9735/641/51499/79184/4998/1112/80254/5932/84142/90381/6419/9088/51776/56890/29117/84126/4085/57099/2074/11073/9212/84936/92421/10459/9700/1017/338657/580/146691/60672","GO:0010948","GO:0010948","negative regulation of cell cycle process","negative regulation of cell cycle process",3.12492775498459,-0.507542565303327,TRUE,FALSE,2.99033228348729,2.99033228348729,"opposite direction"
"human_vs_mouse_KD_GO_BP","human KD vs control vs mouse KD vs control","GO_BP","GO:0071616","acyl-CoA biosynthetic process","either",0.05,"opposite direction",-2.98496391017115,2.98496391017115,1.20628276886373,-1.77868114130742,0.532389399574489,0.0240009075515849,"12041/228026/319518/104112/14104/107476/64451/235339/110446/433256/18597/17850/22333/110821","2182/5163/23409/27010/23305/10295/5161/1737/51144/32/1738/9200/83401/31/51703/9524/5166/79071/38/55902/47/2181/5160/5165/5230/79993","GO:0071616","GO:0071616","acyl-CoA biosynthetic process","acyl-CoA biosynthetic process",-1.61977233590534,0.273770600365163,TRUE,FALSE,-2.98496391017115,2.98496391017115,"opposite direction"
"human_vs_mouse_KD_GO_BP","human KD vs control vs mouse KD vs control","GO_BP","GO:0044272","sulfur compound biosynthetic process","either",0.05,"opposite direction",-2.98406220301291,2.98406220301291,1.40245328633715,-1.58160891667576,0.24127465942111,0.035636898836656,"107869/26570/12041/228026/232087/319518/211666/14870/104112/14104/107476/71743/246277/64451/235339/110446/433256/14629/18597/66812/17850/22333/110821/14854/18024/14869/105663/73132/14630/56369/236900/50790","2944/2182/27430/5163/23409/27010/10560/79877/23305/10295/5161/1737/2328/11332/2729/51144/32/1738/9200/83401/3029/31/2950/51703/9061/4524/11019/4780/9524/5166/2730/79071/38/51380/53354/55902/47/2181/10327/5160/5165/5230/79993","GO:0044272","GO:0044272","sulfur compound biosynthetic process","sulfur compound biosynthetic process",-1.44810009578912,0.617488288748034,TRUE,FALSE,-2.98406220301291,2.98406220301291,"opposite direction"
"human_vs_mouse_KD_GO_BP","human KD vs control vs mouse KD vs control","GO_BP","GO:0000086","G2/M transition of mitotic cell cycle","either",0.05,"opposite direction",2.98294948684912,2.98294948684912,-1.07994545599473,1.90300403085439,0.609969222534458,0.000677240467334064,"20184/107995/57261/12704/22410/71375/23834/12566/53892/268697/67333/235559/12545/12534/381921/22390/76843/269582/11799/12428/12189/18005/18712/330177/108000/18008/12144/71276","2273/1026/29997/1021/1063/23560/332/9833/2305/26271/58493/9928/5889/10776/8558/80279/284001/29980/27183/10763/80174/6790/990/51149/54465/672/23326/994/63967/3364/4683/995/54984/595/140901/4361/641/79184/4998/1112/5932/7319/84142/90381/9088/57099/11073/9212/84936/23194/92421/1017/580/60672","GO:0000086","GO:0000086","G2/M transition of mitotic cell cycle","G2/M transition of mitotic cell cycle",3.16925709927132,-0.214692077809996,TRUE,FALSE,2.98294948684912,2.98294948684912,"opposite direction"
"human_vs_mouse_KD_GO_BP","human KD vs control vs mouse KD vs control","GO_BP","GO:0072330","monocarboxylic acid biosynthetic process","either",0.05,"opposite direction",-2.98151618309217,2.98151618309217,1.40390449750484,-1.57761168558733,0.144769919954833,0.0245422846582333,"74551/270685/60527/74155/17768/56348/106529/108037/54447/71974/76267/20787/67452/19224/19225/14870/57875/104112/235623/16828/16952/15108/14104/14431/107476/113868/257633/56473/241452/11370/244373/26374/68312/68041/234309/66775/26378/17117/26420/14869/11666/13123/52023/70316/26922/18783/233912/93732/20250/19223/50790/223722/14863/19299/213350","2944/2182/3990/64410/9415/63826/116519/6319/50640/5406/9971/114876/215/570/6770/401494/2171/246/1066/56624/58526/11332/112817/51144/3995/32/9420/9200/83401/2879/31/2950/7376/5825/23038/9572/23352/5947/3028/3992/5313/65084/10196/5571/114883/53632/283985/5007/11019/10170/6342/7923/8560/9524/80270/5166/5743/79071/51/5562/225/10873/22933/9536/55902/47/2628/84696/5321/9373/8850/64326/79993/5742/33","GO:0072330","GO:0072330","monocarboxylic acid biosynthetic process","monocarboxylic acid biosynthetic process",-1.61008501095378,0.839321665726602,TRUE,FALSE,-2.98151618309217,2.98151618309217,"opposite direction"
"human_vs_mouse_KD_GO_BP","human KD vs control vs mouse KD vs control","GO_BP","GO:0098813","nuclear chromosome segregation","either",0.05,"opposite direction",2.97942176026464,2.97942176026464,-1.43593752838973,1.54348423187491,0.0504722214194513,0.010828243728719,"13006/103768/13424/99412/67139/381293/214444/101706/67177/101994/227707/76044/74201/66371/18221/52683/68942/71819/66977/71846/232933/26951/26934/68549/16569/106042/66591/74335/209011/54204/14211/107995/76499/12237/218914/12704/24010/228421/12316/16571/23834/215387/66934/219114/52696/100502766/77053/105988/14579/54141/12235/268697/16551/13605/229841/110033/21749/22385/108907/12534/29861/213389/16580/68767/72119/66140/11799/11789/193740/67300/70385/18005/70218/381318/70466/52276/16319/108000/68501/12236/233406/20878/78906/15511","29128/10460/23353/54908/11130/9787/701/51203/22974/146909/1063/221150/8379/3833/348235/10615/56776/332/147841/57082/9232/10783/55143/699/348654/26271/3304/9928/2801/23636/51652/55755/57820/23310/25936/27183/3835/81610/285498/9319/91272/79980/81620/151246/7517/8110/54892/55055/83540/990/220134/2491/2177/3832/7272/57405/1060/9275/9493/51112/2669/55201/11065/9639/51115/9055/90417/54984/1058/4439/3619/991/150465/79598/49856/9735/55166/54627/605/26993/1104/9918/81930/151648/79884/26151/84142/56647/51776/29117/1062/4085/56992/9212/24137/23397/116028/92421/5119/10459/9700/55125/64105/317761/10464/11243/64151/284071/7153","GO:0098813","GO:0098813","nuclear chromosome segregation","nuclear chromosome segregation",1.96544197742624,-1.29694758036679,TRUE,FALSE,2.97942176026464,2.97942176026464,"opposite direction"
"human_vs_mouse_KD_GO_BP","human KD vs control vs mouse KD vs control","GO_BP","GO:0045930","negative regulation of mitotic cell cycle","either",0.05,"opposite direction",2.97547253795126,2.97547253795126,-1.14450030955574,1.83097222839552,0.430593864545913,0.000262057745560551,"118454/218294/214444/229543/12193/20296/66371/66977/69076/28010/19367/380629/26951/66591/240255/545622/74335/77011/71711/238555/20184/107995/12237/24010/14184/14056/71375/23834/219114/52696/12235/59036/268697/67333/235559/229841/12534/381921/269424/22390/76843/269582/19891/208768/11799/26941/11789/12189/70385/330177/52276/93695/16319/12144/52679/12159/12236/12581","2273/54908/1026/5591/11130/29997/701/3624/9656/1063/221150/23560/8379/332/91607/144455/147841/57082/55143/5371/699/348654/26271/58493/8525/197342/55755/80279/29980/27183/9319/55159/7517/6118/55055/83540/990/220134/51053/2177/655/51149/7272/57405/54465/79027/25959/672/10040/51339/63967/3364/3275/4683/54984/595/140901/4361/3619/991/79858/8914/146956/9735/641/51499/79184/4998/1112/5932/84142/90381/6419/9088/51776/29117/4085/57099/5774/11073/7976/9212/84936","GO:0045930","GO:0045930","negative regulation of mitotic cell cycle","negative regulation of mitotic cell cycle",3.58160299946265,-0.365932162651959,TRUE,FALSE,2.97547253795126,2.97547253795126,"opposite direction"
"human_vs_mouse_KD_GO_BP","human KD vs control vs mouse KD vs control","GO_BP","GO:0006298","mismatch repair","either",0.05,"opposite direction",2.97129834970306,2.97129834970306,-1.09626608126939,1.87503226843367,0.636989132055247,0.0206198912602311,"17688/227099/26909/12006/235626/68275/17686/18861/19891/18752","84515/7508/9156/5395/7161/6118/7486/4595/6119/10535/84153/4439/4292","GO:0006298","GO:0006298","mismatch repair","mismatch repair",1.68571362931468,-0.195867977285842,TRUE,FALSE,2.97129834970306,2.97129834970306,"opposite direction"
"human_vs_mouse_KD_GO_BP","human KD vs control vs mouse KD vs control","GO_BP","GO:0046628","positive regulation of insulin receptor signaling pathway","either",0.05,"opposite direction",2.96823862559513,2.96823862559513,-1.94329020010619,1.02494842548894,0.0163725618291495,0.648188135207975,"21871/74143/56278/237542/108664/66144/18479/11984/19246/114143/16367/11964/66335/13033/73834/11972","3481/5770","GO:0046628","GO:0046628","positive regulation of insulin receptor signaling pathway","positive regulation of insulin receptor signaling pathway",0.188298922796041,-1.7858833608315,FALSE,TRUE,2.96823862559513,2.96823862559513,"opposite direction"
"human_vs_mouse_KD_GO_BP","human KD vs control vs mouse KD vs control","GO_BP","GO:0009743","response to carbohydrate","either",0.05,"opposite direction",-2.96011894277685,2.96011894277685,1.62487319036452,-1.33524575241233,0.0201223061159958,0.168576570525758,"74551/18641/12842/20317/20587/192185/19275/20112/14799/18555/109552/228139/72114/224045/18576/20787/19056/230784/54616/14694/11651/14870/11674/63959/19326/108155/80976/74370/66294/74998/67389/16971/18795/50868/12288/16819/54598/13039/27419/78894/52055/14629/19376/108067/20909/18754/109905/17755/81601/13640/16548/18706/20586/20913/68845/20677/14630","2021/846/4760/7391/1958/3651/3952/226/5606/2692/8891/3172/3745/836/6518/51738/9971/759/6717/2805/389692/6833/677/116534/8609/2778/6844/2729/23394/55829/111/23236/5532/2876/9990/2950/65220/10524/9572/9854/5313/6720/8473/5127/7776/4089/6722/11143/5007/5906/6659/6810/2730/26137/51024/6934/5562/150/51714/10628/4199/2081/8398/5019/5176","GO:0009743","GO:0009743","response to carbohydrate","response to carbohydrate",-0.773202785573949,1.69632224846407,FALSE,TRUE,-2.96011894277685,2.96011894277685,"opposite direction"
"human_vs_mouse_KD_GO_BP","human KD vs control vs mouse KD vs control","GO_BP","GO:0034599","cellular response to oxidative stress","either",0.05,"opposite direction",-2.95360753708998,2.95360753708998,1.69335792341226,-1.26024961367772,0.00215496893658129,0.184039266187052,"26570/23876/66725/68015/53618/14381/15234/22059/16600/14782/76251/21974/230784/27050/67452/14158/12333/14694/26362/12176/11651/68943/18779/16174/20852/74142/217069/17392/16952/26408/71701/76454/18484/56473/11792/22166/18214/74777/15499/64704/50721/50868/76650/104156/268373/54683/16819/20657/27419/18595/26398/69568/14088/26420/93686/20909/269254/226090/269356/625249/16598/18024/11865/11666/170719/18294/18104/11826/108655/20779/11911/26419/29819/11350/68992/227743/13078/18477/59041/211651/14281/229731/67689/15251/71785","11035/55829/2876/2879/84883/5195/29957/140823/84557/318/79956/4314/1072/27429/5580/65018/8452/9283/5311/8807/2534/4779/140809/7226/5830/8454/6416/4780/405/6810/9314/5562/8678/538/1386/9978/5052/2308/6714/9131/22933/116988/4891/2081/8850/7001/5156/4248/120892/3082","GO:0034599","GO:0034599","cellular response to oxidative stress","cellular response to oxidative stress",-0.735089507050088,2.66655898572068,FALSE,TRUE,-2.95360753708998,2.95360753708998,"opposite direction"
"human_vs_mouse_KD_GO_BP","human KD vs control vs mouse KD vs control","GO_BP","GO:0046330","positive regulation of JNK cascade","either",0.05,"opposite direction",2.95304119221604,2.95304119221604,-1.86400682852594,1.0890343636901,0.00631146143430443,0.551666180663556,"332579/52065/52521/22026/14219/26403/269881/13614/12928/11596/22034/211323/59009/26412/15258/68339/381921/19246/26390/330177/30957/18816/19099/26401/17873/23882","1490/2150/7474/344558/23043/203447/56940/5770/4616/1906/22943/55504/2043","GO:0046330","GO:0046330","positive regulation of JNK cascade","positive regulation of JNK cascade",0.258323639209548,-2.19987006716378,FALSE,TRUE,2.95304119221604,2.95304119221604,"opposite direction"
"human_vs_mouse_KD_GO_BP","human KD vs control vs mouse KD vs control","GO_BP","GO:0007095","mitotic G2 DNA damage checkpoint signaling","either",0.05,"opposite direction",2.95248508992204,2.95248508992204,-1.19737808906366,1.75510700085838,0.532389399574489,0.044029911777368,"77011/20184/71375/235559/12534/381921/76843/269582/12189/330177/12144","1026/29997/80279/29980/51149/672/63967/4683/4361/641/79184/1112/84142/90381/11073","GO:0007095","GO:0007095","mitotic G2 DNA damage checkpoint signaling","mitotic G2 DNA damage checkpoint signaling",1.35625218473445,-0.273770600365163,TRUE,FALSE,2.95248508992204,2.95248508992204,"opposite direction"
"human_vs_mouse_KD_GO_BP","human KD vs control vs mouse KD vs control","GO_BP","GO:0046394","carboxylic acid biosynthetic process","either",0.05,"opposite direction",-2.94775206577626,2.94775206577626,1.66048032761195,-1.28727173816431,0.00622491043687038,0.150567750784904,"74551/107869/270685/20512/56454/60527/74155/100678/17768/192166/14873/56348/106529/108037/54447/71974/76267/20787/17250/67452/19224/19225/211666/12035/14870/11898/236539/27053/107272/57875/104112/235623/16828/16952/15108/14104/14431/107476/113868/257633/56473/241452/69719/11370/244373/72562/26374/68312/68041/234309/66775/26378/17117/108156/26420/22276/11690/14869/11666/13123/52023/20425/70316/26922/18783/233912/53415/56369/93732/20250/19223/216136/50790/109079/223722/14863/19299/213350","2944/2182/3990/64410/9415/5053/3620/8803/63826/116519/6319/54187/50640/5406/9971/114876/189/4942/215/2805/570/137362/6770/401494/2171/246/1066/56624/58526/11332/112817/51144/3995/32/9420/9200/83401/2879/57834/31/2950/241/7376/5825/23038/9572/23352/5947/3028/3992/5313/26227/65084/10196/5571/114883/53632/283985/5007/4048/4524/11019/10170/6342/7923/8560/9524/80270/5166/5743/79071/51/5562/225/7358/10873/22933/9536/55902/47/2628/84696/5321/2747/9373/8850/64326/79993/5742/33","GO:0046394","GO:0046394","carboxylic acid biosynthetic process","carboxylic acid biosynthetic process",-0.822268037138964,2.20586689275476,FALSE,TRUE,-2.94775206577626,2.94775206577626,"opposite direction"
"human_vs_mouse_KD_GO_BP","human KD vs control vs mouse KD vs control","GO_BP","GO:0051262","protein tetramerization","either",0.05,"opposite direction",-2.94142816428668,2.94142816428668,1.79117872963057,-1.15024943465611,0.0327393139455347,0.442036875078087,"107869/243853/12833/20135/108037/22059/23874/18764/15452/69089/228983/12972/11674/13429/15108/22323/107476/14026/17436/234309/11820/16518/18763/66628/20425/432508/56045/66388/56369/381760/68667","32/80036/31/2902/54822/6261/3028/57192/5311/57582/362/7226/5830/7923/3759/3710/4199/1759/8626/223/6788/3708","GO:0051262","GO:0051262","protein tetramerization","protein tetramerization",-0.354541499938381,1.484930425498,FALSE,TRUE,-2.94142816428668,2.94142816428668,"opposite direction"
"human_vs_mouse_KD_GO_BP","human KD vs control vs mouse KD vs control","GO_BP","GO:0016053","organic acid biosynthetic process","either",0.05,"opposite direction",-2.94095896892798,2.94095896892798,1.64180467421482,-1.29915429471316,0.00619761328950037,0.133073836726838,"74551/107869/270685/20512/56454/60527/74155/100678/17768/192166/14873/56348/106529/108037/54447/71974/76267/20787/17250/67452/19224/19225/211666/12035/14870/11898/236539/27053/107272/57875/104112/235623/16828/16952/15108/14104/14431/107476/113868/257633/56473/246277/241452/69719/11370/244373/72562/26374/68312/68041/234309/66775/26378/17117/108156/26420/22276/11690/14869/11666/13123/52023/20425/70316/26922/18783/233912/53415/56369/93732/20250/19223/216136/50790/109079/223722/14863/19299/213350","2944/2182/3990/64410/9415/5053/3620/8803/63826/116519/6319/54187/50640/5406/9971/114876/189/4942/215/2805/570/137362/6770/401494/2171/246/2328/1066/56624/58526/11332/112817/51144/3995/32/9420/9200/83401/2879/57834/31/2950/241/7376/5825/23038/9572/23352/5947/3028/3992/5313/26227/65084/10196/5571/114883/53632/283985/5007/4048/4524/11019/10170/6342/7923/8560/9524/80270/5166/5743/79071/51/5562/51380/225/7358/10873/22933/9536/55902/47/2628/84696/5321/2747/9373/8850/64326/79993/5742/33","GO:0016053","GO:0016053","organic acid biosynthetic process","organic acid biosynthetic process",-0.875907321550649,2.20777552578561,FALSE,TRUE,-2.94095896892798,2.94095896892798,"opposite direction"
"human_vs_mouse_KD_GO_BP","human KD vs control vs mouse KD vs control","GO_BP","GO:0046032","ADP catabolic process","either",0.05,"opposite direction",-2.93920543831662,2.93920543831662,1.20985006742163,-1.72935537089499,0.4795734719299,0.0210396443447023,"18641/243853/12833/14635/74747/14751/22601/66129/11674/108155/225913/74370/56327/50721/239017/72141/11820/19384/14433/13808/208727/15937/19164/16548/56428/56716/21991/20779","55753/5232/441531/11182/5027/84676/3101/5313/5207/8473/5571/2821/53632/89/9611/405/26137/5562/6714/3098/9759/5236/2033/5515/5230/2026/230/2027","GO:0046032","GO:0046032","ADP catabolic process","ADP catabolic process",-1.6769616057939,0.319144848327779,TRUE,FALSE,-2.93920543831662,2.93920543831662,"opposite direction"
"human_vs_mouse_KD_GO_BP","human KD vs control vs mouse KD vs control","GO_BP","GO:0006163","purine nucleotide metabolic process","either",0.05,"opposite direction",-2.93917303920411,2.93917303920411,1.63313251341244,-1.30604052579167,0.00141011158184477,0.0452423953064102,"23962/18641/246730/547253/20512/22436/18573/66725/192185/243853/66171/12833/14635/74747/14381/11566/110208/56520/226518/22059/15254/23918/14751/12048/15452/229949/107747/216188/67863/19895/12257/108147/22601/19241/66129/66592/14923/68073/11639/11674/67942/331623/108155/238871/11951/225913/15926/74370/56327/67273/18578/66218/50773/66294/56632/100198/74777/17436/18113/71207/50721/68614/239017/72141/269951/26395/27369/23984/53893/381101/11820/108156/19384/14433/13808/212627/208727/56409/104111/21351/15937/66114/76952/107029/66646/19164/74006/225887/72900/16548/18104/56428/68646/56716/67680/67130/21991/20779/66416/70316/75406/14450","55753/3418/9497/111/8604/5232/706/441531/10840/11182/9567/65220/4882/2806/5142/5027/318/84676/4622/6390/55669/729020/2773/3101/516/5313/10476/5207/65018/349565/441024/8473/4191/5150/5571/2821/53632/159/9061/6888/3094/89/9611/196883/405/5635/1740/26137/4881/4700/6774/51024/5562/8402/498/8460/23530/5141/221823/6714/3098/84833/112/9759/132/509/518/5236/2033/3417/4199/272/133686/5151/7415/4720/260425/5144/5515/5230/8459/10632/2026/4715/5091/230/120892/523/2027/4354/7498","GO:0006163","GO:0006163","purine nucleotide metabolic process","purine nucleotide metabolic process",-1.34445440991771,2.85074652035021,TRUE,TRUE,-2.93917303920411,2.93917303920411,"opposite direction"
"human_vs_mouse_KD_GO_BP","human KD vs control vs mouse KD vs control","GO_BP","GO:0006094","gluconeogenesis","either",0.05,"opposite direction",-2.9352058746248,2.9352058746248,1.00860599699368,-1.92659987763112,0.719862327646609,0.00645194621557997,"74551/108682/67800/68401/14751/230784/67863/11651/13194/108155/67389/18113/50721","5207/8473/4191/5571/2821/53632/150094/6934/8402/2648/2308/5236/2033/5230/2026/5091/230/1642/2027","GO:0006094","GO:0006094","gluconeogenesis","gluconeogenesis",-2.19030926161386,0.142750553652649,TRUE,FALSE,-2.9352058746248,2.9352058746248,"opposite direction"
"human_vs_mouse_KD_GO_BP","human KD vs control vs mouse KD vs control","GO_BP","GO:0098974","postsynaptic actin cytoskeleton organization","either",0.05,"opposite direction",-2.93397962668588,2.93397962668588,1.0290583305813,-1.90492129610458,0.707963395306829,0.0308677001565077,"217692/13169/223254/11461/242687/74117/11465","445582/653781/728378/653269","GO:0098974","GO:0098974","postsynaptic actin cytoskeleton organization","postsynaptic actin cytoskeleton organization",-1.51049572706296,0.149989196585973,TRUE,FALSE,-2.93397962668588,2.93397962668588,"opposite direction"
"human_vs_mouse_KD_GO_BP","human KD vs control vs mouse KD vs control","GO_BP","GO:0009134","nucleoside diphosphate catabolic process","either",0.05,"opposite direction",-2.92740777069653,2.92740777069653,1.2832333089026,-1.64417446179393,0.366530208921513,0.0277956031768307,"18641/243853/12833/14635/74747/14751/22601/12499/66129/11674/108155/225913/74370/56327/50721/239017/72141/53893/11820/19384/14433/13808/208727/15937/19164/16548/56428/56716/76025/21991/20779","5232/441531/11182/5027/84676/3101/5313/5207/8473/5571/2821/53632/89/9611/405/956/26137/5562/6714/3098/9759/5236/2033/5515/5230/2026/230/2027","GO:0009134","GO:0009134","nucleoside diphosphate catabolic process","nucleoside diphosphate catabolic process",-1.55602389714163,0.435890225586962,TRUE,FALSE,-2.92740777069653,2.92740777069653,"opposite direction"
"human_vs_mouse_KD_GO_BP","human KD vs control vs mouse KD vs control","GO_BP","GO:0009191","ribonucleoside diphosphate catabolic process","either",0.05,"opposite direction",-2.92740777069653,2.92740777069653,1.2832333089026,-1.64417446179393,0.366530208921513,0.0277956031768307,"18641/243853/12833/14635/74747/14751/22601/12499/66129/11674/108155/225913/74370/56327/50721/239017/72141/53893/11820/19384/14433/13808/208727/15937/19164/16548/56428/56716/76025/21991/20779","5232/441531/11182/5027/84676/3101/5313/5207/8473/5571/2821/53632/89/9611/405/956/26137/5562/6714/3098/9759/5236/2033/5515/5230/2026/230/2027","GO:0009191","GO:0009191","ribonucleoside diphosphate catabolic process","ribonucleoside diphosphate catabolic process",-1.55602389714163,0.435890225586962,TRUE,FALSE,-2.92740777069653,2.92740777069653,"opposite direction"
"human_vs_mouse_KD_GO_BP","human KD vs control vs mouse KD vs control","GO_BP","GO:0000725","recombinational repair","either",0.05,"opposite direction",2.92119252638993,2.92119252638993,-1.18324889895338,1.73794362743655,0.405513040762143,0.00276141928963066,"19362/50505/67788/272158/234736/11545/108937/66634/75317/229543/78656/13548/236904/72440/217216/235626/68275/13831/74335/71711/233826/229584/93765/214763/12914/72931/52864/240087/21975/22592/107932/226026/20422/103537/235559/71643/12545/77782/19891/211978/12189/59004/191578/12144/17217/68501/17215/57321/117599","2547/29128/7520/64710/64110/142/84515/9907/9401/5965/348654/58493/5889/65980/22909/55183/54386/83695/55159/1387/4173/63979/84717/7517/6118/2237/79728/7158/7516/51149/2073/7486/672/23514/10635/84464/10933/54537/55317/27336/6119/3364/56160/4683/10097/115004/4361/4796/8914/641/158880/84296/51659/56893/9400/10856/7156/5892/5932/10721/51588/2187/23126/2074/11073/116028/10459/4174/55929/4176/55218/675/64769/5893/254225/78995/126549","GO:0000725","GO:0000725","recombinational repair","recombinational repair",2.55886764575201,-0.391995174893092,TRUE,FALSE,2.92119252638993,2.92119252638993,"opposite direction"
"human_vs_mouse_KD_GO_BP","human KD vs control vs mouse KD vs control","GO_BP","GO:0006890","retrograde vesicle-mediated transport, Golgi to endoplasmic reticulum","either",0.05,"opposite direction",-2.91894813408589,2.91894813408589,1.08474163578471,-1.83420649830118,0.65240350110462,0.0173499348955595,"59042/67916/67023/67458/50771/76983/50797/59029/66366/71169","372/91949/10213/57410/25839/6811/23760/1315/23299/51226/7405/26958/10749/9276/381/1314/64083/374868","GO:0006890","GO:0006890","retrograde vesicle-mediated transport, Golgi to endoplasmic reticulum","retrograde vesicle-mediated transport, Golgi to endoplasmic reticulum",-1.7607021505303,0.185483716996665,TRUE,FALSE,-2.91894813408589,2.91894813408589,"opposite direction"
"human_vs_mouse_KD_GO_BP","human KD vs control vs mouse KD vs control","GO_BP","GO:0045787","positive regulation of cell cycle","either",0.05,"opposite direction",2.91734833262822,2.91734833262822,-1.38392000976792,1.5334283228603,0.0559722932803457,0.0168856828635547,"16906/69737/14463/19362/11491/17684/20466/71472/70099/22589/14165/52040/16974/21802/226419/13424/13684/50850/54624/108961/211660/218294/381293/109333/101706/69807/50875/20133/76044/20851/72290/52683/216825/83770/268451/72440/71819/58994/81702/232341/21385/21816/26934/68549/18591/16569/66591/14156/240255/74335/76123/14211/12914/72349/107995/57261/12704/12125/22410/14219/270201/245902/14056/227937/72776/23834/215387/57746/219114/20460/83946/13614/232944/19014/16973/54141/328440/226026/12235/56312/268697/13605/229841/20399/12545/108907/12534/22390/19141/213389/76843/240641/11799/237877/18124/12189/21808/18712/229776/52276/12317/16319/52679/68501/71276/226151/20878/14632/234779","3481/894/4869/6241/9787/51203/1663/1956/221150/8379/131870/10615/332/144455/57082/7040/55835/55143/699/348654/26271/3280/9928/23636/5889/51652/5578/6491/8558/284001/5359/81610/83695/1906/1845/80174/7517/6790/2342/2735/54892/2237/990/220134/51176/4824/4193/23326/994/10635/9493/7039/54623/6210/11065/57057/5336/995/6886/595/80071/6929/3619/5886/991/150465","GO:0045787","GO:0045787","positive regulation of cell cycle","positive regulation of cell cycle",1.77248137163638,-1.2520268989429,TRUE,FALSE,2.91734833262822,2.91734833262822,"opposite direction"
"human_vs_mouse_KD_GO_BP","human KD vs control vs mouse KD vs control","GO_BP","GO:0062197","cellular response to chemical stress","either",0.05,"opposite direction",-2.9172240677709,2.9172240677709,1.65322969116591,-1.26399437660499,0.00109736664179797,0.185546886202603,"26570/74155/23876/66725/68015/26903/53618/14381/15234/22059/16600/14782/20525/18764/76251/21974/230784/27050/67452/14158/12333/19225/14694/12257/26362/12176/11651/68943/22596/18779/16174/20852/74142/217069/17392/16952/26408/71701/76454/107589/74370/18484/108737/56473/11792/22166/14375/18214/74777/15499/64704/50721/50868/76650/104156/268373/54683/16819/20657/27419/18595/26398/69568/14088/26420/93686/20909/269254/226090/12283/269356/18081/625249/16598/18024/11865/11666/170719/18294/18104/11826/56716/108655/18706/20779/11911/26419/29819/11350/68992/56384/227743/13078/18477/59041/211651/14281/229731/26400/67689/56717/15251/71785","11035/55829/1649/2876/2879/9990/84883/476/706/5195/29957/140823/84557/318/65125/79956/5584/4314/1072/27429/5580/65018/8452/9283/5311/8807/2534/4779/362/1654/140809/7226/5830/8454/6416/4780/405/6810/5743/10367/10725/9314/5562/8678/538/1386/9978/5052/2308/6714/54206/9131/22933/5269/116988/4814/5290/4891/2081/8850/7001/5156/4248/120892/3082","GO:0062197","GO:0062197","cellular response to chemical stress","cellular response to chemical stress",-0.731546329465962,2.95964824580138,FALSE,TRUE,-2.9172240677709,2.9172240677709,"opposite direction"
"human_vs_mouse_KD_GO_BP","human KD vs control vs mouse KD vs control","GO_BP","GO:0019319","hexose biosynthetic process","either",0.05,"opposite direction",-2.91300227578206,2.91300227578206,1.00158555358412,-1.91141672219794,0.724182827650923,0.00537174183464425,"74551/108682/67800/68401/14751/230784/67863/11651/13194/108155/67389/18113/77590/50721","5207/8473/4191/5571/51363/2821/53632/150094/6934/8402/2648/2308/5236/2033/5230/2026/5091/230/1642/2027","GO:0019319","GO:0019319","hexose biosynthetic process","hexose biosynthetic process",-2.26988486764956,0.140151777703028,TRUE,FALSE,-2.91300227578206,2.91300227578206,"opposite direction"
"human_vs_mouse_KD_GO_BP","human KD vs control vs mouse KD vs control","GO_BP","GO:1903083","protein localization to condensed chromosome","either",0.05,"opposite direction",2.90902153754766,2.90902153754766,-1.10402111500057,1.80500042254709,0.661402279819143,0.0467500919709614,"101994/26951/12237/24010/217558/12534/70385","54908/57082/55055/7272/55632/51112/9735/55166/9212","GO:1903083","GO:1903083","protein localization to condensed chromosome","protein localization to condensed chromosome",1.33021753040768,-0.179534312429321,TRUE,FALSE,2.90902153754766,2.90902153754766,"opposite direction"
"human_vs_mouse_KD_GO_BP","human KD vs control vs mouse KD vs control","GO_BP","GO:0009137","purine nucleoside diphosphate catabolic process","either",0.05,"opposite direction",-2.9080711537844,2.9080711537844,1.21374724420527,-1.69432390957913,0.465876253612103,0.024205834211389,"18641/243853/12833/14635/74747/14751/22601/66129/11674/108155/225913/74370/56327/50721/239017/72141/11820/19384/14433/13808/208727/15937/19164/16548/56428/56716/21991/20779","5232/441531/11182/5027/84676/3101/5313/5207/8473/5571/2821/53632/89/9611/405/26137/5562/6714/3098/9759/5236/2033/5515/5230/2026/230/2027","GO:0009137","GO:0009137","purine nucleoside diphosphate catabolic process","purine nucleoside diphosphate catabolic process",-1.61607994557174,0.331729425606848,TRUE,FALSE,-2.9080711537844,2.9080711537844,"opposite direction"
"human_vs_mouse_KD_GO_BP","human KD vs control vs mouse KD vs control","GO_BP","GO:0009181","purine ribonucleoside diphosphate catabolic process","either",0.05,"opposite direction",-2.9080711537844,2.9080711537844,1.21374724420527,-1.69432390957913,0.465876253612103,0.024205834211389,"18641/243853/12833/14635/74747/14751/22601/66129/11674/108155/225913/74370/56327/50721/239017/72141/11820/19384/14433/13808/208727/15937/19164/16548/56428/56716/21991/20779","5232/441531/11182/5027/84676/3101/5313/5207/8473/5571/2821/53632/89/9611/405/26137/5562/6714/3098/9759/5236/2033/5515/5230/2026/230/2027","GO:0009181","GO:0009181","purine ribonucleoside diphosphate catabolic process","purine ribonucleoside diphosphate catabolic process",-1.61607994557174,0.331729425606848,TRUE,FALSE,-2.9080711537844,2.9080711537844,"opposite direction"
"human_vs_mouse_KD_GO_BP","human KD vs control vs mouse KD vs control","GO_BP","GO:0045143","homologous chromosome segregation","either",0.05,"opposite direction",2.90601111137655,2.90601111137655,-1.06787014882427,1.83814096255228,0.652149521915966,0.0358567109791862,"227707/71846/68549/209011/218914/52696/77053/105988/21749/213389","23353/11130/56776/57082/9232/57820/285498/9319/151246/2177/1060","GO:0045143","GO:0045143","homologous chromosome segregation","homologous chromosome segregation",1.44542954938342,-0.185652819761517,TRUE,FALSE,2.90601111137655,2.90601111137655,"opposite direction"
"human_vs_mouse_KD_GO_BP","human KD vs control vs mouse KD vs control","GO_BP","GO:1990868","response to chemokine","either",0.05,"opposite direction",-2.90210619815899,2.90210619815899,1.19503659943096,-1.70706959872803,0.549376655062632,0.034573746206366,"20563/20564/16923/12778/20312/16948/108737/20315","64783/4283/4142/9413/6376/6362/1524/3627/2859/11240/259249/6354/117194/54838/3577/6352/10663/65125/6355/9034/1843/2829/6558/2185/81704/6776/3717/2296/6387/9353","GO:1990868","GO:1990868","response to chemokine","response to chemokine",-1.46125356033014,0.260129799216309,TRUE,FALSE,-2.90210619815899,2.90210619815899,"opposite direction"
"human_vs_mouse_KD_GO_BP","human KD vs control vs mouse KD vs control","GO_BP","GO:1990869","cellular response to chemokine","either",0.05,"opposite direction",-2.90210619815899,2.90210619815899,1.19503659943096,-1.70706959872803,0.549376655062632,0.034573746206366,"20563/20564/16923/12778/20312/16948/108737/20315","64783/4283/4142/9413/6376/6362/1524/3627/2859/11240/259249/6354/117194/54838/3577/6352/10663/65125/6355/9034/1843/2829/6558/2185/81704/6776/3717/2296/6387/9353","GO:1990869","GO:1990869","cellular response to chemokine","cellular response to chemokine",-1.46125356033014,0.260129799216309,TRUE,FALSE,-2.90210619815899,2.90210619815899,"opposite direction"
"human_vs_mouse_KD_GO_BP","human KD vs control vs mouse KD vs control","GO_BP","GO:1900078","positive regulation of cellular response to insulin stimulus","either",0.05,"opposite direction",2.90023395535112,2.90023395535112,-1.88035997230583,1.01987398304529,0.0242887945400043,0.648309178743961,"21871/74143/239126/17918/56278/237542/108664/66144/18479/11984/19246/114143/16367/11964/66335/13033/73834/11972","3481/5770","GO:1900078","GO:1900078","positive regulation of cellular response to insulin stimulus","positive regulation of cellular response to insulin stimulus",0.188217829623945,-1.61459403882251,FALSE,TRUE,2.90023395535112,2.90023395535112,"opposite direction"
"human_vs_mouse_KD_GO_BP","human KD vs control vs mouse KD vs control","GO_BP","GO:0016236","macroautophagy","either",0.05,"opposite direction",-2.89298948265701,2.89298948265701,0.959533220262296,-1.93345626239471,0.81069474387656,3.32044385703115e-07,"672511/15944/54396/60440/66725/16145/15953/67811/11739/29869/20615/20787/14467/230784/56048/72238/12257/71712/240327/12176/68943/74781/100039796/24088/218035/80280/18777/11740/108155/52639/54636/75788/76983/68441/74370/21822/268656/77006/59029/75909/235040/100763/17772/235180/64704/208092","167410/2629/128866/27243/83452/5049/162427/131540/285636/8897/801/90410/5861/79837/706/200576/29110/7095/64127/57132/64419/440026/10524/84557/9525/10213/9550/254122/140775/51375/55294/2773/27429/23647/9821/25851/65018/55626/6720/9114/8473/84313/10075/53349/139341/488/26353/55187/60412/2931/55968/5830/10015/7251/23673/55763/79142/84749/7879/8454/8878/79137/55207/23545/79643/10043/7855/55062/6810/124997/7405/55737/535/2548/84937/23001/6721/1020/51100/4943/5862/8678/128077/9978/112574/160760/533/6714/143686/51606/528/9706/5290/29978/55823/8723/10273/7415/51368/9373/8673/2081/11337/120892/54463/523/4734/10312/291","GO:0016236","GO:0016236","macroautophagy","macroautophagy",-6.47880385853241,0.0911426427133342,TRUE,FALSE,-2.89298948265701,2.89298948265701,"opposite direction"
"human_vs_mouse_KD_GO_BP","human KD vs control vs mouse KD vs control","GO_BP","GO:0031109","microtubule polymerization or depolymerization","either",0.05,"opposite direction",2.89206713169763,2.89206713169763,-1.60162186648173,1.2904452652159,0.0215598631839383,0.29473070534117,"75991/103768/99412/50850/328108/214444/101706/210356/13548/56430/230101/54126/140810/67971/83431/76499/228421/70997/319953/14219/12389/18479/219114/232944/15194/75786/216963/212307/68339/12534/20595/72119/66140/99512/11789/193740/16564/70218/70466/100732/71276/20617/14159/15511","5116/22974/79649/344148/146909/221150/348235/57704/653784/55835/3304/51199/2801/55755/284001/55142/93323/26586/10142/89927/23354/220134/54801/6904","GO:0031109","GO:0031109","microtubule polymerization or depolymerization","microtubule polymerization or depolymerization",0.530574616557351,-1.66635399945233,FALSE,TRUE,2.89206713169763,2.89206713169763,"opposite direction"
"human_vs_mouse_KD_GO_BP","human KD vs control vs mouse KD vs control","GO_BP","GO:0000422","autophagy of mitochondrion","either",0.05,"opposite direction",-2.89007353764421,2.89007353764421,1.26020699389587,-1.62986654374834,0.377788970032737,0.026874775519908,"15944/54396/16145/11739/29869/20787/14467/12257/71712/12176/68943/74781/207565/11740/108155/52639/54636/75788/67453/235040/64704/329015/381038/14232","51375/55294/27429/23647/9821/65018/55626/6720/8473/10075/139341/55187/2931/84749/8454/8878/2011/7855/55062/6721/8678/9978/160760/9706/10273/7415/11337/291","GO:0000422","GO:0000422","autophagy of mitochondrion","autophagy of mitochondrion",-1.57065515464368,0.422750725937334,TRUE,FALSE,-2.89007353764421,2.89007353764421,"opposite direction"
"human_vs_mouse_KD_GO_BP","human KD vs control vs mouse KD vs control","GO_BP","GO:0019318","hexose metabolic process","either",0.05,"opposite direction",-2.88867082554602,2.88867082554602,1.40703181126875,-1.48163901427727,0.133017599695947,0.0430150644110148,"74551/14119/18641/246730/108682/74155/12041/16010/228026/67800/14118/14635/68401/14381/23960/11815/16009/14751/230784/67863/381694/102093/22601/11651/17158/140484/11674/13194/108155/16828/56745/23961/225913/66294/100198/67389/18113/77590/54128/50721/235339/72141/72157/78653/73744/17160/105651/18597/14433/13808/210973/14534","283450/3101/5207/8473/4191/5571/51363/2821/53632/150094/79411/89/4122/10499/5166/2548/6934/8402/2585/2584/2648/5255/2308/3098/2517/5236/2033/5160/5165/5230/2026/5091/5499/230/1642/2027","GO:0019318","GO:0019318","hexose metabolic process","hexose metabolic process",-1.36637942244763,0.876090893279875,TRUE,FALSE,-2.88867082554602,2.88867082554602,"opposite direction"
"human_vs_mouse_KD_GO_BP","human KD vs control vs mouse KD vs control","GO_BP","GO:2000300","regulation of synaptic vesicle exocytosis","either",0.05,"opposite direction",-2.88760473256851,2.88760473256851,1.145333169571,-1.74227156299751,0.558292967379263,0.0475063942706107,"66725/12361/18442/20615/12048/12568/67808/19326/80976","57617/5582/6853/6861/7476/8499/28964/5579/9899/8573/774/9498/2332/5864/134957/23557/5906/90019/1020/84961/5530/5413/84062/120892","GO:2000300","GO:2000300","regulation of synaptic vesicle exocytosis","regulation of synaptic vesicle exocytosis",-1.32324793122683,0.253137842770412,TRUE,FALSE,-2.88760473256851,2.88760473256851,"opposite direction"
"human_vs_mouse_KD_GO_BP","human KD vs control vs mouse KD vs control","GO_BP","GO:0000077","DNA damage checkpoint signaling","either",0.05,"opposite direction",2.87011389852211,2.87011389852211,-1.00074244064174,1.86937145788037,0.738252171215881,0.00258494274840517,"72772/227331/11920/319955/17193/225131/381979/28000/13972/234736/52040/68592/235610/218294/72440/69076/19367/77011/71711/20184/57261/12952/71375/241627/235559/17096/208266/12534/381921/76843/269582/19891/208768/12189/330177/12144/12753","1026/5591/29997/9656/79968/8525/197342/80279/29980/83695/55159/6118/7158/2177/51149/57805/54465/9894/672/151636/63967/3364/4683/440275/80185/84444/595/4361/83990/79858/8914/146956/641/51499/79184/1112/80254/84142/90381/51776/84126/2074/11073/1017/580/675/9675/163859/5810/65975/7157/1407/80198/54584/1111","GO:0000077","GO:0000077","DNA damage checkpoint signaling","DNA damage checkpoint signaling",2.58754907126523,-0.131795267091378,TRUE,FALSE,2.87011389852211,2.87011389852211,"opposite direction"
"human_vs_mouse_KD_GO_BP","human KD vs control vs mouse KD vs control","GO_BP","GO:0010506","regulation of autophagy","either",0.05,"opposite direction",-2.86834624724881,2.86834624724881,1.10814162342633,-1.76020462382248,0.558292967379263,6.92345048452091e-05,"15944/20539/54396/60440/66725/16145/18555/67811/11739/29869/218460/67790/17168/20787/230784/12257/71712/12176/67171/11651/68943/68617/24088/207565/13690/80280/18777/11740/319757/52639/54636/76983/68441/74370/268656/77006/59029/233979/17772/235180/64704/50868/329015/67974/26395/381038/236082/14232/79554/230674/15442/22333/208643/26417/81601/223649/74006/22084/68970/107607/56716/19893/50883/17281/20821/320528/93679/18709/70381/17210/56717/15251/93687/14083/72344/66508/19720/83669/67006/12177/67013/16189/224023/22433/12995/69903/75747/26965","1649/1263/79837/53373/706/29110/64127/64798/10524/5476/25827/65125/23352/9682/10213/9550/254122/9681/140775/79156/26191/51375/55294/2773/27429/9821/25851/65018/55626/6720/9114/5127/10075/4218/23604/26353/596/55187/60412/2931/81603/92140/29919/55763/79142/84749/8454/8878/23545/10043/7855/55062/10868/7405/54922/55737/535/6774/6721/1020/51100/5562/4943/8678/7178/9978/112574/84861/160760/533/2308/10670/143686/51606/528/22933/9706/5290/2033/64121/29978/8723/10273/2081/9528/7107/3708/120892/3082/523/4734/1642/291","GO:0010506","GO:0010506","regulation of autophagy","regulation of autophagy",-4.15967740945796,0.253137842770412,TRUE,FALSE,-2.86834624724881,2.86834624724881,"opposite direction"
"human_vs_mouse_KD_GO_BP","human KD vs control vs mouse KD vs control","GO_BP","GO:0031297","replication fork processing","either",0.05,"opposite direction",2.86754009726681,2.86754009726681,-1.06140337403442,1.80613672323239,0.646905486586135,0.0143628544489989,"193838/18538/104806/20585/11920/327762/22589/234736/11545/26909/74335/71711/54380/20892/107373/12534/77782/12189/12144","64710/63901/1663/201254/142/5965/348654/9156/5889/197342/29980/55159/7517/54465/7486/1763/672/4683/6596/4361/4796/8914/146956/374393/641/5932/6419/10721/580/55218/675/5111/201973/80198/51750/259282/57697","GO:0031297","GO:0031297","replication fork processing","replication fork processing",1.84275924057729,-0.189159165471077,TRUE,FALSE,2.86754009726681,2.86754009726681,"opposite direction"
"human_vs_mouse_KD_GO_BP","human KD vs control vs mouse KD vs control","GO_BP","GO:0046434","organophosphate catabolic process","either",0.05,"opposite direction",-2.86270460662933,2.86270460662933,1.44515784008387,-1.41754676654546,0.120722657025785,0.049607694855042,"18641/547253/22436/18573/243853/12833/27226/14635/74747/15254/12799/14751/15452/67452/22601/12499/66129/11674/108155/238871/225913/15926/193742/74370/56327/18578/50773/171210/18805/18113/18795/71207/50721/239017/72141/110446/72157/23984/232449/53893/381101/11820/19384/22271/14433/13808/18618/208727/56409/15937/76952/11666/19164/16548/20975/56428/56716/76025/21991/20779/18783","5213/56953/11332/5138/5049/284958/55753/23236/5048/5232/441531/11182/375775/5142/283748/5027/84676/3101/5313/5207/5580/8473/123745/5150/7920/5571/2821/53632/26090/3094/89/9611/405/956/26137/5562/2584/38/5141/6714/3098/9759/5236/978/2033/284161/272/5151/7415/5321/5144/5515/5230/8398/2026/230/5168/2027/7498","GO:0046434","GO:0046434","organophosphate catabolic process","organophosphate catabolic process",-1.30445095306852,0.918211214593153,TRUE,FALSE,-2.86270460662933,2.86270460662933,"opposite direction"
"human_vs_mouse_KD_GO_BP","human KD vs control vs mouse KD vs control","GO_BP","GO:0045005","DNA-templated DNA replication maintenance of fidelity","either",0.05,"opposite direction",2.85167025065493,2.85167025065493,-0.980886167355081,1.87078408329985,0.738690523838061,0.00742570313825155,"193838/18538/104806/20585/11920/327762/22589/234736/11545/26909/74335/71711/54380/20892/107373/12534/77782/12189/12144","64710/63901/1663/201254/142/84515/5965/91607/348654/9156/5889/197342/29980/55159/7517/54465/7486/1763/672/4683/10535/6596/4361/4796/8914/146956/374393/641/5426/5932/6419/10721","GO:0045005","GO:0045005","DNA-templated DNA replication maintenance of fidelity","DNA-templated DNA replication maintenance of fidelity",2.12926241681149,-0.131537472213935,TRUE,FALSE,2.85167025065493,2.85167025065493,"opposite direction"
"human_vs_mouse_KD_GO_BP","human KD vs control vs mouse KD vs control","GO_BP","GO:0010389","regulation of G2/M transition of mitotic cell cycle","either",0.05,"opposite direction",2.84445694113555,2.84445694113555,-0.910325188991472,1.93413175214408,0.868491794475954,0.00131857080547807,"268697/67333/235559/12545/12534/381921/22390/76843/269582/12189/18712/330177/108000/12144","2273/1026/29997/1063/23560/26271/58493/9928/5889/80279/29980/27183/80174/6790/990/51149/54465/672/994/63967/3364/4683/995/54984/595/140901/4361/641/79184/4998/1112/5932/84142/90381/9088/57099/11073/9212/84936/92421/580/60672","GO:0010389","GO:0010389","regulation of G2/M transition of mitotic cell cycle","regulation of G2/M transition of mitotic cell cycle",2.87989654421505,-0.0612342804185507,TRUE,FALSE,2.84445694113555,2.84445694113555,"opposite direction"
"human_vs_mouse_KD_GO_BP","human KD vs control vs mouse KD vs control","GO_BP","GO:0007091","metaphase/anaphase transition of mitotic cell cycle","either",0.05,"opposite direction",2.84441007191127,2.84441007191127,-1.14424198151306,1.70016809039821,0.542674596192902,0.0196726878673735,"26951/66591/74335/107995/12237/12704/24010/23834/219114/52696/12235/268697/229841/29861/11799/11789/70385/52276/16319/68501/12236","10460/54908/11130/9787/701/1063/221150/8379/332/147841/57082/10783/55143/699/348654/26271/55755/9319/7517/8110/55055/83540/990/220134/7272/57405/9275","GO:0007091","GO:0007091","metaphase/anaphase transition of mitotic cell cycle","metaphase/anaphase transition of mitotic cell cycle",1.70613629863586,-0.265460508237129,TRUE,FALSE,2.84441007191127,2.84441007191127,"opposite direction"
"human_vs_mouse_KD_GO_BP","human KD vs control vs mouse KD vs control","GO_BP","GO:0042593","glucose homeostasis","either",0.05,"opposite direction",-2.83594734576114,2.83594734576114,1.53618970402114,-1.29975764174,0.0328273640639123,0.141986288719521,"74551/12870/14119/246730/12842/20317/70310/20587/192185/14118/19275/23960/18555/109552/12286/18576/68938/19056/230784/102093/14694/22393/11651/11674/63959/19326/241296/108155/80976/23961/68441/74370/74998/67389/16971/50721/228869/12288/78894/52055/215999/14629/19376","8609/2778/2729/111/5532/2876/84467/9990/51094/1050/65220/10524/9572/9854/283450/3101/8473/5127/7776/4089/6722/8840/408/5007/6659/6810/5166/2730/26137/6774/51024/6934/5562/150/51714/2308/3098/5295/10670/143686/2081/8398/5019/5176","GO:0042593","GO:0042593","glucose homeostasis","glucose homeostasis",-0.847753592384267,1.4837639883781,FALSE,TRUE,-2.83594734576114,2.83594734576114,"opposite direction"
"human_vs_mouse_KD_GO_BP","human KD vs control vs mouse KD vs control","GO_BP","GO:0044839","cell cycle G2/M phase transition","either",0.05,"opposite direction",2.8327444937793,2.8327444937793,-1.01493904507878,1.81780544870052,0.711650623807749,0.00196184827727671,"20184/107995/57261/12704/22410/71375/23834/12566/53892/268697/67333/235559/12545/12534/381921/22390/76843/269582/11799/237877/12428/12189/18005/18712/330177/108000/18008/12144/71276","2273/4869/1026/29997/1021/1063/23560/332/9833/2305/26271/58493/9928/5889/92002/10776/8558/80279/284001/29980/27183/10763/80174/6790/990/51149/54465/672/23326/994/63967/3364/4683/995/54984/595/140901/4361/641/26993/79184/4998/1112/5932/7319/84142/90381/9088/57099/11073/9212/84936/23194/92421/1017/580/60672","GO:0044839","GO:0044839","cell cycle G2/M phase transition","cell cycle G2/M phase transition",2.7073345825266,-0.147733165621337,TRUE,FALSE,2.8327444937793,2.8327444937793,"opposite direction"
"human_vs_mouse_KD_GO_BP","human KD vs control vs mouse KD vs control","GO_BP","GO:0035710","CD4-positive, alpha-beta T cell activation","either",0.05,"opposite direction",-2.82878615948161,2.82878615948161,0.901812351320073,-1.92697380816154,0.837839473042205,0.00240145471251993,"16859/15944/16453/16950/66592/20852/16952/12394/13039/58185/65960/108655/16852/103743/233912/60533/21813/12608/12400/56468/56717/16189/14462/12703/16452/16193/21803/19698","5914/2625/3594/64410/8651/284194/3965/27086/5699/10538/84695/942/5692/60437/3071/5687/4297/975/6097/3716/29110/64332/5690/865/6693/338567/64218/5685/5684/4221/8807/57045/301/1051/8546/3726/4063/6774/3718/5689/6776/538/5295/51043/149041/5686/2033/3956/5691","GO:0035710","GO:0035710","CD4-positive, alpha-beta T cell activation","CD4-positive, alpha-beta T cell activation",-2.61952559902633,0.0768391826229483,TRUE,FALSE,-2.82878615948161,2.82878615948161,"opposite direction"
"human_vs_mouse_KD_GO_BP","human KD vs control vs mouse KD vs control","GO_BP","GO:0044282","small molecule catabolic process","either",0.05,"opposite direction",-2.82730088712755,2.82730088712755,1.4267741927775,-1.40052669435005,0.0779979073828403,0.0354027439701234,"18641/108682/22436/12041/14635/192166/26912/110695/66253/11529/74114/51798/11409/230784/14874/107747/216188/330260/67460/22601/14661/11651/12035/11898/66885/66904/56174/18634/11674/16828/225913/15108/231086/113868/13171/257633/26569/246277/11532/93747/78038/11370/16922/23986/110842/235339/110446/72157/433256/269378/12039/57357/26378/232449/52538/53893/22271/14433/13808/269823/56409/109801/11666/16548/20975/20524/20425/21991/15107/52665/18105/93732/216136/67689/58875/56717/68631/14085/104184/19299/213350/67980/52430/18242/22160/19125/13479/80879/13806/17308/12896/75894/12091/11474/110959/26874/231327","189/4942/374569/215/10007/10247/2805/2530/3242/10295/1376/5444/1737/4051/3067/55289/64064/11283/9784/6783/137872/3667/1066/5213/11332/112817/1610/8529/32/132789/1738/3029/57834/66002/5232/10840/30/2806/5825/1384/55268/25953/5446/3028/9663/254013/3101/160287/219743/222/2109/79411/2098/6342/89/138199/10478/51/23464/2584/38/51380/3098/225/8630/25828/5236/978/2110/55902/84696/1757/10327/2747/35/5230/57016/5973/51005/2026/33/7291/5019/2027/217/7498","GO:0044282","GO:0044282","small molecule catabolic process","small molecule catabolic process",-1.45096307568891,1.10791704890281,TRUE,FALSE,-2.82730088712755,2.82730088712755,"opposite direction"
"human_vs_mouse_KD_GO_BP","human KD vs control vs mouse KD vs control","GO_BP","GO:0009135","purine nucleoside diphosphate metabolic process","either",0.05,"opposite direction",-2.82356412771488,2.82356412771488,1.17558045888512,-1.64798366882976,0.514311919757942,0.0239539091226588,"18641/243853/12833/14635/74747/14751/22601/66129/14923/11639/11674/108155/225913/74370/56327/50721/239017/72141/11820/19384/14433/13808/208727/15937/19164/16548/56428/56716/21991/20779","5232/441531/11182/5027/84676/3101/5313/5207/8473/5571/2821/53632/89/9611/405/1740/26137/5562/6714/3098/9759/5236/2033/260425/5515/5230/2026/230/2027/4354","GO:0009135","GO:0009135","purine nucleoside diphosphate metabolic process","purine nucleoside diphosphate metabolic process",-1.62062360242209,0.288773410298565,TRUE,FALSE,-2.82356412771488,2.82356412771488,"opposite direction"
"human_vs_mouse_KD_GO_BP","human KD vs control vs mouse KD vs control","GO_BP","GO:0009179","purine ribonucleoside diphosphate metabolic process","either",0.05,"opposite direction",-2.82356412771488,2.82356412771488,1.17558045888512,-1.64798366882976,0.514311919757942,0.0239539091226588,"18641/243853/12833/14635/74747/14751/22601/66129/14923/11639/11674/108155/225913/74370/56327/50721/239017/72141/11820/19384/14433/13808/208727/15937/19164/16548/56428/56716/21991/20779","5232/441531/11182/5027/84676/3101/5313/5207/8473/5571/2821/53632/89/9611/405/1740/26137/5562/6714/3098/9759/5236/2033/260425/5515/5230/2026/230/2027/4354","GO:0009179","GO:0009179","purine ribonucleoside diphosphate metabolic process","purine ribonucleoside diphosphate metabolic process",-1.62062360242209,0.288773410298565,TRUE,FALSE,-2.82356412771488,2.82356412771488,"opposite direction"
"human_vs_mouse_KD_GO_BP","human KD vs control vs mouse KD vs control","GO_BP","GO:0051225","spindle assembly","either",0.05,"opposite direction",2.82304493293328,2.82304493293328,-1.68097567363563,1.14206925929765,0.0142577946477134,0.470229900453338,"74201/66371/68942/71819/76478/232933/26934/16569/106042/54204/76123/107995/76499/218914/12316/16571/72776/219114/20460/100502766/54141/212307/16551/229841/16580/68767/72119/66140/11799/193740/67300/18005/70466/52276/100732/68183/16319/233406/20878/78906/15511","29128/22974/221150/3833/348235/10615/332/10783/55835/55143/3304/2801/51652/6491/55142/93323/23354/220134/54801/3832/9493/9639/9055/85378/3619/79598/49856/54627/1104/80254/79884/26151/84142/29901/56647/56992/9212/24137/92421/5119/55125","GO:0051225","GO:0051225","spindle assembly","spindle assembly",0.327689758900945,-1.84594764463826,FALSE,TRUE,2.82304493293328,2.82304493293328,"opposite direction"
"human_vs_mouse_KD_GO_BP","human KD vs control vs mouse KD vs control","GO_BP","GO:0060349","bone morphogenesis","either",0.05,"opposite direction",-2.82267528156892,2.82267528156892,1.11337341932942,-1.7093018622395,0.604211914365498,0.0323079222871597,"12842/17937/17387/12825/234356/12167/16998/21827/18634/20340/20855/269878/14043/59035/231633/110006/21898/17386/23850/20481","89/2690/1386/642658/116039/2296/2263/7291/5916/4322","GO:0060349","GO:0060349","bone morphogenesis","bone morphogenesis",-1.49069097043285,0.218810715189559,TRUE,FALSE,-2.82267528156892,2.82267528156892,"opposite direction"
"human_vs_mouse_KD_GO_BP","human KD vs control vs mouse KD vs control","GO_BP","GO:0045786","negative regulation of cell cycle","either",0.05,"opposite direction",2.81818548934493,2.81818548934493,-1.20325731076812,1.61492817857681,0.290848113771851,0.00224181428797611,"72772/18749/227331/11920/319955/17193/70045/19651/225131/381979/57441/327762/93759/28000/54394/68953/93762/13972/22589/234736/235041/52040/20674/68592/21981/18747/108961/235610/118454/218294/214444/229543/12193/67177/13548/11785/20296/66371/72440/20467/66977/69076/67463/28010/19367/380629/26951/66591/240255/545622/29857/74335/21951/56275/77011/71711/238555/20184/107995/19272/57261/12237/218914/24010/12952/14184/240087/14056/71375/12367/225845/23834/382073/17245/219114/52696/17283/100502766/23871/241627/12235/59036/56312/268697/67333/235559/229841/22385/17096/208266/12534/381921/269424/71733/22390/76843/269582/19891/208768/15370/11799/26941/11789/12189/70385/18005/330177/52276/93695/16319/12144/52679/11852/12159/12753/12236/12581/100342","2273/54908/4869/1026/5591/11130/29997/701/3624/1021/9656/1063/221150/23560/8379/1832/332/91607/144455/147841/57082/7040/55143/5371/699/348654/79968/26271/58493/8525/197342/55755/3236/80279/29980/27183/9319/90313/83695/55159/81620/7517/6118/55055/83540/6196/990/7158/220134/51053/2177/655/51149/7272/57405/57805/54465/9894/6878/79027/1763/25959/672/7013/10488/10040/151636/6300/51339/7114/63967/3364/5984/3275/4683/168451/440275/80185/54984/84444/595/5982/140901/899/4361/83990/3619/991/79858/8914/286151/146956/9735/51654/641/388/51499/79184/4998/1112/80254/5932/84142/90381/6419/9088/51776/56890/29117/84126/4085/57099/5774/2074/11073/7976/9212/84936","GO:0045786","GO:0045786","negative regulation of cell cycle","negative regulation of cell cycle",2.64940036723069,-0.536333748372861,TRUE,FALSE,2.81818548934493,2.81818548934493,"opposite direction"
"human_vs_mouse_KD_GO_BP","human KD vs control vs mouse KD vs control","GO_BP","GO:0030073","insulin secretion","either",0.05,"opposite direction",-2.81771785691019,2.81771785691019,1.16376075721537,-1.65395709969482,0.503570295144399,0.0161794193047114,"74551/18641/12361/192185/19275/18555/14609/109552/20615/18576/20787/19056/14661/11674/19326/241296/80976/16952/74370/14682/66294/74998/67389/67623/16971/50721/12288/78894/52055/215999/20909/67267/18754/11865/13640/20913/15107/20677/14672/102607/50790/68667/15251/218461/330890","846/4760/23435/9575/3741/3651/226/3172/2182/3745/406/25924/5715/51738/5950/23409/9971/6717/389692/10815/6833/6927/116534/3667/8609/2778/7021/6352/111/5532/54097/65220/9572/5568/9854/818/5864/51083/9066/9463/23557/5127/5007/2775/84300/10411/6659/6810/57555/6934/150/51714/2308/65985/3717/8398/4856/3625/5019","GO:0030073","GO:0030073","insulin secretion","insulin secretion",-1.79103706970058,0.297939896188005,TRUE,FALSE,-2.81771785691019,2.81771785691019,"opposite direction"
"human_vs_mouse_KD_GO_BP","human KD vs control vs mouse KD vs control","GO_BP","GO:0000724","double-strand break repair via homologous recombination","either",0.05,"opposite direction",2.81727755311421,2.81727755311421,-1.17170479653416,1.64557275658005,0.396775672371638,0.01226766434055,"19362/50505/67788/272158/234736/11545/108937/66634/75317/229543/78656/13548/236904/235626/68275/13831/74335/71711/233826/229584/93765/214763/12914/72931/52864/240087/21975/22592/107932/226026/20422/103537/235559/12545/77782/19891/211978/12189/59004/191578/12144/17217/68501/17215/57321/117599","29128/64710/64110/142/84515/9907/9401/5965/348654/58493/5889/65980/22909/55183/54386/55159/1387/4173/63979/84717/7517/6118/2237/79728/7158/7516/51149/2073/7486/672/23514/10635/84464/10933/54537/55317/27336/6119/3364/56160/4683/10097/115004/4361/4796/8914/641/158880/84296/51659/56893/9400/10856/7156/5892/5932/10721/51588/2187/23126/2074/11073/116028/10459/4174/55929/4176/55218/675/64769/5893/254225/126549","GO:0000724","GO:0000724","double-strand break repair via homologous recombination","double-strand break repair via homologous recombination",1.91123811539588,-0.401454963732192,TRUE,FALSE,2.81727755311421,2.81727755311421,"opposite direction"
"human_vs_mouse_KD_GO_BP","human KD vs control vs mouse KD vs control","GO_BP","GO:0046031","ADP metabolic process","either",0.05,"opposite direction",-2.81726077239197,2.81726077239197,1.21468725536509,-1.60257351702688,0.46318973984436,0.0432479511723628,"18641/243853/12833/14635/74747/14751/22601/66129/11639/11674/108155/225913/74370/56327/50721/239017/72141/11820/19384/14433/13808/208727/15937/19164/16548/56428/56716/21991/20779","5232/441531/11182/5027/84676/3101/5313/5207/8473/5571/2821/53632/89/9611/405/26137/5562/6714/3098/9759/5236/2033/5515/5230/2026/230/2027","GO:0046031","GO:0046031","ADP metabolic process","ADP metabolic process",-1.36403446197058,0.334241069268378,TRUE,FALSE,-2.81726077239197,2.81726077239197,"opposite direction"
"human_vs_mouse_KD_GO_BP","human KD vs control vs mouse KD vs control","GO_BP","GO:0044406","adhesion of symbiont to host","either",0.05,"opposite direction",-2.81535585720742,2.81535585720742,1.88590028601484,-0.929455571192576,0.0303425742462488,0.741664854678553,"55932/236573/229900/14469","30835/727897/3625","GO:0044406","GO:0044406","adhesion of symbiont to host","adhesion of symbiont to host",-0.129792300441903,1.51794757669645,FALSE,TRUE,-2.81535585720742,2.81535585720742,"opposite direction"
"human_vs_mouse_KD_GO_BP","human KD vs control vs mouse KD vs control","GO_BP","GO:0000045","autophagosome assembly","either",0.05,"opposite direction",-2.81444576631888,2.81444576631888,1.04887381171216,-1.76557195460672,0.671285034373348,0.00702373198722681,"15944/54396/60440/66725/16145/15953/29869/240327/12176/68943/74781/100039796/52639/54636/75788/76983/68441/74370/21822/75909/235040/100763/17772/235180","83452/162427/8897/90410/5861/79837/200576/440026/84557/140775/51375/23647/9821/65018/55626/488/55968/23673/79142/7879/79137/10043/55062/51100/8678/112574/9706/29978/8723/11337/120892/54463","GO:0000045","GO:0000045","autophagosome assembly","autophagosome assembly",-2.15343206866932,0.173093034867102,TRUE,FALSE,-2.81444576631888,2.81444576631888,"opposite direction"
"human_vs_mouse_KD_GO_BP","human KD vs control vs mouse KD vs control","GO_BP","GO:0090130","tissue migration","either",0.05,"opposite direction",-2.81313966825562,2.81313966825562,1.08237125459472,-1.7307684136609,0.649252859938219,0.0208349678886729,"11475/14178/20346/70097/68813/19270/21814/15529/22352/18643/68585/14026/384009/11845/18754/11426/12339/330662/11826/20779/11881/21813/15227/56717/15251/21333/14083/21754","9922/382/23499/9448/7016/2255/72/4089/25930/4318/5747/6714/5728/11221/5168/83481/2252/58/59","GO:0090130","GO:0090130","tissue migration","tissue migration",-1.68120716455074,0.187586128641052,TRUE,FALSE,-2.81313966825562,2.81313966825562,"opposite direction"
"human_vs_mouse_KD_GO_BP","human KD vs control vs mouse KD vs control","GO_BP","GO:0006749","glutathione metabolic process","either",0.05,"opposite direction",-2.80933580097784,2.80933580097784,1.85107200257874,-0.9582637983991,0.0176764182501999,0.709240318209634,"107869/26570/14873/14381/69065/14782/14874/17250/211666/14870/67096/15926/232223/68312/12955/75475/14629/14854/109801/18024/14869","4258/6506/79094/124975/23474/728441/2944/6647/494143/2729/51022/2876/3029/2950/4780/2730/26873/119391/2949","GO:0006749","GO:0006749","glutathione metabolic process","glutathione metabolic process",-0.14920658401548,1.75260573093839,FALSE,TRUE,-2.80933580097784,2.80933580097784,"opposite direction"
"human_vs_mouse_KD_GO_BP","human KD vs control vs mouse KD vs control","GO_BP","GO:0034502","protein localization to chromosome","either",0.05,"opposite direction",2.8089535872068,2.8089535872068,-1.20095949386356,1.60799409334324,0.437491267147213,0.0421146568409144,"22589/11545/328572/66634/18747/101994/14312/72440/235626/68275/26951/74666/66578/21951/71988/12237/218914/24010/240087/14056/217558/12566/226026/235559/12534/320678/19891/59004/70385/12236/226151/57321","29128/54908/7520/9656/142/84515/57082/5371/54386/91272/83695/6118/55055/7158/78996/51176/51149/7272/23272/221496/55632/51112/27336/26277/26354/4683/54984/1058/6596/4796/9735/55166/51535/51588/7443/2074/11073/9212/84629","GO:0034502","GO:0034502","protein localization to chromosome","protein localization to chromosome",1.37556673368085,-0.359030611596249,TRUE,FALSE,2.8089535872068,2.8089535872068,"opposite direction"
"human_vs_mouse_KD_GO_BP","human KD vs control vs mouse KD vs control","GO_BP","GO:0010972","negative regulation of G2/M transition of mitotic cell cycle","either",0.05,"opposite direction",2.804119555999,2.804119555999,-0.899176690269122,1.90494286572988,0.840687315523202,0.00386181513948376,"67333/235559/12534/381921/22390/76843/269582/12189/330177/12144","2273/1026/29997/23560/58493/80279/29980/27183/990/51149/54465/672/63967/3364/4683/54984/140901/4361/641/79184/4998/1112/5932/84142/90381/9088/57099/11073/9212/84936/92421/580/60672","GO:0010972","GO:0010972","negative regulation of G2/M transition of mitotic cell cycle","negative regulation of G2/M transition of mitotic cell cycle",2.41320851922147,-0.075365505264933,TRUE,FALSE,2.804119555999,2.804119555999,"opposite direction"
"human_vs_mouse_KD_GO_BP","human KD vs control vs mouse KD vs control","GO_BP","GO:0060485","mesenchyme development","either",0.05,"opposite direction",-2.80217101341631,2.80217101341631,1.23793315465161,-1.5642378587647,0.362128173550587,0.0059135737015185,"11475/12842/13731/21804/20356/21859/14609/20346/18186/19664/24075/20361/20846/23892/20017/21677/18764/17999/71228/192173/16950/15364/21814/22601/192176/224143/14268/319757/18793/68585/384009/242509/114715/100182/18569/67040/94352/14726/13207/23794/26417/22084/22339/66515/14538/66214/20677/21813/629378/223332/15227/75717/18570/12540/11490/56717/15251/24064/21453/14083/14042","5311/6608/3249/283149/3169/2013/72/4089/753/2668/2260/9820/10521/8454/6881/10736/10370/6659/324/8642/1601/6934/23414/9978/5747/1942/7043/642658/2296/650/5515/1499/6615/6405/4040/3182/5728/2263/7291/3516/8828/3082/7049/58/59/6275","GO:0060485","GO:0060485","mesenchyme development","mesenchyme development",-2.22814998615944,0.441137685783436,TRUE,FALSE,-2.80217101341631,2.80217101341631,"opposite direction"
"human_vs_mouse_KD_GO_BP","human KD vs control vs mouse KD vs control","GO_BP","GO:0030071","regulation of mitotic metaphase/anaphase transition","either",0.05,"opposite direction",2.79738475791657,2.79738475791657,-1.13639794172669,1.66098681618988,0.533476785106929,0.0242571993788501,"26951/66591/74335/107995/12237/24010/23834/219114/52696/12235/268697/229841/29861/11799/11789/70385/52276/16319/68501/12236","54908/11130/9787/701/1063/221150/8379/332/147841/57082/10783/55143/699/348654/26271/55755/9319/7517/8110/55055/83540/990/220134/7272/57405/9275","GO:0030071","GO:0030071","regulation of mitotic metaphase/anaphase transition","regulation of mitotic metaphase/anaphase transition",1.61515934215545,-0.272884474682478,TRUE,FALSE,2.79738475791657,2.79738475791657,"opposite direction"
"human_vs_mouse_KD_GO_BP","human KD vs control vs mouse KD vs control","GO_BP","GO:0060348","bone development","either",0.05,"opposite direction",-2.79025304664669,2.79025304664669,1.57892321270304,-1.21132983394365,0.018119436594263,0.380594755270105,"20692/12842/12111/23876/14118/12833/17937/21859/14609/22059/17387/23892/59056/12825/234356/67661/12167/16998/21827/18634/69190/20340/16948/20855/13601/18214/242509/269878/80752/14043/268396/108958/72055/239337/19035/59035/18472/270106/231633/56316/233328/212627/110006/21898/14534/17386/23850/18081/18295/20481/16878/108655/12306/72043/20779/329628/15485/21813/235611/223332","6261/147111/1954/55294/5447/26254/8840/89/537/2690/2648/1386/642658/116039/162466/2296/650/55959/4969/2263/7291/5916/4322","GO:0060348","GO:0060348","bone development","bone development",-0.419537200738821,1.7418553104013,FALSE,TRUE,-2.79025304664669,2.79025304664669,"opposite direction"
"human_vs_mouse_KD_GO_BP","human KD vs control vs mouse KD vs control","GO_BP","GO:0044784","metaphase/anaphase transition of cell cycle","either",0.05,"opposite direction",2.78899271072654,2.78899271072654,-1.11838953080604,1.6706031799205,0.580466960559757,0.0120312053331932,"26951/66591/74335/107995/12237/12704/24010/23834/219114/52696/12235/268697/229841/29861/11799/11789/70385/52276/16319/68501/12236","10460/54908/11130/9787/701/1063/221150/8379/332/147841/57082/10783/55143/699/348654/26271/55755/9319/7517/8110/55055/83540/990/220134/7272/57405/9275","GO:0044784","GO:0044784","metaphase/anaphase transition of cell cycle","metaphase/anaphase transition of cell cycle",1.91969086116122,-0.236222494710823,TRUE,FALSE,2.78899271072654,2.78899271072654,"opposite direction"
"human_vs_mouse_KD_GO_BP","human KD vs control vs mouse KD vs control","GO_BP","GO:0141198","protein branched polyubiquitination","either",0.05,"opposite direction",-2.78772850580263,2.78772850580263,0.857657373450435,-1.9300711323522,0.850580160413178,0.0255543645494021,"59008/52206/69957/217232/52717/69010/17222","23352/10393/8881/10075/51433/64682/29882/51366/29945","GO:0141198","GO:0141198","protein branched polyubiquitination","protein branched polyubiquitination",-1.59253491400905,0.0702847513228713,TRUE,FALSE,-2.78772850580263,2.78772850580263,"opposite direction"
"human_vs_mouse_KD_GO_BP","human KD vs control vs mouse KD vs control","GO_BP","GO:0050777","negative regulation of immune response","either",0.05,"opposite direction",-2.78625444126782,2.78625444126782,1.76787581212977,-1.01837862913805,0.00333556582282573,0.639998529290902,"16859/24110/15944/246730/547253/54396/100038882/16145/12946/23960/246727/17082/93694/64685/218460/16453/19056/80861/12825/20847/16950/14158/226691/22628/15216/20852/20085/23961/16952/22225/66294/21354/268857/26987","2534/301/9958/253943/8078/9470/5777/3134/3718/1398/171389/6776/10039/6714/149041/23220/3956/26058/3135/9173/5595/5648/5577","GO:0050777","GO:0050777","negative regulation of immune response","negative regulation of immune response",-0.193821024018581,2.47683048471971,FALSE,TRUE,-2.78625444126782,2.78625444126782,"opposite direction"
"human_vs_mouse_KD_GO_BP","human KD vs control vs mouse KD vs control","GO_BP","GO:0036297","interstrand cross-link repair","either",0.05,"opposite direction",2.77854965278539,2.77854965278539,-0.749719533639506,2.02883011914588,0.941805330483053,0.00251442027428557,"381306/269523/67513/104806/237211/227525/19362/50505/272158/234736/66634/60534/217216/74335/20892/71885/232210/244666","64710/201254/84515/2175/55215/165918/2189/199990/22909/55159/63979/7517/2176/2177/10635/80233/2178","GO:0036297","GO:0036297","interstrand cross-link repair","interstrand cross-link repair",2.59956213017102,-0.0260388558418793,TRUE,FALSE,2.77854965278539,2.77854965278539,"opposite direction"
"human_vs_mouse_KD_GO_BP","human KD vs control vs mouse KD vs control","GO_BP","GO:0042330","taxis","either",0.05,"opposite direction",-2.77727102677501,2.77727102677501,1.33833301926324,-1.43893800751177,0.2159306449432,0.0251614346873707,"16859/20563/20564/12266/68119/20750/14178/27226/26903/18846/11603/399558/20356/20346/18186/15234/20361/23892/78560/18438/238130/12778/17250/14158/20312/171095/19241/14870/20210/14268/12977/20085/238871/16948/16952/19242/12554/20254/23789/21983/18578/108737/13655/20315/18003/16971/269878/268373/20198/57342/19035/18595/215999/117149/11820/20909/11876/18081/20306/14869/26417/74006/13123/13640/22084/22339","57509/7422/79647/200576/2950/796/5142/3084/10663/6092/102/3603/65125/6693/1991/1960/3958/6355/64218/7423/1954/3265/6868/5580/5025/10457/9034/2255/1843/51571/301/5764/23604/2829/5159/6558/3164/2668/6729/7226/2260/10928/55742/64094/2185/1901/4313/80270/6810/5747/57175/4814/55219/1435/6259/284/6387/1130/2277/23767/641700/6405/8398/7412/9423/55605/5595/4856/5156/718/5168/3082/9353/2252/4354/6275","GO:0042330","GO:0042330","taxis","taxis",-1.59926459935378,0.665685718085956,TRUE,FALSE,-2.77727102677501,2.77727102677501,"opposite direction"
"human_vs_mouse_KD_GO_BP","human KD vs control vs mouse KD vs control","GO_BP","GO:0006935","chemotaxis","either",0.05,"opposite direction",-2.77554953386239,2.77554953386239,1.33661152635062,-1.43893800751177,0.194105245460005,0.0251614346873707,"16859/20563/20564/12266/68119/20750/14178/27226/26903/18846/11603/399558/20356/20346/18186/15234/20361/23892/78560/18438/238130/12778/17250/14158/20312/171095/19241/14870/20210/14268/12977/20085/238871/16948/16952/19242/12554/20254/23789/21983/18578/108737/13655/20315/18003/16971/269878/268373/20198/57342/19035/18595/215999/117149/11820/20909/11876/18081/20306/14869/26417/74006/13123/13640/22084/22339","57509/7422/79647/200576/2950/796/5142/3084/10663/6092/102/3603/65125/6693/1991/1960/3958/6355/64218/7423/1954/3265/6868/5580/5025/10457/9034/2255/1843/51571/301/5764/23604/2829/5159/6558/3164/2668/6729/7226/2260/10928/55742/64094/2185/1901/4313/80270/6810/5747/57175/4814/55219/1435/6259/284/6387/1130/2277/23767/641700/6405/8398/7412/9423/55605/5595/4856/5156/718/5168/3082/9353/2252/4354/6275","GO:0006935","GO:0006935","chemotaxis","chemotaxis",-1.59926459935378,0.711962728168804,TRUE,FALSE,-2.77554953386239,2.77554953386239,"opposite direction"
"human_vs_mouse_KD_GO_BP","human KD vs control vs mouse KD vs control","GO_BP","GO:0006575","modified amino acid metabolic process","either",0.05,"opposite direction",-2.76641748263918,2.76641748263918,1.87992341910277,-0.886494063536411,0.000408766823158109,0.853911716792203,"107869/26570/270685/243853/17768/50527/192166/14873/66811/56693/14381/110695/18451/69065/108037/14782/218476/74114/14874/107747/216188/17250/211666/108147/14870/54381/11898/112406/13038/67096/15926/193742/14431/232223/68312/12955/13039/75475/269378/53381/14629/108156/18618/14854/78070/22171/109801/18024/14869/19210/27388/20425/14287","494143/5034/112817/2729/51022/53919/2876/3029/10840/2950/2806/1384/10404/10162/5447/441024/3249/7920/26090/4524/1735/4780/2730/26873/119391/2628/1757/223/2949/6535/33","GO:0006575","GO:0006575","modified amino acid metabolic process","modified amino acid metabolic process",-0.0685870273108718,3.38852436019249,FALSE,TRUE,-2.76641748263918,2.76641748263918,"opposite direction"
"human_vs_mouse_KD_GO_BP","human KD vs control vs mouse KD vs control","GO_BP","GO:0007212","G protein-coupled dopamine receptor signaling pathway","either",0.05,"opposite direction",-2.76432597988898,2.76432597988898,0.876064790487479,-1.8882611894015,0.826141593979122,0.0285336439564373,"66725/192176/59287/14682/118445","2775/55737/112/5731/84062/120892","GO:0007212","GO:0007212","G protein-coupled dopamine receptor signaling pathway","G protein-coupled dopamine receptor signaling pathway",-1.54464276219792,0.0829455117428626,TRUE,FALSE,-2.76432597988898,2.76432597988898,"opposite direction"
"human_vs_mouse_KD_GO_BP","human KD vs control vs mouse KD vs control","GO_BP","GO:0000423","mitophagy","either",0.05,"opposite direction",-2.76424373706396,2.76424373706396,1.13131902327478,-1.63292471378918,0.574542019779327,0.0379690985112757,"15944/54396/16145/11739/29869/20787/14467/12257/71712/12176/68943/11740/108155/75788/235040/64704/381038/14232","706/64127/84557/51375/55294/27429/23647/65018/55626/6720/8473/10075/139341/55187/2931/84749/8454/8878/7855/6721/8678/9978/160760/9706/10273/7415/11337/291","GO:0000423","GO:0000423","mitophagy","mitophagy",-1.42056971405921,0.24067820319685,TRUE,FALSE,-2.76424373706396,2.76424373706396,"opposite direction"
"human_vs_mouse_KD_GO_BP","human KD vs control vs mouse KD vs control","GO_BP","GO:1902750","negative regulation of cell cycle G2/M phase transition","either",0.05,"opposite direction",2.76358827021708,2.76358827021708,-0.895083572536668,1.86850469768041,0.852993123119923,0.00790046518480477,"67333/235559/12534/381921/22390/76843/269582/12189/330177/12144","2273/1026/29997/23560/58493/80279/29980/27183/990/51149/54465/672/63967/3364/4683/54984/140901/4361/641/79184/4998/1112/5932/84142/90381/9088/57099/11073/9212/84936/92421/580/60672","GO:1902750","GO:1902750","negative regulation of cell cycle G2/M phase transition","negative regulation of cell cycle G2/M phase transition",2.10234733639995,-0.0690544701256881,TRUE,FALSE,2.76358827021708,2.76358827021708,"opposite direction"
"human_vs_mouse_KD_GO_BP","human KD vs control vs mouse KD vs control","GO_BP","GO:0031929","TOR signaling","either",0.05,"opposite direction",-2.75761122717759,2.75761122717759,1.01747875368403,-1.74013247349356,0.708728298611111,0.00471549892360097,"20112/232087/74747/107045/17168/13685/76630/230784/14673/11651/68943/22628/107260/11987/108155/22258/11836/69035/68441/56613/74370/17772/101142/252875/22631/216080/66799/110006/110379/11989/11865/26417/22084/56716/108655/66496/18706/20779/68845/227743/20104/18570/56717/15251/93687/15183/66508/110651/270802/224023/22433/14462/75747/67046/26965/20304","144577/8550/55593/6725/203228/3071/389541/57162/84433/2629/8649/6197/80243/6352/7334/23304/1978/29110/96459/64798/57600/56681/9681/140775/23334/65018/8452/8473/90809/57559/4864/8841/6198/2931/7321/8454/81929/154743/55611/28956/253260/5562/9978/84861/6714/10670/143686/729438/5290/2033/64121/8239/55004/56957/7107/5595/23387/64083/9252","GO:0031929","GO:0031929","TOR signaling","TOR signaling",-2.32647234994606,0.149520226071153,TRUE,FALSE,-2.75761122717759,2.75761122717759,"opposite direction"
"human_vs_mouse_KD_GO_BP","human KD vs control vs mouse KD vs control","GO_BP","GO:0043470","regulation of carbohydrate catabolic process","either",0.05,"opposite direction",-2.75688830067864,2.75688830067864,0.874847196436722,-1.88204110424192,0.852183462811885,0.0208349678886729,"74747/22059/102093/66129/108155/74370/56327/50721/105651/11820/208727/15937/19164/56428/56716/20779/56717/15251","11182/5027/84676/5207/8473/5571/53632/89/9611/405/26137/5562/5255/6714/9759/2033/5515/5499","GO:0043470","GO:0043470","regulation of carbohydrate catabolic process","regulation of carbohydrate catabolic process",-1.68120716455074,0.0694668978276918,TRUE,FALSE,-2.75688830067864,2.75688830067864,"opposite direction"
"human_vs_mouse_KD_GO_BP","human KD vs control vs mouse KD vs control","GO_BP","GO:1902099","regulation of metaphase/anaphase transition of cell cycle","either",0.05,"opposite direction",2.75050396952986,2.75050396952986,-1.10490661920017,1.64559735032969,0.580466960559757,0.0260735421475996,"26951/66591/74335/107995/12237/24010/23834/219114/52696/12235/268697/229841/29861/11799/11789/70385/52276/16319/68501/12236","54908/11130/9787/701/1063/221150/8379/332/147841/57082/10783/55143/699/348654/26271/55755/9319/7517/8110/55055/83540/990/220134/7272/57405/9275","GO:1902099","GO:1902099","regulation of metaphase/anaphase transition of cell cycle","regulation of metaphase/anaphase transition of cell cycle",1.58379996497058,-0.236222494710823,TRUE,FALSE,2.75050396952986,2.75050396952986,"opposite direction"
"human_vs_mouse_KD_GO_BP","human KD vs control vs mouse KD vs control","GO_BP","GO:0061448","connective tissue development","either",0.05,"opposite direction",-2.74493705463366,2.74493705463366,1.244045882526,-1.50089117210766,0.33772777293817,0.0366489545016099,"11475/12842/74155/19092/12111/243853/67800/214855/12833/11603/229534/18933/21857/12490/23892/59056/12825/234356/17313/12167/18740/15364/16998/21827/13038/71566/20204/12977/20340/15902/16948/20855/12394/77006/13601/21810/268396/110446/239337/15461/215798/59035/19645/67378/18763/114679/110006/13549/21898/14534/17386/94352/18295/666173/26417","23369/8840/5159/157680/3549/11145/10736/10499/7483/2690/1280/5562/2648/538/38/1386/9978/7227/642658/116039/10424/7480/5593/650/55959/9149/4781/4969/1605/4856/5916/5019/1642/947/59","GO:0061448","GO:0061448","connective tissue development","connective tissue development",-1.43593841012676,0.471433223824649,TRUE,FALSE,-2.74493705463366,2.74493705463366,"opposite direction"
"human_vs_mouse_KD_GO_BP","human KD vs control vs mouse KD vs control","GO_BP","GO:0042594","response to starvation","either",0.05,"opposite direction",-2.74117826253152,2.74117826253152,1.23010460631732,-1.5110736562142,0.397746315423001,0.0208349678886729,"74551/20539/66725/232087/29869/107045/20525/17168/13685/76267/20787/11520/76630/230784/72238/226691/11651/192197/19106/74781/22628/15216/27053/57875/218035/52639/58809/22258/54636/26408/12660/68441/74370/67760/78926/69719/101142/110446/13039/319195/252875/22631/215999/15382/22271","96459/2310/6569/10524/84557/56681/9681/10634/23334/3992/133746/55364/55626/9463/6720/5058/53349/5571/53632/1119/123/81929/4780/154743/55062/6810/5166/10367/6721/51100/5562/8678/38/1386/54828/2308/10670/143686/9706/64121/8673/91689/10919/11337/5595/3625/120892/5019","GO:0042594","GO:0042594","response to starvation","response to starvation",-1.68120716455074,0.400393834808648,TRUE,FALSE,-2.74117826253152,2.74117826253152,"opposite direction"
"human_vs_mouse_KD_GO_BP","human KD vs control vs mouse KD vs control","GO_BP","GO:0033500","carbohydrate homeostasis","either",0.05,"opposite direction",-2.74045524048225,2.74045524048225,1.49794726445916,-1.24250797602309,0.0427950853852533,0.260771163386268,"74551/12870/14119/246730/12842/20317/70310/20587/192185/14118/19275/23960/18555/109552/12286/18576/68938/19056/230784/102093/14694/22393/11651/11674/63959/19326/241296/108155/80976/23961/68441/74370/74998/67389/16971/50721/228869/12288/78894/52055/215999/14629/19376","111/5532/2876/84467/9990/51094/1050/65220/10524/9572/9854/64282/283450/3101/8473/5127/7776/4089/6722/8840/408/5007/6659/6810/5166/2730/26137/6774/51024/6934/5562/150/51714/2308/3098/5295/10670/143686/2081/8398/5019/5176","GO:0033500","GO:0033500","carbohydrate homeostasis","carbohydrate homeostasis",-0.583740435465566,1.36860610277696,FALSE,TRUE,-2.74045524048225,2.74045524048225,"opposite direction"
"human_vs_mouse_KD_GO_BP","human KD vs control vs mouse KD vs control","GO_BP","GO:0046328","regulation of JNK cascade","either",0.05,"opposite direction",2.73804171905392,2.73804171905392,-1.78115276643874,0.956888952615177,0.00371343346070912,0.734734119430344,"332579/52065/22030/72349/52521/22026/14219/14013/26403/98432/269881/81877/13614/17283/12928/11596/22034/59036/211323/59009/26412/15502/15258/68339/381921/19246/26390/65020/330177/30957/63953/18816/19099/18626/26401/17873/23882","1490/2150/7474/344558/23043/140885/203447/56940/5770/4188/4616/1906/1845/22943/55504/2043/51339/177/1857/7477/5911/4296/8737/9479/23542/29108/2218/23162","GO:0046328","GO:0046328","regulation of JNK cascade","regulation of JNK cascade",0.133869792010443,-2.43022435359994,FALSE,TRUE,2.73804171905392,2.73804171905392,"opposite direction"
"human_vs_mouse_KD_GO_BP","human KD vs control vs mouse KD vs control","GO_BP","GO:0061136","regulation of proteasomal protein catabolic process","either",0.05,"opposite direction",-2.7346911032202,2.7346911032202,0.907810267904536,-1.82688083531566,0.8532156721984,0.000253348836384272,"66725/19358/217410/19186/26444/14694/14673/11651/15216/19165/108155/19188/11836/22225/77006/59029/231474/68077/17772/50721/76375/76892/26374/17025/19192/14629/216157/26420/18763/56291/14534/231600/80750/26417/19164/70369/26419/24086/67731/231672/68034/19167/20588/56468/56717/52033/93687/12005/19173/414872/14775/67903/22433/57320/170823/12759/14265/232286/67025/64209/53312/104318/18023","1263/2876/7110/116224/6923/51105/1050/2332/5887/5690/10213/5710/7917/1460/5719/5685/5720/819/5684/55294/65018/5718/150684/29761/8473/114907/23429/2931/4130/11047/8078/7979/4780/9532/5694/1601/5717/5689/5701/25831/2648/25898/9978/6872/22933/10869/5686/5709/29978/8239/10273/7415/5691/5707/641700/64326/11337/8667/120892","GO:0061136","GO:0061136","regulation of proteasomal protein catabolic process","regulation of proteasomal protein catabolic process",-3.59628108605675,0.0689411758588334,TRUE,FALSE,-2.7346911032202,2.7346911032202,"opposite direction"
"human_vs_mouse_KD_GO_BP","human KD vs control vs mouse KD vs control","GO_BP","GO:0032465","regulation of cytokinesis","either",0.05,"opposite direction",2.73268090821258,2.73268090821258,-1.72852131817967,1.00415959003291,0.0337797077662345,0.657080618729765,"50850/108961/211660/218294/381293/109333/66371/83770/268451/71819/235626/232341/16553/26934/16569/12704/227937/23834/101565/216963/102774/13605/78610/19348/240641/11799/211978/229776/52276/16319/52679/233406/20878","332/144455/55143/80179/9928/23636/51652/27183/25909/9738/6790/990/585/994/9493/10807/9055/598/63971/3619","GO:0032465","GO:0032465","regulation of cytokinesis","regulation of cytokinesis",0.182381342584026,-1.47134411190121,FALSE,TRUE,2.73268090821258,2.73268090821258,"opposite direction"
"human_vs_mouse_KD_GO_BP","human KD vs control vs mouse KD vs control","GO_BP","GO:0010721","negative regulation of cell development","either",0.05,"opposite direction",-2.72612876223836,2.72612876223836,1.11997162923493,-1.60615713300343,0.559361841053249,0.0106123711420825,"15944/20563/235106/14118/227292/18846/15901/20356/93694/21838/20346/18186/29869/16453/12568/16950/15364/12257/73181/15902/16952/19242/229615/12394/13866/68585/99375/76893","706/7422/5108/2302/796/9572/5690/865/57609/80128/6663/5685/5684/55365/55294/1072/9444/7533/3623/301/5764/494551/2931/3549/5802/3398/3659/56963/150290/3718/5689/23240/6776/6993/54857/51043/22933/149041/5686/9706/3956/4763/5691/1499/3135/7107/9921/5728/11221/342667/6696","GO:0010721","GO:0010721","negative regulation of cell development","negative regulation of cell development",-1.97418757002217,0.252307163966036,TRUE,FALSE,-2.72612876223836,2.72612876223836,"opposite direction"
"human_vs_mouse_KD_GO_BP","human KD vs control vs mouse KD vs control","GO_BP","GO:0031110","regulation of microtubule polymerization or depolymerization","either",0.05,"opposite direction",2.72190241202946,2.72190241202946,-1.61687389643898,1.10502851559048,0.0430838744290564,0.538107858337598,"75991/50850/328108/214444/101706/13548/56430/230101/54126/140810/76499/70997/12389/18479/219114/75786/216963/212307/68339/72119/66140/99512/11789/193740/16564/70466/100732/20617/14159/15511","22974/221150/348235/57704/3304/55755/55142/93323/26586/10142/89927/23354/220134/54801/6904","GO:0031110","GO:0031110","regulation of microtubule polymerization or depolymerization","regulation of microtubule polymerization or depolymerization",0.269130665623575,-1.36568524856116,FALSE,TRUE,2.72190241202946,2.72190241202946,"opposite direction"
"human_vs_mouse_KD_GO_BP","human KD vs control vs mouse KD vs control","GO_BP","GO:2000060","positive regulation of ubiquitin-dependent protein catabolic process","either",0.05,"opposite direction",-2.72062735486182,2.72062735486182,1.01423438522537,-1.70639296963645,0.713524654154826,0.0315322589259394,"66725/21804/19358/217410/14694/11651/19165/75788/22225/77006/231474/68077/50721/76375/26374/14629/26420/231600/19164/26419/231672/68034/56468/56717/93687/12005/14083/414872","2931/8078/4780/2185/28952/1601/25831/25898/9978/5747/6872/22933/11236/10273/7415/64326/11337/5728/120892","GO:2000060","GO:2000060","positive regulation of ubiquitin-dependent protein catabolic process","positive regulation of ubiquitin-dependent protein catabolic process",-1.50124491590197,0.14659101627265,TRUE,FALSE,-2.72062735486182,2.72062735486182,"opposite direction"
"human_vs_mouse_KD_GO_BP","human KD vs control vs mouse KD vs control","GO_BP","GO:0007009","plasma membrane organization","either",0.05,"opposite direction",-2.71225607907179,2.71225607907179,1.08193038933305,-1.63032568973874,0.609531570686949,0.0295072291189494,"13731/70310/12833/26903/69146/18828/11603/26943/226101/14251/11651/228983/75909/235406/17988/208092/13196/11982/66616/66700/109676/225608/20909/11835/11666/11735/12369/12306/329628","246777/63982/6647/116238/128866/27243/29763/53947/27230/57194/57132/440026/9788/5027/288/9525/81037/5864/114786/9066/7357/4627/2013/8841/57047/10347/50807/55207/8436/79643/343702/8560/51429/6810/11252/51100/2934/6281/112574/225/10458/55362/928/54874/10397/23136/5728","GO:0007009","GO:0007009","plasma membrane organization","plasma membrane organization",-1.53007157107782,0.215003795180881,TRUE,FALSE,-2.71225607907179,2.71225607907179,"opposite direction"
"human_vs_mouse_KD_GO_BP","human KD vs control vs mouse KD vs control","GO_BP","GO:0140694","membraneless organelle assembly","either",0.05,"opposite direction",2.7028128291222,2.7028128291222,-1.31470406960791,1.38810875951429,0.094118031816972,0.0315013528068861,"11793/140486/22138/13665/13006/217695/13424/328572/99412/13209/67139/214444/78321/101706/30946/50875/270086/52504/279561/268420/74383/74201/246747/226982/225929/66371/68942/226562/71819/233871/74477/67463/232341/76478/74596/232933/380629/26934/16569/106042/75547/66578/56275/54204/76123/229584/246102/20892/225659/107995/76499/232889/218914/110109/12316/108079/245902/16571/22350/72776/70012/20807/14359/14705/233833/17245/219114/20460/234594/13614/100502766/12566/106618/20620/50927/110911/107817/66711/22349/101565/54141/212307/16551/229841/67678/20239/16580/68767/233064/72119/66140/11799/12457/232976/68017/14086/193740/103135/218977/67300/18005/20474/70466/76763/52276/99100/100732/68183/16319/21916/71276/233406/20878/78906/15511","10642/29128/6228/4869/7520/5591/1153/3921/29997/9787/7138/54443/22974/201254/55355/29960/1063/221150/80152/3833/348235/10615/3856/332/22995/10783/55835/81554/55143/79172/27341/29777/64745/3304/26164/57674/2801/51335/23636/51652/55755/636/116840/6491/9100/284001/55142/55320/5587/93323/29767/54069/1906/9738/8225/4678/23354/220134/54801/197335/2491/3832/1060/672/387103/64946/55839/80153/26284/55239/28988/6624/9493/22868/9662/51112/1983/29766/9639/9055/51119/7284/85378/6234/1058/80071/550643/3619/5563/65267/124093/8837/51657/79598/49856/9735/27063/196074/6857/54627/51116/23421/1964/1104/7840/80254/79884/26151/84142/29901/55722/221908/56647/57146/56890/23126/1062/130916/56992/115416/92170/9212/24137/85865/55178/92421/5119/128486/7111/51388/55125/1017/64105/85459/8760","GO:0140694","GO:0140694","membraneless organelle assembly","membraneless organelle assembly",1.50167079529134,-1.02632716330611,TRUE,FALSE,2.7028128291222,2.7028128291222,"opposite direction"
"human_vs_mouse_KD_GO_BP","human KD vs control vs mouse KD vs control","GO_BP","GO:0001659","temperature homeostasis","either",0.05,"opposite direction",-2.69368701618343,2.69368701618343,0.97462536562642,-1.71906165055701,0.766851027542245,0.00270043047353544,"16775/17150/15901/14194/14609/231507/19664/11739/56636/19225/67460/67299/224860/11740/20852/108155/11370/15499/50721/68614/16819/94187/78653/19645/18618/21898/23794/11865/70673/22339/11911/20586/15107/13371/12608/12709/51810/15183/329910/14775/67013/16189/12896/209446/20304/11474/16452","1649/83401/79068/3596/51094/7422/64127/7376/9572/57561/6344/6868/9444/8473/1051/4012/155/8841/7226/8878/4898/89/55818/324/23135/5743/6774/79071/2308/3226/51043/3717/10912/9536/7480/2628/23228/7067/33/3516/2167/85440/291","GO:0001659","GO:0001659","temperature homeostasis","temperature homeostasis",-2.56856699977461,0.115288996155619,TRUE,FALSE,-2.69368701618343,2.69368701618343,"opposite direction"
"human_vs_mouse_KD_GO_BP","human KD vs control vs mouse KD vs control","GO_BP","GO:0050803","regulation of synapse structure or activity","either",0.05,"opposite direction",-2.68426050867012,2.68426050867012,1.19869247428236,-1.48556803438776,0.362128173550587,0.01472750391926,"20692/26570/20563/66725/235106/14178/14362/12361/16423/11603/399558/52163/22154/64085/22142/53413/217692/20361/13169/17999/22359/71228/12568/238130/13631/99633/73181/11651/15529/24088/53321/170571/22192/14739/68404/19165/108155/19242/68585/20430/18003/223254/64451/21826/104156/13196/72621/22631/378937/18472/72162/11820/11845/208643/17755/19164/74006/11735/13640/22084/330662/56376","6092/102/22924/382/64218/7058/1496/79012/1072/41/1108/57468/23613/54583/4076/8473/2534/23369/10611/55799/8321/78999/2260/5802/29882/81609/2185/89910/7804/9844/57555/55737/1020/26037/23096/51104/1942/10458/51299/4763/58489/9901/7415/27161/9294/1499/6405/1600/84062/8536/22849/9423/1605/2049/8828/120892/4734/2252/9252","GO:0050803","GO:0050803","regulation of synapse structure or activity","regulation of synapse structure or activity",-1.83187085301819,0.441137685783436,TRUE,FALSE,-2.68426050867012,2.68426050867012,"opposite direction"
"human_vs_mouse_KD_GO_BP","human KD vs control vs mouse KD vs control","GO_BP","GO:0044818","mitotic G2/M transition checkpoint","either",0.05,"opposite direction",2.68092789802988,2.68092789802988,-0.927537069001776,1.7533908290281,0.812286034234523,0.0350643769131239,"77011/20184/71375/23834/235559/12534/381921/76843/269582/12189/330177/12144","1026/29997/58493/80279/29980/990/51149/54465/672/63967/3364/4683/4361/641/79184/4998/1112/5932/84142/90381/11073","GO:0044818","GO:0044818","mitotic G2/M transition checkpoint","mitotic G2/M transition checkpoint",1.45513387402162,-0.090291013596903,TRUE,FALSE,2.68092789802988,2.68092789802988,"opposite direction"
"human_vs_mouse_KD_GO_BP","human KD vs control vs mouse KD vs control","GO_BP","GO:0042176","regulation of protein catabolic process","either",0.05,"opposite direction",-2.67966903609549,2.67966903609549,0.96644066688321,-1.71322836921228,0.784726445304678,5.03898777355821e-05,"209086/20128/66725/20720/21804/26903/19358/21859/217410/18263/14609/21857/17999/19186/26444/208650/14694/14673/14084/11651/192176/112406/15216/23988/13194/80280/19165/108155/19188/11836/75788/74257/99375/22225/77006/59029/235542/231474/68077/17772/16971/235406/208092/50721/17698/76375/76892/106039/26374/17025/66616/19192/279766/14629/11820/216157/26420/18763/56291/14534/18247/15937/231600/21858/80750/11865/26417/19164/70369/232334/18104/101118/12306/26419/24086/50883/67731/231672/68034/19167/20588/56468/56717/52033/93687/12005/27059/14083/19173/14360/414872/56389/14775/21944/67903/22433/12995/57320","2629/29062/5687/4953/4947/29763/5704/6125/7805/975/11011/9709/1263/2876/7110/116224/6923/51105/1050/2332/5887/51582/5476/5690/5523/10213/5710/85407/7917/1460/5719/5685/153222/5720/819/5684/55294/55170/65018/5718/29934/150684/29761/139285/8473/114907/4089/6811/29116/23429/2931/3156/4130/11047/8078/7879/4898/4035/7979/4780/79643/324/2185/51429/9532/28952/55737/27352/5694/1601/5717/5689/5701/25831/2648/150/25898/9978/130507/5747/84961/2308/113451/6872/20/22933/10869/5686/5709/11236/29978/55823/8239/10273/152503/3416/7415/5691/283106/5707/641700/8850/64326/11337/5728/8667/4248/120892/4734/1642","GO:0042176","GO:0042176","regulation of protein catabolic process","regulation of protein catabolic process",-4.29765669540145,0.105281711407122,TRUE,FALSE,-2.67966903609549,2.67966903609549,"opposite direction"
"human_vs_mouse_KD_GO_BP","human KD vs control vs mouse KD vs control","GO_BP","GO:0050807","regulation of synapse organization","either",0.05,"opposite direction",-2.67735537268986,2.67735537268986,1.20671881822034,-1.47063655446952,0.358537922631739,0.0153627351978525,"20692/26570/20563/66725/235106/14178/14362/12361/16423/11603/399558/52163/22154/64085/22142/53413/217692/20361/13169/17999/22359/71228/12568/238130/13631/99633/73181/11651/15529/24088/53321/170571/22192/14739/68404/19165/108155/19242/68585/20430/18003/223254/64451/21826/104156/13196/72621/22631/378937/18472/72162/11820/11845/208643/17755/19164/74006/11735/13640/22084/330662/56376","6092/102/22924/382/64218/7058/1496/79012/1072/41/1108/57468/23613/54583/4076/8473/2534/23369/10611/55799/8321/78999/2260/5802/29882/81609/2185/89910/7804/9844/57555/55737/1020/26037/23096/51104/1942/10458/51299/4763/58489/9901/7415/27161/9294/1499/6405/1600/84062/8536/22849/9423/1605/2049/8828/120892/4734/2252/9252","GO:0050807","GO:0050807","regulation of synapse organization","regulation of synapse organization",-1.81353145516504,0.44546490214771,TRUE,FALSE,-2.67735537268986,2.67735537268986,"opposite direction"
"human_vs_mouse_KD_GO_BP","human KD vs control vs mouse KD vs control","GO_BP","GO:0050796","regulation of insulin secretion","either",0.05,"opposite direction",-2.66817442212958,2.66817442212958,1.1190098354438,-1.54916458668578,0.568909273004116,0.0448451078848335,"74551/18641/12361/192185/18555/14609/109552/18576/20787/19056/14661/11674/241296/74370/14682/67389/67623/16971/50721/12288/78894/215999/20909/67267/18754/11865/13640/20913/15107/20677/14672/50790/68667/15251/218461/330890","2781/846/4760/23435/9575/3741/3651/226/3172/2182/3745/406/25924/5715/51738/5950/23409/9971/6717/6833/116534/3667/8609/2778/7021/6352/111/5532/65220/9572/5568/9854/9066/9463/5127/5007/2775/84300/10411/6659/6810/57555/6934/150/2308/65985/3717/8398/4856/3625/5019","GO:0050796","GO:0050796","regulation of insulin secretion","regulation of insulin secretion",-1.34828492685632,0.244956987340161,TRUE,FALSE,-2.66817442212958,2.66817442212958,"opposite direction"
"human_vs_mouse_KD_GO_BP","human KD vs control vs mouse KD vs control","GO_BP","GO:0051259","protein complex oligomerization","either",0.05,"opposite direction",-2.66616890437315,2.66616890437315,1.69278006289022,-0.973388841482929,0.00631146143430443,0.738214917504775,"107869/246730/100038882/12843/243853/12833/109168/71586/69146/20135/232087/72844/23960/233107/56520/228139/20514/108037/22059/23874/18764/15452/14319/67991/52120/69089/66592/228983/12972/11674/13429/331623/241296/69228/23961/71701/15108/22323/107476/14026/17436/74568/69675/17025/233908/234309/215999/11820/16518/18763/18081/66628/11690/20481/74006/229937/666704/20425/78688/69634/70796/432508/56045/66388/56369/56384/382571/381760/114643/68667/27410","3747/80036/31/9356/241/2902/5027/54822/9908/6261/3028/57192/5311/57679/57582/362/6683/7226/5830/10015/138151/7923/3759/10938/10367/55737/146212/171389/21/23210/7358/83862/4814/83892/3710/4355/2033/4199/1759/8626/223/6788/3135/3708/79734","GO:0051259","GO:0051259","protein complex oligomerization","protein complex oligomerization",-0.131817183030163,2.19987006716378,FALSE,TRUE,-2.66616890437315,2.66616890437315,"opposite direction"
"human_vs_mouse_KD_GO_BP","human KD vs control vs mouse KD vs control","GO_BP","GO:0032006","regulation of TOR signaling","either",0.05,"opposite direction",-2.66266085575066,2.66266085575066,0.858069461948108,-1.80459139380255,0.9033612037587,0.000974780887699595,"232087/74747/107045/17168/76630/230784/14673/11651/22628/107260/11987/108155/22258/11836/69035/68441/74370/17772/101142/252875/22631/216080/66799/110379/11989/11865/26417/22084/56716/108655/20779/68845/18570/56717/15251/93687/15183/66508/270802/224023/22433/75747/67046/26965/20304","144577/8550/55593/6725/203228/3071/389541/57162/2629/8649/80243/6352/7334/23304/29110/96459/64798/57600/56681/9681/140775/23334/8452/8473/90809/57559/4864/8841/6198/2931/7321/8454/81929/154743/55611/28956/253260/5562/9978/84861/6714/10670/143686/729438/5290/2033/64121/8239/55004/56957/7107/5595/23387/64083","GO:0032006","GO:0032006","regulation of TOR signaling","regulation of TOR signaling",-3.01109299451396,0.0441385648210194,TRUE,FALSE,-2.66266085575066,2.66266085575066,"opposite direction"
"human_vs_mouse_KD_GO_BP","human KD vs control vs mouse KD vs control","GO_BP","GO:0016054","organic acid catabolic process","either",0.05,"opposite direction",-2.66263083738444,2.66263083738444,1.52952515616734,-1.1331056812171,0.0473463655931892,0.402925311126771,"108682/12041/192166/26912/110695/66253/74114/51798/11409/230784/14874/107747/216188/330260/67460/14661/11651/12035/11898/66885/66904/56174/18634/16828/15108/231086/113868/13171/257633/26569/246277/93747/78038/11370/16922/23986/110842/235339/110446/433256/269378/12039/26378/52538/269823/11666/20524/20425/15107/52665/93732/216136/58875/56717/68631/14085/104184/19299/67980/52430/18242/22160/19125/13479/80879/12896/110959/26874/231327/110826/80911/67880/227095/229211/214579","189/4942/374569/215/10007/10247/2805/3242/10295/1376/5444/1737/4051/3067/55289/3667/1066/11332/112817/1610/8529/32/132789/1738/66002/10840/30/2806/5825/1384/55268/5446/3028/9663/254013/160287/219743/2109/6342/138199/10478/51/23464/38/51380/225/25828/2110/84696/1757/10327/2747/35/5973/51005/33/7291","GO:0016054","GO:0016054","organic acid catabolic process","organic acid catabolic process",-0.394775450066537,1.32471335274101,FALSE,TRUE,-2.66263083738444,2.66263083738444,"opposite direction"
"human_vs_mouse_KD_GO_BP","human KD vs control vs mouse KD vs control","GO_BP","GO:0046395","carboxylic acid catabolic process","either",0.05,"opposite direction",-2.66263083738444,2.66263083738444,1.52952515616734,-1.1331056812171,0.0473463655931892,0.402925311126771,"108682/12041/192166/26912/110695/66253/74114/51798/11409/230784/14874/107747/216188/330260/67460/14661/11651/12035/11898/66885/66904/56174/18634/16828/15108/231086/113868/13171/257633/26569/246277/93747/78038/11370/16922/23986/110842/235339/110446/433256/269378/12039/26378/52538/269823/11666/20524/20425/15107/52665/93732/216136/58875/56717/68631/14085/104184/19299/67980/52430/18242/22160/19125/13479/80879/12896/110959/26874/231327/110826/80911/67880/227095/229211/214579","189/4942/374569/215/10007/10247/2805/3242/10295/1376/5444/1737/4051/3067/55289/3667/1066/11332/112817/1610/8529/32/132789/1738/66002/10840/30/2806/5825/1384/55268/5446/3028/9663/254013/160287/219743/2109/6342/138199/10478/51/23464/38/51380/225/25828/2110/84696/1757/10327/2747/35/5973/51005/33/7291","GO:0046395","GO:0046395","carboxylic acid catabolic process","carboxylic acid catabolic process",-0.394775450066537,1.32471335274101,FALSE,TRUE,-2.66263083738444,2.66263083738444,"opposite direction"
"human_vs_mouse_KD_GO_BP","human KD vs control vs mouse KD vs control","GO_BP","GO:0033045","regulation of sister chromatid segregation","either",0.05,"opposite direction",2.65961353587349,2.65961353587349,-1.08570521368391,1.57390832218958,0.612490079365079,0.0387049280611262,"26951/66591/74335/107995/12237/12704/24010/23834/219114/52696/12235/268697/229841/12534/29861/11799/11789/70385/52276/16319/68501/12236","10460/54908/11130/9787/701/1063/221150/8379/332/147841/57082/10783/55143/699/348654/26271/55755/9319/7517/8110/55055/83540/990/220134/7272/57405/9275","GO:0033045","GO:0033045","regulation of sister chromatid segregation","regulation of sister chromatid segregation",1.41223373540753,-0.212900941268566,TRUE,FALSE,2.65961353587349,2.65961353587349,"opposite direction"
"human_vs_mouse_KD_GO_BP","human KD vs control vs mouse KD vs control","GO_BP","GO:0030072","peptide hormone secretion","either",0.05,"opposite direction",-2.65850464573206,2.65850464573206,1.13948532910837,-1.51901931662369,0.53841368584759,0.0315322589259394,"74551/18641/12361/192185/19275/18555/14609/109552/20615/18576/20787/19056/15364/14661/15216/11674/19326/241296/80976/16952/74370/14682/66294/74998/67389/67623/16971/50721/12288/78894/52055/215999/20909/67267/228355/18754/11865/13640/16878/11826/20913/15107/20677/13371/14672/102607/50790/68667/15251","846/4760/23435/9575/3741/3651/3952/226/1394/2692/3172/2182/3745/406/25924/5715/51738/5950/23409/9971/6717/389692/27433/10815/6833/6927/116534/6865/3667/8609/2778/7021/6352/111/5532/5861/54097/65220/9572/5568/9854/818/5864/51083/9066/283849/9463/23557/5127/5007/2775/84300/10411/6659/6810/57555/6934/150/51714/2308/65985/3717/8398/4856/3625/5019","GO:0030072","GO:0030072","peptide hormone secretion","peptide hormone secretion",-1.50124491590197,0.268883909384847,TRUE,FALSE,-2.65850464573206,2.65850464573206,"opposite direction"
"human_vs_mouse_KD_GO_BP","human KD vs control vs mouse KD vs control","GO_BP","GO:0032434","regulation of proteasomal ubiquitin-dependent protein catabolic process","either",0.05,"opposite direction",-2.65840635063893,2.65840635063893,1.0578294202617,-1.60057693037723,0.655269451243205,0.0412212790861844,"66725/19358/217410/14694/14673/11651/15216/19165/108155/11836/22225/77006/231474/68077/17772/50721/76375/26374/14629/26420/56291/14534/231600/80750/26417/19164/70369/26419/24086/67731/231672/68034/20588/56468/56717/52033/93687/12005","1263/116224/6923/51105/1050/5887/7917/1460/819/150684/8473/114907/23429/2931/4130/8078/1601/25831/2648/25898/9978/6872/22933/8239/10273/7415/64326/11337/8667/120892","GO:0032434","GO:0032434","regulation of proteasomal ubiquitin-dependent protein catabolic process","regulation of proteasomal ubiquitin-dependent protein catabolic process",-1.38487853629642,0.183580078443615,TRUE,FALSE,-2.65840635063893,2.65840635063893,"opposite direction"
"human_vs_mouse_KD_GO_BP","human KD vs control vs mouse KD vs control","GO_BP","GO:0002790","peptide secretion","either",0.05,"opposite direction",-2.65185855763031,2.65185855763031,1.14435011228833,-1.50750844534198,0.533072920887563,0.0468234798167854,"74551/18641/12361/192185/19275/18555/14609/109552/20615/18576/20787/19056/15364/14661/15216/11674/19326/241296/80976/16952/74370/14682/66294/74998/67389/67623/16971/50721/12288/78894/52055/215999/20909/67267/228355/18754/11865/13640/16878/11826/20913/15107/20677/13371/14672/102607/11303/50790/68667/15251","846/4760/23435/9575/3741/3651/3952/226/1394/2692/3172/2182/3745/406/25924/5715/51738/5950/23409/9971/6717/389692/27433/10815/6833/6927/116534/6865/3667/8609/2778/7021/6352/111/5532/5861/54097/65220/9572/5568/9854/818/5864/51083/9066/283849/9463/23557/5127/5007/2775/84300/10411/6659/6810/57555/6934/150/51714/2308/65985/3717/8398/4856/3625/5019","GO:0002790","GO:0002790","peptide secretion","peptide secretion",-1.3295363136409,0.273213378266261,TRUE,FALSE,-2.65185855763031,2.65185855763031,"opposite direction"
"human_vs_mouse_KD_GO_BP","human KD vs control vs mouse KD vs control","GO_BP","GO:0046879","hormone secretion","either",0.05,"opposite direction",-2.63580281937819,2.63580281937819,1.19532575562139,-1.4404770637568,0.366592789598109,0.0380157827448129,"74551/18641/22337/20750/12361/192185/19275/18555/14609/109552/16156/20615/16009/18576/20787/19056/15364/12257/14661/15216/11674/19326/241296/80976/56745/16952/12394/74370/14682/66294/74998/67389/67623/16971/50721/12288/108075/22631/78894/52055/215999/75605/20909/67267/114679/228355/18754/11865/13640/16878/11826/18669/20913/15107/20677/13371/14672/102607/50790/68667/11609/18671/15251/21333/218461","846/4760/23435/2776/2697/9575/3741/3651/3952/226/1394/2692/3172/2587/84634/2182/3745/406/25924/5715/51738/5950/23409/9971/6717/389692/2661/27433/10815/6870/6833/6927/116534/6865/3667/8609/2778/7021/6352/111/5532/5861/54097/706/65220/65266/9572/5568/9854/818/5864/51083/9066/283849/9463/3623/23557/5127/51305/301/5007/2775/84300/10411/6659/6810/57555/1601/6934/150/51714/2308/65985/3717/8723/8673/8398/4856/3625/5019/6696","GO:0046879","GO:0046879","hormone secretion","hormone secretion",-1.42003606296354,0.435816081295649,TRUE,FALSE,-2.63580281937819,2.63580281937819,"opposite direction"
"human_vs_mouse_KD_GO_BP","human KD vs control vs mouse KD vs control","GO_BP","GO:0019233","sensory perception of pain","either",0.05,"opposite direction",-2.63567747424819,2.63567747424819,0.891841926774243,-1.74383554747395,0.827910820616037,0.0285336439564373,"23859/12568/18438/68073/74653/17035/20315/13864/21898/26417/11826/21333/14360/56318/20269/74616/67888/110876","5025/1137/55273/57210/55/57555/83862/9536/6387/5595/4856/54463/4311","GO:0019233","GO:0019233","sensory perception of pain","sensory perception of pain",-1.54464276219792,0.0820164412346966,TRUE,FALSE,-2.63567747424819,2.63567747424819,"opposite direction"
"human_vs_mouse_KD_GO_BP","human KD vs control vs mouse KD vs control","GO_BP","GO:1990845","adaptive thermogenesis","either",0.05,"opposite direction",-2.63563834584053,2.63563834584053,1.04169954345449,-1.59393880238604,0.673015421833991,0.024205834211389,"16775/17150/15901/14194/14609/231507/19664/11739/56636/67460/67299/224860/11740/20852/108155/15499/50721/68614/16819/94187/78653/19645/18618/21898/23794/11865/70673/22339/11911/20586/15107/13371/12608/12709/51810","1649/83401/3596/51094/7422/7376/9572/57561/6344/6868/9444/8473/1051/4012/155/8841/4898/89/55818/324/23135/79071/3226/51043/3717/10912/7480/2628/23228/7067/33/3516/2167/85440/291","GO:1990845","GO:1990845","adaptive thermogenesis","adaptive thermogenesis",-1.61607994557174,0.171974984006831,TRUE,FALSE,-2.63563834584053,2.63563834584053,"opposite direction"
"human_vs_mouse_KD_GO_BP","human KD vs control vs mouse KD vs control","GO_BP","GO:0090023","positive regulation of neutrophil chemotaxis","either",0.05,"opposite direction",2.63486089600466,2.63486089600466,-0.781681966084519,1.85317892992014,0.896427572143314,0.0282523519784232,"13614/17242/76763","4192/64065/5879/5880/1906","GO:0090023","GO:0090023","positive regulation of neutrophil chemotaxis","positive regulation of neutrophil chemotaxis",1.54894539178323,-0.0474847939871102,TRUE,FALSE,2.63486089600466,2.63486089600466,"opposite direction"
"human_vs_mouse_KD_GO_BP","human KD vs control vs mouse KD vs control","GO_BP","GO:0048193","Golgi vesicle transport","either",0.05,"opposite direction",-2.62323325607516,2.62323325607516,1.07176021140612,-1.55147304466904,0.616248444628785,0.00701321828627154,"14451/66725/74051/66940/110695/338320/68090/11733/59042/67015/66111/14694/67916/67023/89867/224705/11651/77254/218035/67458/12033/18777/69162/235623/52639/54160/50771/76983/13858/76510/50797/59029/19159/56491/66366/30960/70028/76688/75914/106039/71169/58244/11767/17083/11736/19376/53330/97484/238123/77038/67378/16834/226791/110379/76483/55946/17912/11426/11735","8775/80230/83452/6844/9632/7805/26985/160/23033/5861/9218/23041/8615/60684/51552/372/288/91949/10564/10213/10427/23499/56681/5584/57511/57410/51479/80006/8452/29934/150684/25839/57020/134957/399687/29959/4218/81693/6293/164/10067/6811/23074/23760/27095/1315/6683/55435/60412/23299/10890/55763/10113/9382/55614/55207/22878/64693/1176/55062/51226/83696/29097/22872/28952/7405/5862/26958/10749/51399/9276/381/1314/4644/11236/2181/7415/403/26088/3638/64083/374868/120892/261729/2619","GO:0048193","GO:0048193","Golgi vesicle transport","Golgi vesicle transport",-2.15408264348424,0.210244163844512,TRUE,FALSE,-2.62323325607516,2.62323325607516,"opposite direction"
"human_vs_mouse_KD_GO_BP","human KD vs control vs mouse KD vs control","GO_BP","GO:2000058","regulation of ubiquitin-dependent protein catabolic process","either",0.05,"opposite direction",-2.61721678187437,2.61721678187437,0.944054686755671,-1.6731620951187,0.803124790767458,0.0117364210911229,"66725/21804/19358/217410/14694/14673/11651/15216/19165/108155/11836/75788/22225/77006/231474/68077/17772/50721/76375/26374/14629/26420/56291/14534/231600/80750/26417/19164/70369/101118/26419/24086/67731/231672/68034/20588/56468/56717/52033/93687/12005/14083/414872/67903/57320/170823/100503670/12759/67025/64209/53312/104318/13132/18854/56637/211770/20115/228775","6125/7805/11011/9709/1263/116224/6923/51105/1050/5887/7917/1460/819/55294/55170/150684/8473/114907/23429/2931/4130/8078/4780/2185/28952/1601/25831/2648/25898/9978/5747/6872/22933/11236/8239/10273/7415/8850/64326/11337/5728/8667/120892","GO:2000058","GO:2000058","regulation of ubiquitin-dependent protein catabolic process","regulation of ubiquitin-dependent protein catabolic process",-1.9304643168309,0.0952169681323316,TRUE,FALSE,-2.61721678187437,2.61721678187437,"opposite direction"
"human_vs_mouse_KD_GO_BP","human KD vs control vs mouse KD vs control","GO_BP","GO:0071375","cellular response to peptide hormone stimulus","either",0.05,"opposite direction",-2.61650177227421,2.61650177227421,0.942669096425978,-1.67383267584823,0.809637634363305,0.000750018964832062,"74551/74155/14118/12833/14799/16600/18576/16453/13685/20787/14158/13631/14600/11651/14870/11898/22628/20383/68303/107508/20852/108155/74142/79221/216233/26569/20430/67389/18214/29815/15499/18795/50721/228869/229709/26395/12702/15461/19084/14629/11421/19645/16451/93686/20416/210973/16598/18024/17755/26417/22084/66515/230514/17975/18706/15925/20779/20913/17913/227743/75717/231672/50915/18709/14281/11609/20588/56717/67856/16599/14083/14360/98496","3265/9663/1072/5313/5580/5447/8452/51141/6720/8473/2534/5058/4218/4929/55799/645/6198/2931/3164/51274/10890/9820/4780/196883/81565/324/2740/1176/10499/5791/5166/2690/4303/6774/9314/23371/3718/1398/8036/5562/6776/4790/9978/5747/80318/10014/2308/3645/6714/376497/54206/6430/5295/112/143686/51043/10458/3717/5290/4644/55667/3416/10768/5530/8850/5595/3625/3638/5140/5577","GO:0071375","GO:0071375","cellular response to peptide hormone stimulus","cellular response to peptide hormone stimulus",-3.12492775498459,0.091709312736935,TRUE,FALSE,-2.61650177227421,2.61650177227421,"opposite direction"
"human_vs_mouse_KD_GO_BP","human KD vs control vs mouse KD vs control","GO_BP","GO:0038203","TORC2 signaling","either",0.05,"opposite direction",-2.61643179661872,2.61643179661872,0.695130318057776,-1.92130147856094,0.938536295013663,0.0295072291189494,"230784/11651/68943/56716/18706/227743/56717/75747","29110/64798/65018/6198/253260/143686/5290/2033/8239/56957/23387","GO:0038203","GO:0038203","TORC2 signaling","TORC2 signaling",-1.53007157107782,0.0275489277103355,TRUE,FALSE,-2.61643179661872,2.61643179661872,"opposite direction"
"human_vs_mouse_KD_GO_BP","human KD vs control vs mouse KD vs control","GO_BP","GO:0009267","cellular response to starvation","either",0.05,"opposite direction",-2.61282520208536,2.61282520208536,1.05555778534476,-1.5572674167406,0.661402279819143,0.0245422846582333,"20539/66725/232087/107045/20525/17168/76267/20787/11520/76630/230784/226691/11651/19106/74781/22628/27053/57875/218035/52639/58809/22258/54636/26408/12660/68441/74370/67760/78926/101142/13039/319195/252875/22631/215999/15382/22271","96459/6569/10524/84557/56681/9681/10634/23334/3992/133746/55364/55626/9463/6720/5058/53349/5571/53632/1119/123/81929/4780/154743/55062/6810/5166/10367/6721/51100/5562/8678/1386/2308/10670/143686/64121/8673/91689/10919/11337/5595/3625/120892","GO:0009267","GO:0009267","cellular response to starvation","cellular response to starvation",-1.61008501095378,0.179534312429321,TRUE,FALSE,-2.61282520208536,2.61282520208536,"opposite direction"
"human_vs_mouse_KD_GO_BP","human KD vs control vs mouse KD vs control","GO_BP","GO:0001837","epithelial to mesenchymal transition","either",0.05,"opposite direction",-2.61036936130738,2.61036936130738,1.13504399260935,-1.47532536869803,0.543154197400773,0.037819969401484,"12842/13731/21804/14609/19664/23892/20017/71228/192173/16950/15364/21814/192176/68585/384009/114715/100182/18569/67040/94352/14726/13207/22084/22339/66515/14538/66214/21813/629378/75717/18570/11490/56717/15251/24064/21453/14083/22160/246154/14462/12156/67888/16193/21803/24063/13617/226778","54361/9444/3249/283149/3169/2013/4089/753/2260/9820/10521/1601/6934/5747/1942/7043/2296/650/5515/1499/6615/4040/3182/5728/2263/7291/3516/3082/7049/6275","GO:0001837","GO:0001837","epithelial to mesenchymal transition","epithelial to mesenchymal transition",-1.42227882685989,0.265076859962435,TRUE,FALSE,-2.61036936130738,2.61036936130738,"opposite direction"
"human_vs_mouse_KD_GO_BP","human KD vs control vs mouse KD vs control","GO_BP","GO:0062012","regulation of small molecule metabolic process","either",0.05,"opposite direction",-2.60950966557779,2.60950966557779,1.10873839089361,-1.50077127468418,0.538775632024468,0.011812181502179,"26570/12041/16010/228026/67800/56453/74747/22059/71974/16009/12286/20787/12048/319518/230784/102093/19225/12257/11651/19241/66129/57875/68073/13194/331623/235623/108155/56745/16952/74370/56327/231474/26569/110196/56632/100198/67389/71780/11370/17436/18113/244373/50721/26374/26395/68041/433256/105651/11820/26420/56316/54219/208727/14534/15937/66114/76483/107029/11666/19164/74006/52023/18104/56428/56716","55829/32/6097/54578/51094/64137/706/11182/7376/5027/23038/9572/84676/23352/254013/54361/5207/10162/9444/65018/219743/6720/8473/10196/5571/53632/150094/89/9611/405/10499/5166/26137/5743/1601/6774/51024/6721/6934/5562/2648/4790/160760/5255/2308/6714/225/9759/22933/2033/4199/7415/9373/5165/650/5515/5230/6615/51005/8850/64326/158219/33/7291/5499/3638/1642","GO:0062012","GO:0062012","regulation of small molecule metabolic process","regulation of small molecule metabolic process",-1.92766988842647,0.268592054962097,TRUE,FALSE,-2.60950966557779,2.60950966557779,"opposite direction"
"human_vs_mouse_KD_GO_BP","human KD vs control vs mouse KD vs control","GO_BP","GO:0006869","lipid transport","either",0.05,"opposite direction",-2.59279864836151,2.59279864836151,1.12075560330938,-1.47204304505213,0.521846037895828,0.00770668961916566,"70310/170460/20750/239273/71898/18828/26943/18442/11815/56520/20897/20525/16009/74114/223672/11520/22359/76205/17250/67452/19225/12257/224705/217262/11651/228983/246703/18779/12903/18777/107508/56745/16952/50771/12394/328370/26569/75909/233979/66350/23943/107368/16971/56491/30960/329015/11982/433256/214601/16179/79554/11421/28253/26420/75605/22333/114679/666173/26417/11666/69071/20524/20932/12306/18669/100273/18783/110611/320528/69863/218335/11303/50790/11609/18671/27410/18738/21333/13191/69106/65107/19299/235527/66508","2058/29881/57476/338/23200/11309/7436/10999/53919/8529/4792/4018/9218/57194/64137/10350/706/57540/9356/23461/80832/7376/440026/2806/65266/5027/5825/9854/9600/81537/5947/81037/114786/788/51083/57153/9066/10162/5025/55911/51305/26207/6293/114883/23074/23760/63924/25921/51703/10087/55187/79895/4864/6198/57047/157680/10347/5007/118987/23673/1119/7879/6342/5243/55207/4035/343702/10478/10499/128240/1601/51024/6721/21/4790/84162/376497/225/20/4481/55362/2181/55004/5321/11000/5306/27166/158219/5595/2167/374868/6696/10493","GO:0006869","GO:0006869","lipid transport","lipid transport",-2.11313213152885,0.282457609555187,TRUE,FALSE,-2.59279864836151,2.59279864836151,"opposite direction"
"human_vs_mouse_KD_GO_BP","human KD vs control vs mouse KD vs control","GO_BP","GO:0046890","regulation of lipid biosynthetic process","either",0.05,"opposite direction",-2.59219602236578,2.59219602236578,0.925536447057017,-1.66665957530876,0.81069474387656,0.011812181502179,"29817/12266/11567/67800/56453/71974/20787/19225/12257/11651/57875/235623/16952/15926/74370/231474/110196/56632/100198/11370/244373/26374/68041/433256","259230/64137/706/255919/7376/10524/23038/9572/23352/5443/9600/55294/54361/5580/10162/9444/5447/6720/10196/150094/23399/6342/427/5166/26137/5743/1601/6721/5562/21/4790/376497/225/20/22933/2181/9373/650/6615/8398/8850/64326/33/3638/718","GO:0046890","GO:0046890","regulation of lipid biosynthetic process","regulation of lipid biosynthetic process",-1.92766988842647,0.0911426427133342,TRUE,FALSE,-2.59219602236578,2.59219602236578,"opposite direction"
"human_vs_mouse_KD_GO_BP","human KD vs control vs mouse KD vs control","GO_BP","GO:0006110","regulation of glycolytic process","either",0.05,"opposite direction",-2.59066282500448,2.59066282500448,0.826252388135139,-1.76441043686934,0.894289761490843,0.044029911777368,"74747/66129/108155/74370/56327/50721/11820/208727/15937/19164/56428/56716/20779/56717/15251","11182/5027/84676/5207/8473/5571/53632/89/9611/405/26137/5562/6714/9759/2033/5515","GO:0006110","GO:0006110","regulation of glycolytic process","regulation of glycolytic process",-1.35625218473445,0.0485217413526864,TRUE,FALSE,-2.59066282500448,2.59066282500448,"opposite direction"
"human_vs_mouse_KD_GO_BP","human KD vs control vs mouse KD vs control","GO_BP","GO:0030811","regulation of nucleotide catabolic process","either",0.05,"opposite direction",-2.59066282500448,2.59066282500448,0.826252388135139,-1.76441043686934,0.894289761490843,0.044029911777368,"74747/66129/108155/74370/56327/50721/11820/208727/15937/19164/56428/56716/20779/56717/15251","11182/5027/84676/5207/8473/5571/53632/89/9611/405/26137/5562/6714/9759/2033/5515","GO:0030811","GO:0030811","regulation of nucleotide catabolic process","regulation of nucleotide catabolic process",-1.35625218473445,0.0485217413526864,TRUE,FALSE,-2.59066282500448,2.59066282500448,"opposite direction"
"human_vs_mouse_KD_GO_BP","human KD vs control vs mouse KD vs control","GO_BP","GO:0033121","regulation of purine nucleotide catabolic process","either",0.05,"opposite direction",-2.59066282500448,2.59066282500448,0.826252388135139,-1.76441043686934,0.894289761490843,0.044029911777368,"74747/66129/108155/74370/56327/50721/11820/208727/15937/19164/56428/56716/20779/56717/15251","11182/5027/84676/5207/8473/5571/53632/89/9611/405/26137/5562/6714/9759/2033/5515","GO:0033121","GO:0033121","regulation of purine nucleotide catabolic process","regulation of purine nucleotide catabolic process",-1.35625218473445,0.0485217413526864,TRUE,FALSE,-2.59066282500448,2.59066282500448,"opposite direction"
"human_vs_mouse_KD_GO_BP","human KD vs control vs mouse KD vs control","GO_BP","GO:0001822","kidney development","either",0.05,"opposite direction",-2.58719205503858,2.58719205503858,1.09038214360288,-1.4968099114357,0.584797297297297,0.027374617858698,"11475/20563/20317/20750/66725/14118/15903/18263/13003/20897/18186/12931/20846/12490/23892/218476/18764/241226/71228/22393/22601/11898/83675/319757/15902/231214/217011/16348/110446/382985/18595/18514/72938/14585/11421/75691/14082/21853/18073/18763/114249/21821/94275/22084/22339/16878/12028/11826/55978/72043/329628/18004/11600/20677/103213/16568/14633/11609/226548/109674/71785/14042/11746/266781/16416/18596/209039/14173/14462/12156","8452/5311/6608/2255/79191/4089/5159/9500/2668/1285/10736/6659/4086/4318/38/25836/153572/116039/4763/284/4643/2296/650/55959/5530/1499/403/84062/2263/5156/79192/120892/5176/9353/947/4311/59","GO:0001822","GO:0001822","kidney development","kidney development",-1.56265193472779,0.232994643183545,TRUE,FALSE,-2.58719205503858,2.58719205503858,"opposite direction"
"human_vs_mouse_KD_GO_BP","human KD vs control vs mouse KD vs control","GO_BP","GO:0022904","respiratory electron transport chain","either",0.05,"opposite direction",2.58248489114388,2.58248489114388,-0.656320434650701,1.92616445649318,0.999078986147952,0.00152586780747999,"268697/66576/12534/14466/20617/19017","4514/4513/4538/4512/4539/4535/4519/4540/54205/51142/4698/4710/1349/4537/4694/7388/1345/4725/25994/27089/4711/4536/1347/1337/126328","GO:0022904","GO:0022904","respiratory electron transport chain","respiratory electron transport chain",2.81648308955858,-0.000400175545612284,TRUE,FALSE,2.58248489114388,2.58248489114388,"opposite direction"
"human_vs_mouse_KD_GO_BP","human KD vs control vs mouse KD vs control","GO_BP","GO:0022900","electron transport chain","either",0.05,"opposite direction",2.57573810182906,2.57573810182906,-0.625377852530213,1.95036024929885,1,0.000726734573265292,"268697/66576/12534/14466/20617/19017","4514/4513/4538/4512/4539/4535/4519/4540/54205/51142/4698/4710/1349/4537/4694/7388/27158/1345/4725/25994/27089/4711/4536/1347/1337/126328/1716/4717/1534/4709/7386/4731/4726/790955/10202/6391","GO:0022900","GO:0022900","electron transport chain","electron transport chain",3.13862417843179,0,TRUE,FALSE,2.57573810182906,2.57573810182906,"opposite direction"
"human_vs_mouse_KD_GO_BP","human KD vs control vs mouse KD vs control","GO_BP","GO:0051546","keratinocyte migration","either",0.05,"opposite direction",-2.57298666825258,2.57298666825258,0.642346317255795,-1.93064035099678,0.966314704633398,0.0250470046073634,"14178","9922/382/9448/2255/4318/5728/83481/2252","GO:0051546","GO:0051546","keratinocyte migration","keratinocyte migration",-1.60124420433873,0.0148814116512151,TRUE,FALSE,-2.57298666825258,2.57298666825258,"opposite direction"
"human_vs_mouse_KD_GO_BP","human KD vs control vs mouse KD vs control","GO_BP","GO:0001707","mesoderm formation","either",0.05,"opposite direction",-2.56846227045373,2.56846227045373,0.783681626258523,-1.78478064419521,0.919765480525874,0.0432479511723628,"14609/24075/241226/15364/14043/50493/19084/11426/65960/233912/15227/12005","27245/6881/79971/10736/23135/9314/642658/2296/6615/2263/2138","GO:0001707","GO:0001707","mesoderm formation","mesoderm formation",-1.36403446197058,0.0363228938470549,TRUE,FALSE,-2.56846227045373,2.56846227045373,"opposite direction"
"human_vs_mouse_KD_GO_BP","human KD vs control vs mouse KD vs control","GO_BP","GO:0072001","renal system development","either",0.05,"opposite direction",-2.56722133413801,2.56722133413801,1.13423184879163,-1.43298948534638,0.526433382911808,0.0413316488308927,"11475/20563/20317/20750/66725/12826/14118/15903/18263/13003/20897/18186/12931/20846/12490/23892/218476/18764/241226/71228/22393/22601/11898/83675/319757/15902/76260/231214/217011/16348/110446/382985/18595/18514/72938/14585/11421/75691/14082/21853/18073/18763/114249/21821/94275/22084/22339/16878/12028/11826/55978/72043/329628/18004/11600/20677/13797/103213/15227/16568/14633/11609/226548/109674/71785","8452/5311/6608/9096/2255/79191/4089/5159/9500/2668/1285/10736/6659/4086/4318/38/25836/153572/116039/4763/284/4643/2296/650/55959/5530/1499/403/84062/2263/5156/79192/120892/5176/9353/947/4311/59","GO:0072001","GO:0072001","renal system development","renal system development",-1.38371726919507,0.278656578446733,TRUE,FALSE,-2.56722133413801,2.56722133413801,"opposite direction"
"human_vs_mouse_KD_GO_BP","human KD vs control vs mouse KD vs control","GO_BP","GO:0042770","signal transduction in response to DNA damage","either",0.05,"opposite direction",2.5578029831762,2.5578029831762,-0.999804952073971,1.55799803110223,0.722802016552208,0.032020425725755,"241627/53892/235559/15258/17096/208266/12534/381921/234734/76843/269582/19891/59092/208768/237877/12189/56190/17920/330177/12144/52679/12753/58801","754/1026/5591/29997/9656/51512/6672/144455/2305/5371/79968/835/8525/197342/9100/80279/29980/83695/55159/22925/960/6118/7158/5527/2177/51149/57805/54465/9894/672/4193/151636/6300/63967/3364/4683/440275/637/80185/84444/55367/595/4361/83990/79858/6591/8914/146956/27063/55702/641/51499/79184/5366/1112/80254/84142/90381/51776/84126/2074/11073/10459/27330/1017/580/10769/675/64844/9675/163859/5810/65975/200734/7157/1407","GO:0042770","GO:0042770","signal transduction in response to DNA damage","signal transduction in response to DNA damage",1.49457289824067,-0.140980644467117,TRUE,FALSE,2.5578029831762,2.5578029831762,"opposite direction"
"human_vs_mouse_KD_GO_BP","human KD vs control vs mouse KD vs control","GO_BP","GO:0051495","positive regulation of cytoskeleton organization","either",0.05,"opposite direction",2.54522600944322,2.54522600944322,-1.00226312429811,1.54296288514511,0.738252171215881,0.035636898836656,"75991/13835/13424/328572/50850/328108/214444/101706/14063/56431/56430/67384/320827/18645/66898/83767/76123/108100/20971/14219/245902/12389/64930/72776/14260/18479/20460/13614/211401/234686/22349/54141/75786/216963/18637/19303/65970/434204/11789/193740/27360/18008/18816/26401/14159/15511","1490/10602/2150/22998/3984/10174/5217/11135/10615/6422/55835/5879/9270/3304/23636/55755/6491/4088/5587/1906/7046/5829/10142/10763/10810/55971/123720/9647/220134/8829","GO:0051495","GO:0051495","positive regulation of cytoskeleton organization","positive regulation of cytoskeleton organization",1.44810009578912,-0.131795267091378,TRUE,FALSE,2.54522600944322,2.54522600944322,"opposite direction"
"human_vs_mouse_KD_GO_BP","human KD vs control vs mouse KD vs control","GO_BP","GO:0016052","carbohydrate catabolic process","either",0.05,"opposite direction",-2.54167189716212,2.54167189716212,1.08445144048914,-1.45722045667298,0.621539237257059,0.0457657304642201,"18641/243853/12833/14635/74747/22059/14751/102093/22601/74781/66129/11674/108155/52639/16828/54636/225913/74370/56327/50721/239017/72141/329015/72157/73744/53893/17160/105651/11820/19384/14433/13808/208727/15937/19164/16548/56428/56716/21991/20779","5232/441531/11182/5027/84676/3101/5313/5207/9821/8473/5571/2821/53632/79411/89/9611/178/405/55062/26137/2548/5562/2584/5255/6714/3098/9759/5236/2033/5515/5230/2026/5499/230/2027","GO:0016052","GO:0016052","carbohydrate catabolic process","carbohydrate catabolic process",-1.33945960149708,0.206531449506106,TRUE,FALSE,-2.54167189716212,2.54167189716212,"opposite direction"
"human_vs_mouse_KD_GO_BP","human KD vs control vs mouse KD vs control","GO_BP","GO:0032941","secretion by tissue","either",0.05,"opposite direction",-2.52890814707511,2.52890814707511,0.589368210660616,-1.93953993641449,0.991981647630537,0.0384446715919143,"18442/14609/17386/228355/18754/11826/103213/320840/53416/12847/13649/19217","5029/7376/4583/2255/362/1314/8673/5530/5731","GO:0032941","GO:0032941","secretion by tissue","secretion by tissue",-1.41516384464247,0.00349636252980886,TRUE,FALSE,-2.52890814707511,2.52890814707511,"opposite direction"
"human_vs_mouse_KD_GO_BP","human KD vs control vs mouse KD vs control","GO_BP","GO:0044772","mitotic cell cycle phase transition","either",0.05,"opposite direction",2.52719704896008,2.52719704896008,-1.03886274887201,1.48833430008807,0.609531570686949,0.0106123711420825,"238555/12914/20184/17420/107995/76499/57261/12237/78832/12704/24010/22410/270201/404710/14056/71375/72776/23834/67857/219114/52696/74841/20460/66197/17283/12566/20620/50927/53892/328440/226026/12235/59036/319651/268697/67333/235559/229841/18018/12545/12534/381921/67655/29861/269424/22390/76843/269582/19891/208768/11799/237877/11789/12428/18715/12189/11479/70385/18005/18712/330177/229776/52276/93695/16319/108000/18008/12144/52679/68501/71276/12236/12581","10460/894/2273/54908/1026/5591/6241/11130/29997/9787/54443/701/1956/3624/1021/1063/221150/23560/8379/586/332/91607/144455/147841/7508/57082/9833/7040/10783/55835/2305/55143/699/348654/26271/58493/9928/8525/5889/55755/10776/6491/8558/80279/284001/29980/27183/9319/55159/10763/79616/80174/7517/6790/8110/6118/55055/83540/990/220134/2068/51149/7272/57405/27338/54465/79027/9275/25959/672/23326/994/81853/1033/51339/5310/63967/3364/3275/11065/4683/25799","GO:0044772","GO:0044772","mitotic cell cycle phase transition","mitotic cell cycle phase transition",1.97418757002217,-0.215003795180881,TRUE,FALSE,2.52719704896008,2.52719704896008,"opposite direction"
"human_vs_mouse_KD_GO_BP","human KD vs control vs mouse KD vs control","GO_BP","GO:0000209","protein polyubiquitination","either",0.05,"opposite direction",-2.51842821037561,2.51842821037561,1.0518835397065,-1.46654467066911,0.65361439717373,0.02502310663187,"672511/20128/108089/209387/26903/209200/64685/70097/17999/66412/208650/24105/66053/76630/230784/15270/319236/11651/22628/66855/56174/70465/59008/52206/217069/75788/56736/78889/100763/69957/56791/50868/268373/671535/108660/76901/216080/59047/66799/210973/73945/76952/231600/217232/18104/23802/50883/103213/20821/93679/75717/12400/69459/17237/12005/387524/19720/52717/224170/272359/69010/212123/22129/17222/69104/21357/67128/26965/66894/65257/70348/18023/56550/109161/66105/22193/67664/18412/57438/76980/66743/229644/54601/667823","64127/7681/7174/865/23352/22980/10210/27246/23321/26191/64839/10393/55626/8452/8881/79084/10075/27339/51433/596/4012/1654/81603/23219/64682/84447/7321/29882/91947/8454/11060/9354/54926/389898/7322/89910/3429/84937/55585/7320/3093/9978/5295/6872/26272/149041/9520/23220/10277/51366/10273/8405/9320/9373/29945/267/1499/80351/11337/10612/54708/4734","GO:0000209","GO:0000209","protein polyubiquitination","protein polyubiquitination",-1.60165877340665,0.184678390159481,TRUE,FALSE,-2.51842821037561,2.51842821037561,"opposite direction"
"human_vs_mouse_KD_GO_BP","human KD vs control vs mouse KD vs control","GO_BP","GO:0120161","regulation of cold-induced thermogenesis","either",0.05,"opposite direction",-2.51177898634692,2.51177898634692,0.948051431670417,-1.5637275546765,0.788450941260574,0.031606531512667,"16775/17150/15901/14194/14609/231507/19664/56636/67460/67299/224860/20852/108155/15499/50721/68614/16819/94187/19645/18618/21898/23794/11865/70673/22339/11911/20586/15107/13371/12608","1649/83401/3596/51094/7422/7376/9572/57561/6868/9444/8473/1051/4012/155/8841/4898/89/55818/324/23135/79071/3226/51043/3717/10912/7480/2628/23228/7067/33/3516/2167/85440","GO:0120161","GO:0120161","regulation of cold-induced thermogenesis","regulation of cold-induced thermogenesis",-1.50022316083739,0.103225324025191,TRUE,FALSE,-2.51177898634692,2.51177898634692,"opposite direction"
"human_vs_mouse_KD_GO_BP","human KD vs control vs mouse KD vs control","GO_BP","GO:0032868","response to insulin","either",0.05,"opposite direction",-2.50511146402351,2.50511146402351,0.974467374150234,-1.53064408987328,0.772563114268051,0.0190484679528693,"74551/12870/12842/74155/12833/67996/72114/20525/18576/13685/20787/230784/14158/13631/11651/14870/22628/20383/107508/235623/108155/74142/79221/26569/20430/67389/29815/69719/18795/228869/26395/12702/15461/14629/19645/20416/210973/26417/22084/16548/66515/17975/18706/15925/20779/20913/17913/15107/227743/320528/231672/50915/20104/18709/14281/20588/56717/67856","5584/139596/3265/9663/51083/5313/5580/8452/51141/6720/8473/5058/4218/645/6198/2931/10890/9820/81565/324/1176/10499/5791/5166/2690/4303/23371/5562/9978/80318/10014/2308/3645/376497/54206/6430/5295/143686/51043/10458/5290/4644/55667/3416/8850/5595/3625/3638/5140","GO:0032868","GO:0032868","response to insulin","response to insulin",-1.7201399484068,0.112066030921016,TRUE,FALSE,-2.50511146402351,2.50511146402351,"opposite direction"
"human_vs_mouse_KD_GO_BP","human KD vs control vs mouse KD vs control","GO_BP","GO:0006302","double-strand break repair","either",0.05,"opposite direction",2.50489019517013,2.50489019517013,-0.890596930240237,1.61429326492989,0.938989012766215,0.00256214641383442,"71711/233826/229584/93765/214763/12914/54380/20184/54125/71988/72931/52864/14050/240087/21975/72836/232210/22592/16905/18968/107932/11596/226026/20422/103537/235559/12545/29861/78610/77782/213389/320678/19891/67849/14048/16969/211978/12189/59004/191578/12144/17217/68501/56196/226151/17215/57321/117599","2547/29128/7520/5591/64710/1663/64110/142/84515/9907/56776/9401/5965/165918/2305/5371/348654/113130/58493/5889/197342/65980/8091/22909/55183/9319/54386/83695/55159/1387/4173/63979/84717/11284/7517/8110/6118/2237/79728/7158/7468/2177/78996/10038/7516/51149/2067/51567/2073/7486/9275/1763/672/23514/10635/84464/10933/54537/151636/25913/55317/27336/6119/3364/177/56160/55775/4683/10097/115004/4361/83990/4796/8914/146956/641/158880/84296/605/51659/79184/56893/9400/10856/7156/5892/5932/84142/64858/7515/6419/10721/51588/2187/286257/27434/29117/23126/84126/2074/11073/116028/10459/4174/317761/55929/79173/9985/4176/284071/55218/675/64769/25900/5893/1161/254225/8193/126549","GO:0006302","GO:0006302","double-strand break repair","double-strand break repair",2.59139605612783,-0.0273394894409404,TRUE,FALSE,2.50489019517013,2.50489019517013,"opposite direction"
"human_vs_mouse_KD_GO_BP","human KD vs control vs mouse KD vs control","GO_BP","GO:0045580","regulation of T cell differentiation","either",0.05,"opposite direction",-2.49680195720011,2.49680195720011,0.920864880354093,-1.57593707684602,0.832736447119445,0.0277956031768307,"16859/20587/72057/66923/16453/16923/16950/107527/16952/12394/13866/13655/68094/11461/14534/81601/14000/20667/16852/20586/67155/20677/21813/11350/16818/211651/12400/20588/56468/12479/21672/16189/22433/14462/83797/12703","5914/2625/11006/3594/64410/51412/8651/25/6604/5699/10538/84695/942/5692/7535/3071/6599/6647/5687/3561/2302/3574/55193/64332/10524/5690/865/338567/5685/5684/55626/301/8546/55274/3726/3549/3659/6659/3718/6601/5689/23240/2648/6776/51043/149041/5686/2033/3956/5691/3135/27166/11221/196528","GO:0045580","GO:0045580","regulation of T cell differentiation","regulation of T cell differentiation",-1.55602389714163,0.0794924267714429,TRUE,FALSE,-2.49680195720011,2.49680195720011,"opposite direction"
"human_vs_mouse_KD_GO_BP","human KD vs control vs mouse KD vs control","GO_BP","GO:0009100","glycoprotein metabolic process","either",0.05,"opposite direction",-2.48680966626182,2.48680966626182,1.51971875071352,-0.967090915548299,0.0180941383678868,0.752493197636836,"243853/53618/18553/19288/244745/66059/16453/268880/66248/234356/12167/234407/72050/68273/83398/381694/54616/13478/52120/12499/17158/224143/140484/20443/102580/109901/97440/108155/70551/381903/74653/217734/97884/217664/59287/195646/328370/20444/68304/53614/54128/18795/14043/27029/14733/59007/218989/239337/13039/20442/215015/27419/50762/76898/57357/17160/66357/14376/50917/73068/15442/80286/320438/110006/14426/15931/76483/72136/56321/231050/19164/232313/117592/14538/216395/76025/72043/100910/57783/11600/11881/15476/73836/319901/12814/208211/15251/14345/69080/14042/212996/331026/233781/20448/70827/70484/239528/140481/17308/21982/12156/14241/12091/50786/14423/59031/22235/14425/57377/53627/13617/13618/75847/171212/72297/15932/15531/246179/11593/380959/16432/212898/20652/240725/233733/66789","342897/91949/102/54344/80267/56983/11041/144245/4121/8706/4669/30815/55741/8473/6484/51363/4864/10347/3703/84447/4122/9957/3073/2817/9695/6483/175/6934/3718/9445/538/56886/7358/9215/10565/20/50515/11236/57134/284/92370/746/27161/9507/55959/267/1499/727936/9528/4248/64083","GO:0009100","GO:0009100","glycoprotein metabolic process","glycoprotein metabolic process",-0.123497421637293,1.74246209290846,FALSE,TRUE,-2.48680966626182,2.48680966626182,"opposite direction"
"human_vs_mouse_KD_GO_BP","human KD vs control vs mouse KD vs control","GO_BP","GO:0034976","response to endoplasmic reticulum stress","either",0.05,"opposite direction",-2.48612968933466,2.48612968933466,1.07022041525473,-1.41590927407993,0.620738221316256,0.0452423953064102,"66725/16145/50527/26943/66940/56709/69065/22059/12915/224045/20856/12048/230784/12364/22393/14084/13629/217365/11651/19106/67106/230249/52377/80280/108159/70551/217069/26408/66861/52552/77006/12443/66753/53313/74777/244373/56491/76892/14950/50762/108954/11820/216157/226090/208643/56321/70231/18024/11993/28088/74006/12028/107607/23802/17872/11911/11350/75717/12608/66530/231571/18709/75565/63913/66795/66155/208884/67089","51608/51136/25/54546/51439/64714/51465/8720/23190/2923/26003/10299/4189/51035/201595/54870/246/54431/23071/10525/81502/387923/5034/91319/57003/79089/9709/55829/1649/27230/23392/7376/4690/342897/79956/80267/10952/7917/10595/153222/54788/581/4121/10162/29761/55741/488/7873/1051/596/487/1654/10130/10347/84447/7184/9354/4780/9695/6774/51024/9601/10987/9131/5295/1080/10869/79139/10277/11236/29978/57134/51493/10273/58515/7415/746/2081/267/79668/9063/3708/120892","GO:0034976","GO:0034976","response to endoplasmic reticulum stress","response to endoplasmic reticulum stress",-1.34445440991771,0.20709151255614,TRUE,FALSE,-2.48612968933466,2.48612968933466,"opposite direction"
"human_vs_mouse_KD_GO_BP","human KD vs control vs mouse KD vs control","GO_BP","GO:0016042","lipid catabolic process","either",0.05,"opposite direction",-2.48530004402375,2.48530004402375,1.05652245955416,-1.42877758446959,0.652612488626722,0.0255093423311402,"12870/20750/27226/66253/54447/67732/18576/74114/51798/11409/230784/216188/67452/56636/211666/67460/18798/11651/66885/66904/18634/18476/15926/15108/193742/231086/68917/113868/26569/66350/171210/18805/93747/11370/16922/18795/50721/23986/110842/110446/433256/27419/57357/26378/18472/52538/17117","374569/215/391013/51542/1376/3991/2171/4051/55289/64064/5050/27293/9784/6783/137872/3667/1066/2629/345557/56624/11332/285362/5049/5332/8529/32/23236/5048/66002/30/375775/283748/5825/63874/1384/81537/2717/55268/3028/142910/9663/254013/5580/8879/7533/219743/27163/123745/7920/5331/63924/155/222/2109/5333/26090/7879/6342/11145/10478/3073/427/51/5562/38/150/2517/225/8611/8630/22933/2110/284161/84696/5321/35/57016/8398/33/7291/2167/5140/5168/5019/6696","GO:0016042","GO:0016042","lipid catabolic process","lipid catabolic process",-1.59330073800482,0.185344619653605,TRUE,FALSE,-2.48530004402375,2.48530004402375,"opposite direction"
"human_vs_mouse_KD_GO_BP","human KD vs control vs mouse KD vs control","GO_BP","GO:0048545","response to steroid hormone","either",0.05,"opposite direction",-2.48462857785419,2.48462857785419,1.04371838640937,-1.44091019144482,0.671498654155467,0.0248605866543334,"74551/12842/20317/20564/74155/22337/20750/243853/74747/77889/13685/17999/14751/20787/17250/15364/12257/22601/14870/11898/19777/18491/16948/16952/15926/20855/56736/77006/113868/12443/20182/69719/26395/13039/17025/59035/19384/28253/93686/11835/67040/21372/19183/13207/11865/13123/11826/70315/108655/18706/20779/20586","54578/3065/23558/8013/7110/10002/476/706/6258/687/2950/149563/9572/84676/8085/6663/8284/29966/5447/7533/5187/6720/1843/5058/301/3169/2821/8841/2931/3726/10521/9611/55818/178/23019/1601/2690/6934/21/678/2099/498/5931/6714/54206/9131/8611/10628/7043/6872/20/3717/5290/10424/2033/3417/51366/8626/55823/57658/9063/4734/5176/6696/9353","GO:0048545","GO:0048545","response to steroid hormone","response to steroid hormone",-1.60448862719342,0.172954853424812,TRUE,FALSE,-2.48462857785419,2.48462857785419,"opposite direction"
"human_vs_mouse_KD_GO_BP","human KD vs control vs mouse KD vs control","GO_BP","GO:0046631","alpha-beta T cell activation","either",0.05,"opposite direction",-2.48235276773888,2.48235276773888,0.913684120961502,-1.56866864677738,0.83944824233929,0.0276376164958298,"16859/15944/16145/93694/16453/208650/16950/17250/15216/66592/20852/16952/12394/19934/13039/58185/21898/65960/108655/16852/103743/233912/60533/21813/11350/12608/16818/12400/56468/56717/12479/230979/16189/14462/12703/16452/54721/16193/21803","3932/5914/2625/11006/3594/64410/8651/284194/3965/27086/5699/10538/84695/942/5692/60437/3071/5687/4609/4297/975/6097/3716/29110/64332/5690/865/6693/338567/7917/3958/64218/5685/5684/4221/8807/57045/301/1051/8546/3726/3549/3659/4063/6774/3718/5689/6776/538/1386/5295/51043/149041/5686/3717/2033/3956/5691","GO:0046631","GO:0046631","alpha-beta T cell activation","alpha-beta T cell activation",-1.55849941380665,0.0760060758920917,TRUE,FALSE,-2.48235276773888,2.48235276773888,"opposite direction"
"human_vs_mouse_KD_GO_BP","human KD vs control vs mouse KD vs control","GO_BP","GO:0106106","cold-induced thermogenesis","either",0.05,"opposite direction",-2.48151611654184,2.48151611654184,0.939633178261403,-1.54188293828044,0.804456540825285,0.042127487022192,"16775/17150/15901/14194/14609/231507/19664/56636/67460/67299/224860/20852/108155/15499/50721/68614/16819/94187/19645/18618/21898/23794/11865/70673/22339/11911/20586/15107/13371/12608","1649/83401/3596/51094/7422/7376/9572/57561/6868/9444/8473/1051/4012/155/8841/4898/89/55818/324/23135/79071/3226/51043/3717/10912/7480/2628/23228/7067/33/3516/2167/85440","GO:0106106","GO:0106106","cold-induced thermogenesis","cold-induced thermogenesis",-1.37543444652104,0.0944974128322917,TRUE,FALSE,-2.48151611654184,2.48151611654184,"opposite direction"
"human_vs_mouse_KD_GO_BP","human KD vs control vs mouse KD vs control","GO_BP","GO:0021700","developmental maturation","either",0.05,"opposite direction",-2.47668584325921,2.47668584325921,0.863595531517182,-1.61309031174203,0.921331197335196,0.0059135737015185,"20563/12266/66725/14178/23859/13874/20112/14381/14609/19664/20361/20615/23892/12286/234549/73181/26362/19336/21827/15529/241846/53321/68404/215008/15902/12394/18643/28114/14682/53614/100121/80752/18795/83453/239337/11767/22631/19645/11820/69716","7422/84530/55027/4882/10159/2046/6261/9550/163175/9296/23424/51083/9463/27289/9114/164/494551/65009/29882/89/81609/537/1901/50617/55737/123041/6496/23774/535/6812/51606/1080/528/22933/347688/51299/162466/27161/650/1499/1600/5728/1605/57731/718/120892/523/9897/2252","GO:0021700","GO:0021700","developmental maturation","developmental maturation",-2.22814998615944,0.0355842228770672,TRUE,FALSE,-2.47668584325921,2.47668584325921,"opposite direction"
"human_vs_mouse_KD_GO_BP","human KD vs control vs mouse KD vs control","GO_BP","GO:0008202","steroid metabolic process","either",0.05,"opposite direction",-2.4694399566229,2.4694399566229,1.07984037749981,-1.38959957912309,0.609969222534458,0.0390000912527348,"29817/74155/20750/67800/56453/11535/56348/106529/14381/72017/20787/22359/12167/17250/12257/11651/235623/15108/18194/68917/113868/231474/110196/100198/241452/11370/16971/244373/76524/58520/17855/28200/18595/18514/109754/17117/11820/56316","7421/3069/3837/4036/116519/1595/9971/1585/8435/6716/114876/8720/570/3991/10299/6770/3284/2224/9784/54577/6783/51700/1066/2629/5469/29881/338/7436/51144/6097/54578/9420/64137/706/57540/30/23461/5825/9572/5443/441282/3028/3293/51083/54361/10162/9444/5447/7533/55911/51141/866/6720/90809/4779/114883/5087/4864/3156/5007/79154/10170/6342/7923/427/80270/7108/1601/6721/4598/5562/4790/50814/8630/20/51706/47/3157/10273/6713/650/6615/158219/33/3638/6696","GO:0008202","GO:0008202","steroid metabolic process","steroid metabolic process",-1.40893437680651,0.214692077809996,TRUE,FALSE,-2.4694399566229,2.4694399566229,"opposite direction"
"human_vs_mouse_KD_GO_BP","human KD vs control vs mouse KD vs control","GO_BP","GO:0035825","homologous recombination","either",0.05,"opposite direction",2.4685080572381,2.4685080572381,-0.630746822870583,1.83776123436752,0.991981647630537,0.010871286199028,"74666/71711/20892/52864/235559/213389/12189","29128/64710/201254/5889/197342/57820/285498/9319/63979/2177/672/10635/84464/4683/4439/4361/83990/146956/79703/5892/5932/11073/317761/580/79173/9985/7153/126549/29893/80198","GO:0035825","GO:0035825","homologous recombination","homologous recombination",1.96371907080833,-0.00349636252980886,TRUE,FALSE,2.4685080572381,2.4685080572381,"opposite direction"
"human_vs_mouse_KD_GO_BP","human KD vs control vs mouse KD vs control","GO_BP","GO:0016051","carbohydrate biosynthetic process","either",0.05,"opposite direction",-2.46562014838105,2.46562014838105,0.931188156750286,-1.53443199163076,0.832736447119445,0.0358627956082305,"74551/108682/67800/68401/14873/14381/110208/14936/14751/230784/67863/11651/20443/13194/108155/217664/20444/67389/18113/77590/50721/14043/72157","8706/7360/5207/30815/8473/4191/5571/6484/51363/2821/53632/150094/2931/178/6483/6934/8402/2648/4790/2308/5236/50515/2033/1213/5230/2026/5091/5499/230/1642/2027","GO:0016051","GO:0016051","carbohydrate biosynthetic process","carbohydrate biosynthetic process",-1.44535585894827,0.0794924267714429,TRUE,FALSE,-2.46562014838105,2.46562014838105,"opposite direction"
"human_vs_mouse_KD_GO_BP","human KD vs control vs mouse KD vs control","GO_BP","GO:0016055","Wnt signaling pathway","either",0.05,"opposite direction",-2.45110637078522,2.45110637078522,0.966509981195435,-1.48459638958979,0.78632435068885,0.00268783456600882,"672511/12842/66725/14362/12833/21804/20356/229534/19664/72114/16600/23892/78560/18764/15364/14694/69217/76425/67916/73181/22601/26385/24088/20174/109901/23988/83675/13194/16469/18647/57810/70823/20439/56736/21983/14682/72357/56811/103236/235542/12443/217011/16348/53614/16971/67974/56515/16543/11820/21886/76281/233328/14368/18763/13726/432940/100503572/50523/11426/11865/19164/227210/22084/232334/23802/381259/55978/72043/20779/20586/103743/80707/20677/629378/11350","607/65125/6907/388336/5523/85407/5218/6663/23499/147111/25876/1460/8796/4772/57599/7088/54361/128272/7475/5311/9096/139285/23002/283149/25806/29959/90268/4929/4089/7484/166/84445/1500/8840/1456/1654/5204/2931/8321/55206/5495/9736/5494/1455/7184/79971/4035/2011/6659/324/1363/7855/79960/64854/6657/55737/7483/1601/9314/7320/6934/5562/55031/26959/23240/4790/4920/9978/8324/2870/2033/51366/122011/7480/6259/79705/7415/6788/650/55959/5515/267/1499/6615/57658/4040/80351/80326/4300/2263/50937/4856/5499/5916/120892","GO:0016055","GO:0016055","Wnt signaling pathway","Wnt signaling pathway",-2.57059746526126,0.104398275006446,TRUE,FALSE,-2.45110637078522,2.45110637078522,"opposite direction"
"human_vs_mouse_KD_GO_BP","human KD vs control vs mouse KD vs control","GO_BP","GO:0072538","T-helper 17 type immune response","either",0.05,"opposite direction",-2.45088949065903,2.45088949065903,0.757259028774087,-1.69363046188494,0.932490868239045,0.0430714650901543,"214855/16453/16950","5699/10538/84695/5692/5687/6097/3716/64332/5690/5685/5684/3726/4063/6774/3718/5689/6776/149041/5686/2033/3956/5691","GO:0072538","GO:0072538","T-helper 17 type immune response","T-helper 17 type immune response",-1.36581035531547,0.0303554124874371,TRUE,FALSE,-2.45088949065903,2.45088949065903,"opposite direction"
"human_vs_mouse_KD_GO_BP","human KD vs control vs mouse KD vs control","GO_BP","GO:0018126","protein hydroxylation","either",0.05,"opposite direction",-2.44646681900458,2.44646681900458,1.95209325148118,-0.494373567523398,0.0242887945400043,0.997350086556744,"14789/50527/56693/18451/210530/112406/18822/104799/14230/66180/65973/53381","23210","GO:0018126","GO:0018126","protein hydroxylation","protein hydroxylation",-0.00115237030193231,1.61459403882251,FALSE,TRUE,-2.44646681900458,2.44646681900458,"opposite direction"
"human_vs_mouse_KD_GO_BP","human KD vs control vs mouse KD vs control","GO_BP","GO:0009306","protein secretion","either",0.05,"opposite direction",-2.44433358363711,2.44433358363711,1.08247597579808,-1.36185760783903,0.585489020139963,0.0430714650901543,"74551/18641/12361/192185/19275/69146/18555/14609/338320/12931/109552/20615/18576/20787/19056/381694/192236/14661/24088/52377/11674/19326/241296/80976/54160/16952/272538/74370/14682/52906/66294/74998/67389/67623/16971/50721/268373/12288/269951/58185/78894/279766/52055/215999/18472/19376/20909/73068/67267/105638/11845/110006/21898/17386/228355/18754/76483/11865/74006/13640/67510/66074/20913/15107/20677/54161/14672/102607/11303/50790/320840/68667","406/25924/23607/5715/374969/51738/1595/5950/23409/9971/6717/389692/10815/6833/6927/116534/4547/6865/4988/5551/3667/8609/2778/7021/9498/6352/3418/111/5532/3596/54097/379/7376/64332/65220/9572/5568/9854/382/818/5864/5481/51083/9066/9463/23557/399687/5127/164/322/3156/6558/780776/25930/5007/2775/50855/84300/79971/10411/6659/64693/27236/6810/57555/55737/9601/6934/26958/150/54857/51714/2308/7043/65985/84976/3717/1174/746/8398/4856/3625/64083/5019","GO:0009306","GO:0009306","protein secretion","protein secretion",-1.36581035531547,0.232481244976483,TRUE,FALSE,-2.44433358363711,2.44433358363711,"opposite direction"
"human_vs_mouse_KD_GO_BP","human KD vs control vs mouse KD vs control","GO_BP","GO:0060828","regulation of canonical Wnt signaling pathway","either",0.05,"opposite direction",-2.44383473898767,2.44383473898767,0.90770615373169,-1.53612858525598,0.859193702992872,0.0147768719079352,"12842/66725/14362/20356/19664/72114/23892/78560/69217/76425/22601/20174/23988/83675/16469/18647/57810/20439/56736/21983/14682/56811/103236/235542/217011/16348/53614/67974/11820/21886/233328/14368/13726/432940/50523/11865/19164/227210/23802/55978/72043/20779/20677/629378","65125/6907/388336/5523/85407/5218/6663/147111/8796/57599/7088/9096/139285/29959/90268/4089/166/84445/1456/1654/5204/2931/55206/5495/9736/5494/1455/79971/6659/324/79960/64854/6657/55737/1601/7320/6934/55031/23240/4790/9978/8324/51366/122011/79705/7415/6788/650/5515/267/1499/80351/4300/2263/50937/5499/120892","GO:0060828","GO:0060828","regulation of canonical Wnt signaling pathway","regulation of canonical Wnt signaling pathway",-1.83041749130677,0.0659089145652245,TRUE,FALSE,-2.44383473898767,2.44383473898767,"opposite direction"
"human_vs_mouse_KD_GO_BP","human KD vs control vs mouse KD vs control","GO_BP","GO:1990778","protein localization to cell periphery","either",0.05,"opposite direction",-2.41300159370955,2.41300159370955,0.978994298065805,-1.43400729564375,0.760387080383847,0.0183462957252718,"13731/74513/74155/19092/12361/23859/56089/66811/110695/50918/53413/17387/11733/14251/26425/12048/12568/66053/230784/233575/14694/11651/192176/21937/18777/108155/76260/75788/13866/107589/69035/21983/74998/16971/50721/232086/76688/106039/69660/26395/15461/11461/19376/109676/53330/76740/20909/67378/11835/11845/226791/208643/56294/13821/107975/110379/100503572/108058/109905/11426/11735/22084","65266/288/2319/102/65125/382/3958/818/23499/5584/79156/3265/7871/483/8473/4218/81693/2013/115548/8546/25921/60412/353116/408/4323/10890/5906/7879/8878/7184/6342/10268/4035/537/22908/817/10938/6810/55737/1601/1020/23167/5562/6281/2035/23096/54857/6812/5295/20/4644/55667/2181/23136/1213/5593/8673/129303/9528/403/4040/84062/26088/11337/5525/1605/342667/64083/57731/784/27065","GO:1990778","GO:1990778","protein localization to cell periphery","protein localization to cell periphery",-1.73645161034774,0.118965270772495,TRUE,FALSE,-2.41300159370955,2.41300159370955,"opposite direction"
"human_vs_mouse_KD_GO_BP","human KD vs control vs mouse KD vs control","GO_BP","GO:1903532","positive regulation of secretion by cell","either",0.05,"opposite direction",-2.38944947101476,2.38944947101476,0.953565626792522,-1.43588384422224,0.804456540825285,0.047065257810891,"74551/22337/20750/12361/192185/18442/14609/22088/19056/12048/12568/14661/68943/15216/24088/11674/241296/56745/12394/68585/14682/20315/56632/67389/67623/16971/50721/268373/12288/78894/215999/19376/26420/20909/104886/73068/11845/21898/17386/18754/74006/13640/16878/12306/66214","22895/7376/65220/9525/5568/9854/5443/6532/382/5864/5481/51083/9066/5025/3623/134957/399687/164/322/6558/2668/25930/5007/10015/7251/50855/7879/79971/10411/6659/6810/57555/55737/1601/3134/6934/6281/6812/51714/7043/65985/3717/8723/6387/650/9367/8673/5530/8398/84062/3625/64083/5019/6696","GO:1903532","GO:1903532","positive regulation of secretion by cell","positive regulation of secretion by cell",-1.32729955802045,0.0944974128322917,TRUE,FALSE,-2.38944947101476,2.38944947101476,"opposite direction"
"human_vs_mouse_KD_GO_BP","human KD vs control vs mouse KD vs control","GO_BP","GO:0051047","positive regulation of secretion","either",0.05,"opposite direction",-2.36244410980622,2.36244410980622,0.938108762063656,-1.42433534774256,0.819531350850638,0.0331732950264902,"74551/22337/20750/12361/192185/18442/14609/22088/19056/12048/12568/14661/68943/15216/24088/18779/11674/241296/56745/12394/68585/14682/20315/56632/67389/67623/16971/50721/268373/12288/78894/215999/19376/26420/20909/104886/73068/11845/21898/17386/18754/74006/13640/16878/11826/12306/66214","7376/65220/9525/5568/9854/5443/6532/382/5864/5481/51083/9066/5025/3623/134957/399687/164/322/6558/2668/25930/5007/10015/7251/50855/7879/79971/10411/6659/6810/57555/4881/55737/1601/3134/6934/6281/6812/51714/7043/65985/3717/2181/8723/6387/650/9367/8673/5530/8398/84062/3625/64083/5019/6696","GO:0051047","GO:0051047","positive regulation of secretion","positive regulation of secretion",-1.47921138887393,0.0864344280104999,TRUE,FALSE,-2.36244410980622,2.36244410980622,"opposite direction"
"human_vs_mouse_KD_GO_BP","human KD vs control vs mouse KD vs control","GO_BP","GO:0030003","intracellular monoatomic cation homeostasis","either",0.05,"opposite direction",-2.34205121200403,2.34205121200403,0.954541852200377,-1.38750935980365,0.804836231226802,0.0384347603270195,"26570/12870/20512/22337/20750/66725/74051/18442/72844/29876/20615/12286/20856/94249/18764/26425/12568/17750/331004/14319/192236/22393/12176/17357/15216/66592/228983/68514/11306/17134/19165/72392/70551/20855/233979/53313/107368/56491/76524/12288/16819/14806/65973/109108/215999/109676/11820/66162/170759/269356/18754/20536/108058/26417/19164","4609/57003/3270/9498/4494/506/169200/51463/84068/6352/9709/9256/490/9497/480/84239/645745/80762/476/53822/796/64699/10159/54822/6261/1991/9550/6355/9296/27020/4490/22/581/148867/23335/64924/26234/57468/57192/7531/54583/483/9114/488/4089/3162/596/487/285195/6558/4499/9914/1657/118987/7879/8454/537/23545/492/817/3759/4086/50617/28952/10367/123041/535/57419/538/7178/9978/51027/533/5910/51606/1080/10539/4891/1356/4501/58515/6387/650/91689/3708/79734/120892/523/10312","GO:0030003","GO:0030003","intracellular monoatomic cation homeostasis","intracellular monoatomic cation homeostasis",-1.41527582277677,0.0942924812596979,TRUE,FALSE,-2.34205121200403,2.34205121200403,"opposite direction"
"human_vs_mouse_KD_GO_BP","human KD vs control vs mouse KD vs control","GO_BP","GO:0006873","intracellular monoatomic ion homeostasis","either",0.05,"opposite direction",-2.31165124844591,2.31165124844591,0.933829462763187,-1.37782178568272,0.833539659028661,0.0379607741291378,"26570/12870/20512/22337/20750/66725/74051/18442/72844/29876/20615/12286/20856/94249/18764/26425/12568/17750/331004/14319/192236/22393/12176/17357/15216/66592/228983/68514/11306/17134/19165/72392/70551/20855/233979/53313/107368/56491/76524/12288/16819/14806/65973/109108/215999/109676/11820/66162/170759/269356/18754/20536/108058/26417/19164","6508/375/212/51542/9772/391059/286133/3916/477/9562/1258/6647/11261/5349/94033/5029/4609/57003/3270/9498/4494/506/169200/51463/84068/6352/9709/9256/490/9497/480/84239/645745/80762/476/53822/796/64699/10159/65266/54822/6261/1991/9550/6355/9296/27020/4490/22/581/148867/23335/64924/26234/57468/57192/7531/54583/483/9114/488/4089/3162/596/487/285195/6558/4499/9914/1657/118987/7879/8454/537/23545/492/817/3759/4086/50617/28952/10367/123041/535/57419/538/7178/9978/51027/533/5910/51606/1080/10539/4891/1356/4501/58515/6387/650/91689/3708/79734/120892/523/10312","GO:0006873","GO:0006873","intracellular monoatomic ion homeostasis","intracellular monoatomic ion homeostasis",-1.42066493964346,0.0790737320236723,TRUE,FALSE,-2.31165124844591,2.31165124844591,"opposite direction"
"human_vs_mouse_KD_GO_BP","human KD vs control vs mouse KD vs control","GO_BP","GO:0016311","dephosphorylation","either",0.05,"opposite direction",-2.301961780375,2.301961780375,0.759438683986716,-1.54252309638828,0.972099891355909,0.0326954620642581,"227292/75219/71910/16330/50784/19056/67916/19777/67603/320634/80280/50773/67905/19057/17772/240672/19263/56294/52468/105663/20975/20779/13537/56420/74411/64436/19249/56318/209039/19252/12156/19248/100503670/19054/19043/14049","79948/55613/8898/55917/3633/248/132160/11261/9150/5778/11122/1847/6305/7179/8897/78986/1852/5532/5803/84867/5523/81537/27071/26191/1843/90809/5495/23399/5802/5494/22908/5791/5777/23371/150290/55529/9896/6714/8611/5501/9110/58190/650/5530/5515/5728/11221/5499","GO:0016311","GO:0016311","dephosphorylation","dephosphorylation",-1.48551252064899,0.0122891054074288,TRUE,FALSE,-2.301961780375,2.301961780375,"opposite direction"
"human_vs_mouse_KD_GO_BP","human KD vs control vs mouse KD vs control","GO_BP","GO:0030098","lymphocyte differentiation","either",0.05,"opposite direction",-2.29384268033677,2.29384268033677,0.846461449398715,-1.44738123093805,0.942361051876308,0.0248605866543334,"16859/20587/16145/16391/72057/66923/19664/18030/17387/16453/19056/21974/16923/16950/56048/21423/26362/224860/11740/241296/20852/107527/15902/16952/12394/13866/79221/107568/77006/13655/14375/19934/101142/68094/13039/58185/20442/18514/11461/14082/16157/75974/14534/81601/70673/12611/14000/12028/108655/20667/16852/223601/20586/103743/67155/233912/20677/21813/103213/11350/20104/16818/211651/12400/20588/56468/68137/56717","65992/5914/930/4853/2625/11006/3594/64410/51412/8651/56833/80758/25/27086/6604/5699/222487/10538/84695/942/5692/677/7535/4189/3071/6599/9730/6647/4242/5687/5450/5971/7805/4297/51463/11035/6097/3561/3716/2302/29110/96459/3574/55193/64332/10524/5690/865/6693/338567/10320/64218/5685/5684/26191/4221/6868/55626/8807/221037/3623/301/23529/8546/55274/5087/11143/3726/3549/4323/84447/29760/3398/4780/3659/6659/2185/4063/6774/3718/6601/5689/23240/678/2648/6776/538/1386/10014/5295/9759/51043/149041/5686/139818/2033/3956/4775/5691/3135/27166/7412/11221/196528","GO:0030098","GO:0030098","lymphocyte differentiation","lymphocyte differentiation",-1.60448862719342,0.0257826717343353,TRUE,FALSE,-2.29384268033677,2.29384268033677,"opposite direction"
"human_vs_mouse_KD_GO_BP","human KD vs control vs mouse KD vs control","GO_BP","GO:0006123","mitochondrial electron transport, cytochrome c to oxygen","either",0.05,"shared positive",1.50586283423899,1.50586283423899,0.651357260751169,2.15722009499016,0.959202870541716,0.000956636635330551,"12862/20463/66142/17710/12867/12861/12857/13063/12858/12868/12865/12866/12859","4514/4513/4512/54205/1349/1345/1347/1337","GO:0006123","GO:0006123","mitochondrial electron transport, cytochrome c to oxygen","mitochondrial electron transport, cytochrome c to oxygen",3.01925299141592,0.0180895302234676,TRUE,FALSE,1.50586283423899,1.50586283423899,"shared positive"
"human_vs_mouse_KD_GO_BP","human KD vs control vs mouse KD vs control","GO_BP","GO:0035458","cellular response to interferon-beta","either",0.05,"shared positive",-1.5042226498751,1.5042226498751,2.70660721712872,1.20238456725362,7.41857142857143e-08,0.49694018751627,"55932/15944/15959/246730/15951/54396/60440/15957/15950/381308/100040462/229900/16145/236312/15953/14469/23960/102639543/20846/80876/240327/226691/100039796/226695/23961/71701/21822/64704/100033459","57506/3428/3454/7327/87178/117854/6772/3455/51079","GO:0035458","GO:0035458","cellular response to interferon-beta","cellular response to interferon-beta",0.303695880471577,7.1296797174192,FALSE,TRUE,-1.5042226498751,1.5042226498751,"shared positive"
"human_vs_mouse_KD_GO_BP","human KD vs control vs mouse KD vs control","GO_BP","GO:0035456","response to interferon-beta","either",0.05,"shared positive",-1.37938812468025,1.37938812468025,2.76677701626975,1.3873888915895,7.41857142857143e-08,0.320830505636298,"55932/66141/15944/15959/246730/15951/54396/60440/15957/15950/381308/100040462/69550/327959/229900/16145/236312/15953/14469/23960/102639543/20846/80876/240327/226691/213002/100039796/226695/23961/71701/21822/64704/100033459/68713/240328","10410/57506/3428/3454/5359/7327/87178/117854/6772/3455/51079","GO:0035456","GO:0035456","response to interferon-beta","response to interferon-beta",0.493724344254337,7.1296797174192,FALSE,TRUE,-1.37938812468025,1.37938812468025,"shared positive"
"human_vs_mouse_KD_GO_BP","human KD vs control vs mouse KD vs control","GO_BP","GO:0031167","rRNA methylation","either",0.05,"shared positive",1.33876376916109,1.33876376916109,0.484127754779061,1.82289152394015,0.996936998714513,0.0277956031768307,"72181/66138/67674/56095/66254/14791/224481/75422","29960/51504/114049/51490/55695/64216/55006/79979/196074/79922/79066/10528/55178/29081","GO:0031167","GO:0031167","rRNA methylation","rRNA methylation",1.55602389714163,0.00133228599643079,TRUE,FALSE,1.33876376916109,1.33876376916109,"shared positive"
"human_vs_mouse_KD_GO_BP","human KD vs control vs mouse KD vs control","GO_BP","GO:0010257","NADH dehydrogenase complex assembly","either",0.05,"shared positive",1.29119257971612,1.29119257971612,0.650181381923223,1.94137396163934,0.987177535724506,0.00707889295295932,"69089/225887/67130/75406/108755/66821/76826/68349/229211/66706/208501/76916/67184/235169/17716/66928/226646/69487","4538/4535/4540/5018/55744/55101/51300/57226/4725/4536/284184/55863/29090/90871/54968/28976","GO:0010257","GO:0010257","NADH dehydrogenase complex assembly","NADH dehydrogenase complex assembly",2.15003465502397,0.00560473603155023,TRUE,FALSE,1.29119257971612,1.29119257971612,"shared positive"
"human_vs_mouse_KD_GO_BP","human KD vs control vs mouse KD vs control","GO_BP","GO:0032981","mitochondrial respiratory chain complex I assembly","either",0.05,"shared positive",1.29119257971612,1.29119257971612,0.650181381923223,1.94137396163934,0.987177535724506,0.00707889295295932,"69089/225887/67130/75406/108755/66821/76826/68349/229211/66706/208501/76916/67184/235169/17716/66928/226646/69487","4538/4535/4540/5018/55744/55101/51300/57226/4725/4536/284184/55863/29090/90871/54968/28976","GO:0032981","GO:0032981","mitochondrial respiratory chain complex I assembly","mitochondrial respiratory chain complex I assembly",2.15003465502397,0.00560473603155023,TRUE,FALSE,1.29119257971612,1.29119257971612,"shared positive"
"human_vs_mouse_KD_GO_BP","human KD vs control vs mouse KD vs control","GO_BP","GO:0070670","response to interleukin-4","either",0.05,"shared positive",-1.25930338241084,1.25930338241084,1.97651158700075,0.717208204589908,0.0189345590243146,0.921668204249586,"547253/12567/18030/16453/23918/22143/20852/14104/27367/50868/16898/17025/16451/11837","54625/51176/3566/958/3597/11093","GO:0070670","GO:0070670","response to interleukin-4","response to interleukin-4",0.035425394561889,1.72274480491004,FALSE,TRUE,-1.25930338241084,1.25930338241084,"shared positive"
"human_vs_mouse_KD_GO_BP","human KD vs control vs mouse KD vs control","GO_BP","GO:0042773","ATP synthesis coupled electron transport","either",0.05,"shared positive",1.25441039109461,1.25441039109461,0.850943729267972,2.10535412036258,0.87964539523527,9.37356562304816e-05,"67914/68943/67273/66218/12862/27369/22273/225887/72900/56428/67680/66416/75406/66445/68349/107197/57320","4514/4513/4538/4512/4539/4535/4519/4540/54205/51142/4698/4710/1349/4537/4694/7388/1345/4725/27089/4711/4536/1347/1337/126328/1716/4717/4709/7386/4731/4726/790955/6391","GO:0042773","GO:0042773","ATP synthesis coupled electron transport","ATP synthesis coupled electron transport",4.02809517583013,0.0556923664059866,TRUE,FALSE,1.25441039109461,1.25441039109461,"shared positive"
"human_vs_mouse_KD_GO_BP","human KD vs control vs mouse KD vs control","GO_BP","GO:0071353","cellular response to interleukin-4","either",0.05,"shared positive",-1.2536611371398,1.2536611371398,1.97918384135116,0.725522704211363,0.011800762110898,0.916441506301667,"547253/12567/18030/16453/23918/22143/20852/14104/27367/50868/16898/17025/16451/11837","54625/51176/3566/958/3597/11093","GO:0071353","GO:0071353","cellular response to interleukin-4","cellular response to interleukin-4",0.0378952495245785,1.92808994439983,FALSE,TRUE,-1.2536611371398,1.2536611371398,"shared positive"
"human_vs_mouse_KD_GO_BP","human KD vs control vs mouse KD vs control","GO_BP","GO:0032607","interferon-alpha production","either",0.05,"shared positive",-1.24978145514834,1.24978145514834,2.05579167177338,0.806010216625042,0.00682377035484091,0.859669495379976,"54123/230073/71586/64685/20846/142980/78781/268857/72162/21898/17472/15510","57506/7099/56829/3661/6772/8767","GO:0032607","GO:0032607","interferon-alpha production","interferon-alpha production",0.0656684835481151,2.16597559721327,FALSE,TRUE,-1.24978145514834,1.24978145514834,"shared positive"
"human_vs_mouse_KD_GO_BP","human KD vs control vs mouse KD vs control","GO_BP","GO:0032647","regulation of interferon-alpha production","either",0.05,"shared positive",-1.24978145514834,1.24978145514834,2.05579167177338,0.806010216625042,0.00682377035484091,0.859669495379976,"54123/230073/71586/64685/20846/142980/78781/268857/72162/21898/17472/15510","57506/7099/56829/3661/6772/8767","GO:0032647","GO:0032647","regulation of interferon-alpha production","regulation of interferon-alpha production",0.0656684835481151,2.16597559721327,FALSE,TRUE,-1.24978145514834,1.24978145514834,"shared positive"
"human_vs_mouse_KD_GO_BP","human KD vs control vs mouse KD vs control","GO_BP","GO:0042775","mitochondrial ATP synthesis coupled electron transport","either",0.05,"shared positive",1.24242371027823,1.24242371027823,0.862930410084349,2.10535412036258,0.876681723811394,9.37356562304816e-05,"67914/68943/67273/66218/12862/27369/22273/225887/72900/56428/67680/66416/75406/66445/68349/107197/57320","4514/4513/4538/4512/4539/4535/4519/4540/54205/51142/4698/4710/1349/4537/4694/7388/1345/4725/27089/4711/4536/1347/1337/126328/1716/4717/4709/7386/4731/4726/790955/6391","GO:0042775","GO:0042775","mitochondrial ATP synthesis coupled electron transport","mitochondrial ATP synthesis coupled electron transport",4.02809517583013,0.0571580470906896,TRUE,FALSE,1.24242371027823,1.24242371027823,"shared positive"
"human_vs_mouse_KD_GO_BP","human KD vs control vs mouse KD vs control","GO_BP","GO:0072539","T-helper 17 cell differentiation","either",0.05,"shared negative",-1.22648935112079,1.22648935112079,-0.823405133467887,-2.04989448458868,0.886561103354084,0.00471549892360097,"19883/20371/17085/22724/216799/328572/74143/319817/14312/57765/57261/93685/240354","5699/10538/84695/5692/5687/6097/3716/64332/5690/5685/5684/3726/4063/6774/3718/5689/6776/149041/5686/2033/3956/5691","GO:0072539","GO:0072539","T-helper 17 cell differentiation","T-helper 17 cell differentiation",-2.32647234994606,-0.0522913266902487,TRUE,FALSE,-1.22648935112079,1.22648935112079,"shared negative"
"human_vs_mouse_KD_GO_BP","human KD vs control vs mouse KD vs control","GO_BP","GO:0048268","clathrin coat assembly","either",0.05,"shared negative",-1.21182717222631,1.21182717222631,-0.73109022460653,-1.94291739683284,0.931054365049736,0.0379690985112757,"12757/67300","1211/9685/115548/1601/1759/1213/27065","GO:0048268","GO:0048268","clathrin coat assembly","clathrin coat assembly",-1.42056971405921,-0.0310249594571337,TRUE,FALSE,-1.21182717222631,1.21182717222631,"shared negative"
"human_vs_mouse_KD_GO_BP","human KD vs control vs mouse KD vs control","GO_BP","GO:0060339","negative regulation of type I interferon-mediated signaling pathway","either",0.05,"shared positive",-1.21160438808312,1.21160438808312,1.89341344120112,0.681809053118002,0.0404566387469507,0.932584685303599,"24110/246730/100038882/23960/246727/20847/23961/26987/434341/56045/114643","56339/6773/401397/9636/4940/29883/11274/84166/79594","GO:0060339","GO:0060339","negative regulation of type I interferon-mediated signaling pathway","negative regulation of type I interferon-mediated signaling pathway",0.0303117207094809,1.39301020249183,FALSE,TRUE,-1.21160438808312,1.21160438808312,"shared positive"
"human_vs_mouse_KD_GO_BP","human KD vs control vs mouse KD vs control","GO_BP","GO:0006119","oxidative phosphorylation","either",0.05,"shared positive",1.20175474984814,1.20175474984814,0.800564958441971,2.00231970829011,0.953094651775805,9.70326262882996e-05,"108037/67914/68943/66592/68073/11639/67636/67273/66218/12862/27369/67267/66114/22273/11666/225887/72900/56428/67680/67130/66416/70316/75406/66445/230125/214917/26914/68349/107197/67126/57320/11474/68550/70556","4514/4513/4538/4508/4512/4539/4535/4519/4540/54205/51142/513/4698/4710/1349/4537/539/4694/7388/1345/4725/27089/514/4711/4536/1347/10105/205/1337/126328/1716/4509/9551/4717/4709/7386/4731/4726/125965/51085/790955/134145/6391/84277","GO:0006119","GO:0006119","oxidative phosphorylation","oxidative phosphorylation",4.01308221383127,0.0208639674595617,TRUE,FALSE,1.20175474984814,1.20175474984814,"shared positive"
"human_vs_mouse_KD_GO_BP","human KD vs control vs mouse KD vs control","GO_BP","GO:0038202","TORC1 signaling","either",0.05,"shared negative",-1.17993963802124,1.17993963802124,-0.928057856316522,-2.10799749433776,0.828450602560884,9.37356562304816e-05,"22030/93765/110616/56480/216742/108079/64930/237898/22215/70394/70661/56032/18145/80909/237782/54170/329679/67574/83429/18712/56692/229603/52187","144577/55593/6725/203228/389541/57162/84433/8649/6197/7334/29110/96459/64798/57600/56681/9681/140775/23334/8452/8473/90809/57559/4864/6198/7321/81929/154743/55611/28956/5562/9978/84861/6714/10670/143686/729438/2033/64121/55004/56957/7107/5595/23387/9252","GO:0038202","GO:0038202","TORC1 signaling","TORC1 signaling",-4.02809517583013,-0.081733381843073,TRUE,FALSE,-1.17993963802124,1.17993963802124,"shared negative"
"human_vs_mouse_KD_GO_BP","human KD vs control vs mouse KD vs control","GO_BP","GO:0006730","one-carbon metabolic process","either",0.05,"shared positive",-1.16924104492626,1.16924104492626,1.87769775974241,0.708456714816147,0.044588786461861,0.921867360636637,"270685/94280/17768/192166/232087/108037/107747/216188/229709/269378/108156/22171/20425/14287","1719/4144/7298/2356/4522/10797/25902/94081/160428","GO:0006730","GO:0006730","one-carbon metabolic process","one-carbon metabolic process",0.035331561253852,1.35077434734291,FALSE,TRUE,-1.16924104492626,1.16924104492626,"shared positive"
"human_vs_mouse_KD_GO_BP","human KD vs control vs mouse KD vs control","GO_BP","GO:1904263","positive regulation of TORC1 signaling","either",0.05,"shared negative",-1.1620057842324,1.1620057842324,-0.937489709616525,-2.09949549384892,0.810639666836796,0.00152586780747999,"110616/56480/216742/108079/64930/237898/22215/70661/56032/54170/329679/83429/18712/56692/52187","29110/96459/57600/8452/8473/90809/57559/6198/81929/154743/55611/28956/9978/84861/6714/10670/2033/64121/55004/7107/23387","GO:1904263","GO:1904263","positive regulation of TORC1 signaling","positive regulation of TORC1 signaling",-2.81648308955858,-0.0911721488464308,TRUE,FALSE,-1.1620057842324,1.1620057842324,"shared negative"
"human_vs_mouse_KD_GO_BP","human KD vs control vs mouse KD vs control","GO_BP","GO:1903432","regulation of TORC1 signaling","either",0.05,"shared negative",-1.14375317948415,1.14375317948415,-1.05079686193457,-2.19455004141872,0.65637379474337,0.000112152145184149,"226419/328572/268706/216805/18747/70713/219024/74374/20869/56438/93765/110616/56480/216742/108079/64930/237898/22215/70394/70661/56032/18145/80909/237782/54170/329679/67574/83429/18712/56692/229603/52187","144577/55593/6725/203228/389541/57162/8649/7334/29110/96459/64798/57600/56681/9681/140775/23334/8452/8473/90809/57559/4864/6198/7321/81929/154743/55611/28956/5562/9978/84861/6714/10670/143686/729438/2033/64121/55004/56957/7107/5595/23387","GO:1903432","GO:1903432","regulation of TORC1 signaling","regulation of TORC1 signaling",-3.95019241505713,-0.182848766170945,TRUE,FALSE,-1.14375317948415,1.14375317948415,"shared negative"
"human_vs_mouse_KD_GO_BP","human KD vs control vs mouse KD vs control","GO_BP","GO:0032008","positive regulation of TOR signaling","either",0.05,"shared negative",-1.1394967039974,1.1394967039974,-1.07427595619423,-2.21377266019163,0.638882908375112,0.000159036289014327,"110616/56480/216742/108079/64930/237898/22215/66629/70661/56032/237782/54170/329679/83429/18712/56692/229603/52187","55593/6725/3071/389541/8649/6352/29110/96459/57600/140775/8452/8473/90809/57559/8841/6198/81929/154743/55611/28956/253260/9978/84861/6714/10670/5290/2033/64121/8239/55004/56957/7107/23387/64083","GO:0032008","GO:0032008","positive regulation of TOR signaling","positive regulation of TOR signaling",-3.79850376674583,-0.19457873011432,TRUE,FALSE,-1.1394967039974,1.1394967039974,"shared negative"
"human_vs_mouse_KD_GO_BP","human KD vs control vs mouse KD vs control","GO_BP","GO:0043367","CD4-positive, alpha-beta T cell differentiation","either",0.05,"shared negative",-1.13894355731096,1.13894355731096,-0.895164749697811,-2.03410830700877,0.845064226314226,0.000956636635330551,"19883/20371/17085/22724/12053/216799/328572/74143/319817/14312/57765/16362/207952/214162/56480/57261/93685/240354/17283/382051/59009/11977/15284/23882","5914/2625/3594/64410/8651/27086/5699/10538/84695/942/5692/3071/5687/4297/6097/3716/29110/64332/5690/865/6693/338567/64218/5685/5684/4221/8807/301/8546/3726/4063/6774/3718/5689/6776/538/5295/51043/149041/5686/2033/3956/5691","GO:0043367","GO:0043367","CD4-positive, alpha-beta T cell differentiation","CD4-positive, alpha-beta T cell differentiation",-3.01925299141592,-0.0731102826788618,TRUE,FALSE,-1.13894355731096,1.13894355731096,"shared negative"
"human_vs_mouse_KD_GO_BP","human KD vs control vs mouse KD vs control","GO_BP","GO:0046632","alpha-beta T cell differentiation","either",0.05,"shared negative",-1.13429653823829,1.13429653823829,-0.854907225570405,-1.98920376380869,0.897473824823796,0.000811769163621448,"230126/20230/11352/20535/11848/19401/19219/19883/20371/17085/22724/12053/216799/320404/328572/74143/319817/21414/14312/57765/16362/207952/214162/14634/56480/57261/93685/240354/17283/382051/19156/59009/11977/15284/12144/23882","5914/2625/11006/3594/64410/8651/27086/5699/10538/84695/942/5692/3071/5687/4297/6097/3716/29110/64332/5690/865/6693/338567/64218/5685/5684/4221/8807/301/8546/3726/3549/4063/6774/3718/5689/6776/538/1386/5295/51043/149041/5686/2033/3956/5691","GO:0046632","GO:0046632","alpha-beta T cell differentiation","alpha-beta T cell differentiation",-3.09056745009117,-0.0469782089338871,TRUE,FALSE,-1.13429653823829,1.13429653823829,"shared negative"
"human_vs_mouse_KD_GO_BP","human KD vs control vs mouse KD vs control","GO_BP","GO:1902775","mitochondrial large ribosomal subunit assembly","either",0.05,"shared positive",1.12462703953528,1.12462703953528,0.744656700325678,1.86928373986096,0.917973405854896,0.0328893808121499,"72181/70316/72831/94254/212508/207704/75593/107999","29960/81554/26164/8225/22868/7284/130916/115416/92170/85865/55178","GO:1902775","GO:1902775","mitochondrial large ribosomal subunit assembly","mitochondrial large ribosomal subunit assembly",1.4829443026316,0.0371699003431673,TRUE,FALSE,1.12462703953528,1.12462703953528,"shared positive"
"human_vs_mouse_KD_GO_BP","human KD vs control vs mouse KD vs control","GO_BP","GO:0006520","amino acid metabolic process","either",0.05,"shared positive",-1.11787892680136,1.11787892680136,2.00935304787638,0.891474121075023,5.92808781379215e-06,0.836414910753359,"107869/26570/20512/108682/56454/100678/239273/12041/50527/192166/26912/381314/353172/56693/11566/110695/14194/18263/18451/226518/22375/108037/107045/23874/12286/110960/14874/22321/14661/12035/70223/11898/112406/66885/236539/27053/107272/68915/226414/107508/15108/15115/14431/13171/27267/246277/93747/78038/69719/110842/72562/110446/20226/50493/269378/12039/53381/14629/20751/108156/17850/18618/68021","493/6567/6611/586/26258/1806/79587/55157/4548/5831/57494/3712/55278/125061/58478/55191/144193/10157/2653/64116/23463/81539/7453/875/56267/29920/55556/4842/23576/283459/51166/85300/23395/57176/5092/1373/7915/57038/2752/4522/22929/57505/10955/50507/275/501/11112/642/55152/10841/5184/4482/2954/5859/113675/4141/79731/4552/1497/80755/55699/2639","GO:0006520","GO:0006520","amino acid metabolic process","amino acid metabolic process",0.0775782336255472,5.22708537170165,FALSE,TRUE,-1.11787892680136,1.11787892680136,"shared positive"
"human_vs_mouse_KD_GO_BP","human KD vs control vs mouse KD vs control","GO_BP","GO:0170033","L-amino acid metabolic process","either",0.05,"shared positive",-1.11535849888562,1.11535849888562,1.91971543977704,0.804356940891422,0.00103696129930366,0.92984186687874,"107869/108682/56454/100678/239273/12041/50527/26912/56693/110695/18263/18451/226518/108037/14874/14661/12035/11898/112406/66885/236539/27053/107272/15108/14431/246277/93747/78038/72562/110446/269378/53381/20751/108156/18618","493/586/26258/4548/5831/57494/3712/125061/58478/55191/144193/10157/23463/875/56267/29920/4842/23576/51166/5092/2752/4522/22929/10955/501/11112/642/10841/2954/113675","GO:0170033","GO:0170033","L-amino acid metabolic process","L-amino acid metabolic process",0.0315909032539609,2.9842374517233,FALSE,TRUE,-1.11535849888562,1.11535849888562,"shared positive"
"human_vs_mouse_KD_GO_BP","human KD vs control vs mouse KD vs control","GO_BP","GO:0045058","T cell selection","either",0.05,"shared negative",-1.10818394999661,1.10818394999661,-0.676903281893583,-1.78508723189019,0.989469348712466,0.0381381087201834,"11793/74256/320404/328572/74143/14312/57765/20869/14634/57261/20807/14102/16450","5699/10538/84695/5692/7535/5687/3716/5690/6693/5685/5684/4063/6774/3718/5689/6776/5686/2033/3956/4775/5691","GO:0045058","GO:0045058","T cell selection","T cell selection",-1.4186408475447,-0.00459765460687094,TRUE,FALSE,-1.10818394999661,1.10818394999661,"shared negative"
"human_vs_mouse_KD_GO_BP","human KD vs control vs mouse KD vs control","GO_BP","GO:0002287","alpha-beta T cell activation involved in immune response","either",0.05,"shared negative",-1.08658175084216,1.08658175084216,-0.953609483050596,-2.04019123389276,0.787135575195277,0.00268783456600882,"19883/20371/17085/22724/12053/216799/328572/74143/319817/14312/57765/16362/214162/57261/93685/240354/17283/15284/23882","23476/57089/5914/2625/3594/5699/10538/84695/942/5692/5687/4297/6097/3716/64332/5690/6693/64218/5685/5684/4221/8807/301/3726/4063/6774/3718/5689/6776/149041/5686/2033/3956/5691","GO:0002287","GO:0002287","alpha-beta T cell activation involved in immune response","alpha-beta T cell activation involved in immune response",-2.57059746526126,-0.103950458888417,TRUE,FALSE,-1.08658175084216,1.08658175084216,"shared negative"
"human_vs_mouse_KD_GO_BP","human KD vs control vs mouse KD vs control","GO_BP","GO:0170039","proteinogenic amino acid metabolic process","either",0.05,"shared positive",-1.08327141331007,1.08327141331007,1.84766297487511,0.764391561565043,0.006630064403503,0.955840455840456,"107869/108682/56454/100678/239273/12041/192166/26912/110695/18263/226518/108037/14874/14661/12035/11898/66885/236539/27053/107272/15108/246277/93747/78038/72562/110446","493/586/26258/4548/5831/3712/125061/58478/55191/144193/10157/2653/875/29920/4842/23576/51166/5092/2752/4522/22929/10955/275/501/11112","GO:0170039","GO:0170039","proteinogenic amino acid metabolic process","proteinogenic amino acid metabolic process",0.0196145919608131,2.17848225289988,FALSE,TRUE,-1.08327141331007,1.08327141331007,"shared positive"
"human_vs_mouse_KD_GO_BP","human KD vs control vs mouse KD vs control","GO_BP","GO:0001510","RNA methylation","either",0.05,"shared positive",1.06780537079155,1.06780537079155,0.911557174999982,1.97936254579153,0.81069474387656,0.00187507199205309,"17299/11651/328162/15108/28114/72181/20226/209584/68260/66138/212528/70359/13434/240174/83669/67674/56095/76357/66254/72167","29960/51504/114049/6637/56339/127253/115708/51490/55695/339175/6894/10785/84705/64216/80745/96764/55006/24140/51531/79979/57604/196074/79922/57570/83640/11180/79066/55152/10528/55178/4234/8731/29081/51574/113802/134353/79828/63892/6635/221078/9836/6633/55621/91801/51605/117246/84967/27292/4809","GO:0001510","GO:0001510","RNA methylation","RNA methylation",2.72698205318897,0.0911426427133342,TRUE,FALSE,1.06780537079155,1.06780537079155,"shared positive"
"human_vs_mouse_KD_GO_BP","human KD vs control vs mouse KD vs control","GO_BP","GO:1902749","regulation of cell cycle G2/M phase transition","either",0.05,"shared positive",1.06555905902488,1.06555905902488,0.835256545367446,1.90081560439233,0.911861497484463,0.00187589894233391,"56453/74268/109019/108911/12567/234854/18148/107976/80280/67153/68251/12443/68077/382985/18514/11820/15937/108058/231600/69109/245000/225182/15574/238271/625530/234664/68034/14199","2273/4869/1026/29997/1063/23560/26271/58493/9928/5889/92002/8558/80279/29980/27183/80174/6790/990/51149/54465/672/994/63967/3364/4683/995/54984/595/140901/4361/641/79184/4998/1112/5932/84142/90381/9088/57099/11073/9212/84936/92421","GO:1902749","GO:1902749","regulation of cell cycle G2/M phase transition","regulation of cell cycle G2/M phase transition",2.72679056146276,0.0400711215906084,TRUE,FALSE,1.06555905902488,1.06555905902488,"shared positive"
"human_vs_mouse_KD_GO_BP","human KD vs control vs mouse KD vs control","GO_BP","GO:1901605","alpha-amino acid metabolic process","either",0.05,"shared positive",-1.06535878306275,1.06535878306275,1.93023264859514,0.86487386553239,0.000408766823158109,0.853022901040626,"107869/26570/108682/56454/100678/239273/12041/50527/192166/26912/56693/11566/110695/14194/18263/18451/226518/108037/12286/14874/14661/12035/11898/112406/66885/236539/27053/107272/15108/14431/246277/93747/78038/69719/72562/110446/50493/269378/53381/14629/20751/108156/17850/18618/68021/20425/14287/11911/14630/53415/56369/216443/216136/109079/58875/14085/104184/11484/18242/330817/19125/13479","493/6611/586/26258/4548/5831/57494/3712/125061/58478/55191/144193/10157/2653/64116/23463/875/56267/29920/4842/23576/51166/85300/5092/1373/7915/2752/4522/22929/10955/50507/275/501/11112/642/10841/4482/2954/113675/4141/4552","GO:1901605","GO:1901605","alpha-amino acid metabolic process","alpha-amino acid metabolic process",0.0690393092052021,3.38852436019249,FALSE,TRUE,-1.06535878306275,1.06535878306275,"shared positive"
"human_vs_mouse_KD_GO_BP","human KD vs control vs mouse KD vs control","GO_BP","GO:0071624","positive regulation of granulocyte chemotaxis","either",0.05,"shared positive",1.06173601403534,1.06173601403534,0.791442915884804,1.85317892992014,0.890015892306254,0.0282523519784232,"26903/215999/117149/74006/16189/13617/193385/16149/12261","4192/64065/5879/5880/1906","GO:0071624","GO:0071624","positive regulation of granulocyte chemotaxis","positive regulation of granulocyte chemotaxis",1.54894539178323,0.0506022384345375,TRUE,FALSE,1.06173601403534,1.06173601403534,"shared positive"
"human_vs_mouse_KD_GO_BP","human KD vs control vs mouse KD vs control","GO_BP","GO:0032717","negative regulation of interleukin-8 production","either",0.05,"shared negative",-1.04992045357809,1.04992045357809,-0.797306132400701,-1.84722658597879,0.887997236839125,0.0373216760145121,"26390/229603","1991/26191/301/408/9314/307/56957","GO:0032717","GO:0032717","negative regulation of interleukin-8 production","negative regulation of interleukin-8 production",-1.42803886150886,-0.0515883856035923,TRUE,FALSE,-1.04992045357809,1.04992045357809,"shared negative"
"human_vs_mouse_KD_GO_BP","human KD vs control vs mouse KD vs control","GO_BP","GO:0000154","rRNA modification","either",0.05,"shared positive",1.04526313749215,1.04526313749215,0.939493621465007,1.98475675895716,0.785229433838128,0.00386181513948376,"245474/52530/72181/66138/234344/98956/67674/56095/66254/14791/106707/224481/75422/271842/68147","29960/51504/114049/285367/51490/55695/1736/64216/55006/115939/55505/27079/79979/196074/79922/79066/10528/55178/55226/29081/113000/221078/84881/54433/117246/27292/4809","GO:0000154","GO:0000154","rRNA modification","rRNA modification",2.41320851922147,0.105003429507721,TRUE,FALSE,1.04526313749215,1.04526313749215,"shared positive"
"human_vs_mouse_KD_GO_BP","human KD vs control vs mouse KD vs control","GO_BP","GO:0046637","regulation of alpha-beta T cell differentiation","either",0.05,"shared negative",-1.04351432931335,1.04351432931335,-0.693541338625055,-1.73705566793841,0.975263191012541,0.0486791758346751,"20535/11848/19401/20371/22724/12053/216799/320404/328572/74143/319817/14312/57765/16362/207952/14634/57261/240354/59009/15284","5914/11006/3594/64410/8651/10538/84695/942/3071/64332/865/338567/301/8546/3726/3549/3718/6776/51043/149041/2033/3956","GO:0046637","GO:0046637","regulation of alpha-beta T cell differentiation","regulation of alpha-beta T cell differentiation",-1.3126567832251,-0.0108781668862407,TRUE,FALSE,-1.04351432931335,1.04351432931335,"shared negative"
"human_vs_mouse_KD_GO_BP","human KD vs control vs mouse KD vs control","GO_BP","GO:0006284","base-excision repair","either",0.05,"shared positive",1.0403268308811,1.0403268308811,0.908554038535441,1.94888086941654,0.813528498256321,0.011812181502179,"27050/15364/13194/16882/99375/11792/50721/59047/18294/234258/16881/22427/71726/268395/68240/15361/18207","328/142/7374/8091/4350/11284/27301/6118/8930/2237/2073/79661/7486/1763/4595/6119/252969/6996/5426/7515/3159/10721/2074","GO:0006284","GO:0006284","base-excision repair","base-excision repair",1.92766988842647,0.0896272289364868,TRUE,FALSE,1.0403268308811,1.0403268308811,"shared positive"
"human_vs_mouse_KD_GO_BP","human KD vs control vs mouse KD vs control","GO_BP","GO:0032609","type II interferon production","either",0.05,"shared positive",-1.03929800233807,1.03929800233807,1.77462472969751,0.735326727359444,0.0338834489875552,0.95952514026218,"16859/15944/20539/100038882/214855/16423/17082/16177/142980/26362/238871/12394/18578/15461/11820/14082/18176/21898/12611/15510/223601/60533/11350/15975/66155/12479","2150/7474/3624/80381/140885/8140/2621/11118/11119/7099/29126/9636/80380","GO:0032609","GO:0032609","type II interferon production","type II interferon production",0.017943641945598,1.4700123893677,FALSE,TRUE,-1.03929800233807,1.03929800233807,"shared positive"
"human_vs_mouse_KD_GO_BP","human KD vs control vs mouse KD vs control","GO_BP","GO:0032649","regulation of type II interferon production","either",0.05,"shared positive",-1.03929800233807,1.03929800233807,1.77462472969751,0.735326727359444,0.0338834489875552,0.95952514026218,"16859/15944/20539/100038882/214855/16423/17082/16177/142980/26362/238871/12394/18578/15461/11820/14082/18176/21898/12611/15510/223601/60533/11350/15975/66155/12479","2150/7474/3624/80381/140885/8140/2621/11118/11119/7099/29126/9636/80380","GO:0032649","GO:0032649","regulation of type II interferon production","regulation of type II interferon production",0.017943641945598,1.4700123893677,FALSE,TRUE,-1.03929800233807,1.03929800233807,"shared positive"
"human_vs_mouse_KD_GO_BP","human KD vs control vs mouse KD vs control","GO_BP","GO:0032728","positive regulation of interferon-beta production","either",0.05,"shared positive",-1.03904979206338,1.03904979206338,2.21928640745949,1.18023661539611,0.000272171163198671,0.495597938129116,"54123/246730/100038882/230073/246728/71586/23960/246727/66412/142980/70428/78781/24088/23961","57506/201292/3320/661/7099/81844/9636/56829/3661/5781/340061/4940/10622/8767","GO:0032728","GO:0032728","positive regulation of interferon-beta production","positive regulation of interferon-beta production",0.304870509118028,3.56515789062099,FALSE,TRUE,-1.03904979206338,1.03904979206338,"shared positive"
"human_vs_mouse_KD_GO_BP","human KD vs control vs mouse KD vs control","GO_BP","GO:0042558","pteridine-containing compound metabolic process","either",0.05,"shared positive",-1.03879805417203,1.03879805417203,2.06464027925921,1.02584222508718,0.00460853812244319,0.630374210841886,"270685/17768/192166/108037/107747/216188/17250/108147/72562/20751/108156/19286/22171/20425/14287","1719/4548/6697/7298/5092/8836/2356/4522/10797/6573/10841/4552/25902","GO:0042558","GO:0042558","pteridine-containing compound metabolic process","pteridine-containing compound metabolic process",0.200401562520661,2.33643681561723,FALSE,TRUE,-1.03879805417203,1.03879805417203,"shared positive"
"human_vs_mouse_KD_GO_BP","human KD vs control vs mouse KD vs control","GO_BP","GO:0043370","regulation of CD4-positive, alpha-beta T cell differentiation","either",0.05,"shared negative",-1.03567193837572,1.03567193837572,-0.695663236651665,-1.73133517502739,0.975106889966708,0.029055455910969,"20371/22724/12053/216799/328572/74143/319817/14312/57765/16362/207952/57261/240354/59009/15284","5914/3594/64410/8651/10538/84695/942/3071/64332/865/338567/301/8546/3726/3718/6776/51043/149041/2033/3956","GO:0043370","GO:0043370","regulation of CD4-positive, alpha-beta T cell differentiation","regulation of CD4-positive, alpha-beta T cell differentiation",-1.53677230562997,-0.0109477748878485,TRUE,FALSE,-1.03567193837572,1.03567193837572,"shared negative"
"human_vs_mouse_KD_GO_BP","human KD vs control vs mouse KD vs control","GO_BP","GO:0099560","synaptic membrane adhesion","either",0.05,"shared positive",1.02988559113999,1.02988559113999,0.817739334949215,1.84762492608921,0.870421801133416,0.0291410815969934,"12563/23966/23965/13640/225875/16180","55714/114794/26011/392617/1004/79414/5792/266727/3675/2239/5789","GO:0099560","GO:0099560","synaptic membrane adhesion","synaptic membrane adhesion",1.53549433304343,0.0602702398961611,TRUE,FALSE,1.02988559113999,1.02988559113999,"shared positive"
"human_vs_mouse_KD_GO_BP","human KD vs control vs mouse KD vs control","GO_BP","GO:0042093","T-helper cell differentiation","either",0.05,"shared negative",-1.02285257022186,1.02285257022186,-1.07530520894974,-2.0981577791716,0.650948424425112,0.00108298546932705,"19401/19219/19883/20371/17085/22724/12053/216799/328572/74143/319817/14312/57765/16362/214162/56480/57261/93685/240354/17283/382051/11977/15284/23882","5914/2625/3594/27086/5699/10538/84695/942/5692/5687/4297/6097/3716/29110/64332/5690/6693/64218/5685/5684/4221/8807/301/3726/4063/6774/3718/5689/6776/538/5295/149041/5686/2033/3956/5691","GO:0042093","GO:0042093","T-helper cell differentiation","T-helper cell differentiation",-2.96537737036768,-0.186453419841798,TRUE,FALSE,-1.02285257022186,1.02285257022186,"shared negative"
"human_vs_mouse_KD_GO_BP","human KD vs control vs mouse KD vs control","GO_BP","GO:0070206","protein trimerization","either",0.05,"shared positive",-1.01449167192202,1.01449167192202,1.92832923742396,0.913837565501937,0.0403814104010516,0.751670422777231,"12843/228139/20514/71701/74568/69675/11820/11690/20481/69634","7837/6510/87178","GO:0070206","GO:0070206","protein trimerization","protein trimerization",0.123972538322957,1.39381851652916,FALSE,TRUE,-1.01449167192202,1.01449167192202,"shared positive"
"human_vs_mouse_KD_GO_BP","human KD vs control vs mouse KD vs control","GO_BP","GO:0009451","RNA modification","either",0.05,"shared positive",1.01011989088068,1.01011989088068,1.0248687042848,2.03498859516548,0.699124705763563,1.32422987935899e-05,"74195/245474/17299/70153/80287/11651/328162/52530/66965/15108/28114/78895/74467/72181/20226/209584/68260/105638/66138/60532/69372/66628/11810/72133/234344/212528/98956/70359/13434/240174/83669/54351/71916/68857/227682/67674/56095/76357/66254/69786/72167/68730/433813/56417/329504/14791/106707/224907/100929/246221/77766/224481/75422/271842/230233/78697/227835/68147/15384/66400/211006","104/103/29960/51504/114049/6637/54733/285367/56339/54859/127253/115708/81890/51490/55695/339175/6894/26995/1736/79691/64118/146712/10785/84266/84705/84267/64216/22868/80745/96764/55006/24140/51531/55623/115939/54901/56986/55505/27079/27304/79979/55687/27350/57604/51654/196074/25821/285381/79922/142940/57570/55253/83640/9582/8518/55644/348180/441250/11180/79066/5073/60489/64863/55152/10528/55178/4234/55140/55226/8731/200316/29081/51574/113802/113000/134353/79828/8846/84520/63892/54974/11062/6635/221078/83448/9836/6633/55621/91801/84881/51605/26024/56931/6741/54433/117246/285605","GO:0009451","GO:0009451","RNA modification","RNA modification",4.87803661710843,0.15544535044258,TRUE,FALSE,1.01011989088068,1.01011989088068,"shared positive"
"human_vs_mouse_KD_GO_BP","human KD vs control vs mouse KD vs control","GO_BP","GO:0033108","mitochondrial respiratory chain complex assembly","either",0.05,"shared positive",0.994161412579275,0.994161412579275,0.957759937018405,1.95192134959768,0.780266240300366,0.00105451524560105,"69089/68020/52469/67267/544717/22273/225887/66433/67130/11911/75406/108755/66821/67388/76826/100503890/75530/231430/67013/68349/107197/67705/93757/70556/67899/229211/20930/66706/68876/20463/72795/66272/68185/68002/67044/208501/230649/76916/67184","4538/4535/4540/5018/55744/513/55101/51300/57226/51287/4725/25994/79145/132299/90639/4536/284184/6341/84902/55863/90624/29090/90871/1353/65260/84334/7386/54968/28976/790955/729515/285521/388753/55245/54949/131474/2395/51079/25915/137682/283951/51295/4718/29078/644096/728568","GO:0033108","GO:0033108","mitochondrial respiratory chain complex assembly","mitochondrial respiratory chain complex assembly",2.97694713708851,0.107757183252912,TRUE,FALSE,0.994161412579275,0.994161412579275,"shared positive"
"human_vs_mouse_KD_GO_BP","human KD vs control vs mouse KD vs control","GO_BP","GO:0032543","mitochondrial translation","either",0.05,"shared positive",0.98381295359236,0.98381295359236,1.15925401178461,2.14306696537697,0.532389399574489,1.32422987935899e-05,"381314/353172/27397/108037/68537/52469/67707/66047/68836/66407/69956/67840/27398/94067/67267/64659/121022/65111/56282/234384/211253/107732/94062/66242/67212/118451/67270/353242/69163/227682/109093/76784/66230/212508/19935/66448/27395/71984/50529/18100/66258/102436/56284/70560/94066","5018/11222/64969/7818/23107/55173/90480/60488/51253/26164/55037/51335/64975/128308/51318/9553/55157/285367/740/55278/65003/26995/64963/6150/65080/54998/64983/79590/51204/22868/57129/283459/7284/26589/91574/10573/6182/51021/219402/23395/78988/51264/54516/64968/51263/10128/64979/57038/51116/65005/57505/10240/115416/92170/51250/54534/65993/4528/55052/9801/55005/51373/55699/79828/8846/51258/116540/28957/29074/64951/51649/64949/84881/51023/79072/51642/51081/124454/23438/122704/9617/65008","GO:0032543","GO:0032543","mitochondrial translation","mitochondrial translation",4.87803661710843,0.273770600365163,TRUE,FALSE,0.98381295359236,0.98381295359236,"shared positive"
"human_vs_mouse_KD_GO_BP","human KD vs control vs mouse KD vs control","GO_BP","GO:0042742","defense response to bacterium","either",0.05,"shared positive",-0.97939519311338,0.97939519311338,2.09773207409049,1.11833688097711,2.54952789498714e-06,0.500196735096366,"55932/672511/16859/15944/246730/54396/100038882/236573/60440/20568/229900/246728/69146/16145/11535/14469/23960/246727/231507/19664/19056/331004/24105/17250/12363/11745/56174/24088/21937/19946/58809/20085/23961/15439/18805/68024/14468/16819/100689/22631/140792/117149/19376/17874/11820/20416/21898/23794/17472/14972/12369/14000/11826/107607/108655","5054/2150/3133/57506/100507436/567/837/133/2635/22861/57674/4615/1535/5587/7779/85236/3575/6170/3017/81858/7099/10392/55072/6464/4852/9636/7425/3140","GO:0042742","GO:0042742","defense response to bacterium","defense response to bacterium",0.300859147340142,5.59354023195196,FALSE,TRUE,-0.97939519311338,0.97939519311338,"shared positive"
"human_vs_mouse_KD_GO_BP","human KD vs control vs mouse KD vs control","GO_BP","GO:0035278","miRNA-mediated gene silencing by inhibition of translation","either",0.05,"shared negative",-0.977315264851809,0.977315264851809,-0.872220931018421,-1.84953619587023,0.825641103144761,0.0467120777736978,"13209/213988/636931/233833/214150","27327/9470/56478/26523/1656/27161/23112","GO:0035278","GO:0035278","miRNA-mediated gene silencing by inhibition of translation","miRNA-mediated gene silencing by inhibition of translation",-1.33057081467363,-0.0832086945630199,TRUE,FALSE,-0.977315264851809,0.977315264851809,"shared negative"
"human_vs_mouse_KD_GO_BP","human KD vs control vs mouse KD vs control","GO_BP","GO:0043039","tRNA aminoacylation","either",0.05,"shared positive",-0.947494012937683,0.947494012937683,1.87122900937947,0.923734996441787,0.0332636198640547,0.760886082819256,"381314/353172/22375/107045/23874/110960/22321/70223/68915/226414/107508/15115/27267/20226/105148/216443/104458/107271/85305/109093/97541/71941/71984/102436/244141/70560","79587/55157/55278/7453/283459/23395/57176/57038/57505/55152/5859/4141/79731/80755/55699/8565/7407/124454/23438/10056/123283","GO:0043039","GO:0043039","tRNA aminoacylation","tRNA aminoacylation",0.118680359400666,1.47803049109241,FALSE,TRUE,-0.947494012937683,0.947494012937683,"shared positive"
"human_vs_mouse_KD_GO_BP","human KD vs control vs mouse KD vs control","GO_BP","GO:0019079","viral genome replication","either",0.05,"shared positive",-0.94451672708378,0.94451672708378,2.3995144284052,1.45499770132142,7.41857142857143e-08,0.116908778971507,"23962/66141/246730/100038882/20587/20568/69550/229900/246728/71586/19358/23960/246727/21974/15364/80287/80876/226691/213002/19106/78781/17858/13194/23961/52513/56491/268373/30960/58185/68713/231655","5478/10410/104/57506/63901/103/3609/3428/51495/54606/5610/8815/8091/5359/2621/24138/6041/440275/9636/9189/56829/5886/10318/27350/117854","GO:0019079","GO:0019079","viral genome replication","viral genome replication",0.932152875358881,7.1296797174192,FALSE,TRUE,-0.94451672708378,0.94451672708378,"shared positive"
"human_vs_mouse_KD_GO_BP","human KD vs control vs mouse KD vs control","GO_BP","GO:0045069","regulation of viral genome replication","either",0.05,"shared positive",-0.94124517806076,0.94124517806076,2.61146095662323,1.67021577856247,7.41857142857143e-08,0.0363865267949148,"23962/66141/246730/100038882/20568/69550/229900/246728/71586/19358/23960/246727/21974/15364/80287/80876/226691/213002/19106/78781/17858/13194/23961/56491/268373/58185/68713/231655","5478/10410/104/57506/63901/103/3609/3428/51495/5610/8815/8091/5359/24138/6041/9636/56829/5886/10318/27350/117854/4940/9582/29883","GO:0045069","GO:0045069","regulation of viral genome replication","regulation of viral genome replication",1.43905939716977,7.1296797174192,TRUE,TRUE,-0.94124517806076,0.94124517806076,"shared positive"
"human_vs_mouse_KD_GO_BP","human KD vs control vs mouse KD vs control","GO_BP","GO:0045581","negative regulation of T cell differentiation","either",0.05,"shared negative",-0.941003973811182,0.941003973811182,-0.833624450887878,-1.77462842469906,0.885334207124867,0.0350643769131239,"20371/229473/22724/12053/15223/319817/57765/16362/14634/15507/67122/17242/15284/16768/12159","2302/5690/865/5685/5684/301/3549/3659/3718/5689/23240/6776/51043/149041/5686/3956/5691","GO:0045581","GO:0045581","negative regulation of T cell differentiation","negative regulation of T cell differentiation",-1.45513387402162,-0.0528927553911666,TRUE,FALSE,-0.941003973811182,0.941003973811182,"shared negative"
"human_vs_mouse_KD_GO_BP","human KD vs control vs mouse KD vs control","GO_BP","GO:0120009","intermembrane lipid transfer","either",0.05,"shared negative",-0.936751763342935,0.936751763342935,-0.871307916822755,-1.80805968016569,0.845941825005864,0.023421708894771,"231999/76303/69076/237542/17777/230895/271564/76559/225655/229227/71764/26949","9854/9600/26207/114883/23074/23760/63924/10087/55187/5007/6342/21/84162/55362/5306/27166/10493","GO:0120009","GO:0120009","intermembrane lipid transfer","intermembrane lipid transfer",-1.63038142111277,-0.0726595021473257,TRUE,FALSE,-0.936751763342935,0.936751763342935,"shared negative"
"human_vs_mouse_KD_GO_BP","human KD vs control vs mouse KD vs control","GO_BP","GO:1902624","positive regulation of neutrophil migration","either",0.05,"shared positive",0.93004998054181,0.93004998054181,0.9089084597898,1.83895844033161,0.813528498256321,0.0286997906010303,"26903/16177/68585/215999/117149/74006","4192/4267/64065/5879/5880/1906","GO:1902624","GO:1902624","positive regulation of neutrophil migration","positive regulation of neutrophil migration",1.54212127194715,0.0896272289364868,TRUE,FALSE,0.93004998054181,0.93004998054181,"shared positive"
"human_vs_mouse_KD_GO_BP","human KD vs control vs mouse KD vs control","GO_BP","GO:0043062","extracellular structure organization","either",0.05,"shared positive",-0.93002477368654,0.93002477368654,1.97234351381454,1.042318740128,1.70501204877138e-06,0.596222161991236,"12842/12843/23876/58859/269959/12826/243853/14118/12833/50527/399558/56348/20356/56693/21859/18451/229534/17181/17385/58223/19288/241327/207596/107581/16949/17387/23892/17384/101489/14251/241226/12832/12825/234356/12827/16950/234407/68273/21814/237360/216725/21937/18822/14268/18793/104799/17392/16948/14230/217734/18214/74777/12837/53614/16971/21810/268396/66180/108075/239337/69675/18595/11568/53381/19645/11820/56429/18073/26432/70779/16773/17386/219151/94352/14726/23794/114249/26561/14453/12306/66214/226519/72043/20586/100952/102058/11350/15227/13078/50706/53867/12814/14114","1282/1294/1284/1301/7837/1545/81792/5329/1471/4017/1288/79875/4312/7040/7132/3912/4325/83872/1306/4088/85301/7046/1287/284217/4326/151887/2621/80781/1299/5468/64116/1295/170689/3913/6624/22795/89932/1289/8434/8425/3915/1298/10211/51124/861/11173/23213/84627/90993/170691/10855/8837/1305/10491/5768/3673/3688/1277/26585/9510/11093/92949/50509/2200/10266/7045/2331/2191/4324/1513/64386/81031/6692/59277/23127/5352/7042","GO:0043062","GO:0043062","extracellular structure organization","extracellular structure organization",0.224591884976285,5.76827254764132,FALSE,TRUE,-0.93002477368654,0.93002477368654,"shared positive"
"human_vs_mouse_KD_GO_BP","human KD vs control vs mouse KD vs control","GO_BP","GO:0043038","amino acid activation","either",0.05,"shared positive",-0.929754075383413,0.929754075383413,1.8534890718252,0.923734996441787,0.0307043428089537,0.760886082819256,"381314/353172/22375/107045/23874/110960/22321/70223/68915/226414/107508/15115/27267/20226/105148/216443/104458/107271/85305/109093/97541/71941/71984/102436/244141/70560","79587/55157/55278/7453/283459/23395/57176/57038/57505/55152/5859/4141/79731/80755/55699/8565/7407/124454/23438/10056/123283","GO:0043038","GO:0043038","amino acid activation","amino acid activation",0.118680359400666,1.51280019375484,FALSE,TRUE,-0.929754075383413,0.929754075383413,"shared positive"
"human_vs_mouse_KD_GO_BP","human KD vs control vs mouse KD vs control","GO_BP","GO:0032727","positive regulation of interferon-alpha production","either",0.05,"shared positive",-0.927094886516188,0.927094886516188,1.84702853614436,0.919933649628172,0.0429164023815384,0.752741339379037,"54123/230073/71586/20846/142980/78781/72162/21898/15510","57506/7099/56829/3661/6772/8767","GO:0032727","GO:0032727","positive regulation of interferon-alpha production","positive regulation of interferon-alpha production",0.123354232535936,1.36737669144355,FALSE,TRUE,-0.927094886516188,0.927094886516188,"shared positive"
"human_vs_mouse_KD_GO_BP","human KD vs control vs mouse KD vs control","GO_BP","GO:0019646","aerobic electron transport chain","either",0.05,"shared positive",0.92267928956512,0.92267928956512,1.19225122732372,2.11493051688884,0.52794672303306,0.000159036289014327,"67914/68943/67273/66218/12862/22273/225887/72900/67680/66416/75406/66445/230125/68349/107197/57320","4514/4513/4538/4512/4539/4535/4519/4540/54205/4698/4710/1349/4537/4694/7388/1345/4725/27089/4711/4536/1347/1337/126328","GO:0019646","GO:0019646","aerobic electron transport chain","aerobic electron transport chain",3.79850376674583,0.277409901443799,TRUE,FALSE,0.92267928956512,0.92267928956512,"shared positive"
"human_vs_mouse_KD_GO_BP","human KD vs control vs mouse KD vs control","GO_BP","GO:0030198","extracellular matrix organization","either",0.05,"shared positive",-0.92088703038103,0.92088703038103,1.95419519714424,1.03330816676321,2.38446439452533e-06,0.621393632391596,"12842/12843/23876/58859/269959/12826/243853/14118/12833/50527/399558/56348/20356/56693/21859/18451/229534/17181/17385/58223/19288/241327/207596/107581/16949/17387/23892/17384/101489/14251/241226/12832/12825/234356/12827/16950/234407/68273/21814/237360/216725/21937/18822/14268/18793/104799/17392/16948/14230/217734/18214/74777/12837/53614/16971/21810/268396/66180/108075/239337/69675/18595/11568/53381/19645/11820/56429/18073/26432/70779/16773/17386/219151/94352/14726/23794/114249/26561/14453/12306/66214/226519/72043/20586/100952/102058/11350/15227/13078/50706/53867/12814/14114","1282/1294/1284/1301/7837/1545/81792/5329/1471/4017/1288/79875/4312/7040/7132/3912/4325/83872/1306/4088/85301/7046/1287/284217/4326/151887/2621/80781/1299/5468/64116/1295/170689/3913/6624/22795/89932/1289/8434/8425/3915/1298/10211/51124/861/11173/23213/84627/90993/170691/10855/8837/1305/10491/5768/3673/3688/1277/26585/9510/11093/92949/50509/2200/10266/7045/2331/2191/4324/1513/64386/81031/6692/59277/23127/5352/7042","GO:0030198","GO:0030198","extracellular matrix organization","extracellular matrix organization",0.20663320140509,5.62260915818571,FALSE,TRUE,-0.92088703038103,0.92088703038103,"shared positive"
"human_vs_mouse_KD_GO_BP","human KD vs control vs mouse KD vs control","GO_BP","GO:0002714","positive regulation of B cell mediated immunity","either",0.05,"shared positive",0.91649542124257,0.91649542124257,0.81608884301011,1.73258426425268,0.874708965549361,0.0468234798167854,"12266/225888/20852/19294/17350/16189/107823/51869/21803","3133/7040/5395/55183/7158/54537/5819/7037/4292/7292/10459","GO:0002714","GO:0002714","positive regulation of B cell mediated immunity","positive regulation of B cell mediated immunity",1.3295363136409,0.0581364220413808,TRUE,FALSE,0.91649542124257,0.91649542124257,"shared positive"
"human_vs_mouse_KD_GO_BP","human KD vs control vs mouse KD vs control","GO_BP","GO:0002891","positive regulation of immunoglobulin mediated immune response","either",0.05,"shared positive",0.91649542124257,0.91649542124257,0.81608884301011,1.73258426425268,0.874708965549361,0.0468234798167854,"12266/225888/20852/19294/17350/16189/107823/51869/21803","3133/7040/5395/55183/7158/54537/5819/7037/4292/7292/10459","GO:0002891","GO:0002891","positive regulation of immunoglobulin mediated immune response","positive regulation of immunoglobulin mediated immune response",1.3295363136409,0.0581364220413808,TRUE,FALSE,0.91649542124257,0.91649542124257,"shared positive"
"human_vs_mouse_KD_GO_BP","human KD vs control vs mouse KD vs control","GO_BP","GO:0045229","external encapsulating structure organization","either",0.05,"shared positive",-0.91099677441125,0.91099677441125,1.95419519714424,1.04319842273299,2.38446439452533e-06,0.600397405754978,"12842/12843/23876/58859/269959/12826/243853/14118/12833/50527/399558/56348/20356/56693/21859/18451/229534/17181/17385/58223/19288/241327/207596/107581/16949/17387/23892/17384/101489/14251/241226/12832/12825/234356/12827/16950/234407/68273/21814/237360/216725/21937/18822/14268/18793/104799/17392/16948/14230/217734/18214/74777/12837/53614/16971/21810/268396/66180/108075/239337/69675/18595/11568/53381/19645/11820/56429/18073/26432/70779/16773/17386/219151/94352/14726/23794/114249/26561/14453/12306/66214/226519/72043/20586/100952/102058/11350/15227/13078/50706/53867/12814/14114","1282/1294/1284/1301/7837/1545/81792/5329/1471/4017/1288/79875/4312/7040/7132/3912/4325/83872/1306/4088/85301/7046/1287/284217/4326/151887/2621/80781/1299/5468/64116/1295/170689/3913/6624/22795/89932/1289/8434/8425/3915/1298/10211/51124/861/11173/23213/84627/90993/170691/10855/8837/1305/10491/5768/3673/3688/1277/26585/9510/11093/92949/50509/2200/10266/7045/2331/2191/4324/1513/64386/81031/6692/59277/23127/5352/7042","GO:0045229","GO:0045229","external encapsulating structure organization","external encapsulating structure organization",0.221561192958967,5.62260915818571,FALSE,TRUE,-0.91099677441125,0.91099677441125,"shared positive"
"human_vs_mouse_KD_GO_BP","human KD vs control vs mouse KD vs control","GO_BP","GO:0002292","T cell differentiation involved in immune response","either",0.05,"shared negative",-0.907031605349176,0.907031605349176,-0.977986874586844,-1.88501847993602,0.743797223898612,0.0106841391504409,"19883/20371/17085/22724/12053/216799/328572/74143/319817/14312/57765/16362/214162/57261/93685/64930/240354/17283/15284/23882","23476/57089/5914/2625/3594/5699/10538/84695/942/5692/5687/4297/6097/3716/64332/5690/6693/64218/5685/5684/4221/8807/301/3726/4063/6774/3718/5689/6776/149041/5686/2033/3956/5691","GO:0002292","GO:0002292","T cell differentiation involved in immune response","T cell differentiation involved in immune response",-1.97126046435386,-0.128545446907086,TRUE,FALSE,-0.907031605349176,0.907031605349176,"shared negative"
"human_vs_mouse_KD_GO_BP","human KD vs control vs mouse KD vs control","GO_BP","GO:0140053","mitochondrial gene expression","either",0.05,"shared positive",0.90667512560784,0.90667512560784,1.26883777349793,2.17551289910577,0.330376187943385,3.54691770460001e-07,"381314/353172/27397/108037/68537/71701/15108/52469/66587/67707/66047/52477/68836/66407/69956/67840/27398/94067/93686/67267/64659/121022/65111/56282/234384/70359/211253/107732/21379/94062/66242/67212/118451/67270/353242/69163/227682/68626/109093/68550/76357/70556/76784/70047/66230/212508/19935/66448/27395/71984/50529/18100/66258/102436/56284/70560/94066/224481/76719/226539/107734/12261/64660/66410/66132/94064/68611/380601/75593/216151/72416/66971/66163","5018/11222/64969/7818/23107/81892/55173/90480/5442/60488/9238/51253/26164/7019/55037/51335/64975/128308/51318/9553/55157/285367/740/55278/60528/65003/26995/64963/6150/9692/87178/65080/54998/64983/79590/51204/84705/64216/22868/57129/283459/55006/7284/26589/79675/91574/10573/6182/51021/219402/23395/78988/51264/55687/54516/51654/64968/51263/10128/25821/64979/57038/57570/51116/65005/57505/10240/115416/92170/51250/64863/60493/54534/65993/4528/55052/9801/84148/7978/55149/55005/51373/55699/79828/8846","GO:0140053","GO:0140053","mitochondrial gene expression","mitochondrial gene expression",6.45014888788913,0.480991262251972,TRUE,FALSE,0.90667512560784,0.90667512560784,"shared positive"
"human_vs_mouse_KD_GO_BP","human KD vs control vs mouse KD vs control","GO_BP","GO:0000289","nuclear-transcribed mRNA poly(A) tail shortening","either",0.05,"shared negative",-0.89711839485829,0.89711839485829,-1.26469374743424,-2.16181214229253,0.483901980036001,0.00401176147368121,"214627/72587/12193/213988/74480/233833/234594/208922/67710/103135/22057","4850/64282/27327/9337/25904/23019/26986/678/10140/56478/246175/57472/27161/23112/22849","GO:0000289","GO:0000289","nuclear-transcribed mRNA poly(A) tail shortening","nuclear-transcribed mRNA poly(A) tail shortening",-2.39666489662459,-0.315242600836303,TRUE,FALSE,-0.89711839485829,0.89711839485829,"shared negative"
"human_vs_mouse_KD_GO_BP","human KD vs control vs mouse KD vs control","GO_BP","GO:0031640","killing of cells of another organism","either",0.05,"shared positive",-0.8882895454414,0.8882895454414,1.89905910999546,1.01076956455406,0.0259917744363202,0.6713712018249,"55932/54396/12266/229900/50908/16145/14469/50909/15331/19946/20085/20315/14468/17874/14433/18081","2150/3151/100507436/2635/4277/85236","GO:0031640","GO:0031640","killing of cells of another organism","killing of cells of another organism",0.173037291561003,1.58516407057222,FALSE,TRUE,-0.8882895454414,0.8882895454414,"shared positive"
"human_vs_mouse_KD_GO_BP","human KD vs control vs mouse KD vs control","GO_BP","GO:0141061","disruption of cell in another organism","either",0.05,"shared positive",-0.8882895454414,0.8882895454414,1.89905910999546,1.01076956455406,0.0259917744363202,0.6713712018249,"55932/54396/12266/229900/50908/16145/14469/50909/15331/19946/20085/20315/14468/17874/14433/18081","2150/3151/100507436/2635/4277/85236","GO:0141061","GO:0141061","disruption of cell in another organism","disruption of cell in another organism",0.173037291561003,1.58516407057222,FALSE,TRUE,-0.8882895454414,0.8882895454414,"shared positive"
"human_vs_mouse_KD_GO_BP","human KD vs control vs mouse KD vs control","GO_BP","GO:0017004","cytochrome complex assembly","either",0.05,"shared positive",0.87019549791788,0.87019549791788,1.16686073849689,2.03705623641477,0.580466960559757,0.00356919030413154,"68020/52469/67453/67267/544717/22273/66821/100503890/75530/231430/107197/67705/70556/67899/20930/72795/66272/68185","4514/4513/55744/51287/1535/132299/90639/6341/84902/90624/29090/1353/65260/84334/7386/790955/285521/388753/55245/2395","GO:0017004","GO:0017004","cytochrome complex assembly","cytochrome complex assembly",2.44743029546523,0.236222494710823,TRUE,FALSE,0.87019549791788,0.87019549791788,"shared positive"
"human_vs_mouse_KD_GO_BP","human KD vs control vs mouse KD vs control","GO_BP","GO:0006364","rRNA processing","either",0.05,"shared positive",0.86327297624994,0.86327297624994,1.09917637721561,1.96244935346555,0.576008942697395,1.37435790869742e-05,"70078/71990/18150/245474/213773/12181/27998/67936/18148/57315/67842/52530/225348/20085/57750/68077/72515/52513/72181/73674/53414/59028/27176/67115/27966/67040/66138/67281/103136/216156/215193/229937/14000/234344/17975/56200/101867/68052/269470/98956/68845/60315/66489/228889/102462/20104/107071/208366/74778/72344/74035/75273/72662/110816/67674/100503670/56095/75617/57444/67025/104662/66254/208144/19942/72462/67920/192170/20115/75686/69663/54127/213541/14791/140546/57294/106707/70285/224481/75422/271842/57316/19989/70683/69237/76130/230082/68147/67941/64934/59050/217109/74097/217995/24014/20826/69902","6130/285855/5591/29997/6129/29960/54606/23076/131870/51504/114049/6218/85395/6230/25926/27341/54913/29777/6232/9875/57602/79707/51018/285367/9045/11224/8886/51490/55695/55720/128061/10775/25871/1736/84294/6201/55035/10813/54680/118460/26574/64216/6041/30836/88745/51077/55006/51119/55127/10200/28987/65095/10438/6234/115939/55505/54059/90121/57109/27079/9221/79979/92856/9326/196074/57455/11137/79050/9790/79922/57696/9277/27042/55003/130916/79066/10969/317781/25983/10528/55178/81691/50628/11056/65083/55226/29081/55352/6194/56342/9188/163859/22984/113000/10799/10199/54663/11103/3692/57418/5822/54853/90459/221078/51154/57647/79954/10248/27043/6209/161424/10607/51202/84881/10556/10557","GO:0006364","GO:0006364","rRNA processing","rRNA processing",4.86190015408062,0.239570773983066,TRUE,FALSE,0.86327297624994,0.86327297624994,"shared positive"
"human_vs_mouse_KD_GO_BP","human KD vs control vs mouse KD vs control","GO_BP","GO:0045063","T-helper 1 cell differentiation","either",0.05,"shared negative",-0.86082597644252,0.86082597644252,-1.01175341258508,-1.8725793890276,0.719650776053215,0.029055455910969,"15284/23882","5699/5692/5687/64332/5690/6693/64218/5685/5684/8807/301/3718/5689/5686/5691","GO:0045063","GO:0045063","T-helper 1 cell differentiation","T-helper 1 cell differentiation",-1.53677230562997,-0.142878201938829,TRUE,FALSE,-0.86082597644252,0.86082597644252,"shared negative"
"human_vs_mouse_KD_GO_BP","human KD vs control vs mouse KD vs control","GO_BP","GO:0006900","vesicle budding from membrane","either",0.05,"shared negative",-0.846638962916648,0.846638962916648,-0.832997578973082,-1.67963654188973,0.917469998749315,0.0427042201536992,"67511/108012/66371/27096/77352/66975/77371/56334/231070/21787/54198/107338/216131/66629/229593/11765/19324/27054/64933/75964","128866/9632/5861/9218/60684/10427/56681/5584/80006/8452/399687/27095/10113/7879/29956/79643/22878/1176/83696/22872/6281/51399/1759/54874/3638/64083","GO:0006900","GO:0006900","vesicle budding from membrane","vesicle budding from membrane",-1.36952920462602,-0.037408128264593,TRUE,FALSE,-0.846638962916648,0.846638962916648,"shared negative"
"human_vs_mouse_KD_GO_BP","human KD vs control vs mouse KD vs control","GO_BP","GO:0002218","activation of innate immune response","either",0.05,"shared positive",-0.84010310468961,0.84010310468961,1.91465384996864,1.07455074527903,4.56081105017279e-06,0.54127288929051,"55932/54123/15944/246730/15951/54396/20128/108089/230073/15950/381308/58203/100040462/209387/229900/70110/71586/69146/16145/236312/14469/23960/246727/64685/102639543/80861/142980/234311/20509/12363/226691/319236/217365/11651/19106/217718/78781/14283/56174/22596/24088/76438/108155/226695/217069/23961/225913/69035/68585/224897/266632/68077/74998/14375/52513/68614/100033459/268857/14468/58185/27419/78308/28185/231655/117149/16179/79554/17874/11820/319277/11845/110006/226791/21898/18754/18081/432940/73945/50523/68278/81601/107607/15510/71514/223664/20779/57783/216877/66220/26419/70796/625530/60533/66873","2547/2150/57506/7520/5591/29997/1956/3654/3428/142/5610/8815/23180/85364/201292/22861/3304/85363/3320/4615/80772/1535/79155/81926/9781/5587/7105/1387/5062/55765/9424/22900/148022/7706/7099/10392","GO:0002218","GO:0002218","activation of innate immune response","activation of innate immune response",0.266583724851281,5.34095791977115,FALSE,TRUE,-0.84010310468961,0.84010310468961,"shared positive"
"human_vs_mouse_KD_GO_BP","human KD vs control vs mouse KD vs control","GO_BP","GO:0060070","canonical Wnt signaling pathway","either",0.05,"shared negative",-0.83666331509283,0.83666331509283,-0.88615815769838,-1.72282147279121,0.936012977649603,0.000267760695440906,"14634/21951/14369/212398/58231/621976/56458/14184/12316/22410/26564/12389/107515/13614/70300/243272/13198/16973/67122/216795/59036/271457/68339/353310/269424/80288/26941/11789/67772/17242/14367/21415/228357/66241/213326/65114/70790/14632/11816/26401/70495","607/65125/6907/388336/5523/85407/5218/6663/147111/8796/57599/7088/54361/7475/9096/139285/283149/29959/90268/4929/4089/7484/166/84445/1456/1654/5204/2931/8321/55206/5495/9736/5494/1455/79971/6659/324/7855/79960/64854/6657/55737/7483/1601/9314/7320/6934/55031/23240/4790/9978/8324/2033/51366/122011/7480/6259/79705/7415/6788/650/5515/267/1499/6615/4040/80351/80326/4300/2263/50937/5499/5916/120892","GO:0060070","GO:0060070","canonical Wnt signaling pathway","canonical Wnt signaling pathway",-3.57225317267838,-0.0287181298061912,TRUE,FALSE,-0.83666331509283,0.83666331509283,"shared negative"
"human_vs_mouse_KD_GO_BP","human KD vs control vs mouse KD vs control","GO_BP","GO:0140374","antiviral innate immune response","either",0.05,"shared positive",-0.83664093914344,0.83664093914344,1.99889705053267,1.16225611138923,0.00165489276048687,0.484223238415034,"23962/24110/15959/246730/230073/15957/58203/246728/71586/26943/667370/23960/246727/80861/80287/19106/217069/23961","57506/3921/5610/201292/22861/22900/7706/24138/55210/3661/79844/117854/53905/340061/64081/4940/10955/60489/6737/200316/84282/11274/201626","GO:0140374","GO:0140374","antiviral innate immune response","antiviral innate immune response",0.314954372116007,2.78123014390505,FALSE,TRUE,-0.83664093914344,0.83664093914344,"shared positive"
"human_vs_mouse_KD_GO_BP","human KD vs control vs mouse KD vs control","GO_BP","GO:0141060","disruption of anatomical structure in another organism","either",0.05,"shared positive",-0.833245656417102,0.833245656417102,1.81709186368402,0.983846207266918,0.0403814104010516,0.684226025789359,"55932/54396/12266/229900/50908/16145/14469/50909/15331/19946/20085/20315/14468/17874/14433/18081","2150/3151/100507436/2635/4277/85236","GO:0141060","GO:0141060","disruption of anatomical structure in another organism","disruption of anatomical structure in another organism",0.164800410651189,1.39381851652916,FALSE,TRUE,-0.833245656417102,0.833245656417102,"shared positive"
"human_vs_mouse_KD_GO_BP","human KD vs control vs mouse KD vs control","GO_BP","GO:0045732","positive regulation of protein catabolic process","either",0.05,"shared negative",-0.829589119076322,0.829589119076322,-0.976945896587528,-1.80653501566385,0.775437867906039,0.000868460478164142,"69807/14756/20682/233900/12006/50754/72607/218203/13032/71240/106042/56440/56438/110616/107995/72736/321006/20333/56458/105835/12389/22350/99929/14828/20620/52551/15519/83814/59036/56312/22218/100494/80708/12534/193670/76843/19349/11501/237339/11789/71732/193740/21929/14466/65114/56486/20878/11816/15511","6811/29116/2931/8078/7879/4898/4035/4780/324/2185/51429/9532/28952/55737/27352/1601/5701/25831/150/25898/9978/130507/5747/2308/6872/20/22933/11236/29978/55823/10273/152503/3416/7415/283106/641700/64326/11337/5728/120892/4734/1642","GO:0045732","GO:0045732","positive regulation of protein catabolic process","positive regulation of protein catabolic process",-3.06124994060868,-0.110452994377212,TRUE,FALSE,-0.829589119076322,0.829589119076322,"shared negative"
"human_vs_mouse_KD_GO_BP","human KD vs control vs mouse KD vs control","GO_BP","GO:0140888","interferon-mediated signaling pathway","either",0.05,"shared positive",-0.82015854131513,0.82015854131513,2.32768249415725,1.50752395284212,5.79630247270525e-07,0.107327519028153,"23962/54123/24110/66141/15944/246730/547253/54396/100038882/58203/80285/246728/71586/16145/23960/246727/22059/20846/20847/80876/213002/13194/23961/99375/26987/78308/68713/231655/16179/17874/14082/16451/208727/434341","10410/57506/7474/3654/3454/6672/3460/201292/7297/4615/5770/56339/6773/3588/5468/54625/3459/401397/81844/9636/9755/3661/5781/117854/6772/340061/3455/4940/7187/29883","GO:0140888","GO:0140888","interferon-mediated signaling pathway","interferon-mediated signaling pathway",0.969288909629906,6.23684895950189,FALSE,TRUE,-0.82015854131513,0.82015854131513,"shared positive"
"human_vs_mouse_KD_GO_BP","human KD vs control vs mouse KD vs control","GO_BP","GO:0061668","mitochondrial ribosome assembly","either",0.05,"shared positive",0.81188400868113,0.81188400868113,1.17776812347359,1.98965213215472,0.559361841053249,0.00851204709262239,"72181/56412/70316/234384/72831/223722/118451/94254/212508/224481/52535/66410/207704/75593/107999","29960/81554/64745/26164/51335/8225/26284/22868/7284/196074/51116/130916/115416/92170/85865/55178","GO:0061668","GO:0061668","mitochondrial ribosome assembly","mitochondrial ribosome assembly",2.06996598232235,0.252307163966036,TRUE,FALSE,0.81188400868113,0.81188400868113,"shared positive"
"human_vs_mouse_KD_GO_BP","human KD vs control vs mouse KD vs control","GO_BP","GO:0007492","endoderm development","either",0.05,"shared positive",0.8006024069748,0.8006024069748,1.07183883099996,1.87244123797476,0.665989772397896,0.010458143363444,"12833/17387/12832/12827/15364/12816/14268/12837/240672/13537/11600/16558/12814/217351/14042/11838/214498/26914/19252/16777/17395/12831/21803","1294/1284/1301/3624/1291/3975/1846/3676/3912/8091/22943/1295/2626/3914/54623/1289/3915/57057/64321","GO:0007492","GO:0007492","endoderm development","endoderm development",1.9805454090233,0.176532440237001,TRUE,FALSE,0.8006024069748,0.8006024069748,"shared positive"
"human_vs_mouse_KD_GO_BP","human KD vs control vs mouse KD vs control","GO_BP","GO:0050830","defense response to Gram-positive bacterium","either",0.05,"shared positive",-0.79637522760812,0.79637522760812,1.90192348553937,1.10554825793125,0.0139803094281883,0.55162915658464,"55932/236573/229900/69146/11535/14469/17250/12363/24088/58809/18805/14468/117149/17874/11820/17472/14000/107607","3133/567/837/133/4615/85236/3575/6170/4852/3140","GO:0050830","GO:0050830","defense response to Gram-positive bacterium","defense response to Gram-positive bacterium",0.258352787077094,1.85448321618207,FALSE,TRUE,-0.79637522760812,0.79637522760812,"shared positive"
"human_vs_mouse_KD_GO_BP","human KD vs control vs mouse KD vs control","GO_BP","GO:0042776","proton motive force-driven mitochondrial ATP synthesis","either",0.05,"shared positive",0.791605190431,0.791605190431,0.9931462402426,1.7847514306736,0.738252171215881,0.0195673530707566,"66592/68073/67273/66218/66114/225887/72900/67680/67130/66416/70316/75406/214917/68349/67126/68194/66377/66091/17991/28080/17995/11949/67184/68342","4538/4508/4539/4535/4540/513/4698/4710/4537/539/4694/4725/514/4711/4536/126328/4509/9551/4717/4709/4731/4726/134145/6391/84277/4704/4707/51079/515/4716/521/65990/6392/4718","GO:0042776","GO:0042776","proton motive force-driven mitochondrial ATP synthesis","proton motive force-driven mitochondrial ATP synthesis",1.70846791856847,0.131795267091378,TRUE,FALSE,0.791605190431,0.791605190431,"shared positive"
"human_vs_mouse_KD_GO_BP","human KD vs control vs mouse KD vs control","GO_BP","GO:0002097","tRNA wobble base modification","either",0.05,"shared positive",0.79012247136452,0.79012247136452,1.17969246086084,1.96981493222536,0.55570709094552,0.00716223577301944,"74195/66965/105638/69372/98956/70359/54351/67674/246221/77766/230233/227835/67667/106248","51504/54733/54859/81890/79691/146712/84705/84267/27304/55687/57604/25821/285381/8518/348180/55140/55226","GO:0002097","GO:0002097","tRNA wobble base modification","tRNA wobble base modification",2.14495138658634,0.255154061485517,TRUE,FALSE,0.79012247136452,0.79012247136452,"shared positive"
"human_vs_mouse_KD_GO_BP","human KD vs control vs mouse KD vs control","GO_BP","GO:0170041","non-proteinogenic amino acid metabolic process","either",0.05,"shared positive",-0.78642701954761,0.78642701954761,1.9070773564838,1.12065033693619,0.00906804305939055,0.54435050993022,"107869/20512/56454/50527/192166/56693/18451/11898/112406/236539/14431/69719/269378/53381/108156/17850/18618/68021","493/1806/4548/23463/81539/875/56267/51166/1373/7915/4522/50507/642/4141/4552","GO:0170041","GO:0170041","non-proteinogenic amino acid metabolic process","non-proteinogenic amino acid metabolic process",0.264121365910333,2.04248642630343,FALSE,TRUE,-0.78642701954761,0.78642701954761,"shared positive"
"human_vs_mouse_KD_GO_BP","human KD vs control vs mouse KD vs control","GO_BP","GO:0010874","regulation of cholesterol efflux","either",0.05,"shared negative",-0.77580261099117,0.77580261099117,-1.05006821809282,-1.82587082908399,0.681231700819771,0.0438019758432494,"20788/12389/27403/217265/192663/11816","64137/23461/7376/10347/4035/128240/6721/21/4790/20/55004/158219/5595","GO:0010874","GO:0010874","regulation of cholesterol efflux","regulation of cholesterol efflux",-1.35850629866334,-0.166705150535095,TRUE,FALSE,-0.77580261099117,0.77580261099117,"shared negative"
"human_vs_mouse_KD_GO_BP","human KD vs control vs mouse KD vs control","GO_BP","GO:0060211","regulation of nuclear-transcribed mRNA poly(A) tail shortening","either",0.05,"shared negative",-0.77510240367754,0.77510240367754,-1.19810044292118,-1.97320284659872,0.55262004951756,0.0155667537637754,"233833/234594/208922/67710/22057","64282/27327/23019/26986/10140/56478/27161/23112/22849","GO:0060211","GO:0060211","regulation of nuclear-transcribed mRNA poly(A) tail shortening","regulation of nuclear-transcribed mRNA poly(A) tail shortening",-1.80780194423784,-0.25757336256666,TRUE,FALSE,-0.77510240367754,0.77510240367754,"shared negative"
"human_vs_mouse_KD_GO_BP","human KD vs control vs mouse KD vs control","GO_BP","GO:0030490","maturation of SSU-rRNA","either",0.05,"shared positive",0.76787833640769,0.76787833640769,1.04432103080731,1.812199367215,0.690306894155729,0.0106123711420825,"70078/213773/57315/67842/20085/72515/53414/59028/215193/68052/269470/98956/208366/110816/67674/104662/208144","51504/85395/25926/27341/29777/55720/128061/10813/26574/30836/88745/51077/55127/28987/65095/6234/115939/90121/92856/79050/9790/9277/27042/25983/10528/11056/65083/55226/10799/10199/11103/5822/57647/79954/161424/10607/9136/4809/153443/83732/51118","GO:0030490","GO:0030490","maturation of SSU-rRNA","maturation of SSU-rRNA",1.97418757002217,0.160957789252808,TRUE,FALSE,0.76787833640769,0.76787833640769,"shared positive"
"human_vs_mouse_KD_GO_BP","human KD vs control vs mouse KD vs control","GO_BP","GO:0097242","amyloid-beta clearance","either",0.05,"shared negative",-0.76456148157554,0.76456148157554,-1.08072265219768,-1.84528413377322,0.649252859938219,0.0403491793398221,"20788/20807/27403/271457/14725/67300/228357/11816","6722/3156/10347/4035/6721/4481/3416/1213/718/4311","GO:0097242","GO:0097242","amyloid-beta clearance","amyloid-beta clearance",-1.39416529394839,-0.187586128641052,TRUE,FALSE,-0.76456148157554,0.76456148157554,"shared negative"
"human_vs_mouse_KD_GO_BP","human KD vs control vs mouse KD vs control","GO_BP","GO:0000723","telomere maintenance","either",0.05,"shared positive",0.763556182053612,0.763556182053612,0.821284028368938,1.58484021042255,0.936295590524045,0.030476880142105,"20684/22059/16600/245474/13870/22596/20174/52530/12464/11792/14375/12466/50721/12468/72162/15382/79456/59047/12469/21745/21454/51812/26417/245000/234344/70315/15574/20779/68142/98956/56531/19364/51810/237107/26400/22427","2547/328/7520/5591/6672/142/1832/9401/3178/5371/3320/9156/5889/197342/908/55183/54386/11284/7517/6118/2237/3183/1736/2067/7486/1763/220064/7013/84464/54537/25913/6119/3364/26277/26354/56160/4683/54984/80119/55505/4361/56252/10574/641/10856/5892/64858/7515/7011/5588/5073/9212/10459/10728/1017/55226","GO:0000723","GO:0000723","telomere maintenance","telomere maintenance",1.51602949292354,0.0285870219162809,TRUE,FALSE,0.763556182053612,0.763556182053612,"shared positive"
"human_vs_mouse_KD_GO_BP","human KD vs control vs mouse KD vs control","GO_BP","GO:0060338","regulation of type I interferon-mediated signaling pathway","either",0.05,"shared positive",-0.76247528305241,0.76247528305241,1.7900948865224,1.02761960346999,0.0427950853852533,0.639998529290902,"54123/24110/246730/100038882/58203/23960/246727/20847","57506/7474/5770/56339/6773/401397/81844/9636/5781/117854/340061/4940/29883","GO:0060338","GO:0060338","regulation of type I interferon-mediated signaling pathway","regulation of type I interferon-mediated signaling pathway",0.193821024018581,1.36860610277696,FALSE,TRUE,-0.76247528305241,0.76247528305241,"shared positive"
"human_vs_mouse_KD_GO_BP","human KD vs control vs mouse KD vs control","GO_BP","GO:0030199","collagen fibril organization","either",0.05,"shared positive",-0.75611158339073,0.75611158339073,2.10905192967385,1.35294034628312,0.000345987434925343,0.26525886860648,"12842/12843/58859/12826/12833/50527/56693/18451/17385/16949/23892/12832/12825/12827/16950/234407/237360/216725/18822/104799/16948/14230/18214/74777/66180/239337/69675/11568/19645/56429/26432/219151/94352/12306/100952/13078/53867/12814","1282/1294/1284/1301/7837/1545/81792/4017/1288","GO:0030199","GO:0030199","collagen fibril organization","collagen fibril organization",0.57633008707801,3.46093967300397,FALSE,TRUE,-0.75611158339073,0.75611158339073,"shared positive"
"human_vs_mouse_KD_GO_BP","human KD vs control vs mouse KD vs control","GO_BP","GO:0002833","positive regulation of response to biotic stimulus","either",0.05,"shared positive",-0.75025207554413,0.75025207554413,1.84513719935418,1.09488512381005,3.21176023747127e-06,0.497227944799438,"55932/54123/16859/15944/246730/15951/54396/20128/108089/230073/15950/381308/58203/80285/100040462/209387/229900/70110/71586/69146/16145/13874/236312/18828/14469/23960/246727/64685/102639543/70097/20787/80861/142980/234311/20509/12363/226691/319236/217365/70428/11651/19106/217718/22628/78781/14283/56174/22596/24088/16174/76438/108155/20085/226695/217069/23961/225913/69035/68585/224897/266632/68077/74998/14375/52513/68614/100033459/268857/14468/58185/27419/78308/28185/231655/117149/16179/79554/19376/17874/11820/14082/319277/19294/11845/110006/226791/21898/18754/434341/18081/432940/73945/50523/68278/81601/54722/107607/15510/71514/223664/379043/20779/57783/216877/66220/100952/26419/70796/625530/60533/66873","2547/23705/2150/3133/57506/7520/5591/7474/29997/5817/1956/3654/3428/142/5610/8815/23180/85364/201292/22861/1687/3304/85363/3320/4615/80772/5578/1535/79155/5359/81926/9781/5587/7105/1387/5062/55765/55223/9424/22900/148022/661/7706/7099/10392/29126/5819/10924/81844/5336/3140/115004/56829/23328/3661/5781/55601/10318/117854/3107/53905/340061/23643/1374/29108/79184/4940/11213/7301/10622/57505/7187/81559","GO:0002833","GO:0002833","positive regulation of response to biotic stimulus","positive regulation of response to biotic stimulus",0.30344447148021,5.49325688289203,FALSE,TRUE,-0.75025207554413,0.75025207554413,"shared positive"
"human_vs_mouse_KD_GO_BP","human KD vs control vs mouse KD vs control","GO_BP","GO:0034341","response to type II interferon","either",0.05,"shared positive",-0.74225949566169,0.74225949566169,1.9677147556703,1.22545526000861,0.00051046150224012,0.385205731102288,"55932/66141/15944/547253/54396/236573/80285/69550/229900/109168/16423/20684/16145/14469/22793/22059/20846/17250/80876/213002/11898/24088/22352/107508/12332/21822/14026/14468/68713/52055/53330/16451/14433/21898/434341/17472/20913/104252/17913/74117/20821/16558/12540","10410/7474/6672/3460/2635/10241/140885/7297/23521/65010/1906/5468/54625/1612/3459/958/7099/9076","GO:0034341","GO:0034341","response to type II interferon","response to type II interferon",0.414307260053258,3.29203700577126,FALSE,TRUE,-0.74225949566169,0.74225949566169,"shared positive"
"human_vs_mouse_KD_GO_BP","human KD vs control vs mouse KD vs control","GO_BP","GO:0045089","positive regulation of innate immune response","either",0.05,"shared positive",-0.7412980067366,0.7412980067366,1.84616070376769,1.10486269703109,3.4352647624302e-06,0.490471603552592,"55932/54123/16859/15944/246730/15951/54396/20128/108089/230073/15950/381308/58203/80285/100040462/209387/229900/70110/71586/69146/16145/13874/236312/18828/14469/23960/246727/64685/102639543/20787/80861/142980/234311/20509/12363/226691/319236/217365/70428/11651/19106/217718/78781/14283/56174/22596/24088/16174/76438/108155/20085/226695/217069/23961/225913/69035/68585/224897/266632/68077/74998/14375/52513/68614/100033459/268857/14468/58185/27419/78308/28185/231655/117149/16179/79554/17874/11820/14082/319277/19294/11845/110006/226791/21898/18754/434341/18081/432940/73945/50523/68278/81601/107607/15510/71514/223664/379043/20779/57783/216877/66220/26419/70796/625530/60533/66873","2547/23705/2150/3133/57506/7520/5591/7474/29997/5817/1956/3654/3428/142/5610/8815/23180/85364/201292/22861/3304/85363/3320/4615/80772/1535/79155/5359/81926/9781/5587/7105/1387/5062/55765/55223/9424/22900/148022/661/7706/7099/10392","GO:0045089","GO:0045089","positive regulation of innate immune response","positive regulation of innate immune response",0.309386131561114,5.46403978540755,FALSE,TRUE,-0.7412980067366,0.7412980067366,"shared positive"
"human_vs_mouse_KD_GO_BP","human KD vs control vs mouse KD vs control","GO_BP","GO:0030217","T cell differentiation","either",0.05,"shared negative",-0.738213971340232,0.738213971340232,-0.841824672057618,-1.58003864339785,0.972099891355909,0.00707889295295932,"74143/319817/21414/12193/319583/20851/52683/14312/320790/16889/57765/20687/16362/217127/20869/207952/214162/14634/14369/58240/238555/15507/56480/57261/93685/64930/21417/20807/214812/240354/432763/17283/382051/67122/107817/15519/19156/14102/59009/11977/16450/11501/11789/17242/15284/14367/14466/16768/12144/12159/63953/23882","5914/2625/11006/3594/64410/51412/8651/80758/25/27086/6604/5699/10538/84695/942/5692/677/7535/3071/6599/6647/5687/4297/51463/11035/6097/3561/3716/2302/29110/3574/55193/64332/10524/5690/865/6693/338567/64218/5685/5684/26191/4221/6868/55626/8807/301/8546/55274/11143/3726/3549/4780/3659/6659/4063/6774/3718/6601/5689/23240/678/2648/6776/538/1386/5295/51043/149041/5686/2033/3956/4775/5691/3135/27166/11221/196528","GO:0030217","GO:0030217","T cell differentiation","T cell differentiation",-2.15003465502397,-0.0122891054074288,TRUE,FALSE,-0.738213971340232,0.738213971340232,"shared negative"
"human_vs_mouse_KD_GO_BP","human KD vs control vs mouse KD vs control","GO_BP","GO:0032640","tumor necrosis factor production","either",0.05,"shared positive",-0.736472923719466,0.736472923719466,1.59837493024031,0.861902006520844,0.0442426534928472,0.847788343978968,"16859/246730/20128/74155/230073/66725/214855/246728/71586/16423/23960/246727/142980/12257/73181/26362/20312/14870/24088/21937/23961/56632/15499/268857/16800/100689/117149/17874/11820/14082/21898/14869/19164/107607/108655/17975/11600","3133/57506/9590/7474/3315/7040/140885/1535/2000/23405/7057/4157/2621/1191/4023/3459/9466/7099/10392/54093/177/5336","GO:0032640","GO:0032640","tumor necrosis factor production","tumor necrosis factor production",0.0717125587284183,1.35415883372093,FALSE,TRUE,-0.736472923719466,0.736472923719466,"shared positive"
"human_vs_mouse_KD_GO_BP","human KD vs control vs mouse KD vs control","GO_BP","GO:0032680","regulation of tumor necrosis factor production","either",0.05,"shared positive",-0.736472923719466,0.736472923719466,1.59837493024031,0.861902006520844,0.0442426534928472,0.847788343978968,"16859/246730/20128/74155/230073/66725/214855/246728/71586/16423/23960/246727/142980/12257/73181/26362/20312/14870/24088/21937/23961/56632/15499/268857/16800/100689/117149/17874/11820/14082/21898/14869/19164/107607/108655/17975/11600","3133/57506/9590/7474/3315/7040/140885/1535/2000/23405/7057/4157/2621/1191/4023/3459/9466/7099/10392/54093/177/5336","GO:0032680","GO:0032680","regulation of tumor necrosis factor production","regulation of tumor necrosis factor production",0.0717125587284183,1.35415883372093,FALSE,TRUE,-0.736472923719466,0.736472923719466,"shared positive"
"human_vs_mouse_KD_GO_BP","human KD vs control vs mouse KD vs control","GO_BP","GO:0060337","type I interferon-mediated signaling pathway","either",0.05,"shared positive",-0.73474602868934,0.73474602868934,2.23729687848289,1.50255084979355,1.52637196881032e-05,0.124422918810557,"23962/54123/24110/66141/246730/100038882/58203/246728/71586/23960/246727/20846/20847/80876/213002/13194/23961/99375/26987/78308/68713/231655/16179/17874/14082/16451/208727/434341","10410/57506/7474/3654/3454/6672/201292/7297/4615/5770/56339/6773/401397/81844/9636/9755/3661/5781/117854/6772/340061/3455/4940/7187/29883","GO:0060337","GO:0060337","type I interferon-mediated signaling pathway","type I interferon-mediated signaling pathway",0.905099614852776,4.81633961820522,FALSE,TRUE,-0.73474602868934,0.73474602868934,"shared positive"
"human_vs_mouse_KD_GO_BP","human KD vs control vs mouse KD vs control","GO_BP","GO:0042254","ribosome biogenesis","either",0.05,"shared positive",0.72980369925421,0.72980369925421,1.32710242174051,2.05690612099472,0.144769919954833,3.32044385703115e-07,"70078/71990/18150/245474/27207/213773/234549/12181/75751/27998/67936/18148/20091/22596/57315/66596/67842/52530/225348/20085/20103/57750/99375/68077/72515/217011/57741/52513/72181/100019/73674/53414/101612/229504/59028/67014/27176/67134/19384/67115/27966/67040/66138/16785/20102/67281/66523/103136/56321/216156/215193/11837/229937/14000/234344/56412/17975/56200/70316/101867/68052/269470/98956/28126/68845/234384/60315/72831/66489/20116/382038/228889/102462/20104/67097/107071/237107/208366/74778/223722/118451/72344/74035/75273/72662/110816/66249/94254/67674/100503670/56095/75617/57444/67025/104662/66254/208144/212508/19942/72462/67920/192170/55989/20115/75686/71952/69663/76846/54127/213541/14791/140546/57294/106707/70285/78294/100608/224481/75422/271842/57316/19989/70683/69237/12261/52535/66410/76130/230082/97112/207704/68147/67941/75593/64934/107999/59050","6130/285855/6228/4869/7520/5591/3921/29997/6129/29960/54606/23076/23560/131870/51504/6949/114049/6218/85395/6230/81554/25926/27341/54913/29777/64745/26164/51335/81875/6232/9875/57602/79707/51018/6838/285367/9045/51550/11224/8886/54955/51490/55695/55720/8225/6189/26155/128061/10775/25871/1736/6233/84294/6201/83743/55035/10813/54680/118460/26284/220064/26574/64216/6041/22868/30836/51187/91582/2971/6210/88745/51077/1983/55006/51119/55127/7284/10200/28987/55319/65095/10438/84946/6234/115939/55505/54059/90121/57109/27079/9221/79979/6205/92856/9326/196074/57455/11137/79050/9790/79922/57696/9277/64794/27042/51116/1964/2752/55003/130916/79066/10969/115416/92170/317781/25983/10528/85865/55178/81691/50628/11056/7514/51388/65083/55226/29081/55352/6191/6194/56342/9188/163859/22984/113000/10799/10199/54663/11103/3692/57418/5822/54853/90459/221078/51154/64434/57647/79954/10248/54552/27043/6209/161424/10607/9816/51202/84881/10556/2257/10557","GO:0042254","GO:0042254","ribosome biogenesis","ribosome biogenesis",6.47880385853241,0.839321665726602,TRUE,FALSE,0.72980369925421,0.72980369925421,"shared positive"
"human_vs_mouse_KD_GO_BP","human KD vs control vs mouse KD vs control","GO_BP","GO:1901989","positive regulation of cell cycle phase transition","either",0.05,"shared positive",0.729475524197026,0.729475524197026,0.912549118421364,1.64202464261839,0.832725944211306,0.0327481584627665,"20135/108911/12567/18148/11651/59008/16952/74370/99375/12443/11792/18214/69957/105837/12444/18795/382985/319195/54451/18514/19645/11820/208643/108058/66214/20913/50883","894/4869/6241/9787/1956/221150/8379/332/7040/55835/26271/5889/6491/8558/81610/80174/2735/990/220134/994/54623/11065/5336/995/595","GO:1901989","GO:1901989","positive regulation of cell cycle phase transition","positive regulation of cell cycle phase transition",1.48481311680029,0.079497904355413,TRUE,FALSE,0.729475524197026,0.729475524197026,"shared positive"
"human_vs_mouse_KD_GO_BP","human KD vs control vs mouse KD vs control","GO_BP","GO:0060759","regulation of response to cytokine stimulus","either",0.05,"shared positive",-0.72589362760173,0.72589362760173,1.86497179987443,1.1390781722727,0.00049888654150234,0.479779490097484,"54123/24110/15944/246730/20563/547253/54396/100038882/20564/230073/58203/80285/71586/16145/23960/246727/16177/16600/15257/20847/16923/12363/26362/24088/21937/12977/24058/23961/229615","2150/57506/7837/7474/6091/3654/837/3304/5770/56339/23405/1906/6773/2621/56928/5468/54625/100133941/22900/958/81858/7099/401397/10555/81844/9636/3589/6653/3556/5781/8904/117854/84888/8737/340061/29108/4940/11213","GO:0060759","GO:0060759","regulation of response to cytokine stimulus","regulation of response to cytokine stimulus",0.318958321453375,3.30199821189587,FALSE,TRUE,-0.72589362760173,0.72589362760173,"shared positive"
"human_vs_mouse_KD_GO_BP","human KD vs control vs mouse KD vs control","GO_BP","GO:0016072","rRNA metabolic process","either",0.05,"shared positive",0.71913123126054,0.71913123126054,1.21111644267636,1.9302476739369,0.380331664931778,1.32422987935899e-05,"20587/70078/71990/18150/20017/245474/213773/12181/27998/67936/18148/70428/57315/21340/67842/52530/225348/20085/57750/68077/72515/52513/72181/73674/53414/59028/27176/67115/27966/67040/66138/67281/103136/216156/215193/229937/14000/234344/17975/20586/56200/101867/68052/269470/98956/68845/60315/66489/228889/102462/20104/216443/107071/208366/56717/74778/21453/72344/74035/75273/72662/26914/110816/67674/100503670/213550/56095/75617/57444/67025/320209/104662/66254/208144/19942/72462/67920/192170/20115/75686/69663/54127/213541/14791/140546/57294/106707/70333/20556/70285/224481/75422/271842/57316/19989/70683/69237/76130/230082/68147/67941/64934/59050/11727/217109/74097/217995/24014/20826/69902","6130/162394/285855/5591/29997/6129/1663/29960/54606/23076/131870/51504/6949/114049/6218/85395/6230/112495/25926/27341/54913/29777/6232/9875/57602/79707/55506/51018/285367/9045/84365/221830/11224/8886/1387/51490/55695/55720/128061/10775/25871/9328/1736/84294/6201/55035/10813/54680/118460/26574/64216/6041/30836/2971/88745/51077/55006/51119/55127/10200/28987/65095/10438/6234/2975/115939/55505/54059/90121/57109/27079/9221/79979/92856/9326/196074/57455/11137/79050/9790/79922/57696/9277/55106/10849/27042/55003/2972/130916/79066/10969/317781/25983/10528/55178/81691/50628/84172/11056/65083/55226/29081/55352/64425/4141/6194/5441/56342/9188/163859/22984/113000/10799/10199/54663/11103/3692/57418/5822/54853/90459/221078/51154/57647/79954/10248/27043/6209/161424/10607/51202","GO:0016072","GO:0016072","rRNA metabolic process","rRNA metabolic process",4.87803661710843,0.419837515417605,TRUE,FALSE,0.71913123126054,0.71913123126054,"shared positive"
"human_vs_mouse_KD_GO_BP","human KD vs control vs mouse KD vs control","GO_BP","GO:0002221","pattern recognition receptor signaling pathway","either",0.05,"shared positive",-0.718516518083819,0.718516518083819,1.6428746908416,0.924358172757781,0.0041763273566838,0.797696665737903,"54123/15944/246730/54396/20128/108089/230073/70110/71586/69146/16145/14469/23960/246727/64685/80861/142980/234311/20509/12363/226691/217365/11651/19106/217718/78781/14283/56174/24088/76438/108155/217069/23961/225913/69035/68585/224897/266632/68077/74998/52513/68614/268857/58185/27419/78308/231655/117149/16179/79554/17874/11820/319277/11845/110006/226791/21898/18754/18081/432940/73945/50523/68278/81601/107607/15510/223664/20779/57783/216877/66220/26419/70796/625530/60533/66873","2150/57506/5591/29997/1956/3654/3428/142/5610/8815/23180/85364/201292/22861/3304/4615/80772/1535/79155/81926/9781/5587/7105","GO:0002221","GO:0002221","pattern recognition receptor signaling pathway","pattern recognition receptor signaling pathway",0.0981622232360418,2.3792054669911,FALSE,TRUE,-0.718516518083819,0.718516518083819,"shared positive"
"human_vs_mouse_KD_GO_BP","human KD vs control vs mouse KD vs control","GO_BP","GO:0002758","innate immune response-activating signaling pathway","either",0.05,"shared positive",-0.714491118957013,0.714491118957013,1.6428746908416,0.928383571884587,0.0041763273566838,0.798685617007799,"54123/15944/246730/54396/20128/108089/230073/70110/71586/69146/16145/14469/23960/246727/64685/80861/142980/234311/20509/12363/226691/217365/11651/19106/217718/78781/14283/56174/24088/76438/108155/217069/23961/225913/69035/68585/224897/266632/68077/74998/52513/68614/268857/58185/27419/78308/231655/117149/16179/79554/17874/11820/319277/11845/110006/226791/21898/18754/18081/432940/73945/50523/68278/81601/107607/15510/223664/20779/57783/216877/66220/26419/70796/625530/60533/66873","2150/57506/5591/29997/1956/3654/3428/142/5610/8815/23180/85364/201292/22861/3304/4615/80772/1535/79155/81926/9781/5587/7105/1387/5062/55765/9424/22900/148022/7706/7099/10392","GO:0002758","GO:0002758","innate immune response-activating signaling pathway","innate immune response-activating signaling pathway",0.097624136414392,2.3792054669911,FALSE,TRUE,-0.714491118957013,0.714491118957013,"shared positive"
"human_vs_mouse_KD_GO_BP","human KD vs control vs mouse KD vs control","GO_BP","GO:2000785","regulation of autophagosome assembly","either",0.05,"shared negative",-0.70527842994762,0.70527842994762,-1.18933712459674,-1.89461555454436,0.502397977263784,0.0208349678886729,"56312/76561/98732/209478/237782/13641/170822/18711/117150/209131","23130/9554/23256/203228/8897/90410/79837/200576/140775/51375/65018/79142/55062/51100/8678/112574/29978/8723/120892","GO:2000785","GO:2000785","regulation of autophagosome assembly","regulation of autophagosome assembly",-1.68120716455074,-0.298952117807774,TRUE,FALSE,-0.70527842994762,0.70527842994762,"shared negative"
"human_vs_mouse_KD_GO_BP","human KD vs control vs mouse KD vs control","GO_BP","GO:0006760","folic acid-containing compound metabolic process","either",0.05,"shared positive",-0.70055403614093,0.70055403614093,1.86352501032527,1.16297097418434,0.0381664965085761,0.522911906575273,"270685/17768/192166/108037/107747/216188/108147/108156/22171/20425/14287","1719/4548/7298/8836/2356/4522/10797/6573/10841/4552/25902","GO:0006760","GO:0006760","folic acid-containing compound metabolic process","folic acid-containing compound metabolic process",0.281571469279413,1.41831770425907,FALSE,TRUE,-0.70055403614093,0.70055403614093,"shared positive"
"human_vs_mouse_KD_GO_BP","human KD vs control vs mouse KD vs control","GO_BP","GO:0032608","interferon-beta production","either",0.05,"shared positive",-0.69839159105402,0.69839159105402,1.93269381907068,1.23430222801666,0.00612869560363853,0.402572745075023,"54123/246730/100038882/230073/246728/71586/23960/246727/64685/66412/142980/70428/78781/24088/23961/268857/28185/117149","57506/140885/201292/3320/54476/661/7099/81844/9636/56829/3661/5781/340061/29108/4940/10622/7187","GO:0032608","GO:0032608","interferon-beta production","interferon-beta production",0.395155630997775,2.21263194838896,FALSE,TRUE,-0.69839159105402,0.69839159105402,"shared positive"
"human_vs_mouse_KD_GO_BP","human KD vs control vs mouse KD vs control","GO_BP","GO:0032648","regulation of interferon-beta production","either",0.05,"shared positive",-0.69839159105402,0.69839159105402,1.93269381907068,1.23430222801666,0.00612869560363853,0.402572745075023,"54123/246730/100038882/230073/246728/71586/23960/246727/64685/66412/142980/70428/78781/24088/23961/268857/28185/117149","57506/140885/201292/3320/54476/661/7099/81844/9636/56829/3661/5781/340061/29108/4940/10622/7187","GO:0032648","GO:0032648","regulation of interferon-beta production","regulation of interferon-beta production",0.395155630997775,2.21263194838896,FALSE,TRUE,-0.69839159105402,0.69839159105402,"shared positive"
"human_vs_mouse_KD_GO_BP","human KD vs control vs mouse KD vs control","GO_BP","GO:2001044","regulation of integrin-mediated signaling pathway","either",0.05,"shared positive",0.69116692828633,0.69116692828633,1.19605947257098,1.88722640085731,0.572828514927584,0.0248605866543334,"13731/21857/16950/192176/18073/16773/226519","5054/7076/9270/3912/5587/284217/3913/3915/3987/65979","GO:2001044","GO:2001044","regulation of integrin-mediated signaling pathway","regulation of integrin-mediated signaling pathway",1.60448862719342,0.24197537134359,TRUE,FALSE,0.69116692828633,0.69116692828633,"shared positive"
"human_vs_mouse_KD_GO_BP","human KD vs control vs mouse KD vs control","GO_BP","GO:0007156","homophilic cell-cell adhesion","either",0.05,"shared positive",0.690655662294129,0.690655662294129,0.927307528336561,1.61796319063069,0.801028760351801,0.0196726878673735,"12552/12563/64085/279653/93887/12554/93890/21810/93876/93888/93891/23965/19294/93878/329628/50706/105827/219257/93893","1012/55714/221935/23705/2195/6091/3897/5817/1829/1002/682/1951/1004/7216/26167/5818/56133/83872/133418/64221/57575/91624/5797/9620/5365/5754/5310/5819/347902","GO:0007156","GO:0007156","homophilic cell-cell adhesion","homophilic cell-cell adhesion",1.70613629863586,0.0963518906100799,TRUE,FALSE,0.690655662294129,0.690655662294129,"shared positive"
"human_vs_mouse_KD_GO_BP","human KD vs control vs mouse KD vs control","GO_BP","GO:1903900","regulation of viral life cycle","either",0.05,"shared positive",-0.69055234644043,0.69055234644043,2.43198009492575,1.74142774848532,7.41857142857143e-08,0.0143850779844455,"23962/66141/246730/100038882/20128/20568/69550/209387/229900/246728/71586/19358/23960/246727/22088/21974/15364/80287/80876/26362/226691/319236/213002/19106/78781/17858/76681/13194/217069/23961/56491/268373/58185/68713/231655","5478/10410/104/57506/63901/103/3609/3428/51495/5610/8815/682/10475/85363/8091/5359/27183/3838/55223/79720/7706/24138/6041/5819/9636/56829/5886/10318/27350/117854/4940/9582/7301/81559/29883/60489/6737/6780/222537","GO:1903900","GO:1903900","regulation of viral life cycle","regulation of viral life cycle",1.84208777936819,7.1296797174192,TRUE,TRUE,-0.69055234644043,0.69055234644043,"shared positive"
"human_vs_mouse_KD_GO_BP","human KD vs control vs mouse KD vs control","GO_BP","GO:0071706","tumor necrosis factor superfamily cytokine production","either",0.05,"shared positive",-0.686725341199931,0.686725341199931,1.56868223033808,0.881956889138149,0.0442426534928472,0.828687367678193,"16859/246730/20128/74155/230073/66725/214855/246728/71586/16423/23960/246727/142980/12257/73181/26362/20312/14870/24088/21937/23961/56632/15499/268857/16800/100689/117149/17874/11820/14082/21898/14869/19164/107607/108655/17975/11600/60533","3133/57506/9590/7474/3315/7040/140885/1535/2000/23405/7057/4157/2621/1191/4023/3459/9466/7099/10392/29126/54093/177/5336","GO:0071706","GO:0071706","tumor necrosis factor superfamily cytokine production","tumor necrosis factor superfamily cytokine production",0.0816092813921741,1.35415883372093,FALSE,TRUE,-0.686725341199931,0.686725341199931,"shared positive"
"human_vs_mouse_KD_GO_BP","human KD vs control vs mouse KD vs control","GO_BP","GO:1903555","regulation of tumor necrosis factor superfamily cytokine production","either",0.05,"shared positive",-0.686725341199931,0.686725341199931,1.56868223033808,0.881956889138149,0.0442426534928472,0.828687367678193,"16859/246730/20128/74155/230073/66725/214855/246728/71586/16423/23960/246727/142980/12257/73181/26362/20312/14870/24088/21937/23961/56632/15499/268857/16800/100689/117149/17874/11820/14082/21898/14869/19164/107607/108655/17975/11600/60533","3133/57506/9590/7474/3315/7040/140885/1535/2000/23405/7057/4157/2621/1191/4023/3459/9466/7099/10392/29126/54093/177/5336","GO:1903555","GO:1903555","regulation of tumor necrosis factor superfamily cytokine production","regulation of tumor necrosis factor superfamily cytokine production",0.0816092813921741,1.35415883372093,FALSE,TRUE,-0.686725341199931,0.686725341199931,"shared positive"
"human_vs_mouse_KD_GO_BP","human KD vs control vs mouse KD vs control","GO_BP","GO:0051648","vesicle localization","either",0.05,"shared negative",-0.682571354531282,0.682571354531282,-0.888849744033238,-1.57142109856452,0.897473824823796,0.0103521947325125,"20614/13603/67511/60595/67581/20844/108012/17918/58994/27096/66975/20869/16553/66994/22343/77097/226407/68428/110380/83431/16561/77573/76499/20971/245537/21787/16572/16573/12794/16574/100502766/107338/15194/216131/20964/11765/26412/19324/70450/19349/432516/12752/64933/56418/75964/16554/104015/20617","55686/6813/11336/5604/27243/92558/6814/26985/5048/1487/5861/55327/60684/9525/440279/80128/4640/56681/5864/80006/65018/8452/7016/23557/27095/8546/55435/60412/10015/7251/55763/11127/10113/7879/55614/22878/81565/1176/55062/83696/157769/57555/10987/1020/10749/6812/51399/3985/23095/30850/4644/1759/54874/22920/8927/1499/5413/84062/5728/120892","GO:0051648","GO:0051648","vesicle localization","vesicle localization",-1.98496756719506,-0.0469782089338871,TRUE,FALSE,-0.682571354531282,0.682571354531282,"shared negative"
"human_vs_mouse_KD_GO_BP","human KD vs control vs mouse KD vs control","GO_BP","GO:0045824","negative regulation of innate immune response","either",0.05,"shared positive",-0.66883042540829,0.66883042540829,1.87781148569035,1.20898106028206,0.00257889366738514,0.421362460868382,"16859/24110/15944/246730/547253/54396/100038882/16145/23960/246727/93694/64685/19056/80861/20847/226691/20085/23961/66294/21354/268857/26987/22631","3133/5817/3428/142/100507436/8815/7040/3106/56339/6773/9140/5468/54625/5819/401397/9636/60343/4940/11213/7301/80254/29883/10212/9212/6737","GO:0045824","GO:0045824","negative regulation of innate immune response","negative regulation of innate immune response",0.375344158248359,2.58856656426761,FALSE,TRUE,-0.66883042540829,0.66883042540829,"shared positive"
"human_vs_mouse_KD_GO_BP","human KD vs control vs mouse KD vs control","GO_BP","GO:0002286","T cell activation involved in immune response","either",0.05,"shared negative",-0.662648897251695,0.662648897251695,-0.921714423544835,-1.58436332079653,0.812286034234523,0.0435644497291679,"19883/20371/17085/22724/11891/12053/216799/328572/74143/319817/14063/16854/14312/57765/16362/214162/57261/93685/64930/240354/17283/74732/17242/15284/23882","80031/23476/57089/5914/2625/3594/6556/3965/3442/5699/10538/84695/942/5692/3071/3683/5687/4297/975/6097/3716/64332/5690/6693/3958/64218/5685/5684/4221/8807/301/3726/4063/6774/3718/5689/6776/149041/5686/2033/3956/5691","GO:0002286","GO:0002286","T cell activation involved in immune response","T cell activation involved in immune response",-1.36086776725128,-0.090291013596903,TRUE,FALSE,-0.662648897251695,0.662648897251695,"shared negative"
"human_vs_mouse_KD_GO_BP","human KD vs control vs mouse KD vs control","GO_BP","GO:0008535","respiratory chain complex IV assembly","either",0.05,"shared positive",0.66245869887342,0.66245869887342,1.1306139981363,1.79307269700972,0.620094013210778,0.0400693965731081,"68020/52469/67453/544717/66821/100503890/231430/67705/67899/20930/66272/68185","4514/55744/51287/90639/6341/84902/29090/1353/65260/84334","GO:0008535","GO:0008535","respiratory chain complex IV assembly","respiratory chain complex IV assembly",1.39718719779547,0.207542461593018,TRUE,FALSE,0.66245869887342,0.66245869887342,"shared positive"
"human_vs_mouse_KD_GO_BP","human KD vs control vs mouse KD vs control","GO_BP","GO:0035455","response to interferon-alpha","either",0.05,"shared positive",-0.66164348253607,0.66164348253607,2.13901316621267,1.4773696836766,0.00133925874264523,0.292376382176851,"66141/246730/15951/15957/69550/23960/80876/26362/213002/19106/23961/21822","10410/103/3454/5610/2621","GO:0035455","GO:0035455","response to interferon-alpha","response to interferon-alpha",0.534057712099043,2.87313550988309,FALSE,TRUE,-0.66164348253607,0.66164348253607,"shared positive"
"human_vs_mouse_KD_GO_BP","human KD vs control vs mouse KD vs control","GO_BP","GO:0032496","response to lipopolysaccharide","either",0.05,"shared positive",-0.660987511428293,0.660987511428293,1.64907152072628,0.988084009297987,0.00534064410093469,0.702115997874037,"55932/16859/15944/20539/54396/20128/70310/20568/209387/214855/12833/22169/16145/11535/18828/14469/12567/20846/19220/70097/14158/21423/54616/19225/12363/12257/211666/26362/319236/20312/11651/19106/14870/11898/21937/22352/108155/238871/231086/18578/266632/11532/15499/68614/268857/14468/16819/100689/17025/27419/117149/16179/17874/11421/18569/28253/21898/67553/77134/18754/13555/625249/26417/54196/12369/18104/108655/17975/57783/26419/60533/11350/12608/11303/14281/26400/21333/15975/235527/214498/22121/21672/110651","5054/9590/7474/3654/3454/567/2635/5879/140885/7132/85363/4615/5578/1604/79155/4088/840/1948/1906/8140/22900/148022/958/7099/8754/2149/9076/10068/54623/29126/4842/5336/80380/23328/10892/5781/10318/117854/27063/1373/23643/2048/29108/10935/11213/11093/19","GO:0032496","GO:0032496","response to lipopolysaccharide","response to lipopolysaccharide",0.153591131353215,2.27240636233233,FALSE,TRUE,-0.660987511428293,0.660987511428293,"shared positive"
"human_vs_mouse_KD_GO_BP","human KD vs control vs mouse KD vs control","GO_BP","GO:0060760","positive regulation of response to cytokine stimulus","either",0.05,"shared positive",-0.66017681727072,0.66017681727072,1.84292025776311,1.18274344049239,0.0201223061159958,0.458403526631412,"54123/15944/547253/54396/230073/58203/80285/71586/16145/16177/12363/26362/24088/12977","57506/7474/837/3304/1906/2621/54625/958/7099/10555/81844/8904/117854/8737/340061","GO:0060760","GO:0060760","positive regulation of response to cytokine stimulus","positive regulation of response to cytokine stimulus",0.338752049874282,1.69632224846407,FALSE,TRUE,-0.66017681727072,0.66017681727072,"shared positive"
"human_vs_mouse_KD_GO_BP","human KD vs control vs mouse KD vs control","GO_BP","GO:0071359","cellular response to dsRNA","either",0.05,"shared positive",-0.66008474638233,0.66008474638233,2.13762108170707,1.47753633532474,0.00269070929563585,0.238251033503259,"246730/230073/71586/14799/23960/246727/142980/18148/78781/23961","57506/85364/115004/3661/340061/4940/201626/79594/10084","GO:0071359","GO:0071359","cellular response to dsRNA","cellular response to dsRNA",0.62296520677027,2.57013322089885,FALSE,TRUE,-0.66008474638233,0.66008474638233,"shared positive"
"human_vs_mouse_KD_GO_BP","human KD vs control vs mouse KD vs control","GO_BP","GO:0071479","cellular response to ionizing radiation","either",0.05,"shared positive",0.65813683839854,0.65813683839854,1.0845834567227,1.74272029512124,0.647033861577799,0.030476880142105,"22059/12048/15270/226691/22601/107976/22596/14375/15499/224008/12444/16819/12955/15461/245000/15574/68142/24086/50883","2547/1026/7520/64710/3428/79073/6422/7040/1936/1535/83695/63979/7486/672/23514/4193/10635/3364","GO:0071479","GO:0071479","cellular response to ionizing radiation","cellular response to ionizing radiation",1.51602949292354,0.189072990565343,TRUE,FALSE,0.65813683839854,0.65813683839854,"shared positive"
"human_vs_mouse_KD_GO_BP","human KD vs control vs mouse KD vs control","GO_BP","GO:0051345","positive regulation of hydrolase activity","either",0.05,"shared negative",-0.65217186195809,0.65217186195809,-1.04556737388649,-1.69773923584458,0.661402279819143,0.024205834211389,"14270/20401/170625/14063/21844/18015/54126/329260/228482/217463/83431/13836/14184/105835/14056/64930/18720/12928/65079/19156/105445/110279/13605/381605/76089/231532/14681/433693/12929/19387/74018/19734/16007","5657/55854/29/2889/57679/613/2260/10928/5906/10411/81565/51429/81704/27352/6004/6281/26037/112574/139818/4763/650/7813/55851/27166/2263","GO:0051345","GO:0051345","positive regulation of hydrolase activity","positive regulation of hydrolase activity",-1.61607994557174,-0.179534312429321,TRUE,FALSE,-0.65217186195809,0.65217186195809,"shared negative"
"human_vs_mouse_KD_GO_BP","human KD vs control vs mouse KD vs control","GO_BP","GO:0060333","type II interferon-mediated signaling pathway","either",0.05,"shared positive",-0.65160483593416,0.65160483593416,1.92502396439221,1.27341912845805,0.029230504233604,0.402572745075023,"15944/547253/54396/80285/16145/22059/20846","6672/3460/7297/5468/54625/3459","GO:0060333","GO:0060333","type II interferon-mediated signaling pathway","type II interferon-mediated signaling pathway",0.395155630997775,1.5341636928881,FALSE,TRUE,-0.65160483593416,0.65160483593416,"shared positive"
"human_vs_mouse_KD_GO_BP","human KD vs control vs mouse KD vs control","GO_BP","GO:0046597","host-mediated suppression of symbiont invasion","either",0.05,"shared positive",-0.64867841133547,0.64867841133547,1.97060192564556,1.32192351431009,0.0092319228502396,0.345286403199247,"66141/20128/209387/17069/19288/80876/319236/213002/217069","10410/85363/5806/4061/7706/7726/286827","GO:0046597","GO:0046597","host-mediated suppression of symbiont invasion","host-mediated suppression of symbiont invasion",0.46182052310378,2.03470783350542,FALSE,TRUE,-0.64867841133547,0.64867841133547,"shared positive"
"human_vs_mouse_KD_GO_BP","human KD vs control vs mouse KD vs control","GO_BP","GO:0032200","telomere organization","either",0.05,"shared positive",0.647272124978392,0.647272124978392,0.821284028368938,1.46855615334733,0.936295590524045,0.0474876203015632,"20684/22059/16600/245474/13870/22596/20174/52530/12464/11792/14375/12466/50721/12468/72162/15382/79456/59047/12469/21745/21454/51812/26417/245000/234344/70315/15574/20779/68142/98956/56531/19364/51810/237107/26400/22427","2547/328/7520/5591/6672/142/1832/9401/3178/5371/3320/9156/5889/197342/908/55183/54386/11284/7517/6118/2237/3183/1736/2067/7486/1763/220064/7013/84464/54537/25913/6119/3364/26277/26354/56160/4683/54984/84444/80119/55505/4361/56252/10574/641/10856/5892/64858/7515/7011/5588/5073/9212/10459/10728/1017","GO:0032200","GO:0032200","telomere organization","telomere organization",1.32341959322688,0.0285870219162809,TRUE,FALSE,0.647272124978392,0.647272124978392,"shared positive"
"human_vs_mouse_KD_GO_BP","human KD vs control vs mouse KD vs control","GO_BP","GO:0006400","tRNA modification","either",0.05,"shared positive",0.6359116569952,0.6359116569952,1.26706015684806,1.90297181384326,0.454610309941085,0.00176720269941806,"74195/17299/70153/11651/328162/66965/15108/28114/74467/72181/20226/209584/68260/105638/69372/66628/72133/212528/98956/70359/13434/240174/83669/54351/71916/68857/227682/67674/76357/69786/72167/68730/433813/329504/224907/100929/246221/77766/230233/78697/227835/211006/66971/52686/67667/66926/74753/66369/108943/106248/67789/66246","51504/54733/54859/127253/115708/81890/339175/6894/26995/79691/64118/146712/10785/84705/84267/80745/55006/24140/51531/55623/54901/56986/27304/55687/57604/51654/25821/285381/142940/57570/55253/8518/55644/348180/441250/11180/55152/4234/55140/55226/79828/8846/84520/63892/54974/11062/221078/9836/55621/91801/84881/51605/56931/6741/285605","GO:0006400","GO:0006400","tRNA modification","tRNA modification",2.75271363374738,0.342360719293518,TRUE,FALSE,0.6359116569952,0.6359116569952,"shared positive"
"human_vs_mouse_KD_GO_BP","human KD vs control vs mouse KD vs control","GO_BP","GO:0033344","cholesterol efflux","either",0.05,"shared negative",-0.63161877849665,0.63161877849665,-1.21743567231246,-1.84905445080911,0.51631683605833,0.0277956031768307,"55938/20788/12389/27403/20597/18145/20778/217265/192663/11816","6256/64240/857/116519/8435/5444/64241/1066/64137/23461/7376/4864/10347/23673/4035/128240/6721/21/4790/20/55004/158219/5595","GO:0033344","GO:0033344","cholesterol efflux","cholesterol efflux",-1.55602389714163,-0.28708371324831,TRUE,FALSE,-0.63161877849665,0.63161877849665,"shared negative"
"human_vs_mouse_KD_GO_BP","human KD vs control vs mouse KD vs control","GO_BP","GO:0008652","amino acid biosynthetic process","either",0.05,"shared positive",-0.62357572402348,0.62357572402348,1.77103976640211,1.14746404237863,0.0379189023216678,0.506528364134538,"107869/20512/56454/100678/192166/108037/12035/11898/236539/27053/107272/69719/72562/108156/20425/53415/56369/216136/109079/18242/330817/57320/66902/17769/238505/66194/209027/70396","493/586/1806/4548/5831/58478/81539/875/29920/5092/1373/2752/4522/22929","GO:0008652","GO:0008652","amino acid biosynthetic process","amino acid biosynthetic process",0.29539623037831,1.42114424313098,FALSE,TRUE,-0.62357572402348,0.62357572402348,"shared positive"
"human_vs_mouse_KD_GO_BP","human KD vs control vs mouse KD vs control","GO_BP","GO:1903707","negative regulation of hemopoiesis","either",0.05,"shared negative",-0.623123559539291,0.623123559539291,-0.987204087507789,-1.61032764704708,0.757457153275799,0.0364545922323929,"17096/57259/83554/17242/15284/14461/22761/16768/21873/12159/217154","2302/796/5690/865/5685/5684/55365/55294/9444/3623/301/3549/3398/3659/150290/3718/5689/23240/6776/51043/149041/5686/3956/5691/3135/7107/342667","GO:1903707","GO:1903707","negative regulation of hemopoiesis","negative regulation of hemopoiesis",-1.43824775525917,-0.120641928663513,TRUE,FALSE,-0.623123559539291,0.623123559539291,"shared negative"
"human_vs_mouse_KD_GO_BP","human KD vs control vs mouse KD vs control","GO_BP","GO:0051650","establishment of vesicle localization","either",0.05,"shared negative",-0.617516583331008,0.617516583331008,-0.845670330117342,-1.46318691344835,0.945299882843502,0.0277956031768307,"20614/67511/60595/67581/20844/108012/17918/58994/27096/66975/20869/16553/66994/22343/77097/226407/68428/110380/83431/16561/76499/20971/21787/16572/16573/12794/16574/100502766/107338/15194/216131/11765/26412/19324/70450/19349/12752/64933/56418/75964/16554/104015/20617","55686/6813/11336/5604/27243/92558/6814/26985/5048/5861/55327/60684/9525/440279/80128/56681/5864/80006/65018/8452/7016/23557/27095/8546/55435/60412/10015/7251/55763/11127/10113/7879/55614/22878/81565/1176/55062/83696/157769/10987/1020/10749/6812/51399/3985/23095/30850/4644/1759/54874/22920/5413/84062/120892","GO:0051650","GO:0051650","establishment of vesicle localization","establishment of vesicle localization",-1.55602389714163,-0.024430395930969,TRUE,FALSE,-0.617516583331008,0.617516583331008,"shared negative"
"human_vs_mouse_KD_GO_BP","human KD vs control vs mouse KD vs control","GO_BP","GO:0001959","regulation of cytokine-mediated signaling pathway","either",0.05,"shared positive",-0.61650798542967,0.61650798542967,1.80088363123479,1.18437564580512,0.006630064403503,0.400713213213213,"54123/24110/15944/246730/20563/547253/54396/100038882/20564/58203/80285/16145/23960/246727/16177/15257/20847/16923/12363/26362/21937/12977/24058/23961/229615","2150/57506/7837/7474/6091/3654/837/3304/5770/56339/23405/1906/6773/2621/56928/5468/54625/100133941/22900/958/81858/401397/10555/81844/9636/3589/6653/3556/5781/8904/117854/84888/8737/340061/29108/4940/11213/29883","GO:0001959","GO:0001959","regulation of cytokine-mediated signaling pathway","regulation of cytokine-mediated signaling pathway",0.397166336801202,2.17848225289988,FALSE,TRUE,-0.61650798542967,0.61650798542967,"shared positive"
"human_vs_mouse_KD_GO_BP","human KD vs control vs mouse KD vs control","GO_BP","GO:0000470","maturation of LSU-rRNA","either",0.05,"shared positive",0.61635085736415,0.61635085736415,1.24443168550821,1.86078254287236,0.521218936656589,0.027526278638225,"12181/18148/57750/27176/67281/229937/66489/74035/67674/56095/67920/70285/19989/69237/76130/64934/59050","6130/285855/6129/51504/9875/79707/51018/11224/8886/54680","GO:0000470","GO:0000470","maturation of LSU-rRNA","maturation of LSU-rRNA",1.56025249823712,0.28297981411052,TRUE,FALSE,0.61635085736415,0.61635085736415,"shared positive"
"human_vs_mouse_KD_GO_BP","human KD vs control vs mouse KD vs control","GO_BP","GO:0032869","cellular response to insulin stimulus","either",0.05,"shared negative",-0.61399975338066,0.61399975338066,-1.07279889985546,-1.68679865323612,0.58575796915088,0.00482293969868787,"231070/108664/83431/329877/12390/56458/19271/66144/20845/320706/18479/83946/106572/12566/213053/64898/18607/20683/20544/17977/16332/11984/19246/210789/114143/11789/384783/18710/16367/11964/117150/192157/231207/66335/13033/73834/11972","2058/6844/2729/10999/490/55829/79837/51094/2950/4690/132864/5584/3265/9663/5313/5580/8452/51141/6720/8473/5058/4218/645/6198/2931/10890/9820/81565/324/1176/10499/5791/5166/2690/4303/23371/5562/9978/80318/10014/2308/3645/376497/54206/6430/5295/143686/51043/10458/5290/4644/55667/3416/8850/5595/3625/3638/5140","GO:0032869","GO:0032869","cellular response to insulin stimulus","cellular response to insulin stimulus",-2.31668816803682,-0.232281794178358,TRUE,FALSE,-0.61399975338066,0.61399975338066,"shared negative"
"human_vs_mouse_KD_GO_BP","human KD vs control vs mouse KD vs control","GO_BP","GO:0099173","postsynapse organization","either",0.05,"shared negative",-0.609912424814323,0.609912424814323,-0.957924811575807,-1.56783723639013,0.805219858348117,0.0129839291482611,"231637/18015/22782/216831/54126/76936/268932/29816/106042/70729/77097/108100/18002/227580/53310/245537/12704/26564/18483/22350/241638/13841/19122/239027/12928/65079/67943/22215/75786/216963/16975/217124/59036/13845/208922/70178/381921/19246/19141/75415/243548/17356/240057/18222/12929/13636/228357/100732/68183/73728/65114/16776/11816/50997","1072/41/57468/23613/9463/8831/4076/2534/23369/10611/78999/2260/5802/2185/89910/7804/9844/57555/55737/1020/1398/445582/26037/51104/1942/9215/388135/10458/653781/4763/58489/9294/6405/84062/5728/22849/1605/2049/8828/120892/9252/728378/653269","GO:0099173","GO:0099173","postsynapse organization","postsynapse organization",-1.88659386306808,-0.0940855230721823,TRUE,FALSE,-0.609912424814323,0.609912424814323,"shared negative"
"human_vs_mouse_KD_GO_BP","human KD vs control vs mouse KD vs control","GO_BP","GO:1901293","nucleoside phosphate biosynthetic process","either",0.05,"shared positive",-0.60878887460446,0.60878887460446,1.69884746795127,1.09005859334681,0.000674279017852924,0.513992330105967,"23962/246730/12041/228026/192185/22169/20135/353172/14381/11566/56520/226518/320685/54342/23918/12048/15452/319518/229949/108147/19241/66592/14923/56174/68073/11639/11674/67942/104112/55936/11951/14104/67273/66218/107476/66294/71743/56632/69719/54128/64451/68614/235339/110446/66588/269951/382985/26395/27369/433256/108156/18597/22271/66812/17850/212627/22333/110821/104111/66114/22171/225887/72900/68646/20425/67680/67130/66416/70316/22122/75406/73132/14450/319945/80914/68556/236900/67054/50790/109674/69080/11717/218756/11541/230125/98496/67980/331026/29807/214917/85305/68349/16189/107197/67126/13806","4538/4508/4539/4535/4540/6241/1854/7378/4833/513/1635/142/4698/2987/4710/4537/9945/539/7040/4694/9556/4725/9060/204/514/54898/4711/4536/2618/109/125061/55022/55343/55191/1841/93100/205/4830/126328/7083/1716/84532/1353/4509/9551/4717/7114/5465/197322/4831/4709/353/64841/4731/4726/50808/790955/7298/54963/134145/6391/84277/83549/5238/282969/4704/115/79717/80347/54704/4707/6901","GO:1901293","GO:1901293","nucleoside phosphate biosynthetic process","nucleoside phosphate biosynthetic process",0.289043361583534,3.17116035444537,FALSE,TRUE,-0.60878887460446,0.60878887460446,"shared positive"
"human_vs_mouse_KD_GO_BP","human KD vs control vs mouse KD vs control","GO_BP","GO:0002237","response to molecule of bacterial origin","either",0.05,"shared positive",-0.60798677230851,0.60798677230851,1.63408970834457,1.02610293603606,0.00619761328950037,0.635080193043718,"55932/16859/15944/20539/54396/20128/70310/20568/209387/214855/12833/22169/16145/11535/18828/14469/12567/20846/19220/70097/14158/21423/54616/19225/12363/12257/211666/26362/319236/20312/11651/19106/14870/11898/24088/21937/22352/108155/238871/231086/18578/266632/11532/15499/68614/268857/14468/16819/100689/17025/27419/117149/16179/17874/11421/18569/28253/21898/67553/77134/18754/13555/625249/26417/54196/12369/18104/108655/17975/223601/57783/26419/60533/11350","5054/9590/7474/3654/3454/196/567/2635/5879/140885/7132/85363/4615/5578/1604/79155/4088/840/1948/1906/8140/55765/100133941/22900/148022/958/7099/8754/2149/9076/10068/54623/29126/4842/5336/80380/23328/10892/5781/10318/117854/27063/1373/23643/2048/29108/10935/11213/11093/19","GO:0002237","GO:0002237","response to molecule of bacterial origin","response to molecule of bacterial origin",0.197171431877452,2.20777552578561,FALSE,TRUE,-0.60798677230851,0.60798677230851,"shared positive"
"human_vs_mouse_KD_GO_BP","human KD vs control vs mouse KD vs control","GO_BP","GO:0008033","tRNA processing","either",0.05,"shared positive",0.59695941646446,0.59695941646446,1.27011091589469,1.86707033235915,0.375918028903103,0.0014530865185279,"74195/17299/70153/104721/11651/328162/67106/66965/15108/28114/74467/52477/72181/20226/209584/68260/105638/69372/66628/28088/72133/66192/212528/68045/98956/70359/208366/67724/13434/240174/83669/54351/71916/68857/227682/68626/67674/76357/70047/69786/72167/68730/433813/381802/329504/76265/224907/98404/100929/73681/246221/77766/67053/230233/78697/66132/227835/211006/381406/74097/66971/68215/66078/114615/52231/52686/67667/66926/74753/107328/66369/108943/106248/67789/69961/66246","51504/54913/54733/54859/127253/115708/81890/339175/60528/23536/11102/6894/26995/10775/9692/79691/64118/146712/10785/84705/84267/80746/80745/116461/55006/24140/51531/83707/55623/54901/56986/27304/79979/55687/57604/51654/25821/285381/142940/57570/55253/8518/55644/348180/441250/11180/55152/4234/55140/112858/339487/55226/283742/10799/138716/79828/8846/84520/63892/54974/11062/113179/221078/283989/10248/9836/55621/91801/84881/10556/51605/10557/26024/56931/6741/285605","GO:0008033","GO:0008033","tRNA processing","tRNA processing",2.83770852651367,0.424906845168415,TRUE,FALSE,0.59695941646446,0.59695941646446,"shared positive"
"human_vs_mouse_KD_GO_BP","human KD vs control vs mouse KD vs control","GO_BP","GO:0002693","positive regulation of cellular extravasation","either",0.05,"shared positive",0.59140682080599,0.59140682080599,1.1815384311778,1.77294525198379,0.571308718491365,0.037819969401484,"16423/16177/21838","4192/7070/4267/83700","GO:0002693","GO:0002693","positive regulation of cellular extravasation","positive regulation of cellular extravasation",1.42227882685989,0.243129148311587,TRUE,FALSE,0.59140682080599,0.59140682080599,"shared positive"
"human_vs_mouse_KD_GO_BP","human KD vs control vs mouse KD vs control","GO_BP","GO:0015986","proton motive force-driven ATP synthesis","either",0.05,"shared positive",0.5873658779442,0.5873658779442,1.08099068927689,1.66835656722109,0.65274417562724,0.0310236669184272,"66592/68073/67942/11951/67273/66218/66114/225887/72900/67680/67130/66416/70316/75406/214917/68349/67126","4538/4508/4539/4535/4540/513/4698/4710/4537/539/4694/9556/4725/514/4711/4536/126328/4509/9551/4717/4709/4731/4726/134145/6391/84277/4704/4707/51079/9605/515/4716/521/65990/6392/4718","GO:0015986","GO:0015986","proton motive force-driven ATP synthesis","proton motive force-driven ATP synthesis",1.50830687098667,0.18525699465513,TRUE,FALSE,0.5873658779442,0.5873658779442,"shared positive"
"human_vs_mouse_KD_GO_BP","human KD vs control vs mouse KD vs control","GO_BP","GO:0000963","mitochondrial RNA processing","either",0.05,"shared positive",0.58510319705876,0.58510319705876,1.29750027899842,1.88260347605718,0.449276106792835,0.027374617858698,"71701/15108/66587/52477/70359/21379/227682/68626/76357/70047/66132/380601/72416/66971","81892/9238/60528/26995/9692/87178/84705/22868/55006/79675/55687/51654/10128/25821/57570/60493/55149/79828","GO:0000963","GO:0000963","mitochondrial RNA processing","mitochondrial RNA processing",1.56265193472779,0.347486677253728,TRUE,FALSE,0.58510319705876,0.58510319705876,"shared positive"
"human_vs_mouse_KD_GO_BP","human KD vs control vs mouse KD vs control","GO_BP","GO:0045931","positive regulation of mitotic cell cycle","either",0.05,"shared positive",0.58336516105088,0.58336516105088,1.12549663575144,1.70886179680232,0.557697680286945,0.0196371929198304,"20135/67811/108911/12567/13685/67117/11651/27053/59008/16952/74370/99375/12443/11792/18214/69957/105837/15499/12444/18795/382985/319195/54451/18514/18472/19645/11820","894/6241/9787/1956/221150/8379/332/7040/55835/26271/3280/5889/5578/6491/8558/284001/1845/80174/6790/990/220134/4824/4193/23326/994/11065/995/6886/595/991/150465","GO:0045931","GO:0045931","positive regulation of mitotic cell cycle","positive regulation of mitotic cell cycle",1.70692059325768,0.25360116192887,TRUE,FALSE,0.58336516105088,0.58336516105088,"shared positive"
"human_vs_mouse_KD_GO_BP","human KD vs control vs mouse KD vs control","GO_BP","GO:0009615","response to virus","either",0.05,"shared positive",-0.58319917328024,0.58319917328024,2.09159612845624,1.508396955176,7.41857142857143e-08,0.0130146827679046,"99899/11475/23962/54123/16859/24110/66141/15944/15959/246730/54396/100038882/67775/20128/230073/15957/58203/80285/69550/209387/229900/246728/71586/16145/26943/74747/14469/209200/667370/23960/246727/18263/76933/64685/66854/20846/26939/12048/80861/20847/142980/234311/15364/56048/80287/80876/27998/12176/226691/319236/104721/17454/213002/70428/19106/19777/78781/17858/100039796/217069/23961/56213/75788/21822/52513/56491/74568/14468/16819/94094/100689/58185/66700/78308/68713/28185/231655/17874/16765/72162/67005/14082/67160/66799/67040/434341/73945/76952/668661/11993/17472/11810/54722/12028","10410/104/2150/57506/3921/2736/80212/103/3609/1021/3428/3454/54606/23076/3315/100507436/3460/91607/5610/8815/2635/7040/85364/201292/22861/5371/1687/85363/3320/10561/4615/27297/51652/8091/5359/8061/54476/81576/4088/10346/4277/6773/3588/1191/9140/3459/22900/148022/661/7706/24138/6041/151636/1129/6210/5465/7726/84851/81844/440275/9636/4600/3964/598/9755/115004/2537/56829/84932/10155/55210/3661/91351/55601/79844/51251/27350/117854/53905/6772/340061/255520/64081/51191/3455/29108/4940/11213/5366/55509/9582/10622/7187/81559/10955/29883","GO:0009615","GO:0009615","response to virus","response to virus",1.88556641332713,7.1296797174192,TRUE,TRUE,-0.58319917328024,0.58319917328024,"shared positive"
"human_vs_mouse_KD_GO_BP","human KD vs control vs mouse KD vs control","GO_BP","GO:0099072","regulation of postsynaptic membrane neurotransmitter receptor levels","either",0.05,"shared negative",-0.581256801040112,0.581256801040112,-0.934716526178998,-1.51597332721911,0.833256313685621,0.0473087411711762,"213990/76123/227580/53310/208431/69091/56149/216963/13642/15519/22034/83814/211323/234729/108086/22627/17920/18222/20908/65114/56486/74018/104015","23154/5604/5913/2059/26985/160/3084/2319/9922/102/388336/5584/3208/3265/57468/1741/57679/8473/57477/4218/1500/25921/55914/5906/81609/22908/1740/64854/161/55737/23096/116988/23136/11337/1605/27065","GO:0099072","GO:0099072","regulation of postsynaptic membrane neurotransmitter receptor levels","regulation of postsynaptic membrane neurotransmitter receptor levels",-1.32505860785263,-0.0792213869522359,TRUE,FALSE,-0.581256801040112,0.581256801040112,"shared negative"
"human_vs_mouse_KD_GO_BP","human KD vs control vs mouse KD vs control","GO_BP","GO:0042255","ribosome assembly","either",0.05,"shared positive",0.58121126545295,0.58121126545295,1.21094938209902,1.79216064755197,0.526433382911808,0.011812181502179,"12181/22596/20085/68077/72181/100019/16785/56412/70316/234384/72831/20104/67097/74778/223722/118451/110816/94254/100503670/67025/208144/212508/54127/224481/12261/52535/66410/207704/75593/107999","4869/7520/5591/3921/29997/29960/81554/27341/29777/64745/26164/51335/8225/26284/22868/1983/51119/7284/6234/196074/51116/1964/130916/115416/92170/85865/55178/51388","GO:0042255","GO:0042255","ribosome assembly","ribosome assembly",1.92766988842647,0.278656578446733,TRUE,FALSE,0.58121126545295,0.58121126545295,"shared positive"
"human_vs_mouse_KD_GO_BP","human KD vs control vs mouse KD vs control","GO_BP","GO:0019216","regulation of lipid metabolic process","either",0.05,"shared negative",-0.58080338622825,0.58080338622825,-1.04022936369854,-1.62103274992679,0.665868513095819,0.00321115760669845,"56690/14732/68801/207952/13360/66844/18591/12894/231070/64384/22668/72736/12912/20788/19091/403187/108079/20845/12389/14077/80290/14705/18984/27403/226856/66853/13614/80907/67630/19156/102774/20778/18590/320808/100705/192663/12189/384783/100504663/107770/16367/66612/12724/13666/53975/353187/217166/11816/16007/20617/234779/19017","8897/32/6097/54578/259230/51094/64137/706/57540/255919/7376/10524/23038/9572/23352/5443/9600/51083/254013/55294/54361/5580/10162/9444/5447/219743/6720/10196/63924/155/150094/10347/23399/6342/3398/29956/9611/427/10499/5166/26137/5743/1601/6721/5562/21/4790/150/376497/225/8611/20/22933/2181/10273/9373/5165/650/5230/6615/8398/8850/64326/158219/33/7291/3638/718/5140","GO:0019216","GO:0019216","regulation of lipid metabolic process","regulation of lipid metabolic process",-2.49333837832024,-0.176611521091909,TRUE,FALSE,-0.58080338622825,0.58080338622825,"shared negative"
"human_vs_mouse_KD_GO_BP","human KD vs control vs mouse KD vs control","GO_BP","GO:0051607","defense response to virus","either",0.05,"shared positive",-0.58002761817937,0.58002761817937,2.09753743642093,1.51750981824156,7.41857142857143e-08,0.0248605866543334,"23962/54123/24110/66141/15944/15959/246730/54396/100038882/67775/20128/230073/15957/58203/80285/69550/209387/229900/246728/71586/16145/26943/74747/14469/209200/667370/23960/246727/66854/20846/26939/12048/80861/20847/142980/234311/80287/80876/27998/12176/226691/319236/104721/17454/213002/70428/19106/78781/17858/217069/23961/56213/75788/52513/56491/74568/14468/94094/100689/58185/66700/78308/68713/28185/231655/17874/72162/67005/14082/66799/67040","10410/104/2150/57506/3921/80212/103/3609/3428/54606/100507436/91607/5610/2635/85364/201292/22861/5371/85363/3320/4615/27297/51652/5359/54476/10346/4277/6773/3588/9140/22900/148022/661/7706/24138/6041/151636/5465/7726/84851/81844/440275/9636/4600/598/9755/115004/2537/56829/84932/10155/55210/3661/91351/55601/79844/51251/27350/117854/53905/6772/340061/255520/64081/51191/3455/29108/4940/5366/9582/10622/7187/81559/10955/29883","GO:0051607","GO:0051607","defense response to virus","defense response to virus",1.60448862719342,7.1296797174192,TRUE,TRUE,-0.58002761817937,0.58002761817937,"shared positive"
"human_vs_mouse_KD_GO_BP","human KD vs control vs mouse KD vs control","GO_BP","GO:0042274","ribosomal small subunit biogenesis","either",0.05,"shared positive",0.57939824047754,0.57939824047754,1.55570496132286,2.1351032018004,0.0687381987067028,4.98367121611854e-05,"70078/27207/213773/18148/20091/22596/57315/67842/225348/20085/20103/72515/72181/73674/53414/59028/67134/27966/16785/20102/66523/56321/215193/56412/68052/269470/98956/20116/102462/20104/67097/208366/74778/223722/110816/66249/94254/67674/75617/104662/66254/208144/55989/20115/76846/54127/14791/57294/78294/224481/70683/52535/230082","6228/4869/7520/5591/3921/51504/6218/85395/6230/81554/25926/27341/29777/64745/6232/6838/55720/6189/128061/6233/6201/10813/26284/26574/30836/91582/6210/88745/51077/55127/28987/65095/84946/6234/115939/90121/6205/92856/196074/79050/9790/9277/27042","GO:0042274","GO:0042274","ribosomal small subunit biogenesis","ribosomal small subunit biogenesis",4.30245061677734,1.16280185279218,TRUE,FALSE,0.57939824047754,0.57939824047754,"shared positive"
"human_vs_mouse_KD_GO_BP","human KD vs control vs mouse KD vs control","GO_BP","GO:1905037","autophagosome organization","either",0.05,"shared negative",-0.57061212740241,0.57061212740241,-1.14555373293823,-1.71616586034064,0.502397977263784,0.00881487048737927,"22034/56312/66270/76561/98732/29810/209478/19324/21968/237782/13641/19349/54170/12752/170822/18711/211978/57436/67443/68118/100504663/14466/67526/56486/117150/209131/13033","83452/162427/8897/90410/5861/79837/200576/440026/84557/140775/51375/23647/9821/65018/55626/488/55968/23673/79142/7879/79137/10043/55062/51100/8678/112574/9706/29978/8723/11337/120892/54463","GO:1905037","GO:1905037","autophagosome organization","autophagosome organization",-2.05478406419616,-0.298952117807774,TRUE,FALSE,-0.57061212740241,0.57061212740241,"shared negative"
"human_vs_mouse_KD_GO_BP","human KD vs control vs mouse KD vs control","GO_BP","GO:0042273","ribosomal large subunit biogenesis","either",0.05,"shared positive",0.56475508220346,0.56475508220346,1.39573641370532,1.96049149590878,0.295454114434182,0.00187507199205309,"234549/12181/18148/66596/57750/68077/217011/57741/72181/100019/27176/67115/67281/229937/70316/28126/72831/66489/107071/74035/94254/67674/100503670/56095/67025/212508/67920/70285/19989/69237/76130/207704/75593/64934/107999/59050/57815","6130/285855/4869/29997/6129/29960/23560/51504/81554/26164/9875/79707/51018/6838/9045/51550/11224/8886/54955/8225/26155/54680/220064/22868/51187/2971/7284/55319/9326/57696/55003/130916/10969/115416/92170/85865/55178/51388","GO:0042273","GO:0042273","ribosomal large subunit biogenesis","ribosomal large subunit biogenesis",2.72698205318897,0.529509957745173,TRUE,FALSE,0.56475508220346,0.56475508220346,"shared positive"
"human_vs_mouse_KD_GO_BP","human KD vs control vs mouse KD vs control","GO_BP","GO:0002832","negative regulation of response to biotic stimulus","either",0.05,"shared positive",-0.56258604838781,0.56258604838781,1.74379463058248,1.18120858219467,0.0139803094281883,0.409133719379302,"16859/24110/15944/246730/547253/54396/100038882/16145/23960/246727/93694/64685/19056/80861/20847/226691/22628/20085/23961/56213/22225/66294/21354/268857/26987/22631/19294/434341/76952/68278/26417","3133/5817/3428/142/196/100507436/8815/7040/140885/3106/4088/56339/4277/6773/9140/5468/54625/22900/29126/5819/401397/9636","GO:0002832","GO:0002832","negative regulation of response to biotic stimulus","negative regulation of response to biotic stimulus",0.388134725984667,1.85448321618207,FALSE,TRUE,-0.56258604838781,0.56258604838781,"shared positive"
"human_vs_mouse_KD_GO_BP","human KD vs control vs mouse KD vs control","GO_BP","GO:0007259","cell surface receptor signaling pathway via JAK-STAT","either",0.05,"shared positive",-0.56081604710753,0.56081604710753,1.70403821311582,1.14322216600829,0.0313485988028819,0.498123962138267,"547253/80285/229900/20897/20846/18764/16453/12568/20847/16923/16950/15364/14158/14600/24088/21937/20852/229615/216233/12702/16164/107566/16451/18763/110006/52023/16878/230514/13078/15976/16818/67561/56468/15975/14360/230484/16189/12703/228812/16452/54721","1545/3454/10617/55835/5879/7132/3280/7297/8091/132299/6773/3588/7428/3815/3575/54625/54741/3566/9466/958/2149/5310","GO:0007259","GO:0007259","cell surface receptor signaling pathway via JAK-STAT","cell surface receptor signaling pathway via JAK-STAT",0.302662566129259,1.50378186618179,FALSE,TRUE,-0.56081604710753,0.56081604710753,"shared positive"
"human_vs_mouse_KD_GO_BP","human KD vs control vs mouse KD vs control","GO_BP","GO:0072522","purine-containing compound biosynthetic process","either",0.05,"shared positive",-0.55530233587858,0.55530233587858,1.66992259913087,1.11462026325229,0.00371343346070912,0.484682976336734,"23962/246730/20750/12041/228026/192185/14381/11566/56520/226518/23918/12048/15452/319518/108147/19241/66592/14923/68073/11639/11674/67942/104112/11951/14104/67273/66218/107476/66294/71743/56632/64451/68614/235339/110446/269951/26395/27369/433256/108156/18597/66812/17850/212627/22333/110821/104111/66114/225887/72900/68646/20425/67680/67130/66416/70316/75406/73132/14450/23959/236900/67054/50790/109674/11717/218756/11541/230125/98496/29807/214917/68349/16189/107197/67126/13806/75894/74450/66902/231327/230103","4538/4508/4539/4535/4540/4833/513/142/4698/2987/4710/4537/539/7040/4694/9556/4725/9060/204/514/54898/4711/4536/2618/109/125061/55022/55191/93100/205/4830/126328/1716/84267/84532/1353/4509/9551/4717/7114/5465/197322/4831/4709/353/4731/4726/50808/790955/134145/6391/84277/4704/115/79717/80347/54704/4707/6901/4522/114/107/51079/27109/9605/56848/515/4716/5198/51422/56952/4967/521/161823/65990/54981/6392/6785/4718/100","GO:0072522","GO:0072522","purine-containing compound biosynthetic process","purine-containing compound biosynthetic process",0.314542233862664,2.43022435359994,FALSE,TRUE,-0.55530233587858,0.55530233587858,"shared positive"
"human_vs_mouse_KD_GO_BP","human KD vs control vs mouse KD vs control","GO_BP","GO:0019058","viral life cycle","either",0.05,"shared positive",-0.55485156532297,0.55485156532297,1.9660144757527,1.41116291042973,2.17199475906016e-05,0.0768176927521047,"23962/66141/246730/100038882/20128/20587/20568/69550/209387/229900/246728/71586/18828/19358/23960/246727/22088/18186/67778/52009/17999/22359/21974/15364/80287/80876/26362/226691/319236/213002/17254/19106/78781/17858/76681/13194/11987/217069/23961/13858/20516/233979/52513/16971/208092/56491/268373/30960/58185/66700/68713/231655","5478/10410/104/90861/57506/3921/63901/103/3609/5817/1956/3428/51495/54606/6541/4179/1514/5610/8815/682/79581/10475/1969/3304/85363/51652/8091/5818/1604/636/5359/27183/4038/10572/1948/2621/1508/3838/6510/290/8829/55223/3949/79720/7706/24138/6041/9076/5819/7037/440275/9636","GO:0019058","GO:0019058","viral life cycle","viral life cycle",1.11453874117081,4.66314122701781,FALSE,TRUE,-0.55485156532297,0.55485156532297,"shared positive"
"human_vs_mouse_KD_GO_BP","human KD vs control vs mouse KD vs control","GO_BP","GO:0048525","negative regulation of viral process","either",0.05,"shared positive",-0.55058551718313,0.55058551718313,2.48095133777196,1.93036582058883,6.03278412325056e-07,0.005222041325529,"23962/66141/246730/100038882/15957/20568/69550/246728/71586/20684/23960/246727/19288/20846/15364/80287/80876/226691/213002/19106/78781/17858/23961/56491/268373/58185/68713/231655","5478/10410/57506/63901/3609/3428/6672/5610/8815/8091/5806/5359/9830/55223/24138/6041/9636/56829/10318/27350/117854/6772/4940/9582/81559/60489/6737/200316/51574","GO:0048525","GO:0048525","negative regulation of viral process","negative regulation of viral process",2.28215969563483,6.21948221517066,TRUE,TRUE,-0.55058551718313,0.55058551718313,"shared positive"
"human_vs_mouse_KD_GO_BP","human KD vs control vs mouse KD vs control","GO_BP","GO:0050792","regulation of viral process","either",0.05,"shared positive",-0.54590054397272,0.54590054397272,2.22973838595094,1.68383784197822,6.03278412325056e-07,0.0143850779844455,"23962/66141/246730/100038882/20128/15957/20568/69550/209387/229900/246728/71586/20684/19358/23960/246727/19288/22088/20846/21974/15364/80287/80876/26362/226691/319236/213002/19106/78781/17858/76681/13194/217069/23961/18643/56491/268373/58185/16543/68713/231655","5478/10410/104/57506/63901/103/3609/3428/51495/6672/5610/8815/682/10475/85363/8091/5806/5359/27183/2040/9830/9140/3838/55223/79720/7706/24138/6041/5819/9636/56829/5886/10318/27350/117854/6772/4940/9582/7301/81559/29883","GO:0050792","GO:0050792","regulation of viral process","regulation of viral process",1.84208777936819,6.21948221517066,TRUE,TRUE,-0.54590054397272,0.54590054397272,"shared positive"
"human_vs_mouse_KD_GO_BP","human KD vs control vs mouse KD vs control","GO_BP","GO:0045071","negative regulation of viral genome replication","either",0.05,"shared positive",-0.54492744489776,0.54492744489776,2.50211109998913,1.95718365509137,6.03278412325056e-07,0.0059135737015185,"23962/66141/246730/100038882/20568/69550/246728/71586/23960/246727/15364/80287/80876/226691/213002/19106/78781/17858/23961/58185/68713/231655","10410/57506/63901/3609/3428/5610/8815/8091/5359/24138/6041/9636/56829/10318/27350/117854/4940/9582","GO:0045071","GO:0045071","negative regulation of viral genome replication","negative regulation of viral genome replication",2.22814998615944,6.21948221517066,TRUE,TRUE,-0.54492744489776,0.54492744489776,"shared positive"
"human_vs_mouse_KD_GO_BP","human KD vs control vs mouse KD vs control","GO_BP","GO:1902106","negative regulation of leukocyte differentiation","either",0.05,"shared negative",-0.53723164005082,0.53723164005082,-1.09185344741965,-1.62908508747047,0.60627495908347,0.0323079222871597,"17096/57259/83554/17242/15284/14461/22761/16768/21873/12159/217154","2302/796/5690/865/5685/5684/55365/55294/9444/3623/301/3549/3398/3659/150290/3718/5689/23240/6776/51043/149041/5686/3956/5691/3135/7107/342667","GO:1902106","GO:1902106","negative regulation of leukocyte differentiation","negative regulation of leukocyte differentiation",-1.49069097043285,-0.217330369017969,TRUE,FALSE,-0.53723164005082,0.53723164005082,"shared negative"
"human_vs_mouse_KD_GO_BP","human KD vs control vs mouse KD vs control","GO_BP","GO:0007032","endosome organization","either",0.05,"shared negative",-0.53647658581265,0.53647658581265,-1.23579917908624,-1.77227576489889,0.469852538170429,0.00943296429330105,"20844/66371/68942/114128/56440/228545/52898/56324/53331/54198/330192/170833/21968/68767/71732/66241/74018/107305/72287/104015","57132/10159/9525/23352/10564/9296/79156/65977/728113/84067/57679/84313/29887/653145/10015/7251/7879/8878/537/79643/23317/10043/535/533/51606/1759/55823/55004/523/9897","GO:0007032","GO:0007032","endosome organization","endosome organization",-2.02535180949764,-0.328038422718531,TRUE,FALSE,-0.53647658581265,0.53647658581265,"shared negative"
"human_vs_mouse_KD_GO_BP","human KD vs control vs mouse KD vs control","GO_BP","GO:0001706","endoderm formation","either",0.05,"shared positive",0.52565418488609,0.52565418488609,1.43815532907167,1.96380951395776,0.309208346508272,0.00821505640441715,"12833/17387/12832/12827/15364/12816/14268/12837/240672/13537/12814/217351/214498/26914/19252/16777/17395/12831","1294/1284/1301/3624/1291/3975/1846/3676/3912/8091/22943/1295/3914/54623/1289/57057/64321","GO:0001706","GO:0001706","endoderm formation","endoderm formation",2.08538945036124,0.509748791618,TRUE,FALSE,0.52565418488609,0.52565418488609,"shared positive"
"human_vs_mouse_KD_GO_BP","human KD vs control vs mouse KD vs control","GO_BP","GO:0002931","response to ischemia","either",0.05,"shared negative",-0.52521653371021,0.52521653371021,-1.14444443702195,-1.66966097073216,0.573389557088864,0.0475063942706107,"15275/67579/74769/319801/110891/18627/54720","815/375611/846/79625/6654/1958/5606/6376/1524/2859/3684/10525/23172/1436/5291/5027/5025/65018/8878/4780/6774/9131/1435/10273","GO:0002931","GO:0002931","response to ischemia","response to ischemia",-1.32324793122683,-0.241550220946529,TRUE,FALSE,-0.52521653371021,0.52521653371021,"shared negative"
"human_vs_mouse_KD_GO_BP","human KD vs control vs mouse KD vs control","GO_BP","GO:0043086","negative regulation of catalytic activity","either",0.05,"shared positive",0.51204073411288,0.51204073411288,1.05061783028453,1.56265856439741,0.67046565291346,0.0364545922323929,"74155/80285/66725/20720/209200/108909/21838/22088/21857/24066/108911/12380/381126/18148/14870/19777/69089/57267/57875/64144/80280/59083/76260/56327/231474/26569/13601/18214/208092/268373/54683/69660/19084/19645/18569/14433/50523/21858/14869/19164/22084/18104","5478/104/5018/7070/103/7076/23076/6879/23677/8815/9270/26271/5770/80279/9052/25824/10763/1612/57805/5365/90007/151636/7077/5569/7957/122809/9221/50859/51654/9479/152559/1849/29108/9495/10935/84619/51070/7515","GO:0043086","GO:0043086","negative regulation of catalytic activity","negative regulation of catalytic activity",1.43824775525917,0.173623465586029,TRUE,FALSE,0.51204073411288,0.51204073411288,"shared positive"
"human_vs_mouse_KD_GO_BP","human KD vs control vs mouse KD vs control","GO_BP","GO:0046889","positive regulation of lipid biosynthetic process","either",0.05,"shared negative",-0.50969500956184,0.50969500956184,-1.10267045784434,-1.61236546740618,0.596791556728232,0.0468234798167854,"170459/18747/14756/72999/26413/58994/98711/14732/68801/231070/64384/12912/20788/20845/14077/80290/18984/226856/13614/20778/192663/217166/11816/16007/19017","64137/255919/7376/10524/9572/5443/9600/54361/5580/9444/5447/6720/23399/26137/5743/1601/6721/5562/376497/225/22933/2181/9373/8398/8850","GO:0046889","GO:0046889","positive regulation of lipid biosynthetic process","positive regulation of lipid biosynthetic process",-1.3295363136409,-0.224177329791884,TRUE,FALSE,-0.50969500956184,0.50969500956184,"shared negative"
"human_vs_mouse_KD_GO_BP","human KD vs control vs mouse KD vs control","GO_BP","GO:1901990","regulation of mitotic cell cycle phase transition","either",0.05,"shared positive",0.50672182532247,0.50672182532247,1.02930032339722,1.53602214871969,0.680582913589907,0.0105277528121763,"20587/227292/56453/20135/74268/72057/66923/109019/108911/22059/12567/16600/18764/19186/235661/21423/11651/107976/59008/13194/80280/52206/67153/15902/16952/19188/76454/68251/74370/99375/12443/11792/68077/18214/69957/105837/12444/18795/68094/382985/319195/54451/19192/107047/18514/11461/19645/11820/69716/12572/52004/18763/208643/52468/15937/13555/108058/231600/14726/69274/233805/245000/225182/66214/15574/20586/238271/68142/67155","894/2273/54908/1026/5591/6241/11130/29997/9787/54443/701/1956/3624/1063/221150/23560/8379/332/91607/144455/147841/7508/57082/7040/10783/55835/55143/699/348654/26271/58493/9928/8525/5889/55755/6491/8558/80279/29980/27183/9319/55159/80174/7517/6790/8110/6118/55055/83540/990/220134/2068/51149/7272/57405/54465/79027/9275/25959/672/994/81853/51339/5310/63967/3364/3275/11065/4683/995/54984/595/6929/140901/4361/3619/991/79858","GO:1901990","GO:1901990","regulation of mitotic cell cycle phase transition","regulation of mitotic cell cycle phase transition",1.97766432068758,0.167118958306278,TRUE,FALSE,0.50672182532247,0.50672182532247,"shared positive"
"human_vs_mouse_KD_GO_BP","human KD vs control vs mouse KD vs control","GO_BP","GO:0003341","cilium movement","either",0.05,"shared negative",0.50545960426804,0.50545960426804,-1.52199175455424,-1.0165321502862,0.0381664965085761,0.630863804228499,"101100/72349/109065/233865/269701/78801/381229/70997/319953/17427/271564/114602/74895/14894/74288/102774/73721/68097/15502/68339/192195/24084/19726/26941/53883/77505/56087/71276/100048534/20322","54970/388701/7846/5414/132141/79816/255101/7419/401024/5692/122664/6870/348807/140735/90522/6865/27156/84217/83639/5687/246176/64446/480/54777/441531/5690/1770/25876/5685/79846/5684/80217/28981/27285/2622/23198/91978/200373/10566/25809/5694/5689/89765/56171/5686/146754/147700/5691","GO:0003341","GO:0003341","cilium movement","cilium movement",-0.200064389498088,-1.41831770425907,FALSE,TRUE,0.50545960426804,0.50545960426804,"shared negative"
"human_vs_mouse_KD_GO_BP","human KD vs control vs mouse KD vs control","GO_BP","GO:0016032","viral process","either",0.05,"shared positive",-0.50454297495596,0.50454297495596,1.88348174142018,1.37893876646422,5.95263526004744e-05,0.0880128392055738,"23962/66141/246730/100038882/20128/15957/20587/20568/69550/209387/229900/246728/71586/20684/18828/19358/23960/246727/19288/22088/18186/22059/20846/67778/52009/17999/22359/27979/21974/15364/80287/80876/26362/226691/319236/213002/17254/19106/78781/17858/76681/13194/11987/217069/23961/18643/13858/20516/233979/52513/16971/208092/56491/268373/30960/16865/58185/16543/66700/68713","5478/10410/23089/104/90861/57506/3921/63901/103/3609/5817/1956/3428/51495/54606/6672/6541/4179/1514/5610/8815/682/79581/10241/10475/1969/3304/85363/51652/8091/5806/5818/1604/636/5359/27183/4038/10572/1948/2040/8665/2621/9830/22879/9140/1508/3838/6510/290/8829/55223/3949/79720/7706/24138/60559/10488/6041/11253/9076/5819/7037/440275/9636/9189/56829/6480/5886/950/3725/10318/27350/117854/1949/91392/6772/3673/3688/8666/6575/1104/4940/540/9582/7301/6482/81559/256435/29883","GO:0016032","GO:0016032","viral process","viral process",1.05545396887934,4.22529072746028,FALSE,TRUE,-0.50454297495596,0.50454297495596,"shared positive"
"human_vs_mouse_KD_GO_BP","human KD vs control vs mouse KD vs control","GO_BP","GO:0016197","endosomal transport","either",0.05,"shared negative",-0.50005650313233,0.50005650313233,-1.16178549023365,-1.66184199336598,0.411971993182551,0.00120425107767486,"238276/252870/101490/216565/269523/103724/19345/545192/209773/55943/320982/242406/73689/108995/13185/13660/68449/19347/100855/78618/111173/74385/68112/260302/67804/104831/70546/68365/68299/75669/68953/216344/19344/217342/74718/19328/54673/245944/71517/72183/20614/76742/67581/170625/20844/26413/108012/54645/30930/66371/68942/268451/74374/94178/216831/329260/114128/17101/56440/226421/19346/192652/70834/101240/105835/98878/22350/53331/69091/56715/54198/56382/12492/107338/15194/216131/229227/76561/11765/271457/231876/70829/234593/170833/21968/68767/19349/56418/27008/77975/18711/71732/14725/20661/100504663/67300/170749/56433/67166/65114/74018/209131/13033/231834/28006","150368/51019/23412/9784/23527/23484/11021/5604/29062/128866/27243/80230/5869/644150/63893/23041/51552/200576/9372/57132/9525/382/83874/254122/65977/51375/55610/51479/29934/728113/84067/150684/57020/57679/84313/123745/4218/6293/2013/25938/6811/23074/65009/9043/157680/653145/400/25930/7251/10890/23673/7879/55614/8878/51699/81609/55207/6643/537/84661/79643/201475/23317/10043/27236/10938/51429/124997/28952/54497/55737/27352/1601/8678/112574/84162/6714/9110/55823/8723/55004/7415/1213/1130/9367/7813/23258/26088/5595/64129/120892/27065/9897","GO:0016197","GO:0016197","endosomal transport","endosomal transport",-2.91928295636662,-0.385132307315666,TRUE,FALSE,-0.50005650313233,0.50005650313233,"shared negative"
"human_vs_mouse_KD_GO_BP","human KD vs control vs mouse KD vs control","GO_BP","GO:0007033","vacuole organization","either",0.05,"shared negative",-0.49484033369935,0.49484033369935,-1.24401294633266,-1.73885328003201,0.249058928518049,0.000702770432381753,"15212/17101/56438/226421/226407/228545/108664/208795/233724/103199/77573/20333/19063/64143/216742/18704/93739/76559/73658/26889/22034/56312/66270/76561/98732/29810/209478/432486/72739/19324/170833/11984/21968/237782/69668/13641/217310/19332/19349/54170/12752/170822/18711/211978/57436/71732/67443/16784/68118/100504663/14466/67526/66241/67166/21425/65114/56486/16783/15211/117150/209131/13033/70495","2629/128866/27243/83452/162427/8897/157807/90410/5532/5861/79837/51552/200576/54664/96459/57132/440026/4882/10159/84557/9525/9296/140775/51375/9066/23647/9821/9725/65018/57192/55626/84067/23557/488/114883/55968/23673/79142/7879/79137/55207/537/79643/10043/55062/55737/535/2548/51100/8678/1386/112574/533/51606/9706/29978/4647/55823/8723/55004/1130/11337/120892/54463/523/10312","GO:0007033","GO:0007033","vacuole organization","vacuole organization",-3.15318651883806,-0.60369788462176,TRUE,FALSE,-0.49484033369935,0.49484033369935,"shared negative"
"human_vs_mouse_KD_GO_BP","human KD vs control vs mouse KD vs control","GO_BP","GO:0097696","cell surface receptor signaling pathway via STAT","either",0.05,"shared positive",-0.49473353548369,0.49473353548369,1.73367920858201,1.23894567309832,0.0176764182501999,0.32462666304643,"547253/80285/229900/20897/12931/20846/18764/16453/12568/20847/16923/16950/15364/14158/14600/24088/21937/20852/229615/216233/12702/16164/27419/107566/16451/18763/110006/52023/16878/230514/14586/13078/15976/16818/67561/56468/15975/14360/230484/16189/12703/20304/228812/16452/54721/16193/21803/18099","1545/3454/10617/7040/55835/3976/5879/7132/3280/7297/8091/132299/6773/3588/7428/3815/3575/5468/54625/54741/3566/9466/958/2149/5310","GO:0097696","GO:0097696","cell surface receptor signaling pathway via STAT","cell surface receptor signaling pathway via STAT",0.488615812487669,1.75260573093839,FALSE,TRUE,-0.49473353548369,0.49473353548369,"shared positive"
"human_vs_mouse_KD_GO_BP","human KD vs control vs mouse KD vs control","GO_BP","GO:0071383","cellular response to steroid hormone stimulus","either",0.05,"shared negative",-0.478785711407389,0.478785711407389,-0.996216442896971,-1.47500215430436,0.735744801429879,0.0400038858720065,"56458/12952/20845/269997/18479/234594/13614/224903/22629/19014/22196/22215/22378/17977/12953/18145/15502/69726/224829/16969/71732/12189/54608/12317/12159/12753/70790/170826/76804/18626","54578/3065/23558/8013/7110/10002/476/6258/687/2950/149563/9572/8085/6663/8284/29966/7533/5187/5058/301/3169/2931/10521/9611/55818/23019/1601/6934/678/2099/498/6714/54206/9131/8611/6872/3717/10424/2033/51366/8626/55823/57658/9063/4734/5176","GO:0071383","GO:0071383","cellular response to steroid hormone stimulus","cellular response to steroid hormone stimulus",-1.39789782040199,-0.133272797822702,TRUE,FALSE,-0.478785711407389,0.478785711407389,"shared negative"
"human_vs_mouse_KD_GO_BP","human KD vs control vs mouse KD vs control","GO_BP","GO:0002098","tRNA wobble uridine modification","either",0.05,"shared positive",0.47696308440513,0.47696308440513,1.34462860248404,1.82159168688917,0.475866637823806,0.0384705204738246,"74195/66965/105638/69372/70359/54351/67674/246221/77766/230233","51504/54859/84705/27304/55687/57604/25821/285381/8518/348180/55140","GO:0002098","GO:0002098","tRNA wobble uridine modification","tRNA wobble uridine modification",1.41487193801393,0.32251474175916,TRUE,FALSE,0.47696308440513,0.47696308440513,"shared positive"
"human_vs_mouse_KD_GO_BP","human KD vs control vs mouse KD vs control","GO_BP","GO:0033962","P-body assembly","either",0.05,"shared negative",-0.47615103443654,0.47615103443654,-1.54960961911855,-2.02576065355509,0.230089236558964,0.0255729684839896,"72587/13424/13209/225929/233833/234594/67678/20239/12457/103135","27327/23019/6311/56478/149041/1656/246175/57472/27161","GO:0033962","GO:0033962","P-body assembly","P-body assembly",-1.59221885658887,-0.63810369690016,TRUE,FALSE,-0.47615103443654,0.47615103443654,"shared negative"
"human_vs_mouse_KD_GO_BP","human KD vs control vs mouse KD vs control","GO_BP","GO:0000959","mitochondrial RNA metabolic process","either",0.05,"shared positive",0.47376695538689,0.47376695538689,1.20431155399319,1.67807850938008,0.506305924913888,0.0350643769131239,"353172/104444/71701/15108/66587/52477/72181/56282/60315/70359/21379/227682/68626/68550/76357/70556/70047/71984/70560/224481/76719/226539/12261/66410/66132/380601/216151/72416/66971","81892/5442/9238/7019/55157/60528/26995/9692/87178/84705/64216/22868/55006/79675/6182/55687/51654/10128/25821/57570/57505/51250/64863/60493/84148/7978/201626/55149/79828","GO:0000959","GO:0000959","mitochondrial RNA metabolic process","mitochondrial RNA metabolic process",1.45513387402162,0.295586990364786,TRUE,FALSE,0.47376695538689,0.47376695538689,"shared positive"
"human_vs_mouse_KD_GO_BP","human KD vs control vs mouse KD vs control","GO_BP","GO:0071219","cellular response to molecule of bacterial origin","either",0.05,"shared positive",-0.46738580356053,0.46738580356053,1.63173725816159,1.16435145460106,0.0154324195513777,0.420636723939503,"55932/15944/20539/54396/20128/70310/209387/214855/22169/16145/18828/14469/12567/20846/70097/12257/26362/319236/20312/11651/14870/11898/24088/21937/22352/108155/238871/231086/18578/266632/14468/16819/100689/117149/16179/17874/18569/21898/18754/26417/54196/12369/17975/223601/57783/26419/60533/11350/12608","5054/7474/3654/196/567/2635/140885/7132/85363/4615/5578/1604/79155/4088/840/1948/8140/22900/148022/958/7099/8754/54623/29126/5336/80380/23328/10892/5781/10318/27063/23643/2048/29108/11213/11093/19/7292","GO:0071219","GO:0071219","cellular response to molecule of bacterial origin","cellular response to molecule of bacterial origin",0.376092813656257,1.81156597831574,FALSE,TRUE,-0.46738580356053,0.46738580356053,"shared positive"
"human_vs_mouse_KD_GO_BP","human KD vs control vs mouse KD vs control","GO_BP","GO:0007254","JNK cascade","either",0.05,"shared negative",0.46112306722987,0.46112306722987,-1.60589394671192,-1.14477087948205,0.020072723793574,0.400713213213213,"332579/52065/22030/70834/72349/52521/22026/14219/26564/14013/26403/98432/269881/81877/13614/17283/12928/11596/22034/59036/211323/59009/26412/15502/15258/68339/381921/19246/26390/65020/330177/30957/16476/63953/18816/19099/18626/26401/17873/23882","51347/2950/64127/84557/10771/10595/26191/3265/4221/9618/4294/9448/65018/5187/10114/8841/23239/6416/9611/2185/9770/11342/11184/8491/7786/10987/1398/8678/4790/1386/8324/10912/2081/389840/11221/90441/120892","GO:0007254","GO:0007254","JNK cascade","JNK cascade",-0.397166336801202,-1.6973936913762,FALSE,TRUE,0.46112306722987,0.46112306722987,"shared negative"
"human_vs_mouse_KD_GO_BP","human KD vs control vs mouse KD vs control","GO_BP","GO:0032479","regulation of type I interferon production","either",0.05,"shared positive",-0.46094174194452,0.46094174194452,1.77279473470746,1.31185299276294,0.0101590355815088,0.22774016153256,"54123/15944/246730/54396/100038882/230073/327959/229900/246728/71586/16145/23960/246727/64685/20846/66412/80861/142980/217365/70428/78781/24088/23961/52513/268857/28185/117149/16179/17874/72162/14433","57506/3654/54606/8815/85364/140885/201292/3320/4615/54906/54476/9140/3838/148022/661/23326/7099/81844/9636/5336/115004/56829/84932/10155/3661/54737/5781/6772/340061/51535/64081/29108/4940/10622/7187/55666/8767/6737","GO:0032479","GO:0032479","regulation of type I interferon production","regulation of type I interferon production",0.64256037564766,1.99314751857859,FALSE,TRUE,-0.46094174194452,0.46094174194452,"shared positive"
"human_vs_mouse_KD_GO_BP","human KD vs control vs mouse KD vs control","GO_BP","GO:0032606","type I interferon production","either",0.05,"shared positive",-0.46094174194452,0.46094174194452,1.77279473470746,1.31185299276294,0.0101590355815088,0.22774016153256,"54123/15944/246730/54396/100038882/230073/327959/229900/246728/71586/16145/23960/246727/64685/20846/66412/80861/142980/217365/70428/78781/24088/23961/52513/268857/28185/117149/16179/17874/72162/14433","57506/3654/54606/8815/85364/140885/201292/3320/4615/54906/54476/9140/3838/148022/661/23326/7099/81844/9636/5336/115004/56829/84932/10155/3661/54737/5781/6772/340061/51535/64081/29108/4940/10622/7187/55666/8767/6737","GO:0032606","GO:0032606","type I interferon production","type I interferon production",0.64256037564766,1.99314751857859,FALSE,TRUE,-0.46094174194452,0.46094174194452,"shared positive"
"human_vs_mouse_KD_GO_BP","human KD vs control vs mouse KD vs control","GO_BP","GO:0006754","ATP biosynthetic process","either",0.05,"shared positive",0.4598082067392,0.4598082067392,1.25894040454358,1.71874861128278,0.410197673729734,0.0139379762735644,"12048/19241/66592/68073/11674/67942/11951/67273/66218/66294/56632/68614/26395/66114/225887/72900/67680/67130/66416/70316/75406/98496/214917/68349/16189/107197/67126/13806","4538/4508/4539/4535/4540/513/142/4698/4710/4537/539/7040/4694/9556/4725/514/4711/4536/55022/126328/1353/4509/9551/4717/7114/5465/4709/4731/4726/790955/134145/6391/84277/4704/4707/6901/51079/27109/9605/56848/515/4716/51422/521/65990/6392/4718","GO:0006754","GO:0006754","ATP biosynthetic process","ATP biosynthetic process",1.85580027910934,0.38700680688624,TRUE,FALSE,0.4598082067392,0.4598082067392,"shared positive"
"human_vs_mouse_KD_GO_BP","human KD vs control vs mouse KD vs control","GO_BP","GO:0071346","cellular response to type II interferon","either",0.05,"shared positive",-0.45901995413737,0.45901995413737,1.93719224699712,1.47817229285975,0.00109736664179797,0.138611230710293,"55932/15944/547253/54396/236573/80285/229900/109168/16423/16145/14469/22793/22059/20846/17250/11898/24088/22352/107508/12332/14026/14468/52055/53330/16451/14433/21898/434341/17472/20913/104252/17913/74117/16558/12540/227753/11465/22121","7474/6672/3460/2635/140885/7297/23521/65010/1906/5468/54625/1612/3459/7099/9076","GO:0071346","GO:0071346","cellular response to type II interferon","cellular response to type II interferon",0.8582015804175,2.95964824580138,FALSE,TRUE,-0.45901995413737,0.45901995413737,"shared positive"
"human_vs_mouse_KD_GO_BP","human KD vs control vs mouse KD vs control","GO_BP","GO:1901987","regulation of cell cycle phase transition","either",0.05,"shared positive",0.4564689485333,0.4564689485333,1.08242626538304,1.53889521391634,0.580466960559757,0.00386181513948376,"14451/20587/80285/227292/56453/20135/209200/74268/72057/18555/66923/109019/108911/22059/12567/234854/16600/18764/50784/19186/12568/15270/235661/21423/18148/11651/107976/59008/13194/80280/18647/52206/67153/15902/16952/19188/28114/76454/68251/74370/99375/12443/11792/68077/18214/69957/105837/12444/18795/68094/12696/382985/319195/54451/19192/107047/18514/11461/19645/11820/69716/12572/52004/21853/18763/208643/52468/15937/13555/108058/231600/14726/69274/237459/69109/233805/245000/225182/66214/15574/20586/238271/68142/20913/18004/67155/50883/625530","894/2273/54908/4869/1026/493/5591/6241/11130/29997/9787/54443/701/1956/3624/9656/1063/221150/23560/8379/332/91607/144455/147841/7508/57082/7040/10783/55835/55143/699/348654/79968/26271/58493/9928/8525/5889/197342/92002/55755/6491/8558/80279/29980/27183/81610/9319/83695/55159/81620/4330/80174/7517/6790/8110/2735/6118/55055/83540/990/7158/220134/2068/2177/51149/7272/57405/57805/54465/9894/79027/9275/1763/25959/672/994/81853/151636/51339/54623/5310/7114/63967/3364/5984/3275/11065/4683/440275/5336/80185/995/54984/84444/595/5982/6929/140901/4361/83990/3619/991/79858/8914/146956/9735/6909/641/605/51499/79184/9510/4998/1112/80254/5932/84142/90381/6419/9088/51776/29117/84126/1062/4085/57099/2074/11073/9212/84936","GO:1901987","GO:1901987","regulation of cell cycle phase transition","regulation of cell cycle phase transition",2.41320851922147,0.236222494710823,TRUE,FALSE,0.4564689485333,0.4564689485333,"shared positive"
"human_vs_mouse_KD_GO_BP","human KD vs control vs mouse KD vs control","GO_BP","GO:0035987","endodermal cell differentiation","either",0.05,"shared positive",0.44360098117471,0.44360098117471,1.43477132987617,1.87837231105088,0.329332671155647,0.011812181502179,"12833/17387/12832/12827/15364/12816/14268/12837","1294/1284/1301/3624/1291/3676/3912/8091/22943/1295/3914/54623/1289/64321","GO:0035987","GO:0035987","endodermal cell differentiation","endodermal cell differentiation",1.92766988842647,0.482365183351885,TRUE,FALSE,0.44360098117471,0.44360098117471,"shared positive"
"human_vs_mouse_KD_GO_BP","human KD vs control vs mouse KD vs control","GO_BP","GO:0044092","negative regulation of molecular function","either",0.05,"shared positive",0.42335221486563,0.42335221486563,1.12453003006794,1.54788224493357,0.55262004951756,0.0350643769131239,"74155/80285/66725/20720/26903/209200/56089/108909/21838/22088/21857/24066/108911/18764/12380/15364/381126/18148/100503659/26385/14870/19777/69089/57267/57875/79560/64144/80280/319757/59083/15902/76260/56327/231474/26569/13601/18214/208092/268373/54683/69660","5478/104/5018/7070/103/7076/1663/3428/23076/6879/23677/8815/25927/9270/26271/2801/5770/8091/5792/80279/9052/25824/10763/6790/51176/1612/57805/5365/57120/90007/151636/7077/6664/5569/3589/7957/122809/9221/3725/50859/8904/51654/9479/152559/1849/29108/9495/80011/10935/84619/51070/7515","GO:0044092","GO:0044092","negative regulation of molecular function","negative regulation of molecular function",1.45513387402162,0.25757336256666,TRUE,FALSE,0.42335221486563,0.42335221486563,"shared positive"
"human_vs_mouse_KD_GO_BP","human KD vs control vs mouse KD vs control","GO_BP","GO:0071222","cellular response to lipopolysaccharide","either",0.05,"shared positive",-0.42250475599927,0.42250475599927,1.61102209648668,1.18851734048741,0.0227692354778655,0.392732431252728,"55932/15944/20539/54396/20128/70310/209387/214855/22169/16145/18828/14469/12567/20846/70097/12257/26362/319236/20312/11651/14870/11898/21937/22352/108155/238871/231086/18578/266632/14468/16819/100689/16179/17874/18569/21898/18754/26417/54196/12369/17975/57783/26419/60533/11350/12608/11303/26400","5054/7474/3654/567/2635/140885/7132/85363/4615/5578/1604/79155/4088/840/1948/8140/22900/148022/958/7099/8754/54623/29126/5336/80380/23328/10892/5781/10318/27063/23643/2048/29108/11213/11093/19/7292","GO:0071222","GO:0071222","cellular response to lipopolysaccharide","cellular response to lipopolysaccharide",0.405903233864449,1.64265155143661,FALSE,TRUE,-0.42250475599927,0.42250475599927,"shared positive"
"human_vs_mouse_KD_GO_BP","human KD vs control vs mouse KD vs control","GO_BP","GO:0098586","cellular response to virus","either",0.05,"shared positive",-0.41474785141211,0.41474785141211,1.93307648545178,1.51832863403967,0.0133603204157991,0.136081112350197,"99899/16859/15944/54396/71586/16145/142980/56048/78781","2736/103/3454/23076/3460/7040/1687/3320/4088/3588/3459/3964/2537/3661/117854/3455","GO:0098586","GO:0098586","cellular response to virus","cellular response to virus",0.866202149383891,1.87418312620592,FALSE,TRUE,-0.41474785141211,0.41474785141211,"shared positive"
"human_vs_mouse_KD_GO_BP","human KD vs control vs mouse KD vs control","GO_BP","GO:0071360","cellular response to exogenous dsRNA","either",0.05,"shared positive",-0.40310187594059,0.40310187594059,2.02790625893259,1.624804382992,0.0105521340812905,0.127739973673824,"246730/230073/71586/23960/246727/142980/78781/23961","57506/85364/115004/3661/340061/4940","GO:0071360","GO:0071360","cellular response to exogenous dsRNA","cellular response to exogenous dsRNA",0.893673177682607,1.97665969903915,FALSE,TRUE,-0.40310187594059,0.40310187594059,"shared positive"
"human_vs_mouse_KD_GO_BP","human KD vs control vs mouse KD vs control","GO_BP","GO:0007040","lysosome organization","either",0.05,"shared negative",-0.3990699925518,0.3990699925518,-1.2633364454493,-1.6624064380011,0.397746315423001,0.026874775519908,"66371/68942/16889/94178/114128/15212/17101/56438/226421/228545/108664/208795/77573/19063/216742/73658/26889/432486/72739/170833/11984/69668/19332/19349/54170/12752/18711/211978/16784/14466/66241/67166/21425/65114/16783/15211/70495","8720/26175/411/3916/2629/128866/27243/157807/5532/51552/200576/54664/96459/57132/10159/9296/9066/9725/57192/84067/23557/114883/7879/55207/537/79643/55737/535/2548/8678/533/51606/4647/55004/1130/120892/523/10312","GO:0007040","GO:0007040","lysosome organization","lysosome organization",-1.57065515464368,-0.400393834808648,TRUE,FALSE,-0.3990699925518,0.3990699925518,"shared negative"
"human_vs_mouse_KD_GO_BP","human KD vs control vs mouse KD vs control","GO_BP","GO:0080171","lytic vacuole organization","either",0.05,"shared negative",-0.3990699925518,0.3990699925518,-1.2633364454493,-1.6624064380011,0.397746315423001,0.026874775519908,"66371/68942/16889/94178/114128/15212/17101/56438/226421/228545/108664/208795/77573/19063/216742/73658/26889/432486/72739/170833/11984/69668/19332/19349/54170/12752/18711/211978/16784/14466/66241/67166/21425/65114/16783/15211/70495","8720/26175/411/3916/2629/128866/27243/157807/5532/51552/200576/54664/96459/57132/10159/9296/9066/9725/57192/84067/23557/114883/7879/55207/537/79643/55737/535/2548/8678/533/51606/4647/55004/1130/120892/523/10312","GO:0080171","GO:0080171","lytic vacuole organization","lytic vacuole organization",-1.57065515464368,-0.400393834808648,TRUE,FALSE,-0.3990699925518,0.3990699925518,"shared negative"
"human_vs_mouse_KD_GO_BP","human KD vs control vs mouse KD vs control","GO_BP","GO:0009145","purine nucleoside triphosphate biosynthetic process","either",0.05,"shared positive",0.39420449760221,0.39420449760221,1.34582167976152,1.74002617736373,0.285782129623213,0.0125420773934561,"56520/23918/12048/19241/66592/68073/11674/67942/11951/67273/66218/66294/56632/68614/26395/66114/225887/72900/67680/67130/66416/70316/75406/98496/214917/68349/16189/107197/67126/13806/21803/68194/11534/20848/54369/66377/66091/23917/17991/28080/17995/50799/66826/11949","4538/4508/4539/4535/4540/4833/513/142/4698/4710/4537/539/7040/4694/9556/4725/514/4711/4536/55022/4830/126328/1353/4509/9551/4717/7114/5465/4831/4709/4731/4726/790955/134145/6391/84277/4704/4707/6901/51079/27109/9605/56848/515/4716/51422/521/65990/6392","GO:0009145","GO:0009145","purine nucleoside triphosphate biosynthetic process","purine nucleoside triphosphate biosynthetic process",1.90163052364939,0.54396493176855,TRUE,FALSE,0.39420449760221,0.39420449760221,"shared positive"
"human_vs_mouse_KD_GO_BP","human KD vs control vs mouse KD vs control","GO_BP","GO:0002753","cytoplasmic pattern recognition receptor signaling pathway","either",0.05,"shared positive",-0.39311571738004,0.39311571738004,1.62537709760732,1.23226138022728,0.0154324195513777,0.320265686994857,"54123/15944/246730/54396/20128/108089/230073/71586/69146/16145/14469/23960/246727/80861/142980/234311/20509/12363/226691/217365/11651/19106/217718/78781/56174/76438/108155/217069/23961/225913/69035/68585/224897/68077/52513/268857/58185/231655/117149/79554/17874/319277/226791/21898/432940/50523/68278/81601/107607/20779/216877/66220/26419/70796/625530","2150/57506/5591/29997/1956/3654/3428/142/5610/8815/23180/85364/201292/22861/3304/4615/80772/79155/81926/5587/7105/55765/9424/22900/148022/7706/7099/10392","GO:0002753","GO:0002753","cytoplasmic pattern recognition receptor signaling pathway","cytoplasmic pattern recognition receptor signaling pathway",0.494489588801223,1.81156597831574,FALSE,TRUE,-0.39311571738004,0.39311571738004,"shared positive"
"human_vs_mouse_KD_GO_BP","human KD vs control vs mouse KD vs control","GO_BP","GO:0009206","purine ribonucleoside triphosphate biosynthetic process","either",0.05,"shared positive",0.38522604686804,0.38522604686804,1.35480013049569,1.74002617736373,0.274647976712306,0.0125420773934561,"56520/23918/12048/19241/66592/68073/11674/67942/11951/67273/66218/66294/56632/68614/26395/66114/225887/72900/67680/67130/66416/70316/75406/98496/214917/68349/16189/107197/67126/13806/21803/68194/20848/54369/66377/66091/23917/17991/28080/17995/50799/66826/11949","4538/4508/4539/4535/4540/4833/513/142/4698/4710/4537/539/7040/4694/9556/4725/514/4711/4536/55022/4830/126328/1353/4509/9551/4717/7114/5465/4831/4709/4731/4726/790955/134145/6391/84277/4704/4707/6901/51079/27109/9605/56848/515/4716/51422/521/65990/6392","GO:0009206","GO:0009206","purine ribonucleoside triphosphate biosynthetic process","purine ribonucleoside triphosphate biosynthetic process",1.90163052364939,0.561223596008788,TRUE,FALSE,0.38522604686804,0.38522604686804,"shared positive"
"human_vs_mouse_KD_GO_BP","human KD vs control vs mouse KD vs control","GO_BP","GO:0008286","insulin receptor signaling pathway","either",0.05,"shared negative",-0.37322144561914,0.37322144561914,-1.20755847627792,-1.58077992189706,0.375260145681582,0.0469140225301408,"83431/12390/56458/19271/66144/320706/18479/83946/213053/18607/16332/11984/19246/114143/11789/384783/18710/16367/11964/117150/192157/66335/13033/73834/11972","3265/5580/8473/5058/645/6198/2931/9820/81565/324/1176/5791/5166/4303/23371/5562/9978/80318/2308/3645/5295/143686/51043/10458/5290/3416/5595/5140","GO:0008286","GO:0008286","insulin receptor signaling pathway","insulin receptor signaling pathway",-1.32869732791946,-0.425667557168738,TRUE,FALSE,-0.37322144561914,0.37322144561914,"shared negative"
"human_vs_mouse_KD_GO_BP","human KD vs control vs mouse KD vs control","GO_BP","GO:0016482","cytosolic transport","either",0.05,"shared negative",-0.36224159155754,0.36224159155754,-1.22617789390259,-1.58841948546013,0.396283648434668,0.0409658774901047,"56440/226421/19346/77097/70834/16561/16572/69091/54198/56382/16573/107338/216131/11765/68767/19349/12752/56418/18711/20661/67300/56433/67166/65114/16783/231834/28006","1066/80230/7805/644150/160/63893/23033/23041/51552/200576/80128/83874/254122/65977/9066/51479/29934/6293/164/25938/6811/23074/55435/9043/400/7879/55614/51699/55207/6643/27236/55062/54497/55737/10749/23095/1213/9367/7813/23258/26088/120892","GO:0016482","GO:0016482","cytosolic transport","cytosolic transport",-1.38757773810646,-0.40199384727495,TRUE,FALSE,-0.36224159155754,0.36224159155754,"shared negative"
"human_vs_mouse_KD_GO_BP","human KD vs control vs mouse KD vs control","GO_BP","GO:1901836","regulation of transcription of nucleolar large rRNA by RNA polymerase I","either",0.05,"shared positive",0.35377081284191,0.35377081284191,1.54021468921753,1.89398550205944,0.323346181709328,0.0277956031768307,"20587/68077/103136/17975/20586/68845/216443/56717/26914/320209","29997/1663/25926/55506/1387","GO:1901836","GO:1901836","regulation of transcription of nucleolar large rRNA by RNA polymerase I","regulation of transcription of nucleolar large rRNA by RNA polymerase I",1.55602389714163,0.490332263129916,TRUE,FALSE,0.35377081284191,0.35377081284191,"shared positive"
"human_vs_mouse_KD_GO_BP","human KD vs control vs mouse KD vs control","GO_BP","GO:0072659","protein localization to plasma membrane","either",0.05,"shared negative",-0.34873486493031,0.34873486493031,-1.0593419032833,-1.40807676821361,0.609531570686949,0.0358627956082305,"98878/18483/22350/53331/16573/18720/19122/12492/106572/67943/22349/11596/18607/66629/217124/229593/74105/71648/80291/84652/17096/68767/22027/19349/12752/69847/56224/26941/213056/67300/67451/18222/11931/16456/20908/65114/54214/16776/72287/217154/56217","65266/288/2319/65125/382/3958/818/23499/5584/79156/7871/483/4218/81693/2013/115548/8546/25921/353116/4323/10890/5906/7879/8878/7184/6342/10268/4035/537/817/10938/6810/55737/1601/1020/23167/5562/6281/6812/5295/4644/55667/2181/23136/1213/5593/8673/129303/9528/4040/26088/5525/342667/64083/57731/784/27065","GO:0072659","GO:0072659","protein localization to plasma membrane","protein localization to plasma membrane",-1.44535585894827,-0.215003795180881,TRUE,FALSE,-0.34873486493031,0.34873486493031,"shared negative"
"human_vs_mouse_KD_GO_BP","human KD vs control vs mouse KD vs control","GO_BP","GO:0060142","regulation of syncytium formation by plasma membrane fusion","either",0.05,"shared positive",-0.34021971556363,0.34021971556363,2.06937179271189,1.72915207714826,0.00109736664179797,0.0341107980866521,"52163/20846/19946/26961/54217/20315/67945/268449/319195/76808/19896/270106/27176/56040/67115/269261/67281/19981/67891/11837/68436/12508/19944/20586/66489/259300/19982/22121/19943/19951/16189/100503670/67025/66480/19942/20307/19988/114641/193385/12633/20005/110954/19989/11502/18022","6130/6128/6159/6129/6171/6133/6136/6144/23521/6124/9045/11224/6158/6170/8754/6173","GO:0060142","GO:0060142","regulation of syncytium formation by plasma membrane fusion","regulation of syncytium formation by plasma membrane fusion",1.46710811933273,2.95964824580138,TRUE,TRUE,-0.34021971556363,0.34021971556363,"shared positive"
"human_vs_mouse_KD_GO_BP","human KD vs control vs mouse KD vs control","GO_BP","GO:0009201","ribonucleoside triphosphate biosynthetic process","either",0.05,"shared positive",0.33779978967805,0.33779978967805,1.39606115972469,1.73386094940274,0.262114664614421,0.0134329683766216,"56520/23918/12048/19241/66592/68073/11674/67942/55936/11951/67273/66218/66294/56632/69719/68614/26395/66114/225887/72900/67680/67130/66416/70316/75406/80914/98496/214917/68349/16189/107197/67126/13806/21803/68194/51797/20848/54369/66377/66091/23917/17991/28080/17995/50799/66826/11949","4538/4508/4539/4535/4540/4833/513/142/4698/4710/4537/539/7040/4694/9556/4725/514/4711/4536/55022/4830/126328/1353/4509/9551/4717/7114/5465/4831/4709/4731/4726/790955/54963/134145/6391/84277/83549/4704/4707/6901/51079/27109/9605/56848/515/4716/51422/521/65990/6392","GO:0009201","GO:0009201","ribonucleoside triphosphate biosynthetic process","ribonucleoside triphosphate biosynthetic process",1.87182800764846,0.581508680759003,TRUE,FALSE,0.33779978967805,0.33779978967805,"shared positive"
"human_vs_mouse_KD_GO_BP","human KD vs control vs mouse KD vs control","GO_BP","GO:0006399","tRNA metabolic process","either",0.05,"shared positive",0.33287776289409,0.33287776289409,1.50637377007185,1.83925153296594,0.0559419806966024,0.000253348836384272,"381314/353172/22375/74195/107045/23874/17299/110960/70153/22321/104721/11651/328162/70223/67106/68915/226414/107508/66965/15108/28114/15115/74467/27267/52477/72181/20226/209584/68260/105638/69372/66044/66628/28088/72133/66192/105148/212528/68045/98956/70359/216443/208366/104458/67724/13434/107271/240174/83669/54351/71916/85305/68857/227682/68626/67674/109093/97541/76357/70047/69786/72167/71941/68730/71984/433813/381802/328092/102436/244141/67939/70560/329504/76265/224907/20556/98404/100929/73681/246221/77766/67053/230233/226539/78697/66132/227835/211006/11727/381406/74097/66971/68215/66078/114615/52231/52686/67667/66926/74753/107328/66369/108943/106248/67789/69961/276950/66246","6050/51504/112495/54913/54733/79587/92675/55157/23405/54859/127253/115708/81890/339175/55278/60528/23536/11102/6894/26995/10775/9328/9692/79691/64118/661/146712/10785/7453/84705/84267/80746/80745/283459/116461/55006/24140/51531/83707/2975/55623/54901/56986/23395/57176/27304/79979/55687/57604/51654/25821/285381/57038/142940/57570/112487/55253/57505/8518/55644/2972/348180/441250/11180/55152/4234/55140/112858/339487/5859/55226/4141/283742/79731/5441/80755/10799/55699/138716/79828/8846/84520/63892/54974/11062/113179/221078/283989/10248/9836/55621/8565/91801/84881/10556/51605/10557/26024/56931/6741/285605/7407/124454/23438/10056","GO:0006399","GO:0006399","tRNA metabolic process","tRNA metabolic process",3.59628108605675,1.25226216094668,TRUE,FALSE,0.33287776289409,0.33287776289409,"shared positive"
"human_vs_mouse_KD_GO_BP","human KD vs control vs mouse KD vs control","GO_BP","GO:0006120","mitochondrial electron transport, NADH to ubiquinone","either",0.05,"shared positive",0.32089982238383,0.32089982238383,1.46573166241152,1.78663148479535,0.313057632023149,0.0361167043812332,"67914/68943/67273/66218/225887/72900/66416/75406/68349/57320","4538/4539/4535/4540/4698/4710/4537/4694/4725/4711/4536/126328/4717/4709/4731/4726","GO:0006120","GO:0006120","mitochondrial electron transport, NADH to ubiquinone","mitochondrial electron transport, NADH to ubiquinone",1.44229188555521,0.504375704096924,TRUE,FALSE,0.32089982238383,0.32089982238383,"shared positive"
"human_vs_mouse_KD_GO_BP","human KD vs control vs mouse KD vs control","GO_BP","GO:0009165","nucleotide biosynthetic process","either",0.05,"shared positive",-0.31661015885599,0.31661015885599,1.83766499382787,1.52105483497188,0.000196556364217019,0.0363302789086552,"23962/246730/192185/22169/20135/353172/14381/11566/56520/226518/320685/23918/12048/15452/229949/108147/19241/66592/14923/68073/11639/11674/67942/55936/11951/67273/66218/66294/56632/69719/68614/66588/269951/382985/26395/27369/108156/22271/212627/104111/66114/22171/225887/72900/68646/20425/67680/67130/66416/70316/75406/14450/319945/80914/68556/67054/109674/11717/218756/11541/230125/98496/214917/85305/68349/16189/107197/67126/13806/231327/230103/21803/331487/237823/13618/68194/11534/51797/20848/54369/239790/11821/66377/23972/66091/56749/23917/17991/11486/28080/66355/23971/21877/105446/17995/110074/50799/66826/11949/18162","4538/4508/4539/4535/4540/6241/1854/7378/4833/513/1635/142/4698/2987/4710/4537/539/7040/4694/9556/4725/9060/204/514/4711/4536/2618/109/125061/55022/55191/1841/93100/205/4830/126328/7083/1716/1353/4509/9551/4717/7114/5465/4831/4709/353/4731/4726/50808/790955/7298/54963/134145/6391/84277/83549/4704/115/4707/6901/4522/114/107/51079/27109/9605/56848/515/4716/5198","GO:0009165","GO:0009165","nucleotide biosynthetic process","nucleotide biosynthetic process",1.43973126803255,3.70651288977528,TRUE,TRUE,-0.31661015885599,0.31661015885599,"shared positive"
"human_vs_mouse_KD_GO_BP","human KD vs control vs mouse KD vs control","GO_BP","GO:0016050","vesicle organization","either",0.05,"shared negative",-0.31284756960788,0.31284756960788,-1.44473692536597,-1.75758449497385,0.0318439229712457,9.37356562304816e-05,"17101/77371/56440/56334/226421/380714/228545/231070/110380/108664/207352/19725/12912/12390/77573/20333/20971/52898/66144/21787/56324/245884/53331/54198/16573/54137/107338/216131/57257/66629/229593/11765/330192/19324/27054/70450/170833/11984/11973/78610/210789/21968/68767/217310/19332/19349/12752/64933/74732/75964/246694/18711/71732/20661/20907/73122/67474/66241/67166/11966/20908/74018/107305/11964/117150/66335/72287/104015/73834/11816/11972/20617/231801/70495","128866/27243/80230/6490/6844/64753/9632/26985/5048/5861/9218/8615/60684/51552/200576/22895/57132/10159/9525/23352/10564/84691/9550/10427/9296/56681/5584/5864/79156/65977/9066/51479/80006/8452/728113/84067/23557/399687/57679/9114/84313/301/4218/164/6811/27095/8546/29887/157680/653145/5007/10015/7251/23673/10113/415117/7879/8878/10814/29956/55207/537/9002/8676/79643/22878/1176/23317/10043/83696/6810/22872/50617/7405/535/84937/90019/3267/5862/6281/21/6812/533/51399/51606/528/1759/55823/54874/55004/1174/1130/8673/84062/3638/64083/120892/523/9897/947","GO:0016050","GO:0016050","vesicle organization","vesicle organization",-4.02809517583013,-1.49697343528687,TRUE,TRUE,-0.31284756960788,0.31284756960788,"shared negative"
"human_vs_mouse_KD_GO_BP","human KD vs control vs mouse KD vs control","GO_BP","GO:0048167","regulation of synaptic plasticity","either",0.05,"shared negative",-0.29378224686556,0.29378224686556,-1.23142441850077,-1.52520666536633,0.30151387074464,0.0307158016023455,"14580/195018/226407/108100/107995/12912/245537/16440/243931/20845/20807/14359/18479/271564/19122/20620/14062/11596/15194/22215/75786/20964/19085/23879/208922/271457/19141/12752/76089/18752/67574/240057/17920/20908/110891/83603/11816/20617/50997","2906/4776/6844/801/5532/2903/2332/2902/440279/388336/818/440829/5864/27020/6344/1072/9066/51063/7533/9463/8831/5764/4218/4130/29882/8878/10814/817/2185/6810/1020/26037/2648/23096/22941/4355/1499/9513/5728/22849/27065/4311","GO:0048167","GO:0048167","regulation of synaptic plasticity","regulation of synaptic plasticity",-1.51263814624275,-0.520692703924188,TRUE,FALSE,-0.29378224686556,0.29378224686556,"shared negative"
"human_vs_mouse_KD_GO_BP","human KD vs control vs mouse KD vs control","GO_BP","GO:0034242","negative regulation of syncytium formation by plasma membrane fusion","either",0.05,"shared positive",-0.27884799688684,0.27884799688684,2.18249348738776,1.90364549050092,0.00049888654150234,0.011812181502179,"20846/19946/26961/54217/67945/268449/319195/76808/19896/270106/27176/56040/67115/269261/67281/19981/67891/11837/68436/19944/66489/19982/22121/19943/19951/100503670/67025/66480/19942/19988/114641/12633/20005/110954/19989/18022/67248","6130/6128/6159/6129/6171/6133/6136/6144/23521/6124/9045/11224/6158/6170/6173","GO:0034242","GO:0034242","negative regulation of syncytium formation by plasma membrane fusion","negative regulation of syncytium formation by plasma membrane fusion",1.92766988842647,3.30199821189587,TRUE,TRUE,-0.27884799688684,0.27884799688684,"shared positive"
"human_vs_mouse_KD_GO_BP","human KD vs control vs mouse KD vs control","GO_BP","GO:0030518","nuclear receptor-mediated steroid hormone signaling pathway","either",0.05,"shared negative",-0.26408325515823,0.26408325515823,-1.3345438155145,-1.59862707067273,0.269175148942676,0.0315322589259394,"18479/234594/224903/22629/19014/22196/22215/22378/17977/12953/15502/224829/16969/71732/12189/54608/12317/12753/70790/170826/76804/18626","3065/23558/8013/7110/10002/6258/149563/9572/8085/8284/29966/7533/5187/5058/3169/10521/9611/55818/23019/1601/6934/2099/6714/8611/6872/3717/10424/2033/51366/8626/55823/57658/9063/4734","GO:0030518","GO:0030518","nuclear receptor-mediated steroid hormone signaling pathway","nuclear receptor-mediated steroid hormone signaling pathway",-1.50124491590197,-0.569965037966843,TRUE,FALSE,-0.26408325515823,0.26408325515823,"shared negative"
"human_vs_mouse_KD_GO_BP","human KD vs control vs mouse KD vs control","GO_BP","GO:0043401","steroid hormone receptor signaling pathway","either",0.05,"shared negative",-0.26408325515823,0.26408325515823,-1.3345438155145,-1.59862707067273,0.269175148942676,0.0315322589259394,"18479/234594/224903/22629/19014/22196/22215/22378/17977/12953/15502/224829/16969/71732/12189/54608/12317/12753/70790/170826/76804/18626","3065/23558/8013/7110/10002/6258/149563/9572/8085/8284/29966/7533/5187/5058/3169/10521/9611/55818/23019/1601/6934/2099/6714/8611/6872/3717/10424/2033/51366/8626/55823/57658/9063/4734","GO:0043401","GO:0043401","steroid hormone receptor signaling pathway","steroid hormone receptor signaling pathway",-1.50124491590197,-0.569965037966843,TRUE,FALSE,-0.26408325515823,0.26408325515823,"shared negative"
"human_vs_mouse_KD_GO_BP","human KD vs control vs mouse KD vs control","GO_BP","GO:0009142","nucleoside triphosphate biosynthetic process","either",0.05,"shared positive",0.25839874485774,0.25839874485774,1.48883938590945,1.74723813076719,0.116028495698426,0.00929875308124156,"22169/56520/23918/12048/19241/66592/68073/11639/11674/67942/55936/11951/67273/66218/66294/56632/69719/68614/26395/66114/22171/225887/72900/67680/67130/66416/70316/75406/80914/98496/214917/68349/16189/107197/67126/13806/21803/68194/11534/51797/20848/54369/66377/66091/23917/17991/28080/17995/50799/66826/11949","4538/4508/4539/4535/4540/4833/513/142/4698/4710/4537/539/7040/4694/9556/4725/514/4711/4536/55022/1841/205/4830/126328/1353/4509/9551/4717/7114/5465/4831/4709/4731/4726/50808/790955/7298/54963/134145/6391/84277/83549/4704/4707/6901/51079/27109/9605/56848/515/4716/51422/521/65990/6392","GO:0009142","GO:0009142","nucleoside triphosphate biosynthetic process","nucleoside triphosphate biosynthetic process",2.0315752843754,0.935435338317965,TRUE,FALSE,0.25839874485774,0.25839874485774,"shared positive"
"human_vs_mouse_KD_GO_BP","human KD vs control vs mouse KD vs control","GO_BP","GO:0044703","multi-organism reproductive process","either",0.05,"shared positive",-0.25413462718095,0.25413462718095,1.63288202370944,1.37874739652849,0.0142577946477134,0.198578841602064,"16859/14119/13731/74155/22337/20720/11819/12946/14609/21857/20017/20525/20856/20509/19225/11651/21824/19242/20855/67760/80884/75909/56632/53614/20182/69719/15499/19735/13039/16157/11835/11865/26417/22339/16878/245000/18783/19223/14114/14281/50790/56717/15373","8614/2201/6159/7076/10916/397/142/682/7040/3488/23780/7216/4088/1906/7046/5069/10038/81539/3485/412/64750","GO:0044703","GO:0044703","multi-organism reproductive process","multi-organism reproductive process",0.702067027064156,1.84594764463826,FALSE,TRUE,-0.25413462718095,0.25413462718095,"shared positive"
"human_vs_mouse_KD_GO_BP","human KD vs control vs mouse KD vs control","GO_BP","GO:0002181","cytoplasmic translation","either",0.05,"shared positive",-0.25292517923622,0.25292517923622,1.79564807184295,1.54272289260673,0.000760733674532928,0.0260735421475996,"226518/224045/13685/27207/27979/27050/27370/14694/56726/13629/54709/18148/20091/11651/13681/19106/22628/13494/66855/68028/13495/80280/329384/19946/26961/108155/20085/22258/67427/20103/218343/56736/68441/74370/77006/54217/27367/19934/16898/67945/16865/26987/73830/20226/268449/319195/68092/75452/76808/19896/16341/270106/27176/72162/108067/56040/67115/269261/16785/20102/67281/77987/19981/67891/11837/68436/22084/55944/20090/19944/68052/66489/20116/66085/19982/51810/20104/67097/56717/66508/22121/19943/19951/232187/20084/100503670/14265/98221/75617/67025/76784/68995/70047/66480/217331/19942/53356/229663/56637/19988/20115/114641/76846/54127/213541/192169/69113/231659/20005","6187/10642/6130/6128/6228/4869/6146/3921/6159/6129/6171/116832/6133/6218/5610/6231/6230/6136/6224/1936/6144/23521/6232/51121/6124/9100/80279/9045/56339/11224/8665/6158/6189/6122/6233/6201/6170/221662/6173/6235/6210/9652/1983/24140/6204/91574/1968/6234","GO:0002181","GO:0002181","cytoplasmic translation","cytoplasmic translation",1.58379996497058,3.11876735889926,TRUE,TRUE,-0.25292517923622,0.25292517923622,"shared positive"
"human_vs_mouse_KD_GO_BP","human KD vs control vs mouse KD vs control","GO_BP","GO:0000028","ribosomal small subunit assembly","either",0.05,"shared positive",0.23763611325268,0.23763611325268,1.60607925688903,1.84371537014171,0.144769919954833,0.0315322589259394,"22596/20085/72181/16785/56412/20104/67097/74778/223722/110816/94254/54127/224481/52535","7520/5591/3921/81554/27341/29777/64745","GO:0000028","GO:0000028","ribosomal small subunit assembly","ribosomal small subunit assembly",1.50124491590197,0.839321665726602,TRUE,FALSE,0.23763611325268,0.23763611325268,"shared positive"
"human_vs_mouse_KD_GO_BP","human KD vs control vs mouse KD vs control","GO_BP","GO:0051452","intracellular pH reduction","either",0.05,"shared negative",0.23689452213933,0.23689452213933,-1.91705479614313,-1.6801602740038,0.018119436594263,0.0443998696237465,"240283/108664/19063/52898/22215/11984/69668/19332/19349/12752/16784/66241/11966/16783/73834/11972/70495","51463/9497/10159/9296/23335/57468/9114/596/1657/7879/537/23545/50617/535/533/51606/523/10312","GO:0051452","GO:0051452","intracellular pH reduction","intracellular pH reduction",-1.35261830515048,-1.7418553104013,TRUE,TRUE,0.23689452213933,0.23689452213933,"shared negative"
"human_vs_mouse_KD_GO_BP","human KD vs control vs mouse KD vs control","GO_BP","GO:0032481","positive regulation of type I interferon production","either",0.05,"shared positive",-0.23654604193585,0.23654604193585,1.80037248335598,1.56382644142013,0.00997803271761336,0.06619931996733,"54123/246730/100038882/230073/327959/246728/71586/23960/246727/20846/66412/80861/142980/70428/78781/24088/23961/28185/16179/17874/72162/14433/21898/15510/71609/216877","57506/3654/85364/201292/3320/4615/3838/148022/661/23326/7099/81844/9636/5336/115004/56829/84932/10155/3661/5781/6772/340061/64081/4940/10622/7187","GO:0032481","GO:0032481","positive regulation of type I interferon production","positive regulation of type I interferon production",1.17914647182847,2.00095507635839,FALSE,TRUE,-0.23654604193585,0.23654604193585,"shared positive"
"human_vs_mouse_KD_GO_BP","human KD vs control vs mouse KD vs control","GO_BP","GO:0044706","multi-multicellular organism process","either",0.05,"shared positive",-0.23591631618548,0.23591631618548,1.62567680918078,1.3897604929953,0.0186763397514667,0.188232122090383,"16859/14119/13731/74155/22337/20720/11819/12946/14609/21857/20017/20525/20856/20509/19225/11651/21824/19242/20855/67760/80884/19057/75909/56632/53614/20182/69719/15499/19735/268396/13039/16157/11835/11865/26417/22339/16878/245000/18783/19223/14114/14281/50790/56717/15373","8614/2201/6159/7076/10916/397/142/682/7040/3488/23780/7216/4088/1906/7046/5069/10038/81539/3485/412/64750","GO:0044706","GO:0044706","multi-multicellular organism process","multi-multicellular organism process",0.725306261587823,1.72870823418195,FALSE,TRUE,-0.23591631618548,0.23591631618548,"shared positive"
"human_vs_mouse_KD_GO_BP","human KD vs control vs mouse KD vs control","GO_BP","GO:0009262","deoxyribonucleotide metabolic process","either",0.05,"shared positive",-0.23503443577228,0.23503443577228,1.83966362599255,1.60462919022027,0.038939590225408,0.104443498158259,"22436/22169/20135/320685/14923/50773/66588/382985/27369/232449/381101/22271/76952/22171/20425/56045","6241/1854/7378/1635/131870/2987/1806/7374/55270/8930/1841/79661/7083/1716/252969/7298/6996/51251","GO:0009262","GO:0009262","deoxyribonucleotide metabolic process","deoxyribonucleotide metabolic process",0.981118590646619,1.40960862302093,FALSE,TRUE,-0.23503443577228,0.23503443577228,"shared positive"
"human_vs_mouse_KD_GO_BP","human KD vs control vs mouse KD vs control","GO_BP","GO:0141193","nuclear receptor-mediated signaling pathway","either",0.05,"shared negative",-0.23069696138241,0.23069696138241,-1.31162542346933,-1.54232238485174,0.230526528765993,0.0223331816372929,"12952/14056/56018/18479/234594/224903/22629/19014/13115/22196/22215/22378/23801/17977/12953/67544/15502/224829/16969/71732/12189/54608/18712/12929/12317/12753/70790/170826/76804/18626","3065/23558/8013/7110/10002/6258/7376/149563/9572/8085/8284/29966/7533/5187/10075/5058/3169/10521/9611/55818/10370/23019/10499/1601/6934/2099/6714/8611/6872/3717/10424/2033/51366/8626/55823/10273/5165/650/57658/7067/9063/7291/5916/4734","GO:0141193","GO:0141193","nuclear receptor-mediated signaling pathway","nuclear receptor-mediated signaling pathway",-1.65104940191333,-0.637279089216948,TRUE,FALSE,-0.23069696138241,0.23069696138241,"shared negative"
"human_vs_mouse_KD_GO_BP","human KD vs control vs mouse KD vs control","GO_BP","GO:0097401","synaptic vesicle lumen acidification","either",0.05,"shared negative",0.22923116435005,0.22923116435005,-2.20500263076972,-1.97577146641967,0.000674279017852924,0.0168856828635547,"11984/11973/11966/11964/66335/73834/11972/70495","10159/9550/9296/9114/537/50617/535/51606/528/523","GO:0097401","GO:0097401","synaptic vesicle lumen acidification","synaptic vesicle lumen acidification",-1.77248137163638,-3.17116035444537,TRUE,TRUE,0.22923116435005,0.22923116435005,"shared negative"
"human_vs_mouse_KD_GO_BP","human KD vs control vs mouse KD vs control","GO_BP","GO:0007565","female pregnancy","either",0.05,"shared positive",-0.22162072767966,0.22162072767966,1.63179098615024,1.41017025847058,0.0289207886370191,0.192263179759803,"16859/14119/13731/74155/22337/11819/12946/14609/21857/20017/20525/20856/20509/19225/11651/21824/19242/20855/67760/80884/75909/56632/53614/20182/69719/15499/19735/13039/16157/11835/26417/22339/16878/245000/18783/19223/14114/14281/50790/56717/15373","8614/2201/6159/7076/10916/397/142/682/7040/3488/23780/7216/4088/7046/5069/10038/81539/3485/412/64750","GO:0007565","GO:0007565","female pregnancy","female pregnancy",0.716103879350914,1.53878986849937,FALSE,TRUE,-0.22162072767966,0.22162072767966,"shared positive"
"human_vs_mouse_KD_GO_BP","human KD vs control vs mouse KD vs control","GO_BP","GO:0006164","purine nucleotide biosynthetic process","either",0.05,"shared positive",-0.21859667553519,0.21859667553519,1.72247153617865,1.50387486064346,0.00461046292216457,0.0474876203015632,"23962/246730/192185/14381/11566/56520/226518/23918/12048/15452/108147/19241/66592/14923/68073/11639/11674/67942/11951/67273/66218/66294/56632/68614/269951/26395/27369/108156/212627/104111/66114/225887/72900/68646/67680/67130/66416/70316/75406/14450/67054/109674/11717/218756/11541/230125/98496/214917/68349/16189/107197/67126/13806/231327/230103/21803/237823/13618/68194/11534/20848/54369/239790/11821/66377/23972/66091/23917/17991/11486/28080/66355/23971/105446/17995/50799/66826/11949/18162","4538/4508/4539/4535/4540/4833/513/142/4698/2987/4710/4537/539/7040/4694/9556/4725/9060/204/514/4711/4536/2618/109/125061/55022/55191/93100/205/4830/126328/1716/1353/4509/9551/4717/7114/5465/4831/4709/353/4731/4726/50808/790955/134145/6391/84277/4704/115/4707/6901/4522/114/107/51079/27109/9605/56848/515/4716/5198/51422/521/65990/54981/6392","GO:0006164","GO:0006164","purine nucleotide biosynthetic process","purine nucleotide biosynthetic process",1.32341959322688,2.33625546627019,TRUE,TRUE,-0.21859667553519,0.21859667553519,"shared positive"
"human_vs_mouse_KD_GO_BP","human KD vs control vs mouse KD vs control","GO_BP","GO:1901739","regulation of myoblast fusion","either",0.05,"shared positive",-0.20910343613109,0.20910343613109,2.06238652902975,1.85328309289866,0.00190394897568952,0.011812181502179,"19946/26961/54217/20315/67945/268449/319195/76808/19896/270106/27176/56040/67115/269261/67281/19981/67891/11837/68436/12508/19944/66489/259300/19982/22121/19943/19951/16189/100503670/67025/66480/19942/20307/19988/114641/193385/12633/20005/110954/19989","6130/6128/6159/6129/6171/6133/6136/6144/23521/6124/9045/11224/6158/6170/6173","GO:1901739","GO:1901739","regulation of myoblast fusion","regulation of myoblast fusion",1.92766988842647,2.72034469454052,TRUE,TRUE,-0.20910343613109,0.20910343613109,"shared positive"
"human_vs_mouse_KD_GO_BP","human KD vs control vs mouse KD vs control","GO_BP","GO:0044403","biological process involved in symbiotic interaction","either",0.05,"shared positive",-0.19971416000557,0.19971416000557,1.68890761311218,1.48919345310661,0.0234755033783698,0.0797814784312724,"55932/20128/236573/69550/209387/229900/18828/14469/22088/18186/53413/67778/52009/22359/26362/319236/17254/76681/13194/11987/14268/217069/13858/20516/233979/16971/208092/56491/30960","5478/90861/2150/3921/3609/5817/1956/6541/4179/1514/682/79581/10475/1969/3304/85363/51652/5818/1604/5359/27183/4038/10572/1948/2621/2519/1508/3838/6510/290/8829/55223/3949/79720/7706","GO:0044403","GO:0044403","biological process involved in symbiotic interaction","biological process involved in symbiotic interaction",1.09809792003678,1.62938508651214,FALSE,TRUE,-0.19971416000557,0.19971416000557,"shared positive"
"human_vs_mouse_KD_GO_BP","human KD vs control vs mouse KD vs control","GO_BP","GO:0006367","transcription initiation at RNA polymerase II promoter","either",0.05,"shared negative",-0.18984962980184,0.18984962980184,-1.24197809293763,-1.43182772273947,0.315090015527746,0.0468234798167854,"319955/21833/209357/19052/319944/210925/21374/69241/270627/13871/381404/27224/328572/55982/108143/66467/229543/67224/140858/233904/99730/24074/225876/71828/66464/217127/70625/67279/214162/14884/56438/56275/209011/18676/71902/234959/17420/12912/67219/56458/213464/22410/69792/20807/226182/98053/70472/17283/19014/214133/66999/98403/218214/231329/22378/71793/13486/67381/22218/67710/209361/18035/237339/228980","92105/5469/4609/5435/4297/5430/902/6877/5431/4792/23558/2965/6923/55656/84246/1025/51003/4221/5518/6722/10196/65123/11143/8841/9969/10467/6881/80789/9611/84661/5253/2959/27005/90390/81857/140690/4790/2099/6873/1386/9978/404672/9968/2308/6872/2033/9282/138474/5515/8850/7067","GO:0006367","GO:0006367","transcription initiation at RNA polymerase II promoter","transcription initiation at RNA polymerase II promoter",-1.3295363136409,-0.501565358393458,TRUE,FALSE,-0.18984962980184,0.18984962980184,"shared negative"
"human_vs_mouse_KD_GO_BP","human KD vs control vs mouse KD vs control","GO_BP","GO:0009219","pyrimidine deoxyribonucleotide metabolic process","either",0.05,"shared positive",0.17142814676027,0.17142814676027,1.65382637944892,1.82525452620919,0.219903826864766,0.0245422846582333,"22169/320685/50773/66588/22271/22171/20425","1854/7378/1635/1806/7374/8930/1841/79661/7083/252969/7298/6996/51251","GO:0009219","GO:0009219","pyrimidine deoxyribonucleotide metabolic process","pyrimidine deoxyribonucleotide metabolic process",1.61008501095378,0.657767212786597,TRUE,FALSE,0.17142814676027,0.17142814676027,"shared positive"
"human_vs_mouse_KD_GO_BP","human KD vs control vs mouse KD vs control","GO_BP","GO:0044409","symbiont entry into host","either",0.05,"shared positive",0.17051046431388,0.17051046431388,1.4702037231873,1.64071418750118,0.227112502051247,0.0248605866543334,"20128/209387/18828/18186/53413/67778/52009/22359/26362/319236/17254/76681/11987/217069/13858/20516/233979/16971","90861/3921/3609/5817/1956/6541/4179/1514/682/79581/10475/1969/3304/85363/5818/1604/5359/4038/10572/1948/2621/2519/1508/6510/290/8829/55223/3949/7706/9076/5819/7037","GO:0044409","GO:0044409","symbiont entry into host","symbiont entry into host",1.60448862719342,0.643758958151805,TRUE,FALSE,0.17051046431388,0.17051046431388,"shared positive"
"human_vs_mouse_KD_GO_BP","human KD vs control vs mouse KD vs control","GO_BP","GO:1901740","negative regulation of myoblast fusion","either",0.05,"shared positive",-0.15588068727597,0.15588068727597,2.1476115957157,1.99173090843973,0.00051046150224012,0.00826708404112385,"19946/26961/54217/67945/268449/319195/76808/19896/270106/27176/56040/67115/269261/67281/19981/67891/11837/68436/19944/66489/19982/22121/19943/19951/100503670/67025/66480/19942/19988/114641/12633/20005/110954/19989","6130/6128/6159/6129/6171/6133/6136/6144/23521/6124/9045/11224/6158/6170/6173","GO:1901740","GO:1901740","negative regulation of myoblast fusion","negative regulation of myoblast fusion",2.08264764741991,3.29203700577126,TRUE,TRUE,-0.15588068727597,0.15588068727597,"shared positive"
"human_vs_mouse_KD_GO_BP","human KD vs control vs mouse KD vs control","GO_BP","GO:0043330","response to exogenous dsRNA","either",0.05,"shared positive",-0.13676175352681,0.13676175352681,1.84144240222381,1.704680648697,0.0305015230349745,0.0823502041756933,"246730/230073/71586/23960/246727/20846/142980/104721/17254/78781/76438/23961","57506/23180/85364/148022/115004/3661/340061/4940/11213","GO:0043330","GO:0043330","response to exogenous dsRNA","response to exogenous dsRNA",1.0843353197211,1.51567847445089,FALSE,TRUE,-0.13676175352681,0.13676175352681,"shared positive"
"human_vs_mouse_KD_GO_BP","human KD vs control vs mouse KD vs control","GO_BP","GO:0061157","mRNA destabilization","either",0.05,"shared negative",-0.13318439988382,0.13318439988382,-1.44065765589498,-1.5738420557788,0.163518813086902,0.037819969401484,"15568/69125/214627/223870/72587/237400/140486/214290/319817/13046/12193/268420/225929/244871/213988/636931/74480/16549/56438/70044/75901/78455/14359/233833/57746/234594/381626/23879/208922/67710/214150/213236/12457/59004/103135/22057/19704","7812/3192/4343/8087/10247/9125/51441/677/11157/28960/255967/57523/79670/79068/4850/64282/9698/27327/4076/23369/253943/9337/25904/10658/23019/26986/678/10140/56478/149041/1656/246175/57472/26058/27161/23112/9513/22849","GO:0061157","GO:0061157","mRNA destabilization","mRNA destabilization",-1.42227882685989,-0.786432273891759,TRUE,FALSE,-0.13318439988382,0.13318439988382,"shared negative"
"human_vs_mouse_KD_GO_BP","human KD vs control vs mouse KD vs control","GO_BP","GO:0006220","pyrimidine nucleotide metabolic process","either",0.05,"shared positive",0.12953294091134,0.12953294091134,1.63326451837625,1.76279745928759,0.162530017130791,0.0245422846582333,"22169/56520/320685/12499/55936/50773/69719/66588/22271/22171/20425/80914/68556/218756/103850/331487/66422/51797/54369/56749/21877/110074","1854/7378/4833/1635/1806/7374/9583/8930/1841/4830/79661/7083/4831/50808/252969/7298/54963/6996/83549/51251","GO:0006220","GO:0006220","pyrimidine nucleotide metabolic process","pyrimidine nucleotide metabolic process",1.61008501095378,0.789066418867397,TRUE,FALSE,0.12953294091134,0.12953294091134,"shared positive"
"human_vs_mouse_KD_GO_BP","human KD vs control vs mouse KD vs control","GO_BP","GO:0050779","RNA destabilization","either",0.05,"shared negative",-0.12661255588453,0.12661255588453,-1.43631048195991,-1.56292303784444,0.208296332052229,0.0354027439701234,"15568/69125/214627/223870/72587/237400/140486/214290/319817/13046/12193/268420/225929/244871/213988/636931/74480/16549/56438/70044/75901/380669/78455/14359/233833/57746/234594/381626/23879/208922/67710/214150/213236/12457/59004/103135/22057/19704","7812/3192/4343/8087/10247/9125/51441/677/11157/28960/255967/57523/79670/79068/4850/64282/9698/27327/4076/23369/253943/9337/25904/10658/23019/26986/678/10140/56478/149041/1656/246175/57472/26058/27161/23112/9513/22849","GO:0050779","GO:0050779","RNA destabilization","RNA destabilization",-1.45096307568891,-0.681318377596672,TRUE,FALSE,-0.12661255588453,0.12661255588453,"shared negative"
"human_vs_mouse_KD_GO_BP","human KD vs control vs mouse KD vs control","GO_BP","GO:0140253","cell-cell fusion","either",0.05,"shared positive",-0.10979947041887,0.10979947041887,1.74746364922207,1.6376641788032,0.0120090925049019,0.0581909762053872,"52163/20846/68813/57810/19946/26961/54217/20315/67945/268449/319195/76808/19896/270106/27176/56040/67115/269261/13549/67281/19981/23794/67891/11837/68436/330662/12508/19944/20586/66489/259300/19982/22121/19943/19951/16189/100503670/67025/66480/19942/56637/20307/19988/102791/114641/193385/12633/20005/110954/19989/11502/18022","6130/6128/6159/6129/6171/6133/6136/6144/23521/8912/6124/9045/11224/6158/3756/170689/6170/8754/6173/4842/80005/8837/6137/6141/6988/3688/6139","GO:0140253","GO:0140253","cell-cell fusion","cell-cell fusion",1.23514435706923,1.9204898098331,FALSE,TRUE,-0.10979947041887,0.10979947041887,"shared positive"
"human_vs_mouse_KD_GO_BP","human KD vs control vs mouse KD vs control","GO_BP","GO:0046390","ribose phosphate biosynthetic process","either",0.05,"shared positive",-0.10610873272255,0.10610873272255,1.62403450821315,1.5179257754906,0.0258343675164577,0.0542023688893676,"14381/11566/56520/23918/12048/15452/108147/19241/66592/14923/68073/11639/11674/67942/55936/11951/67273/66218/66294/56632/69719/68614/66588/26395/108156/22271/212627/104111/66114/225887/72900/67680/67130/66416/70316/75406/14450/80914/68556/67054/109674/11717/98496/214917/68349/16189/107197/67126/13806/231327/230103/21803/331487/237823/13618/68194/11534/51797/14380/20848/54369/239790/11821/66377/23972/66091/56749/23917/17991/11486/28080/66355/23971/105446/17995/50799/66826/11949/18162","4538/4508/4539/4535/4540/7378/4833/513/142/4698/2987/4710/4537/539/7040/4694/9556/4725/9060/204/514/4711/4536/2618/109/55022/205/4830/126328/1353/4509/9551/4717/7114/5465/4831/4709/353/4731/4726/50808/790955/54963/134145/6391/84277/83549/4704/115/4707/6901/114/107/51079/27109/9605/56848/515/4716/5198","GO:0046390","GO:0046390","ribose phosphate biosynthetic process","ribose phosphate biosynthetic process",1.26598173240813,1.5878021664959,FALSE,TRUE,-0.10610873272255,0.10610873272255,"shared positive"
"human_vs_mouse_KD_GO_BP","human KD vs control vs mouse KD vs control","GO_BP","GO:0099504","synaptic vesicle cycle","either",0.05,"shared negative",-0.0988235397308299,0.0988235397308299,-1.44757700219193,-1.54640054192276,0.057117439500944,0.0151162678921122,"13367/216963/20964/19085/229227/20974/11765/271457/12330/11984/11973/19349/64933/18752/74732/268882/74325/12757/20907/67474/67300/11966/17957/11964/29873/78808/66335/69938/104015/73834/11972/20617/70495","396/6844/9381/6814/9498/160/5532/1487/22895/2332/10159/440279/9550/1211/382/9296/5864/9815/9066/134957/23557/9114/115548/5906/415117/7879/10814/537/8676/1176/57555/161/50617/535/90019/1020/23167/84162/6812/84961/51606/528/1759/9373/5530/8927/1499/5413/84062/5728/120892/523","GO:0099504","GO:0099504","synaptic vesicle cycle","synaptic vesicle cycle",-1.82055542007368,-1.24323126964112,TRUE,FALSE,-0.0988235397308299,0.0988235397308299,"shared negative"
"human_vs_mouse_KD_GO_BP","human KD vs control vs mouse KD vs control","GO_BP","GO:0009152","purine ribonucleotide biosynthetic process","either",0.05,"shared positive",0.0860494740856099,0.0860494740856099,1.5287400314138,1.61478950549941,0.0559722932803457,0.0248605866543334,"11566/56520/23918/12048/15452/108147/19241/66592/14923/68073/11639/11674/67942/11951/67273/66218/66294/56632/68614/26395/108156/104111/66114/225887/72900/67680/67130/66416/70316/75406/14450/67054/109674/11717/98496/214917/68349/16189/107197/67126/13806/231327/230103/21803/237823/13618/68194/11534/20848/54369/239790/11821/66377/23972/66091/23917/17991/11486/28080/66355/23971/105446/17995/50799/66826/11949/18162","4538/4508/4539/4535/4540/4833/513/142/4698/2987/4710/4537/539/7040/4694/9556/4725/9060/204/514/4711/4536/2618/109/55022/205/4830/126328/1353/4509/9551/4717/7114/5465/4831/4709/353/4731/4726/50808/790955/134145/6391/84277/4704/115/4707/6901/114/107/51079/27109/9605/56848/515/4716/5198/51422/521/65990/6392","GO:0009152","GO:0009152","purine ribonucleotide biosynthetic process","purine ribonucleotide biosynthetic process",1.60448862719342,1.2520268989429,TRUE,FALSE,0.0860494740856099,0.0860494740856099,"shared positive"
"human_vs_mouse_KD_GO_BP","human KD vs control vs mouse KD vs control","GO_BP","GO:0046718","symbiont entry into host cell","either",0.05,"shared positive",0.0805601899393198,0.0805601899393198,1.52405722734645,1.60461741728577,0.199070466699332,0.0290787616482959,"20128/209387/18828/18186/67778/52009/22359/26362/319236/17254/76681/11987/217069/13858/20516/233979/16971","90861/3921/3609/5817/1956/6541/4179/1514/682/79581/10475/1969/3304/85363/5818/1604/5359/4038/10572/1948/2621/1508/6510/290/8829/55223/3949/7706/9076/5819/7037","GO:0046718","GO:0046718","symbiont entry into host cell","symbiont entry into host cell",1.53642409233718,0.700993165391393,TRUE,FALSE,0.0805601899393198,0.0805601899393198,"shared positive"
"human_vs_mouse_KD_GO_BP","human KD vs control vs mouse KD vs control","GO_BP","GO:0061014","positive regulation of mRNA catabolic process","either",0.05,"shared negative",-0.07940779712025,0.07940779712025,-1.44739799022764,-1.52680578734789,0.176192052629604,0.0432479511723628,"15568/69125/214627/223870/72587/237400/140486/214290/319817/13046/12193/268420/225929/244871/213988/636931/74480/16549/56438/70044/219022/75901/78455/72446/14359/14904/233833/57746/234594/381626/23879/208922/67710/214150/213236/12457/59004/103135/22057/19704","7812/3192/4343/8087/10247/9125/51441/677/11157/28960/255967/57523/79670/79068/9567/4850/64282/9698/9444/27327/4076/23369/253943/9337/25904/10658/23019/26986/678/10140/56478/149041/1656/246175/57472/26058/27161/23112/9513/22849","GO:0061014","GO:0061014","positive regulation of mRNA catabolic process","positive regulation of mRNA catabolic process",-1.36403446197058,-0.754013684896443,TRUE,FALSE,-0.07940779712025,0.07940779712025,"shared negative"
"human_vs_mouse_KD_GO_BP","human KD vs control vs mouse KD vs control","GO_BP","GO:0006949","syncytium formation","either",0.05,"shared positive",-0.0688072266417801,0.0688072266417801,1.77698327732448,1.7081760506827,0.0154324195513777,0.0260735421475996,"52163/20846/68813/13870/57810/19946/26961/54217/20315/67945/268449/319195/76808/19896/270106/27176/56040/67115/269261/13549/67281/19981/23794/67891/11837/68436/330662/12508/19944/20586/66489/259300/19982/22121/19943/19951/16189/100503670/67025/66480/19942/56637/20307/19988/102791/114641/193385/12633/20005/110954/19989/11502/18022","6130/6128/6159/6129/6171/6133/6136/6144/23521/8912/6124/9045/11224/6158/3756/170689/6170/8754/6173/4842/80005/8837/6137/6141/6988/3688/6139","GO:0006949","GO:0006949","syncytium formation","syncytium formation",1.58379996497058,1.81156597831574,TRUE,TRUE,-0.0688072266417801,0.0688072266417801,"shared positive"
"human_vs_mouse_KD_GO_BP","human KD vs control vs mouse KD vs control","GO_BP","GO:0006885","regulation of pH","either",0.05,"shared negative",-0.0606153228675301,0.0606153228675301,-1.57491746223557,-1.6355327851031,0.120722657025785,0.0318490492840749,"240283/108664/77573/54403/19063/52898/277973/13614/73658/22215/20544/11984/69668/19332/19349/12752/16784/66241/11966/16783/73834/11972/70495","9498/506/51463/9497/480/10159/9296/23335/57468/9114/596/285195/1657/7879/537/23545/5166/50617/535/533/51606/1080/120892/523/10312","GO:0006885","GO:0006885","regulation of pH","regulation of pH",-1.49690352712275,-0.918211214593153,TRUE,FALSE,-0.0606153228675301,0.0606153228675301,"shared negative"
"human_vs_mouse_KD_GO_BP","human KD vs control vs mouse KD vs control","GO_BP","GO:0016188","synaptic vesicle maturation","either",0.05,"shared negative",0.03998621844988,0.03998621844988,-1.93133033827835,-1.89134411982847,0.0247314613141203,0.0378276758419592,"11984/11973/11966/11964/66335/73834/11972/70495","10159/9550/9296/9114/537/50617/535/6812/51606/528/523","GO:0016188","GO:0016188","synaptic vesicle maturation","synaptic vesicle maturation",-1.42219034123487,-1.60675022161247,TRUE,TRUE,0.03998621844988,0.03998621844988,"shared negative"
"human_vs_mouse_KD_GO_BP","human KD vs control vs mouse KD vs control","GO_BP","GO:0000768","syncytium formation by plasma membrane fusion","either",0.05,"shared positive",-0.0392875985393701,0.0392875985393701,1.74746364922207,1.7081760506827,0.0120090925049019,0.0260735421475996,"52163/20846/68813/57810/19946/26961/54217/20315/67945/268449/319195/76808/19896/270106/27176/56040/67115/269261/13549/67281/19981/23794/67891/11837/68436/330662/12508/19944/20586/66489/259300/19982/22121/19943/19951/16189/100503670/67025/66480/19942/56637/20307/19988/102791/114641/193385/12633/20005/110954/19989/11502/18022","6130/6128/6159/6129/6171/6133/6136/6144/23521/8912/6124/9045/11224/6158/3756/170689/6170/8754/6173/4842/80005/8837/6137/6141/6988/3688/6139","GO:0000768","GO:0000768","syncytium formation by plasma membrane fusion","syncytium formation by plasma membrane fusion",1.58379996497058,1.9204898098331,TRUE,TRUE,-0.0392875985393701,0.0392875985393701,"shared positive"
"human_vs_mouse_KD_GO_BP","human KD vs control vs mouse KD vs control","GO_BP","GO:0009260","ribonucleotide biosynthetic process","either",0.05,"shared positive",0.01174285967888,0.01174285967888,1.55938182211536,1.57112468179424,0.0527032703997169,0.0324793576959219,"11566/56520/23918/12048/15452/108147/19241/66592/14923/68073/11639/11674/67942/55936/11951/67273/66218/66294/56632/69719/68614/66588/26395/108156/22271/104111/66114/225887/72900/67680/67130/66416/70316/75406/14450/80914/68556/67054/109674/11717/98496/214917/68349/16189/107197/67126/13806/231327/230103/21803/331487/237823/13618/68194/11534/51797/20848/54369/239790/11821/66377/23972/66091/56749/23917/17991/11486/28080/66355/23971/105446/17995/50799/66826/11949/18162","4538/4508/4539/4535/4540/7378/4833/513/142/4698/2987/4710/4537/539/7040/4694/9556/4725/9060/204/514/4711/4536/2618/109/55022/205/4830/126328/1353/4509/9551/4717/7114/5465/4831/4709/353/4731/4726/50808/790955/54963/134145/6391/84277/83549/4704/115/4707/6901/114/107/51079/27109/9605/56848/515/4716/5198","GO:0009260","GO:0009260","ribonucleotide biosynthetic process","ribonucleotide biosynthetic process",1.48839256785066,1.27816243464548,TRUE,FALSE,0.01174285967888,0.01174285967888,"shared positive"
"human_vs_mouse_KD_GO_BP","human KD vs control vs mouse KD vs control","GO_BP","GO:0051453","regulation of intracellular pH","either",0.05,"shared negative",-0.00854951677723004,0.00854951677723004,-1.61143012504207,-1.6199796418193,0.117326573449366,0.037819969401484,"240283/108664/77573/54403/19063/52898/277973/73658/22215/20544/11984/69668/19332/19349/12752/16784/66241/11966/16783/73834/11972/70495","9498/506/51463/9497/10159/9296/23335/57468/9114/596/285195/1657/7879/537/23545/50617/535/533/51606/1080/120892/523/10312","GO:0051453","GO:0051453","regulation of intracellular pH","regulation of intracellular pH",-1.42227882685989,-0.930603612817193,TRUE,FALSE,-0.00854951677723004,0.00854951677723004,"shared negative"
"human_vs_mouse_KD_GO_BP","human KD vs control vs mouse KD vs control","GO_BP","GO:0007520","myoblast fusion","either",0.05,"shared positive",-0.00732512372625993,0.00732512372625993,1.83744717783714,1.83012205411088,0.00906804305939055,0.0125755034793732,"68813/57810/19946/26961/54217/20315/67945/268449/319195/76808/19896/270106/27176/56040/67115/269261/13549/67281/19981/23794/67891/11837/68436/330662/12508/19944/66489/259300/19982/22121/19943/19951/16189/100503670/67025/66480/19942/56637/20307/19988/114641/193385/12633/20005","6130/6128/6159/6129/6171/6133/6136/6144/23521/8912/6124/9045/11224/6158/3756/170689/6170/6173/4842/80005/8837/6137/6141/3688/6139","GO:0007520","GO:0007520","myoblast fusion","myoblast fusion",1.90047461828505,2.04248642630343,TRUE,TRUE,-0.00732512372625993,0.00732512372625993,"shared positive"
"human_vs_mouse_KD_GO_BP","human KD vs control vs mouse KD vs control","GO_BP","GO:0007035","vacuolar acidification","either",0.05,"shared negative",-0.00494870083943999,0.00494870083943999,-1.88932126264161,-1.89426996348105,0.0400884565895731,0.023720231110664,"11984/69668/12752/16784/66241/11966/16783/73834/11972/70495","10159/9296/23335/9114/1657/537/23545/50617/535/533/51606/523/10312","GO:0007035","GO:0007035","vacuolar acidification","vacuolar acidification",-1.62488108387451,-1.39698066381769,TRUE,TRUE,-0.00494870083943999,0.00494870083943999,"shared negative"
"human_vs_mouse_KD_GO_BP","human KD vs control vs mouse KD vs control","GO_BP","GO:0009303","rRNA transcription","either",0.05,"shared positive",-0.00334672513638989,0.00334672513638989,1.80164769580703,1.79830097067064,0.0637309550932253,0.0281084799692213,"20587/18150/20017/18148/70428/21340/68077/103136/17975/20586/68845/216443/56717/21453/26914","29997/1663/6949/112495/25926/55506/84365/221830/1387/9328/2971/2975/11137/10849/2972/84172/64425/4141/5441","GO:0009303","GO:0009303","rRNA transcription","rRNA transcription",1.55116263923171,1.19564957299025,TRUE,FALSE,-0.00334672513638989,0.00334672513638989,"shared positive"
"human_vs_mouse_KD_GO_BP","human KD vs control vs mouse KD vs control","GO_BP","GO:0099003","vesicle-mediated transport in synapse","either",0.05,"shared negative",0.00185159532495005,0.00185159532495005,-1.52107902060741,-1.51922742528246,0.029680780689876,0.0233130676789155,"66144/231602/67602/12367/56149/108800/224617/13367/216963/13642/20964/19085/229227/83814/20974/11765/211323/271457/12330/234729/11984/11973/108086/19349/64933/18752/74732/268882/74325/12757/20907/67474/17920/67300/18222/11966/20908/17957/11964/29873/78808/66335/69938/104015/13033/73834/11972/20617/70495","396/6844/9381/6814/9498/801/26985/160/5532/1487/22895/2332/10159/3084/9922/440279/9550/1211/382/9296/3208/5864/9815/9066/134957/23557/9114/115548/5906/415117/7879/10814/537/8676/1176/64854/57555/161/50617/535/90019/1020/23167/23096/84162/6812/84961/51606/528/1759/9373/5530/8927/1499/5413/84062/5728/120892/523","GO:0099003","GO:0099003","vesicle-mediated transport in synapse","vesicle-mediated transport in synapse",-1.63240057554134,-1.52752468004914,TRUE,TRUE,0.00185159532495005,0.00185159532495005,"shared negative"
"human_vs_mouse_KD_Reactome","human KD vs control vs mouse KD vs control","Reactome","Microtubule-dependent trafficking of connexons from Golgi to the plasma membrane","Microtubule-dependent trafficking of connexons from Golgi to the plasma membrane","either",0.05,"opposite direction",-3.86647006348623,3.86647006348623,1.98607271075239,-1.88039735273384,0.00363018354294996,0.0194674273359285,"14609/22142/67951/22143/227613/22146/22152","80086/10382/347688/7277","R-HSA-190840","R-MMU-190840","Microtubule-dependent trafficking of connexons from Golgi to the plasma membrane","Microtubule-dependent trafficking of connexons from Golgi to the plasma membrane",-1.71069143767531,2.44007141637568,TRUE,TRUE,-3.86647006348623,3.86647006348623,"opposite direction"
"human_vs_mouse_KD_Reactome","human KD vs control vs mouse KD vs control","Reactome","Gluconeogenesis","Gluconeogenesis","either",0.05,"opposite direction",-3.7618282418291,3.7618282418291,1.79756550572888,-1.96426273610022,0.0429840204022832,0.00438770856212244,"74551/68401/14751/11674/14433/13808/21991","5230/2026/5091/230/2027","R-HSA-70263","R-MMU-70263","Gluconeogenesis","Gluconeogenesis",-2.35776222659993,1.36669296630227,TRUE,TRUE,-3.7618282418291,3.7618282418291,"opposite direction"
"human_vs_mouse_KD_Reactome","human KD vs control vs mouse KD vs control","Reactome","Cross-presentation of soluble exogenous antigens (endosomes)","Cross-presentation of soluble exogenous antigens (endosomes)","either",0.05,"opposite direction",-3.76052384072555,3.76052384072555,1.48348017979168,-2.27704366093387,0.272448362285023,6.00506037821972e-05,"19171/17534/19186/26444/16913/19188/59029/19181/16912/19167/19173/67089/17463/22123/26441/19170/70247","5702/5699/5692/5687/5704/5690/10213/9902/5719/5685/5720/5684/5718/11047/7979/5694/5717/5689/5701/5686/5709/5691/5707","R-HSA-1236978","R-MMU-1236978","Cross-presentation of soluble exogenous antigens (endosomes)","Cross-presentation of soluble exogenous antigens (endosomes)",-4.22148262160065,0.564715798340585,TRUE,FALSE,-3.76052384072555,3.76052384072555,"opposite direction"
"human_vs_mouse_KD_Reactome","human KD vs control vs mouse KD vs control","Reactome","Transport of connexons to the plasma membrane","Transport of connexons to the plasma membrane","either",0.05,"opposite direction",-3.73890356186619,3.73890356186619,1.98607271075239,-1.7528308511138,0.00363018354294996,0.0255257622805653,"14609/22142/67951/22143/227613/22146/22152","80086/10382/347688/7277","R-HSA-190872","R-MMU-190872","Transport of connexons to the plasma membrane","Transport of connexons to the plasma membrane",-1.59302127963087,2.44007141637568,TRUE,TRUE,-3.73890356186619,3.73890356186619,"opposite direction"
"human_vs_mouse_KD_Reactome","human KD vs control vs mouse KD vs control","Reactome","Amplification of signal from the kinetochores","Amplification of signal from the kinetochores","either",0.05,"opposite direction",3.58613447639976,3.58613447639976,-1.66587398827837,1.92026048812139,0.0368310977635968,0.0003233651264945,"13424/269966/67139/103573/236930/52504/18221/56430/66977/26951/68549/107995/83431/76499/12237/228421/66934/52696/75786/12235/229841/68097/21770/26932/66140/70385/52276/16319/108000/12236/19387","54908/11130/701/1063/8379/80152/348235/332/55746/147841/57082/55143/79172/699/6232/25936/25909/79980/151246/55055/83540/348995/79682/5527/220134/2491/57405/1060/64946/55839/1058/57122/3619/991/9735/55166/5905/23421/81930/151648/91687/1062/23279/4085/54820/9212","R-HSA-141424","R-MMU-141424","Amplification of signal from the kinetochores","Amplification of signal from the kinetochores",3.49030681865242,-1.43378533665506,TRUE,TRUE,3.58613447639976,3.58613447639976,"opposite direction"
"human_vs_mouse_KD_Reactome","human KD vs control vs mouse KD vs control","Reactome","Amplification of signal from unattached kinetochores via a MAD2 inhibitory signal","Amplification  of signal from unattached  kinetochores via a MAD2  inhibitory signal","either",0.05,"opposite direction",3.58613447639976,3.58613447639976,-1.66587398827837,1.92026048812139,0.0368310977635968,0.0003233651264945,"13424/269966/67139/103573/236930/52504/18221/56430/66977/26951/68549/107995/83431/76499/12237/228421/66934/52696/75786/12235/229841/68097/21770/26932/66140/70385/52276/16319/108000/12236/19387","54908/11130/701/1063/8379/80152/348235/332/55746/147841/57082/55143/79172/699/6232/25936/25909/79980/151246/55055/83540/348995/79682/5527/220134/2491/57405/1060/64946/55839/1058/57122/3619/991/9735/55166/5905/23421/81930/151648/91687/1062/23279/4085/54820/9212","R-HSA-141444","R-MMU-141444","Amplification  of signal from unattached  kinetochores via a MAD2  inhibitory signal","Amplification  of signal from unattached  kinetochores via a MAD2  inhibitory signal",3.49030681865242,-1.43378533665506,TRUE,TRUE,3.58613447639976,3.58613447639976,"opposite direction"
"human_vs_mouse_KD_Reactome","human KD vs control vs mouse KD vs control","Reactome","Metabolism of polyamines","Metabolism of polyamines","either",0.05,"opposite direction",-3.53121101701303,3.53121101701303,1.20628034186498,-2.32493067514805,0.538982829251286,2.49570661479088e-05,"18263/26444/228608/59029/20810/18247/19181/18104/19167/19173/67089/17463/22123/26441/19170/70247","5687/4953/4947/5704/51582/5690/10213/5719/5685/5684/6303/5718/11047/7979/5694/5717/5689/5701/196743/113451/5686/5709/54498/5691/5707","R-HSA-351202","R-MMU-351202","Metabolism of polyamines","Metabolism of polyamines",-4.6028064698976,0.268425070212518,TRUE,FALSE,-3.53121101701303,3.53121101701303,"opposite direction"
"human_vs_mouse_KD_Reactome","human KD vs control vs mouse KD vs control","Reactome","Regulation of ornithine decarboxylase (ODC)","Regulation of ornithine decarboxylase (ODC)","either",0.05,"opposite direction",-3.52674258674218,3.52674258674218,1.18313853366364,-2.34360405307854,0.59719790779971,2.5128020267419e-05,"18263/26444/59029/18247/19181/18104/19167/19173/67089/17463/22123/26441/19170/70247","5687/4953/4947/5704/51582/5690/10213/5719/5685/5684/5718/11047/7979/5694/5717/5689/5701/5686/5709/5691/5707","R-HSA-350562","R-MMU-350562","Regulation of ornithine decarboxylase (ODC)","Regulation of ornithine decarboxylase (ODC)",-4.59984172632204,0.22388172243501,TRUE,FALSE,-3.52674258674218,3.52674258674218,"opposite direction"
"human_vs_mouse_KD_Reactome","human KD vs control vs mouse KD vs control","Reactome","Gap junction assembly","Gap junction assembly","either",0.05,"opposite direction",-3.48539193100325,3.48539193100325,1.87574388491157,-1.60964804609168,0.0223778755942561,0.0756090175029796,"14609/22142/67951/22143/227613/22146/22152","81027/10376/2705/2697/7278/7846/2709/127534/7280/80086/10382/347688/7277","R-HSA-190861","R-MMU-190861","Gap junction assembly","Gap junction assembly",-1.12142640531573,1.65018114486236,FALSE,TRUE,-3.48539193100325,3.48539193100325,"opposite direction"
"human_vs_mouse_KD_Reactome","human KD vs control vs mouse KD vs control","Reactome","Antigen processing: Ub, ATP-independent proteasomal degradation","Antigen processing: Ub, ATP-independent proteasomal degradation","either",0.05,"opposite direction",-3.47011484910462,3.47011484910462,1.64413587593451,-1.82597897317011,0.203327404905738,0.0127493782769375,"19171/19186/26444/16913/19188/16912/19167/19173","5699/5692/5687/5690/5685/5720/5684/5694/5689/5686/5691","R-HSA-9912633","R-MMU-9912633","Antigen processing: Ub, ATP-independent proteasomal degradation","Antigen processing: Ub, ATP-independent proteasomal degradation",-1.8945109930715,0.691804082270825,TRUE,FALSE,-3.47011484910462,3.47011484910462,"opposite direction"
"human_vs_mouse_KD_Reactome","human KD vs control vs mouse KD vs control","Reactome","Cellular response to starvation","Cellular response to starvation","either",0.05,"opposite direction",3.45036835301223,3.45036835301223,-1.90523437119928,1.54513398181295,0.00798655001263218,0.0150834723974126,"56032/11984/11973/80909/54170/114143/329679/11966/11964/66335/56692/73834/11972/52187","6187/6130/6128/6228/6146/3921/6159/6129/6171/116832/6133/23677/6218/6231/6230/6136/6224/6144/23521/6232/51121/6124/9045/6158/6189/6122/6233/6201/6170/57761/6173/6235/6210/440275/6204/1968/6234/58528","R-HSA-9711097","R-MMU-9711097","Cellular response to starvation","Cellular response to starvation",1.82149866712426,-2.09764078439639,TRUE,TRUE,3.45036835301223,3.45036835301223,"opposite direction"
"human_vs_mouse_KD_Reactome","human KD vs control vs mouse KD vs control","Reactome","Removal of the Flap Intermediate from the C-strand","Removal of the Flap Intermediate from the C-strand","either",0.05,"opposite direction",3.43700088341321,3.43700088341321,-1.39929372244378,2.03770716096943,0.387690988305238,0.00116707245985759,"18538/497652/21750/327762/68275/67967/21749/19891/57321","5425/54386/6118/2237/7486/1763/7013/25913/6119/26277","R-HSA-174437","R-MMU-174437","Removal of the Flap Intermediate from the C-strand","Removal of the Flap Intermediate from the C-strand",2.93290217913939,-0.411514293846527,TRUE,FALSE,3.43700088341321,3.43700088341321,"opposite direction"
"human_vs_mouse_KD_Reactome","human KD vs control vs mouse KD vs control","Reactome","Activation of STAT3 by cadherin engagement","Activation of STAT3 by cadherin engagement","either",0.05,"opposite direction",-3.43607514236017,3.43607514236017,1.28132772066071,-2.15474742169946,0.482176255304871,3.63461033967609e-05,"11475/12552/13039/11461/227377/330662/20779/12540/22325/11465/16452/54721/16193","998/5687/5704/1495/1009/3716/5690/10213/5719/5685/5684/5718/72/1500/11047/7979/9844/5694/5717/6774/5689/5701/4790/6714/5686/5709/3717/5691/5707/1499/127544/58/59","R-HSA-9958825","R-MMU-9958825","Activation of STAT3 by cadherin engagement","Activation of STAT3 by cadherin engagement",-4.43954214227384,0.316794180196591,TRUE,FALSE,-3.43607514236017,3.43607514236017,"opposite direction"
"human_vs_mouse_KD_Reactome","human KD vs control vs mouse KD vs control","Reactome","HDR through Homologous Recombination (HRR)","HDR through Homologous Recombination (HRR)","either",0.05,"opposite direction",3.36610389525669,3.36610389525669,-1.2194063718981,2.14669752335859,0.549528155460359,1.7668273273717e-05,"69263/381306/59001/193838/18538/11920/327762/19362/26909/19687/22186/68275/80905/74335/71711/233826/52864/67967/21975/22190/19891/12189/12144/27015","5425/348654/9156/5889/197342/83695/63979/7517/6118/79728/6233/7516/7486/1763/672/23514/54107/10635/84464/6119/3364/5984/4683/5982/4361/83990/5429/146956/641/5426/7156/5892/5932/84126/11073/116028/580/675/56655/5810/5111/80198/51750/1111","R-HSA-5685942","R-MMU-5685942","HDR through Homologous Recombination (HRR)","HDR through Homologous Recombination (HRR)",4.75280589216498,-0.260010051288143,TRUE,FALSE,3.36610389525669,3.36610389525669,"opposite direction"
"human_vs_mouse_KD_Reactome","human KD vs control vs mouse KD vs control","Reactome","DARPP-32 events","DARPP-32 events","either",0.05,"opposite direction",-3.36534511912648,3.36534511912648,1.0422484560069,-2.32309666311958,0.785948165824963,8.16049941269372e-05,"12568/238871/18578/19088/19084","801/5532/5142/5568/5528/5518/1020/5519/5141/5144/5530/5515/5499/5577","R-HSA-180024","R-MMU-180024","DARPP-32 events","DARPP-32 events",-4.08828326213582,0.104606095230947,TRUE,FALSE,-3.36534511912648,3.36534511912648,"opposite direction"
"human_vs_mouse_KD_Reactome","human KD vs control vs mouse KD vs control","Reactome","Gap junction trafficking and regulation","Gap junction trafficking and regulation","either",0.05,"opposite direction",-3.35463665179526,3.35463665179526,1.38558823656904,-1.96904841522622,0.362048372648552,0.00259406806758616,"14609/22142/67951/22143/227613/13429/22146/22152/11461","80086/1601/10382/6714/347688/1759/1213/7277","R-HSA-157858","R-MMU-157858","Gap junction trafficking and regulation","Gap junction trafficking and regulation",-2.58601863234245,0.441233400265565,TRUE,FALSE,-3.35463665179526,3.35463665179526,"opposite direction"
"human_vs_mouse_KD_Reactome","human KD vs control vs mouse KD vs control","Reactome","Processive synthesis on the C-strand of the telomere","Processive synthesis on the C-strand of the telomere","either",0.05,"opposite direction",3.32418338157224,3.32418338157224,-1.43558350346236,1.88859987810988,0.356479690522244,0.00503979178128074,"18538/497652/21750/327762/68275/67967/21749/19891/12144/57321","5425/54386/6118/2237/7486/1763/7013/25913/6119/26277","R-HSA-174414","R-MMU-174414","Processive synthesis on the C-strand of the telomere","Processive synthesis on the C-strand of the telomere",2.29758740603638,-0.447965207874868,TRUE,FALSE,3.32418338157224,3.32418338157224,"opposite direction"
"human_vs_mouse_KD_Reactome","human KD vs control vs mouse KD vs control","Reactome","Regulation of CDH1 Function","Regulation of CDH1 Function","either",0.05,"opposite direction",-3.31895205722706,3.31895205722706,1.07263496543987,-2.24631709178719,0.723492962056304,2.85078959373655e-05,"11475/26444/14694/13858/59029/105837/13039/11461/19181/20779/19167/19173/11465/14360/67089","5690/10213/5719/5685/5684/5718/2534/72/1500/11047/7979/5694/5717/5689/5701/6714/5686/5709/5691/5707/1499/58/59","R-HSA-9764561","R-MMU-9764561","Regulation of CDH1 Function","Regulation of CDH1 Function",-4.54503483518133,0.140565689223558,TRUE,FALSE,-3.31895205722706,3.31895205722706,"opposite direction"
"human_vs_mouse_KD_Reactome","human KD vs control vs mouse KD vs control","Reactome","Proteasome assembly","Proteasome assembly","either",0.05,"opposite direction",-3.29206695262343,3.29206695262343,1.45041273099981,-1.84165422162362,0.270390253974809,0.00475649820832507,"19171/19186/26444/16913/19188/59029/19192/107047/19181/16912/69666/19167/19173/67089/17463/56088/22123/26441/19170/70247","5690/10213/5710/5719/5685/5720/5684/5718/23198/11047/7979/5694/5717/5689/5701/5686/5709/5691/5707","R-HSA-9907900","R-MMU-9907900","Proteasome assembly","Proteasome assembly",-2.32271266250699,0.568008966285288,TRUE,FALSE,-3.29206695262343,3.29206695262343,"opposite direction"
"human_vs_mouse_KD_Reactome","human KD vs control vs mouse KD vs control","Reactome","Gap junction trafficking","Gap junction trafficking","either",0.05,"opposite direction",-3.27445327867914,3.27445327867914,1.40591454368609,-1.86853873499305,0.387690988305238,0.00740896574243909,"14609/22142/67951/22143/227613/13429/22146/22152/11461","80086/1601/10382/347688/1759/1213/7277","R-HSA-190828","R-MMU-190828","Gap junction trafficking","Gap junction trafficking",-2.1302424133029,0.411514293846527,TRUE,FALSE,-3.27445327867914,3.27445327867914,"opposite direction"
"human_vs_mouse_KD_Reactome","human KD vs control vs mouse KD vs control","Reactome","Fanconi Anemia Pathway","Fanconi Anemia Pathway","either",0.05,"opposite direction",3.26395415145904,3.26395415145904,-1.0494590099034,2.21449514155564,0.731281627594754,5.33204035007886e-05,"193838/67513/104806/237211/50505/272158/235610/60534/22186/68275/71711/20892/71885/52864/67196/22190/19891","201254/2175/55215/2189/197342/199990/29089/22909/6118/2176/2177/6233/2067/84464/80233/2178/6119/2188/146956/64858/2187/84126","R-HSA-6783310","R-MMU-6783310","Fanconi Anemia Pathway","Fanconi Anemia Pathway",4.27310657273337,-0.13591533746656,TRUE,FALSE,3.26395415145904,3.26395415145904,"opposite direction"
"human_vs_mouse_KD_Reactome","human KD vs control vs mouse KD vs control","Reactome","Autodegradation of Cdh1 by Cdh1:APC/C","Autodegradation of Cdh1 by Cdh1:APC/C","either",0.05,"opposite direction",-3.26073873278594,3.26073873278594,1.0783665126127,-2.18237222017324,0.728952545145105,9.0563768417823e-05,"26444/59008/52206/59029/69957/216080/19181/217232/19167/19173/67089/52717/17222/17463/22123/26441/19170/70247/78294/56371","5690/10213/5719/5685/5684/10393/5718/8881/51433/11047/64682/7321/29882/7979/5694/5717/5689/5701/5686/5709/5691/29945/5707","R-HSA-174084","R-MMU-174084","Autodegradation of Cdh1 by Cdh1:APC/C","Autodegradation of Cdh1 by Cdh1:APC/C",-4.04304551450148,0.1373007433589,TRUE,FALSE,-3.26073873278594,3.26073873278594,"opposite direction"
"human_vs_mouse_KD_Reactome","human KD vs control vs mouse KD vs control","Reactome","Dectin-1 mediated noncanonical NF-kB signaling","Dectin-1 mediated noncanonical NF-kB signaling","either",0.05,"opposite direction",-3.2518928592642,3.2518928592642,0.943993727894708,-2.30789913136949,0.894084129378247,3.2628487562523e-05,"26444/22192/59029/19181/19167/19173/67089/22200/26965/17463/19698/22123/26441/19170/70247/78294","5687/5704/9040/5971/1147/5690/10213/5719/5685/5684/5718/11047/8454/7979/4791/5694/5717/9039/5689/5701/5686/5709/5691/5707","R-HSA-5607761","R-MMU-5607761","Dectin-1 mediated noncanonical NF-kB signaling","Dectin-1 mediated noncanonical NF-kB signaling",-4.48640305672005,0.0486216140836093,TRUE,FALSE,-3.2518928592642,3.2518928592642,"opposite direction"
"human_vs_mouse_KD_Reactome","human KD vs control vs mouse KD vs control","Reactome","NIK-->noncanonical NF-kB signaling","NIK-->noncanonical NF-kB signaling","either",0.05,"opposite direction",-3.24131092586584,3.24131092586584,0.943993727894708,-2.29731719797113,0.894084129378247,3.68003241515305e-05,"26444/22192/59029/19181/19167/19173/67089/22200/26965/17463/19698/22123/26441/19170/70247/78294","5687/5704/9040/5971/1147/5690/10213/5719/5685/5684/5718/11047/8454/7979/4791/5694/5717/9039/5689/5701/5686/5709/5691/5707","R-HSA-5676590","R-MMU-5676590","NIK-->noncanonical NF-kB signaling","NIK-->noncanonical NF-kB signaling",-4.43414835587537,0.0486216140836093,TRUE,FALSE,-3.24131092586584,3.24131092586584,"opposite direction"
"human_vs_mouse_KD_Reactome","human KD vs control vs mouse KD vs control","Reactome","Integration of energy metabolism","Integration of energy metabolism","either",0.05,"opposite direction",-3.23425897105704,3.23425897105704,1.39645455317136,-1.83780441788568,0.356479690522244,0.00130540055489741,"20525/12286/14682/14701/18795/12288/19088/19084/14693/14708/21351/109905/14672/14688/50790/14696/14706/16439/68465/14702/18797/12296","2778/6844/32/111/23236/3747/51094/31/5568/5528/777/2771/5518/5313/5207/5331/2783/5906/6888/10411/196883/2740/5519/150/6812/112/3710/47/2181/10768/5515/775/3708/784/5577","R-HSA-163685","R-MMU-163685","Integration of energy metabolism","Integration of energy metabolism",-2.88425620703086,0.447965207874868,TRUE,FALSE,-3.23425897105704,3.23425897105704,"opposite direction"
"human_vs_mouse_KD_Reactome","human KD vs control vs mouse KD vs control","Reactome","Signaling by ERBB4","Signaling by ERBB4","either",0.05,"opposite direction",-3.23364283730569,3.23364283730569,1.60100023570547,-1.63264260160022,0.117567014780821,0.0251847543214528,"13874/17999/22601/19165/59287/107568/15461/20416/19164/18706/20779/80707/226548","10718/6654/9542/2566/2065/23385/2554/5241/6285/23118/2567/11059/3084/51107/3265/6868/9611/6776/2099/6714/5295/5290/6387/55851/4734","R-HSA-1236394","R-MMU-1236394","Signaling by ERBB4","Signaling by ERBB4",-1.59886228135016,0.92971450911087,TRUE,FALSE,-3.23364283730569,3.23364283730569,"opposite direction"
"human_vs_mouse_KD_Reactome","human KD vs control vs mouse KD vs control","Reactome","SPOP-mediated proteasomal degradation of PD-L1(CD274)","SPOP-mediated proteasomal degradation of PD-L1(CD274)","either",0.05,"opposite direction",-3.22538135262126,3.22538135262126,1.04529997094891,-2.18008138167235,0.782577614379085,0.000168061600721765,"12567/26444/22628/59029/12443/19181/60533/19167/19173/67089/12995/17463/22123/20747/26441/19170/70247/78294","5690/10213/1460/5719/5685/5684/5718/8452/11047/7979/5694/5717/5689/5701/9978/5686/5709/8405/5691/5707","R-HSA-9929491","R-MMU-9929491","SPOP-mediated proteasomal degradation of PD-L1(CD274)","SPOP-mediated proteasomal degradation of PD-L1(CD274)",-3.77453150428607,0.1064725792448,TRUE,FALSE,-3.22538135262126,3.22538135262126,"opposite direction"
"human_vs_mouse_KD_Reactome","human KD vs control vs mouse KD vs control","Reactome","COPI-independent Golgi-to-ER retrograde traffic","COPI-independent Golgi-to-ER retrograde traffic","either",0.05,"opposite direction",-3.21946115551324,3.21946115551324,1.25259834949498,-1.96686280601826,0.515426436370145,0.00136511543010045,"22142/67951/22143/235661/227613/18476/22146/22152/69654/18472/234663","7846/51143/140735/7280/5050/5049/5048/55860/10540/23299/10121/80086/830/10382/22931/347688/832/5321/8398/7277","R-HSA-6811436","R-MMU-6811436","COPI-independent Golgi-to-ER retrograde traffic","COPI-independent Golgi-to-ER retrograde traffic",-2.86483062442091,0.287833310124978,TRUE,FALSE,-3.21946115551324,3.21946115551324,"opposite direction"
"human_vs_mouse_KD_Reactome","human KD vs control vs mouse KD vs control","Reactome","RAF/MAP kinase cascade","RAF/MAP kinase cascade","either",0.05,"opposite direction",-3.20488261414735,3.20488261414735,0.968313087090486,-2.23656952705686,0.878811014404235,1.17833333333333e-08,"14178/26396/23859/13874/15234/16453/12048/26444/19731/19414/67603/18777/14268/14272/75590/218397/11836/13866/56327/59029/231474/240672/26395/114715/15461/18595/11461/14585/20416/11876/216148/19181/108058/109905/26417/16706/14586/18706/20779/13537/11600/19167/18709/54401/14083/225849/208884/19173/11465/14360/67089/11839/16416/110606/18596/14173/19252/19671/54519","2249/3667/5604/8649/5687/2906/5778/5704/1847/801/1852/115727/5291/5786/673/3561/3716/2902/9986/3084/4254/5690/10213/818/5528/5719/5685/5684/3265/5518/1741/5718/8452/2255/1843/8831/2534/1439/5147/5159/2668/408/11047/2260/5906/7979/817/1740/5900/5694/5921/5717/28956/2675/3718/5689/8036/5526/5519/5701/8315/5037/9978/5747/6714/51104/5295/10048/5686/5709/5501/3717/5290/4763/58489/284/5691/5593/5707/5515/2263/23179/11221/5525/5595/5156/57731/3082/2252","R-HSA-5673001","R-MMU-5673001","RAF/MAP kinase cascade","RAF/MAP kinase cascade",-7.92873183658675,0.0561045085733251,TRUE,FALSE,-3.20488261414735,3.20488261414735,"opposite direction"
"human_vs_mouse_KD_Reactome","human KD vs control vs mouse KD vs control","Reactome","ER-Phagosome pathway","ER-Phagosome pathway","either",0.05,"opposite direction",-3.20361225673927,3.20361225673927,1.56933279624843,-1.63427946049084,0.182143149896075,0.0122842099042503,"19171/19186/26444/16913/19188/15039","1147/929/5690/10952/10213/5719/5685/5720/5684/5718/55176/11047/7979/6810/5694/5717/3134/5689/5701/23480/5686/5709/5691/8673/5707/3135","R-HSA-1236974","R-MMU-1236974","ER-Phagosome pathway","ER-Phagosome pathway",-1.91065277123591,0.739587157215236,TRUE,FALSE,-3.20361225673927,3.20361225673927,"opposite direction"
"human_vs_mouse_KD_Reactome","human KD vs control vs mouse KD vs control","Reactome","Regulation of insulin secretion","Regulation of insulin secretion","either",0.05,"opposite direction",-3.18392675248347,3.18392675248347,1.47353996554429,-1.71038678693918,0.246037017559627,0.00703878949595541,"20525/12286/14682/14701/18795/12288/14693/14708/109905/14672/14688/50790/14696/14706/16439/14702/18797/12296","2778/6844/111/23236/3747/5568/777/2771/5331/2783/5906/10411/2740/150/6812/112/3710/2181/10768/775/3708/784/5577","R-HSA-422356","R-MMU-422356","Regulation of insulin secretion","Regulation of insulin secretion",-2.15250202273708,0.608999546098164,TRUE,FALSE,-3.18392675248347,3.18392675248347,"opposite direction"
"human_vs_mouse_KD_Reactome","human KD vs control vs mouse KD vs control","Reactome","Intraflagellar transport","Intraflagellar transport","either",0.05,"opposite direction",-3.17304823464608,3.17304823464608,1.59488357855235,-1.57816465609373,0.103383470186651,0.0371148823725438,"22142/67951/22143/67661/245866/213575/227613/22146/22152/71820/76779/72421/76568/72938/12589/81896/67068/67286/21821/55978","140735/26160/7280/83658/90410/51098/80173/3797/28981/64792/56912/51626/11127/10382/22920/7277","R-HSA-5620924","R-MMU-5620924","Intraflagellar transport","Intraflagellar transport",-1.43045191150995,0.985548894323291,TRUE,FALSE,-3.17304823464608,3.17304823464608,"opposite direction"
"human_vs_mouse_KD_Reactome","human KD vs control vs mouse KD vs control","Reactome","SUMOylation of DNA damage response and repair proteins","SUMOylation of DNA damage response and repair proteins","either",0.05,"opposite direction",3.16527728700119,3.16527728700119,-1.46096185165149,1.7043154353497,0.197834154135897,0.0118394731983147,"107939/19821/69482/240087/227720/22196/226026/22218/241915/12189/59004/12144/68501/18141","10762/9883/9656/6672/84733/142/55746/7508/165918/5371/23636/11097/348995/6612/7486/672/56160/6015/23225/57122/8535/6996/641/1911/51588/23279","R-HSA-3108214","R-MMU-3108214","SUMOylation of DNA damage response and repair proteins","SUMOylation of DNA damage response and repair proteins",1.92666762127483,-0.703698729562407,TRUE,FALSE,3.16527728700119,3.16527728700119,"opposite direction"
"human_vs_mouse_KD_Reactome","human KD vs control vs mouse KD vs control","Reactome","Unblocking of NMDA receptors, glutamate binding and activation","Unblocking of NMDA receptors, glutamate binding and activation","either",0.05,"opposite direction",-3.16432049781718,3.16432049781718,1.35036560626844,-1.81395489154874,0.453242996241299,0.0213149080981111,"23859/14799","2906/801/2903/2902/818/1741/2891/817/1740","R-HSA-438066","R-MMU-438066","Unblocking of NMDA receptors, glutamate binding and activation","Unblocking of NMDA receptors, glutamate binding and activation",-1.67131653552772,0.343668898136496,TRUE,FALSE,-3.16432049781718,3.16432049781718,"opposite direction"
"human_vs_mouse_KD_Reactome","human KD vs control vs mouse KD vs control","Reactome","GSK3B and BTRC:CUL1-mediated-degradation of NFE2L2","GSK3B and BTRC:CUL1-mediated-degradation of NFE2L2","either",0.05,"opposite direction",-3.15200712145881,3.15200712145881,0.839687398205772,-2.31231972325304,0.988974242052217,5.37808334864643e-05,"26444/59029/19181/18024/19167/19173/67089/26965/17463/56637/22123/26441/19170/70247/78294","5690/10213/5719/5685/5684/5718/11047/8454/7979/4780/5694/5717/5689/5701/9978/5686/5709/5691/5707","R-HSA-9762114","R-MMU-9762114","GSK3B and BTRC:CUL1-mediated-degradation of NFE2L2","GSK3B and BTRC:CUL1-mediated-degradation of NFE2L2",-4.2693724714365,0.00481501950521023,TRUE,FALSE,-3.15200712145881,3.15200712145881,"opposite direction"
"human_vs_mouse_KD_Reactome","human KD vs control vs mouse KD vs control","Reactome","Autodegradation of the E3 ubiquitin ligase COP1","Autodegradation of the E3 ubiquitin ligase COP1","either",0.05,"opposite direction",-3.1259950760366,3.1259950760366,0.946415334364778,-2.17957974167182,0.894084129378247,0.000313674037601297,"22059/26444/59029/26374/19181/19167/19173/67089/17463/22123/26441/19170/70247/78294","5690/10213/5719/5685/5684/5718/11047/7979/5694/5717/5689/5701/5686/5709/5691/5707/64326","R-HSA-349425","R-MMU-349425","Autodegradation of the E3 ubiquitin ligase COP1","Autodegradation of the E3 ubiquitin ligase COP1",-3.50352142581326,0.0486216140836093,TRUE,FALSE,-3.1259950760366,3.1259950760366,"opposite direction"
"human_vs_mouse_KD_Reactome","human KD vs control vs mouse KD vs control","Reactome","Fcgamma receptor (FCGR) dependent phagocytosis","Fcgamma receptor (FCGR) dependent phagocytosis","either",0.05,"opposite direction",-3.12558954210003,3.12558954210003,1.09123991208487,-2.03434963001516,0.701705174577397,0.00020313051847496,"71910/11867/68089/67771/20430/11461/18754/26417/330662/242687/18706/20779/17913/11350/74117/12540/18709/22325/14083/11465/14360","1072/10787/5580/10096/2534/4627/5058/10006/4641/10109/9844/10092/1398/5747/6714/5295/10458/3710/5290/4644/10768/8398/10095/10451/5595/3708","R-HSA-2029480","R-MMU-2029480","Fcgamma receptor (FCGR) dependent phagocytosis","Fcgamma receptor (FCGR) dependent phagocytosis",-3.69222482297838,0.153845320845955,TRUE,FALSE,-3.12558954210003,3.12558954210003,"opposite direction"
"human_vs_mouse_KD_Reactome","human KD vs control vs mouse KD vs control","Reactome","Cargo trafficking to the periciliary membrane","Cargo trafficking to the periciliary membrane","either",0.05,"opposite direction",-3.12428038508939,3.12428038508939,1.65436532679182,-1.46991505829757,0.0661416277422151,0.0457308401885668,"22142/53413/18764/67951/22143/227613/319757/76260/12464/22146/22152/13196/67378/18763/12469/21454/100503572","166379/6753/7278/10576/1260/117177/2847/7846/1258/22948/7280/11336/6950/79969/5311/6608/4218/5147/60412/55763/50807/10382/347688/403/7277","R-HSA-5620920","R-MMU-5620920","Cargo trafficking to the periciliary membrane","Cargo trafficking to the periciliary membrane",-1.33979081948295,1.1795251213249,TRUE,FALSE,-3.12428038508939,3.12428038508939,"opposite direction"
"human_vs_mouse_KD_Reactome","human KD vs control vs mouse KD vs control","Reactome","Recycling pathway of L1","Recycling pathway of L1","either",0.05,"opposite direction",-3.11824417663265,3.11824417663265,1.26037118545123,-1.85787299118142,0.536440845348607,0.00590611562075961,"22142/67951/22143/227613/13429/22146/22152/17698/11461","80086/161/10382/6714/347688/1759/1213/285643/9252/7277","R-HSA-437239","R-MMU-437239","Recycling pathway of L1","Recycling pathway of L1",-2.2286980553448,0.270478161778377,TRUE,FALSE,-3.11824417663265,3.11824417663265,"opposite direction"
"human_vs_mouse_KD_Reactome","human KD vs control vs mouse KD vs control","Reactome","Glutathione conjugation","Glutathione conjugation","either",0.05,"opposite direction",-3.11658847996483,3.11658847996483,1.88440994222982,-1.23217853773501,0.0231770015780794,0.345447046132369,"14873/69065/14874/211666/14870/68312/75475/14629/14854/14630/14863/68044/14865/13885/110175","2098/2730/26873/119391/10327/2949","R-HSA-156590","R-MMU-156590","Glutathione conjugation","Glutathione conjugation",-0.46161851655339,1.63494274966336,FALSE,TRUE,-3.11658847996483,3.11658847996483,"opposite direction"
"human_vs_mouse_KD_Reactome","human KD vs control vs mouse KD vs control","Reactome","Fatty acid metabolism","Fatty acid metabolism","either",0.05,"opposite direction",-3.11392267998868,3.11392267998868,1.72165378064758,-1.3922688993411,0.00501523604919284,0.0604938047898728,"56348/106529/74114/76267/11409/17250/330260/19224/19225/67460/66904/75778/104112/231086/14104/107476/257633/56473/171210/93747/11370/16922/56360/23986/26897/68041/433256/234309/66775/26378/52538/17117/17850/269823/110821/11690/625249/11666/20524/70316/26922/18783/15107/93732/13078/19223/50790/223722/111175/329910/57279/14775/13479/12896","23305/215/1376/5444/401494/4051/55289/246/11283/79777/58526/11332/51144/8529/32/9200/83401/2876/2879/57834/31/30/241/134526/1573/1384/5446/788/3293/3992/22949/51703/4048/6342/7923/10478/9524/5743/79071/51/376497/80221/9536/47/2181/5321/35/11000/79993/5742/33","R-HSA-8978868","R-MMU-8978868","Fatty acid metabolism","Fatty acid metabolism",-1.21828909945229,2.29970862147719,FALSE,TRUE,-3.11392267998868,3.11392267998868,"opposite direction"
"human_vs_mouse_KD_Reactome","human KD vs control vs mouse KD vs control","Reactome","ABC-family protein mediated transport","ABC-family protein mediated transport","either",0.05,"opposite direction",-3.10709700639152,3.10709700639152,1.0624877348748,-2.04460927151672,0.716601682741637,8.01112473537023e-05,"239273/26444/17250/74610/217262/11306/59029/19298/66753/244373/19181/11666/224742/19167/18671/27410/19299/19173/67089","5687/91319/5704/64137/10350/23461/5825/5690/10213/5719/10057/5685/5684/22/5718/10347/11047/5243/7979/5694/5717/5689/5701/21/225/1080/20/5686/5709/79139/7415/5691/5707","R-HSA-382556","R-MMU-382556","ABC-family protein mediated transport","ABC-family protein mediated transport",-4.09630650612878,0.144722176347763,TRUE,FALSE,-3.10709700639152,3.10709700639152,"opposite direction"
"human_vs_mouse_KD_Reactome","human KD vs control vs mouse KD vs control","Reactome","SUMOylation of DNA replication proteins","SUMOylation of DNA replication proteins","either",0.05,"opposite direction",3.10662438497709,3.10662438497709,-1.47916413549701,1.62746024948008,0.256948197124299,0.0294819588954439,"107939/69482/227720/22196/22218/59004/52276/16319/19387/18141","10762/9883/332/55746/55143/23636/11097/6790/348995/6612/23225/57122/3619/5905/51588/23279/9212/9818/7153","R-HSA-4615885","R-MMU-4615885","SUMOylation of DNA replication proteins","SUMOylation of DNA replication proteins",1.53044366364819,-0.590154425193112,TRUE,FALSE,3.10662438497709,3.10662438497709,"opposite direction"
"human_vs_mouse_KD_Reactome","human KD vs control vs mouse KD vs control","Reactome","Signaling by Hedgehog","Signaling by Hedgehog","either",0.05,"opposite direction",-3.10163851658003,3.10163851658003,1.21390649039907,-1.88773202618096,0.443887067437469,0.000279099909231829,"14451/22142/67951/59056/26444/22143/67661/245866/227613/319757/57810/75788/59029/66753/22146/22152/19088/19084/81896/226861/104111/19181/21821/237222/16568/14633/19167/93687/214498/19173/67089","51098/5690/5568/10213/147111/5719/5685/5684/6868/91653/5718/8452/2622/6608/51684/3549/408/11047/84447/11127/8454/7979/196883/5694/5717/5689/5701/9978/10382/112/5686/5709/8405/7415/5691/5707/50937/5577/2619/7277","R-HSA-5358351","R-MMU-5358351","Signaling by Hedgehog","Signaling by Hedgehog",-3.55424030475151,0.35272750787475,TRUE,FALSE,-3.10163851658003,3.10163851658003,"opposite direction"
"human_vs_mouse_KD_Reactome","human KD vs control vs mouse KD vs control","Reactome","Biological oxidations","Biological oxidations","either",0.05,"opposite direction",-3.0969934866324,3.0969934866324,1.68630143188797,-1.41069205474443,0.0188996970627219,0.0384016651745866,"232087/14873/11529/11864/69065/14874/19224/211666/14870/67768/228608/11532/18113/68312/75475/269378/22021/14629/109754/68021/14854/13123/109652/110198/14630/18105/13078/19223/14863/13479/22017/68044/67674/67883/22235/14865/22022/56448/13885/238505/110175","10/4051/54996/11283/2328/54577/6783/1066/494143/2729/8529/54578/9420/22977/57834/66002/2950/1573/5443/131/7360/5447/2098/405/10499/2730/8639/218/196743/8460/7358/80146/26873/9049/119391/55902/54498/10327/2949/8459/5742/4128/2052/217","R-HSA-211859","R-MMU-211859","Biological oxidations","Biological oxidations",-1.41564994332896,1.72354515694012,TRUE,TRUE,-3.0969934866324,3.0969934866324,"opposite direction"
"human_vs_mouse_KD_Reactome","human KD vs control vs mouse KD vs control","Reactome","MAPK1/MAPK3 signaling","MAPK1/MAPK3 signaling","either",0.05,"opposite direction",-3.08643556236195,3.08643556236195,0.921438204460604,-2.16499735790135,0.94084996636017,1.17833333333333e-08,"14178/26396/23859/13874/15234/16453/12048/26444/19731/19414/67603/18777/14268/14272/75590/218397/11836/13866/56327/59029/231474/240672/26395/114715/15461/18595/11461/14585/20416/11876/216148/19181/108058/109905/26417/16706/14586/18706/20779/13537/11600/19167/18709/54401/14083/225849/208884/19173/11465/14360/67089/11839/16416/110606/18596/14173/19252/19671/54519/16452/54721/17463/16193/19262/114713/83409","2249/3667/5604/8649/5687/2906/5778/5704/1847/801/1852/115727/5291/5786/673/3561/3716/2902/9986/3084/4254/5690/10213/818/5528/5719/5685/5684/3265/5518/1741/5718/8452/2255/1843/8831/2534/1439/5147/5159/2668/408/11047/2260/5906/7979/817/1740/5900/5694/5921/5717/28956/2675/3718/5689/8036/5526/5519/5701/8315/5037/9978/5747/6714/51104/5295/10048/5686/5709/5501/3717/5290/4763/58489/284/5691/5593/5707/5515/2263/23179/11221/5525/5595/5156/57731/3082/2252","R-HSA-5684996","R-MMU-5684996","MAPK1/MAPK3 signaling","MAPK1/MAPK3 signaling",-7.92873183658675,0.0264796262825296,TRUE,FALSE,-3.08643556236195,3.08643556236195,"opposite direction"
"human_vs_mouse_KD_Reactome","human KD vs control vs mouse KD vs control","Reactome","Homology Directed Repair","Homology Directed Repair","either",0.05,"opposite direction",3.0858747154982,3.0858747154982,-1.18361897349112,1.90225574200708,0.490676453084705,0.00013316512840044,"68275/80905/19367/74335/71711/233826/93765/20184/52864/240087/67967/21975/12566/22190/22196/235559/77782/269582/19891/12428/12189/59004/12144/27015","5425/9656/142/165918/348654/9156/5889/197342/83695/63979/85236/7517/6118/2237/79728/7158/7468/6233/10038/7516/2067/3017/7486/1763/672/23514/54107/10635/84464/63967/6119/3364/5984/4683/5982/4361/83990/5429/8914/146956/641/5426/79184/7156/5892/5932/84142/7515/10721/51588/84126/11073/116028/1017/580/675/5893/56655/5810/5111/8349/80198/51750","R-HSA-5693538","R-MMU-5693538","Homology Directed Repair","Homology Directed Repair",3.87560948782354,-0.309204782737951,TRUE,FALSE,3.0858747154982,3.0858747154982,"opposite direction"
"human_vs_mouse_KD_Reactome","human KD vs control vs mouse KD vs control","Reactome","RHO GTPases activate IQGAPs","RHO GTPases activate IQGAPs","either",0.05,"opposite direction",-3.08059007999982,3.08059007999982,1.4210325808461,-1.65955749915372,0.362048372648552,0.047647845319339,"22142/67951/22143/227613/22146/22152/11461","7280/998/801/1495/4221/6249/80086/10382/347688/1499/7277","R-HSA-5626467","R-MMU-5626467","RHO GTPases activate IQGAPs","RHO GTPases activate IQGAPs",-1.32195673378912,0.441233400265565,TRUE,FALSE,-3.08059007999982,3.08059007999982,"opposite direction"
"human_vs_mouse_KD_Reactome","human KD vs control vs mouse KD vs control","Reactome","Synthesis of Leukotrienes (LT) and Eoxins (EX)","Synthesis of Leukotrienes (LT) and Eoxins (EX)","either",0.05,"opposite direction",-3.07892674933513,3.07892674933513,1.292305482482,-1.78662126685313,0.542689037398634,0.035987862059265,"17250/11690/13479/631304","1580/64174/126410/4051/246/11283/8529/57834/241/22949/4048","R-HSA-2142691","R-MMU-2142691","Synthesis of Leukotrienes (LT) and Eoxins (EX)","Synthesis of Leukotrienes (LT) and Eoxins (EX)",-1.44384395283147,0.265448951306773,TRUE,FALSE,-3.07892674933513,3.07892674933513,"opposite direction"
"human_vs_mouse_KD_Reactome","human KD vs control vs mouse KD vs control","Reactome","Aggrephagy","Aggrephagy","either",0.05,"opposite direction",-3.07611877266562,3.07611877266562,1.42800127812099,-1.64811749454463,0.362048372648552,0.0401090507431578,"22142/67951/22143/235661/227613/22352/22146/22152/234663/21821","80086/7431/10382/1080/347688/7415/7277","R-HSA-9646399","R-MMU-9646399","Aggrephagy","Aggrephagy",-1.39675761630025,0.441233400265565,TRUE,FALSE,-3.07611877266562,3.07611877266562,"opposite direction"
"human_vs_mouse_KD_Reactome","human KD vs control vs mouse KD vs control","Reactome","Opioid Signalling","Opioid Signalling","either",0.05,"opposite direction",-3.07258501647901,3.07258501647901,1.28483074670886,-1.78775426977015,0.416235287707062,0.00204944411995969,"18573/12568/18798/207565/238871/18578/14682/14701/18795/19088/19084/14693/14708/104111/18783/14672/14688/14696/14706","5332/801/111/23236/5532/5142/5568/5443/818/5528/2771/2773/5518/5580/5331/2783/196883/817/1020/5519/5141/112/3710/5321/5144/10768/5530/5515/5499/3708/5577","R-HSA-111885","R-MMU-111885","Opioid Signalling","Opioid Signalling",-2.68836391863755,0.380661103829309,TRUE,FALSE,-3.07258501647901,3.07258501647901,"opposite direction"
"human_vs_mouse_KD_Reactome","human KD vs control vs mouse KD vs control","Reactome","Mitotic Spindle Checkpoint","Mitotic Spindle Checkpoint","either",0.05,"opposite direction",3.06511193819316,3.06511193819316,-1.32305578330512,1.74205615488804,0.248459841761903,0.00217626698229788,"13424/269966/67139/103573/236930/52504/18221/56430/66977/26951/68549/107995/83431/76499/12237/228421/66934/52696/75786/12235/229841/68097/21770/26932/66140/70385/52276/16319/108000/12236/19387","54908/11130/701/1063/8379/80152/348235/332/55746/147841/57082/55143/79172/699/6232/25936/25909/79980/151246/55055/83540/348995/79682/5527/220134/2491/57405/27338/1060/64946/55839/246184/11065/1058/57122/3619/991/9735/55166/5905/23421/81930/151648/91687/1062/23279/4085/54820/9212","R-HSA-69618","R-MMU-69618","Mitotic Spindle Checkpoint","Mitotic Spindle Checkpoint",2.66228782688461,-0.6047437957056,TRUE,FALSE,3.06511193819316,3.06511193819316,"opposite direction"
"human_vs_mouse_KD_Reactome","human KD vs control vs mouse KD vs control","Reactome","Mitotic Prometaphase","Mitotic Prometaphase","either",0.05,"opposite direction",3.04682614770078,3.04682614770078,-1.38026336573862,1.66656278196216,0.0980352137439252,0.00116707245985759,"13006/103768/13424/269966/67139/18747/214444/72083/103573/101706/236930/52504/18221/56430/66977/216274/76478/26951/68549/78177/18286/74360/14211/225659/107995/83431/76499/12237/218914/228421/13001/215387/66934/53598/52696/101565/75786/15519/75296/12235/268697/229841/68097/12534/21770/100710/22627/26932/67849/66140/70385/18005/52276/99100/16319/108000/12236/19387","54908/11130/5116/701/1063/8379/80152/348235/332/55746/653784/147841/57082/22995/10783/55835/55143/79172/699/113130/3320/6232/55755/22994/25936/55142/25909/93323/79980/22981/10142/151246/9738/55055/83540/23354/348995/79682/5527/220134/54801/2491/57405/8481/1060/84131/64946/55839/9662/10806/85378/1058/80097/57122/3619/991/9735/55166/5905/23421/11190/80321/9918/7840/80254/81930/1454/151648/55722/91687/1062/23279/4085/54820/11064/9212/23397/7514/55125/64105/121441/11243/64151/115106","R-HSA-68877","R-MMU-68877","Mitotic Prometaphase","Mitotic Prometaphase",2.93290217913939,-1.00861789994284,TRUE,FALSE,3.04682614770078,3.04682614770078,"opposite direction"
"human_vs_mouse_KD_Reactome","human KD vs control vs mouse KD vs control","Reactome","The role of GTSE1 in G2/M progression after G2 checkpoint","The role of GTSE1 in G2/M progression after G2 checkpoint","either",0.05,"opposite direction",-3.04509059030274,3.04509059030274,1.23761315745703,-1.80747743284571,0.482176255304871,0.00467126964141247,"22142/22059/67951/26444/22143/12442/227613/59029/22146/22152","5690/10213/5719/5685/5684/5718/11047/7979/80086/5694/5717/5689/5701/10382/5686/347688/5709/5691/5707/7277","R-HSA-8852276","R-MMU-8852276","The role of GTSE1 in G2/M progression after G2 checkpoint","The role of GTSE1 in G2/M progression after G2 checkpoint",-2.33056506304884,0.316794180196591,TRUE,FALSE,-3.04509059030274,3.04509059030274,"opposite direction"
"human_vs_mouse_KD_Reactome","human KD vs control vs mouse KD vs control","Reactome","Ubiquitin-dependent degradation of Cyclin D","Ubiquitin-dependent degradation of Cyclin D","either",0.05,"opposite direction",-3.04346922199747,3.04346922199747,0.990705681047903,-2.05276354094957,0.843206800333115,0.00117413047285652,"12567/26444/59029/12443/19181/19167/19173/67089/17463/22123/26441/19170/70247/78294","5687/5704/5690/10213/5719/5685/5684/5718/11047/7979/5694/5717/5689/5701/5686/5709/5691/5707","R-HSA-75815","R-MMU-75815","Ubiquitin-dependent degradation of Cyclin D","Ubiquitin-dependent degradation of Cyclin D",-2.93028364031737,0.0740658995992257,TRUE,FALSE,-3.04346922199747,3.04346922199747,"opposite direction"
"human_vs_mouse_KD_Reactome","human KD vs control vs mouse KD vs control","Reactome","Regulation of PTEN stability and activity","Regulation of PTEN stability and activity","either",0.05,"opposite direction",-3.03961544963619,3.03961544963619,0.701634792931169,-2.33798065670502,1,1.50164315051228e-05,"17999/26444/11651/59029/19181/19167/19720/19173/67089/12995/66894/17463/14302/22123/26441/19170/70247/78294","5687/5704/80243/5690/10213/1460/5719/5685/5684/5718/2444/11047/11060/7979/5694/5717/5689/5701/5686/5709/10273/5691/5707/80351/5728/4734","R-HSA-8948751","R-MMU-8948751","Regulation of PTEN stability and activity","Regulation of PTEN stability and activity",-4.82343326052515,0,TRUE,FALSE,-3.03961544963619,3.03961544963619,"opposite direction"
"human_vs_mouse_KD_Reactome","human KD vs control vs mouse KD vs control","Reactome","APC/C:Cdc20 mediated degradation of Securin","APC/C:Cdc20 mediated degradation of Securin","either",0.05,"opposite direction",-3.03428512067997,3.03428512067997,0.99882942340406,-2.03545569727591,0.835442314600137,0.000879323996355038,"26444/59008/52206/59029/69957/216080/19181/217232/19167/19173/67089/52717/17222/17463/22123/26441/19170/70247/78294","5690/10213/5719/5685/5684/10393/5718/8881/51433/11047/64682/7321/29882/7979/5694/5717/5689/5701/5686/5709/5691/29945/5707","R-HSA-174154","R-MMU-174154","APC/C:Cdc20 mediated degradation of Securin","APC/C:Cdc20 mediated degradation of Securin",-3.05585107497976,0.0780835317858316,TRUE,FALSE,-3.03428512067997,3.03428512067997,"opposite direction"
"human_vs_mouse_KD_Reactome","human KD vs control vs mouse KD vs control","Reactome","Regulation of RAS by GAPs","Regulation of RAS by GAPs","either",0.05,"opposite direction",-3.03202984636543,3.03202984636543,0.816543536950651,-2.21548630941478,0.996985357450474,9.26178170269973e-05,"26444/19414/218397/59029/114715/15461/19181/19167/19173/67089/17463/114713/22123/26441/19170/70247/78294","5690/10213/5719/5685/5684/3265/5718/8452/8831/11047/7979/5694/5921/5717/5689/5701/9978/5686/5709/4763/5691/5707","R-HSA-5658442","R-MMU-5658442","Regulation of RAS by GAPs","Regulation of RAS by GAPs",-4.03330545940671,0.00131122004858297,TRUE,FALSE,-3.03202984636543,3.03202984636543,"opposite direction"
"human_vs_mouse_KD_Reactome","human KD vs control vs mouse KD vs control","Reactome","Resolution of D-loop Structures through Holliday Junction Intermediates","Resolution of D-loop Structures through Holliday Junction Intermediates","either",0.05,"opposite direction",3.0278377675943,3.0278377675943,-0.945697367755687,2.08214039983861,0.885259640413209,0.000459396647211013,"11920/327762/19362/26909/74335/71711/233826/52864/21975/12189/12144","348654/9156/5889/197342/63979/7517/79728/7516/7486/1763/672/23514/10635/84464/4683/4361/83990/146956/641/7156/5892/5932/116028/580/675","R-HSA-5693568","R-MMU-5693568","Resolution of D-loop Structures through Holliday Junction Intermediates","Resolution of D-loop Structures through Holliday Junction Intermediates",3.33781217871668,-0.052929335108724,TRUE,FALSE,3.0278377675943,3.0278377675943,"opposite direction"
"human_vs_mouse_KD_Reactome","human KD vs control vs mouse KD vs control","Reactome","Oxygen-dependent proline hydroxylation of Hypoxia-inducible Factor Alpha","Oxygen-dependent proline hydroxylation of Hypoxia-inducible Factor Alpha","either",0.05,"opposite direction",-3.02161086753198,3.02161086753198,1.01724088272428,-2.0043699848077,0.803758748964228,0.000523412650510739,"26444/112406/59029/216080/19181/67673/19167/15251/71745/19173/67089/29806/17463/56550/66105/13819/22123/26441/19170/70247/78294","7323/5687/5704/8453/6923/5690/10213/5719/5685/5684/5718/54583/11047/7321/7979/7322/5694/5717/5689/5701/9978/5686/5709/5691/5707","R-HSA-1234176","R-MMU-1234176","Oxygen-dependent proline hydroxylation of Hypoxia-inducible Factor Alpha","Oxygen-dependent proline hydroxylation of Hypoxia-inducible Factor Alpha",-3.28115578498117,0.094874286719408,TRUE,FALSE,-3.02161086753198,3.02161086753198,"opposite direction"
"human_vs_mouse_KD_Reactome","human KD vs control vs mouse KD vs control","Reactome","Regulation of RUNX2 expression and activity","Regulation of RUNX2 expression and activity","either",0.05,"opposite direction",-3.01618716095914,3.01618716095914,0.641973950645132,-2.37421321031401,1,3.74457339994386e-06,"26444/59029/19181/19167/19173/67089/26965/17463/22123/26441/19170/70247/78294","5687/5704/11059/579/5690/865/10213/5719/5685/5684/860/5718/11047/8454/7979/5694/5717/5689/5701/2099/9978/5686/5709/10273/5691/650/5707/7291","R-HSA-8939902","R-MMU-8939902","Regulation of RUNX2 expression and activity","Regulation of RUNX2 expression and activity",-5.42659765209092,0,TRUE,FALSE,-3.01618716095914,3.01618716095914,"opposite direction"
"human_vs_mouse_KD_Reactome","human KD vs control vs mouse KD vs control","Reactome","Telomere C-strand (Lagging Strand) Synthesis","Telomere C-strand (Lagging Strand) Synthesis","either",0.05,"opposite direction",3.01275037603082,3.01275037603082,-1.16751373704934,1.84523663898148,0.619503807418325,0.00999942458720343,"67967/18968/21749/18969/19891/12144/57321","5425/63922/54386/6118/2237/7486/1763/7013/25913/6119/26277/5984/5982/641","R-HSA-174417","R-MMU-174417","Telomere C-strand (Lagging Strand) Synthesis","Telomere C-strand (Lagging Strand) Synthesis",2.00002499057924,-0.207956020142336,TRUE,FALSE,3.01275037603082,3.01275037603082,"opposite direction"
"human_vs_mouse_KD_Reactome","human KD vs control vs mouse KD vs control","Reactome","DNA Double-Strand Break Repair","DNA Double-Strand Break Repair","either",0.05,"opposite direction",3.01247732377929,3.01247732377929,-1.19406011341247,1.81841721036682,0.429393536963258,0.000363795923439827,"227525/327762/19362/50505/93762/26909/19687/55982/235610/319583/22186/11785/68275/80905/19367/74335/71711/233826/93765/20184/54125/52864/14050/240087/67967/21975/12566/22190/22196/235559/22218/22385/77782/269582/19891/14048/12428/12189/59004/12144/27015/56196","2547/7520/5591/5425/9656/142/165918/348654/9156/5889/197342/2139/55183/83695/63979/85236/7517/8314/6118/2237/79728/7158/7468/3838/6233/10038/7516/2067/51567/3017/7486/1763/672/23514/54107/10635/84464/63967/6119/3364/5984/55775/4683/5982/4361/83990/5429/8914/146956/641/5426/79184/7156/5892/5932/84142/7515/10721/51588/27434/84126/11073/116028/1017/580/675/5893/23030/56655/5810/7157/5111/8349/80198/51750/64421/9031","R-HSA-5693532","R-MMU-5693532","DNA Double-Strand Break Repair","DNA Double-Strand Break Repair",3.43914217178575,-0.367144496654118,TRUE,FALSE,3.01247732377929,3.01247732377929,"opposite direction"
"human_vs_mouse_KD_Reactome","human KD vs control vs mouse KD vs control","Reactome","Phase II - Conjugation of compounds","Phase II - Conjugation of compounds","either",0.05,"opposite direction",-2.96587701358028,2.96587701358028,1.88549634183508,-1.0803806717452,0.00658275982132337,0.506097761198931,"232087/14873/69065/14874/211666/14870/67768/18113/68312/75475/269378/22021/14629/14854/14630/14863/22017/68044/67674/67883/22235/14865/22022/13885/238505/110175","2098/2730/8460/7358/80146/26873/119391/10327/2949/8459","R-HSA-156580","R-MMU-156580","Phase II - Conjugation of compounds","Phase II - Conjugation of compounds",-0.295765583855213,2.18159199029404,FALSE,TRUE,-2.96587701358028,2.96587701358028,"opposite direction"
"human_vs_mouse_KD_Reactome","human KD vs control vs mouse KD vs control","Reactome","Hedgehog ligand biogenesis","Hedgehog ligand biogenesis","either",0.05,"opposite direction",-2.9656442397348,2.9656442397348,0.727573303856909,-2.23807093587789,1,6.17635948889762e-05,"26444/59029/66753/226861/19181/19167/19173/67089/17463/22123/18453/26441/19170/70247/78294","5687/5034/5704/5690/10213/147111/5719/5685/5684/6868/5718/3549/11047/84447/7979/5694/5717/5689/5701/5686/5709/7415/5691/5707","R-HSA-5358346","R-MMU-5358346","Hedgehog ligand biogenesis","Hedgehog ligand biogenesis",-4.20926743425572,0,TRUE,FALSE,-2.9656442397348,2.9656442397348,"opposite direction"
"human_vs_mouse_KD_Reactome","human KD vs control vs mouse KD vs control","Reactome","Regulation of Homotypic Cell-Cell Adhesion","Regulation of Homotypic Cell-Cell Adhesion","either",0.05,"opposite direction",-2.95749863986639,2.95749863986639,1.09637393727792,-1.86112470258847,0.647806522952955,2.07270328553458e-05,"11475/12552/18553/11492/26444/13016/15270/14694/57875/217734/13858/59029/105837/68024/13039/11461/66357/14376","5687/8348/5704/4609/8344/154796/1495/27319/8368/3065/1487/8363/1009/687/288/5690/10213/6663/1460/5719/5685/5684/8341/7088/653604/5718/27327/2534/72/1500/6935/11047/3703/7979/8331/6938/5694/8338/5717/9314/5689/5701/5931/6714/26523/5686/5709/5691/746/27161/283106/23512/5707/23112/1499/6615/117581/7291/5595/58/59","R-HSA-9759476","R-MMU-9759476","Regulation of Homotypic Cell-Cell Adhesion","Regulation of Homotypic Cell-Cell Adhesion",-4.68346286417631,0.188554683265929,TRUE,FALSE,-2.95749863986639,2.95749863986639,"opposite direction"
"human_vs_mouse_KD_Reactome","human KD vs control vs mouse KD vs control","Reactome","Elastic fibre formation","Elastic fibre formation","either",0.05,"opposite direction",-2.95184177855035,2.95184177855035,1.97001094127151,-0.981830837278842,0.0063066155120564,0.692672798895387,"14119/23876/58859/14118/17150/16949/241226/16950/16419/268977/16998/14268/16948/108075/14115/94352/16997","84171/4054/84034/2006/11117/7043/650/4052/30008","R-HSA-1566948","R-MMU-1566948","Elastic fibre formation","Elastic fibre formation",-0.159471866674674,2.2002036453159,FALSE,TRUE,-2.95184177855035,2.95184177855035,"opposite direction"
"human_vs_mouse_KD_Reactome","human KD vs control vs mouse KD vs control","Reactome","Molecules associated with elastic fibres","Molecules associated with elastic fibres","either",0.05,"opposite direction",-2.94594886425142,2.94594886425142,1.89431685116762,-1.0516320130838,0.0218067804694193,0.562229976736457,"14119/23876/58859/14118/17150/241226/16419/268977/16998/14268/108075/14115/16997","4054/84034/2006/11117/7043/650/4052/30008","R-HSA-2129379","R-MMU-2129379","Molecules associated with elastic fibres","Molecules associated with elastic fibres",-0.250086002584574,1.661408448478,FALSE,TRUE,-2.94594886425142,2.94594886425142,"opposite direction"
"human_vs_mouse_KD_Reactome","human KD vs control vs mouse KD vs control","Reactome","Antigen processing-Cross presentation","Antigen processing-Cross presentation","either",0.05,"opposite direction",-2.9428070511647,2.9428070511647,1.35269140067722,-1.59011565048748,0.356479690522244,0.0164653140964343,"19171/17534/19186/26444/16419/16913/19188/59029/15039/19181/16912/19167/19173/67089","1515/1147/929/5690/10952/10213/9902/5719/5685/5720/5684/5718/4689/4012/55176/11047/7979/6810/5694/5717/3134/5689/5701/23480/5686/5709/5691/8673/5707/3135","R-HSA-1236975","R-MMU-1236975","Antigen processing-Cross presentation","Antigen processing-Cross presentation",-1.7834299801633,0.447965207874868,TRUE,FALSE,-2.9428070511647,2.9428070511647,"opposite direction"
"human_vs_mouse_KD_Reactome","human KD vs control vs mouse KD vs control","Reactome","Resolution of D-Loop Structures","Resolution of D-Loop Structures","either",0.05,"opposite direction",2.93859063107261,2.93859063107261,-0.945697367755687,1.99289326331692,0.885259640413209,0.00104288874553954,"11920/327762/19362/26909/74335/71711/233826/52864/21975/12189/12144","348654/9156/5889/197342/63979/7517/79728/7516/7486/1763/672/23514/10635/84464/4683/4361/83990/146956/641/7156/5892/5932/116028/580/675/80198/51750","R-HSA-5693537","R-MMU-5693537","Resolution of D-Loop Structures","Resolution of D-Loop Structures",2.98176201925841,-0.052929335108724,TRUE,FALSE,2.93859063107261,2.93859063107261,"opposite direction"
"human_vs_mouse_KD_Reactome","human KD vs control vs mouse KD vs control","Reactome","HDR through Homologous Recombination (HRR) or Single Strand Annealing (SSA)","HDR through Homologous Recombination (HRR) or Single Strand Annealing (SSA)","either",0.05,"opposite direction",2.92365990098603,2.92365990098603,-1.11416269560167,1.80949720538436,0.629621552010635,0.000464814492646829,"68275/80905/19367/74335/71711/233826/93765/20184/52864/240087/67967/21975/12566/22190/22196/235559/269582/19891/12428/12189/59004/12144/27015","5425/9656/165918/348654/9156/5889/197342/83695/63979/85236/7517/6118/79728/7158/7468/6233/7516/2067/3017/7486/1763/672/23514/54107/10635/84464/63967/6119/3364/5984/4683/5982/4361/83990/5429/8914/146956/641/5426/79184/7156/5892/5932/84142/51588/84126/11073/116028/1017/580/675/5893/56655/5810/5111/8349/80198/51750","R-HSA-5693567","R-MMU-5693567","HDR through Homologous Recombination (HRR) or Single Strand Annealing (SSA)","HDR through Homologous Recombination (HRR) or Single Strand Annealing (SSA)",3.33272033935606,-0.200920414449666,TRUE,FALSE,2.92365990098603,2.92365990098603,"opposite direction"
"human_vs_mouse_KD_Reactome","human KD vs control vs mouse KD vs control","Reactome","MAPK family signaling cascades","MAPK family signaling cascades","either",0.05,"opposite direction",-2.91778902370078,2.91778902370078,0.866204656795027,-2.05158436690575,1,1.17833333333333e-08,"14178/26396/23859/13874/15234/16453/12048/26444/19731/19414/67603/18777/14268/14272/75590/218397/11836/13866/56327/59029/231474/240672/26395/114715/15461/18595/11461/14585/20416/11876/50772/216148/19181/108058/109905/260409/26417/16706/14586/18706/20779/18612/104252/13537/11600/12540/19167/18709/54401/14083/225849/208884/19173/11465/14360/67089/11839/16416/110606/18596/14173/19252/19671/54519","2249/998/3667/5604/8649/5687/2906/5778/5704/1847/4609/801/1852/115727/5291/5786/673/3561/3716/2902/9986/3084/4254/5690/5568/10213/818/5528/5719/5685/5684/3265/5518/1741/5718/8452/2255/27327/1843/8831/2534/5058/148170/1439/5147/5159/2668/408/11047/2260/5906/7979/817/1740/5900/5694/5921/5717/28956/2675/3718/5689/8036/5526/5519/5701/8315/5037/9978/5747/2308/6714/51104/26523/5295/10048/5686/5709/5501/3717/5290/4763/58489/284/5691/27161/5593/5707/23112/5515/2263/23179/11221/5525/5595/5156/57731/8997/3082/2252","R-HSA-5683057","R-MMU-5683057","MAPK family signaling cascades","MAPK family signaling cascades",-7.92873183658675,0,TRUE,FALSE,-2.91778902370078,2.91778902370078,"opposite direction"
"human_vs_mouse_KD_Reactome","human KD vs control vs mouse KD vs control","Reactome","EPH-Ephrin signaling","EPH-Ephrin signaling","either",0.05,"opposite direction",-2.91440893316514,2.91440893316514,1.02227400359506,-1.89213492957008,0.805184024849045,0.000761737332473443,"11867/68089/13848/67771/15529/19165/218397/110596/59287/15461/11461/13639/13846/19164/13640/20779/74117/12540/226548/22325/14083/11465/14360","160/10398/103910/2902/2046/102/51107/2041/1211/3265/1072/10096/2051/2534/4627/5058/10109/4313/10092/4318/161/5921/5747/6714/1942/3985/1759/1213/55851/10095/10451/2049/8997/4629","R-HSA-2682334","R-MMU-2682334","EPH-Ephrin signaling","EPH-Ephrin signaling",-3.11819475926824,0.0941048502621863,TRUE,FALSE,-2.91440893316514,2.91440893316514,"opposite direction"
"human_vs_mouse_KD_Reactome","human KD vs control vs mouse KD vs control","Reactome","Homologous DNA Pairing and Strand Exchange","Homologous DNA Pairing and Strand Exchange","either",0.05,"opposite direction",2.89641238003965,2.89641238003965,-0.987623401687634,1.90878897835202,0.835442314600137,0.00160474982364585,"11920/327762/19362/26909/74335/233826/21975/12189/12144","9156/5889/83695/7517/6118/79728/7516/7486/1763/672/10635/6119/3364/5984/4683/5982/4361/83990/641/7156/5892/5932/84126/11073/116028/580/675/5810","R-HSA-5693579","R-MMU-5693579","Homologous DNA Pairing and Strand Exchange","Homologous DNA Pairing and Strand Exchange",2.79459266337052,-0.0780835317858316,TRUE,FALSE,2.89641238003965,2.89641238003965,"opposite direction"
"human_vs_mouse_KD_Reactome","human KD vs control vs mouse KD vs control","Reactome","Nuclear events mediated by NFE2L2","Nuclear events mediated by NFE2L2","either",0.05,"opposite direction",-2.8957247420014,2.8957247420014,0.828166474166722,-2.06755826783468,0.996844603983326,7.12520350419668e-05,"26444/59029/76650/19181/18024/18477/19167/19173/67089/26965/17463/56637/22123/26441/19170/70247/78294","5690/10213/5719/5685/5684/5718/3162/596/140809/11047/6888/8454/8878/10061/7979/4780/2730/5694/5717/5689/5701/4790/9978/5052/5686/5709/2033/3417/4199/5691/5707","R-HSA-9759194","R-MMU-9759194","Nuclear events mediated by NFE2L2","Nuclear events mediated by NFE2L2",-4.14720272718085,0.00137253766881647,TRUE,FALSE,-2.8957247420014,2.8957247420014,"opposite direction"
"human_vs_mouse_KD_Reactome","human KD vs control vs mouse KD vs control","Reactome","Regulation of CDH1 Expression and Function","Regulation of CDH1 Expression and Function","either",0.05,"opposite direction",-2.89335502814655,2.89335502814655,0.912630028099354,-1.9807250000472,0.938049969069171,2.62070605916998e-06,"11475/18553/26444/13016/15270/14694/217734/13858/59029/105837/68024/13039/11461/66357/14376/19181/20779/20586/19167/19173/11465/14360/67089/22160/12995/232440/17463/57377/76687/22123/665433/12385/26441/19170/70247/13200/78294","5687/8348/5704/4609/8344/1495/8368/3065/1487/8363/687/288/5690/10213/1460/5719/5685/5684/8341/7088/653604/5718/27327/2534/72/1500/6935/11047/3703/7979/8331/6938/5694/8338/5717/9314/5689/5701/5931/6714/26523/5686/5709/5691/746/27161/283106/23512/5707/23112/1499/6615/117581/7291/5595/58/59","R-HSA-9764265","R-MMU-9764265","Regulation of CDH1 Expression and Function","Regulation of CDH1 Expression and Function",-5.58158168719505,0.0277740265324574,TRUE,FALSE,-2.89335502814655,2.89335502814655,"opposite direction"
"human_vs_mouse_KD_Reactome","human KD vs control vs mouse KD vs control","Reactome","Regulation of Expression and Function of Type I Classical Cadherins","Regulation of Expression and Function of Type I Classical Cadherins","either",0.05,"opposite direction",-2.89335502814655,2.89335502814655,0.912630028099354,-1.9807250000472,0.938049969069171,2.62070605916998e-06,"11475/18553/26444/13016/15270/14694/217734/13858/59029/105837/68024/13039/11461/66357/14376/19181/20779/20586/19167/19173/11465/14360/67089/22160/12995/232440/17463/57377/76687/22123/665433/12385/26441/19170/70247/13200/78294","5687/8348/5704/4609/8344/1495/8368/3065/1487/8363/687/288/5690/10213/1460/5719/5685/5684/8341/7088/653604/5718/27327/2534/72/1500/6935/11047/3703/7979/8331/6938/5694/8338/5717/9314/5689/5701/5931/6714/26523/5686/5709/5691/746/27161/283106/23512/5707/23112/1499/6615/117581/7291/5595/58/59","R-HSA-9764274","R-MMU-9764274","Regulation of Expression and Function of Type I Classical Cadherins","Regulation of Expression and Function of Type I Classical Cadherins",-5.58158168719505,0.0277740265324574,TRUE,FALSE,-2.89335502814655,2.89335502814655,"opposite direction"
"human_vs_mouse_KD_Reactome","human KD vs control vs mouse KD vs control","Reactome","AUF1 (hnRNP D0) binds and destabilizes mRNA","AUF1 (hnRNP D0) binds and destabilizes mRNA","either",0.05,"opposite direction",-2.88725860466047,2.88725860466047,0.884696820277747,-2.00256178438272,0.938049969069171,0.00117511306522725,"26444/18458/59029/208643/19181/19167/19173/67089/17463/15481/22123/26441/19170/70247/78294","5690/10213/5719/5685/5684/5718/11047/7979/5694/5717/26986/5689/5701/5686/5709/5691/5707","R-HSA-450408","R-MMU-450408","AUF1 (hnRNP D0) binds and destabilizes mRNA","AUF1 (hnRNP D0) binds and destabilizes mRNA",-2.92992034510124,0.0277740265324574,TRUE,FALSE,-2.88725860466047,2.88725860466047,"opposite direction"
"human_vs_mouse_KD_Reactome","human KD vs control vs mouse KD vs control","Reactome","Extension of Telomeres","Extension of Telomeres","either",0.05,"opposite direction",2.88497879988243,2.88497879988243,-1.28900011930524,1.59597868057719,0.44236787981758,0.0240077782565824,"67967/67857/208084/12566/18968/21749/18969/19891/12428/12144/57321","5425/63922/54386/6118/2237/1736/7486/1763/7013/25913/6119/26277/5984/80119/5982/55505","R-HSA-180786","R-MMU-180786","Extension of Telomeres","Extension of Telomeres",1.61964802884559,-0.354216414534301,TRUE,FALSE,2.88497879988243,2.88497879988243,"opposite direction"
"human_vs_mouse_KD_Reactome","human KD vs control vs mouse KD vs control","Reactome","Activation of NMDA receptors and postsynaptic events","Activation of NMDA receptors and postsynaptic events","either",0.05,"opposite direction",-2.88256354621723,2.88256354621723,1.30145433656374,-1.58110920965349,0.485677392152212,0.0222073609161587,"23859/20112/52163/14799/207565/19088/19084/108058","26960/5573/8573/7280/2906/6197/801/55327/2903/2902/3084/5568/818/3265/1741/2891/5571/53632/817/80086/1740/5562/10382/6714/347688/8536/5595/5577/7277","R-HSA-442755","R-MMU-442755","Activation of NMDA receptors and postsynaptic events","Activation of NMDA receptors and postsynaptic events",-1.65350304918,0.313652112075778,TRUE,FALSE,-2.88256354621723,2.88256354621723,"opposite direction"
"human_vs_mouse_KD_Reactome","human KD vs control vs mouse KD vs control","Reactome","GLI3 is processed to GLI3R by the proteasome","GLI3 is processed to GLI3R by the proteasome","either",0.05,"opposite direction",-2.87770178108033,2.87770178108033,0.594130013472653,-2.28357176760768,1,5.14435439042575e-05,"26444/59029/19181/19167/93687/19173/67089/26965/17463/56637/22123/26441/19170/70247/78294","5690/5568/10213/5719/5685/5684/5718/51684/11047/8454/7979/5694/5717/5689/5701/9978/5686/5709/5691/5707","R-HSA-5610785","R-MMU-5610785","GLI3 is processed to GLI3R by the proteasome","GLI3 is processed to GLI3R by the proteasome",-4.28866912085661,0,TRUE,FALSE,-2.87770178108033,2.87770178108033,"opposite direction"
"human_vs_mouse_KD_Reactome","human KD vs control vs mouse KD vs control","Reactome","Ub-specific processing proteases","Ub-specific processing proteases","either",0.05,"opposite direction",-2.87602731754213,2.87602731754213,0.913214499394487,-1.96281281814764,0.938049969069171,1.31273174296476e-05,"24110/230073/71586/24075/22059/22335/26444/107260/22258/20439/217057/22225/59029/50868/28185/14232/13531/11835/22333/14534/19181","5687/8348/5704/4609/8344/63891/85235/4792/9986/9868/5690/10213/23358/5719/5685/8332/57695/5684/8341/57599/5718/8295/29761/4089/9958/408/11047/8078/9736/84749/6881/7979/4086/8331/55611/10868/27005/5694/8338/5717/4303/5689/55031/5701/8678/2648/1080/10869/5686/8329/5709/8239/3416/5691/5707/80351/5728/92815","R-HSA-5689880","R-MMU-5689880","Ub-specific processing proteases","Ub-specific processing proteases",-4.88182401302171,0.0277740265324574,TRUE,FALSE,-2.87602731754213,2.87602731754213,"opposite direction"
"human_vs_mouse_KD_Reactome","human KD vs control vs mouse KD vs control","Reactome","Resolution of Sister Chromatid Cohesion","Resolution of Sister Chromatid Cohesion","either",0.05,"opposite direction",2.87338288694395,2.87338288694395,-1.35292703431509,1.52045585262886,0.246555393224728,0.019975802072284,"13006/13424/269966/67139/103573/236930/52504/18221/56430/66977/26951/68549/107995/83431/76499/12237/218914/228421/66934/52696/75786/12235/268697/229841/68097/12534/21770/100710/26932/67849/66140/70385/52276/16319/108000/12236/19387","54908/11130/701/1063/8379/80152/348235/332/55746/147841/57082/55143/79172/699/113130/6232/25936/25909/79980/151246/55055/83540/348995/79682/5527/220134/2491/57405/1060/64946/55839","R-HSA-2500257","R-MMU-2500257","Resolution of Sister Chromatid Cohesion","Resolution of Sister Chromatid Cohesion",1.6994957737875,-0.608085493144519,TRUE,FALSE,2.87338288694395,2.87338288694395,"opposite direction"
"human_vs_mouse_KD_Reactome","human KD vs control vs mouse KD vs control","Reactome","Ubiquitin-Mediated Degradation of Phosphorylated Cdc25A","Ubiquitin-Mediated Degradation of Phosphorylated Cdc25A","either",0.05,"opposite direction",-2.87328234829901,2.87328234829901,0.803000837471632,-2.07028151082738,0.996985357450474,0.000451619107921929,"26444/59029/19181/50883/19167/93687/19173/67089/26965/17463/56637/22123/26441/19170/70247/78294","5687/5704/1263/5690/10213/5719/5685/5684/5718/11047/8454/7979/5694/5717/5689/5701/9978/5686/5709/5691/5707","R-HSA-69601","R-MMU-69601","Ubiquitin-Mediated Degradation of Phosphorylated Cdc25A","Ubiquitin-Mediated Degradation of Phosphorylated Cdc25A",-3.34522769143817,0.00131122004858297,TRUE,FALSE,-2.87328234829901,2.87328234829901,"opposite direction"
"human_vs_mouse_KD_Reactome","human KD vs control vs mouse KD vs control","Reactome","p53-Independent G1/S DNA Damage Checkpoint","p53-Independent G1/S DNA Damage Checkpoint","either",0.05,"opposite direction",-2.87328234829901,2.87328234829901,0.803000837471632,-2.07028151082738,0.996985357450474,0.000451619107921929,"26444/59029/19181/50883/19167/93687/19173/67089/26965/17463/56637/22123/26441/19170/70247/78294","5687/5704/1263/5690/10213/5719/5685/5684/5718/11047/8454/7979/5694/5717/5689/5701/9978/5686/5709/5691/5707","R-HSA-69613","R-MMU-69613","p53-Independent G1/S DNA Damage Checkpoint","p53-Independent G1/S DNA Damage Checkpoint",-3.34522769143817,0.00131122004858297,TRUE,FALSE,-2.87328234829901,2.87328234829901,"opposite direction"
"human_vs_mouse_KD_Reactome","human KD vs control vs mouse KD vs control","Reactome","Regulation of pyruvate metabolism","Regulation of pyruvate metabolism","either",0.05,"opposite direction",-2.87093922781564,2.87093922781564,1.24686606001312,-1.62407316780252,0.520237414187643,0.0409123430582982,"228026/319518/14874/76425/16828/17436/235339/18597/18004/74125/236900","5163/23409/5161/1737/4750/10296/1738/4289/79018/5166/80232/10048/4199/5160/5165","R-HSA-9861718","R-MMU-9861718","Regulation of pyruvate metabolism","Regulation of pyruvate metabolism",-1.38814564765512,0.283798417632383,TRUE,FALSE,-2.87093922781564,2.87093922781564,"opposite direction"
"human_vs_mouse_KD_Reactome","human KD vs control vs mouse KD vs control","Reactome","CDK-mediated phosphorylation and removal of Cdc6","CDK-mediated phosphorylation and removal of Cdc6","either",0.05,"opposite direction",-2.86999161369458,2.86999161369458,0.805345461516812,-2.06464615217777,1,0.000377870426404534,"26444/59008/52206/59029/69957/216080/19181/217232/19167/19173/67089/52717/17222/17463/22123/26441/19170/70247/78294/56371","5690/10213/5719/5685/5684/10393/5718/8881/51433/11047/64682/7321/29882/7979/5694/5717/5689/5701/5686/5709/5691/29945/5707","R-HSA-69017","R-MMU-69017","CDK-mediated phosphorylation and removal of Cdc6","CDK-mediated phosphorylation and removal of Cdc6",-3.42265709631242,0,TRUE,FALSE,-2.86999161369458,2.86999161369458,"opposite direction"
"human_vs_mouse_KD_Reactome","human KD vs control vs mouse KD vs control","Reactome","EML4 and NUDC in mitotic spindle formation","EML4 and NUDC in mitotic spindle formation","either",0.05,"opposite direction",2.8688102218206,2.8688102218206,-1.24580963922979,1.62300058259081,0.386762360446571,0.00681636008648695,"13424/269966/67139/103573/236930/52504/18221/56430/66977/26951/68549/107995/83431/76499/12237/228421/66934/52696/75786/12235/229841/68097/21770/26932/66140/70385/52276/16319/108000/12236/19387","54908/11130/701/1063/8379/80152/348235/332/55746/147841/57082/10783/55143/79172/699/6232/25936/25909/79980/151246/55055/83540/348995/79682/5527/220134/2491/57405/1060/64946/55839/1058/57122/3619/991/9735/55166/5905/23421/81930/151648/91687/1062/23279/4085/54820/9212","R-HSA-9648025","R-MMU-9648025","EML4 and NUDC in mitotic spindle formation","EML4 and NUDC in mitotic spindle formation",2.16644747524787,-0.412555797892434,TRUE,FALSE,2.8688102218206,2.8688102218206,"opposite direction"
"human_vs_mouse_KD_Reactome","human KD vs control vs mouse KD vs control","Reactome","Hedgehog 'off' state","Hedgehog 'off' state","either",0.05,"opposite direction",-2.86266711444544,2.86266711444544,1.06632746050353,-1.79633965394191,0.723492962056304,0.00180858082068206,"22142/67951/26444/22143/67661/245866/227613/319757/59029/22146/22152/19088/19084/81896/104111/19181/21821/237222/16568/14633/19167/93687/19173/67089","5573/5692/26160/7280/5687/5704/2778/111/23322/51098/5690/5568/10213/5719/5685/5684/5718/6608/51684/11047/11127/8454/7979/196883/5694/5717/5689/5701/9978/10382/112/5686/5709/5691/5707/5577/7277","R-HSA-5610787","R-MMU-5610787","Hedgehog 'off' state","Hedgehog 'off' state",-2.7426620789997,0.140565689223558,TRUE,FALSE,-2.86266711444544,2.86266711444544,"opposite direction"
"human_vs_mouse_KD_Reactome","human KD vs control vs mouse KD vs control","Reactome","Stabilization of p53","Stabilization of p53","either",0.05,"opposite direction",-2.8611798888803,2.8611798888803,0.803211367823882,-2.05796852105642,0.996985357450474,0.000520876811349365,"22059/26444/59029/26374/19181/50883/19167/19173/67089/17463/22123/26441/19170/70247/78294","5687/5704/51230/5690/10213/5719/5685/5684/5718/11047/7979/5694/5717/5689/5701/5686/5709/5691/5707/64326","R-HSA-69541","R-MMU-69541","Stabilization of p53","Stabilization of p53",-3.28326497627277,0.00131122004858297,TRUE,FALSE,-2.8611798888803,2.8611798888803,"opposite direction"
"human_vs_mouse_KD_Reactome","human KD vs control vs mouse KD vs control","Reactome","Regulation of RUNX3 expression and activity","Regulation of RUNX3 expression and activity","either",0.05,"opposite direction",-2.84734861604818,2.84734861604818,0.91987907014004,-1.92746954590814,0.928718464263488,0.000879323996355038,"26444/75788/59029/19181/20779/19167/12400/19173/67089/17463/21803/22123/26441/19170/70247/78294","5690/865/10213/5719/5685/5684/5718/11047/7979/5694/5717/5689/5701/6714/5686/5709/2033/5691/5707","R-HSA-8941858","R-MMU-8941858","Regulation of RUNX3 expression and activity","Regulation of RUNX3 expression and activity",-3.05585107497976,0.0321159199650165,TRUE,FALSE,-2.84734861604818,2.84734861604818,"opposite direction"
"human_vs_mouse_KD_Reactome","human KD vs control vs mouse KD vs control","Reactome","GSK3B-mediated proteasomal degradation of PD-L1(CD274)","GSK3B-mediated proteasomal degradation of PD-L1(CD274)","either",0.05,"opposite direction",-2.81592590178289,2.81592590178289,0.633869196436299,-2.18205670534659,1,0.00011638290279252,"26444/59029/19181/60533/19167/19173/67089/26965/17463/56637/22123/26441/19170/70247/78294","5690/10213/5719/5685/5684/5718/11047/8454/7979/5694/5717/10987/5689/5701/9978/5686/5709/5691/5707","R-HSA-9929356","R-MMU-9929356","GSK3B-mediated proteasomal degradation of PD-L1(CD274)","GSK3B-mediated proteasomal degradation of PD-L1(CD274)",-3.93411081494591,0,TRUE,FALSE,-2.81592590178289,2.81592590178289,"opposite direction"
"human_vs_mouse_KD_Reactome","human KD vs control vs mouse KD vs control","Reactome","Myogenesis","Myogenesis","either",0.05,"opposite direction",-2.80016056964245,2.80016056964245,1.06457983010687,-1.73558073953558,0.76544531683718,0.0409123430582982,"21423/57810/21413/12175/11350/12540/21406/12385/12558/117606","4756/5608/998/4205/1495/4917/1496/91653/4209/9043/6938/1499/6925/50937","R-HSA-525793","R-MMU-525793","Myogenesis","Myogenesis",-1.38814564765512,0.116085829713129,TRUE,FALSE,-2.80016056964245,2.80016056964245,"opposite direction"
"human_vs_mouse_KD_Reactome","human KD vs control vs mouse KD vs control","Reactome","KEAP1-NFE2L2 pathway","KEAP1-NFE2L2 pathway","either",0.05,"opposite direction",-2.79534587324515,2.79534587324515,0.834118579449004,-1.96122729379615,0.992097137429153,6.76603678016751e-05,"26444/230784/217365/11651/59029/50868/76650/19181/18024/18477/19167/19173/67089/26965/17463/18412/56637/22123/26441/19170/70247/78294","5690/10213/1460/5584/5719/5685/5684/64839/5580/5718/8452/139285/3162/596/10072/140809/11047/6888/8454/8878/10061/7979/4780/2730/5694/5717/5689/5701/4790/9978/5052/5686/5709/2033/3417/4199/7415/5691/5707","R-HSA-9755511","R-MMU-9755511","KEAP1-NFE2L2 pathway","KEAP1-NFE2L2 pathway",-4.16966564571736,0.00344580346664124,TRUE,FALSE,-2.79534587324515,2.79534587324515,"opposite direction"
"human_vs_mouse_KD_Reactome","human KD vs control vs mouse KD vs control","Reactome","HSP90 chaperone cycle for steroid hormone receptors (SHR) in the presence of ligand","HSP90 chaperone cycle for steroid hormone receptors (SHR) in the presence of ligand","either",0.05,"opposite direction",-2.79253284110104,2.79253284110104,1.15142132776585,-1.64111151333519,0.647806522952955,0.028389965938196,"22142/67951/22143/235661/227613/22146/22152/69654/234663/11835","10121/80086/830/10382/347688/10294/832/3305/7277","R-HSA-3371497","R-MMU-3371497","HSP90 chaperone cycle for steroid hormone receptors (SHR) in the presence of ligand","HSP90 chaperone cycle for steroid hormone receptors (SHR) in the presence of ligand",-1.54683512853305,0.188554683265929,TRUE,FALSE,-2.79253284110104,2.79253284110104,"opposite direction"
"human_vs_mouse_KD_Reactome","human KD vs control vs mouse KD vs control","Reactome","Signaling by FGFR1","Signaling by FGFR1","either",0.05,"opposite direction",-2.78552653757385,2.78552653757385,1.15369990604563,-1.63182663152822,0.63708122439142,0.0381718861595643,"399558/21814/17346/114715/15461/20416/26417/18706/20779/24064/67903/14173/396184/18803","3265/5518/2255/2260/6714/5295/5290/5515/23767/5595/7049","R-HSA-5654736","R-MMU-5654736","Signaling by FGFR1","Signaling by FGFR1",-1.41825638004429,0.195805193950067,TRUE,FALSE,-2.78552653757385,2.78552653757385,"opposite direction"
"human_vs_mouse_KD_Reactome","human KD vs control vs mouse KD vs control","Reactome","Regulation of PD-L1(CD274) Post-translational modification","Regulation of PD-L1(CD274) Post-translational modification","either",0.05,"opposite direction",-2.780967177906,2.780967177906,0.763868297022277,-2.01709888088372,1,5.49343791911653e-05,"12567/26444/22628/59029/12443/66753/244373/66357/80286/19181/60533/76580/19167/19173/67089/12995/26965/17463/72297/56637/22123/20747/26441/19170/70247/13200/78294","3716/5690/10213/1460/5719/5685/5684/5718/8452/5571/53632/11047/3703/8454/7979/5694/5717/10987/5689/5562/5701/9978/5686/5709/79139/8405/7415/5691/746/5707","R-HSA-9909615","R-MMU-9909615","Regulation of PD-L1(CD274) Post-translational modification","Regulation of PD-L1(CD274) Post-translational modification",-4.26015577904616,0,TRUE,FALSE,-2.780967177906,2.780967177906,"opposite direction"
"human_vs_mouse_KD_Reactome","human KD vs control vs mouse KD vs control","Reactome","Cellular response to hypoxia","Cellular response to hypoxia","either",0.05,"opposite direction",-2.78067709946327,2.78067709946327,0.819953694025377,-1.96072340543789,0.996985357450474,0.00133816695395792,"26444/112406/59029/216080/19181/67673/19167/15251/71745/19173/67089/29806/17463/56550/66105/13819/22123/26441/19170/70247/78294","7323/5687/5704/8453/6923/7422/5690/10213/5719/5685/5684/5718/54583/11047/7321/7979/10370/405/7322/5694/5717/5689/5701/9978/5686/5709/2033/5691/5707","R-HSA-1234174","R-MMU-1234174","Cellular response to hypoxia","Cellular response to hypoxia",-2.87348969922937,0.00131122004858297,TRUE,FALSE,-2.78067709946327,2.78067709946327,"opposite direction"
"human_vs_mouse_KD_Reactome","human KD vs control vs mouse KD vs control","Reactome","Co-inhibition by PD-1","Co-inhibition by PD-1","either",0.05,"opposite direction",-2.77527875139153,2.77527875139153,0.808079266502524,-1.96719948488901,1,5.436620051055e-06,"12567/26444/15270/22628/59029/12443/66753/244373/68024/66357/80286/19181/60533/76580/19167/16818/19173/67089/12995/26965/232440/17463/72297/56637/22123/665433/12988/20747/26441/19170/70247/13200/78294/54197/245688","5687/8348/91319/5704/4609/4297/8344/8368/8363/3716/5690/10213/1460/5719/5685/5684/8341/653604/5718/8452/27327/5571/53632/11047/3703/8454/7979/84661/4791/4780/3659/8331/5694/8338/5717/6774/5777/10987/6934/5689/5562/5701/4790/9978/5931/26523/5686/5709/79139/2033/3127/8405/7415/5691/746/27161/23512/5707/23112/1499","R-HSA-389948","R-MMU-389948","Co-inhibition by PD-1","Co-inhibition by PD-1",-5.26467101746658,0,TRUE,FALSE,-2.77527875139153,2.77527875139153,"opposite direction"
"human_vs_mouse_KD_Reactome","human KD vs control vs mouse KD vs control","Reactome","G alpha (i) signalling events","G alpha (i) signalling events","either",0.05,"opposite direction",-2.7678623873569,2.7678623873569,1.14224892001523,-1.62561346734167,0.593290135045116,0.00181512126725449,"12266/18573/12568/12778/71729/20312/18798/207565/14739/238871/16952/56470/18578/14682/20315/14701/18795/19088/19084/13610/14693/14708/11820/104111/20779/18783/14672/15551/14688/11609/14696/20606/14706","5582/2357/2781/6001/5173/2792/846/4283/2776/6753/2779/84152/2790/6376/8698/5995/2587/1524/2847/9628/156/3627/108/3827/26960/2918/5573/80834/3354/353299/4988/2778/29899/3577/5332/6352/801/111/23236/5532/5142/10663/5568/5443/818/5528/2771/51083/2773/5518/9170/5580/9283/301/5331/2783/196883/817/26575/6004/1020/5519/150/5141/6714/112/3710/6387/5321/5144/9294/10768/5530/5515/5499/718/3708/5577/8786","R-HSA-418594","R-MMU-418594","G alpha (i) signalling events","G alpha (i) signalling events",-2.74109435468289,0.226732872850965,TRUE,FALSE,-2.7678623873569,2.7678623873569,"opposite direction"
"human_vs_mouse_KD_Reactome","human KD vs control vs mouse KD vs control","Reactome","Interleukin-1 family signaling","Interleukin-1 family signaling","either",0.05,"opposite direction",-2.76768027434352,2.76768027434352,1.10212106269578,-1.66555921164774,0.667058534261522,0.00359180350673503,"24110/69146/17082/16177/26444/16174/107527/59029/266632/16179/17874/11820/26406/434341/19181/80750/223664/26419/19167/19173/67089/16180/26965/12370/17463/16151/18412/26399/20848/22123/26441/71966/19170/70247/78294/270151","57162/5608/5604/5687/23118/5778/5704/7334/4792/1147/29110/84867/64127/5690/10213/5719/5685/5684/5718/8807/25930/11047/8454/8878/6416/7979/4791/5694/5717/6774/5777/5689/5701/4790/9978/5686/5709/5691/5707/9173","R-HSA-446652","R-MMU-446652","Interleukin-1 family signaling","Interleukin-1 family signaling",-2.44468742987635,0.175836055151817,TRUE,FALSE,-2.76768027434352,2.76768027434352,"opposite direction"
"human_vs_mouse_KD_Reactome","human KD vs control vs mouse KD vs control","Reactome","Regulation of actin dynamics for phagocytic cup formation","Regulation of actin dynamics for phagocytic cup formation","either",0.05,"opposite direction",-2.76606058936597,2.76606058936597,1.14325803443965,-1.62280255492632,0.647806522952955,0.03194641593665,"11867/68089/67771/20430/11461/26417/330662/242687/17913/11350/74117/12540/22325/14083/11465","1072/10787/10096/4627/5058/10006/4641/10109/9844/10092/1398/5747/10458/4644/10095/10451/5595","R-HSA-2029482","R-MMU-2029482","Regulation of actin dynamics for phagocytic cup formation","Regulation of actin dynamics for phagocytic cup formation",-1.49557785820187,0.188554683265929,TRUE,FALSE,-2.76606058936597,2.76606058936597,"opposite direction"
"human_vs_mouse_KD_Reactome","human KD vs control vs mouse KD vs control","Reactome","Degradation of AXIN","Degradation of AXIN","either",0.05,"opposite direction",-2.76160168458568,2.76160168458568,0.62922057501966,-2.13238110956602,1,0.000489257663640701,"26444/59029/19181/19167/12005/19173/67089/17463/22123/26441/19170/70247/78294","5690/10213/5719/5685/5684/5718/11047/7979/5694/5717/5689/5701/5686/5709/5691/5707/80351","R-HSA-4641257","R-MMU-4641257","Degradation of AXIN","Degradation of AXIN",-3.310462362909,0,TRUE,FALSE,-2.76160168458568,2.76160168458568,"opposite direction"
"human_vs_mouse_KD_Reactome","human KD vs control vs mouse KD vs control","Reactome","APC/C:Cdh1 mediated degradation of Cdc20 and other APC/C:Cdh1 targeted proteins in late mitosis/early G1","APC/C:Cdh1 mediated degradation of Cdc20 and other APC/C:Cdh1 targeted proteins in late mitosis/early G1","either",0.05,"opposite direction",-2.76011446396311,2.76011446396311,0.874414594954977,-1.88569986900813,0.960450770041743,0.00285134894979853,"26444/59008/52206/59029/69957/216080/19645/19181/217232/19167/19173/67089/52717/17222/17463/22123/26441/19170/70247/78294/56371","5690/10213/5719/5685/5684/10393/5718/8881/51433/11047/64682/7321/29882/7979/5694/5717/5689/5701/5686/5709/5691/29945/5707","R-HSA-174178","R-MMU-174178","APC/C:Cdh1 mediated degradation of Cdc20 and other APC/C:Cdh1 targeted proteins in late mitosis/early G1","APC/C:Cdh1 mediated degradation of Cdc20 and other APC/C:Cdh1 targeted proteins in late mitosis/early G1",-2.54494963021829,0.0175248909242579,TRUE,FALSE,-2.76011446396311,2.76011446396311,"opposite direction"
"human_vs_mouse_KD_Reactome","human KD vs control vs mouse KD vs control","Reactome","HDR through Single Strand Annealing (SSA)","HDR through Single Strand Annealing (SSA)","either",0.05,"opposite direction",2.75465309570171,2.75465309570171,-0.902775978268694,1.85187711743302,0.938049969069171,0.00410123454325806,"11920/327762/50505/26909/235610/68275/19367/21975/235559/19891/12189/12144","9156/83695/6118/2067/7486/1763/672/6119/3364/5984/4683/5982/4361/83990/641/7156/5932/84126/11073/116028/580/5893/5810","R-HSA-5685938","R-MMU-5685938","HDR through Single Strand Annealing (SSA)","HDR through Single Strand Annealing (SSA)",2.38708539337283,-0.0277740265324574,TRUE,FALSE,2.75465309570171,2.75465309570171,"opposite direction"
"human_vs_mouse_KD_Reactome","human KD vs control vs mouse KD vs control","Reactome","RAF activation","RAF activation","either",0.05,"opposite direction",-2.75185421864695,2.75185421864695,0.737495113808044,-2.01435910483891,1,0.00418315248609961,"26396/11836/26395/15461/108058/16706/20779/54401/225849","5604/801/673/818/5528/3265/5518/817/8036/5526/5519/8315/6714/5501/3717/5515/5525","R-HSA-5673000","R-MMU-5673000","RAF activation","RAF activation",-2.37849630403888,0,TRUE,FALSE,-2.75185421864695,2.75185421864695,"opposite direction"
"human_vs_mouse_KD_Reactome","human KD vs control vs mouse KD vs control","Reactome","Regulation of PD-L1(CD274) expression","Regulation of PD-L1(CD274) expression","either",0.05,"opposite direction",-2.75136523680956,2.75136523680956,0.782224759627032,-1.96914047718253,1,1.54673673823139e-05,"12567/26444/15270/22628/59029/12443/66753/244373/68024/66357/80286/19181/60533/76580/19167/19173/67089/12995/26965/232440/17463/72297/56637/22123/665433/20747/26441/19170/70247/13200/78294/54197/245688","5687/8348/91319/5704/4609/4297/8344/8368/8363/3716/5690/10213/1460/5719/5685/5684/8341/653604/5718/8452/27327/5571/53632/11047/3703/8454/7979/84661/4791/4780/3659/8331/5694/8338/5717/6774/10987/6934/5689/5562/5701/4790/9978/5931/26523/5686/5709/79139/2033/8405/7415/5691/746/27161/23512/5707/23112/1499","R-HSA-9909648","R-MMU-9909648","Regulation of PD-L1(CD274) expression","Regulation of PD-L1(CD274) expression",-4.81058359894631,0,TRUE,FALSE,-2.75136523680956,2.75136523680956,"opposite direction"
"human_vs_mouse_KD_Reactome","human KD vs control vs mouse KD vs control","Reactome","Nuclear Events (kinase and transcription factor activation)","Nuclear Events (kinase and transcription factor activation)","either",0.05,"opposite direction",-2.74942325399061,2.74942325399061,0.814530587288105,-1.93489266670251,0.980169256031325,0.00168206570778579,"17937/20112/67603","6197/4205/6446/1960/5528/4664/5518/1108/4665/4209/6722/6457/3726/3398/6938/1020/5519/1386/6236/466/2033/5515/5595/9252","R-HSA-198725","R-MMU-198725","Nuclear Events (kinase and transcription factor activation)","Nuclear Events (kinase and transcription factor activation)",-2.77415704303786,0.00869892368152369,TRUE,FALSE,-2.74942325399061,2.74942325399061,"opposite direction"
"human_vs_mouse_KD_Reactome","human KD vs control vs mouse KD vs control","Reactome","Adherens junctions interactions","Adherens junctions interactions","either",0.05,"opposite direction",-2.74714386966473,2.74714386966473,1.07981430748021,-1.66732956218452,0.683740601503759,0.000453553254038463,"11475/12552/12563/18553/11492/26444/13016/15270/14694/57875/217734/12554/13858/59029/105837/68024/13039/11461/66357/14376/19294/19181/227377/330662/20779/20586/12540/19167/22325/19173/11465/14360/67089/22160/12995/232440/16452/54721/17463/16193/57377","5687/8348/5704/4609/8344/154796/1495/27319/8368/3065/1487/8363/1009/687/3716/288/5690/10213/6663/1460/5719/5685/5684/8341/7088/653604/5718/4301/27327/2534/72/1500/6935/11047/3703/7979/1010/8331/9844/6938/5694/8338/5717/6774/9314/5689/5701/4790/5931/6714/26523/5686/5709/3717/253559/5691/746/27161/283106/23512/5707/23112/1499/6615/117581/127544/7291/5595/58/59","R-HSA-418990","R-MMU-418990","Adherens junctions interactions","Adherens junctions interactions",-3.34337171284379,0.165108630301085,TRUE,FALSE,-2.74714386966473,2.74714386966473,"opposite direction"
"human_vs_mouse_KD_Reactome","human KD vs control vs mouse KD vs control","Reactome","Transcriptional regulation by RUNX3","Transcriptional regulation by RUNX3","either",0.05,"opposite direction",-2.73419870588913,2.73419870588913,1.13333350358584,-1.60086520230329,0.645845196898681,0.00814107284826371,"19664/22059/21677/26444/22601/75788/59029/12443/208727/14534/19181/20779/19167/12400/103806/21678/19173/67089/17463/21803/21679/22123/21676/26441/19170/70247/78294","5690/865/10213/5719/5685/5684/5718/4089/11047/7979/5694/5717/6934/5689/5701/2648/6714/9759/5686/5709/2033/5691/5707/1499/8850/3516/6696","R-HSA-8878159","R-MMU-8878159","Transcriptional regulation by RUNX3","Transcriptional regulation by RUNX3",-2.08931835906919,0.18987156588922,TRUE,FALSE,-2.73419870588913,2.73419870588913,"opposite direction"
"human_vs_mouse_KD_Reactome","human KD vs control vs mouse KD vs control","Reactome","Antigen processing: Ubiquitination & Proteasome degradation","Antigen processing: Ubiquitination & Proteasome degradation","either",0.05,"opposite direction",-2.71055387553443,2.71055387553443,0.979096201403292,-1.73145767413114,0.867844055249838,3.2628487562523e-05,"672511/209200/74153/17999/26444/208650/24105/30839/22192/59008/50492/52206/20439/75788/76454/56736/107568/59029/78889/100763/83962/69957/56791/50868/76375/56515/12702/50762/216080/66799/399566/19181/217232/67673/66515/67455/76580/67731/75717/231672/19167/240396/17237/68729/71745/387524/104184/19173/67089/224170/69010/22200/224023/142688/17222/170823/67128/26965/12703/68431/17463/70348/71778/67138/72194/56550/109161/66105/22193/20437/101358/66743","7323/51529/51676/79791/5687/80204/5704/64320/11275/9040/7334/63891/8453/63893/11059/23304/6923/4591/7174/84676/5690/140461/23352/10213/5719/27246/5685/5684/55294/10393/26234/5718/8452/8881/114907/10075/84261/10422/51433/29116/4012/11047/64682/65264/9820/7321/29882/8454/10489/7317/7979/9354/25897/54926/7322/89910/55175/5694/5717/84937/55585/9039/7320/51320/5689/55958/5701/25831/3093/25898/9978/84861/84961/84727/26272/9520/5686/5709/10273/5691/9320/29945/5707/127544/4734","R-HSA-983168","R-MMU-983168","Antigen processing: Ubiquitination & Proteasome degradation","Antigen processing: Ubiquitination & Proteasome degradation",-4.48640305672005,0.0615583071150086,TRUE,FALSE,-2.71055387553443,2.71055387553443,"opposite direction"
"human_vs_mouse_KD_Reactome","human KD vs control vs mouse KD vs control","Reactome","Hedgehog 'on' state","Hedgehog 'on' state","either",0.05,"opposite direction",-2.70958830332224,2.70958830332224,0.84525015145247,-1.86433815186977,0.991121133112536,0.00150685137984417,"14451/59056/26444/319757/57810/75788/59029/19181/16568/14633/19167/93687/214498/19173/67089","5690/10213/5719/5685/5684/91653/5718/8452/2622/6608/51684/3549/408/11047/11127/7979/5694/5717/5689/5701/9978/5686/5709/8405/5691/5707/50937/2619","R-HSA-5632684","R-MMU-5632684","Hedgehog 'on' state","Hedgehog 'on' state",-2.82192957986619,0.00387326354961486,TRUE,FALSE,-2.70958830332224,2.70958830332224,"opposite direction"
"human_vs_mouse_KD_Reactome","human KD vs control vs mouse KD vs control","Reactome","RHO GTPases Activate Formins","RHO GTPases Activate Formins","either",0.05,"opposite direction",2.70660783954021,2.70660783954021,-1.19754301781566,1.50906482172455,0.435019986350785,0.026004394841464,"13424/269966/67139/14270/103573/236930/52504/18221/56430/66977/26951/68549/18645/107995/83431/76499/12237/228421/208846/20807/66934/52696/13367/75786/12235/229841/68097/21770/26932/66140/70385/52276/16319/108000/11852/12236/19387","54908/11130/701/5217/1063/8379/80152/348235/332/55746/147841/57082/5879/55143/79172/699/6232/25936/25909/79980/151246/55055/83540/348995/79682/5527/220134/2491/57405/1060/64946/55839/1729/1058/81624/57122/3619/1857/991/9735/55166/5905/3688/388/23421/81930/151648/91687/1062/23279/4085/54820/9212","R-HSA-5663220","R-MMU-5663220","RHO GTPases Activate Formins","RHO GTPases Activate Formins",1.58495324840985,-0.361490789568438,TRUE,FALSE,2.70660783954021,2.70660783954021,"opposite direction"
"human_vs_mouse_KD_Reactome","human KD vs control vs mouse KD vs control","Reactome","Processing of DNA double-strand break ends","Processing of DNA double-strand break ends","either",0.05,"opposite direction",2.70555900458317,2.70555900458317,-1.16071926645993,1.54483973812324,0.555636234549973,0.0213149080981111,"68275/19367/93765/20184/240087/21975/12566/22190/22196/235559/269582/19891/12428/12189/59004/12144","9656/165918/9156/83695/85236/6118/7158/7468/6233/3017/7486/1763/672/63967/6119/3364/5984/4683/5982/4361/83990/8914/641/79184/7156/5932/84142/51588/84126/11073/116028/1017/580","R-HSA-5693607","R-MMU-5693607","Processing of DNA double-strand break ends","Processing of DNA double-strand break ends",1.67131653552772,-0.25520944048664,TRUE,FALSE,2.70555900458317,2.70555900458317,"opposite direction"
"human_vs_mouse_KD_Reactome","human KD vs control vs mouse KD vs control","Reactome","Cell Cycle Checkpoints","Cell Cycle Checkpoints","either",0.05,"opposite direction",2.7051482958409,2.7051482958409,-1.32063775425477,1.38451054158613,0.0980352137439252,0.0430146211453747,"29813/26909/13424/269966/66634/67139/235610/103573/236930/52504/22186/18221/56430/66977/23997/68275/19367/26951/68549/56438/93765/20184/107995/83431/76499/12237/228421/240087/21975/23834/66934/52696/22629/57296/12566/70024/22190/75786/12235/268697/235559/229841/29870/68097/12545/12534/21770/22390/22627/26932/269582/19891/66140/228829/12428/12189/59004/70385/52276/16319/108000/12144/17217/12236/19387/17215","54908/1026/11130/701/9656/51512/1063/8379/80152/348235/84515/332/55746/147841/57082/165918/55143/79172/699/9156/6232/25936/25909/83695/79980/4173/85236/151246/6118/55055/83540/348995/990/79682/7158/7468/5527/220134/2491/6233/57405/27338/3017/1060/7486/1763/672/64946/55839/4193/246184/63967/6119/3364/5984/11065/4683/995/1058/23594/7529/55388/5982/57122/4361/83990/3619/991/79858/9735/55166/641/5905/23421/79184/4998/81930/7156/1454/151648/5932/84142/51588/9088/91687/84126/1062/23279/4085/54820/11073/9212","R-HSA-69620","R-MMU-69620","Cell Cycle Checkpoints","Cell Cycle Checkpoints",1.36638389782889,-1.00861789994284,TRUE,FALSE,2.7051482958409,2.7051482958409,"opposite direction"
"human_vs_mouse_KD_Reactome","human KD vs control vs mouse KD vs control","Reactome","Class I MHC mediated antigen processing & presentation","Class I MHC mediated antigen processing & presentation","either",0.05,"opposite direction",-2.70193021720155,2.70193021720155,1.10090344784115,-1.6010267693604,0.629621552010635,9.43144889104895e-05,"672511/209200/74153/19171/17534/17999/19186/26444/208650/24105/16419/16913/30839/22192/59008/50492/69162/52206/20439/19188/75788/76454/56736/107568/59029/78889/80898/100763/83962/21354/69957/15039/56791/50868/76375/56515/12702/50762/216080/66799/399566/19181/110379/217232/67673/66515/67455/76580/67731/75717/16912/231672/19167/240396/17237/68729/71745/387524/104184/19173/67089/224170/69608/69010/22200/224023/142688/17222/170823/67128/26965/12703/68431/17463/70348/71778/67138/72194/56550/109161/66105/22193/20437/101358/20334/66743","7323/51529/51676/79791/5687/80204/5704/64320/11275/9040/9632/7334/63891/8453/63893/11059/1515/23304/1147/6923/4591/929/7174/84676/5690/140461/23352/10952/10213/10427/9902/5719/27246/5685/5720/5684/55294/10393/26234/5718/4689/8452/8881/114907/10075/84261/10422/51433/29116/4012/55176/11047/64682/65264/9820/7321/29882/8454/10489/7317/7979/9354/25897/54926/7322/89910/55175/6810/22872/5694/5717/84937/3134/55585/9039/7320/51320/5689/55958/5701/25831/8678/3093/25898/9978/84861/84961/84727/23480/26272/9520/5686/5709/10273/5691/9320/29945/8673/5707/3135/127544/4734","R-HSA-983169","R-MMU-983169","Class I MHC mediated antigen processing & presentation","Class I MHC mediated antigen processing & presentation",-4.02542158435158,0.200920414449666,TRUE,FALSE,-2.70193021720155,2.70193021720155,"opposite direction"
"human_vs_mouse_KD_Reactome","human KD vs control vs mouse KD vs control","Reactome","Signaling by TGFB family members","Signaling by TGFB family members","either",0.05,"opposite direction",-2.6994858648309,2.6994858648309,1.09613689711002,-1.60334896772088,0.663306253480525,0.00485452877121516,"14118/14314/21857/17387/241226/12167/16419/21814/21815/268977/16998/22192/19165/75788/59287/218441/13559/108075/83453","4054/4221/51592/904/3623/27327/4089/9958/3726/408/4323/50855/7321/5494/9611/4086/6938/1024/7050/26523/7043/5501/9110/2033/8239/10273/27161/650/23112/55851/6925/4052/5595/5499/3625/7049","R-HSA-9006936","R-MMU-9006936","Signaling by TGFB family members","Signaling by TGFB family members",-2.31385292064649,0.178285908265799,TRUE,FALSE,-2.6994858648309,2.6994858648309,"opposite direction"
"human_vs_mouse_KD_Reactome","human KD vs control vs mouse KD vs control","Reactome","Regulation of T cell activation by CD28 family","Regulation of T cell activation by CD28 family","either",0.05,"opposite direction",-2.69800097124967,2.69800097124967,0.77443053457521,-1.92357043667446,1,1.92320740062805e-06,"12567/26444/15270/11651/22628/75778/59029/12443/66753/244373/68024/66357/80286/19181/56716/18706/20779/60533/227743/76580/12540/19167/18709/16818/56717/225849/19173/14360/67089/230979/12995/26965/232440/17463/72297/56637/22123/665433/228775/12988/20747/224105/26441/19170/70247/13200/78294","5687/8348/91319/5704/4609/4297/8344/5291/8368/8363/3716/5690/10213/5528/1460/5719/5685/5684/8341/5518/653604/5718/8452/27327/2534/5058/5571/53632/11047/3703/8454/7979/84661/4791/4780/3659/8331/5694/8338/5717/6774/5777/10987/253260/6934/5689/5562/5526/5519/5701/4790/9978/5931/6714/26523/5295/5686/5709/79139/5290/2033/3127/8405/7415/5691/746/27161/23512/5707/23112/5515/1499/5525","R-HSA-388841","R-MMU-388841","Regulation of T cell activation by CD28 family","Regulation of T cell activation by CD28 family",-5.71597387848053,0,TRUE,FALSE,-2.69800097124967,2.69800097124967,"opposite direction"
"human_vs_mouse_KD_Reactome","human KD vs control vs mouse KD vs control","Reactome","DNA Repair","DNA Repair","either",0.05,"opposite direction",2.69716814966724,2.69716814966724,-0.964046610770919,1.73312153889632,0.899667395229497,4.53837315981219e-05,"11920/319955/17193/209357/26447/237211/227525/21750/327762/69241/19362/50505/28000/107986/18970/93762/272158/13871/17688/26909/19687/55982/235610/66467/69714/12848/60534/319583/268420/22186/11785/22230/68275/80905/19367/14884/74335/56438/17686/71711/233826/93765/20184/20892/17420/54125/71885/71101/52864/14050/240087/67967/67196/21975/12566/22190/22196/231329/18861/235559/19359/235134/22218/21749/227195/22385/67710/77782/76843/269582/19891/14048/244666/12428/22256/12189/59004/12144/27015/56196/57321","2547/328/7520/5591/5425/201254/1643/9656/142/2175/7508/55215/165918/348654/7374/9156/2189/5889/197342/199990/94239/29089/9100/22909/5395/2139/55183/54386/83695/63979/85236/4350/11284/7517/8314/6118/8930/2237/79728/7158/7468/2176/3838/2068/2177/9557/6233/10038/7516/2067/6612/51567/3017/2073/79661/7486/1763/672/7706/23514/54107/4595/7013/10635/84464/283899/80233/25913/63967/2178/6119/3364/26277/5984/55775/57461/4683/9636/121642/5439/8334/5982/2188/252969/4361/83990/5429/5886/6996/8914/146956/4292/641/5426/5433/79184/56852/7156/5892/5932/84142/64858/7515/10721/51588/2187/27434/84126/2074/11073/55666","R-HSA-73894","R-MMU-73894","DNA Repair","DNA Repair",4.34309979787715,-0.0459180184654554,TRUE,FALSE,2.69716814966724,2.69716814966724,"opposite direction"
"human_vs_mouse_KD_Reactome","human KD vs control vs mouse KD vs control","Reactome","Degradation of CDH1","Degradation of CDH1","either",0.05,"opposite direction",-2.6891170686463,2.6891170686463,0.76414263621474,-1.92497443243156,1,0.00128823920523789,"26444/14694/13858/59029/105837/13039/19181/20779/19167/19173/14360/67089/17463/22123/12385/26441/19170/70247/78294","5687/5704/1495/5690/10213/5719/5685/5684/5718/2534/1500/11047/7979/5694/5717/5689/5701/6714/5686/5709/5691/5707/1499","R-HSA-9766229","R-MMU-9766229","Degradation of CDH1","Degradation of CDH1",-2.89000348800934,0,TRUE,FALSE,-2.6891170686463,2.6891170686463,"opposite direction"
"human_vs_mouse_KD_Reactome","human KD vs control vs mouse KD vs control","Reactome","SUMO E3 ligases SUMOylate target proteins","SUMO E3 ligases SUMOylate target proteins","either",0.05,"opposite direction",2.68741721907649,2.68741721907649,-1.25108169397279,1.4363355251037,0.356479690522244,0.043363473811162,"107939/19821/69482/240087/109113/227720/13433/224903/22196/226026/17977/22218/214669/15258/18035/241915/12189/59004/52276/16319/12144/68501/19387/18141","10762/4869/9883/9656/6672/84733/142/332/6294/55746/5610/7508/165918/55143/5371/23636/11097/1789/1387/7428/6790/9612/348995/3183/7158/5468/6612/7486/672/4193/7020/4152/5465/56160/1788/59348/6015/23225/9189/57122/6304/8535/3619/10155/6996/1786/641/5905","R-HSA-3108232","R-MMU-3108232","SUMO E3 ligases SUMOylate target proteins","SUMO E3 ligases SUMOylate target proteins",1.36287593411292,-0.447965207874868,TRUE,FALSE,2.68741721907649,2.68741721907649,"opposite direction"
"human_vs_mouse_KD_Reactome","human KD vs control vs mouse KD vs control","Reactome","Cell-Cell communication","Cell-Cell communication","either",0.05,"opposite direction",-2.67720376532305,2.67720376532305,1.13703896390588,-1.54016480141717,0.573793021032505,0.00126663848982455,"11475/12552/12563/16423/18553/11492/26444/13016/15270/14694/192176/57875/16403/217734/12554/12476/22323/13858/59029/105837/68024/57342/13039/11461/66357/14376/13518/19294/19181/227377/330662/20779/20586/170643/12540/19167/22325/19173/11465/14360/21754/67089/22160/12995/110829/232440/16452/54721/17463/16193/57377","154796/1495/27319/5291/8368/3065/1487/8363/1009/687/3716/4690/288/5690/10213/6663/1460/5584/5719/5685/5684/8341/29780/7088/653604/5718/6251/7016/4301/27327/2534/72/1500/6935/11047/50855/3703/55742/89/7979/1010/2185/8331/9844/6938/5694/8338/5717/6774/9314/5777/5689/5701/4790/5931/5747/6714/26523/5295/5686/5709/3717/5290/253559/5691/746/27161/283106/23512/5707/23112/1499/6615/117581/1365/127544/7291/5595/58/59","R-HSA-1500931","R-MMU-1500931","Cell-Cell communication","Cell-Cell communication",-2.89734731903692,0.241244738323385,TRUE,FALSE,-2.67720376532305,2.67720376532305,"opposite direction"
"human_vs_mouse_KD_Reactome","human KD vs control vs mouse KD vs control","Reactome","TNFR2 non-canonical NF-kB pathway","TNFR2 non-canonical NF-kB pathway","either",0.05,"opposite direction",-2.67053173538922,2.67053173538922,0.979808471913884,-1.69072326347534,0.848096548560945,0.00923720653402365,"26444/21937/22192/59029/27279/19181/21942/19167/19173/67089/230979/21944/22200/26965/18383/17463/19698/245527/22123/26441/19170/70247/78294/11796/21934","8784/5687/5704/9040/5971/8740/10913/1147/5690/10213/1896/5719/5685/5684/5718/11047/8454/7979/4791/5694/5717/9039/5689/5701/3604/5686/5709/5691/5707","R-HSA-5668541","R-MMU-5668541","TNFR2 non-canonical NF-kB pathway","TNFR2 non-canonical NF-kB pathway",-2.0344593459101,0.0715547042050218,TRUE,FALSE,-2.67053173538922,2.67053173538922,"opposite direction"
"human_vs_mouse_KD_Reactome","human KD vs control vs mouse KD vs control","Reactome","Metabolism of steroids","Metabolism of steroids","either",0.05,"opposite direction",-2.66939199690004,2.66939199690004,1.25949566389779,-1.40989633300225,0.416235287707062,0.0493226202791163,"170460/22337/56453/56348/20787/76205/12257/228983/235623/18194/110196/17855/57357/17117/19384/28253/13123/100273/15485/93732/14137/74411/170461","231/22937/10858/26119/6667/8029/4800/6256/4597/10654/10498/7421/3837/4036/6319/1595/9971/1585/7329/6604/6716/114876/8720/570/6770/3284/2224/57678/4520/5469/4802/9632/51144/9256/32/9420/31/706/39/6907/5443/441282/10427/3293/51141/866/6720/114883/3156/5007/6342/10499/80270/7108/6721/79071/4598/50814/3157/6713/3638","R-HSA-8957322","R-MMU-8957322","Metabolism of steroids","Metabolism of steroids",-1.30695385943776,0.380661103829309,TRUE,FALSE,-2.66939199690004,2.66939199690004,"opposite direction"
"human_vs_mouse_KD_Reactome","human KD vs control vs mouse KD vs control","Reactome","SUMOylation","SUMOylation","either",0.05,"opposite direction",2.6547072522023,2.6547072522023,-1.22380521108806,1.43090204111424,0.387690988305238,0.0347627695342329,"107939/19821/69482/240087/109113/56459/227720/13433/224903/22196/226026/17977/22218/214669/15258/18035/241915/12189/59004/52276/16319/12144/68501/19387/18141","10762/4869/9883/9656/6672/84733/142/332/6294/55746/5610/7508/165918/55143/5371/23636/11097/1789/1387/7428/6790/9612/348995/10055/3183/7158/5468/6612/7486/672/4193/7020/4152/5465/56160/1788/59348/6015/23225/9189/57122/6304/8535/3619/10155/6996","R-HSA-2990846","R-MMU-2990846","SUMOylation","SUMOylation",1.45888563079873,-0.411514293846527,TRUE,FALSE,2.6547072522023,2.6547072522023,"opposite direction"
"human_vs_mouse_KD_Reactome","human KD vs control vs mouse KD vs control","Reactome","Cdc20:Phospho-APC/C mediated degradation of Cyclin A","Cdc20:Phospho-APC/C mediated degradation of Cyclin A","either",0.05,"opposite direction",-2.64960087054661,2.64960087054661,0.674848485036144,-1.97475238551047,1,0.00117922582028256,"26444/59008/52206/59029/69957/216080/19181/217232/19167/19173/67089/52717/17222/56150/17463/22123/26441/19170/70247/78294","5690/10213/5719/5685/5684/10393/5718/8881/51433/11047/64682/7321/29882/7979/5694/5717/5689/5701/5686/5709/5691/29945/5707","R-HSA-174184","R-MMU-174184","Cdc20:Phospho-APC/C mediated degradation of Cyclin A","Cdc20:Phospho-APC/C mediated degradation of Cyclin A",-2.92840302008588,0,TRUE,FALSE,-2.64960087054661,2.64960087054661,"opposite direction"
"human_vs_mouse_KD_Reactome","human KD vs control vs mouse KD vs control","Reactome","Transcriptional Regulation by TP53","Transcriptional Regulation by TP53","either",0.05,"opposite direction",2.62909782366237,2.62909782366237,-1.38689062634602,1.24220719731635,0.0432176230541043,0.143874643874644,"12866/216456/223770/11920/209357/19052/19352/23942/327762/21374/69241/270627/69125/13871/13197/57913/53621/29813/26909/27224/328572/268706/21981/108961/108143/235610/66467/108099/67338/99730/216848/24074/22186/114741/219024/20922/69076/66464/68275/234366/19367/20869/233058/14884/77976/68428/17165/333654/24116/17420/13001/108079/72949/64930/21975/226182/98053/234594/209456/22629/12566/225655/20620/110323/107932/22190/18607/231329/20924/268697/235559/78783/69181/12455/15258/67710/12534/67655/209361/22627/54170/19891/19079/72119/228829/12428/12189/229542/319801/228980/12144/52679/117150/20878/13716/56692/53325/52187","4514/4513/4512/8795/4869/1026/8793/3486/11198/22974/64065/54205/1643/9656/6879/1349/332/144455/55215/55835/5371/1345/6882/9156/835/9540/5395/83695/1387/7161/25824/51497/1347/1820/6790/6118/9891/53615/26155/5527/2176/2068/2177/1337/6233/6878/7486/1763/672/55615/4193/7832/5325/6119/27154/3364/5984/7295/4683/51616/637/995/6921/5439/58528/55367/7529/5982/6009/54815/4361/125965/83990/2936/5563/355/25920/124446/3725/4292/8445/641/5565/7296/51499/5433/2963/5366/7156/5892/29883/84289/5932/79813/57103/29117/84126/639/79109/11073/5305/9212","R-HSA-3700989","R-MMU-3700989","Transcriptional Regulation by TP53","Transcriptional Regulation by TP53",0.842015738347162,-1.36433912275758,FALSE,TRUE,2.62909782366237,2.62909782366237,"opposite direction"
"human_vs_mouse_KD_Reactome","human KD vs control vs mouse KD vs control","Reactome","RUNX1 regulates transcription of genes involved in differentiation of HSCs","RUNX1 regulates transcription of genes involved in differentiation of HSCs","either",0.05,"opposite direction",-2.62859838112116,2.62859838112116,0.94002318198047,-1.68857519914069,0.898117424372,0.00458048841946388,"26444/21423/22601/59029/12572/19181/11350/19167/12400/19173/67089/14462/21406/17463/22123/26441/19170/70247/78294","2625/8355/5702/333932/25/3020/5692/8362/5687/8348/5704/4297/8344/902/8368/8363/5690/865/10213/5719/5685/4005/5684/8341/653604/5718/11047/7979/8331/6938/5694/8338/5717/5689/5701/5686/5709/5691/5707/8861","R-HSA-8939236","R-MMU-8939236","RUNX1 regulates transcription of genes involved in differentiation of HSCs","RUNX1 regulates transcription of genes involved in differentiation of HSCs",-2.33908821051829,0.0466668777838432,TRUE,FALSE,-2.62859838112116,2.62859838112116,"opposite direction"
"human_vs_mouse_KD_Reactome","human KD vs control vs mouse KD vs control","Reactome","Presynaptic phase of homologous DNA pairing and strand exchange","Presynaptic phase of homologous DNA pairing and strand exchange","either",0.05,"opposite direction",2.61048477185538,2.61048477185538,-0.77997703383053,1.83050773802485,0.996844603983326,0.00675855480294867,"21975/12189/12144","9156/5889/83695/6118/7516/7486/1763/672/6119/3364/5984/4683/5982/4361/83990/641/7156/5892/5932/84126/11073/116028/580/675/5810","R-HSA-5693616","R-MMU-5693616","Presynaptic phase of homologous DNA pairing and strand exchange","Presynaptic phase of homologous DNA pairing and strand exchange",2.17014616030168,-0.00137253766881647,TRUE,FALSE,2.61048477185538,2.61048477185538,"opposite direction"
"human_vs_mouse_KD_Reactome","human KD vs control vs mouse KD vs control","Reactome","Metabolism of carbohydrates and carbohydrate derivatives","Metabolism of carbohydrates and carbohydrate derivatives","either",0.05,"opposite direction",-2.60298550645261,2.60298550645261,1.52811306230731,-1.0748724441453,0.0177876920002175,0.351136943273645,"74551/18641/12111/66171/14635/68401/11603/14381/110208/53418/54371/20525/14936/14751/234356/83398/102093/19895/52120/20443/15529/11674/80982/72787/225913/195646/20444/77590/14043/27029/14733/72141/72157/13039/20442/215015/27419/76898/232449/73744/17160/50917/14433/13808/15442/110006/21351/110379/15931/56043/18295/72136/66646/16548/117592/66679/21991/100910/11881/23888/15476/73836/319901/74185/68631/14345/14042/67980/233781/70484/14387/71805/12091/50786/54563/59031/110094/67883","1462/5568/4958/5528/10057/729020/11041/5518/3101/5313/8480/7360/5207/4669/30815/6484/51363/2821/79411/9061/3339/6888/81929/178/9957/3073/2817/2548/6483/5519/2584/5255/221823/3098/80146/5236/50515/10327/92370/5515/5230/4969/2026/5091/230/2027","R-HSA-71387","R-MMU-71387","Metabolism of carbohydrates and carbohydrate derivatives","Metabolism of carbohydrates and carbohydrate derivatives",-0.454523475815634,1.74988039911089,FALSE,TRUE,-2.60298550645261,2.60298550645261,"opposite direction"
"human_vs_mouse_KD_Reactome","human KD vs control vs mouse KD vs control","Reactome","Nuclear Envelope Breakdown","Nuclear Envelope Breakdown","either",0.05,"opposite direction",2.58978253649985,2.58978253649985,-1.0098432444554,1.57993929204445,0.802747548309679,0.0431256878522991,"107939/69482/227720/16905/64898/268697/12534/18141","10762/9883/2010/55746/8815/10783/23636/11097/5578/348995/221496/4001/23225/57122/23592","R-HSA-2980766","R-MMU-2980766","Nuclear Envelope Breakdown","Nuclear Envelope Breakdown",1.36526396489083,-0.095421012148509,TRUE,FALSE,2.58978253649985,2.58978253649985,"opposite direction"
"human_vs_mouse_KD_Reactome","human KD vs control vs mouse KD vs control","Reactome","Chromosome Maintenance","Chromosome Maintenance","either",0.05,"opposite direction",2.57444962907628,2.57444962907628,-0.879207279443637,1.69524234963264,0.995507669831994,0.001973163639106,"67967/67857/208084/12566/233532/18968/21749/18969/19891/12428/12144/57321","4869/5425/201254/55355/80152/57082/79172/63922/94239/55320/54386/54069/85236/6118/2237/79682/2491/1736/3017/1060/7486/1763/387103/64946/55839/7013/25913/6119/26277/5984/5439/1058/8334/80119/5982/55505","R-HSA-73886","R-MMU-73886","Chromosome Maintenance","Chromosome Maintenance",2.7048368961904,-0.00195538962664651,TRUE,FALSE,2.57444962907628,2.57444962907628,"opposite direction"
"human_vs_mouse_KD_Reactome","human KD vs control vs mouse KD vs control","Reactome","Regulation of TP53 Activity","Regulation of TP53 Activity","either",0.05,"opposite direction",2.56934655966484,2.56934655966484,-1.58144345075331,0.987903108911529,0.024198253453371,0.691426209177346,"29813/26909/328572/21981/108143/235610/108099/67338/99730/216848/24074/22186/114741/219024/66464/68275/234366/19367/20869/77976/17165/333654/13001/108079/21975/226182/209456/12566/107932/22190/18607/235559/78783/69181/15258/12534/209361/19891/19079/72119/228829/12428/12189/229542/228980/12144/117150/20878/53325","11198/22974/6879/5371/6882/9156/83695/7161/6790/6118/9891/53615/26155/5527/6233/6878/7486/1763/672/55615/4193/6119/27154/3364/5984/4683/51616/5982/54815/4361/83990/5563/8445/641/5565/7156/84289/5932/79813/29117/84126/639/79109/11073/5305/9212/116028/51422/112858/1017/580","R-HSA-5633007","R-MMU-5633007","Regulation of TP53 Activity","Regulation of TP53 Activity",0.160254162130376,-1.616215978769,FALSE,TRUE,2.56934655966484,2.56934655966484,"opposite direction"
"human_vs_mouse_KD_Reactome","human KD vs control vs mouse KD vs control","Reactome","Cell junction organization","Cell junction organization","either",0.05,"opposite direction",-2.56731601342434,2.56731601342434,1.08986568418288,-1.47745032924146,0.654733424470267,0.00259406806758616,"11475/12552/12563/18553/11492/26444/13016/15270/14694/192176/57875/16403/217734/12554/12476/22323/13858/59029/105837/68024/57342/13039/11461/66357/14376/13518/19294/19181/227377/330662/20779/20586/12540/19167/22325/19173/11465/14360/21754/67089/22160/12995/110829/232440/16452/54721/17463/16193/57377","154796/1495/27319/8368/3065/1487/8363/1009/687/3716/288/5690/10213/6663/1460/5584/5719/5685/5684/8341/29780/7088/653604/5718/6251/7016/4301/27327/2534/72/1500/6935/11047/50855/3703/55742/7979/1010/8331/9844/6938/5694/8338/5717/6774/9314/5689/5701/4790/5931/6714/26523/5686/5709/3717/253559/5691/746/27161/283106/23512/5707/23112/1499/6615/117581/1365/127544/7291/5595/58/59","R-HSA-446728","R-MMU-446728","Cell junction organization","Cell junction organization",-2.58601863234245,0.183935487560568,TRUE,FALSE,-2.56731601342434,2.56731601342434,"opposite direction"
"human_vs_mouse_KD_Reactome","human KD vs control vs mouse KD vs control","Reactome","Cellular response to chemical stress","Cellular response to chemical stress","either",0.05,"opposite direction",-2.55606772437186,2.55606772437186,1.11459849905809,-1.44146922531377,0.644354570853604,0.0215286682682079,"50527/14782/26444/230784/17250/217365/11651/14870/59029/22166/12862/50868/76650/54683/14950/50493/20657/59035/21372/19181/18024/20602/18477/11758/19167/229003/15183/19173/67089/21672/14775/26965/17463/18412/11757/56637/22123/14778/20655/26462/18453/26441/20463/19170/70247/78294/50490","81502/5687/5034/5469/5704/4609/9973/2729/2876/2950/318/5690/6907/10213/1460/5584/5719/5685/5684/64839/1351/5580/5718/4689/8452/139285/3162/596/645/8841/9167/10072/140809/11047/6888/8454/8878/10061/9611/7979/4780/10499/2730/5694/5717/6774/5689/5701/4790/538/9978/5052/10628/25828/5686/5709/2033/3417/4199/7415/5691/5707/7001","R-HSA-9711123","R-MMU-9711123","Cellular response to chemical stress","Cellular response to chemical stress",-1.66698283416428,0.190875086382992,TRUE,FALSE,-2.55606772437186,2.55606772437186,"opposite direction"
"human_vs_mouse_KD_Reactome","human KD vs control vs mouse KD vs control","Reactome","Cell-cell junction organization","Cell-cell junction organization","either",0.05,"opposite direction",-2.55486028370953,2.55486028370953,0.995354895433639,-1.55950538827589,0.835442314600137,0.00149625440319947,"11475/12552/12563/18553/11492/26444/13016/15270/14694/57875/217734/12554/13858/59029/105837/68024/13039/11461/66357/14376/19294/19181/227377/330662/20779/20586/12540/19167/22325/19173/11465/14360/67089/22160/12995/232440/16452/54721/17463/16193/57377","5687/8348/5704/4609/8344/154796/1495/27319/8368/3065/1487/8363/1009/687/3716/288/5690/10213/6663/1460/5584/5719/5685/5684/8341/7088/653604/5718/4301/27327/2534/72/1500/6935/11047/50855/3703/7979/1010/8331/9844/6938/5694/8338/5717/6774/9314/5689/5701/4790/5931/6714/26523/5686/5709/3717/253559/5691/746/27161/283106/23512/5707/23112/1499/6615/117581/1365/127544/7291/5595/58/59","R-HSA-421270","R-MMU-421270","Cell-cell junction organization","Cell-cell junction organization",-2.82499455853546,0.0780835317858316,TRUE,FALSE,-2.55486028370953,2.55486028370953,"opposite direction"
"human_vs_mouse_KD_Reactome","human KD vs control vs mouse KD vs control","Reactome","Signaling by Interleukins","Signaling by Interleukins","either",0.05,"opposite direction",-2.55416766754355,2.55416766754355,0.954272989342957,-1.59989467820059,0.898117424372,8.96001356712805e-05,"24110/18414/69146/20112/17082/16177/12931/16156/16453/26444/16174/67603/20852/12977/107527/59029/266632/109658/12702/16164/22631/26398/16179/17874/11820/26406/16157/26420/20416/20909/434341/19181/80750/26417/16878/107607/223664/18706/20586/26419/19167/18709/16818/14281/26400/56468/19173/14360/67089/110651/16180/16189/102626/26965/12370/12703/16452/54721","5702/8651/5898/3627/836/3587/3568/3965/759/1278/333932/3684/6285/10538/116379/942/375/5692/5598/8835/1441/3313/6647/246/6813/54014/4988/57162/5608/998/5602/3667/5604/5687/23118/5778/5034/6950/5704/6844/4609/6197/4205/6352/1265/7334/1436/5291/6097/4792/58480/1147/5803/3561/7422/1052/3716/29110/3574/84867/64127/5690/3603/5443/10213/5657/5528/5719/5685/4314/5684/5518/1072/653604/5718/2889/8807/2534/301/1439/23529/3162/596/6935/3726/25930/11047/6888/8454/29760/8878/7184/6416/7979/4791/11009/2185/1901/4313/7431/4318/6810/5743/6657/5694/5717/6774/5777/3718/5689/1398/5519/5701/6776/4790/1386/9978/2308/5295/466/5686/5709/3717/1435/5290/9049/3185/5691/5707/5515/5306/9173/7412/7291/5595/4128/3082/9252","R-HSA-449147","R-MMU-449147","Signaling by Interleukins","Signaling by Interleukins",-4.04769133273471,0.0466668777838432,TRUE,FALSE,-2.55416766754355,2.55416766754355,"opposite direction"
"human_vs_mouse_KD_Reactome","human KD vs control vs mouse KD vs control","Reactome","Interleukin-1 signaling","Interleukin-1 signaling","either",0.05,"opposite direction",-2.54719825570006,2.54719825570006,0.879415936798999,-1.66778231890106,0.970603199728645,0.00800518310810663,"24110/16177/26444/59029/266632/16179/17874/11820/26406/434341/19181/80750/223664/19167/19173/67089/16180/26965/12370/17463/16151/18412/26399/22123/26441/71966/19170/70247/78294/270151","57162/5608/5604/5687/23118/5704/7334/4792/1147/64127/5690/10213/5719/5685/5684/5718/11047/8454/8878/6416/7979/4791/5694/5717/5689/5701/4790/9978/5686/5709/5691/5707","R-HSA-9020702","R-MMU-9020702","Interleukin-1 signaling","Interleukin-1 signaling",-2.0966287297121,0.0129582813061201,TRUE,FALSE,-2.54719825570006,2.54719825570006,"opposite direction"
"human_vs_mouse_KD_Reactome","human KD vs control vs mouse KD vs control","Reactome","Deubiquitination","Deubiquitination","either",0.05,"opposite direction",-2.54446612119101,2.54446612119101,0.843315066302928,-1.70115105488808,1,0.000235170450029924,"24110/230073/71586/19358/24075/22059/22335/26444/76630/74158/107976/66124/107260/68149/108155/22258/20439/68251/217057/22225/59029/50868/28185/14232/216080/13531/11835/22333/14534/51812/19181/107607/236733/68142/57783/59040/70527/19167/67561/15251/12005/19173/11465/67089","5887/9986/64127/9929/9868/5690/10213/23358/10445/5719/5685/8332/57695/5684/8341/57599/9577/5718/8295/29761/54891/8473/4089/57559/9958/408/11047/8078/9736/7321/84749/6881/7979/324/4086/8331/55611/10868/27005/5694/8338/5717/4303/5689/55031/5701/8678/2648/2099/80124/1080/10869/5686/8329/5709/2033/8239/3416/7415/5691/5707/56957/80351/8850/5728/92815","R-HSA-5688426","R-MMU-5688426","Deubiquitination","Deubiquitination",-3.62861724975232,0,TRUE,FALSE,-2.54446612119101,2.54446612119101,"opposite direction"
"human_vs_mouse_KD_Reactome","human KD vs control vs mouse KD vs control","Reactome","Downstream signaling events of B Cell Receptor (BCR)","Downstream signaling events of B Cell Receptor (BCR)","either",0.05,"opposite direction",-2.5373917897515,2.5373917897515,0.575258119960367,-1.96213366979113,1,0.000479116303607056,"19056/26444/59029/15461/19181/19167/19173/67089/26965/17463/16151/22123/26441/19170/70247/78294","84433/5687/5704/801/4792/5532/1147/5690/10213/5719/5685/4772/5684/3265/5718/11047/8454/7979/5694/5717/5689/5701/4790/5686/5709/4775/5691/5530/5707","R-HSA-1168372","R-MMU-1168372","Downstream signaling events of B Cell Receptor (BCR)","Downstream signaling events of B Cell Receptor (BCR)",-3.31955905050251,0,TRUE,FALSE,-2.5373917897515,2.5373917897515,"opposite direction"
"human_vs_mouse_KD_Reactome","human KD vs control vs mouse KD vs control","Reactome","Negative regulation of FGFR2 signaling","Negative regulation of FGFR2 signaling","either",0.05,"opposite direction",-2.52836761450948,2.52836761450948,0.773112974265236,-1.75525464024424,1,0.0367310203470713,"14178/17346/26417/20779/24064/14173","5518/2255/6714/5515/2263/5595/2252","R-HSA-5654727","R-MMU-5654727","Negative regulation of FGFR2 signaling","Negative regulation of FGFR2 signaling",-1.43496700726734,0,TRUE,FALSE,-2.52836761450948,2.52836761450948,"opposite direction"
"human_vs_mouse_KD_Reactome","human KD vs control vs mouse KD vs control","Reactome","M Phase","M Phase","either",0.05,"opposite direction",2.52542367209568,2.52542367209568,-1.13067150311283,1.39475216898285,0.416235287707062,0.0121590945670273,"74498/13006/103768/13424/269966/99412/50850/67139/18747/214444/59046/72083/103573/101706/236930/26413/52504/76044/22186/66371/18221/52683/68942/56430/71819/70699/66977/23997/216274/76478/26951/68549/78177/18286/74360/14211/107939/225659/107995/83431/76499/12237/218914/69482/228421/13001/215387/66934/53598/227720/52696/16905/57296/64898/105988/22190/22196/101565/75786/15519/75296/12235/71955/268697/229841/22218/68097/19324/12534/21770/100710/22627/26932/19348/67849/66140/70385/18005/52276/99100/16319/108000/12236/19387/18141","54908/10762/9883/11130/5116/701/2010/1063/8379/80152/23141/348235/332/55746/8815/653784/147841/57082/22995/9232/10783/55835/55143/79172/699/113130/26271/3320/2801/23636/51652/11097/6232/94239/5578/55755/64689/22994/10776/23310/25936/27183/55142/79648/25909/93323/79980/22981/6418/85236/10142/151246/9738/54892/55055/3930/83540/23354/348995/79682/5527/220134/54801/2491/6233/57405/8481/27338/3017/1060/84131/64946/55839/246184/9798/221496","R-HSA-68886","R-MMU-68886","M Phase","M Phase",1.91509876381199,-0.380661103829309,TRUE,FALSE,2.52542367209568,2.52542367209568,"opposite direction"
"human_vs_mouse_KD_Reactome","human KD vs control vs mouse KD vs control","Reactome","Asymmetric localization of PCP proteins","Asymmetric localization of PCP proteins","either",0.05,"opposite direction",-2.52367637726554,2.52367637726554,0.673514137053158,-1.85016224021238,1,0.00452925894548226,"14362/26444/75788/59029/19181/19167/19173/67089/17463/22123/26441/19170/70247/78294/57265/14370/19184","5690/10213/5719/5685/5684/5718/8321/11047/50855/7979/7855/5694/5717/5689/5701/8324/5686/5709/5691/5707","R-HSA-4608870","R-MMU-4608870","Asymmetric localization of PCP proteins","Asymmetric localization of PCP proteins",-2.34397284924876,0,TRUE,FALSE,-2.52367637726554,2.52367637726554,"opposite direction"
"human_vs_mouse_KD_Reactome","human KD vs control vs mouse KD vs control","Reactome","Transcriptional regulation by RUNX1","Transcriptional regulation by RUNX1","either",0.05,"opposite direction",-2.50377299685785,2.50377299685785,0.91000728617995,-1.5937657106779,0.938049969069171,0.0035327415394578,"20587/54383/23808/26444/15270/21423/22601/13038/59029/12443/12444/68024/68094/13039/12572/19181/20586/67155/19763/11350/19167/12400/20588/19173/67089/12995/14462/83797/232440/21406/17463","57678/8784/5687/8348/5704/4297/8344/902/8368/3065/8013/8363/10398/1515/6045/55193/5690/865/8085/10213/3958/1460/5719/5685/4005/5684/8341/55170/860/653604/5718/27327/23429/11047/7979/84661/8331/6938/5694/8338/5717/6601/5689/5701/2099/6714/26523/5686/5709/10138/2033/1998/5691/27161/5707/23112/8861/8850/196528","R-HSA-8878171","R-MMU-8878171","Transcriptional regulation by RUNX1","Transcriptional regulation by RUNX1",-2.45188813502292,0.0277740265324574,TRUE,FALSE,-2.50377299685785,2.50377299685785,"opposite direction"
"human_vs_mouse_KD_Reactome","human KD vs control vs mouse KD vs control","Reactome","Base Excision Repair","Base Excision Repair","either",0.05,"opposite direction",2.49497985959193,2.49497985959193,-0.719623831693909,1.77535602789802,1,0.00596863233260585,"21749/19891/22256/57321","328/5425/142/7374/94239/54386/85236/4350/11284/6118/8930/2237/10038/3017/79661/54107/4595/7013/25913/6119/26277/5984/8334/5982/252969/6996","R-HSA-73884","R-MMU-73884","Base Excision Repair","Base Excision Repair",2.22412517279845,0,TRUE,FALSE,2.49497985959193,2.49497985959193,"opposite direction"
"human_vs_mouse_KD_Reactome","human KD vs control vs mouse KD vs control","Reactome","Degradation of DVL","Degradation of DVL","either",0.05,"opposite direction",-2.49442513905421,2.49442513905421,0.500496625061235,-1.99392851399298,1,0.000992961865340885,"26444/59029/19181/19167/19173/67089/17463/22123/26441/19170/70247/78294","5690/10213/5719/5685/5684/5718/8452/11047/7979/5694/5717/5689/5701/9978/5686/5709/5691/5707","R-HSA-4641258","R-MMU-4641258","Degradation of DVL","Degradation of DVL",-3.00306743024585,0,TRUE,FALSE,-2.49442513905421,2.49442513905421,"opposite direction"
"human_vs_mouse_KD_Reactome","human KD vs control vs mouse KD vs control","Reactome","Asparagine N-linked glycosylation","Asparagine N-linked glycosylation","either",0.05,"opposite direction",-2.48278659303319,2.48278659303319,1.18962945087707,-1.29315714215612,0.416365314846502,0.0415576578836331,"53618/14799/22142/338320/53418/54342/228998/67951/11733/66248/22143/59042/235661/66111/13478/89867/24060/227613/17158/20443/56174/102580/69162/381903/54160/76983/217664/76510/50797/20444/22146/22152/54128/69654/59007/242362/20442/57357/97484/238123/77038/16834/234663/320438/110379/105522/23802/22122/54161/208211/68137/56494/59005/69080/13191/66682/66913/50907/66174/331026/69608/20448/56389/11839/12793/140481","372/25834/5887/288/5476/91949/54344/2153/55860/80267/10427/57511/144245/4121/10540/25839/30815/55741/6811/27095/6484/1315/3703/84447/10113/9382/10121/4122/80086/830/51226/83696/9695/22872/6483/26958/10382/56886/3098/51399/2517/9276/347688/381/79139/1314/11236/57134/832/7415/746/2762/267/5973/51005/1522/4248/57731/7277","R-HSA-446203","R-MMU-446203","Asparagine N-linked glycosylation","Asparagine N-linked glycosylation",-1.38134893649687,0.380525456390568,TRUE,FALSE,-2.48278659303319,2.48278659303319,"opposite direction"
"human_vs_mouse_KD_Reactome","human KD vs control vs mouse KD vs control","Reactome","Selective autophagy","Selective autophagy","either",0.05,"opposite direction",-2.47816608793919,2.47816608793919,0.981538722389051,-1.49662736555014,0.848096548560945,0.0388209801268119,"22142/22335/67951/22143/235661/68943/227613/22352/22146/22152/28185/234663/22333/21821/20779","29110/9868/84557/55669/1460/401505/65018/139341/5571/53632/5830/84749/8878/123/7322/80086/7431/10382/6714/1080/347688/7415/7277","R-HSA-9663891","R-MMU-9663891","Selective autophagy","Selective autophagy",-1.41093350402513,0.0715547042050218,TRUE,FALSE,-2.47816608793919,2.47816608793919,"opposite direction"
"human_vs_mouse_KD_Reactome","human KD vs control vs mouse KD vs control","Reactome","p53-Dependent G1 DNA Damage Response","p53-Dependent G1 DNA Damage Response","either",0.05,"opposite direction",-2.45992143452655,2.45992143452655,0.553065202451346,-1.9068562320752,1,0.00172863833461312,"22059/26444/59029/26374/19181/50883/19167/19173/67089/17463/22123/26441/19170/70247/78294","5687/5704/51230/5690/10213/5719/5685/5684/5718/11047/7979/5694/5717/5689/5701/5686/5709/25946/5691/57060/5707/64326","R-HSA-69563","R-MMU-69563","p53-Dependent G1 DNA Damage Response","p53-Dependent G1 DNA Damage Response",-2.76229586023196,0,TRUE,FALSE,-2.45992143452655,2.45992143452655,"opposite direction"
"human_vs_mouse_KD_Reactome","human KD vs control vs mouse KD vs control","Reactome","p53-Dependent G1/S DNA damage checkpoint","p53-Dependent G1/S DNA damage checkpoint","either",0.05,"opposite direction",-2.45992143452655,2.45992143452655,0.553065202451346,-1.9068562320752,1,0.00172863833461312,"22059/26444/59029/26374/19181/50883/19167/19173/67089/17463/22123/26441/19170/70247/78294","5687/5704/51230/5690/10213/5719/5685/5684/5718/11047/7979/5694/5717/5689/5701/5686/5709/25946/5691/57060/5707/64326","R-HSA-69580","R-MMU-69580","p53-Dependent G1/S DNA damage checkpoint","p53-Dependent G1/S DNA damage checkpoint",-2.76229586023196,0,TRUE,FALSE,-2.45992143452655,2.45992143452655,"opposite direction"
"human_vs_mouse_KD_Reactome","human KD vs control vs mouse KD vs control","Reactome","SCF(Skp2)-mediated degradation of p27/p21","SCF(Skp2)-mediated degradation of p27/p21","either",0.05,"opposite direction",-2.45274321647964,2.45274321647964,0.756709488978007,-1.69603372750163,1,0.016709866135925,"12567/26444/59029/12443/19181/19167/19173/67089/26965/17463/22123/26441/19170/70247/78294","5690/10213/5719/5685/5684/5718/11047/8454/7979/5694/5717/5689/5701/5686/5709/5691/5707","R-HSA-187577","R-MMU-187577","SCF(Skp2)-mediated degradation of p27/p21","SCF(Skp2)-mediated degradation of p27/p21",-1.77702702926053,0,TRUE,FALSE,-2.45274321647964,2.45274321647964,"opposite direction"
"human_vs_mouse_KD_Reactome","human KD vs control vs mouse KD vs control","Reactome","Beta-catenin independent WNT signaling","Beta-catenin independent WNT signaling","either",0.05,"opposite direction",-2.4496360483136,2.4496360483136,0.614245930875279,-1.83539011743832,1,0.000198304970810257,"14362/19056/26444/18643/75788/59029/14701/18795/14693/14708/14368/19181/19167/14688/14696/19173/67089/14706/17463/18099/14702/18797/11773/22123/26441/19170/70247/78294","801/160/23236/5532/5690/10213/1211/5719/5685/4772/5684/54361/5718/27327/23002/5331/8321/2783/11047/2775/50855/7979/7855/161/5694/5717/6934/5689/5701/4920/8324/26523/5686/5709/3710/6259/5691/27161/1213/5593/5530/5707/23112/1499/3708","R-HSA-3858494","R-MMU-3858494","Beta-catenin independent WNT signaling","Beta-catenin independent WNT signaling",-3.70266639941846,0,TRUE,FALSE,-2.4496360483136,2.4496360483136,"opposite direction"
"human_vs_mouse_KD_Reactome","human KD vs control vs mouse KD vs control","Reactome","VEGFA-VEGFR2 Pathway","VEGFA-VEGFR2 Pathway","either",0.05,"opposite direction",-2.43772488941767,2.43772488941767,0.927671960926846,-1.51005292849082,0.938049969069171,0.0426321766340047,"26362/11651/75778/218397/20430/15461/11461/216148/330662/22339/242687/56716/18706/20779/227743/12540/18709/56717/22325/14083/11465/14360/16416/102626/18803","801/1495/5291/7422/4690/5568/3265/10787/5580/4689/2534/5058/1500/10006/2185/9844/5921/253260/1398/5747/6714/5295/10458/3710/5290/10768/1499/10451/3708","R-HSA-4420097","R-MMU-4420097","VEGFA-VEGFR2 Pathway","VEGFA-VEGFR2 Pathway",-1.37026249339075,0.0277740265324574,TRUE,FALSE,-2.43772488941767,2.43772488941767,"opposite direction"
"human_vs_mouse_KD_Reactome","human KD vs control vs mouse KD vs control","Reactome","AMPK-induced ERAD and lysosome mediated degradation of PD-L1(CD274)","AMPK-induced ERAD and lysosome mediated degradation of PD-L1(CD274)","either",0.05,"opposite direction",-2.43498393347342,2.43498393347342,0.499335397935337,-1.93564853553808,1,0.00275531491450419,"26444/59029/66753/244373/19181/60533/19167/19173/67089/17463/22123/26441/19170/70247/78294/54197","5687/91319/5704/5690/10213/5719/5685/5684/5718/5571/53632/11047/7979/5694/5717/5689/5562/5701/5686/5709/79139/7415/5691/5707","R-HSA-9931269","R-MMU-9931269","AMPK-induced ERAD and lysosome mediated degradation of PD-L1(CD274)","AMPK-induced ERAD and lysosome mediated degradation of PD-L1(CD274)",-2.55982875695178,0,TRUE,FALSE,-2.43498393347342,2.43498393347342,"opposite direction"
"human_vs_mouse_KD_Reactome","human KD vs control vs mouse KD vs control","Reactome","Signaling by VEGF","Signaling by VEGF","either",0.05,"opposite direction",-2.43151615853799,2.43151615853799,0.866271393380712,-1.56524476515728,0.973423912806349,0.00812700632314793,"18186/26362/11651/75778/218397/20430/15461/11461/216148/330662/22339/242687/56716/18706/20779/227743/12540/18709/56717/22325/14083/11465/14360/16416/102626/18803","801/1495/5291/7422/4690/5568/7423/3265/10787/5580/4689/2534/5058/1500/10006/2185/9844/5921/253260/1398/5747/6714/5295/10458/3710/5290/14/10768/2277/1499/10451/8828/3708","R-HSA-194138","R-MMU-194138","Signaling by VEGF","Signaling by VEGF",-2.09006940234792,0.0116979892284447,TRUE,FALSE,-2.43151615853799,2.43151615853799,"opposite direction"
"human_vs_mouse_KD_Reactome","human KD vs control vs mouse KD vs control","Reactome","Signaling by FGFR","Signaling by FGFR","either",0.05,"opposite direction",-2.40873338974348,2.40873338974348,0.907242939230659,-1.50149045051282,0.938049969069171,0.0342023175700795,"14178/399558/21814/17346/114715/68092/15461/15382/20416/26417/18706/20779/24064/67903/14173/396184/18803/14425","6714/5295/5290/3185/5515/23767/2263/5595/7049/2252","R-HSA-190236","R-MMU-190236","Signaling by FGFR","Signaling by FGFR",-1.46594446488552,0.0277740265324574,TRUE,FALSE,-2.40873338974348,2.40873338974348,"opposite direction"
"human_vs_mouse_KD_Reactome","human KD vs control vs mouse KD vs control","Reactome","G1/S DNA Damage Checkpoints","G1/S DNA Damage Checkpoints","either",0.05,"opposite direction",-2.40698434666368,2.40698434666368,0.579301067149988,-1.82768327951369,1,0.00226984405592135,"22059/26444/59029/26374/19181/50883/19167/93687/19173/67089/26965/17463/56637/22123/26441/19170/70247/78294","5687/5704/51230/1263/5690/10213/5719/5685/5684/5718/11047/8454/7979/5694/5717/5689/5701/9978/5686/5709/25946/5691/57060/5707/64326","R-HSA-69615","R-MMU-69615","G1/S DNA Damage Checkpoints","G1/S DNA Damage Checkpoints",-2.64400397892109,0,TRUE,FALSE,-2.40698434666368,2.40698434666368,"opposite direction"
"human_vs_mouse_KD_Reactome","human KD vs control vs mouse KD vs control","Reactome","Transmission across Chemical Synapses","Transmission across Chemical Synapses","either",0.05,"opposite direction",-2.3965550580389,2.3965550580389,1.01026796425518,-1.38628709378372,0.82300197181091,0.026133288014539,"20512/12361/23859/20112/52163/14799/12286/207565/67760/14701/18795/14806/19088/19084/14693/14708/16518/104111/13821/108058","783/7846/108/140679/10369/26960/2899/5573/3765/8573/1135/10815/6511/774/7280/2906/2567/8497/6844/6197/801/9256/160/111/23236/55327/1103/2903/2902/3084/6539/5568/6532/818/777/5864/27020/3265/2771/2773/1741/9463/1137/2891/27163/5331/5571/55799/53632/6531/2783/2901/196883/817/3759/80086/1740/161/5562/6812/10382/6714/112/347688/2036/8536/5595/4128/784/5577/217/7277","R-HSA-112315","R-MMU-112315","Transmission across Chemical Synapses","Transmission across Chemical Synapses",-1.58280594516224,0.0845991242706321,TRUE,FALSE,-2.3965550580389,2.3965550580389,"opposite direction"
"human_vs_mouse_KD_Reactome","human KD vs control vs mouse KD vs control","Reactome","Signaling by TGF-beta Receptor Complex","Signaling by TGF-beta Receptor Complex","either",0.05,"opposite direction",-2.39424176679406,2.39424176679406,0.923875492027281,-1.47036627476678,0.921843116538744,0.0381718861595643,"14118/241226/16419/21814/21815/268977/16998/22192/75788/13559/108075/216080/16997/26417/21813/20602","1025/4054/4221/51592/904/4089/9958/3726/50855/7321/5494/9611/1024/7050/7043/5501/9110/2033/8239/10273/4052/5595/5499/7049","R-HSA-170834","R-MMU-170834","Signaling by TGF-beta Receptor Complex","Signaling by TGF-beta Receptor Complex",-1.41825638004429,0.0353429828713615,TRUE,FALSE,-2.39424176679406,2.39424176679406,"opposite direction"
"human_vs_mouse_KD_Reactome","human KD vs control vs mouse KD vs control","Reactome","Processing of Capped Intron-Containing Pre-mRNA","Processing of Capped Intron-Containing Pre-mRNA","either",0.05,"opposite direction",2.36242410894592,2.36242410894592,-1.76716419280381,0.595259916142105,8.2878577444323e-05,1,"67197/28035/210529/53317/66070/69833/56194/68598/67958/101943/21681/69241/108121/20630/28000/70052/83410/66354/64340/73666/68592/269966/66101/75210/13684/69192/53319/433702/66642/67480/83486/67285/227707/68816/60321/22186/320632/209416/70699/192160/67039/19826/53379/94315/71713/27967/69757/69207/67465/212880/20220/18949/107939/54188/70044/237859/13204/76479/56258/69482/54723/24010/73826/98758/192159/209003/330361/67337/193116/67332/19205/227720/98053/67418/69823/67797/66801/22190/231329/60365/66118/19647/74255/67678/545085/67710/74320/66877/51796/72198/20641/238831/17149/208768/108160/70767/27366/68879/74737/228410/68183/18141","10762/7919/9883/55746/6637/3178/23636/11097/51634/9128/56339/27316/10921/348995/3183/23658/6233/6936/27336/57461/8175/9939/5439/23225/6429/10189/57122/6631/6627/22916/11066/51645/55702/7884/26017/5433/2963/84081/84321/10081/10212/23279/22985/6638/53981/84248/84950/9818/5441/6625/51690/163859/1477/23020/10946/199746","R-HSA-72203","R-MMU-72203","Processing of Capped Intron-Containing Pre-mRNA","Processing of Capped Intron-Containing Pre-mRNA",0,-4.08155771191089,FALSE,TRUE,2.36242410894592,2.36242410894592,"opposite direction"
"human_vs_mouse_KD_Reactome","human KD vs control vs mouse KD vs control","Reactome","Platelet homeostasis","Platelet homeostasis","either",0.05,"opposite direction",-2.35230982747616,2.35230982747616,0.807414049717623,-1.54489577775854,1,0.0298505462407066,"18573/109552/228139/53313/14701/23984/14693/14708/18783/14688/14696/225849/14706","2778/5138/338/50940/801/490/10335/5027/5528/5518/5025/488/487/2783/492/7804/5777/5526/5519/3710/5321/5593/5515/27345/5525/3708","R-HSA-418346","R-MMU-418346","Platelet homeostasis","Platelet homeostasis",-1.52504771722627,0,TRUE,FALSE,-2.35230982747616,2.35230982747616,"opposite direction"
"human_vs_mouse_KD_Reactome","human KD vs control vs mouse KD vs control","Reactome","Epigenetic regulation by WDR5-containing histone modifying complexes","Epigenetic regulation by WDR5-containing histone modifying complexes","either",0.05,"opposite direction",-2.35112049643302,2.35112049643302,0.850152293968144,-1.50096820246488,0.996844603983326,0.0191863524283227,"23808/15270/108155/68024/228714/21372/14534/51812/108946/20602/11350/75812/75565/15183/217031/232440","57678/8348/5469/4297/8344/51230/8368/26009/8363/284058/51105/1050/6907/8085/84246/10445/51003/8341/4221/653604/55617/8473/7403/63924/8841/9969/123/9611/84661/8331/10499/5166/8338/90390/1024/1020/2648/9968/2033/9282/8850/2167/54934","R-HSA-9917777","R-MMU-9917777","Epigenetic regulation by WDR5-containing histone modifying complexes","Epigenetic regulation by WDR5-containing histone modifying complexes",-1.71700758236839,0.00137253766881647,TRUE,FALSE,-2.35112049643302,2.35112049643302,"opposite direction"
"human_vs_mouse_KD_Reactome","human KD vs control vs mouse KD vs control","Reactome","Switching of origins to a post-replicative state","Switching of origins to a post-replicative state","either",0.05,"opposite direction",-2.32466282544549,2.32466282544549,0.564132704229333,-1.76053012121616,1,0.00349193955351279,"26444/59008/52206/50793/59029/69957/18393/216080/19181/217232/19167/19173/67089/52717/17222/26965/17463/17220/22123/26441/19170/70247/78294/56371","5690/10213/5719/5685/5684/10393/5718/8881/51433/11047/64682/7321/29882/8454/7979/4175/5694/5717/5689/5701/9978/5686/5709/5691/29945/5707","R-HSA-69052","R-MMU-69052","Switching of origins to a post-replicative state","Switching of origins to a post-replicative state",-2.45693328266494,0,TRUE,FALSE,-2.32466282544549,2.32466282544549,"opposite direction"
"human_vs_mouse_KD_Reactome","human KD vs control vs mouse KD vs control","Reactome","Muscle contraction","Muscle contraction","either",0.05,"opposite direction",-2.29921218814565,2.29921218814565,0.798779561091569,-1.50043262705408,1,0.0109260388349602,"11475/98932/109552/16419/22004/22352/53313/12288/229709/65973","801/490/480/10398/476/7134/103910/53822/4882/8911/338567/6261/818/25802/1674/483/5058/51305/301/488/72/487/10089/6324/89/492/817/3759/7431/4881/7273/58498/3710/204851/10768/775/8850/3708/217/4311/58/4629/59","R-HSA-397014","R-MMU-397014","Muscle contraction","Muscle contraction",-1.96153726018434,0,TRUE,FALSE,-2.29921218814565,2.29921218814565,"opposite direction"
"human_vs_mouse_KD_Reactome","human KD vs control vs mouse KD vs control","Reactome","Signaling by Nuclear Receptors","Signaling by Nuclear Receptors","either",0.05,"opposite direction",-2.2840292278678,2.2840292278678,0.829944249203702,-1.4540849786641,1,0.00696847358408204,"228026/13874/11651/12903/17392/20182/241452/14701/68024/235339/28200/15461/59035/13610/14693/14708/18597/20416/21372/26417/81601/235459/18706/20779/20602/18709/11303/236900/14688/12400/15183/14083/14696/68268/14706/11839","8337/6667/7391/8294/6256/57690/8359/8204/2790/64240/3021/8312/27329/1655/5440/857/10498/5914/4846/2625/1105/8355/1027/4343/9249/6319/5163/5241/333932/5438/3020/8362/5161/1737/64241/2171/57678/8348/5469/4609/5435/8344/5430/801/8368/5431/3065/1738/8363/6258/7376/10524/865/6907/9682/1025/5481/4314/3265/8341/2771/2773/653604/904/6720/27327/3169/6722/596/5885/29116/10735/8841/2783/10170/9611/55818/9166/8331/10499/4313/4318/5166/8338/2099/1386/5747/6714/26523/5295/5290/2033/5160/6387/27161/5165/23112/8850/5595/5916","R-HSA-9006931","R-MMU-9006931","Signaling by Nuclear Receptors","Signaling by Nuclear Receptors",-2.15686234193202,0,TRUE,FALSE,-2.2840292278678,2.2840292278678,"opposite direction"
"human_vs_mouse_KD_Reactome","human KD vs control vs mouse KD vs control","Reactome","Cyclin E associated events during G1/S transition","Cyclin E associated events during G1/S transition","either",0.05,"opposite direction",-2.27266928663355,2.27266928663355,0.761654679888907,-1.51101460674464,1,0.0426321766340047,"12567/26444/11651/59029/12443/19645/12572/19181/19167/19173/67089/26965/17463/22123/26441/19170/70247/78294","5687/5704/4609/902/5690/10213/5719/5685/5684/5718/11047/8454/7979/5694/5717/4149/5689/5701/5686/5709/5691/5707","R-HSA-69202","R-MMU-69202","Cyclin E associated events during G1/S transition","Cyclin E associated events during G1/S transition",-1.37026249339075,0,TRUE,FALSE,-2.27266928663355,2.27266928663355,"opposite direction"
"human_vs_mouse_KD_Reactome","human KD vs control vs mouse KD vs control","Reactome","mRNA Splicing - Major Pathway","mRNA Splicing - Major Pathway","either",0.05,"opposite direction",2.27042816608491,2.27042816608491,-1.79504435120284,0.475383814882073,0.000178724730524946,1,"28035/53317/66070/69833/56194/67958/101943/21681/69241/108121/20630/28000/70052/66354/64340/68592/66101/69192/433702/66642/67480/83486/67285/227707/68816/60321/320632/209416/192160/67039/19826/53379/94315/71713/27967/69757/69207/67465/212880/20220/18949/237859/13204/76479/56258/54723/24010/98758/192159/209003/330361/193116/67332/19205/98053/67418/66801/231329/60365/74255/67678/545085/67710/66877/51796/72198/20641/238831/17149/208768/108160/70767/27366/68879/68183","7919/6637/3178/51634/9128/27316/10921/3183/23658/6936/27336/57461/8175/9939/5439/6429/10189/6631/6627/22916/51645/55702/26017/5433/2963/84081","R-HSA-72163","R-MMU-72163","mRNA Splicing - Major Pathway","mRNA Splicing - Major Pathway",0,-3.74781534907576,FALSE,TRUE,2.27042816608491,2.27042816608491,"opposite direction"
"human_vs_mouse_KD_Reactome","human KD vs control vs mouse KD vs control","Reactome","Regulation of mRNA stability by proteins that bind AU-rich elements","Regulation of mRNA stability by proteins that bind AU-rich elements","either",0.05,"opposite direction",-2.26184136438016,2.26184136438016,0.681159249206631,-1.58068211517353,1,0.0288121766784313,"26444/11651/18458/59029/22631/208643/19181/19167/54401/19173/67089/17463/15481/22123/26441/19170/70247/78294/12192/56086/70640/19184","5690/10213/5719/5685/5684/5580/5718/11047/7979/5694/5717/26986/5689/5701/5686/5709/5691/5707","R-HSA-450531","R-MMU-450531","Regulation of mRNA stability by proteins that bind AU-rich elements","Regulation of mRNA stability by proteins that bind AU-rich elements",-1.5404239307608,0,TRUE,FALSE,-2.26184136438016,2.26184136438016,"opposite direction"
"human_vs_mouse_KD_Reactome","human KD vs control vs mouse KD vs control","Reactome","Neddylation","Neddylation","either",0.05,"opposite direction",-2.25006563118708,2.25006563118708,0.785950808870973,-1.46411482231611,1,0.0155658614460289,"26893/26444/217365/98193/30839/22192/13194/14154/76454/99375/216233/59029/78889/83962/26572/50868/26374/12702/50762/216080/399566/19181/18024/233805/67673/67455/54607/67731/75717/231672/19167/73828/56468/15251/71745/19173/67089/224023/142688/26965/68431/240263/114893/17463/71778/53312/72194/56550/66105/13819/101358/75763/26894/76863/22123/99311/26441/230904/19170/70247/78294","23412/144699/9306/7323/51676/79791/5687/80204/5704/11275/9040/55884/56929/9318/55827/8453/6923/25879/23038/5690/140461/50813/10213/5719/5685/5684/55294/26234/5718/8452/150684/139285/114907/84261/23369/10072/11047/9820/7321/8454/8878/10489/7979/4780/7322/55175/28952/5694/5717/10987/9039/5689/84259/55958/5701/9978/5931/84861/84961/84727/26272/5686/5709/51138/7415/5691/5707/56995/64326/1642","R-HSA-8951664","R-MMU-8951664","Neddylation","Neddylation",-1.80782683958768,0,TRUE,FALSE,-2.25006563118708,2.25006563118708,"opposite direction"
"human_vs_mouse_KD_Reactome","human KD vs control vs mouse KD vs control","Reactome","mRNA Splicing","mRNA Splicing","either",0.05,"opposite direction",2.22153412421021,2.22153412421021,-1.76150509354399,0.460029030666219,0.000287388282485735,1,"72654/67197/28035/53317/66070/69833/56194/67958/101943/21681/69241/108121/20630/28000/70052/66354/64340/68592/66101/69192/433702/66642/67480/83486/67285/227707/68816/60321/320632/209416/192160/67039/19826/53379/94315/71713/27967/69757/69207/67465/212880/20220/18949/237859/13204/76479/56258/54723/24010/98758/192159/209003/330361/193116/67332/19205/98053/67418/67797/66801/231329/60365/74255/67678/545085/67710/66877/51796/72198/20641/238831/17149/208768/108160/70767/27366/68879/68183","7919/6637/3178/51634/9128/27316/10921/3183/23658/6936/27336/57461/8175/9939/5439/6429/10189/6631/6627/22916/11066/51645/55702/26017/5433/2963/84081","R-HSA-72172","R-MMU-72172","mRNA Splicing","mRNA Splicing",0,-3.54153094307559,FALSE,TRUE,2.22153412421021,2.22153412421021,"opposite direction"
"human_vs_mouse_KD_Reactome","human KD vs control vs mouse KD vs control","Reactome","FOXO-mediated transcription","FOXO-mediated transcription","either",0.05,"opposite direction",-2.1639641581302,2.1639641581302,0.627223762369222,-1.53674039576098,1,0.041449298739879,"11651/22628/22631","4802/3065/1649/91584/84676/5443/65018/6720/114907/4089/10370/4303/9314/2308/10628/2033/57060/8850/694","R-HSA-9614085","R-MMU-9614085","FOXO-mediated transcription","FOXO-mediated transcription",-1.38248281266442,0,TRUE,FALSE,-2.1639641581302,2.1639641581302,"opposite direction"
"human_vs_mouse_KD_Reactome","human KD vs control vs mouse KD vs control","Reactome","Assembly of the pre-replicative complex","Assembly of the pre-replicative complex","either",0.05,"opposite direction",-2.11673223373241,2.11673223373241,0.661828541164109,-1.4549036925683,1,0.0246427800823435,"26444/59008/52206/50793/59029/69957/18393/216080/19181/217232/19167/19173/67089/52717/17222/17463/17220/22123/26441/19170/70247/78294/56371","51529/5687/8348/5704/8344/8368/8363/5690/10213/5719/5685/5684/8341/10393/653604/5718/8881/51433/11047/64682/7321/29882/7979/8331/4175/5694/8338/5717/5689/5701/5686/5709/5691/29945/5707","R-HSA-68867","R-MMU-68867","Assembly of the pre-replicative complex","Assembly of the pre-replicative complex",-1.60831029868646,0,TRUE,FALSE,-2.11673223373241,2.11673223373241,"opposite direction"
"human_vs_mouse_KD_Reactome","human KD vs control vs mouse KD vs control","Reactome","CLEC7A (Dectin-1) signaling","CLEC7A (Dectin-1) signaling","either",0.05,"shared negative",-1.90556045614065,1.90556045614065,-0.662921329453589,-2.56848178559424,1,1.17833333333333e-08,"240354/57296/22190/18607/22034/18035/234779","84433/5687/23118/5704/9040/5971/7334/801/4792/5532/1147/5690/10213/5719/5685/4772/5684/5580/5718/11047/7321/8454/7979/4791/7322/5694/5717/9039/5689/5701/4790/6714/5686/5709/3710/4775/5691/10768/5530/5707/3708","R-HSA-5607764","R-MMU-5607764","CLEC7A (Dectin-1) signaling","CLEC7A (Dectin-1) signaling",-7.92873183658675,0,TRUE,FALSE,-1.90556045614065,1.90556045614065,"shared negative"
"human_vs_mouse_KD_Reactome","human KD vs control vs mouse KD vs control","Reactome","C-type lectin receptors (CLRs)","C-type lectin receptors (CLRs)","either",0.05,"shared negative",-1.87560188073542,1.87560188073542,-0.643932292211522,-2.51953417294694,1,1.17833333333333e-08,"240354/57296/22190/18607/22034/17096/18035/234779","84433/5687/23118/5704/9040/5971/7334/801/4792/5532/94025/30835/1147/727897/56667/5690/4583/5568/10213/5719/5685/4772/5684/3265/5580/5718/2534/5058/11047/7321/8454/7979/4791/7322/5694/5717/9039/5689/5701/4790/6714/5686/5709/3710/2033/4775/5691/10768/5530/5707/3708/9252","R-HSA-5621481","R-MMU-5621481","C-type lectin receptors (CLRs)","C-type lectin receptors (CLRs)",-7.92873183658675,0,TRUE,FALSE,-1.87560188073542,1.87560188073542,"shared negative"
"human_vs_mouse_KD_Reactome","human KD vs control vs mouse KD vs control","Reactome","Degradation of beta-catenin by the destruction complex","Degradation of beta-catenin by the destruction complex","either",0.05,"shared negative",-1.83759311452582,1.83759311452582,-0.560382974624013,-2.39797608914983,1,4.41069784943712e-07,"21414/22186/360216/23997/56438/212398/57296/22190/21770/26932/21415","5687/5704/3065/1487/5690/10213/5528/5719/5685/5684/5518/7088/5718/139285/166/11047/8454/7979/324/5694/5717/6934/5689/5526/5519/5701/9978/5686/5709/5691/5707/5515/1499/5525","R-HSA-195253","R-MMU-195253","Degradation of beta-catenin by the destruction complex","Degradation of beta-catenin by the destruction complex",-6.35549269212336,0,TRUE,FALSE,-1.83759311452582,1.83759311452582,"shared negative"
"human_vs_mouse_KD_Reactome","human KD vs control vs mouse KD vs control","Reactome","Downstream TCR signaling","Downstream TCR signaling","either",0.05,"shared negative",-1.59968838343211,1.59968838343211,-0.721718206057888,-2.32140658949,1,2.77220341014552e-06,"240354/57296/22190/18607/22034/18035/74769","84433/5687/23118/5704/7334/5291/4792/1147/5690/10213/5719/5685/5684/5718/11047/7321/8454/7979/7322/5694/5717/5689/5701/4790/5295/5686/5709/5290/3127/5691/5707/5728","R-HSA-202424","R-MMU-202424","Downstream TCR signaling","Downstream TCR signaling",-5.55717490657729,0,TRUE,FALSE,-1.59968838343211,1.59968838343211,"shared negative"
"human_vs_mouse_KD_Reactome","human KD vs control vs mouse KD vs control","Reactome","Activation of NF-kappaB in B cells","Activation of NF-kappaB in B cells","either",0.05,"shared negative",-1.58112448206977,1.58112448206977,-0.504799999743135,-2.08592448181291,1,0.000323883336868328,"22186/23997/18037/240354/57296/22190/18035","5579/4794/5702/5692/84433/5687/5704/4792/1147/5690/10213/5719/5685/5684/5718/11047/8454/7979/5694/5717/5689/5701/4790/5686/5709/5691/5707","R-HSA-1169091","R-MMU-1169091","Activation of NF-kappaB in B cells","Activation of NF-kappaB in B cells",-3.48961139497312,0,TRUE,FALSE,-1.58112448206977,1.58112448206977,"shared negative"
"human_vs_mouse_KD_Reactome","human KD vs control vs mouse KD vs control","Reactome","FBXL7 down-regulates AURKA during mitotic entry and in early mitosis","FBXL7 down-regulates AURKA during mitotic entry and in early mitosis","either",0.05,"shared negative",-1.51771695780178,1.51771695780178,-0.554249027277272,-2.07196598507905,1,0.00097879169478998,"22186/23997/56438/57296/22190/20878","5690/10213/5719/5685/5684/5718/11047/8454/7979/5694/5717/5689/5701/9978/5686/5709/5691/5707","R-HSA-8854050","R-MMU-8854050","FBXL7 down-regulates AURKA during mitotic entry and in early mitosis","FBXL7 down-regulates AURKA during mitotic entry and in early mitosis",-3.00930972436539,0,TRUE,FALSE,-1.51771695780178,1.51771695780178,"shared negative"
"human_vs_mouse_KD_Reactome","human KD vs control vs mouse KD vs control","Reactome","Transcriptional regulation by RUNX2","Transcriptional regulation by RUNX2","either",0.05,"shared negative",-1.4959609238347,1.4959609238347,-0.631045678065759,-2.12700660190046,1,4.20771798340733e-06,"20682/22186/23997/17125/56438/56275/57296/22190/53892/268697/12534","9464/11059/579/5690/865/10213/3958/4094/5719/5685/5684/581/860/5718/4089/8841/3549/11047/8454/7979/4086/5694/5717/5689/5701/2099/9978/6714/9759/5686/5709/10273/5691/650/5707/117581/7291/5595/4322","R-HSA-8878166","R-MMU-8878166","Transcriptional regulation by RUNX2","Transcriptional regulation by RUNX2",-5.3759533758777,0,TRUE,FALSE,-1.4959609238347,1.4959609238347,"shared negative"
"human_vs_mouse_KD_Reactome","human KD vs control vs mouse KD vs control","Reactome","FCERI mediated NF-kB activation","FCERI mediated NF-kB activation","either",0.05,"shared negative",-1.46083377762905,1.46083377762905,-0.771516650849336,-2.23235042847839,1,2.8114878775951e-05,"240354/57296/22190/18607/22034/17096/18035","84433/5687/23118/5704/7334/115727/4792/1147/5690/10213/5719/5685/5684/5718/11047/7321/8454/7979/7322/5694/5717/5689/5701/4790/5686/5709/5691/5707","R-HSA-2871837","R-MMU-2871837","FCERI mediated NF-kB activation","FCERI mediated NF-kB activation",-4.55106378471546,0,TRUE,FALSE,-1.46083377762905,1.46083377762905,"shared negative"
"human_vs_mouse_KD_Reactome","human KD vs control vs mouse KD vs control","Reactome","Resolution of Abasic Sites (AP sites)","Resolution of Abasic Sites (AP sites)","either",0.05,"shared positive",1.4604402030562,1.4604402030562,0.597202028177753,2.05764223123395,1,0.000366258226749853,"11792/19718/18294/16881/66979/71726/268395/69745/68240/18207/18974/106344/18972","328/5425/142/7374/4350/11284/6118/8930/2237/10038/79661/54107/4595/6119/5984/5982/252969/6996/5426/7515","R-HSA-73933","R-MMU-73933","Resolution of Abasic Sites (AP sites)","Resolution of Abasic Sites (AP sites)",3.43621261157452,0,TRUE,FALSE,1.4604402030562,1.4604402030562,"shared positive"
"human_vs_mouse_KD_Reactome","human KD vs control vs mouse KD vs control","Reactome","Complex IV assembly","Complex IV assembly","either",0.05,"shared positive",1.3995331593915,1.3995331593915,0.665361701490962,2.06489486088246,1,0.000245040004907096,"52469/12862/67388/231430/67899/20930/210582/20463/66272/67044/66343/226139/66142","4514/4513/4512/55744/1349/1345/25994/90639/1347/6341/1337/29090/51204/1353","R-HSA-9864848","R-MMU-9864848","Complex IV assembly","Complex IV assembly",3.61076300750444,0,TRUE,FALSE,1.3995331593915,1.3995331593915,"shared positive"
"human_vs_mouse_KD_Reactome","human KD vs control vs mouse KD vs control","Reactome","Mitochondrial translation termination","Mitochondrial translation termination","either",0.05,"shared positive",1.39920491044958,1.39920491044958,1.11127021970856,2.51047513015814,0.667297274056239,1.17833333333333e-08,"27397/69089/68537/67707/66047/68836/66407/69956/67840/27398/64659/67871/121022/65111/56282/211253/107732/94062/66242/67212/118451/67270/353242/69163/66230/19935/66448/27395/50529/18100/66258/56284/94066","4514/4513/4538/4508/4512/4539/4535/4519/4540/5018/11222/64969/7818/4537/23107/55173/90480/60488/51253/55037/64975/128308/51318/9553/4536/740/65003/64963/6150/65080/54998/64983/79590/26284/57129/4509/26589/10573/6182/51021/78988/51264/54516/64968/51263/64979","R-HSA-5419276","R-MMU-5419276","Mitochondrial translation termination","Mitochondrial translation termination",7.92873183658675,0.17568064926095,TRUE,FALSE,1.39920491044958,1.39920491044958,"shared positive"
"human_vs_mouse_KD_Reactome","human KD vs control vs mouse KD vs control","Reactome","Degradation of GLI1 by the proteasome","Degradation of GLI1 by the proteasome","either",0.05,"shared negative",-1.37869480417562,1.37869480417562,-0.776617884135979,-2.1553126883116,1,0.000263645588023694,"24069/22186/23997/56438/57296/22190/18222/14632","5690/5568/10213/5719/5685/5684/5718/51684/11047/8454/7979/5694/5717/5689/5701/9978/5686/5709/5691/5707","R-HSA-5610780","R-MMU-5610780","Degradation of GLI1 by the proteasome","Degradation of GLI1 by the proteasome",-3.57897949197142,0,TRUE,FALSE,-1.37869480417562,1.37869480417562,"shared negative"
"human_vs_mouse_KD_Reactome","human KD vs control vs mouse KD vs control","Reactome","Fc epsilon receptor (FCERI) signaling","Fc epsilon receptor (FCERI) signaling","either",0.05,"shared negative",-1.36900750650599,1.36900750650599,-0.965022228848147,-2.33402973535414,0.861040068201194,7.8295736452601e-08,"240354/57296/22190/18607/22034/57257/56743/17096/18035/74769/16476/234779","84433/5602/5687/23118/5704/7334/801/115727/5291/4792/5532/1147/5690/10213/5719/5685/4772/5684/3265/5718/2534/5058/11047/7321/8454/6416/7979/7322/5694/5717/5689/5701/4790/5295/5686/5709/3710/5290/4775/5691/10768/5530/5707/10451/5595/3708","R-HSA-2454202","R-MMU-2454202","Fc epsilon receptor (FCERI) signaling","Fc epsilon receptor (FCERI) signaling",-7.10626188654388,-0.0649766383328864,TRUE,FALSE,-1.36900750650599,1.36900750650599,"shared negative"
"human_vs_mouse_KD_Reactome","human KD vs control vs mouse KD vs control","Reactome","Signaling by the B Cell Receptor (BCR)","Signaling by the B Cell Receptor (BCR)","either",0.05,"shared negative",-1.35884129569275,1.35884129569275,-0.79439622003548,-2.15323751572823,1,2.08091678238291e-05,"16440/22063/240354/20866/57296/22190/17096/18035/234779","84433/5687/5704/801/4792/5532/1147/4690/5690/10213/27071/5719/5685/4772/5684/3265/5718/2534/30011/11047/8454/29760/7979/5694/5717/5777/5689/5701/4790/5295/5686/5709/3710/4775/5691/10768/5530/5707/3708","R-HSA-983705","R-MMU-983705","Signaling by the B Cell Receptor (BCR)","Signaling by the B Cell Receptor (BCR)",-4.6817452872437,0,TRUE,FALSE,-1.35884129569275,1.35884129569275,"shared negative"
"human_vs_mouse_KD_Reactome","human KD vs control vs mouse KD vs control","Reactome","Mitochondrial translation","Mitochondrial translation","either",0.05,"shared positive",1.33490265629384,1.33490265629384,1.13499337006751,2.46989602636135,0.644991950724435,1.17833333333333e-08,"27397/69089/68537/67707/66047/68836/66407/69956/67840/27398/64659/67871/121022/65111/56282/70316/211253/107732/94062/66242/67212/118451/239555/67270/353242/69163/66230/19935/66448/27395/50529/18100/66258/56284/94066","4514/4513/4538/4508/4512/4539/4535/4519/4540/5018/11222/64969/7818/4537/23107/55173/90480/60488/51253/55037/64975/128308/51318/9553/4536/740/65003/64963/6150/65080/54998/64983/79590/26284/57129/4509/7284/26589/91574/10573/6182/51021/219402/78988/51264/54516/64968/51263/64979","R-HSA-5368287","R-MMU-5368287","Mitochondrial translation","Mitochondrial translation",7.92873183658675,0.190445705175235,TRUE,FALSE,1.33490265629384,1.33490265629384,"shared positive"
"human_vs_mouse_KD_Reactome","human KD vs control vs mouse KD vs control","Reactome","Resolution of AP sites via the multiple-nucleotide patch replacement pathway","Resolution of AP sites via the multiple-nucleotide patch replacement pathway","either",0.05,"shared positive",1.26703641390186,1.26703641390186,0.529558601962495,1.79659501586435,1,0.0108726439884175,"11792/19718/16881/66979/69745/68240/18974/106344/18972","328/5425/142/6118/2237/10038/54107/6119/5984/5982","R-HSA-110373","R-MMU-110373","Resolution of AP sites via the multiple-nucleotide patch replacement pathway","Resolution of AP sites via the multiple-nucleotide patch replacement pathway",1.9636648321831,0,TRUE,FALSE,1.26703641390186,1.26703641390186,"shared positive"
"human_vs_mouse_KD_Reactome","human KD vs control vs mouse KD vs control","Reactome","APC:Cdc20 mediated degradation of cell cycle proteins prior to satisfation of the cell cycle checkpoint","APC:Cdc20 mediated degradation of cell cycle proteins prior to satisfation of the cell cycle checkpoint","either",0.05,"shared negative",-1.22968059647605,1.22968059647605,-0.709463345694282,-1.93914394217033,1,0.00172085586837186,"107995/12237/57296/22190/12534/12428/18005/12236","5690/10213/5719/5685/5684/10393/5718/8881/51433/11047/64682/7321/29882/7979/5694/5717/5689/5701/5686/5709/5691/29945/5707","R-HSA-179419","R-MMU-179419","APC:Cdc20 mediated degradation of cell cycle proteins prior to satisfation of the cell cycle checkpoint","APC:Cdc20 mediated degradation of cell cycle proteins prior to satisfation of the cell cycle checkpoint",-2.76425550282297,0,TRUE,FALSE,-1.22968059647605,1.22968059647605,"shared negative"
"human_vs_mouse_KD_Reactome","human KD vs control vs mouse KD vs control","Reactome","PTEN Regulation","PTEN Regulation","either",0.05,"shared negative",-1.21527104808764,1.21527104808764,-0.927225849535898,-2.14249689762354,0.938049969069171,9.99423515907487e-07,"216848/22186/72607/23997/234366/21951/19821/13001/14056/14013/57296/107932/22190/54170/241915/229542/73162/56692/52187","8649/84232/5687/5704/57459/80243/9219/3065/6045/5690/10213/1107/1460/5719/5685/5684/1108/5718/27327/2444/8841/11047/11060/7979/5694/5717/28956/5689/5701/1386/5931/10014/26523/10670/5686/5709/64121/10273/55004/5691/27161/23512/5707/23112/6615/80351/5728/5595/4734","R-HSA-6807070","R-MMU-6807070","PTEN Regulation","PTEN Regulation",-6.00025043605342,-0.0277740265324574,TRUE,FALSE,-1.21527104808764,1.21527104808764,"shared negative"
"human_vs_mouse_KD_Reactome","human KD vs control vs mouse KD vs control","Reactome","Beta-catenin phosphorylation cascade","Beta-catenin phosphorylation cascade","either",0.05,"shared negative",-1.16501395613631,1.16501395613631,-0.840128922720372,-2.00514287885668,0.961174124392372,0.00284177627085362,"212398/21770/26932","5528/5518/139285/324/5526/5519/5515/1499/5525","R-HSA-196299","R-MMU-196299","Beta-catenin phosphorylation cascade","Beta-catenin phosphorylation cascade",-2.54641011647133,-0.0171979292797798,TRUE,FALSE,-1.16501395613631,1.16501395613631,"shared negative"
"human_vs_mouse_KD_Reactome","human KD vs control vs mouse KD vs control","Reactome","Complex I biogenesis","Complex I biogenesis","either",0.05,"shared positive",1.1634697930449,1.1634697930449,0.780768840426268,1.94423863347117,1,0.000390111983388541,"67273/66218/66459/225887/72900/67130/66416/70316/75406/108755/76826/68349/229211/68194/66706/66377/66091/17991/17995/100900/208501/76916/67184/68342","4538/4535/4540/5018/55744/4698/55101/4710/51300/4537/4694/57226/4725/4711/4536/284184/126328/55863/90871/4717/4709/4731/28976/4726/119559/4704/4707/51079/25915/137682/4716/51295/4718/29078/4696","R-HSA-6799198","R-MMU-6799198","Complex I biogenesis","Complex I biogenesis",3.40881070890486,0,TRUE,FALSE,1.1634697930449,1.1634697930449,"shared positive"
"human_vs_mouse_KD_Reactome","human KD vs control vs mouse KD vs control","Reactome","Downstream signal transduction","Downstream signal transduction","either",0.05,"shared negative",-1.12402763472146,1.12402763472146,-0.771452731193794,-1.89548036591525,1,0.00587170800226327,"12928/18590/74769/12929","5291/4690/3265/2889/5159/5921/6774/1398/6776/6714/5295/5290/5156","R-HSA-186763","R-MMU-186763","Downstream signal transduction","Downstream signal transduction",-2.23123554984929,0,TRUE,FALSE,-1.12402763472146,1.12402763472146,"shared negative"
"human_vs_mouse_KD_Reactome","human KD vs control vs mouse KD vs control","Reactome","ABC transporters in lipid homeostasis","ABC transporters in lipid homeostasis","either",0.05,"shared negative",-1.11484978662967,1.11484978662967,-0.840706532331312,-1.95555631896098,0.955449570438204,0.0101497891125024,"27403/217265/192663","215/64241/64137/10350/23461/5825/10347/21/225/20","R-HSA-1369062","R-MMU-1369062","ABC transporters in lipid homeostasis","ABC transporters in lipid homeostasis",-1.99354298122151,-0.0197922304911118,TRUE,FALSE,-1.11484978662967,1.11484978662967,"shared negative"
"human_vs_mouse_KD_Reactome","human KD vs control vs mouse KD vs control","Reactome","UCH proteinases","UCH proteinases","either",0.05,"shared negative",-1.10048270203206,1.10048270203206,-0.723133371566989,-1.82361607359905,1,0.00175138850352864,"69714/22186/110962/23997/75302/18002/15161/57296/56207/22190/218214/235134/227195","5690/10213/10445/5719/5685/8332/5684/5718/54891/8473/9958/11047/7979/8331/5694/8338/5717/5689/5701/5686/8329/5709/5691/5707/92815","R-HSA-5689603","R-MMU-5689603","UCH proteinases","UCH proteinases",-2.75661750541655,0,TRUE,FALSE,-1.10048270203206,1.10048270203206,"shared negative"
"human_vs_mouse_KD_Reactome","human KD vs control vs mouse KD vs control","Reactome","Signaling by NTRK1 (TRKA)","Signaling by NTRK1 (TRKA)","either",0.05,"shared negative",-1.06747405783519,1.06747405783519,-1.00374686597563,-2.07122092381082,0.823963265696,1.48943593905521e-05,"77480/72349/12912/319520/20807/12928/107932/18049/21770/74769/384783/67300/12929/16367","3667/5604/6197/4205/160/5291/673/6446/1211/1960/5528/4664/3265/5518/1108/2889/4665/4209/6722/6457/3726/5906/3398/5900/6938/161/6774/1020/1398/5519/1386/6236/6714/10126/5295/466/5290/2033/1759/1213/5515/5595/9252","R-HSA-187037","R-MMU-187037","Signaling by NTRK1 (TRKA)","Signaling by NTRK1 (TRKA)",-4.82697817114187,-0.0840921497848523,TRUE,FALSE,-1.06747405783519,1.06747405783519,"shared negative"
"human_vs_mouse_KD_Reactome","human KD vs control vs mouse KD vs control","Reactome","TCR signaling","TCR signaling","either",0.05,"shared negative",-1.06287364696536,1.06287364696536,-0.986568991306149,-2.04944263827151,0.835442314600137,5.14435439042575e-05,"93765/19271/240354/57296/22190/18607/22034/94212/18035/74769/234779","5692/7535/2533/84433/5687/23118/5704/7334/5291/4792/1147/4690/5690/10213/5719/5685/5684/26191/5718/5058/11047/7321/8454/7979/7322/5694/5717/5689/5701/4790/5295/5686/5709/5290/3127/5691/5707/5728","R-HSA-202403","R-MMU-202403","TCR signaling","TCR signaling",-4.28866912085661,-0.0780835317858316,TRUE,FALSE,-1.06287364696536,1.06287364696536,"shared negative"
"human_vs_mouse_KD_Reactome","human KD vs control vs mouse KD vs control","Reactome","Disassembly of the destruction complex and recruitment of AXIN to the membrane","Disassembly of the destruction complex and recruitment of AXIN to the membrane","either",0.05,"shared negative",-1.05546347897203,1.05546347897203,-1.03061557915045,-2.08607905812248,0.785948165824963,0.000590863772937463,"212398/12389/16973/21770/26932/14367","5528/5518/139285/8321/1455/324/7855/5526/5519/5515/1499/4040/5525","R-HSA-4641262","R-MMU-4641262","Disassembly of the destruction complex and recruitment of AXIN to the membrane","Disassembly of the destruction complex and recruitment of AXIN to the membrane",-3.22851263668417,-0.104606095230947,TRUE,FALSE,-1.05546347897203,1.05546347897203,"shared negative"
"human_vs_mouse_KD_Reactome","human KD vs control vs mouse KD vs control","Reactome","Respiratory electron transport","Respiratory electron transport","either",0.05,"shared positive",1.05223582463559,1.05223582463559,0.904587844566969,1.95682366920256,0.944378179445617,3.79446846645772e-05,"67863/52469/380840/67273/66218/12862/110842/66459/22273/225887/72900/67130/66416/70316/75406/108755/66445/67388/76826/75530/231430/68349/110826/67899/229211/68194/20930/210582/17448/66706/66377/20463/72795/66091/66272/17991/17995/67044/100900/50799/66343/208501/67003/14718/226139/76916/67184/68342/66142/68267","4514/4513/4538/4512/4535/4519/4540/5018/55744/54205/4698/55101/4710/51300/1349/4537/4694/57226/7388/1345/4725/25994/90639/27089/4711/4536/1347/284184/6341/1337/126328/57128/55863/90624/29090/51204/90871/1353/4717/4709/7386/4731/28976/4726/125965/790955/6391/119559/4704/4707/285521/55245/2395/51079/25915/137682/80219/10975/4716","R-HSA-611105","R-MMU-611105","Respiratory electron transport","Respiratory electron transport",4.42084905198244,0.0248540561717107,TRUE,FALSE,1.05223582463559,1.05223582463559,"shared positive"
"human_vs_mouse_KD_Reactome","human KD vs control vs mouse KD vs control","Reactome","Degradation of CRY and PER proteins","Degradation of CRY and PER proteins","either",0.05,"shared negative",-1.0458374068061,1.0458374068061,-1.03689520939052,-2.08273261619662,0.782577614379085,0.000313674037601297,"57296/22190/18628/18627/18626","5690/10213/5719/5685/5684/5718/5187/11047/7321/8454/7979/5694/5717/5689/5701/9978/5686/5709/5691/5707","R-HSA-9932298","R-MMU-9932298","Degradation of CRY and PER proteins","Degradation of CRY and PER proteins",-3.50352142581326,-0.1064725792448,TRUE,FALSE,-1.0458374068061,1.0458374068061,"shared negative"
"human_vs_mouse_KD_Reactome","human KD vs control vs mouse KD vs control","Reactome","ISG15 antiviral mechanism","ISG15 antiviral mechanism","either",0.05,"shared positive",-1.03657356377441,1.03657356377441,1.95592877347535,0.919355209700936,0.0112087040176715,0.768569697887484,"24110/100038882/230073/74153/17999/13681/19106/13690/230861/217069/56791/26987/208643/26417","10762/9883/55746/5610/23636/11097/348995/3838/6233/7706/9636/23225/57122/3661/6772/51191","R-HSA-1169408","R-MMU-1169408","ISG15 antiviral mechanism","ISG15 antiviral mechanism",0.114316742301647,1.950444598869,FALSE,TRUE,-1.03657356377441,1.03657356377441,"shared positive"
"human_vs_mouse_KD_Reactome","human KD vs control vs mouse KD vs control","Reactome","APC/C:Cdc20 mediated degradation of mitotic proteins","APC/C:Cdc20 mediated degradation of mitotic proteins","either",0.05,"shared negative",-1.02979061632283,1.02979061632283,-0.811001322161878,-1.84079193848471,1,0.00634092698377618,"107995/12237/57296/22190/268697/12534/12428/18005/12236","5690/10213/5719/5685/5684/10393/5718/8881/51433/11047/64682/7321/29882/7979/5694/5717/5689/5701/5686/5709/5691/29945/5707","R-HSA-176409","R-MMU-176409","APC/C:Cdc20 mediated degradation of mitotic proteins","APC/C:Cdc20 mediated degradation of mitotic proteins",-2.197847247716,0,TRUE,FALSE,-1.02979061632283,1.02979061632283,"shared negative"
"human_vs_mouse_KD_Reactome","human KD vs control vs mouse KD vs control","Reactome","Extracellular matrix organization","Extracellular matrix organization","either",0.05,"shared positive",-1.00798212190268,1.00798212190268,2.2833353024561,1.27535318055342,9.7e-08,0.119283255677347,"11475/14119/16775/12843/14789/12111/20750/23876/58859/12826/14118/12833/16423/12834/17150/11603/56693/21923/17385/58223/21857/107581/16949/18542/17387/17384/12380/11492/241226/12832/12825/12827/16950/234407/16419/12333/210530/216725/268977/13528/16998/15529/16403/13038/12816/18822/14268/17392/16948/56213/18214/12837/108075/69675/19035/13039/11461/11820/18073/24052/26432/14115/17386/12338/94352/16997/12339/23794/268935","1282/1294/5054/1284/1301/1293/3371/4237/8728/1292/7837/2201/7076/4017/83700/1291/375790/1514/1288/4312/682/7040/3676/3912/3910/9672/4325/5578/8910/1306/3696/4038/3675/85301/22801/7057/1287/960/284217/4326/80781/1508/1299/3911/1295/655/6650/6443/1821/6641/3913/831/8754/3914/22795/1289/8425/3682/7077/3915/1298","R-HSA-1474244","R-MMU-1474244","Extracellular matrix organization","Extracellular matrix organization",0.923420515904736,7.01322826573375,FALSE,TRUE,-1.00798212190268,1.00798212190268,"shared positive"
"human_vs_mouse_KD_Reactome","human KD vs control vs mouse KD vs control","Reactome","TCF dependent signaling in response to WNT","TCF dependent signaling in response to WNT","either",0.05,"shared negative",-0.99690584724152,0.99690584724152,-0.82878171674102,-1.82568756398254,1,0.000126935237209222,"77578/20674/16974/328572/21414/103573/140858/20682/75410/22186/12006/23997/56438/21951/212398/213464/13001/12389/17283/57296/16973/22190/59036/21770/26932/80288/67772/14367/21415","5687/8348/5704/4609/8344/54894/8368/3065/1487/8363/10524/607/5690/10213/5528/1460/5719/5685/5684/8341/4221/5518/7088/54361/653604/5718/8452/8295/139285/283149/8321/11047/9736/1455/7979/84661/6659/324/8331/7855/6657/5694/8338/7483/5717/6934/5689/5526/5519/5701/9978/5686/8395/5709/2033/6259/5691/5707/5515/1499/4040/80351/5525","R-HSA-201681","R-MMU-201681","TCF dependent signaling in response to WNT","TCF dependent signaling in response to WNT",-3.89641780106349,0,TRUE,FALSE,-0.99690584724152,0.99690584724152,"shared negative"
"human_vs_mouse_KD_Reactome","human KD vs control vs mouse KD vs control","Reactome","Activation of APC/C and APC/C:Cdc20 mediated degradation of mitotic proteins","Activation of APC/C and APC/C:Cdc20 mediated degradation of mitotic proteins","either",0.05,"shared negative",-0.987935230702291,0.987935230702291,-0.822720072665259,-1.81065530336755,1,0.00458478945715486,"107995/12237/57296/22190/268697/12534/12428/18005/12236","5690/10213/5719/5685/5684/10393/5718/8881/51433/11047/64682/7321/29882/7979/5694/5717/5689/5701/5686/5709/5691/29945/5707","R-HSA-176814","R-MMU-176814","Activation of APC/C and APC/C:Cdc20 mediated degradation of mitotic proteins","Activation of APC/C and APC/C:Cdc20 mediated degradation of mitotic proteins",-2.33868060322086,0,TRUE,FALSE,-0.987935230702291,0.987935230702291,"shared negative"
"human_vs_mouse_KD_Reactome","human KD vs control vs mouse KD vs control","Reactome","Cytoprotection by HMOX1","Cytoprotection by HMOX1","either",0.05,"shared positive",0.945626302240065,0.945626302240065,0.713873777071005,1.65950007931107,1,0.0196568934774233,"17250/12862/14950/59035/21372/20602/229003/15183","4514/4513/4512/54205/1349/1345/7975/644/1387/1347/9612/1337/85441/5465/96764","R-HSA-9707564","R-MMU-9707564","Cytoprotection by HMOX1","Cytoprotection by HMOX1",1.70648511581289,0,TRUE,FALSE,0.945626302240065,0.945626302240065,"shared positive"
"human_vs_mouse_KD_Reactome","human KD vs control vs mouse KD vs control","Reactome","Role of phospholipids in phagocytosis","Role of phospholipids in phagocytosis","either",0.05,"shared negative",-0.94500339664419,0.94500339664419,-1.04225601322302,-1.98725940986721,0.790224032586558,0.0104821774209131,"74769/234779","5295/3710/5290/10768/8398/3708","R-HSA-2029485","R-MMU-2029485","Role of phospholipids in phagocytosis","Role of phospholipids in phagocytosis",-1.9795484937203,-0.102249766528761,TRUE,FALSE,-0.94500339664419,0.94500339664419,"shared negative"
"human_vs_mouse_KD_Reactome","human KD vs control vs mouse KD vs control","Reactome","MAPK6/MAPK4 signaling","MAPK6/MAPK4 signaling","either",0.05,"shared negative",-0.944718891973724,0.944718891973724,-0.767551327268756,-1.71227021924248,1,0.00723782715958473,"545156/66413/19177/26443/56484/12445/18749/26442/235072/18747/218294/103573/22186/23997/17165/81489/15507/56458/57296/22190/12534/229776","5690/5568/10213/5719/5685/5684/5718/27327/5058/148170/11047/7979/5694/5717/5689/5701/2308/26523/5686/5709/5691/27161/5707/23112/8997","R-HSA-5687128","R-MMU-5687128","MAPK6/MAPK4 signaling","MAPK6/MAPK4 signaling",-2.14039179212238,0,TRUE,FALSE,-0.944718891973724,0.944718891973724,"shared negative"
"human_vs_mouse_KD_Reactome","human KD vs control vs mouse KD vs control","Reactome","PIP3 activates AKT signaling","PIP3 activates AKT signaling","either",0.05,"shared negative",-0.9422998457014,0.9422998457014,-1.07550207785159,-2.01780192355299,0.654733424470267,1.39111696066894e-07,"19821/320207/12912/56458/13001/14056/14013/18720/98432/57296/107932/22190/18607/22034/14171/211323/21770/18590/26932/54170/14388/15370/241915/74769/384783/229542/73162/18710/16367/117150/56692/52187","389541/2249/3667/8649/84232/5687/5704/57459/80243/9219/5291/3065/79837/1147/6446/6045/3084/4254/5690/10213/5528/1107/1460/5719/5685/5684/5518/1108/5718/2255/27327/2534/2444/5159/8841/2931/3164/23239/11047/2260/11060/7979/5694/5717/4303/28956/253260/5689/5526/5519/5701/2099/1386/5931/10014/2308/6714/26523/5295/10670/5686/8395/5709/5290/64121/10273/55004/5691/27161/23512/5707/23112/5515/6615/9173/80351/5728/2263/5525/5595/5156/3082/4734/2252","R-HSA-1257604","R-MMU-1257604","PIP3 activates AKT signaling","PIP3 activates AKT signaling",-6.85663635438056,-0.183935487560568,TRUE,FALSE,-0.9422998457014,0.9422998457014,"shared negative"
"human_vs_mouse_KD_Reactome","human KD vs control vs mouse KD vs control","Reactome","Signaling by NTRKs","Signaling by NTRKs","either",0.05,"shared negative",-0.937350502359781,0.937350502359781,-0.934806319612919,-1.8721568219727,0.920862762968026,0.00011595517201485,"77480/18550/72349/12912/319520/20807/12928/107932/18049/21770/74769/384783/67300/12929/16367","3667/5604/6197/4205/1795/160/5291/673/6446/1211/1960/5528/4664/3265/581/5518/1108/2889/4665/2534/4209/6722/6457/3726/5802/5906/3398/5900/6938/161/6774/1020/1398/5519/1386/6236/6714/10126/5295/466/5290/2033/1759/1213/5515/5595/9252","R-HSA-166520","R-MMU-166520","Signaling by NTRKs","Signaling by NTRKs",-3.93570987550883,-0.0358050882903345,TRUE,FALSE,-0.937350502359781,0.937350502359781,"shared negative"
"human_vs_mouse_KD_Reactome","human KD vs control vs mouse KD vs control","Reactome","Mitochondrial ribosome-associated quality control","Mitochondrial ribosome-associated quality control","either",0.05,"shared positive",0.9238055023828,0.9238055023828,1.15019480694932,2.07400030933212,0.59719790779971,2.51392177621423e-05,"27397/69089/68537/67707/66047/68836/66407/69956/67840/27398/64659/121022/65111/56282/70316/107732/94062/66242/67212/118451/239555/67270/353242/69163/66230/19935/66448/27395/50529/18100/66258/56284/94066","5018/11222/64969/7818/23107/55173/90480/60488/51253/55037/64975/128308/51318/9553/740/65003/64963/6150/65080/54998/64983/79590/26284/57129/26589/91574/10573/6182/51021/78988/51264/64968/51263/64979/51116/65005/10240/115416/51250/54534/65993/55052/9801","R-HSA-9937383","R-MMU-9937383","Mitochondrial ribosome-associated quality control","Mitochondrial ribosome-associated quality control",4.59964824004984,0.22388172243501,TRUE,FALSE,0.9238055023828,0.9238055023828,"shared positive"
"human_vs_mouse_KD_Reactome","human KD vs control vs mouse KD vs control","Reactome","HATs acetylate histones","HATs acetylate histones","either",0.05,"shared negative",-0.921825186535683,0.921825186535683,-0.956076529511547,-1.87790171604723,0.86433592851746,0.000263645588023694,"107435/140858/69612/217127/226976/15161/17977/78783/269424/228829/18505","8348/7862/9643/8344/51230/85235/10943/8368/26009/8363/284058/23522/10524/10445/8332/8341/653604/55167/8295/8473/11143/56970/6881/117143/56943/8331/10499/79960/339287/8338/23774/2648/1386/5931/5077/51147/8329/2033/8850/54934/92815","R-HSA-3214847","R-MMU-3214847","HATs acetylate histones","HATs acetylate histones",-3.57897949197142,-0.0633174339713826,TRUE,FALSE,-0.921825186535683,0.921825186535683,"shared negative"
"human_vs_mouse_KD_Reactome","human KD vs control vs mouse KD vs control","Reactome","Mitochondrial translation elongation","Mitochondrial translation elongation","either",0.05,"shared positive",0.91676153896571,0.91676153896571,1.09147323159413,2.00823477055984,0.685028248587571,3.63461033967609e-05,"27397/69089/68537/67707/66047/68836/66407/69956/67840/27398/64659/121022/65111/56282/107732/94062/66242/67212/118451/67270/353242/69163/66230/19935/66448/27395/50529/18100/66258/56284/94066","5018/11222/64969/7818/23107/55173/90480/60488/51253/55037/64975/128308/51318/9553/740/65003/64963/6150/65080/54998/64983/79590/26284/57129/7284/26589/10573/6182/51021/78988/51264/64968/51263/64979/51116/65005/10240/54534/65993/55052/9801/51373/51258/116540/28957/29074/64951/51649/64949","R-HSA-5389840","R-MMU-5389840","Mitochondrial translation elongation","Mitochondrial translation elongation",4.43954214227384,0.164291519087505,TRUE,FALSE,0.91676153896571,0.91676153896571,"shared positive"
"human_vs_mouse_KD_Reactome","human KD vs control vs mouse KD vs control","Reactome","PCP/CE pathway","PCP/CE pathway","either",0.05,"shared negative",-0.912867299670139,0.912867299670139,-0.747704996544321,-1.66057229621446,1,0.0095254315297721,"14366/170758/26442/26563/11772/22186/23997/106042/216869/14369/208846/57296/22190/18752/74325/14367/67300","5690/10213/1211/5719/5685/5684/54361/5718/23002/8321/11047/50855/7979/7855/161/5694/5717/5689/5701/4920/8324/5686/5709/6259/5691/1213/5707","R-HSA-4086400","R-MMU-4086400","PCP/CE pathway","PCP/CE pathway",-2.02111534040262,0,TRUE,FALSE,-0.912867299670139,0.912867299670139,"shared negative"
"human_vs_mouse_KD_Reactome","human KD vs control vs mouse KD vs control","Reactome","Metabolism of water-soluble vitamins and cofactors","Metabolism of water-soluble vitamins and cofactors","either",0.05,"shared positive",-0.906720581823218,0.906720581823218,1.70706383469114,0.800343252867922,0.0126546713352531,0.940486070644464,"270685/192185/17768/14873/77697/226518/108037/20525/52710/107747/216188/17250/20509/66904/246703/67096/14104/107476/71743/78038/18113/72621/69225/109754/108156/66812/17850/69372/110821/105663/68646/20425/14287/73132/319945/23959/230125/110948/29807/69906/74450/109129/12494/52466/17769","4907/79581/1719/143/6515/3141/51293/8884/4548/55739/8566/55191/93100/54625/5826","R-HSA-196849","R-MMU-196849","Metabolism of water-soluble vitamins and cofactors","Metabolism of water-soluble vitamins and cofactors",0.0266476323167327,1.89774912977396,FALSE,TRUE,-0.906720581823218,0.906720581823218,"shared positive"
"human_vs_mouse_KD_Reactome","human KD vs control vs mouse KD vs control","Reactome","HDMs demethylate histones","HDMs demethylate histones","either",0.05,"shared negative",-0.90462780772619,0.90462780772619,-1.02414267453592,-1.92877048226211,0.791441754404717,0.00387714454986437,"225876/18676/107817/218214/76804","8294/8359/8355/333932/7404/8362/8242/8368/8363/9682/8284/653604/7403/84678/55818/5253/23135/80853/23210/22992","R-HSA-3214842","R-MMU-3214842","HDMs demethylate histones","HDMs demethylate histones",-2.41148800708198,-0.101581041220343,TRUE,FALSE,-0.90462780772619,0.90462780772619,"shared negative"
"human_vs_mouse_KD_Reactome","human KD vs control vs mouse KD vs control","Reactome","Intracellular signaling by second messengers","Intracellular signaling by second messengers","either",0.05,"shared negative",-0.90198759715187,0.90198759715187,-1.06301903646833,-1.9650066336202,0.667058534261522,3.53369639457573e-08,"19821/320207/12912/56458/13001/14056/14013/18720/98432/57296/107932/22190/18607/19085/22034/14171/211323/21770/18590/26932/54170/18752/14388/15370/241915/74769/384783/229542/73162/18710/16367/55984/117150/56692/52187","3667/8649/84232/5687/5704/57459/80243/9219/801/5291/111/3065/79837/1147/6446/6045/3084/4254/5690/5568/10213/818/5528/1107/1460/5719/5685/5684/5518/1108/5580/5718/2255/27327/2534/2444/5159/8841/2931/3164/23239/11047/2260/11060/7979/196883/817/5694/5717/4303/28956/253260/5689/5526/5519/5701/2099/1386/5931/10014/2308/6714/26523/5295/112/10670/5686/8395/5709/3710/5290/64121/10273/55004/5691/27161/23512/10768/5707/23112/5515/6615/9173/80351/5728/2263/5525/5595/5156/3708/3082/4734/5577/2252","R-HSA-9006925","R-MMU-9006925","Intracellular signaling by second messengers","Intracellular signaling by second messengers",-7.45177076660756,-0.175836055151817,TRUE,FALSE,-0.90198759715187,0.90198759715187,"shared negative"
"human_vs_mouse_KD_Reactome","human KD vs control vs mouse KD vs control","Reactome","Signaling by WNT","Signaling by WNT","either",0.05,"shared negative",-0.8903479208401,0.8903479208401,-1.06216527040477,-1.95251319124487,0.688128591954023,6.49968237429937e-08,"20674/26563/16974/328572/11772/21414/103573/140858/20682/75410/22186/12006/30930/360216/23997/106042/216869/56438/21951/14369/212398/213464/13001/208846/22410/12389/54198/14704/17283/57296/16973/22190/216795/59036/21770/26932/18752/80288/74325/67772/14681/14367/67300/56433/21415/65114","5687/8348/5704/4609/8344/54894/801/160/8368/23236/5532/3065/1487/8363/10524/607/5690/10213/1211/5528/1460/5719/5685/4772/5684/8341/4221/5518/7088/54361/653604/5718/8452/7475/8295/139285/27327/23002/283149/5331/7484/166/8321/2783/11047/2775/50855/9736/8454/1455/51699/79971/7979/84661/6659/324/8331/7855/161/6657/55737/5694/8338/7483/5717/6934/5689/5526/5519/5701/4920/9978/8324/26523/5686/8395/5709/3710/2033/7480/6259/5691/27161/1213/5593/5530/5707/23112/5515/1499/4040/80351/80326/5525/3708","R-HSA-195721","R-MMU-195721","Signaling by WNT","Signaling by WNT",-7.18710786588938,-0.162330396709801,TRUE,FALSE,-0.8903479208401,0.8903479208401,"shared negative"
"human_vs_mouse_KD_Reactome","human KD vs control vs mouse KD vs control","Reactome","Initial triggering of complement","Initial triggering of complement","either",0.05,"shared negative",-0.883683118384962,0.883683118384962,-0.962846213590618,-1.84652933197558,0.855908466819222,0.0235091613773289,"18636/16904","715/716/718/5648","R-HSA-166663","R-MMU-166663","Initial triggering of complement","Initial triggering of complement",-1.62876286282293,-0.0675726774733838,TRUE,FALSE,-0.883683118384962,0.883683118384962,"shared negative"
"human_vs_mouse_KD_Reactome","human KD vs control vs mouse KD vs control","Reactome","mRNA 3'-end processing","mRNA 3'-end processing","either",0.05,"shared negative",0.882215593331912,0.882215593331912,-1.53748952011127,-0.655273926779358,0.0265712487238749,1,"69833/56194/68598/67958/101943/21681/69241/108121/20630/83410/64340/73666/75210/433702/83486/22186/192160/67039/19826/53379/71713/27967/69207/67465/212880/54188/70044/13204/76479/56258/73826/98758/67337/193116/67332/19205/98053/69823/22190/231329/60365/66118/19647/67710/74320/51796/20641/17149/74737/228410","23450/51362/10915/1655/5440/84844/5500/55749/11338/3192/5438/4670/10285/3190/57187/10992/6427/5435/6426/5430/5431/5093/220988/23283/3188/5094/9984/1665/9877/23451/84271/22827/81608/26097/6430/3185/5499","R-HSA-72187","R-MMU-72187","mRNA 3'-end processing","mRNA 3'-end processing",0,-1.57558803530952,FALSE,TRUE,0.882215593331912,0.882215593331912,"shared negative"
"human_vs_mouse_KD_Reactome","human KD vs control vs mouse KD vs control","Reactome","Chromatin modifying enzymes","Chromatin modifying enzymes","either",0.05,"shared negative",-0.87708598146312,0.87708598146312,-1.08781901901234,-1.96490500047546,0.647806522952955,4.41069784943712e-07,"107435/54343/140858/233904/216848/75410/69612/225876/235626/234366/217127/94246/226976/238247/20220/18676/66423/213464/14056/15353/14013/15161/107817/107932/218214/17977/78783/107392/60406/208266/269424/213389/69726/192195/234135/228829/229542/18505/76804","10629/8337/29072/8294/1019/5928/9575/64324/23338/8359/8089/6839/6883/55578/57325/10498/5929/8355/8726/51412/11240/333932/6604/51317/23569/7404/64754/8362/51702/6944/6599/54014/80314/8242/8348/7862/9643/57459/4297/8344/9219/51230/85235/10943/79685/8368/3065/26009/8363/284058/23522/55193/55870/10524/6907/8085/9682/10445/1107/8284/8332/79918/8341/55170/1108/653604/55167/8295/79084/8473/7403/10196/11143/8841/56970/9869/84678/6881/117143/9611/55818/84661/4791/56943/5253/8331/10499/79960/339287/23135/80853/8338/23774/6601/2648/4790/1386/5931/5077/23210/51147/8329/3717/2033/22992/121536/23512/10919/8850/196528/54934/92815","R-HSA-3247509","R-MMU-3247509","Chromatin modifying enzymes","Chromatin modifying enzymes",-6.35549269212336,-0.188554683265929,TRUE,FALSE,-0.87708598146312,0.87708598146312,"shared negative"
"human_vs_mouse_KD_Reactome","human KD vs control vs mouse KD vs control","Reactome","Mitochondrial Fatty Acid Beta-Oxidation","Mitochondrial Fatty Acid Beta-Oxidation","either",0.05,"shared positive",-0.870350188092868,0.870350188092868,1.78897766175698,0.918627473664112,0.035581101042316,0.750998314836081,"11409/67460/66904/75778/231086/171210/93747/11370/56360/26897/52538/17850/110821/70316/26922/15107/223722/329910","1622/37/10449/117145/10965","R-HSA-77289","R-MMU-77289","Mitochondrial Fatty Acid Beta-Oxidation","Mitochondrial Fatty Acid Beta-Oxidation",0.124361037507432,1.44878061698274,FALSE,TRUE,-0.870350188092868,0.870350188092868,"shared positive"
"human_vs_mouse_KD_Reactome","human KD vs control vs mouse KD vs control","Reactome","Termination of translesion DNA synthesis","Termination of translesion DNA synthesis","either",0.05,"shared positive",0.863927074165137,0.863927074165137,0.882279465338843,1.74620653950398,0.938049969069171,0.0235629801898321,"100038882/74153/217069/56791/19718/68026","5425/9100/6118/6233/7706/54107/6119/5984/9636/5982/5429/5426/9246/56655/5111/11201/9768","R-HSA-5656169","R-MMU-5656169","Termination of translesion DNA synthesis","Termination of translesion DNA synthesis",1.6277697818753,0.0277740265324574,TRUE,FALSE,0.863927074165137,0.863927074165137,"shared positive"
"human_vs_mouse_KD_Reactome","human KD vs control vs mouse KD vs control","Reactome","MTOR signalling","MTOR signalling","either",0.05,"shared negative",-0.861839694912494,0.861839694912494,-0.958989559002636,-1.82082925391513,0.867844055249838,0.00550558156155098,"227154/14225/268706/13684/108099/20869/108079/64930/54170/19079/56692/52187","27327/5571/53632/6198/5494/28956/5562/26523/10670/64121/55004/27161/23112/5230","R-HSA-165159","R-MMU-165159","MTOR signalling","MTOR signalling",-2.25919679919315,-0.0615583071150086,TRUE,FALSE,-0.861839694912494,0.861839694912494,"shared negative"
"human_vs_mouse_KD_Reactome","human KD vs control vs mouse KD vs control","Reactome","Signaling by NOTCH","Signaling by NOTCH","either",0.05,"shared negative",-0.847597148903456,0.847597148903456,-0.805293079747454,-1.65289022865091,0.996844603983326,0.00122025812849704,"22190/74198/433586/333639/16450/207521","5690/102/6907/51107/10213/10320/1991/56983/5584/5719/5685/5684/8341/55294/6868/7088/653604/5718/27327/488/6484/487/5087/8841/408/11047/8454/9611/11060/7979/8788/8331/5694/8338/5717/1024/5689/5701/2648/9978/10014/26523/9759/5686/5709/23220/2033/5691/27161/5707/23112/55851/8850/3516/59","R-HSA-157118","R-MMU-157118","Signaling by NOTCH","Signaling by NOTCH",-2.91354829069897,-0.00137253766881647,TRUE,FALSE,-0.847597148903456,0.847597148903456,"shared negative"
"human_vs_mouse_KD_Reactome","human KD vs control vs mouse KD vs control","Reactome","FCERI mediated Ca+2 mobilization","FCERI mediated Ca+2 mobilization","either",0.05,"shared negative",-0.83499362498033,0.83499362498033,-1.01456885225364,-1.84956247723397,0.823963265696,0.00690157893931697,"57257/17096/234779","3710/4775/10768/5530/10451/3708","R-HSA-2871809","R-MMU-2871809","FCERI mediated Ca+2 mobilization","FCERI mediated Ca+2 mobilization",-2.16105154025017,-0.0840921497848523,TRUE,FALSE,-0.83499362498033,0.83499362498033,"shared negative"
"human_vs_mouse_KD_Reactome","human KD vs control vs mouse KD vs control","Reactome","Nonhomologous End-Joining (NHEJ)","Nonhomologous End-Joining (NHEJ)","either",0.05,"shared positive",0.827070386581063,0.827070386581063,0.757594136182737,1.5846645227638,1,0.0486724247923444,"15270/107976/22596/68251/14375/68024","2547/7520/5591/9656/165918/55183/85236/7158/7468/51567/3017/672/55775/4683/4361/79184/84142/51588/27434","R-HSA-5693571","R-MMU-5693571","Nonhomologous End-Joining (NHEJ)","Nonhomologous End-Joining (NHEJ)",1.31271701727194,0,TRUE,FALSE,0.827070386581063,0.827070386581063,"shared positive"
"human_vs_mouse_KD_Reactome","human KD vs control vs mouse KD vs control","Reactome","Deposition of new CENPA-containing nucleosomes at the centromere","Deposition of new CENPA-containing nucleosomes at the centromere","either",0.05,"shared positive",0.808530950399559,0.808530950399559,0.883919932202241,1.6924508826018,0.938049969069171,0.0113273915011596,"15270/18148/66570/68024/72155","4869/201254/55355/80152/57082/79172/94239/55320/54069/85236/79682/2491/3017/1060/387103/64946/55839","R-HSA-606279","R-MMU-606279","Deposition of new CENPA-containing nucleosomes at the centromere","Deposition of new CENPA-containing nucleosomes at the centromere",1.94587008899635,0.0277740265324574,TRUE,FALSE,0.808530950399559,0.808530950399559,"shared positive"
"human_vs_mouse_KD_Reactome","human KD vs control vs mouse KD vs control","Reactome","Nucleosome assembly","Nucleosome assembly","either",0.05,"shared positive",0.808530950399559,0.808530950399559,0.883919932202241,1.6924508826018,0.938049969069171,0.0113273915011596,"15270/18148/66570/68024/72155","4869/201254/55355/80152/57082/79172/94239/55320/54069/85236/79682/2491/3017/1060/387103/64946/55839","R-HSA-774815","R-MMU-774815","Nucleosome assembly","Nucleosome assembly",1.94587008899635,0.0277740265324574,TRUE,FALSE,0.808530950399559,0.808530950399559,"shared positive"
"human_vs_mouse_KD_Reactome","human KD vs control vs mouse KD vs control","Reactome","Circadian clock","Circadian clock","either",0.05,"shared negative",-0.80529080239077,0.80529080239077,-1.03689520939052,-1.84218601178129,0.782577614379085,0.000500450302642779,"57296/22190/18628/18627/18626","5687/5469/5704/8553/4297/6097/9572/5690/6907/10213/1460/5719/5685/5684/5718/5187/6720/4209/150094/8841/6096/11047/7321/8454/9611/7979/10499/5694/5717/1020/5689/5701/1386/9978/5686/5709/5501/2033/5691/5707/5499","R-HSA-9909396","R-MMU-9909396","Circadian clock","Circadian clock",-3.30063904377834,-0.1064725792448,TRUE,FALSE,-0.80529080239077,0.80529080239077,"shared negative"
"human_vs_mouse_KD_Reactome","human KD vs control vs mouse KD vs control","Reactome","Interleukin-2 family signaling","Interleukin-2 family signaling","either",0.05,"shared negative",-0.800026669376719,0.800026669376719,-0.963814005452091,-1.76384067482881,0.848096548560945,0.0166231593308875,"16169/16332/74769/18710","5291/3561/3716/1439/2185/6774/5777/3718/6776/5295/3717/5290","R-HSA-451927","R-MMU-451927","Interleukin-2 family signaling","Interleukin-2 family signaling",-1.7792864324426,-0.0715547042050218,TRUE,FALSE,-0.800026669376719,0.800026669376719,"shared negative"
"human_vs_mouse_KD_Reactome","human KD vs control vs mouse KD vs control","Reactome","Metabolism of vitamins and cofactors","Metabolism of vitamins and cofactors","either",0.05,"shared positive",-0.793849366679181,0.793849366679181,1.69028538324702,0.896436016567839,0.0138657046302696,0.832813647639241,"270685/192185/17768/11603/14873/77697/226518/108037/71883/20525/52710/107747/216188/17250/20509/67914/11651/66904/15529/246703/67096/15926/14104/107476/71743/78038/16971/18113/14733/72621/69568/69225/109754/108156/230027/66812/17850/69372/110821/19286/105663/239393/68646/20425/14287/73132/319945/23888","4907/375790/79581/51117/1719/143/3320/9672/6515/3141/51293/8884/4548/55739/2239/8566/154807/10082/55191/4023/93100/54625/5826/3949","R-HSA-196854","R-MMU-196854","Metabolism of vitamins and cofactors","Metabolism of vitamins and cofactors",0.0794521664876159,1.85805805545777,FALSE,TRUE,-0.793849366679181,0.793849366679181,"shared positive"
"human_vs_mouse_KD_Reactome","human KD vs control vs mouse KD vs control","Reactome","Antimicrobial mechanism of IFN-stimulated genes","Antimicrobial mechanism of IFN-stimulated genes","either",0.05,"shared positive",-0.75486515701591,0.75486515701591,1.79225118943806,1.03738603242215,0.0076649032426815,0.555220852984431,"24110/100038882/230073/14469/74153/22142/22059/67951/17999/22143/18148/13681/19106/227613/13690/230861/14272/217069/22146/22152/56791/26987/72775/231655/14088/67030/208643/26417/100040608","10762/4869/57506/9883/3609/201254/55746/5610/2175/2635/3304/2189/23636/199990/11097/3608/2342/348995/2176/3838/6233/7706/80233/2178/9636/23225/1968/3306/2188/57122","R-HSA-1169410","R-MMU-1169410","Antimicrobial mechanism of IFN-stimulated genes","Antimicrobial mechanism of IFN-stimulated genes",0.25553423101502,2.1154933230581,FALSE,TRUE,-0.75486515701591,0.75486515701591,"shared positive"
"human_vs_mouse_KD_Reactome","human KD vs control vs mouse KD vs control","Reactome","Regulation of APC/C activators between G1/S and early anaphase","Regulation of APC/C activators between G1/S and early anaphase","either",0.05,"shared negative",-0.74527802654484,0.74527802654484,-1.11423813408056,-1.8595161606254,0.654733424470267,0.00275531491450419,"107995/12237/12566/22190/268697/12534/12428/12236","5690/10213/5719/5685/5684/10393/5718/8881/51433/11047/64682/7321/29882/8454/7979/5694/5717/5689/5701/5686/5709/5691/29945/5707","R-HSA-176408","R-MMU-176408","Regulation of APC/C activators between G1/S and early anaphase","Regulation of APC/C activators between G1/S and early anaphase",-2.55982875695178,-0.183935487560568,TRUE,FALSE,-0.74527802654484,0.74527802654484,"shared negative"
"human_vs_mouse_KD_Reactome","human KD vs control vs mouse KD vs control","Reactome","Orc1 removal from chromatin","Orc1 removal from chromatin","either",0.05,"shared negative",-0.737165506723577,0.737165506723577,-0.893848589062563,-1.63101409578614,0.944378179445617,0.0214304134972273,"26442/26428/66634/67177/22186/23997/56438/23834/57296/12566/22190/12428/17217/17215","5690/10213/5719/5685/5684/5718/11047/8454/7979/4175/5694/5717/5689/5701/9978/5686/5709/5691/5707","R-HSA-68949","R-MMU-68949","Orc1 removal from chromatin","Orc1 removal from chromatin",-1.66896944921801,-0.0248540561717107,TRUE,FALSE,-0.737165506723577,0.737165506723577,"shared negative"
"human_vs_mouse_KD_Reactome","human KD vs control vs mouse KD vs control","Reactome","Formation of WDR5-containing histone-modifying complexes","Formation of WDR5-containing histone-modifying complexes","either",0.05,"shared negative",-0.725060688268046,0.725060688268046,-0.828295970662444,-1.55335665893049,0.996844603983326,0.0496722519185173,"55982/140858/233904/75410/69612/226976/213464/15161/17283/13486/228829","4297/51230/26009/284058/51105/8085/10445/4221/55617/8473/7403/84661/2648/8850/54934","R-HSA-9772755","R-MMU-9772755","Formation of WDR5-containing histone-modifying complexes","Formation of WDR5-containing histone-modifying complexes",-1.30388615058226,-0.00137253766881647,TRUE,FALSE,-0.725060688268046,0.725060688268046,"shared negative"
"human_vs_mouse_KD_Reactome","human KD vs control vs mouse KD vs control","Reactome","Interleukin-7 signaling","Interleukin-7 signaling","either",0.05,"shared negative",-0.69560871537741,0.69560871537741,-1.27804872049586,-1.97365743587327,0.520237414187643,0.00648345648417767,"384783/18710/16367","8355/8651/333932/8835/54014/3667/3561/3716/3574/653604/6774/3718/6776/5295/3082","R-HSA-1266695","R-MMU-1266695","Interleukin-7 signaling","Interleukin-7 signaling",-2.18819339971744,-0.283798417632383,TRUE,FALSE,-0.69560871537741,0.69560871537741,"shared negative"
"human_vs_mouse_KD_Reactome","human KD vs control vs mouse KD vs control","Reactome","Co-inhibition by CTLA4","Co-inhibition by CTLA4","either",0.05,"shared negative",-0.67317283882032,0.67317283882032,-1.04249619908354,-1.71566903790386,0.78584931136916,0.0345266548354328,"17096/21770/26932","5528/5518/2534/5526/5519/6714/5515/5525","R-HSA-389513","R-MMU-389513","Co-inhibition by CTLA4","Co-inhibition by CTLA4",-1.46184549685726,-0.104660723063535,TRUE,FALSE,-0.67317283882032,0.67317283882032,"shared negative"
"human_vs_mouse_KD_Reactome","human KD vs control vs mouse KD vs control","Reactome","Degradation of the extracellular matrix","Degradation of the extracellular matrix","either",0.05,"shared positive",-0.6636002177671,0.6636002177671,2.05980959607518,1.39620937830808,0.000421210500235661,0.0660095824496547,"14119/20750/12826/14118/12833/12834/17385/58223/21857/17387/17384/12380/12832/12825/12827/12333/13038/12816/14268/17392/56213/12837/13039/18073/17386/12338/12339/23794/268935/12336/12337/53867/12814/11490","1282/1294/1284/1301/1293/1292/2201/7076/1291/1514/1288/4312/682/3912/4325/1306/1287/960/4326/80781/1508/1299/3911/1295/6650/831/8754/3914/1289/7077/3915/1298","R-HSA-1474228","R-MMU-1474228","Degradation of the extracellular matrix","Degradation of the extracellular matrix",1.18039301441376,3.37550081094912,FALSE,TRUE,-0.6636002177671,0.6636002177671,"shared positive"
"human_vs_mouse_KD_Reactome","human KD vs control vs mouse KD vs control","Reactome","Macroautophagy","Macroautophagy","either",0.05,"shared negative",-0.65780327360983,0.65780327360983,-1.03271202589236,-1.69051529950219,0.723492962056304,0.00275531491450419,"75669/68953/68146/11793/100756/13424/268706/67952/19305/108099/22186/66371/68942/666468/22195/93765/56480/13001/108079/64930/93739/22190/68097/71648/78610/54170/19079/17966/57436/67443/68118/100504663/67526/56486/56692/52187","140735/4077/7280/389541/7323/89849/8649/128866/27243/7334/8897/29110/9868/64419/84557/55669/1460/401505/9821/65018/55626/139341/5571/53632/5830/84749/8878/123/79643/7322/80086/55062/7431/7405/28956/5562/8678/10382/6714/10670/1080/347688/64121/55004/7415/11337/7277","R-HSA-1632852","R-MMU-1632852","Macroautophagy","Macroautophagy",-2.55982875695178,-0.140565689223558,TRUE,FALSE,-0.65780327360983,0.65780327360983,"shared negative"
"human_vs_mouse_KD_Reactome","human KD vs control vs mouse KD vs control","Reactome","SLC-mediated transmembrane transport","SLC-mediated transmembrane transport","either",0.05,"shared positive",-0.6429108568433,0.6429108568433,1.72612957885795,1.08321872201465,0.00658275982132337,0.43892596616483,"26570/12870/20539/14664/20512/11815/13358/109552/11739/20525/94249/331004/67863/56636/242126/19729/17254/24060/63959/11987/11740/71279/56327/67760/26569/20516/338365/106947/239606/72621/108052/107566/53881/28253","293/6567/6541/682/9187/9123/6515/23428/8884/133418/6546/23516/6509/123096/65010/7779/8140/9194/6542/55343/55117/64116/6510/55630/84679/81539/6563/85414/23657/222962/8501/861/254428/6505/6574/8671/6526/284129/66035/6550/115286/114134/6575","R-HSA-425407","R-MMU-425407","SLC-mediated transmembrane transport","SLC-mediated transmembrane transport",0.357608726221485,2.18159199029404,FALSE,TRUE,-0.6429108568433,0.6429108568433,"shared positive"
"human_vs_mouse_KD_Reactome","human KD vs control vs mouse KD vs control","Reactome","O-linked glycosylation","O-linked glycosylation","either",0.05,"shared positive",-0.63395727618815,0.63395727618815,1.63404855340338,1.00009127721523,0.0389753152414979,0.634396809571286,"269959/243853/207596/218476/68273/381694/216725/24060/20443/97440/74653/217734/97884/20444/21826/239337/100689/20442/73068/14426/231050/23794/216395","146664/81792/55568/79623/79875/11227/84752/2591/7057/170689/11226/146712/9486/9334/84002/11173/170384/170691/6480/374378/29954/2218/9510/11093/6482/92949/256435/9037/84892/79695/157869/9331/56913/55901","R-HSA-5173105","R-MMU-5173105","O-linked glycosylation","O-linked glycosylation",0.197639009784194,1.40921036344921,FALSE,TRUE,-0.63395727618815,0.63395727618815,"shared positive"
"human_vs_mouse_KD_Reactome","human KD vs control vs mouse KD vs control","Reactome","Negative regulation of the PI3K/AKT network","Negative regulation of the PI3K/AKT network","either",0.05,"shared negative",-0.632815566862202,0.632815566862202,-0.997269447047598,-1.6300850139098,0.808333333333333,0.00634092698377618,"18720/98432/22034/14171/211323/21770/18590/26932/14388/74769/384783/18710/16367/117150","3084/4254/5528/5518/2255/2534/5159/23239/2260/5526/5519/2099/6714/5295/8395/5290/5515/9173/5728/2263/5525/5595/5156/3082/2252","R-HSA-199418","R-MMU-199418","Negative regulation of the PI3K/AKT network","Negative regulation of the PI3K/AKT network",-2.197847247716,-0.0924095117813801,TRUE,FALSE,-0.632815566862202,0.632815566862202,"shared negative"
"human_vs_mouse_KD_Reactome","human KD vs control vs mouse KD vs control","Reactome","Chromatin organization","Chromatin organization","either",0.05,"shared negative",-0.60482780903936,0.60482780903936,-1.07425304947497,-1.67908085851433,0.647806522952955,6.65695629871699e-05,"107435/54343/140858/233904/216848/75410/69612/320790/101631/225876/235626/234366/217127/94246/243842/226976/238247/20220/18676/66423/22026/213464/14056/15353/14013/15161/107817/107932/22196/218214/17977/22218/78783/107392/60406/208266/29861/269424/213389/69726/192195/234135/228829/67772/269610/229542/18505/76804","11240/333932/7329/6604/51317/3020/23569/7404/10285/64754/8362/51702/6944/6599/6749/10992/54014/80314/8242/8348/57592/7862/9643/57459/4297/8344/23394/9219/51230/85235/10943/79685/8368/3065/26009/8363/284058/9646/23522/55193/55870/10524/6907/8085/9682/10320/10445/1107/8284/8332/79918/8341/55170/1108/1665/653604/8099/55167/23613/8295/23451/79084/8473/7403/10196/55274/11143/8841/56970/9869/84678/22827/6881/117143/9611/55818/84661/4791/4780/56943/5253/8331/10499/79960/339287/6938/23135/80853/8338/10263/23774/6601/2648/4790/1386/5931/5077/23210/51147/8932/8329/3717/2033/22992/121536/23512/1499/10919/8850/6925/196528/54934/92815","R-HSA-4839726","R-MMU-4839726","Chromatin organization","Chromatin organization",-4.17672429407557,-0.188554683265929,TRUE,FALSE,-0.60482780903936,0.60482780903936,"shared negative"
"human_vs_mouse_KD_Reactome","human KD vs control vs mouse KD vs control","Reactome","Mitochondrial protein degradation","Mitochondrial protein degradation","either",0.05,"shared positive",-0.60015016208017,0.60015016208017,1.83831562165218,1.23816545957201,0.00623976343435865,0.249443140855608,"56454/228026/20917/381314/14194/108037/51798/14661/66885/66904/11740/74142/13171/53895/171210/64704/110446/26897/269951/234847/11820/18597/107029/15510/68646/56282/15107/381760/66865/118451","4513/4508/4512/293/4535/4540/51142/55173/539/7019/27089/4536/10965/8801/64983","R-HSA-9837999","R-MMU-9837999","Mitochondrial protein degradation","Mitochondrial protein degradation",0.603028433715243,2.20483187523748,FALSE,TRUE,-0.60015016208017,0.60015016208017,"shared positive"
"human_vs_mouse_KD_Reactome","human KD vs control vs mouse KD vs control","Reactome","Platelet sensitization by LDL","Platelet sensitization by LDL","either",0.05,"shared negative",-0.59654419983117,0.59654419983117,-1.31598404243624,-1.91252824226741,0.496008181578253,0.00785024028824519,"16975/21770/26932","2268/338/5528/5518/7804/5777/5526/5519/5321/5515/5525","R-HSA-432142","R-MMU-432142","Platelet sensitization by LDL","Platelet sensitization by LDL",-2.10511704971821,-0.3045111598304,TRUE,FALSE,-0.59654419983117,0.59654419983117,"shared negative"
"human_vs_mouse_KD_Reactome","human KD vs control vs mouse KD vs control","Reactome","PI5P, PP2A and IER3 Regulate PI3K/AKT Signaling","PI5P, PP2A and IER3 Regulate PI3K/AKT Signaling","either",0.05,"shared negative",-0.59222623958684,0.59222623958684,-1.02512034898782,-1.61734658857466,0.786069703101127,0.00957189337110634,"22034/14171/211323/21770/18590/26932/14388/74769/384783/18710/16367/117150","3084/4254/5528/5518/2255/2534/5159/2260/5526/5519/2099/6714/5295/8395/5290/5515/9173/2263/5525/5595/5156/3082/2252","R-HSA-6811558","R-MMU-6811558","PI5P, PP2A and IER3 Regulate PI3K/AKT Signaling","PI5P, PP2A and IER3 Regulate PI3K/AKT Signaling",-2.01900214798151,-0.104538942090347,TRUE,FALSE,-0.59222623958684,0.59222623958684,"shared negative"
"human_vs_mouse_KD_Reactome","human KD vs control vs mouse KD vs control","Reactome","APC/C-mediated degradation of cell cycle proteins","APC/C-mediated degradation of cell cycle proteins","either",0.05,"shared negative",-0.58266474892167,0.58266474892167,-1.06935195128551,-1.65201670020718,0.688128591954023,0.0126545435531518,"107995/12237/57296/12566/22190/268697/12534/12428/18005/229776/12236/20878","5690/10213/5719/5685/5684/10393/5718/8881/51433/11047/64682/7321/29882/8454/7979/5694/5717/5689/5701/5686/5709/5691/29945/5707","R-HSA-174143","R-MMU-174143","APC/C-mediated degradation of cell cycle proteins","APC/C-mediated degradation of cell cycle proteins",-1.89775351513809,-0.162330396709801,TRUE,FALSE,-0.58266474892167,0.58266474892167,"shared negative"
"human_vs_mouse_KD_Reactome","human KD vs control vs mouse KD vs control","Reactome","Regulation of mitotic cell cycle","Regulation of mitotic cell cycle","either",0.05,"shared negative",-0.58266474892167,0.58266474892167,-1.06935195128551,-1.65201670020718,0.688128591954023,0.0126545435531518,"107995/12237/57296/12566/22190/268697/12534/12428/18005/229776/12236/20878","5690/10213/5719/5685/5684/10393/5718/8881/51433/11047/64682/7321/29882/8454/7979/5694/5717/5689/5701/5686/5709/5691/29945/5707","R-HSA-453276","R-MMU-453276","Regulation of mitotic cell cycle","Regulation of mitotic cell cycle",-1.89775351513809,-0.162330396709801,TRUE,FALSE,-0.58266474892167,0.58266474892167,"shared negative"
"human_vs_mouse_KD_Reactome","human KD vs control vs mouse KD vs control","Reactome","Activation of the mRNA upon binding of the cap-binding complex and eIFs, and subsequent binding to 43S","Activation of the mRNA upon binding of the cap-binding complex and eIFs, and subsequent binding to 43S","either",0.05,"shared positive",-0.56344277853839,0.56344277853839,2.00496230671976,1.44151952818137,0.000620527189247212,0.0771690742298239,"13685/27207/27979/27050/27370/54709/20091/13681/18458/20085/67427/20103/16898/73830/16341/16785/208643/20102/100043813/55944/20090/68052/20116/66085/20104/67097/20084/98221/75617/75705/53356/22384/20115/76846/54127/57294/67204","6187/6228/3921/6218/6231/6230/6224/6232/8665/6189/6233/6201/6235/6210/6204/1968/6234/6205/7458/1964/8666","R-HSA-72662","R-MMU-72662","Activation of the mRNA upon binding of the cap-binding complex and eIFs, and subsequent binding to 43S","Activation of the mRNA upon binding of the cap-binding complex and eIFs, and subsequent binding to 43S",1.11255670979658,3.20723918454183,FALSE,TRUE,-0.56344277853839,0.56344277853839,"shared positive"
"human_vs_mouse_KD_Reactome","human KD vs control vs mouse KD vs control","Reactome","Antigen activates B Cell Receptor (BCR) leading to generation of second messengers","Antigen activates B Cell Receptor (BCR) leading to generation of second messengers","either",0.05,"shared negative",-0.54765776255671,0.54765776255671,-1.22552518843409,-1.7731829509908,0.593290135045116,0.0120850641938383,"16440/22063/20866/234779","801/4690/27071/2534/30011/29760/5777/5295/3710/10768/3708","R-HSA-983695","R-MMU-983695","Antigen activates B Cell Receptor (BCR) leading to generation of second messengers","Antigen activates B Cell Receptor (BCR) leading to generation of second messengers",-1.9177510383506,-0.226732872850965,TRUE,FALSE,-0.54765776255671,0.54765776255671,"shared negative"
"human_vs_mouse_KD_Reactome","human KD vs control vs mouse KD vs control","Reactome","Autophagy","Autophagy","either",0.05,"shared negative",-0.54339968330539,0.54339968330539,-1.03271202589236,-1.57611170919775,0.723492962056304,0.00535724481180101,"75669/68953/68146/11793/100756/13424/268706/67952/19305/108099/22186/66371/68942/666468/22195/93765/56480/13001/108079/64930/93739/22190/68097/71648/78610/54170/19079/17966/57436/67443/68118/100504663/67526/56486/56692/52187","23710/7846/51143/7419/55054/51160/140735/4077/7280/389541/7323/89849/8649/128866/27243/7334/8897/29110/9868/64419/84557/55669/1460/401505/9821/65018/55626/139341/5571/53632/5830/7251/84749/8878/123/79643/7322/80086/55062/7431/7405/28956/5562/8678/10382/6714/10670/1080/347688/64121/55004/7415/11337/7277","R-HSA-9612973","R-MMU-9612973","Autophagy","Autophagy",-2.27105850707404,-0.140565689223558,TRUE,FALSE,-0.54339968330539,0.54339968330539,"shared negative"
"human_vs_mouse_KD_Reactome","human KD vs control vs mouse KD vs control","Reactome","Collagen formation","Collagen formation","either",0.05,"shared positive",-0.5418443518218,0.5418443518218,2.00461998208852,1.46277563026672,0.00105920190021089,0.043058971961814,"12843/14789/12826/12833/12834/56693/107581/16949/18542/12832/12825/12827/16950/234407/210530/216725/12816/18822/17392/16948/12837/69675/19035/13039/26432/17386/94352","1282/1294/1284/1301/1293/1292/7837/4017/1291/1514/1288/1306/85301/1287/80781/1508/1299/1295","R-HSA-1474290","R-MMU-1474290","Collagen formation","Collagen formation",1.36593634322226,2.97502124877828,TRUE,TRUE,-0.5418443518218,0.5418443518218,"shared positive"
"human_vs_mouse_KD_Reactome","human KD vs control vs mouse KD vs control","Reactome","Translation initiation complex formation","Translation initiation complex formation","either",0.05,"shared positive",-0.52869265018543,0.52869265018543,1.98748418898882,1.45879153880339,0.00232260284671479,0.0655448667597443,"27207/27979/27050/27370/54709/20091/13681/18458/20085/67427/20103/16898/73830/16341/16785/208643/20102/100043813/55944/20090/68052/20116/66085/20104/67097/20084/98221/75617/75705/53356/22384/20115/76846/54127/57294/67204","6187/6228/3921/6218/6231/6230/6224/6232/8665/6189/6233/6201/6235/6210/6204/1968/6234/6205/7458/1964/8666","R-HSA-72649","R-MMU-72649","Translation initiation complex formation","Translation initiation complex formation",1.18346131503739,2.63402504600094,FALSE,TRUE,-0.52869265018543,0.52869265018543,"shared positive"
"human_vs_mouse_KD_Reactome","human KD vs control vs mouse KD vs control","Reactome","Post-translational protein phosphorylation","Post-translational protein phosphorylation","either",0.05,"shared positive",-0.52428219791709,0.52428219791709,1.97988389541629,1.4556016974992,0.000523746783169583,0.0493226202791163,"29817/12870/74761/12266/20750/16010/71898/14118/56453/19672/66940/14314/21923/21857/16009/20856/223672/208659/22393/268977/15529/382014/14268/12977/20254/80752/83453/12268","8614/10618/3371/3486/7076/3895/1471/51280/3488/3912/11098/5589/84141/51246/2621/56975/2519/11167/3913/4240/10970/3915/10272/1114/7425","R-HSA-8957275","R-MMU-8957275","Post-translational protein phosphorylation","Post-translational protein phosphorylation",1.30695385943776,3.28087863143565,TRUE,TRUE,-0.52428219791709,0.52428219791709,"shared positive"
"human_vs_mouse_KD_Reactome","human KD vs control vs mouse KD vs control","Reactome","Interferon Signaling","Interferon Signaling","either",0.05,"shared positive",-0.52333255824168,0.52333255824168,1.75552651498341,1.23219395674173,0.00363018354294996,0.166132878452943,"99899/24110/100038882/230073/14469/16391/74153/22142/22059/67951/17999/22143/18148/13681/19106/227613/13690/230861/14272/217069/22146/22152/56791/26987/12702/72775/231655/14088/67030/208643/108058/26417/100040608","10762/4869/3133/57506/9883/3609/201254/3454/6672/567/3460/55746/5610/2175/2635/4502/5371/10475/3304/85363/10561/7297/2189/23636/199990/11097/5770/3106/10346/6773/960/3608/2342/9830/348995/2176/3838/55223/6233/3459","R-HSA-913531","R-MMU-913531","Interferon Signaling","Interferon Signaling",0.779544410187614,2.44007141637568,FALSE,TRUE,-0.52333255824168,0.52333255824168,"shared positive"
"human_vs_mouse_KD_Reactome","human KD vs control vs mouse KD vs control","Reactome","Nonsense Mediated Decay (NMD) enhanced by the Exon Junction Complex (EJC)","Nonsense Mediated Decay (NMD) enhanced by the Exon Junction Complex (EJC)","either",0.05,"shared positive",0.50936746843122,0.50936746843122,1.68465972251526,2.19402719094648,0.0160429571056766,3.00025431777445e-07,"27207/27050/27370/20091/68028/18458/26961/20085/67427/20103/27367/19934/16898/268449/68092/76808/270106/67031/56040/14852/67115/269261/16785/208643/20102/67281/19981/67891/11837/100043813/52830/20090/19944/68052/20116/19982/20104/67097/100502825/22121/19943/20084/100503670/75617/67025/66480/19942/229512/192170/19988/20115/76846/54127/66441/20005/57294","6187/6130/6128/6228/6146/3921/6159/6129/6171/116832/6133/6218/6231/6230/6136/6224/6144/23521/6232/51121/6124/9045/6158/10921/6189/6122/6233/6201/6170/65110/6173/6235/6210/6204/9939/6234/55629/6205/6137/6141/22916","R-HSA-975957","R-MMU-975957","Nonsense Mediated Decay (NMD) enhanced by the Exon Junction Complex (EJC)","Nonsense Mediated Decay (NMD) enhanced by the Exon Junction Complex (EJC)",6.52284193057206,1.79471557767836,TRUE,TRUE,0.50936746843122,0.50936746843122,"shared positive"
"human_vs_mouse_KD_Reactome","human KD vs control vs mouse KD vs control","Reactome","Nonsense-Mediated Decay (NMD)","Nonsense-Mediated Decay (NMD)","either",0.05,"shared positive",0.50936746843122,0.50936746843122,1.68465972251526,2.19402719094648,0.0160429571056766,3.00025431777445e-07,"27207/27050/27370/20091/68028/18458/26961/20085/67427/20103/27367/19934/16898/268449/68092/76808/270106/67031/56040/14852/67115/269261/16785/208643/20102/67281/19981/67891/11837/100043813/52830/20090/19944/68052/20116/19982/20104/67097/100502825/22121/19943/20084/100503670/75617/67025/66480/19942/229512/192170/19988/20115/76846/54127/66441/20005/57294","6187/6130/6128/6228/6146/3921/6159/6129/6171/116832/6133/6218/6231/6230/6136/6224/6144/23521/6232/51121/6124/9045/6158/10921/6189/6122/6233/6201/6170/65110/6173/6235/6210/6204/9939/6234/55629/6205/6137/6141/22916","R-HSA-927802","R-MMU-927802","Nonsense-Mediated Decay (NMD)","Nonsense-Mediated Decay (NMD)",6.52284193057206,1.79471557767836,TRUE,TRUE,0.50936746843122,0.50936746843122,"shared positive"
"human_vs_mouse_KD_Reactome","human KD vs control vs mouse KD vs control","Reactome","Collagen biosynthesis and modifying enzymes","Collagen biosynthesis and modifying enzymes","either",0.05,"shared positive",-0.49636490613953,0.49636490613953,1.93894623571067,1.44258132957114,0.00545034000170317,0.0780253288939984,"12843/14789/12826/12833/12834/56693/107581/18542/12832/12825/12827/234407/210530/216725/12816/18822","1282/1294/1284/1301/1293/1292/1291/1288/1306/85301/1287/80781/1299/1295","R-HSA-1650814","R-MMU-1650814","Collagen biosynthesis and modifying enzymes","Collagen biosynthesis and modifying enzymes",1.10776439201159,2.26357640483203,FALSE,TRUE,-0.49636490613953,0.49636490613953,"shared positive"
"human_vs_mouse_KD_Reactome","human KD vs control vs mouse KD vs control","Reactome","Collagen chain trimerization","Collagen chain trimerization","either",0.05,"shared positive",0.48914603647813,0.48914603647813,1.19868271722678,1.68782875370491,0.629621552010635,0.0185245091749325,"12833/12834/107581/12832/12825/12816/12837","1282/1294/1284/1301/1293/1292/1291/1288/1306/85301/1287/80781/1299/1295","R-HSA-8948216","R-MMU-8948216","Collagen chain trimerization","Collagen chain trimerization",1.7322532902551,0.200920414449666,TRUE,FALSE,0.48914603647813,0.48914603647813,"shared positive"
"human_vs_mouse_KD_Reactome","human KD vs control vs mouse KD vs control","Reactome","NCAM1 interactions","NCAM1 interactions","either",0.05,"shared positive",-0.48041162544245,0.48041162544245,1.8564007146857,1.37598908924325,0.0231770015780794,0.188533857038492,"12826/12833/12834/12832/12825/12827","1282/1284/1293/1292/1291/375790/8912/1287/1299","R-HSA-419037","R-MMU-419037","NCAM1 interactions","NCAM1 interactions",0.724610647555583,1.63494274966336,FALSE,TRUE,-0.48041162544245,0.48041162544245,"shared positive"
"human_vs_mouse_KD_Reactome","human KD vs control vs mouse KD vs control","Reactome","rRNA processing","rRNA processing","either",0.05,"shared positive",0.47403628818337,0.47403628818337,1.84266637777755,2.31670266596092,0.000253224367426817,1.17833333333333e-08,"27207/213773/12181/27050/27370/20091/68028/57315/225348/26961/20085/67427/20103/57750/72515/27367/19934/16898/73674/53414/268449/76808/229504/59028/270106/67134/56040/67115/269261/27966/66138/16785/20102/67281/19981/67891/216156/215193/11837/100043813/20090/19944/17975/56200/68052/269470/20116/102462/19982/20104/67097/100502825/208366/74778/22121/74035/75273/19943/110816/66249/20084/100503670/56095/75617/67025/24128/104662/30877/66480/208144/104318/19942/55989/19988/20115/76846/54127/14791/20005/57294/100608/110954/67053/57316/19989/76130/230082/67941/67248/64934","6187/6130/6128/6228/6146/3921/6159/6129/6171/29960/116832/6133/51504/114049/6218/6231/6230/6136/6224/81554/25926/27341/54913/6144/51335/81875/23521/6232/79707/51121/6124/285367/9045/6158/55720/60528/6189/11102/26995/6122/9692/1736/6233/6201/6170/10813/22868/6173/6235/6210/88745/51077/26354/6204/55127/10200/28987/10438/84946/6234/55623/115939/55505/6205/92856/6137/6141/79050/9790/79922/9277/27042/6139/1454/6142/130916/10969/10528/55178/11056/51388/65083/6138/55226/6191/6194/9188/79159/22984/10799/10199","R-HSA-72312","R-MMU-72312","rRNA processing","rRNA processing",7.92873183658675,3.59649450509302,TRUE,TRUE,0.47403628818337,0.47403628818337,"shared positive"
"human_vs_mouse_KD_Reactome","human KD vs control vs mouse KD vs control","Reactome","Metabolism of amino acids and derivatives","Metabolism of amino acids and derivatives","either",0.05,"shared positive",-0.47023603840906,0.47023603840906,1.62226986422942,1.15203382582036,0.0160976196444126,0.278225286875969,"107869/20539/108682/56454/100678/12041/192166/26943/66811/110695/18263/26444/14874/14661/76238/12035/17254/11898/66885/236539/27053/107272/14431/228608/59029/13171/20810/93747/78038","6187/6130/6128/6228/6146/3921/6159/6129/6171/116832/6133/6611/6218/586/6231/6230/6136/6224/6144/23521/6232/51121/6124/9060/9045/57407/4548/5831/57494/8140/6158/3712/6189/125061/58478/6122/144193/79048/10157/2653/6233/6201/6170/23408/6173/6235/55526/875/6210/56267/29920","R-HSA-71291","R-MMU-71291","Metabolism of amino acids and derivatives","Metabolism of amino acids and derivatives",0.555603401117415,1.79323833836101,FALSE,TRUE,-0.47023603840906,0.47023603840906,"shared positive"
"human_vs_mouse_KD_Reactome","human KD vs control vs mouse KD vs control","Reactome","Golgi-to-ER retrograde transport","Golgi-to-ER retrograde transport","either",0.05,"shared negative",-0.45192947062352,0.45192947062352,-1.23958680520519,-1.69151627582871,0.362048372648552,0.00245307507811977,"66676/26951/26934/16569/56334/19346/226407/70349/16561/76895/228421/16571/16572/53598/16573/100502766/107338/16551/98732/11842/229841/110033/68097/59288/19324/108123/16580/19348/240641/16554/16564/70218/17957","5048/5861/372/89953/3796/55860/3797/23046/10540/1315/23299/11127/55614/10121/80086/830/51226/26958/10749/10382/22931/23095/9276/347688/381/1314/832/147700/22920/5321/8398/285643/55605/7277","R-HSA-8856688","R-MMU-8856688","Golgi-to-ER retrograde transport","Golgi-to-ER retrograde transport",-2.61028915969653,-0.441233400265565,TRUE,FALSE,-0.45192947062352,0.45192947062352,"shared negative"
"human_vs_mouse_KD_Reactome","human KD vs control vs mouse KD vs control","Reactome","Ribosome-associated quality control","Ribosome-associated quality control","either",0.05,"shared positive",-0.45049944584849,0.45049944584849,1.98297419952164,1.53247475367315,6.9895883189116e-05,0.0253056946306909,"27207/26444/27050/27370/20091/66855/68028/26961/20085/67427/20103/59029/27367/19934/16898/268449/75452/76808/270106/216080/56040/67115/269261/16785/20102/67281/19181/77987/19981/67891/11837/67673/100043813/20090/19944/68052/20116/19982/20104/19167/67097/100502825/71745/19173/22121/67089/19943/20084/100503670/75617/67025/17463/66480/56550/66105/19942/22123/19988/20115/76846/54127/20005/26441/57294/19170/70247/78294/213753/110954/19989","6187/6130/6128/6228/6146/3921/6159/6129/6171/116832/6133/6218/6231/6230/6136/6224/6144/23521/6232/51121/6124/9045/6158/6189/6122/6233/6201/6170/6173/6235/6210/6204/6921/6234","R-HSA-9948299","R-MMU-9948299","Ribosome-associated quality control","Ribosome-associated quality control",1.59678173699042,4.15554840309412,TRUE,TRUE,-0.45049944584849,0.45049944584849,"shared positive"
"human_vs_mouse_KD_Reactome","human KD vs control vs mouse KD vs control","Reactome","PKMTs methylate histone lysines","PKMTs methylate histone lysines","either",0.05,"shared negative",-0.43483306489343,0.43483306489343,-1.33285798877483,-1.76769105366826,0.356479690522244,0.00919145504794795,"54343/140858/233904/75410/235626/213464/14056/14013/208266/213389/69726/192195/234135","29072/8294/5928/64324/8359/6839/5929/8355/8726/333932/64754/8362/4297/8368/8363/55870/8085/79918/653604/9869/84661/4791/4790/5931/121536/23512/10919","R-HSA-3214841","R-MMU-3214841","PKMTs methylate histone lysines","PKMTs methylate histone lysines",-2.03661573243606,-0.447965207874868,TRUE,FALSE,-0.43483306489343,0.43483306489343,"shared negative"
"human_vs_mouse_KD_Reactome","human KD vs control vs mouse KD vs control","Reactome","Ribosome Quality Control (RQC) complex extracts and degrades nascent peptide","Ribosome Quality Control (RQC) complex extracts and degrades nascent peptide","either",0.05,"shared positive",-0.430595705779,0.430595705779,1.67881900263818,1.24822329685918,0.0222800064908169,0.252289026597967,"26444/66855/68028/26961/59029/27367/19934/268449/76808/270106/216080/56040/67115/269261/67281/19181/19981/67891/11837/67673/19944/19982/19167/100502825/71745/19173/22121/67089/19943/100503670/67025/17463/66480/56550/19942/22123/19988/20005/26441/19170/70247/78294/110954/19989","6130/6128/6146/6159/6129/6171/116832/6133/6136/6144/23521/51121/6124/9045/6158/6122/6233/6170","R-HSA-9954709","R-MMU-9954709","Ribosome Quality Control (RQC) complex extracts and degrades nascent peptide","Ribosome Quality Control (RQC) complex extracts and degrades nascent peptide",0.59810163886646,1.65208468697562,FALSE,TRUE,-0.430595705779,0.430595705779,"shared positive"
"human_vs_mouse_KD_Reactome","human KD vs control vs mouse KD vs control","Reactome","Aerobic respiration and respiratory electron transport","Aerobic respiration and respiratory electron transport","either",0.05,"shared positive",0.42881095713057,0.42881095713057,1.08517288038758,1.51398383751815,0.654733424470267,0.00739827768265096,"228026/20917/68015/14194/11739/319518/14874/67863/76425/67942/16828/11951/52469/380840/67273/66218/12862/17436/110842/235339/15929/110446/269951/66459/18597/22333/22273/107029/109801/225887/72900/67680/67130/66416/70316/18004/75406/74125/108755/66445/67388/236900/76826/75530/231430/68349/67126/66771/110826/67899/229211/68194/20930/22228/210582/17448/20916/66706/66377/20463/72795/66091/78294/66272/17991/28080/68002/17995/67044/100900/50799/66343/208501/11949/56451/67003/14718/226139/76916/67184/68342/98314/66142/68267","4514/4513/4538/4508/4512/4535/4519/4540/5018/2739/55744/54205/513/4698/55101/4710/3945/51300/1349/4537/539/4694/57226/7388/1345/9556/4725/25994/90639/27089/514/4711/4536/1347/284184/6341/1337/6233/126328/8801/57128/81689/55863/90624/29090/51204/90871/1353/4509/9551/4717/7416","R-HSA-1428517","R-MMU-1428517","Aerobic respiration and respiratory electron transport","Aerobic respiration and respiratory electron transport",2.13086937215825,0.183935487560568,TRUE,FALSE,0.42881095713057,0.42881095713057,"shared positive"
"human_vs_mouse_KD_Reactome","human KD vs control vs mouse KD vs control","Reactome","Interleukin-3, Interleukin-5 and GM-CSF signaling","Interleukin-3, Interleukin-5 and GM-CSF signaling","either",0.05,"shared negative",-0.42633013436892,0.42633013436892,-1.30896418979105,-1.73529432415997,0.446338933137006,0.0183898849599833,"12928/22190/16332/17096/74769/18710/12929","5291/3561/3716/2889/2534/1439/29760/5777/3718/1398/6776/5295/3717/5290","R-HSA-512988","R-MMU-512988","Interleukin-3, Interleukin-5 and GM-CSF signaling","Interleukin-3, Interleukin-5 and GM-CSF signaling",-1.73542098753195,-0.350335228980442,TRUE,FALSE,-0.42633013436892,0.42633013436892,"shared negative"
"human_vs_mouse_KD_Reactome","human KD vs control vs mouse KD vs control","Reactome","Iron uptake and transport","Iron uptake and transport","either",0.05,"shared negative",-0.41291968104822,0.41291968104822,-1.63188061746207,-2.04480029851029,0.0569350947502887,0.000520876811349365,"21871/11975/22186/94178/11974/68428/108664/71902/18002/66144/22190/11984/11973/114143/226844/11966/11964/66335/73834/11972","9550/9296/26234/57192/9114/3162/8454/537/23545/50617/535/533/51606/528/10539/4891/1356/523/10312","R-HSA-917937","R-MMU-917937","Iron uptake and transport","Iron uptake and transport",-3.28326497627277,-1.24461995226895,TRUE,FALSE,-0.41291968104822,0.41291968104822,"shared negative"
"human_vs_mouse_KD_Reactome","human KD vs control vs mouse KD vs control","Reactome","Ribosomal scanning and start codon recognition","Ribosomal scanning and start codon recognition","either",0.05,"shared positive",-0.41152031178718,0.41152031178718,1.9539634720197,1.54244316023252,0.00363018354294996,0.0381718861595643,"27207/27979/27050/27370/54709/20091/13681/20085/67427/20103/16898/73830/16341/16785/208643/20102/100043813/55944/20090/68052/20116/66085/20104/67097/20084/98221/75617/75705/53356/22384/20115/76846/54127/57294/67204","6187/6228/3921/6218/6231/6230/6224/6232/8665/6189/6233/6201/6235/6210/1983/6204/1968/6234/6205/7458/1964/8666","R-HSA-72702","R-MMU-72702","Ribosomal scanning and start codon recognition","Ribosomal scanning and start codon recognition",1.41825638004429,2.44007141637568,TRUE,TRUE,-0.41152031178718,0.41152031178718,"shared positive"
"human_vs_mouse_KD_Reactome","human KD vs control vs mouse KD vs control","Reactome","rRNA processing in the nucleus and cytosol","rRNA processing in the nucleus and cytosol","either",0.05,"shared positive",0.39959159264428,0.39959159264428,1.84266637777755,2.24225797042183,0.000253224367426817,1.17833333333333e-08,"27207/213773/12181/27050/27370/20091/68028/57315/225348/26961/20085/67427/20103/57750/72515/27367/19934/16898/73674/53414/268449/76808/229504/59028/270106/67134/56040/67115/269261/27966/66138/16785/20102/67281/19981/67891/216156/215193/11837/100043813/20090/19944/17975/56200/68052/269470/20116/102462/19982/20104/67097/100502825/208366/74778/22121/74035/75273/19943/110816/66249/20084/100503670/56095/75617/67025/24128/104662/30877/66480/208144/104318/19942/55989/19988/20115/76846/54127/14791/20005/57294/100608/110954/67053/57316/19989/76130/230082/67941/67248/64934","6187/6130/6128/6228/6146/3921/6159/6129/6171/116832/6133/51504/114049/6218/6231/6230/6136/6224/25926/27341/54913/6144/81875/23521/6232/79707/51121/6124/9045/6158/55720/6189/11102/6122/1736/6233/6201/6170/10813/6173/6235/6210/88745/51077/26354/6204/55127/10200/28987/10438/84946/6234/55623/115939/55505/6205/92856/6137/6141/79050/9790/9277/27042/6139/1454/6142/10969/10528/11056/51388/65083/6138/55226/6191/6194/9188/79159/22984/10799/10199","R-HSA-8868773","R-MMU-8868773","rRNA processing in the nucleus and cytosol","rRNA processing in the nucleus and cytosol",7.92873183658675,3.59649450509302,TRUE,TRUE,0.39959159264428,0.39959159264428,"shared positive"
"human_vs_mouse_KD_Reactome","human KD vs control vs mouse KD vs control","Reactome","Formation of the ternary complex, and subsequently, the 43S complex","Formation of the ternary complex, and subsequently, the 43S complex","either",0.05,"shared positive",-0.39591750591635,0.39591750591635,1.98505539277577,1.58913788685942,0.00185398964331947,0.0396183707270488,"27207/27979/27050/27370/54709/20091/20085/67427/20103/16898/73830/16341/16785/20102/100043813/55944/20090/68052/20116/66085/20104/67097/20084/98221/75617/53356/20115/76846/54127/57294/67204","6187/6228/3921/6218/6231/6230/6224/6232/8665/6189/6233/6201/6235/6210/6204/1968/6234","R-HSA-72695","R-MMU-72695","Formation of the ternary complex, and subsequently, the 43S complex","Formation of the ternary complex, and subsequently, the 43S complex",1.40210338843406,2.73189269622268,TRUE,TRUE,-0.39591750591635,0.39591750591635,"shared positive"
"human_vs_mouse_KD_Reactome","human KD vs control vs mouse KD vs control","Reactome","Regulation of Insulin-like Growth Factor (IGF) transport and uptake by Insulin-like Growth Factor Binding Proteins (IGFBPs)","Regulation of Insulin-like Growth Factor (IGF) transport and uptake by Insulin-like Growth Factor Binding Proteins (IGFBPs)","either",0.05,"shared positive",-0.37260631230362,0.37260631230362,1.97263048669993,1.60002417439631,0.000620527189247212,0.0139438179431914,"29817/12870/74761/12266/20750/16010/71898/14118/56453/19672/66940/14314/21923/21857/16009/20856/223672/208659/22393/268977/15529/382014/14268/18491/12977/20254","3481/8614/10618/3371/3486/7076/3895/1471/51280/4312/3488/3912/11098/5589/84141/51246/2621/56975/5069/2519/11167/3485/3913/4240/10970/3915/10272/1114/7425","R-HSA-381426","R-MMU-381426","Regulation of Insulin-like Growth Factor (IGF) transport and uptake by Insulin-like Growth Factor Binding Proteins (IGFBPs)","Regulation of Insulin-like Growth Factor (IGF) transport and uptake by Insulin-like Growth Factor Binding Proteins (IGFBPs)",1.85561829620669,3.20723918454183,TRUE,TRUE,-0.37260631230362,0.37260631230362,"shared positive"
"human_vs_mouse_KD_Reactome","human KD vs control vs mouse KD vs control","Reactome","Major pathway of rRNA processing in the nucleolus and cytosol","Major pathway of rRNA processing in the nucleolus and cytosol","either",0.05,"shared positive",0.35657822287249,0.35657822287249,1.84266637777755,2.19924460065004,0.000253224367426817,1.17833333333333e-08,"27207/213773/12181/27050/27370/20091/68028/57315/225348/26961/20085/67427/20103/57750/72515/27367/19934/16898/73674/53414/268449/76808/229504/59028/270106/67134/56040/67115/269261/27966/66138/16785/20102/67281/19981/67891/216156/215193/11837/100043813/20090/19944/17975/56200/68052/269470/20116/102462/19982/20104/67097/100502825/208366/74778/22121/74035/75273/19943/110816/66249/20084/100503670/56095/75617/67025/24128/104662/30877/66480/208144/104318/19942/55989/19988/20115/76846/54127/14791/20005/57294/100608/110954/67053/57316/19989/76130/230082/67941/67248/64934","6187/6130/6128/6228/6146/3921/6159/6129/6171/116832/6133/114049/6218/6231/6230/6136/6224/25926/27341/54913/6144/81875/23521/6232/79707/51121/6124/9045/6158/55720/6189/11102/6122/6233/6201/6170/10813/6173/6235/6210/88745/51077/26354/6204/55127/10200/28987/10438/84946/6234/6205/92856/6137/6141/79050/9790/9277/27042/6139/1454/6142/10969/10528/11056/51388/65083/6138/6191/6194/9188/79159/22984/10799/10199","R-HSA-6791226","R-MMU-6791226","Major pathway of rRNA processing in the nucleolus and cytosol","Major pathway of rRNA processing in the nucleolus and cytosol",7.92873183658675,3.59649450509302,TRUE,TRUE,0.35657822287249,0.35657822287249,"shared positive"
"human_vs_mouse_KD_Reactome","human KD vs control vs mouse KD vs control","Reactome","MHC class II antigen presentation","MHC class II antigen presentation","either",0.05,"shared negative",-0.35305577369505,0.35305577369505,-1.28002152025492,-1.63307729394997,0.37087611972908,0.00349193955351279,"74764/226977/13424/11772/108012/71819/13032/26934/16569/77371/228421/16571/16572/53598/16573/16551/11765/229841/110033/68097/12330/59288/19141/19349/19348/13030/67300/16768/13033/65972","89953/3796/5476/55860/1211/10427/3797/10540/164/11127/7879/10121/80086/830/10120/22872/161/10382/347688/3127/1759/832/147700/22920/1174/1213/285643/7277","R-HSA-2132295","R-MMU-2132295","MHC class II antigen presentation","MHC class II antigen presentation",-2.45693328266494,-0.43077112947476,TRUE,FALSE,-0.35305577369505,0.35305577369505,"shared negative"
"human_vs_mouse_KD_Reactome","human KD vs control vs mouse KD vs control","Reactome","ROS and RNS production in phagocytes","ROS and RNS production in phagocytes","either",0.05,"shared negative",0.35136697165132,0.35136697165132,-2.18448453964609,-1.83311756799477,0.000629127851932323,0.00766973180983054,"21871/11975/17969/74096/11974/108664/66144/11984/11973/114143/11966/11964/66335/73834/11972","9550/9296/4689/9114/23545/50617/535/533/51606/528/523/10312","R-HSA-1222556","R-MMU-1222556","ROS and RNS production in phagocytes","ROS and RNS production in phagocytes",-2.11521982191113,-3.20126108786734,TRUE,TRUE,0.35136697165132,0.35136697165132,"shared negative"
"human_vs_mouse_KD_Reactome","human KD vs control vs mouse KD vs control","Reactome","HS-GAG degradation","HS-GAG degradation","either",0.05,"shared positive",-0.3463048934068,0.3463048934068,1.83977573331426,1.49347083990746,0.0330584230156803,0.13310094161158,"11603/52120/15529/27029/14733/13039/27419/15442/15931/23888","375790/1514/138050/9672/2239/10082/3423/3425/10855","R-HSA-2024096","R-MMU-2024096","HS-GAG degradation","HS-GAG degradation",0.875818872134139,1.48071786739866,FALSE,TRUE,-0.3463048934068,0.3463048934068,"shared positive"
"human_vs_mouse_KD_Reactome","human KD vs control vs mouse KD vs control","Reactome","COPI-dependent Golgi-to-ER retrograde traffic","COPI-dependent Golgi-to-ER retrograde traffic","either",0.05,"shared negative",-0.30475081244382,0.30475081244382,-1.2405644271686,-1.54531523961242,0.435019986350785,0.0269486417896737,"66676/26951/26934/16569/56334/70349/16561/228421/16571/16572/16573/100502766/107338/16551/11842/229841/110033/19324/108123/16580/19348/240641/16554/16564/70218/17957","11127/55614/80086/51226/26958/10749/10382/23095/9276/347688/381/1314/147700/22920/285643/55605/7277","R-HSA-6811434","R-MMU-6811434","COPI-dependent Golgi-to-ER retrograde traffic","COPI-dependent Golgi-to-ER retrograde traffic",-1.5694631183479,-0.361490789568438,TRUE,FALSE,-0.30475081244382,0.30475081244382,"shared negative"
"human_vs_mouse_KD_Reactome","human KD vs control vs mouse KD vs control","Reactome","Basigin interactions","Basigin interactions","either",0.05,"shared positive",0.27054444596254,0.27054444596254,1.56863543352984,1.83917987949238,0.262379418963218,0.00923154879437894,"26570/20539/66053/17254/16403/268373","5478/3897/4312/682/9123/23428/3675/8140/23657/481","R-HSA-210991","R-MMU-210991","Basigin interactions","Basigin interactions",2.03472543045569,0.581070234011524,TRUE,FALSE,0.27054444596254,0.27054444596254,"shared positive"
"human_vs_mouse_KD_Reactome","human KD vs control vs mouse KD vs control","Reactome","Signaling by Insulin receptor","Signaling by Insulin receptor","either",0.05,"shared negative",-0.2480794159877,0.2480794159877,-1.87691243437132,-2.12499185035902,0.00545034000170317,0.000177255167602357,"18607/14171/11984/19246/11973/114143/14388/74769/384783/16367/11966/11964/66335/13033/73834/11972","9550/9296/3265/2255/9114/2260/537/23545/50617/535/533/5295/51606/528/5290/3416/2263/5595/5140/523/10312/2252","R-HSA-74752","R-MMU-74752","Signaling by Insulin receptor","Signaling by Insulin receptor",-3.75140109477128,-2.26357640483203,TRUE,TRUE,-0.2480794159877,0.2480794159877,"shared negative"
"human_vs_mouse_KD_Reactome","human KD vs control vs mouse KD vs control","Reactome","Integrin cell surface interactions","Integrin cell surface interactions","either",0.05,"shared positive",-0.24784736708515,0.24784736708515,2.00226904080482,1.75442167371967,0.00209237134542873,0.0029247906464467,"20750/12826/14118/12833/16423/12834/21923/107581/241226/12832/12825/12827/16419/16403/14268","1282/1294/1284/1293/3371/1292/83700/1291/375790/1288/682/3676/3696/3675/22801/7057/1287/960/80781/1299/1295","R-HSA-216083","R-MMU-216083","Integrin cell surface interactions","Integrin cell surface interactions",2.53390521482861,2.67936123617251,TRUE,TRUE,-0.24784736708515,0.24784736708515,"shared positive"
"human_vs_mouse_KD_Reactome","human KD vs control vs mouse KD vs control","Reactome","Cell surface interactions at the vascular wall","Cell surface interactions at the vascular wall","either",0.05,"shared positive",0.24323747549434,0.24323747549434,1.36103865608893,1.60427613158327,0.333597883597884,0.00999942458720343,"26570/20539/16423/66053/17254/21824/16403/14268/20340/268373/15461/20416/19128/18706/20779/11600/50915/18709/16818/14360/16416/80879/26365/18803","5478/8795/8793/3897/4267/83700/4312/682/7040/3676/140885/2995/9672/9123/23428/3675/960/8140/10544/83692/2621","R-HSA-202733","R-MMU-202733","Cell surface interactions at the vascular wall","Cell surface interactions at the vascular wall",2.00002499057924,0.476776713264143,TRUE,FALSE,0.24323747549434,0.24323747549434,"shared positive"
"human_vs_mouse_KD_Reactome","human KD vs control vs mouse KD vs control","Reactome","Nonsense Mediated Decay (NMD) independent of the Exon Junction Complex (EJC)","Nonsense Mediated Decay (NMD) independent of the Exon Junction Complex (EJC)","either",0.05,"shared positive",0.24151418471764,0.24151418471764,2.08946682607426,2.3309810107919,8.84385490713248e-05,1.04609308489304e-07,"27207/27050/27370/20091/68028/18458/26961/20085/67427/20103/27367/19934/16898/268449/68092/76808/270106/56040/14852/67115/269261/16785/208643/20102/67281/19981/67891/11837/100043813/20090/19944/68052/20116/19982/20104/67097/100502825/22121/19943/20084/100503670/75617/67025/66480/19942/19988/20115/76846/54127/20005/57294","6187/6130/6128/6228/6146/3921/6159/6129/6171/116832/6133/6218/6231/6230/6136/6224/6144/23521/6232/51121/6124/9045/6158/6189/6122/6233/6201/6170/6173/6235/6210/6204/6234/6205/6137/6141/22916","R-HSA-975956","R-MMU-975956","Nonsense Mediated Decay (NMD) independent of the Exon Junction Complex (EJC)","Nonsense Mediated Decay (NMD) independent of the Exon Junction Complex (EJC)",6.98042966876061,4.05335839109882,TRUE,TRUE,0.24151418471764,0.24151418471764,"shared positive"
"human_vs_mouse_KD_Reactome","human KD vs control vs mouse KD vs control","Reactome","Ion channel transport","Ion channel transport","either",0.05,"shared negative",-0.24130887183073,0.24130887183073,-1.57719516587239,-1.81850403770312,0.04790827197662,0.000198304970810257,"101772/56407/12723/26373/21871/11975/22186/50770/94178/11974/246788/14605/108664/66144/252972/11979/22063/22190/22368/105722/11977/11984/11973/114143/14628/13830/212989/11931/11966/12724/11964/66335/73834/11972/12728","23200/801/490/57101/11035/480/84239/53373/11059/57194/476/80036/53822/6446/65266/54822/65125/6261/9550/818/9296/41/57192/483/9114/488/487/79895/9914/7226/1180/57578/537/23545/492/817/50617/535/1184/538/533/51606/528/26133/94015/285175/374868/523/10312","R-HSA-983712","R-MMU-983712","Ion channel transport","Ion channel transport",-3.70266639941846,-1.31958949360758,TRUE,TRUE,-0.24130887183073,0.24130887183073,"shared negative"
"human_vs_mouse_KD_Reactome","human KD vs control vs mouse KD vs control","Reactome","Transferrin endocytosis and recycling","Transferrin endocytosis and recycling","either",0.05,"shared negative",-0.22379542741905,0.22379542741905,-2.06916644858182,-2.29296187600087,0.00353840220398715,6.65695629871699e-05,"21871/11975/94178/11974/68428/108664/66144/11984/11973/114143/11966/11964/66335/73834/11972","9550/9296/57192/9114/537/23545/50617/535/533/51606/528/523/10312","R-HSA-917977","R-MMU-917977","Transferrin endocytosis and recycling","Transferrin endocytosis and recycling",-4.17672429407557,-2.45119280312659,TRUE,TRUE,-0.22379542741905,0.22379542741905,"shared negative"
"human_vs_mouse_KD_Reactome","human KD vs control vs mouse KD vs control","Reactome","L13a-mediated translational silencing of Ceruloplasmin expression","L13a-mediated translational silencing of Ceruloplasmin expression","either",0.05,"shared positive",-0.21421484866525,0.21421484866525,2.23374854729427,2.01953369862902,1.8706741154016e-06,3.67140575306773e-05,"27207/27979/27050/27370/54709/20091/13681/68028/18458/26961/20085/67427/20103/27367/19934/16898/73830/268449/76808/16341/270106/56040/67115/269261/16785/208643/20102/67281/19981/67891/11837/100043813/55944/20090/19944/68052/20116/66085/19982/20104/67097/100502825/22121/19943/20084/100503670/98221/75617/67025/66480/75705/19942/53356/22384/19988/20115/76846/54127/20005/57294/67204/110954/19989","6187/6130/6128/6228/6146/3921/6159/6129/6171/116832/6133/6218/6231/6230/6136/6224/6144/23521/6232/51121/6124/9045/8665/6158/6189/6122/6233/6201/6170/6173/6235/6210/6204/1968/6234/6205/6137/6141/7458/6139/1964/8666","R-HSA-156827","R-MMU-156827","L13a-mediated translational silencing of Ceruloplasmin expression","L13a-mediated translational silencing of Ceruloplasmin expression",4.43516761588269,5.72800186306646,TRUE,TRUE,-0.21421484866525,0.21421484866525,"shared positive"
"human_vs_mouse_KD_Reactome","human KD vs control vs mouse KD vs control","Reactome","Non-integrin membrane-ECM interactions","Non-integrin membrane-ECM interactions","either",0.05,"shared positive",-0.20753925914774,0.20753925914774,1.72095654146035,1.51341728231261,0.0431886103455045,0.0468130669915943,"11475/16775/12826/11603/12832/12825/12827/16419/13528/15529/16403/14268/18214/11461/24052/53867/12814/11465/16416/94216/14173/12831/21803/20392","1282/1284/1301/3371/375790/1288/7040/3912/3910/9672/5578/8910/7057/1287/284217/3911/6443/1821/6641/3913/3914/1289/3915/8082/5154/2247/3673/3688/1277/1837","R-HSA-3000171","R-MMU-3000171","Non-integrin membrane-ECM interactions","Non-integrin membrane-ECM interactions",1.32963290482659,1.36463076976562,TRUE,TRUE,-0.20753925914774,0.20753925914774,"shared positive"
"human_vs_mouse_KD_Reactome","human KD vs control vs mouse KD vs control","Reactome","Formation of a pool of free 40S subunits","Formation of a pool of free 40S subunits","either",0.05,"shared positive",-0.19459254628778,0.19459254628778,2.29461817552681,2.10002562923903,1.68820583081066e-06,1.54673673823139e-05,"27207/27979/27050/27370/54709/20091/68028/26961/20085/67427/20103/27367/19934/16898/73830/268449/76808/16341/270106/56040/67115/269261/16785/20102/67281/19981/67891/11837/100043813/55944/20090/19944/68052/20116/66085/19982/20104/67097/100502825/22121/19943/20084/100503670/98221/75617/67025/66480/19942/53356/19988/20115/76846/54127/20005/57294","6187/6130/6128/6228/6146/3921/6159/6129/6171/116832/6133/6218/6231/6230/6136/6224/6144/23521/6232/51121/6124/9045/8665/6158/6189/6122/6233/6201/6170/6173/6235/6210","R-HSA-72689","R-MMU-72689","Formation of a pool of free 40S subunits","Formation of a pool of free 40S subunits",4.81058359894631,5.7725746040755,TRUE,TRUE,-0.19459254628778,0.19459254628778,"shared positive"
"human_vs_mouse_KD_Reactome","human KD vs control vs mouse KD vs control","Reactome","Metabolism of nucleotides","Metabolism of nucleotides","either",0.05,"shared positive",-0.19353872128116,0.19353872128116,1.86286026157614,1.66932154029498,0.00353840220398715,0.00977859831473887,"22436/20135/11566/56520/320685/14782/23918/15452/229949/108147/12499/14923/11639/55936/50773/22166/69719/66588/382985/27369/50493/53893/381101/22271/76952/22171/14450/80914/68556/23959/67054/109674/11717/12497/75894/103850/231327/93692/237823/11534/51797/54369/75686/11821/56749/23917/11486/66355/74167/21877/105446/110074","955/6241/1854/7378/4833/1635/131870/4907/2987/1806/9583/11164/4521/204/2618/55270/1841/205/4830/8226/7083/1716/7295/4831/353/51292/953/2936/7298/54963/83549/51251","R-HSA-15869","R-MMU-15869","Metabolism of nucleotides","Metabolism of nucleotides",2.00972339345386,2.45119280312659,TRUE,TRUE,-0.19353872128116,0.19353872128116,"shared positive"
"human_vs_mouse_KD_Reactome","human KD vs control vs mouse KD vs control","Reactome","Intra-Golgi and retrograde Golgi-to-ER traffic","Intra-Golgi and retrograde Golgi-to-ER traffic","either",0.05,"shared negative",-0.19334412074579,0.19334412074579,-1.19516049203149,-1.38850461277728,0.371965428748414,0.0401245452105103,"66676/26951/26934/16569/56334/19346/226407/70349/22365/16561/76895/228421/16571/16572/53598/56382/16573/100502766/107338/16551/98732/11842/229841/110033/68097/59288/19324/108123/16580/19348/56418/240641/67474/16554/16564/70218/54214/17957/22134/16004","5048/5861/7110/372/89953/3796/91949/55860/3797/57511/4121/23647/23046/10540/25839/6293/60560/6811/1315/23299/400/11127/9382/55614/10121/4122/80086/830/51226/26958/10749/10382/22931/23095/9276/347688/381/1314/57134/832/147700/22920/5321/9367/8398/285643/55605/7277","R-HSA-6811442","R-MMU-6811442","Intra-Golgi and retrograde Golgi-to-ER traffic","Intra-Golgi and retrograde Golgi-to-ER traffic",-1.39658987704651,-0.429497422487715,TRUE,FALSE,-0.19334412074579,0.19334412074579,"shared negative"
"human_vs_mouse_KD_Reactome","human KD vs control vs mouse KD vs control","Reactome","PELO:HBS1L and ABCE1 dissociate a ribosome on a non-stop mRNA","PELO:HBS1L and ABCE1 dissociate a ribosome on a non-stop mRNA","either",0.05,"shared positive",0.17426441291665,0.17426441291665,2.18363062788743,2.35789504080408,3.61302941783365e-05,4.52713807957328e-08,"27207/27050/27370/20091/68028/26961/20085/67427/20103/27367/19934/16898/268449/76808/270106/56040/67115/269261/16785/20102/67281/19981/67891/11837/100043813/20090/19944/68052/20116/19982/20104/67097/100502825/22121/19943/20084/100503670/75617/67025/66480/19942/19988/20115/76846/54127/20005/57294/110954/19989","6187/6130/6128/6228/6146/3921/6159/6129/6171/116832/6133/6218/6231/6230/6136/6224/6144/23521/6232/51121/6124/9045/6158/6189/6122/6233/6201/6170/6173/6235/6210/6204/6234/6205/6137/6141","R-HSA-9954714","R-MMU-9954714","PELO:HBS1L and ABCE1 dissociate a ribosome on a non-stop mRNA","PELO:HBS1L and ABCE1 dissociate a ribosome on a non-stop mRNA",7.34417625914243,4.44212850232602,TRUE,TRUE,0.17426441291665,0.17426441291665,"shared positive"
"human_vs_mouse_KD_Reactome","human KD vs control vs mouse KD vs control","Reactome","Signaling by NOTCH1","Signaling by NOTCH1","either",0.05,"shared negative",-0.15210304402016,0.15210304402016,-1.37042162413693,-1.52252466815709,0.416235287707062,0.0388209801268119,"22190/74198/433586/333639/16450/207521","102/6907/51107/55294/6868/7088/8841/408/8454/9611/8788/1024/2648/9978/10014/9759/23220/2033/55851/8850/3516","R-HSA-1980143","R-MMU-1980143","Signaling by NOTCH1","Signaling by NOTCH1",-1.41093350402513,-0.380661103829309,TRUE,FALSE,-0.15210304402016,0.15210304402016,"shared negative"
"human_vs_mouse_KD_Reactome","human KD vs control vs mouse KD vs control","Reactome","EPH-ephrin mediated repulsion of cells","EPH-ephrin mediated repulsion of cells","either",0.05,"shared negative",-0.14481373144274,0.14481373144274,-1.42156243743509,-1.56637616887783,0.352264406819301,0.0443478937073946,"13836/13637/13841/13642/57257/13845/17096/13641/13643/13636/13638","2046/102/51107/2041/1211/2051/2534/4313/4318/161/6714/1942/1759/1213/55851/10451/2049","R-HSA-3928665","R-MMU-3928665","EPH-ephrin mediated repulsion of cells","EPH-ephrin mediated repulsion of cells",-1.35312700205499,-0.453131236191131,TRUE,FALSE,-0.14481373144274,0.14481373144274,"shared negative"
"human_vs_mouse_KD_Reactome","human KD vs control vs mouse KD vs control","Reactome","Estrogen-dependent gene expression","Estrogen-dependent gene expression","either",0.05,"shared negative",-0.14305760949113,0.14305760949113,-1.29584103520691,-1.43889864469804,0.371965428748414,0.0266616549008266,"98053/19014/15519/231329/20683/17977/12455/67710","8337/6667/7391/8294/57690/8359/8204/3021/8312/1655/5440/10498/2625/1105/8355/4343/5241/333932/5438/3020/8362/57678/8348/5469/4609/5435/8344/5430/8368/5431/3065/8363/10524/865/1025/8341/653604/904/27327/3169/596/5885/10735/9166/8331/10499/8338/2099/1386/26523/2033/6387/27161/23112/8850","R-HSA-9018519","R-MMU-9018519","Estrogen-dependent gene expression","Estrogen-dependent gene expression",-1.57411289723307,-0.429497422487715,TRUE,FALSE,-0.14305760949113,0.14305760949113,"shared negative"
"human_vs_mouse_KD_Reactome","human KD vs control vs mouse KD vs control","Reactome","Amino acids regulate mTORC1","Amino acids regulate mTORC1","either",0.05,"shared negative",-0.13936446159538,0.13936446159538,-1.90523437119928,-2.04459883279466,0.00798655001263218,0.000364963038788261,"56032/11984/11973/80909/54170/114143/329679/11966/11964/66335/56692/73834/11972/52187","96459/57600/9550/9296/9681/23334/9114/81929/154743/28956/533/10670/51606/528/729438/64121/55004/523/10312","R-HSA-9639288","R-MMU-9639288","Amino acids regulate mTORC1","Amino acids regulate mTORC1",-3.43775111599038,-2.09764078439639,TRUE,TRUE,-0.13936446159538,0.13936446159538,"shared negative"
"human_vs_mouse_KD_Reactome","human KD vs control vs mouse KD vs control","Reactome","GTP hydrolysis and joining of the 60S ribosomal subunit","GTP hydrolysis and joining of the 60S ribosomal subunit","either",0.05,"shared positive",-0.13593565484381,0.13593565484381,2.20531255106869,2.06937689622488,2.31127495886896e-06,4.50360433453848e-06,"27207/27979/27050/27370/54709/20091/13681/68028/26961/20085/67427/20103/27367/19934/16898/73830/268449/76808/16341/270106/56040/67115/269261/16785/208643/20102/67281/19981/67891/11837/100043813/55944/20090/19944/68052/20116/66085/19982/20104/67097/100502825/22121/19943/20084/100503670/98221/75617/67025/66480/75705/19942/53356/22384/19988/20115/76846/54127/20005/57294/67204/110954/19989","6187/6130/6128/6228/6146/3921/6159/6129/6171/116832/6133/6218/6231/6230/6136/6224/6144/23521/6232/51121/6124/9045/8665/6158/6189/6122/6233/6201/6170/6173/6235/6210/1983/6204/1968/6234/6205/6137/6141/7458/6139/1964/8666","R-HSA-72706","R-MMU-72706","GTP hydrolysis and joining of the 60S ribosomal subunit","GTP hydrolysis and joining of the 60S ribosomal subunit",5.34643977154808,5.63614838597207,TRUE,TRUE,-0.13593565484381,0.13593565484381,"shared positive"
"human_vs_mouse_KD_Reactome","human KD vs control vs mouse KD vs control","Reactome","Kinesins","Kinesins","either",0.05,"shared negative",-0.12643000077473,0.12643000077473,-1.43207229720224,-1.55850229797697,0.241150319003953,0.0432963848182061,"26934/16569/16561/228421/16571/16572/16573/100502766/16551/229841/110033/16580/19348/240641/16554/16564/70218","89953/3796/3797/23046/11127/55614/80086/10749/10382/23095/347688/147700/22920/285643/55605/7277","R-HSA-983189","R-MMU-983189","Kinesins","Kinesins",-1.36354836505659,-0.617712159238408,TRUE,FALSE,-0.12643000077473,0.12643000077473,"shared negative"
"human_vs_mouse_KD_Reactome","human KD vs control vs mouse KD vs control","Reactome","Interconversion of nucleotide di- and triphosphates","Interconversion of nucleotide di- and triphosphates","either",0.05,"shared positive",-0.10977194702086,0.10977194702086,1.85687536681425,1.74710341979339,0.0258301124952132,0.0155658614460289,"20135/56520/320685/14782/229949/14923/11639/55936/22166/66588/382985/50493","6241/1854/4833/1635/2987/204/1841/205/4830/7295/4831/2936/7298/7296/79077","R-HSA-499943","R-MMU-499943","Interconversion of nucleotide di- and triphosphates","Interconversion of nucleotide di- and triphosphates",1.80782683958768,1.5878737023848,TRUE,TRUE,-0.10977194702086,0.10977194702086,"shared positive"
"human_vs_mouse_KD_Reactome","human KD vs control vs mouse KD vs control","Reactome","ECM proteoglycans","ECM proteoglycans","either",0.05,"shared positive",-0.10754978703688,0.10754978703688,1.88427372020344,1.77672393316656,0.024198253453371,0.00332310170060641,"12111/12833/12834/11603/21923/241226/12832/12825/16419/14268","1282/5054/1284/1293/3371/1292/1291/375790/1288/7040/3912/3910/4038/1287/284217/1299/3911/3913/1289/3915/1298","R-HSA-3000178","R-MMU-3000178","ECM proteoglycans","ECM proteoglycans",2.47845636731705,1.616215978769,TRUE,TRUE,-0.10754978703688,0.10754978703688,"shared positive"
"human_vs_mouse_KD_Reactome","human KD vs control vs mouse KD vs control","Reactome","Factors involved in megakaryocyte development and platelet production","Factors involved in megakaryocyte development and platelet production","either",0.05,"shared negative",-0.0941610595878901,0.0941610595878901,-1.36346441632485,-1.45762547591274,0.241150319003953,0.0401090507431578,"22365/16561/228421/17133/16571/16572/17135/15353/16573/108829/100502766/19085/16551/229841/110033/271457/20399/16580/19348/240641/14465/16554/14461/16564/70218/22761","11127/55614/3659/80086/830/10938/81704/1020/23414/10749/10382/23095/347688/3717/139818/832/147700/22920/285643/55605/5577/85440/7277","R-HSA-983231","R-MMU-983231","Factors involved in megakaryocyte development and platelet production","Factors involved in megakaryocyte development and platelet production",-1.39675761630025,-0.617712159238408,TRUE,FALSE,-0.0941610595878901,0.0941610595878901,"shared negative"
"human_vs_mouse_KD_Reactome","human KD vs control vs mouse KD vs control","Reactome","Cap-dependent Translation Initiation","Cap-dependent Translation Initiation","either",0.05,"shared positive",-0.0893558615162302,0.0893558615162302,2.09320881846113,2.0038529569449,1.27127299961892e-05,5.06380354615723e-05,"224045/13685/27207/27979/27050/27370/54709/20091/13681/68028/18458/26961/20085/67427/20103/27367/19934/16898/73830/268449/76808/16341/270106/108067/56040/67115/269261/16785/208643/20102/67281/19981/67891/11837/100043813/55944/20090/19944/68052/20116/66085/19982/20104/67097/100502825/22121/19943/20084/100503670/98221/75617/67025/66480/75705/19942/53356/22384/19988/20115/76846/54127/20005/57294/67204/110954/19989","6187/6130/6128/6228/6146/3921/6159/6129/6171/116832/6133/6218/6231/6230/6136/6224/6144/23521/6232/51121/6124/9045/8665/6158/6189/6122/6233/6201/6170/6173/6235/6210/1983/6204/1968/6234/6205/6137/6141/7458/6139/1964/8666","R-HSA-72737","R-MMU-72737","Cap-dependent Translation Initiation","Cap-dependent Translation Initiation",4.2955231514257,4.89576117682851,TRUE,TRUE,-0.0893558615162302,0.0893558615162302,"shared positive"
"human_vs_mouse_KD_Reactome","human KD vs control vs mouse KD vs control","Reactome","Eukaryotic Translation Initiation","Eukaryotic Translation Initiation","either",0.05,"shared positive",-0.0893558615162302,0.0893558615162302,2.09320881846113,2.0038529569449,1.27127299961892e-05,5.06380354615723e-05,"224045/13685/27207/27979/27050/27370/54709/20091/13681/68028/18458/26961/20085/67427/20103/27367/19934/16898/73830/268449/76808/16341/270106/108067/56040/67115/269261/16785/208643/20102/67281/19981/67891/11837/100043813/55944/20090/19944/68052/20116/66085/19982/20104/67097/100502825/22121/19943/20084/100503670/98221/75617/67025/66480/75705/19942/53356/22384/19988/20115/76846/54127/20005/57294/67204/110954/19989","6187/6130/6128/6228/6146/3921/6159/6129/6171/116832/6133/6218/6231/6230/6136/6224/6144/23521/6232/51121/6124/9045/8665/6158/6189/6122/6233/6201/6170/6173/6235/6210/1983/6204/1968/6234/6205/6137/6141/7458/6139/1964/8666","R-HSA-72613","R-MMU-72613","Eukaryotic Translation Initiation","Eukaryotic Translation Initiation",4.2955231514257,4.89576117682851,TRUE,TRUE,-0.0893558615162302,0.0893558615162302,"shared positive"
"human_vs_mouse_KD_Reactome","human KD vs control vs mouse KD vs control","Reactome","Translation","Translation","either",0.05,"shared positive",-0.06175946290029,0.06175946290029,1.91565806715594,1.85389860425565,2.06415807312743e-06,9.99423515907487e-07,"13627/27397/74776/224045/13685/27207/27979/26444/27050/27370/13629/54709/20091/13681/69089/66855/67768/68028/18458/26961/20085/67427/20103/68537/59029/67707/235606/66047/27367/55949/19934/16898/67895/73830/68836/66407/69956/268449/75452/67840/76808/27398/16341/270106/216080/108067/56040/14852/67115/269261/67160/64659/16785/208643/20813/20102/67281/19181/67871/77987/19981/67891/11837/67673/100043813/121022/65111/56282/55944/20090/19944/70316/68052/20116/66085/211253/19982/20104/19167/67097/100502825/107732/94062/66242/67212/71745/66661/118451/239555/19173/22121/67089/66656/19943/67270/353242/69163/67674/20084/100503670/98221/75617/67025/17463/66480/66230/75705/19935/66448/56550/66105/27395/19942/53356/50529/18100/66258/22384/56284/22123/19988/20115/76846/94066/54127/20005/26441/57294/19170/70247/78294/67204/213753","4514/4513/4538/4508/6187/4512/4539/4535/4519/6130/6128/4540/6727/5018/6228/6146/3921/6159/6129/11222/6171/116832/64969/6133/51504/6218/7818/4537/23107/6231/55173/90480/6230/6726/6136/6224/1936/60488/6144/1915/51253/55037/64975/23521/6232/128308/79587/51121/51318/9553/6124/55157/9045/4536/740/8665/6158/6189/65003/6122/64963/6150/6233/6201/6170/65080/54998/64983/79590/26284/7453/60559/57129/4509/6173/6235/1933/6210/1983/6204/7284/26589/91574/6921/10573/1968/6234/58477/6182/51021/219402/23395/78988/57176","R-HSA-72766","R-MMU-72766","Translation","Translation",6.00025043605342,5.68525704752046,TRUE,TRUE,-0.06175946290029,0.06175946290029,"shared positive"
"human_vs_mouse_KD_Reactome","human KD vs control vs mouse KD vs control","Reactome","Signaling by ROBO receptors","Signaling by ROBO receptors","either",0.05,"shared positive",-0.0615002434851202,0.0615002434851202,1.55467178144594,1.49317153796082,0.182143149896075,0.0165384077935783,"20563/20564/18643/22323/14026/20315/14733","6187/6130/6128/6228/6146/3921/6091/6159/6129/6171/57522/116832/5217/10486/6133/6218/6231/6230/6136/6224/5879/6144/23521/6232/5578/51121/6124/9045/64221/1287/5062/6158/10921/6189/6122/8829/6233/6201/6170/65110/6173/6235/6210/4650/6204/9939/6921/6234","R-HSA-376176","R-MMU-376176","Signaling by ROBO receptors","Signaling by ROBO receptors",1.78150630371623,0.739587157215236,TRUE,FALSE,-0.0615002434851202,0.0615002434851202,"shared positive"
"human_vs_mouse_KD_Reactome","human KD vs control vs mouse KD vs control","Reactome","Assembly of collagen fibrils and other multimeric structures","Assembly of collagen fibrils and other multimeric structures","either",0.05,"shared positive",0.05889614595624,0.05889614595624,1.69680515963219,1.75570130558843,0.0690141986218975,0.00705972292863927,"12826/12833/12834/16949/18542/12832/12825/12827/16950/17392/16948/12837/69675/13039/17386/94352","1282/1294/1284/1301/1293/1292/7837/4017/1291/1514/1288/1306/85301/1287/80781/1508/1299/1295/3914/1289/1298/977","R-HSA-2022090","R-MMU-2022090","Assembly of collagen fibrils and other multimeric structures","Assembly of collagen fibrils and other multimeric structures",2.15121234327175,1.16106155058481,TRUE,FALSE,0.05889614595624,0.05889614595624,"shared positive"
"human_vs_mouse_KD_Reactome","human KD vs control vs mouse KD vs control","Reactome","ZNF598 and the Ribosome-associated Quality Trigger (RQT) complex dissociate a ribosome stalled on a no-go mRNA","ZNF598 and the Ribosome-associated Quality Trigger (RQT) complex dissociate a ribosome stalled on a no-go mRNA","either",0.05,"shared positive",0.0473329570930399,0.0473329570930399,2.23918810771417,2.28652106480721,9.85389539086018e-06,1.05230082775724e-07,"27207/27050/27370/20091/68028/26961/20085/67427/20103/27367/19934/16898/268449/75452/76808/270106/216080/56040/67115/269261/16785/20102/67281/77987/19981/67891/11837/100043813/20090/19944/68052/20116/19982/20104/67097/100502825/22121/19943/20084/100503670/75617/67025/66480/56550/66105/19942/19988/20115/76846/54127/20005/57294/78294/213753/110954/19989","6187/6130/6128/6228/6146/3921/6159/6129/6171/116832/6133/6218/6231/6230/6136/6224/6144/23521/6232/51121/6124/9045/6158/6189/6122/6233/6201/6170/6173/6235/6210/6204/6234/6205/6137/6141","R-HSA-9954716","R-MMU-9954716","ZNF598 and the Ribosome-associated Quality Trigger (RQT) complex dissociate a ribosome stalled on a no-go mRNA","ZNF598 and the Ribosome-associated Quality Trigger (RQT) complex dissociate a ribosome stalled on a no-go mRNA",6.97786008797825,5.00639205251507,TRUE,TRUE,0.0473329570930399,0.0473329570930399,"shared positive"
"human_vs_mouse_KD_Reactome","human KD vs control vs mouse KD vs control","Reactome","Insulin receptor recycling","Insulin receptor recycling","either",0.05,"shared negative",-0.0311387171537301,0.0311387171537301,-2.20361113973236,-2.23474985688609,0.000461233988630515,0.000360523594121498,"21871/11975/11974/108664/66144/11984/19246/11973/114143/11966/11964/66335/13033/73834/11972","9550/9296/9114/537/23545/50617/535/533/51606/528/3416/523/10312","R-HSA-77387","R-MMU-77387","Insulin receptor recycling","Insulin receptor recycling",-3.44306630802786,-3.33607869675724,TRUE,TRUE,-0.0311387171537301,0.0311387171537301,"shared negative"
"human_vs_mouse_KD_Reactome","human KD vs control vs mouse KD vs control","Reactome","SRP-dependent cotranslational protein targeting to membrane","SRP-dependent cotranslational protein targeting to membrane","either",0.05,"shared positive",-0.02724237196623,0.02724237196623,2.21778539622941,2.19054302426318,2.6527642845892e-05,2.54414651143122e-07,"27207/27050/27370/20091/68028/26961/20085/67427/20103/27367/19934/16898/268449/76808/270106/56040/67115/269261/16785/20813/20102/67281/19981/67891/11837/100043813/20090/19944/68052/20116/19982/20104/67097/100502825/66661/22121/19943/20084/100503670/75617/67025/66480/19942/19988/20115/76846/54127/20005/57294/110954/19989","6187/6130/6128/6727/6228/6146/3921/6159/6129/6171/116832/6133/6218/6231/6230/6726/6136/6224/6144/23521/6232/51121/6124/9045/6158/6189/6122/6233/6201/6170/60559/6173/6235/6210/6204/6234/58477","R-HSA-1799339","R-MMU-1799339","SRP-dependent cotranslational protein targeting to membrane","SRP-dependent cotranslational protein targeting to membrane",6.59445788230273,4.57630133820093,TRUE,TRUE,-0.02724237196623,0.02724237196623,"shared positive"
"human_vs_mouse_KD_KEGG","human KD vs control vs mouse KD vs control","KEGG","Carbon metabolism","Carbon metabolism","either",0.05,"opposite direction",-3.99490574724877,3.99490574724877,1.90667651147242,-2.08822923577635,0.00085057387983955,3.90943745873999e-05,"18641/108682/100678/20917/66171/14381/14194/110208/108037/14751/11409/19895/14661/236539/107272/66904/11674/225913/15926/100198/11532/93747/17436/235339/239017/15929/72141/110446/269951/18597/14433/17850/13808/110821/21351/107029/66646/20425/67680/21991","55753/3418/1738/5232/441531/2806/3419/39/6390/729020/3101/5313/26227/4191/2821/2098/6888/414328/51/50/38/221823/3098/10873/3417/4199/55902/5160/2747/35/5230/2026/5091/230/2027","hsa01200","mmu01200","Carbon metabolism","Carbon metabolism",-4.40788573010832,3.07028795810886,TRUE,TRUE,-3.99490574724877,3.99490574724877,"opposite direction"
"human_vs_mouse_KD_KEGG","human KD vs control vs mouse KD vs control","KEGG","Glycolysis / Gluconeogenesis","Glycolysis / Gluconeogenesis","either",0.05,"opposite direction",-3.60578391475114,3.60578391475114,1.55183481657254,-2.0539490981786,0.125529630320198,0.000926570960607037,"74551/18641/68401/110695/11529/14751/11674/16828/11532/235339/72141/72157/18597/14433/13808","5161/9562/1737/5213/1738/5232/441531/131/3101/5313/160287/2821/222/218/3098/5236/55902/10327/223/5160/5230/2026/230/2027/217","hsa00010","mmu00010","Glycolysis / Gluconeogenesis","Glycolysis / Gluconeogenesis",-3.03312131501755,0.90125375015339,TRUE,FALSE,-3.60578391475114,3.60578391475114,"opposite direction"
"human_vs_mouse_KD_KEGG","human KD vs control vs mouse KD vs control","KEGG","Biosynthesis of amino acids","Biosynthesis of amino acids","either",0.05,"opposite direction",-3.57302232826468,3.57302232826468,2.12459895937066,-1.44842336889402,0.000190912469124801,0.0837790531752693,"107869/18641/108682/56454/100678/232087/108037/19895/12035/11898/236539/27053/107272/11674/15926/15929/269951/14433/13808/21351/66646/109652/20425/21991","3418/5232/441531/2806/3419/729020/5313/26227/6888/50/221823/3417/5230/2026/5091/230/2027","hsa01230","mmu01230","Biosynthesis of amino acids","Biosynthesis of amino acids",-1.07686455210418,3.71916570547094,FALSE,TRUE,-3.57302232826468,3.57302232826468,"opposite direction"
"human_vs_mouse_KD_KEGG","human KD vs control vs mouse KD vs control","KEGG","Pyruvate metabolism","Pyruvate metabolism","either",0.05,"opposite direction",-3.54738954316332,3.54738954316332,1.78329231074798,-1.76409723241534,0.0250463154255252,0.0216563269812007,"74551/110695/11529/14194/76238/16828/107476/11532/17436/235339/110446/18597/107029/109801","32/1738/3029/31/134526/39/131/5313/160287/4191/38/10873/4199/55902/10327/223/5160/5091/217","hsa00620","mmu00620","Pyruvate metabolism","Pyruvate metabolism",-1.66441519992969,1.60125615435,TRUE,TRUE,-3.54738954316332,3.54738954316332,"opposite direction"
"human_vs_mouse_KD_KEGG","human KD vs control vs mouse KD vs control","KEGG","Fanconi anemia pathway","Fanconi anemia pathway","either",0.05,"opposite direction",3.51247143778058,3.51247143778058,-1.2181813991108,2.29429003866978,0.337900874635569,9.37769746277544e-06,"193838/56210/104806/26447/237211/50505/272158/235610/60534/68275/80905/71711/233826/20892/71885/52864/67196/21975/18861/19891/12189/12144/27015","201254/2175/55215/3280/2189/5889/197342/29089/22909/5395/6118/79728/2176/2177/2067/9894/672/84464/80233/2178/6119/2188/83990/5429/146956/4292/641/7156/2187/84126/116028","hsa03460","mmu03460","Fanconi anemia pathway","Fanconi anemia pathway",5.02790378229951,-0.471210684079174,TRUE,FALSE,3.51247143778058,3.51247143778058,"opposite direction"
"human_vs_mouse_KD_KEGG","human KD vs control vs mouse KD vs control","KEGG","Valine, leucine and isoleucine degradation","Valine, leucine and isoleucine degradation","either",0.05,"opposite direction",-3.45445575843407,3.45445575843407,1.97544113422136,-1.47901462421271,0.0040174797101635,0.102703599334144,"110695/11409/12035/66885/66904/15108/231086/113868/13171/257633/93747/78038/110446/78894/12039/52538/17850/110821","38/65985/3157/223/35/5019/217","hsa00280","mmu00280","Valine, leucine and isoleucine degradation","Valine, leucine and isoleucine degradation",-0.988414335920096,2.39604630791528,FALSE,TRUE,-3.45445575843407,3.45445575843407,"opposite direction"
"human_vs_mouse_KD_KEGG","human KD vs control vs mouse KD vs control","KEGG","Pentose phosphate pathway","Pentose phosphate pathway","either",0.05,"opposite direction",-3.44455710822552,3.44455710822552,1.98113099903278,-1.46342610919274,0.00678367516444221,0.169356116082003,"18641/66171/14381/110208/14751/19895/11674/100198/72157/232449/21351/66646","729020/2821/6888/414328/221823/5236/230","hsa00030","mmu00030","Pentose phosphate pathway","Pentose phosphate pathway",-0.771199114740037,2.16853495639814,FALSE,TRUE,-3.44455710822552,3.44455710822552,"opposite direction"
"human_vs_mouse_KD_KEGG","human KD vs control vs mouse KD vs control","KEGG","Long-term potentiation","Long-term potentiation","either",0.05,"opposite direction",-3.40704967523575,3.40704967523575,1.55466489097964,-1.85238478425611,0.0829640934405931,0.00582292232875096,"26396/20112/14799/19056/18798/11836/14682/19057/18795/12288/26395/15461/18176/108058/109905/26417/11911","5604/2906/6197/5332/801/23236/5532/673/2903/2902/5568/818/3265/2891/5331/5906/10411/817/5501/3710/2033/5530/775/5595/5499/3708","hsa04720","mmu04720","Long-term potentiation","Long-term potentiation",-2.23485900285434,1.08110982804134,TRUE,FALSE,-3.40704967523575,3.40704967523575,"opposite direction"
"human_vs_mouse_KD_KEGG","human KD vs control vs mouse KD vs control","KEGG","Citrate cycle (TCA cycle)","Citrate cycle (TCA cycle)","either",0.05,"opposite direction",-3.36696029545547,3.36696029545547,1.6187865092183,-1.74817378623717,0.0937150467415281,0.0373702283153667,"74551/20917/14194/104112/15926/235339/239017/15929/269951/18597","5161/1737/55753/3418/1738/3419/6390/4191/50/3417/47/5160/5091","hsa00020","mmu00020","Citrate cycle (TCA cycle)","Citrate cycle (TCA cycle)",-1.42747424879738,1.02819067387011,TRUE,FALSE,-3.36696029545547,3.36696029545547,"opposite direction"
"human_vs_mouse_KD_KEGG","human KD vs control vs mouse KD vs control","KEGG","Spinocerebellar ataxia","Spinocerebellar ataxia","either",0.05,"opposite direction",-3.32761053368853,3.32761053368853,1.18137166818047,-2.14623886550806,0.357334144856969,9.37769746277544e-06,"14799/19664/11739/29869/12286/22335/22359/26444/18798/11651/74781/11740/52639/26408/14682/59029/53313/18795/329015/215999/67134/26420/22333/19181/81601/18706/26419/19167/18709/114896/56717/19173/67089/67013/22433/16439/69597","5602/5687/2906/5704/7436/5332/5291/23236/2903/23152/2902/10524/5690/10213/5710/6261/5719/5685/5684/9698/9821/55626/5718/2891/488/5331/23369/487/11047/7979/2959/55062/6311/5694/5717/5689/5701/8678/25814/5295/5686/5709/9706/3710/5290/5691/5707/2081/1600/3516/3708/291","hsa05017","mmu05017","Spinocerebellar ataxia","Spinocerebellar ataxia",-5.02790378229951,0.446925483057398,TRUE,FALSE,-3.32761053368853,3.32761053368853,"opposite direction"
"human_vs_mouse_KD_KEGG","human KD vs control vs mouse KD vs control","KEGG","Proteasome","Proteasome","either",0.05,"opposite direction",-3.30602443718746,3.30602443718746,1.23541729101589,-2.07060714617157,0.336474060619821,0.00107263335532795,"19171/19186/26444/16913/19188/59029/19192/19181/16912/19167/19173/67089/621823/17463/22123/26441/19170/70247","5702/5715/5699/5692/5687/5704/5690/10213/5710/5719/5685/5720/5684/5718/23198/11047/7979/5694/5717/5689/5701/5686/5709/5691/5707","hsa03050","mmu03050","Proteasome","Proteasome",-2.96954870204978,0.473048410678925,TRUE,FALSE,-3.30602443718746,3.30602443718746,"opposite direction"
"human_vs_mouse_KD_KEGG","human KD vs control vs mouse KD vs control","KEGG","Drug metabolism - cytochrome P450","Drug metabolism - cytochrome P450","either",0.05,"opposite direction",-3.26642020276481,3.26642020276481,1.75931930863688,-1.50710089412793,0.0465041676056482,0.114121712258961,"14873/11529/211666/14870/11532/68312/14869/394435/67689/14863","2328/54577/54578/2950/131/316/222/218/119391/2949/4128","hsa00982","mmu00982","Drug metabolism - cytochrome P450","Drug metabolism - cytochrome P450",-0.942631720899997,1.33250812480831,FALSE,TRUE,-3.26642020276481,3.26642020276481,"opposite direction"
"human_vs_mouse_KD_KEGG","human KD vs control vs mouse KD vs control","KEGG","Vascular smooth muscle contraction","Vascular smooth muscle contraction","either",0.05,"opposite direction",-3.22544978100762,3.22544978100762,1.62710701528103,-1.59834276572659,0.0437913771020535,0.0179985147349359,"11475/98932/213498/26396/11535/56089/14673/18798/11836/107589/14682/66350/18795/12288/26395/54598/223780/11550/109624/16801/104111/18754/26417","5332/801/10335/111/23236/10398/673/796/4882/283748/778/5568/5580/4627/123745/72/5331/10268/196883/4881/112/5501/3710/5321/27345/8398/775/5595/5499/3708/4629/59","hsa04270","mmu04270","Vascular smooth muscle contraction","Vascular smooth muscle contraction",-1.74476333206534,1.35861139738794,TRUE,TRUE,-3.22544978100762,3.22544978100762,"opposite direction"
"human_vs_mouse_KD_KEGG","human KD vs control vs mouse KD vs control","KEGG","Glycine, serine and threonine metabolism","Glycine, serine and threonine metabolism","either",0.05,"opposite direction",-3.21575224036226,3.21575224036226,1.83498695997779,-1.38076528038447,0.0251450833460895,0.183068783068783,"107869/100678/192166/26912/110695/108037/76238/236539/107272/14431","63826/189/212/1610/1738/441531/26227/8639/23464/2628/1757/4128","hsa00260","mmu00260","Glycine, serine and threonine metabolism","Glycine, serine and threonine metabolism",-0.737385705380468,1.59954692052479,FALSE,TRUE,-3.21575224036226,3.21575224036226,"opposite direction"
"human_vs_mouse_KD_KEGG","human KD vs control vs mouse KD vs control","KEGG","Long-term depression","Long-term depression","either",0.05,"opposite direction",-3.07748400064853,3.07748400064853,1.32292057595063,-1.7545634246979,0.28433291124669,0.0100544405143656,"19092/26396/14799/12286/14673/18798/11836/14682/18795/26395/15461/18176/26417/18783/14672","5604/2778/5332/23236/673/283748/6261/3265/2771/2773/5518/2891/123745/5331/2775/5519/3710/5321/5593/5515/5595/3708","hsa04730","mmu04730","Long-term depression","Long-term depression",-1.9976420909831,0.546172868253322,TRUE,FALSE,-3.07748400064853,3.07748400064853,"opposite direction"
"human_vs_mouse_KD_KEGG","human KD vs control vs mouse KD vs control","KEGG","Histidine metabolism","Histidine metabolism","either",0.05,"opposite direction",-3.07336860558659,3.07336860558659,1.19392442635295,-1.87944417923364,0.432095102271313,0.0242845234995376,"110695/67689/11484/67383/11671","222/138199/218/443/223/4128/217","hsa00340","mmu00340","Histidine metabolism","Histidine metabolism",-1.61467041364665,0.364420656319174,TRUE,FALSE,-3.07336860558659,3.07336860558659,"opposite direction"
"human_vs_mouse_KD_KEGG","human KD vs control vs mouse KD vs control","KEGG","Homologous recombination","Homologous recombination","either",0.05,"opposite direction",3.07137045172854,3.07137045172854,-1.29289101913937,1.77847943258917,0.28433291124669,0.018258659621037,"68275/74335/71711/233826/20184/67967/21975/20422/235559/19891/12189/12144","5425/5889/7517/6118/79728/7516/672/6119/4683/4361/83990/146956/641/79184/7156/5892/5932/84142/11073/580/675/5893/80198/6742","hsa03440","mmu03440","Homologous recombination","Homologous recombination",1.7385311074454,-0.546172868253322,TRUE,FALSE,3.07137045172854,3.07137045172854,"opposite direction"
"human_vs_mouse_KD_KEGG","human KD vs control vs mouse KD vs control","KEGG","Gap junction","Gap junction","either",0.05,"opposite direction",-3.0618195178325,3.0618195178325,1.53456302399999,-1.52725649383251,0.117272481180313,0.0431929213554858,"19092/26396/22154/14609/22142/67951/22143/18798/227613/14682/22146/22152/18795/26395/15461/18595/18176/104111/26417/20779/23938/14672","7280/5604/2778/5332/111/23236/5568/3265/2771/2773/5331/5159/196883/10382/6714/112/347688/3710/5593/5595/5156/3708/7277","hsa04540","mmu04540","Gap junction","Gap junction",-1.36458742142921,0.930803886210594,TRUE,FALSE,-3.0618195178325,3.0618195178325,"opposite direction"
"human_vs_mouse_KD_KEGG","human KD vs control vs mouse KD vs control","KEGG","Renin secretion","Renin secretion","either",0.05,"opposite direction",-3.06018293762763,3.06018293762763,1.37961288318108,-1.68057005444655,0.214793281653747,0.0180463793295124,"19092/18573/18576/19056/18798/14682/19057/18795/12288/11421/16518","2778/5332/801/111/23236/5532/778/5568/2771/2773/5331/155/3759/4881/112/3710/5593/5530/775/3708/5140","hsa04924","mmu04924","Renin secretion","Renin secretion",-1.7436099181319,0.66797930670775,TRUE,FALSE,-3.06018293762763,3.06018293762763,"opposite direction"
"human_vs_mouse_KD_KEGG","human KD vs control vs mouse KD vs control","KEGG","Metabolism of xenobiotics by cytochrome P450","Metabolism of xenobiotics by cytochrome P450","either",0.05,"opposite direction",-3.05584802219582,3.05584802219582,1.90947538110045,-1.14637264109537,0.00678746809258312,0.354230653417645,"14873/11529/211666/14870/11532/68312/14869/110198/394435/13078/67689/14863","54578/22977/2950/131/222/218/119391/2949/2052","hsa00980","mmu00980","Metabolism of xenobiotics by cytochrome P450","Metabolism of xenobiotics by cytochrome P450",-0.450713859763354,2.16829219898654,FALSE,TRUE,-3.05584802219582,3.05584802219582,"opposite direction"
"human_vs_mouse_KD_KEGG","human KD vs control vs mouse KD vs control","KEGG","Butanoate metabolism","Butanoate metabolism","either",0.05,"opposite direction",-3.04279342269014,3.04279342269014,1.09866019604124,-1.9441332266489,0.550316346388765,0.0179985147349359,"11409/93747/110446/78894/15107","38/65985/3157/35/5019","hsa00650","mmu00650","Butanoate metabolism","Butanoate metabolism",-1.74476333206534,0.259387586878098,TRUE,FALSE,-3.04279342269014,3.04279342269014,"opposite direction"
"human_vs_mouse_KD_KEGG","human KD vs control vs mouse KD vs control","KEGG","Serotonergic synapse","Serotonergic synapse","either",0.05,"opposite direction",-2.98387068359714,2.98387068359714,1.24280401920779,-1.74106666438935,0.305805977462028,0.00582292232875096,"12286/19224/19225/18798/11836/14682/14701/18795/12288/26395/15461/14693/14708/11820/18176/26417/18783/15551/14688/14696/14706/19252/16439/14702/214084/18797/56448","3765/121278/774/779/3354/246/5604/2778/5332/111/23236/673/3781/283748/778/1573/5568/6532/3265/2771/2773/1843/123745/5331/2783/2775/10411/5743/3710/5321/775/5742/5595/4128/3708","hsa04726","mmu04726","Serotonergic synapse","Serotonergic synapse",-2.23485900285434,0.514554029867443,TRUE,FALSE,-2.98387068359714,2.98387068359714,"opposite direction"
"human_vs_mouse_KD_KEGG","human KD vs control vs mouse KD vs control","KEGG","Ubiquitin mediated proteolysis","Ubiquitin mediated proteolysis","either",0.05,"opposite direction",-2.9766964627551,2.9766964627551,0.98030723780921,-1.99638922494589,0.655319627008201,0.000157034441442893,"74153/17999/208650/66053/22192/59008/13194/52206/229615/75788/99375/107568/100763/69957/56791/50868/76375/26374/12702/216080/67030/66799/217232/67673/66515/67455/75717/231672/17237/68729/71745/52717/69010/22200/17222/67128/26965/12703/66894/56550/109161/66105/22193/20437/76980/18854","7323/51529/134111/9040/10401/7334/8453/63893/11059/6923/4591/55294/10393/8452/8881/10075/27339/51433/64682/65264/84447/9820/7321/29882/8454/7317/11060/9354/54926/389898/7322/89910/55585/9039/7320/55958/3093/25898/9978/26272/57448/10277/51366/10273/9320/29945/64326/9063/4734/1642","hsa04120","mmu04120","Ubiquitin mediated proteolysis","Ubiquitin mediated proteolysis",-3.8040050858826,0.183546824606489,TRUE,FALSE,-2.9766964627551,2.9766964627551,"opposite direction"
"human_vs_mouse_KD_KEGG","human KD vs control vs mouse KD vs control","KEGG","cGMP-PKG signaling pathway","cGMP-PKG signaling pathway","either",0.05,"opposite direction",-2.91825224119276,2.91825224119276,1.43166069633075,-1.48659154486201,0.125529630320198,0.018258659621037,"98932/19092/26396/11739/12915/18576/22335/19056/14673/73181/18798/11651/11740/107589/22323/14682/19057/53313/19735/18795/14886/12288/26395/11550/22333/104111/18754/26417","3667/5604/4776/5138/4205/5332/801/490/10335/480/111/23236/5532/10398/476/4882/778/4772/2771/2773/483/4209/488/6722/5331/487/155/492/196883/4881/150/1386/112/5501/3710/4775/5593/5530/27345/775/5595/5499/3708/5140/291","hsa04022","mmu04022","cGMP-PKG signaling pathway","cGMP-PKG signaling pathway",-1.7385311074454,0.90125375015339,TRUE,FALSE,-2.91825224119276,2.91825224119276,"opposite direction"
"human_vs_mouse_KD_KEGG","human KD vs control vs mouse KD vs control","KEGG","p53 signaling pathway","p53 signaling pathway","either",0.05,"opposite direction",2.86383740613293,2.86383740613293,-1.06303401888664,1.80080338724629,0.545149586629394,0.00867911846857079,"68428/333654/21933/12367/12566/53892/268697/14102/29870/12534/18787/58801/17873/23882","5054/894/8795/1026/6241/3486/64065/1021/54205/1643/51512/9540/4616/64393/10572/51246/7161/7057","hsa04115","mmu04115","p53 signaling pathway","p53 signaling pathway",2.06152438354209,-0.263484312890529,TRUE,FALSE,2.86383740613293,2.86383740613293,"opposite direction"
"human_vs_mouse_KD_KEGG","human KD vs control vs mouse KD vs control","KEGG","Biosynthesis of nucleotide sugars","Biosynthesis of nucleotide sugars","either",0.05,"opposite direction",-2.85518218410724,2.85518218410724,0.946136441014486,-1.90904574309275,0.689312536106297,0.00845318257845561,"14635/54342/14751/56174/54128/72157","3101/7360/2821/2585/2584/3098/7358/80146/5236/2762/91373","hsa01250","mmu01250","Biosynthesis of nucleotide sugars","Biosynthesis of nucleotide sugars",-2.0729797506908,0.161583823185369,TRUE,FALSE,-2.85518218410724,2.85518218410724,"opposite direction"
"human_vs_mouse_KD_KEGG","human KD vs control vs mouse KD vs control","KEGG","GnRH signaling pathway","GnRH signaling pathway","either",0.05,"opposite direction",-2.84798727561327,2.84798727561327,1.16369390428973,-1.68429337132354,0.396352237104588,0.00867911846857079,"26396/17387/18798/14682/18805/18795/12288/26395/15461/26398/26406/26420/18176/104111/108058/26417/20779/11911/26419/18783/14672/12540/26400","2776/4215/6654/1958/5606/255189/5579/100137049/108/5598/4216/779/5608/998/5602/5604/2778/5332/801/111/23236/283748/778/5568/818/3265/5580/123745/5331/4323/6416/196883/817/2185/4313/6714/112/3710/5321/775/5595/3708","hsa04912","mmu04912","GnRH signaling pathway","GnRH signaling pathway",-2.06152438354209,0.401918686204186,TRUE,FALSE,-2.84798727561327,2.84798727561327,"opposite direction"
"human_vs_mouse_KD_KEGG","human KD vs control vs mouse KD vs control","KEGG","Amino sugar and nucleotide sugar metabolism","Amino sugar and nucleotide sugar metabolism","either",0.05,"opposite direction",-2.83932987478746,2.83932987478746,0.874943809060919,-1.96438606572654,0.774869286557598,0.00510552416228083,"14635/54342/14751/56174/54128/72157","3101/7360/2821/3073/2585/2584/3098/7358/80146/5236/91373/5973/51005","hsa00520","mmu00520","Amino sugar and nucleotide sugar metabolism","Amino sugar and nucleotide sugar metabolism",-2.29195966413528,0.110771552867382,TRUE,FALSE,-2.83932987478746,2.83932987478746,"opposite direction"
"human_vs_mouse_KD_KEGG","human KD vs control vs mouse KD vs control","KEGG","Biosynthesis of various nucleotide sugars","Biosynthesis of various nucleotide sugars","either",0.05,"opposite direction",-2.82908802594138,2.82908802594138,1.00202168188877,-1.82706634405261,0.634665646713839,0.0373702283153667,"72017/109754/230582/22122/69080/331026/22235","54187/29926/51700/7360/7358/51706/2762/91373","hsa00541","mmu00541","Biosynthesis of various nucleotide sugars","Biosynthesis of various nucleotide sugars",-1.42747424879738,0.197455008612763,TRUE,FALSE,-2.82908802594138,2.82908802594138,"opposite direction"
"human_vs_mouse_KD_KEGG","human KD vs control vs mouse KD vs control","KEGG","Systemic lupus erythematosus","Systemic lupus erythematosus","either",0.05,"opposite direction",-2.81512878250062,2.81512878250062,1.31427060454925,-1.50085817795137,0.28433291124669,0.0491039477660197,"12266/50908/50909/15270/68024/12268","8337/8294/8359/712/3021/8355/717/333932/3020/942/3015/8362/8348/8344/85235/8368/8363/2903/1991/8332/8341/653604/440093/8331/8338/715/8329/3127/716/718/92815","hsa05322","mmu05322","Systemic lupus erythematosus","Systemic lupus erythematosus",-1.30888359088972,0.546172868253322,TRUE,FALSE,-2.81512878250062,2.81512878250062,"opposite direction"
"human_vs_mouse_KD_KEGG","human KD vs control vs mouse KD vs control","KEGG","beta-Alanine metabolism","beta-Alanine metabolism","either",0.05,"opposite direction",-2.79119673420033,2.79119673420033,0.90592077883611,-1.88527595536422,0.72664682627815,0.0179985147349359,"110695/11409/228608/246277/93747","222/8639/51/218/51380/54498/223/35/217","hsa00410","mmu00410","beta-Alanine metabolism","beta-Alanine metabolism",-1.74476333206534,0.138676618943797,TRUE,FALSE,-2.79119673420033,2.79119673420033,"opposite direction"
"human_vs_mouse_KD_KEGG","human KD vs control vs mouse KD vs control","KEGG","EGFR tyrosine kinase inhibitor resistance","EGFR tyrosine kinase inhibitor resistance","either",0.05,"opposite direction",-2.75810897048697,2.75810897048697,1.13995557323643,-1.61815339725054,0.423021582733813,0.0195029320692622,"26396/15234/13685/12048/26362/11651/11836/13866/26987/26395/15461/18595/16451/20416/18176/216148/26417/22339/12028/18706/20779/20104/18709/56717/71785/18596/14173/18803/16452/16193/13649/56637/20848/110157","5291/673/1978/7422/3716/3084/3265/581/596/5159/6198/9470/6774/6714/5295/3717/5290/4763/5728/2263/5595/5156/3082","hsa01521","mmu01521","EGFR tyrosine kinase inhibitor resistance","EGFR tyrosine kinase inhibitor resistance",-1.70990009193101,0.373637474177957,TRUE,FALSE,-2.75810897048697,2.75810897048697,"opposite direction"
"human_vs_mouse_KD_KEGG","human KD vs control vs mouse KD vs control","KEGG","Bladder cancer","Bladder cancer","either",0.05,"opposite direction",-2.73596276523526,2.73596276523526,1.72416185336882,-1.01180091186644,0.033636535603738,0.525780758750786,"26396/22059/12567/11836/13866/12443/26395/15461/19645/18176/13555/26417/22339/20779","5604/4609/673/7422/3265/23604/4313/4318/6714/5595/9252","hsa05219","mmu05219","Bladder cancer","Bladder cancer",-0.279195311195156,1.47318874074745,FALSE,TRUE,-2.73596276523526,2.73596276523526,"opposite direction"
"human_vs_mouse_KD_KEGG","human KD vs control vs mouse KD vs control","KEGG","Insulin signaling pathway","Insulin signaling pathway","either",0.05,"opposite direction",-2.73413283940345,2.73413283940345,1.20825975264081,-1.52587308676264,0.337900874635569,0.0242845234995376,"74551/26396/68401/53413/14936/18576/13685/14251/20787/208650/102093/11651/17346/11836/74370/14104/107476/216233/26987/26395/12702/15461/19088/19084/105651/26420/20416/18176/216148/26417/22084/18706/14252/26419","5573/8835/3991/253314/5837/5602/3667/5604/801/32/5291/673/31/1978/2319/5568/5584/3265/3101/5313/2889/6720/5571/53632/6198/9470/1398/5562/5255/2308/3098/5295/5501/5290/5595/5499/5140/5577","hsa04910","mmu04910","Insulin signaling pathway","Insulin signaling pathway",-1.61467041364665,0.471210684079174,TRUE,FALSE,-2.73413283940345,2.73413283940345,"opposite direction"
"human_vs_mouse_KD_KEGG","human KD vs control vs mouse KD vs control","KEGG","Sphingolipid signaling pathway","Sphingolipid signaling pathway","either",0.05,"opposite direction",-2.68681426290918,2.68681426290918,1.09894839182297,-1.58786587108621,0.489222393879203,0.0189250150368357,"26396/22059/54447/17250/14673/18798/11651/21937/14739/26408/268656/14682/76893/235542/56632/18805/18795/26395/15461/13610/26420/18176/18754/26417/12028/71609/18706/26419/241447","5602/5604/56624/5332/5291/23236/259230/123099/171546/5523/81537/5528/3265/2771/2773/581/5518/8879/2534/5331/596/29956/8560/1901/427/5526/5519/4790/5295/5290/9294/5515/5728/5525/5595","hsa04071","mmu04071","Sphingolipid signaling pathway","Sphingolipid signaling pathway",-1.72296376675987,0.310493671595743,TRUE,FALSE,-2.68681426290918,2.68681426290918,"opposite direction"
"human_vs_mouse_KD_KEGG","human KD vs control vs mouse KD vs control","KEGG","Oxidative phosphorylation","Oxidative phosphorylation","either",0.05,"opposite direction",2.67918331353828,2.67918331353828,-0.998307936637661,1.68087537690062,0.602128657247255,0.00736370131161652,"66945/27425/21871/11975/67530/11958/54405/66925/11974/68202/11950/108664/66144/110323/66576/11984/11973/114143/11966/11964/66335/73834/11972","4514/4513/4538/4508/4512/4539/4535/4519/4540/54205/513/4698/4710/1349/4537/539/4694/7388/1345/4725/27089/514/4711/4536/1347/1337/126328/1353/4509/9551/4717","hsa00190","mmu00190","Oxidative phosphorylation","Oxidative phosphorylation",2.13290383577741,-0.22031070282411,TRUE,FALSE,2.67918331353828,2.67918331353828,"opposite direction"
"human_vs_mouse_KD_KEGG","human KD vs control vs mouse KD vs control","KEGG","Arachidonic acid metabolism","Arachidonic acid metabolism","either",0.05,"opposite direction",-2.67904678100608,2.67904678100608,1.00430825309331,-1.67473852791277,0.607395562096683,0.0395876109425745,"225791/19224/19225/66350/625249/18783/19223/77219","1571/64600/151056/255189/100137049/391013/4051/246/11283/284273/8529/2879/283748/1573/22949/123745/4048/11145/5743/9536/5321/8398/5742","hsa00590","mmu00590","Arachidonic acid metabolism","Arachidonic acid metabolism",-1.40244070652675,0.216528385555658,TRUE,FALSE,-2.67904678100608,2.67904678100608,"opposite direction"
"human_vs_mouse_KD_KEGG","human KD vs control vs mouse KD vs control","KEGG","Alzheimer disease","Alzheimer disease","either",0.05,"opposite direction",-2.67242324522603,2.67242324522603,1.29814136371447,-1.37428188151156,0.120727857873685,0.00845318257845561,"14362/26396/22154/22142/11739/29869/22335/67951/19056/12568/26444/22143/12333/12364/19225/18798/11651/19106/74781/227613/21937/67942/11740/19165/12977/52639/26408/11951/15108/11836/68585/59287/67273/14682/66218/56811/59029/19057/22146/53313/12862/16971/22152/18795/106947/12288/329015/26395/15461/69806/215999/11820/14082/26420/14433/14368/18176/22333/19181/22273/26417/19164/225887/72900/12369/67680/67130/18706/15925/11911/66416/70316/26419/75406/66445/234664/19167/18709/26400/226548/56717/93687/12005","5690/102/51107/6390/10213/5710/1537/1460/3028/5719/5481/5685/5684/3265/6868/54361/516/10476/1351/9821/55626/5718/7475/488/5331/7484/487/322/8321/9167/11047/4035/7979/324/7855/55062/5743/5694/7483/5717/4700/1020/5689/5701/8678/4790/498/8324/10382/5295/509/518/5686/347688/5709/9706/3710/1435/5290/4891/122011/7480/440567/147700/3416/5691/4720/283106/5530/5707/2081/1499/55851/775/4040/80326/4715/5595/201266/3708/291/7277/4311","hsa05010","mmu05010","Alzheimer disease","Alzheimer disease",-2.0729797506908,0.918192505173167,TRUE,FALSE,-2.67242324522603,2.67242324522603,"opposite direction"
"human_vs_mouse_KD_KEGG","human KD vs control vs mouse KD vs control","KEGG","Oxytocin signaling pathway","Oxytocin signaling pathway","either",0.05,"opposite direction",-2.66782873432542,2.66782873432542,1.08177201667533,-1.58605671765009,0.520441780929371,0.00835863945145379,"98932/26396/52163/19056/19225/13631/73181/13629/18798/207565/107589/14682/19057/12443/19735/18795/12288/26395/15461/11461/16518/18176/104111/108058/26417/20779/18783/23938","2778/4776/5332/801/111/23236/5532/10398/4882/283748/778/5568/6261/818/4772/3265/2771/2773/123745/5331/5571/55799/53632/7226/2775/196883/817/3759/786/5743/4881/5562/6714/112/5501/3710/4775/5321/5530/775/8536/5595/5499/3708/784","hsa04921","mmu04921","Oxytocin signaling pathway","Oxytocin signaling pathway",-2.0778644075864,0.283627845664048,TRUE,FALSE,-2.66782873432542,2.66782873432542,"opposite direction"
"human_vs_mouse_KD_KEGG","human KD vs control vs mouse KD vs control","KEGG","C-type lectin receptor signaling pathway","C-type lectin receptor signaling pathway","either",0.05,"opposite direction",-2.66188025118992,2.66188025118992,0.869913808347316,-1.7919664428426,0.810044431131746,0.00388094953972727,"16391/20846/19056/208650/20847/19225/73181/11651/19057/13655/15461/26420/18176/26417/16706/18706/20779/26419","5602/4776/5971/801/5291/4792/5532/1263/30835/1147/4046/1960/4772/3265/5580/5058/4791/3659/5743/4790/6714/5295/3710/5290/4775/5530/5595/3708","hsa04625","mmu04625","C-type lectin receptor signaling pathway","C-type lectin receptor signaling pathway",-2.4110620039388,0.091491159311311,TRUE,FALSE,-2.66188025118992,2.66188025118992,"opposite direction"
"human_vs_mouse_KD_KEGG","human KD vs control vs mouse KD vs control","KEGG","Cell cycle","Cell cycle","either",0.05,"opposite direction",2.652543478099,2.652543478099,-1.47965181997267,1.17289165812633,0.033636535603738,0.279648320454187,"66591/56438/77011/56452/12914/71988/107995/12237/218914/23834/242705/22629/12566/105988/12235/268697/22642/12545/12534/21770/22390/100710/22627/26932/67849/12428/21808/229776/17217/12236/12581/17215/17873/23882","894/1026/5591/701/1663/1021/8379/57082/7040/9232/699/113130/26271/4616/4088/9319/1387/4173/81620/80174/990/5527/7272/4193/994/246184/995/1870/23594/7529/595/157570","hsa04110","mmu04110","Cell cycle","Cell cycle",0.553387784666393,-1.47318874074745,FALSE,TRUE,2.652543478099,2.652543478099,"opposite direction"
"human_vs_mouse_KD_KEGG","human KD vs control vs mouse KD vs control","KEGG","Dopaminergic synapse","Dopaminergic synapse","either",0.05,"opposite direction",-2.63269810990051,2.63269810990051,0.953398868052835,-1.67929924184768,0.707258848022207,0.00736370131161652,"14799/12915/12286/19056/18798/11651/14682/235542/19057/14701/18795/12288/14693/14708/26420/108058/11865/11911/26419/14281/14688/14696/225849/14802/14706/16439/19054/14702/214084/18797/26414/78284/56637","5332/7054/801/111/23236/5532/2903/5568/5523/818/5528/2771/2773/5518/2891/5331/6531/2931/2783/408/2775/817/5526/5519/1386/5501/3710/5530/5515/775/5525/5499/4128/3708","hsa04728","mmu04728","Dopaminergic synapse","Dopaminergic synapse",-2.13290383577741,0.150421610681599,TRUE,FALSE,-2.63269810990051,2.63269810990051,"opposite direction"
"human_vs_mouse_KD_KEGG","human KD vs control vs mouse KD vs control","KEGG","Regulation of lipolysis in adipocytes","Regulation of lipolysis in adipocytes","either",0.05,"opposite direction",-2.6262912317922,2.6262912317922,0.979173890786798,-1.6471173410054,0.655319627008201,0.0242845234995376,"19092/18576/19224/19225/11651","3667/2778/5291/111/5568/2771/2773/63924/155/11145/196883/5743/4881/5295/112/5290/5593/5742/2167/5140","hsa04923","mmu04923","Regulation of lipolysis in adipocytes","Regulation of lipolysis in adipocytes",-1.61467041364665,0.183546824606489,TRUE,FALSE,-2.6262912317922,2.6262912317922,"opposite direction"
"human_vs_mouse_KD_KEGG","human KD vs control vs mouse KD vs control","KEGG","Human T-cell leukemia virus 1 infection","Human T-cell leukemia virus 1 infection","either",0.05,"opposite direction",-2.60929530486986,2.60929530486986,1.47796211352425,-1.13133319134561,0.0286054988014453,0.24424374545832,"15040/26396/16177/18186/11739/22059/12567/12915/20525/16453/22335/19056/12048/21423/12257/73181/11651/12442/14283/21937/59008/11740/52206/19057/12443/110196/69957/100683/12444/15039/26395/15461/26398/19645/26406/19384/16451/26420/18176/22333/14534/104111/13555/217232/26417/14972/81601/12028/245000/18706/11911/26419/50883/21813/15015/18709/16818/14281","2224/3683/51529/5602/5604/4776/4609/5971/5291/111/4792/5532/1147/706/3561/3716/10524/5568/4772/3265/581/10393/8295/8881/4089/6722/51433/64682/29882/6416/4791/196883/3134/3718/2648/6776/4790/1386/5295/112/7043/5290/2033/3127/4775/29945/5530/3135/8850/5728/5595/291","hsa05166","mmu05166","Human T-cell leukemia virus 1 infection","Human T-cell leukemia virus 1 infection",-0.612176548787153,1.54355047492762,FALSE,TRUE,-2.60929530486986,2.60929530486986,"opposite direction"
"human_vs_mouse_KD_KEGG","human KD vs control vs mouse KD vs control","KEGG","Thyroid hormone signaling pathway","Thyroid hormone signaling pathway","either",0.05,"opposite direction",-2.6087412557773,2.6087412557773,0.961213231290903,-1.6475280244864,0.692556925569256,0.0154702147442771,"18641/26396/216154/22059/20846/20525/18798/11651/12443/53313/20182/18795/26896/26395/15461/11461/18176/14534/26417/69790/22084/18706/20779/13371/18709/56717/15251/15183/11465","5604/5213/5469/4609/5332/53919/480/5291/23236/3065/476/6258/5568/3265/54361/483/488/5331/487/8841/9969/5333/9611/1735/10499/90390/2648/2099/9968/2308/6714/5295/5290/2033/9282/116931/1499/8850/7067/5595","hsa04919","mmu04919","Thyroid hormone signaling pathway","Thyroid hormone signaling pathway",-1.81050365775459,0.159544523426644,TRUE,FALSE,-2.6087412557773,2.6087412557773,"opposite direction"
"human_vs_mouse_KD_KEGG","human KD vs control vs mouse KD vs control","KEGG","Pathways of neurodegeneration - multiple diseases","Pathways of neurodegeneration - multiple diseases","either",0.05,"opposite direction",-2.60345621155828,2.60345621155828,1.17132987002501,-1.43212634153327,0.28433291124669,0.00388094953972727,"66725/14362/68015/26396/14799/74153/22154/22142/11739/29869/218460/67790/22335/67951/19056/12048/12568/26444/22143/12333/12364/19225/18798/68943/74781/227613/21937/67942/11740/19165/12977/52639/26408/11951/15108/11836/67273/14682/66218/56811/59029/19057/22146/53313/12862/22152/64704/18795/56491/56791/69654/12288/329015/26395/233908/15461/215999/11820/14082/26420/14368/18176/22333/19181/22273/108058/26417/19164/225887/72900/12369/12028/67680/67130/641376/11911/66416/70316/26419/75406","29110/2902/89953/778/84557/5690/6390/55860/1770/10213/5710/6261/818/55669/1537/1460/3028/5719/5481/5685/140775/5684/3265/581/54361/516/4294/10476/27429/1351/9821/84134/65018/55626/5718/7475/10540/57679/2891/53349/4218/488/5331/596/7484/487/6531/8321/9167/11047/8878/7317/10121/7979/817/324/7855/55062/10120/5743/6311/5694/7483/5717/4700/1020/5689/5701/8678/4790/498/8324/10382/9896/10126/509/518/56171/5686/347688/5709/79139/9706/3710/1435/122011/7480/440567/146754/147700/7415/5691/4720/283106/5530/5707/2081/1499/5413/775/4040/80326/4715/5595/3708/120892/291/7277","hsa05022","mmu05022","Pathways of neurodegeneration - multiple diseases","Pathways of neurodegeneration - multiple diseases",-2.4110620039388,0.546172868253322,TRUE,FALSE,-2.60345621155828,2.60345621155828,"opposite direction"
"human_vs_mouse_KD_KEGG","human KD vs control vs mouse KD vs control","KEGG","Lipid and atherosclerosis","Lipid and atherosclerosis","either",0.05,"opposite direction",-2.57629795707214,2.57629795707214,1.14377382524448,-1.43252413182766,0.379808776831109,0.0234170228163477,"54123/50527/22059/22359/19056/12048/18798/11651/24088/21937/17392/26408/266632/19057/20182/18795/15461/26398/15525/117149/16179/17874/26420/18176/21898/16801/108058/109905/18024/26417/12369/12028/15510/18706/20779/11911/26419/76580/12540/18709/11303/14281/26400/22325/14083","5608/998/5602/25833/23118/338/7436/5332/6352/801/5291/23236/4792/5532/1649/1147/6258/929/29110/1573/818/3308/4314/4772/3265/581/4689/5331/596/5906/7184/6416/4780/817/4318/6774/4790/5747/6714/5295/3717/5290/4775/5530/2081/7412/10451/5595/3708/3310/3305","hsa05417","mmu05417","Lipid and atherosclerosis","Lipid and atherosclerosis",-1.63046832090418,0.42043500356615,TRUE,FALSE,-2.57629795707214,2.57629795707214,"opposite direction"
"human_vs_mouse_KD_KEGG","human KD vs control vs mouse KD vs control","KEGG","Cardiac muscle contraction","Cardiac muscle contraction","either",0.05,"opposite direction",2.57465084477795,2.57465084477795,-1.00388905343888,1.57076179133907,0.608302223664989,0.0373702283153667,"110323/20544/66576/11931/12295/110891","4514/4513/4512/4519/1349/7388/1345/27092/59284/6546/27089/444/1347/1337/84679","hsa04260","mmu04260","Cardiac muscle contraction","Cardiac muscle contraction",1.42747424879738,-0.215880595959123,TRUE,FALSE,2.57465084477795,2.57465084477795,"opposite direction"
"human_vs_mouse_KD_KEGG","human KD vs control vs mouse KD vs control","KEGG","T cell receptor signaling pathway","T cell receptor signaling pathway","either",0.05,"opposite direction",-2.56600909183294,2.56600909183294,0.832939602992408,-1.73306948884053,0.868417611159547,0.00582292232875096,"26396/12567/19056/208650/11651/235542/19057/26395/15461/26420/18176/26417/18706/26419/12540/18709/16818/14281/26400/22325/225849/14360/16189/18803/19054/16151/26414/56637/110157/13383","998/84433/5602/5604/5291/4792/5532/1147/4690/5523/5528/4772/3265/5518/2534/5058/5777/5526/5519/4790/5295/5290/4775/5530/5515/10451/5525/5595","hsa04660","mmu04660","T cell receptor signaling pathway","T cell receptor signaling pathway",-2.23485900285434,0.0612713778110571,TRUE,FALSE,-2.56600909183294,2.56600909183294,"opposite direction"
"human_vs_mouse_KD_KEGG","human KD vs control vs mouse KD vs control","KEGG","Cadherin signaling","Cadherin signaling","either",0.05,"opposite direction",-2.54456295456971,2.54456295456971,0.988713548314101,-1.55584940625561,0.655319627008201,0.00115585883896945,"12552/12563/14362/26396/14609/338367/21677/11867/68089/279653/22601/67771/22628/93887/232157/22352/19165/12554/13866/22323/59287/14026/93890/20430/93876/93888/26395/15461/22631/18595/11461/93891/26420/14368/18176/93878/50523/17921/17912/26417/19164/329628/17913/26419/74117/12540/226548/22325/93687/12005/219257/21678/54401/14083/11465/93893","3265/8689/1496/54361/10787/5099/1674/9708/7533/10096/56121/7475/3860/7531/4301/23002/60485/3866/4007/7484/1500/5159/342184/8321/10186/6324/2260/4641/55914/10109/1010/324/2185/7855/3891/7431/10092/8642/7483/6934/8036/56134/4790/473/8324/5747/5501/3882/2033/122011/7480/6259/5098/4647/54510/4643/4542/6788/283446/1499/55851/4040/10095/80326/10451/5595/5499/5156/57526","hsa04519","mmu04519","Cadherin signaling","Cadherin signaling",-2.93709520155562,0.183546824606489,TRUE,FALSE,-2.54456295456971,2.54456295456971,"opposite direction"
"human_vs_mouse_KD_KEGG","human KD vs control vs mouse KD vs control","KEGG","Fc gamma R-mediated phagosome formation","Fc gamma R-mediated phagosome formation","either",0.05,"opposite direction",-2.49260879690377,2.49260879690377,1.00474956856509,-1.48785922833868,0.619638692335059,0.0431929213554858,"11867/50784/68089/67916/17357/67771/11651/22323/56632/18805/13196/26395/218038/11845/18754/26417/330662/242687/18706/18783/74117/12540/18709/211914/227753/22325","1072/5580/10096/123745/5058/6198/65108/10109/50807/10092/1398/2934/8611/5295/3985/8395/5290/5321/8398/10095/10451/5595","hsa04666","mmu04666","Fc gamma R-mediated phagosome formation","Fc gamma R-mediated phagosome formation",-1.36458742142921,0.207861471250224,TRUE,FALSE,-2.49260879690377,2.49260879690377,"opposite direction"
"human_vs_mouse_KD_KEGG","human KD vs control vs mouse KD vs control","KEGG","Platelet activation","Platelet activation","either",0.05,"opposite direction",-2.44011715627464,2.44011715627464,0.849768785087539,-1.5903483711871,0.868417611159547,0.0179985147349359,"12842/12843/19092/12825/19224/18798/11651/107589/22323/14682/18795/11461/16801/104111/109905/26417/18706/20779/18783/18709/11465/14360/70549/16416/54519/16439","5332/5291/111/23236/103910/283748/5568/5584/2771/2773/2534/123745/5331/5906/9002/196883/6714/5295/112/5501/3710/5290/5321/5593/8673/5742/5595/5499/3708","hsa04611","mmu04611","Platelet activation","Platelet activation",-1.74476333206534,0.0612713778110571,TRUE,FALSE,-2.44011715627464,2.44011715627464,"opposite direction"
"human_vs_mouse_KD_KEGG","human KD vs control vs mouse KD vs control","KEGG","Circadian entrainment","Circadian entrainment","either",0.05,"opposite direction",-2.42985528386813,2.42985528386813,0.76779010052406,-1.66206518334407,0.928739495798319,0.0176131890226489,"19092/14799/18798/14682/14701/18795/12288/14693/14708/104111/108058/26417/14281/14688/14696/14802/14706","2906/2778/5332/801/111/23236/2903/2902/8911/5568/6261/818/2771/2773/5187/2891/5331/2783/2775/196883/817/112/3710/5593/775/5595/3708/9252","hsa04713","mmu04713","Circadian entrainment","Circadian entrainment",-1.75416200408096,0.0321060851480571,TRUE,FALSE,-2.42985528386813,2.42985528386813,"opposite direction"
"human_vs_mouse_KD_KEGG","human KD vs control vs mouse KD vs control","KEGG","Signaling pathways regulating pluripotency of stem cells","Signaling pathways regulating pluripotency of stem cells","either",0.05,"opposite direction",-2.4162981614513,2.4162981614513,0.912071378625377,-1.50422678282592,0.768987341772152,0.0318561380969035,"14362/26396/15901/15903/16600/16453/12167/21423/11651/75590/15902/26395/15461/16451/14368/18176/26417/16878/69587/18706","3265/54361/7475/4089/7484/8321/9869/2260/3398/324/4086/7855/10336/6657/7483/6774/9314/3718/8324/5295/3717/5290/7480/1499/80326/2263/5595/3625","hsa04550","mmu04550","Signaling pathways regulating pluripotency of stem cells","Signaling pathways regulating pluripotency of stem cells",-1.49680687463858,0.114080809020092,TRUE,FALSE,-2.4162981614513,2.4162981614513,"opposite direction"
"human_vs_mouse_KD_KEGG","human KD vs control vs mouse KD vs control","KEGG","Non-alcoholic fatty liver disease","Non-alcoholic fatty liver disease","either",0.05,"opposite direction",2.40172965186711,2.40172965186711,-0.832509939851267,1.56921971201584,0.928739495798319,0.0149678215960369,"12125/108079/12367/26403/13198/110323/208104/14102/66576/19079/74769/384783/18710/16476/16367/13666","4514/4513/4512/4519/54205/4698/4710/1349/7040/4694/7388/5879/7132/1345/4725/27089/840/4711/1347/5293/5468/1337/126328/22877/6300/4717/5465/637/4709/7386/4731/4726/125965/51085/5563/355/6391/3725/8660/4704/4296/5565/4707","hsa04932","mmu04932","Non-alcoholic fatty liver disease","Non-alcoholic fatty liver disease",1.82484140190559,-0.0321060851480571,TRUE,FALSE,2.40172965186711,2.40172965186711,"opposite direction"
"human_vs_mouse_KD_KEGG","human KD vs control vs mouse KD vs control","KEGG","IgSF CAM signaling","IgSF CAM signaling","either",0.05,"opposite direction",-2.36112887269324,2.36112887269324,1.00928175566264,-1.3518471170306,0.622920960552174,0.0241187247933659,"20563/20564/98932/12361/26396/18846/107449/22154/22142/18186/11867/67951/22143/68089/67771/11651/227613/53321/71566/218397/107589/22146/22152/17698/26395/11461/109676/11820/26420/19294/11845/13821/192786/109905/26417/11735/18706/20779/170643/26419/11350/74117/12540/18709/16818/22325/225875/14083/259302/11465/14360/22253/16180/16416","7280/57502/8832/1796/9223/3683/998/5602/5604/57689/201633/8497/4685/5291/3739/91584/10398/30835/5803/103910/79827/9788/4690/288/6092/382/5584/5376/10096/4301/2534/4627/5058/78999/2260/50855/5802/5906/10109/10092/57555/4063/5921/5777/5747/10382/2308/6714/5295/10458/347688/51678/5290/9901/253559/23136/2036/1499/10095/9423/10451/5595/8828/57731/9353/7277/4629","hsa04517","mmu04517","IgSF CAM signaling","IgSF CAM signaling",-1.61764565796824,0.205567055385304,TRUE,FALSE,-2.36112887269324,2.36112887269324,"opposite direction"
"human_vs_mouse_KD_KEGG","human KD vs control vs mouse KD vs control","KEGG","Adrenergic signaling in cardiomyocytes","Adrenergic signaling in cardiomyocytes","either",0.05,"opposite direction",-2.28467832948566,2.28467832948566,0.659923427286412,-1.62475490219925,0.992378048780488,0.00582292232875096,"12915/18798/11651/22004/14682/235542/53313/18795/12288/11550/104111/108058/26417/16526/11911","5332/801/490/480/111/23236/476/7134/778/5568/5523/818/5528/2771/2773/5518/483/488/5331/596/487/55799/6324/10411/492/196883/817/786/5526/5519/1386/112/5501/5515/775/5525/5595/5499/784/9252","hsa04261","mmu04261","Adrenergic signaling in cardiomyocytes","Adrenergic signaling in cardiomyocytes",-2.23485900285434,0.00332285080746826,TRUE,FALSE,-2.28467832948566,2.28467832948566,"opposite direction"
"human_vs_mouse_KD_KEGG","human KD vs control vs mouse KD vs control","KEGG","Chemokine signaling pathway","Chemokine signaling pathway","either",0.05,"opposite direction",-2.23143424658259,2.23143424658259,0.875855479967527,-1.35557876661506,0.848867293494037,0.046332472112475,"20846/16453/20847/20312/18798/11651/26385/14682/20315/14701/18795/26395/15461/14693/14708/20416/18176/104111/216148/20306/109905/26417/18706/20779/12540/18709/14688/22325/14083/14696/14706/20304/18803/16452/16151/14702/18797/56637/20848/20307/110157","2268/6011/998/5604/9547/3577/5332/6352/5291/111/23236/4792/673/1147/10663/5568/6355/3265/2771/2773/5580/5058/5331/2829/2931/2783/408/5906/196883/2185/9844/6774/3718/1398/4790/5747/6714/5295/112/2870/3717/5290/6387/10451/5595","hsa04062","mmu04062","Chemokine signaling pathway","Chemokine signaling pathway",-1.33411452698951,0.0711601992826206,TRUE,FALSE,-2.23143424658259,2.23143424658259,"opposite direction"
"human_vs_mouse_KD_KEGG","human KD vs control vs mouse KD vs control","KEGG","Glutathione metabolism","Glutathione metabolism","either",0.05,"shared positive",-1.25002307899535,1.25002307899535,2.11057015172751,0.860547072732165,0.000190912469124801,0.750755179895906,"20135/14873/14381/18263/110208/69065/14782/211666/14870/15926/20810/269951/382985/68312/75475/14629/14768/14854/625249/14869/14630/66988/11758/14863/14775/68044","6241/79017/6611/493869/2686/290/373156/2941","hsa00480","mmu00480","Glutathione metabolism","Glutathione metabolism",0.124501662668844,3.71916570547094,FALSE,TRUE,-1.25002307899535,1.25002307899535,"shared positive"
"human_vs_mouse_KD_KEGG","human KD vs control vs mouse KD vs control","KEGG","Biosynthesis of cofactors","Biosynthesis of cofactors","either",0.05,"shared positive",-0.998550930585532,0.998550930585532,1.84023494211055,0.841684011525018,0.00339217932242779,0.823298758315599,"270685/192185/17768/22169/232087/11566/77697/56520/226518/108037/71883/229949/12035/107272/11639/55936/107508/71743/69719/54128/66588/17025/69568/14629/20751/108156/230027/56316/66812/110006/22276/19286/14854/18104/68646/20425/14287/15288/14630/319945/394435","4833/586/51117/2990/1719/7390/204/8566/154807/125061/55191/4144/93100/205/4830/6697/4831/51109/50808/8836/2356/219/2677/79717/80347/4522/79001/10797","hsa01240","mmu01240","Biosynthesis of cofactors","Biosynthesis of cofactors",0.0844425395831234,2.46952119748774,FALSE,TRUE,-0.998550930585532,0.998550930585532,"shared positive"
"human_vs_mouse_KD_KEGG","human KD vs control vs mouse KD vs control","KEGG","Circadian rhythm","Circadian rhythm","either",0.05,"shared negative",0.93550087914686,0.93550087914686,-2.12133344816162,-1.18583256901476,0.00085057387983955,0.328151746472357,"56438/12912/12952/108079/12953/18628/20893/19079/12753/18627/353187/217166/18626/13170/79362","6500/23291/9575/26224/406/1628/8553/6097/9572/5187/5571/53632/6096/8454/5562/9978","hsa04710","mmu04710","Circadian rhythm","Circadian rhythm",-0.48392528002114,-3.07028795810886,FALSE,TRUE,0.93550087914686,0.93550087914686,"shared negative"
"human_vs_mouse_KD_KEGG","human KD vs control vs mouse KD vs control","KEGG","One carbon pool by folate","One carbon pool by folate","either",0.05,"shared positive",-0.905788204707759,0.905788204707759,1.86277415869931,0.956985953991551,0.0196983229147922,0.629625850340136,"107869/270685/17768/192166/232087/110695/108037/107747/216188/108147/229709/269378/108156/22171/20425/14450","1719/4548/2618/4144/2653/875/7298/4522/10797/275/501/10841","hsa00670","mmu00670","One carbon pool by folate","One carbon pool by folate",0.200917449598152,1.70557074743515,FALSE,TRUE,-0.905788204707759,0.905788204707759,"shared positive"
"human_vs_mouse_KD_KEGG","human KD vs control vs mouse KD vs control","KEGG","Viral life cycle - HIV-1","Viral life cycle - HIV-1","either",0.05,"shared positive",-0.89212740377442,0.89212740377442,1.70691558653268,0.81478818275826,0.0339804976805963,0.82297742009058,"20587/69550/209387/26943/27632/22088/80287/319236/17858/23988/64144/57314/235180/208092/268373/16543/19384/14534/17755/432508/56045","5478/85363/636/27183/1387/51497/55201/22936/4600/25920/27350/9582/10955/9638/60489/7514/200316","hsa03250","mmu03250","Viral life cycle - HIV-1","Viral life cycle - HIV-1",0.0846120802975591,1.46877026471494,FALSE,TRUE,-0.89212740377442,0.89212740377442,"shared positive"
"human_vs_mouse_KD_KEGG","human KD vs control vs mouse KD vs control","KEGG","Base excision repair","Base excision repair","either",0.05,"shared positive",0.86649330002269,0.86649330002269,1.05251018956313,1.91900348958582,0.577944607285996,0.0018552158103414,"16882/11792/19718/104884/59047/328417/18294/234258/66408/16881/66979/71726/268395/235587/69745/18207/18974/26430/106344/18972","328/5425/142/7374/143/4350/11284/8930/2237/10038/79661/54107/4595/5984/55775/5982/252969/6996/5426/11232/7515","hsa03410","mmu03410","Base excision repair","Base excision repair",2.73160556325172,0.238113784248752,TRUE,FALSE,0.86649330002269,0.86649330002269,"shared positive"
"human_vs_mouse_KD_KEGG","human KD vs control vs mouse KD vs control","KEGG","Toll-like receptor signaling pathway","Toll-like receptor signaling pathway","either",0.05,"shared positive",-0.854265234402356,0.854265234402356,1.65263957329113,0.798374338888774,0.0477486401156393,0.864396932372763,"54123/20750/26396/16391/20846/20847/142980/11651/24088/13038/266632/26395/26398/117149/16179/17874/14082/16451/26420/21898/26417/18706/26419/15976/18709/14281/26400/15975/12370/20304/54721/16193/16151/26414/26399","3654/3454/5879/7297/4615/6773/5293/148022/958/7099/6300/5605/3661/3725/8737/6772/23643/3455/7187","hsa04620","mmu04620","Toll-like receptor signaling pathway","Toll-like receptor signaling pathway",0.0632867830381548,1.32103899263906,FALSE,TRUE,-0.854265234402356,0.854265234402356,"shared positive"
"human_vs_mouse_KD_KEGG","human KD vs control vs mouse KD vs control","KEGG","Protein processing in endoplasmic reticulum","Protein processing in endoplasmic reticulum","either",0.05,"shared negative",-0.80205931413542,0.80205931413542,-1.18687850708928,-1.9889378212247,0.321428571428571,1.32561740881109e-05,"81910/77371/56438/69276/81489/22030/110616/13135/72265/74126/14827/12282/109815/226418/14828/100037258/13198/67812/67475/15519/56228/12304/17155/66967/19359/71853/235416/12330/15502/27054/193670/22027/193740/12317/13666/67838/15505/18415/15511","1650/51465/8720/23190/2923/10299/51035/6745/201595/54431/7323/10525/5602/100506742/55768/5034/91319/9632/9709/55829/1649/7095/5887/80267/10952/6747/10427/56681/54788/581/4121/55741/596/55176/10130/55968/3703/84447/10113/7321/8454/7184/4780/7322/573/9695/22872/9532/9601/9978/56886/23480/81567/79139/10277/22824/29978/57134/10294/10273/7415/746/9373/2081/267/1410/3310/3305","hsa04141","mmu04141","Protein processing in endoplasmic reticulum","Protein processing in endoplasmic reticulum",-4.87758180113297,-0.492915521902895,TRUE,FALSE,-0.80205931413542,0.80205931413542,"shared negative"
"human_vs_mouse_KD_KEGG","human KD vs control vs mouse KD vs control","KEGG","Phenylalanine metabolism","Phenylalanine metabolism","either",0.05,"shared negative",-0.79393417585467,0.79393417585467,-1.03260817421883,-1.8265423500735,0.602128657247255,0.0411050685148508,"11754/237940","5053/2805/3242/137362/2806/222/8639/218/4128","hsa00360","mmu00360","Phenylalanine metabolism","Phenylalanine metabolism",-1.38610462356644,-0.22031070282411,TRUE,FALSE,-0.79393417585467,0.79393417585467,"shared negative"
"human_vs_mouse_KD_KEGG","human KD vs control vs mouse KD vs control","KEGG","Aldosterone-regulated sodium reabsorption","Aldosterone-regulated sodium reabsorption","either",0.05,"shared negative",0.74954327637748,0.74954327637748,-1.79030352039694,-1.04076024401946,0.0342158095989112,0.525780758750786,"18607/83814/18752/74769/18710/11931/16367","477/3667/480/5291/476/6446/483/5295/5290/5595","hsa04960","mmu04960","Aldosterone-regulated sodium reabsorption","Aldosterone-regulated sodium reabsorption",-0.279195311195156,-1.46577317946776,FALSE,TRUE,0.74954327637748,0.74954327637748,"shared negative"
"human_vs_mouse_KD_KEGG","human KD vs control vs mouse KD vs control","KEGG","Motor proteins","Motor proteins","either",0.05,"shared negative",-0.73917830714818,0.73917830714818,-1.08663801517576,-1.82581632232394,0.450573735656609,0.00021192017839407,"17918/71819/16576/242584/16593/16553/16569/216459/71602/16561/228421/12340/16559/16571/16572/53598/16573/16574/100502766/16551/229841/110033/68097/59288/16580/432516/19348/240641/16554/17920/16564/70218/17910/56087/67268","10398/7134/103910/89953/3796/4622/55860/1770/4640/6990/3797/23046/10540/399687/4627/72/51168/51626/4641/11127/55614/10121/830/10120/10749/6993/10382/10126/58498/56171/23095/347688/4644/4647/4643/4542/832/146754/147700/22920/283446/285643/55605/7277/58/4629/59","hsa04814","mmu04814","Motor proteins","Motor proteins",-3.67382768912227,-0.346234127285613,TRUE,FALSE,-0.73917830714818,0.73917830714818,"shared negative"
"human_vs_mouse_KD_KEGG","human KD vs control vs mouse KD vs control","KEGG","Drug metabolism - other enzymes","Drug metabolism - other enzymes","either",0.05,"shared positive",-0.72924302141162,0.72924302141162,1.85837463615037,1.12913161473875,0.0131418270040687,0.410145914651717,"22436/20135/14873/56520/23918/15452/211666/14870/66588/382985/68312/22271/110006/14869/80914/68556/394435/14863","6241/1854/7378/4833/8824/1806/2990/4830/7172/7083/2941/4831/54963/83549","hsa00983","mmu00983","Drug metabolism - other enzymes","Drug metabolism - other enzymes",0.387061609976846,1.88134425405867,FALSE,TRUE,-0.72924302141162,0.72924302141162,"shared positive"
"human_vs_mouse_KD_KEGG","human KD vs control vs mouse KD vs control","KEGG","Thermogenesis","Thermogenesis","either",0.05,"shared positive",0.707908528861838,0.707908528861838,0.896123656210842,1.60403218507268,0.849543446244477,0.00417469184575732,"20587/19092/20112/56636/67942/26408/11951/52469/74370/67273/66218/12862/50721/68094/433256/15461/11461/18176/104111/78070/22273/225887/72900/22084/70673/56716/67680/67130/20586/66416/70316/75406/66445/20104/50790/20588/56717/11465/57279/110651/231430/68349/67126/12896/83797","4514/4513/4538/4508/4512/4539/4535/4519/4540/11343/55744/513/4698/4710/1349/4537/539/4694/7388/51287/9586/1345/4725/90639/27089/514/4711/4536/123096/1347/109/64764/8110/6196/284184/5468/1337/126328/10488/1353/4509/9551/6300/4717/65260/4709/7386/148327/4731/4726/6009/90993/125965/5563/6391/5592/4704/115/5565/4707/285521/388753/1374/114/107/51079/25915/137682/515/10975/4716/656","hsa04714","mmu04714","Thermogenesis","Thermogenesis",2.37937557637831,0.0708144061042301,TRUE,FALSE,0.707908528861838,0.707908528861838,"shared positive"
"human_vs_mouse_KD_KEGG","human KD vs control vs mouse KD vs control","KEGG","Inflammatory mediator regulation of TRP channels","Inflammatory mediator regulation of TRP channels","either",0.05,"shared negative",-0.691891312188932,0.691891312188932,-0.798020635527148,-1.48991194771608,0.921436087109014,0.0438906466268561,"18747/14063/11512/271844/211429/246788/29857/232889/16440/22368/18049/12062/18752/74769/18710/234779","5608/5602/5029/2778/5332/801/5291/111/23236/283748/1573/5568/818/41/5580/123745/5331/196883/817/6714/5295/112/5501/3710/5290/5321/8398/5499/3708","hsa04750","mmu04750","Inflammatory mediator regulation of TRP channels","Inflammatory mediator regulation of TRP channels",-1.35762802078622,-0.035534783047729,TRUE,FALSE,-0.691891312188932,0.691891312188932,"shared negative"
"human_vs_mouse_KD_KEGG","human KD vs control vs mouse KD vs control","KEGG","Measles","Measles","either",0.05,"shared positive",-0.66057387004321,0.66057387004321,1.72669008851616,1.06611621847295,0.00678367516444221,0.473134925242205,"54123/246730/230073/246728/71586/16391/23960/246727/22059/12567/20846/16453/12048/208650/20847/14694/11651/19106/17858/24088/23961/266632/12443/12444/17698/16179/17874/14082/16451/26420/21898/12028/71609/18706/26419/15976/18709/14281","894/57506/103/1021/3654/54205/3454/4179/5610/3304/7297/4615/7161/6773/5293","hsa05162","mmu05162","Measles","Measles",0.325014992597946,2.16853495639814,FALSE,TRUE,-0.66057387004321,0.66057387004321,"shared positive"
"human_vs_mouse_KD_KEGG","human KD vs control vs mouse KD vs control","KEGG","Lysosome biogenesis","Lysosome biogenesis","either",0.05,"shared negative",0.65778029482916,0.65778029482916,-2.12333785134846,-1.4655575565193,3.62178931515828e-08,0.0166840840796829,"15586/13032/94178/11974/114128/71240/15212/68724/240283/228545/56325/108664/103199/77573/19063/66144/252972/18010/110173/69091/271564/192654/17939/53599/13340/12492/27426/26889/19156/20597/11765/74105/18145/432486/215335/58911/11984/64138/11973/19141/19349/54170/12752/12514/64933/100561/114143/14628/13030/18711/74325/217265/211978/12757/71732/16784/20661/83429/67474/14420/67300/14466/56433/67166/11966/21425/65114/16783/11605/15211/11964/66335/56692/13033/73834/16004/11972/104082/66848/52187","285641/389541/153201/2629/8649/51311/285362/7805/26985/160/53373/1515/200576/11182/23461/64798/5476/2717/9550/1211/9296/23335/57192/23557/4669/9114/164/8546/4864/5007/1657/7879/51699/55207/537/23545/1176/3073/427/161/50617/55737/535/2548/28956/175/533/9896/2517/10670/9741/51606/528/20/4891/64121/55823/55004/1174/127829/1213/8673/84062/26088/1522/523/10312","hsa04142","mmu04142","Lysosome biogenesis","Lysosome biogenesis",-1.77769763018737,-7.44107681683959,TRUE,TRUE,0.65778029482916,0.65778029482916,"shared negative"
"human_vs_mouse_KD_KEGG","human KD vs control vs mouse KD vs control","KEGG","Hepatitis C","Hepatitis C","either",0.05,"shared positive",-0.65293255536696,0.65293255536696,1.81675976377502,1.16382720840806,0.00236061538976145,0.305118250041429,"54123/246730/230073/15957/246728/26396/16391/23960/246727/22059/12567/20846/20847/142980/11651/19106/22628/17858/21937/23961/11836/12443/26395/12702/58185/15461/22631/19192/16341/19645/14082/16451/18176/13555/26417/12028/71609/18706","1026/57506/1956/1021/54205/3454/5010/5610/7132/7297/6773/5293/3949/148022/6041/9076/5605/5465/4600/637/1870/7529/595/24146/355/3661/8837/8737/6772/3455/4940/572/7187","hsa05160","mmu05160","Hepatitis C","Hepatitis C",0.515531815119813,2.62697476586952,FALSE,TRUE,-0.65293255536696,0.65293255536696,"shared positive"
"human_vs_mouse_KD_KEGG","human KD vs control vs mouse KD vs control","KEGG","Purine metabolism","Purine metabolism","either",0.05,"shared positive",-0.632747797098994,0.632747797098994,1.60835754425609,0.975609747157096,0.0286054988014453,0.622130013831259,"22436/18573/20135/11566/56520/18576/23918/15452/229949/108147/12499/14923/11639/238871/18578/50773/72157/382985/27369/23984/53893/104111/76952/66566/76025/14450/23959/67054/109674/218461/11717/12497/103850/231327/230103/237823/11534/54369/75686/11821/23972/23917/11486/66355/23971/74167/105446","5137/955/6241/4833/131870/84284/4907/2987/51020/9583/9060/11164/204/2618/5152/109/205/4830/1716/4831/353/51292/953/50808/124583","hsa00230","mmu00230","Purine metabolism","Purine metabolism",0.206118846194917,1.54355047492762,FALSE,TRUE,-0.632747797098994,0.632747797098994,"shared positive"
"human_vs_mouse_KD_KEGG","human KD vs control vs mouse KD vs control","KEGG","Oocyte meiosis","Oocyte meiosis","either",0.05,"shared negative",-0.609147797876911,0.609147797876911,-0.937080676802059,-1.54622847467897,0.72664682627815,0.0431929213554858,"22629/12566/105988/12235/268697/208922/12534/21770/22627/26932/67579/20878/231207","132864/5568/818/5528/5518/10393/7533/7531/8881/51433/64682/29882/8454/196883/817/5526/5519/9978/112/5501/3710/29945/5530/5515/22849/5525/5595/5499/3708","hsa04114","mmu04114","Oocyte meiosis","Oocyte meiosis",-1.36458742142921,-0.138676618943797,TRUE,FALSE,-0.609147797876911,0.609147797876911,"shared negative"
"human_vs_mouse_KD_KEGG","human KD vs control vs mouse KD vs control","KEGG","Rap1 signaling pathway","Rap1 signaling pathway","either",0.05,"shared negative",-0.577462943616406,0.577462943616406,-0.974111825674784,-1.55157476929119,0.672297051328722,0.00736370131161652,"13836/14184/64143/13637/12928/14062/14924/14171/57257/18049/18590/53978/76089/18752/17356/58220/99470/14681/74769/18710/12929/13636/16399/13638/14254/17532","9223/3683/5608/2249/998/5604/2778/5332/1436/801/5291/111/2846/23236/673/2903/7422/2902/4254/83593/7423/5584/3265/2771/2773/9170/2889/2255/4301/5331/1500/5159/2260/2775/50855/5906/9002/10411/196883/5900/6494/1398/26037/6714/1942/5295/112/1435/5290/284/260425/2277/1499/2263/10451/5595/5156/3082/2252","hsa04015","mmu04015","Rap1 signaling pathway","Rap1 signaling pathway",-2.13290383577741,-0.172438793541459,TRUE,FALSE,-0.577462943616406,0.577462943616406,"shared negative"
"human_vs_mouse_KD_KEGG","human KD vs control vs mouse KD vs control","KEGG","Relaxin signaling pathway","Relaxin signaling pathway","either",0.05,"shared positive",-0.52998809838994,0.52998809838994,1.57279268920549,1.04280459081555,0.0286054988014453,0.494675222334797,"11475/12842/12843/12826/26396/12915/12825/12827/18798/11651/14701/18795/26395/15461/26398/14693/14708/26420/20416/18176/17386/104111/216148/26417/22339/18706/20779/11911/26419/21813/18709/14281/14688/26400/14696/14706/94216/17395/21803/13618/14702/18797/13649/26414","1282/1284/1956/1288/4312/7040/9586/5578/2791/25759/1906/7046/2770/1287/55970/5293/109/64764","hsa04926","mmu04926","Relaxin signaling pathway","Relaxin signaling pathway",0.305679842360228,1.54355047492762,FALSE,TRUE,-0.52998809838994,0.52998809838994,"shared positive"
"human_vs_mouse_KD_KEGG","human KD vs control vs mouse KD vs control","KEGG","NOD-like receptor signaling pathway","NOD-like receptor signaling pathway","either",0.05,"shared positive",-0.52457313730991,0.52457313730991,1.66166884133729,1.13709570402738,0.0119522952545945,0.328151746472357,"55932/54123/15944/246730/15951/54396/229900/246728/69146/14469/16391/23960/246727/20846/22335/12048/24105/20847/12364/12363/18798/23961/266632/22166/18795/14468/215999/17874/14082/16451/26420/22333/21898/26417/74006/107607/216877/26419","57506/3428/3454/837/2635/118429/22861/3320/7297/4615/1535/84168/6773/7205/9140/7158/1508/24145/22900/148022/81858/7099/10392/6041/6300/7416/55072/7295/598/3709/3661/3725/8737/6772/340061/3455/29108/79184/4940/7187/81631","hsa04621","mmu04621","NOD-like receptor signaling pathway","NOD-like receptor signaling pathway",0.48392528002114,1.92254868712696,FALSE,TRUE,-0.52457313730991,0.52457313730991,"shared positive"
"human_vs_mouse_KD_KEGG","human KD vs control vs mouse KD vs control","KEGG","Estrogen signaling pathway","Estrogen signaling pathway","either",0.05,"shared negative",-0.51578362288674,0.51578362288674,-1.07458288550268,-1.59036650838942,0.543909121282994,0.0240197675722183,"15519/20683/17977/22027/14681/74769/193740/18710/16476/13033/15511","5332/801/5291/111/23236/5568/5443/3265/8689/2771/2773/5580/3860/3866/5331/596/2775/7184/196883/9166/10499/4313/4318/2099/1386/6714/5295/112/3710/5290/3882/5595/3708/3310/3305","hsa04915","mmu04915","Estrogen signaling pathway","Estrogen signaling pathway",-1.61943119937239,-0.264473658063563,TRUE,FALSE,-0.51578362288674,0.51578362288674,"shared negative"
"human_vs_mouse_KD_KEGG","human KD vs control vs mouse KD vs control","KEGG","Basal cell carcinoma","Basal cell carcinoma","either",0.05,"shared negative",0.51563681780947,0.51563681780947,-1.68946411330635,-1.17382729549688,0.0286054988014453,0.328151746472357,"14366/12018/107986/13197/19207/19206/24069/21414/12006/16576/14634/14369/22410/216795/11789/14367/21415/12159/27015/14632/17873/23882","581/54361/7475/6608/7484/51684/8321/324/7855/7483/6934/8324/10912/7480/650/1499/80326","hsa05217","mmu05217","Basal cell carcinoma","Basal cell carcinoma",-0.48392528002114,-1.54355047492762,FALSE,TRUE,0.51563681780947,0.51563681780947,"shared negative"
"human_vs_mouse_KD_KEGG","human KD vs control vs mouse KD vs control","KEGG","Necroptosis","Necroptosis","either",0.05,"shared positive",-0.50837190831928,0.50837190831928,1.56471372116243,1.05634181284315,0.0286054988014453,0.494675222334797,"58203/16391/11739/20846/16453/22335/14319/24105/20847/142980/15270/12333/14661/19106/21937/11740/20852/208092/74568/268373/66700/14082/16451/26420/22333/21898/108058/74006/12028/71609/26419/18783","5478/293/8795/3454/142/3460/5836/5610/7132/3320/7297/51652/94239/55506/27183/2495/6773/3459/148022/81858/7099/7416/55072/637/8334/823/355/8837/8737/6772/3455/2752/29108/5834","hsa04217","mmu04217","Necroptosis","Necroptosis",0.305679842360228,1.54355047492762,FALSE,TRUE,-0.50837190831928,0.50837190831928,"shared positive"
"human_vs_mouse_KD_KEGG","human KD vs control vs mouse KD vs control","KEGG","Herpes simplex virus 1 infection","Herpes simplex virus 1 infection","either",0.05,"shared positive",-0.50808574357272,0.50808574357272,1.81963773534211,1.31155199176939,0.001091192195909,0.129896133149794,"54123/15040/246730/12266/230073/69550/246728/71586/20684/16391/67996/23960/246727/22059/224045/20846/13685/12048/20847/142980/11651/19106/78781/24088/21937/20383/23961/266632/21354/15039/12702/16179/17874/108067/14082/16451/19294/14972/22084/12028/71609/18706/20779/15015/20382/15976/18709/110809/56717/225027/15975/230979/16416/213233/14964/12370/20304/16452/54721","3133/57506/3654/54205/3454/6672/567/3460/5610/7132/5371/7297/4615/3106/5818/6891/6773/5293/3459/148022/6041/5819/55080/637/598/6429/115004/10189/6009/56829/6890/355/3661/5781/3115/3107/6772/340061/3455/3111/29990/4940/572/7187","hsa05168","mmu05168","Herpes simplex virus 1 infection","Herpes simplex virus 1 infection",0.886403777154091,2.96209874870462,FALSE,TRUE,-0.50808574357272,0.50808574357272,"shared positive"
"human_vs_mouse_KD_KEGG","human KD vs control vs mouse KD vs control","KEGG","Endocytosis","Endocytosis","either",0.05,"shared negative",-0.48983174034392,0.48983174034392,-1.11990724942107,-1.60973898976499,0.362733867888507,0.00115585883896945,"14184/12340/56324/12389/98878/16572/69091/54198/16573/18720/16574/106572/19341/75767/107338/216963/22034/83814/71955/11842/271457/330192/211673/68767/19349/58220/74325/12757/193740/67300/56433/73728/65114/11841/107305/16004/28006/15511","23527/998/11021/128866/27243/80230/22905/5869/644150/3577/160/11059/3561/9372/57132/9525/9922/10564/1211/382/254122/5584/9815/3265/60682/10096/29934/84313/4218/56904/30011/6457/408/10015/7251/50855/10890/7879/51699/10109/116984/50807/6643/79643/830/10938/10092/161/55737/1601/3134/51100/23096/6714/10565/116988/2870/8395/64744/381/1759/832/8723/1213/3135/5662/10095/2263/5156/4734/3310/9897/3305","hsa04144","mmu04144","Endocytosis","Endocytosis",-2.93709520155562,-0.440411893136385,TRUE,FALSE,-0.48983174034392,0.48983174034392,"shared negative"
"human_vs_mouse_KD_KEGG","human KD vs control vs mouse KD vs control","KEGG","mTOR signaling pathway","mTOR signaling pathway","either",0.05,"shared negative",-0.46501561708201,0.46501561708201,-1.17435590287119,-1.6393715199532,0.336474060619821,0.00518195927817464,"216742/22410/66144/108079/64930/72446/16973/64898/18607/216795/56032/11973/80909/54170/18752/329679/74769/14367/18710/16367/11966/11964/66335/56692/73834/52187","11211/389541/3667/5604/8649/6197/81617/5291/673/1147/1978/6446/96459/64798/57600/9550/9296/9681/3265/9663/54361/7475/6249/7484/6198/8321/9470/81929/7855/7483/28956/253260/5562/8324/5295/10670/51606/528/729438/9706/5290/64121/7480/55004/4040/80326/5728/5595/523","hsa04150","mmu04150","mTOR signaling pathway","mTOR signaling pathway",-2.28550600418955,-0.473048410678925,TRUE,FALSE,-0.46501561708201,0.46501561708201,"shared negative"
"human_vs_mouse_KD_KEGG","human KD vs control vs mouse KD vs control","KEGG","Phagocytosis","Phagocytosis","either",0.05,"shared negative",-0.45796457135066,0.45796457135066,-1.26186930161451,-1.71983387296517,0.196122927581106,0.00049916715282413,"68097/271457/20778/12330/59288/11984/11973/78610/19349/114143/13030/18711/57436/71732/74769/67443/16784/18710/67526/12317/11966/56486/16783/11964/66335/13033/73834/11972","9554/23710/7846/7096/51143/3684/26130/114876/248/55054/2204/3916/140735/7280/8417/4153/89849/4353/5869/6844/8547/83658/5291/30835/200576/929/84557/55860/10952/1991/9550/5657/6990/9296/9902/7058/4689/10540/9114/55176/51626/23673/7879/10121/537/23545/4318/6810/10120/50617/7405/535/7059/3134/8678/6993/533/10382/5295/51606/23480/1080/528/347688/4481/5290/3127/1759/55823/3135/11337/718/523/10312/7277","hsa04145","mmu04145","Phagocytosis","Phagocytosis",-3.30175400068255,-0.707471632543797,TRUE,FALSE,-0.45796457135066,0.45796457135066,"shared negative"
"human_vs_mouse_KD_KEGG","human KD vs control vs mouse KD vs control","KEGG","Type II diabetes mellitus","Type II diabetes mellitus","either",0.05,"shared negative",-0.45680631082409,0.45680631082409,-1.20798545583929,-1.66479176666338,0.37356893977103,0.046332472112475,"216019/15275/74769/384783/18710/16367","389692/8835/6833/774/5602/3667/5291/777/3101/5313/5580/3098/5295/5290/775/5595","hsa04930","mmu04930","Type II diabetes mellitus","Type II diabetes mellitus",-1.33411452698951,-0.42762924016896,TRUE,FALSE,-0.45680631082409,0.45680631082409,"shared negative"
"human_vs_mouse_KD_KEGG","human KD vs control vs mouse KD vs control","KEGG","Mitophagy - animal","Mitophagy - animal","either",0.05,"shared negative",-0.44007988812381,0.44007988812381,-1.15551893326427,-1.59559882138808,0.379808776831109,0.0180463793295124,"19344/214952/13665/100756/23806/67952/74143/22186/68350/52440/66687/226421/22030/56480/13001/270096/93739/56715/22190/20683/94044/71648/271457/19349/17966/57436/67443/16476/21425/13666/56486/17827/17532","29110/9868/84557/25820/10651/55669/1460/3265/84134/65018/55626/10075/139341/9958/84749/7879/8878/10370/51024/8678/6714/7415/283106/267/11337/54708","hsa04137","mmu04137","Mitophagy - animal","Mitophagy - animal",-1.7436099181319,-0.42043500356615,TRUE,FALSE,-0.44007988812381,0.44007988812381,"shared negative"
"human_vs_mouse_KD_KEGG","human KD vs control vs mouse KD vs control","KEGG","Diabetic cardiomyopathy","Diabetic cardiomyopathy","either",0.05,"shared positive",0.42820447720911,0.42820447720911,1.23042366937151,1.65862814658062,0.28023598820059,0.0048726919649293,"12842/12843/14381/11739/14782/20525/14936/22335/12825/18798/11651/67942/11740/11951/67273/66218/53313/12862/18795/110854/11421/26420/18597/14433/22333/22273/108058/225887/72900/67680/67130/18706/66416/70316/26419/75406/21813/66445/18709/236900/56717","4514/4513/4538/4508/4512/4539/293/4535/4519/4540/513/142/4698/4710/1349/4537/9945/539/7040/4694/7388/5879/1345/4725/5880/5578/1535/4088/27089/514/4711/4536/7046/1347/5293","hsa05415","mmu05415","Diabetic cardiomyopathy","Diabetic cardiomyopathy",2.31223104237611,0.552476092914234,TRUE,FALSE,0.42820447720911,0.42820447720911,"shared positive"
"human_vs_mouse_KD_KEGG","human KD vs control vs mouse KD vs control","KEGG","Influenza A","Influenza A","either",0.05,"shared positive",-0.41123751597485,0.41123751597485,1.88481814293115,1.4735806269563,0.00168038965154973,0.043310466425852,"54123/246730/230073/246728/71586/26396/16391/23960/246727/11739/12567/20846/20847/142980/11651/19106/17858/21937/11740/19326/217069/23961/266632/110196/26395/12702/58185/11461/17874/14082/16451/22333/21898/26417/54196/12028/66679/71609/18706","293/8795/57506/103/1021/54205/3454/3460/5610/10241/7132/5371/7297/4615/5578/3337/1387/6773/5293/3838/3459/148022/7706/7099/6041/7416/5605/4600/637/355/3661/3115/6772/3455/3111/29108/4940/7187","hsa05164","mmu05164","Influenza A","Influenza A",1.36340713917288,2.77459000166909,TRUE,TRUE,-0.41123751597485,0.41123751597485,"shared positive"
"human_vs_mouse_KD_KEGG","human KD vs control vs mouse KD vs control","KEGG","Gastric cancer","Gastric cancer","either",0.05,"shared negative",-0.39509302205519,0.39509302205519,-1.03984820710538,-1.43494122916057,0.556494820812001,0.0430471818015593,"242705/12566/16973/14171/216795/14388/11789/74769/14367/21808/18710/21415/27015/17873/23882","3265/1496/581/54361/7475/2255/4089/596/7484/6198/8321/5243/324/7855/7483/6934/8324/5295/7043/5290/10912/122011/7480/1499/4040/80326/2263/5595/3082/2252","hsa05226","mmu05226","Gastric cancer","Gastric cancer",-1.36605527552495,-0.25453887320391,TRUE,FALSE,-0.39509302205519,0.39509302205519,"shared negative"
"human_vs_mouse_KD_KEGG","human KD vs control vs mouse KD vs control","KEGG","Ras signaling pathway","Ras signaling pathway","either",0.05,"shared negative",-0.383184133517686,0.383184133517686,-0.958025937713384,-1.34121007123107,0.725348003667584,0.041631644296617,"58231/56480/232889/13836/14184/64143/225845/18479/13637/13712/14704/23871/56289/14171/271457/18049/18590/18752/14388/17356/74769/240057/18710/13636/14389/13638/14254/17532/234779","1436/801/115727/5291/2903/1147/7422/29110/2902/283748/4254/5568/83593/382/7423/3265/2255/4301/8831/123745/5058/5159/2783/2260/10928/5906/11145/5900/5921/4303/8036/8315/4790/1942/5295/1435/5290/4763/284/5321/2277/8398/2263/23179/5595/5156/3082/2252","hsa04014","mmu04014","Ras signaling pathway","Ras signaling pathway",-1.38057643574198,-0.139453579896486,TRUE,FALSE,-0.383184133517686,0.383184133517686,"shared negative"
"human_vs_mouse_KD_KEGG","human KD vs control vs mouse KD vs control","KEGG","Cytoskeleton in muscle cells","Cytoskeleton in muscle cells","either",0.05,"shared positive",-0.35006490492788,0.35006490492788,1.55989090870718,1.2098260037793,0.0251450833460895,0.189142698873161,"14119/12842/12843/98932/12111/12826/14118/12833/12835/12834/11603/22793/13003/213019/241226/12832/12825/12827/16419/14201/21827/22004/15529/16403/22352/14268/70435/223697/21826/319480/11461/109676/18073/13808/13726/24052/16773/54132/14115","1282/1284/1301/1293/23353/2273/1292/7138/2201/84823/2010/1829/1291/51332/375790/1288/56776/1832/3676/9672/8910/3696/3675/85301/29767/22801/7057/1287/284217/3930/1299/6443/79188/6641/22795/1289/4001/27295/481/29766/1729/1298","hsa04820","mmu04820","Cytoskeleton in muscle cells","Cytoskeleton in muscle cells",0.723210418316762,1.59954692052479,FALSE,TRUE,-0.35006490492788,0.35006490492788,"shared positive"
"human_vs_mouse_KD_KEGG","human KD vs control vs mouse KD vs control","KEGG","Longevity regulating pathway - multiple species","Longevity regulating pathway - multiple species","either",0.05,"shared negative",-0.30846698125905,0.30846698125905,-1.36905783029627,-1.67752481155532,0.20513931251559,0.0216563269812007,"19079/74769/384783/193740/18710/16367/15511","5291/111/3065/5568/81570/3265/5571/53632/6198/196883/5562/2308/5295/112/5290/1410/3310/3305","hsa04213","mmu04213","Longevity regulating pathway - multiple species","Longevity regulating pathway - multiple species",-1.66441519992969,-0.687951104270605,TRUE,FALSE,-0.30846698125905,0.30846698125905,"shared negative"
"human_vs_mouse_KD_KEGG","human KD vs control vs mouse KD vs control","KEGG","Chemical carcinogenesis - reactive oxygen species","Chemical carcinogenesis - reactive oxygen species","either",0.05,"shared positive",0.30709065310141,0.30709065310141,1.28476875678544,1.59185940988685,0.21741147363538,0.00582292232875096,"26396/14873/11739/15234/22335/211666/11651/67942/11740/26408/11951/11836/67273/66218/18805/12862/50868/26395/68312/15461/26398/26420/18176/22333/22273/18024/26417/225887/72900/22339/18104/67680/67130/18706/20779/66416/70316/26419/75406/11350/66445/13078/18709/14281/26400/15251/14863/14083","4514/4513/4538/4508/4512/4539/293/4535/4519/4540/1545/1956/513/196/4698/4710/1349/4537/539/4694/7388/5879/1345/4725/5770/1535/27089/5587/514/4711/4536/65010/1347/5293/52/10105/1337/126328/4509/6300/2941/4717/7416","hsa05208","mmu05208","Chemical carcinogenesis - reactive oxygen species","Chemical carcinogenesis - reactive oxygen species",2.23485900285434,0.662717540263311,TRUE,FALSE,0.30709065310141,0.30709065310141,"shared positive"
"human_vs_mouse_KD_KEGG","human KD vs control vs mouse KD vs control","KEGG","Ribosome","Ribosome","either",0.05,"shared positive",0.30001388319498,0.30001388319498,2.04211043059231,2.34212431378729,1.34637213036005e-06,3.46e-08,"27397/27207/27050/27370/14694/20091/68028/19946/26961/20085/67427/20103/68537/54217/67707/66047/27367/19934/16898/67945/68836/66407/268449/319195/76808/19896/27398/270106/27176/94067/56040/619547/67115/269261/64659/16785/20102/67281/19981/67891/11837/68436/100043813/121022/65111/56282/20090/19944/68052/66489/20116/19982/20104/67097/100502825/107732/94062/66242/67212/118451/22121/19943/19951/67270/353242/69163/20084/100503670/75617/67025/66480/66230/19935/66448/27395/19942/664969/50529/18100/66258/56284/19988/20115/114641/76846/94066/54127/102632403/20005/57294/78294/110954/19989/107734/64660/94064/68611/67941/67248","6187/6130/6128/6228/6146/3921/6159/6129/11222/6171/116832/64969/6133/6218/7818/23107/6231/55173/6230/6136/6224/60488/6144/51253/64975/23521/6232/128308/51121/51318/9553/6124/9045/11224/740/6158/6189/65003/6122/64963/6150/6233/6201/6170/65080/64983/79590/57129/6173/6235/51187/6210/6204/26589/10573/6234/6182/51021/51264/6205/6137/64968/51263/6141/64979","hsa03010","mmu03010","Ribosome","Ribosome",7.46092390120722,5.87083488675008,TRUE,TRUE,0.30001388319498,0.30001388319498,"shared positive"
"human_vs_mouse_KD_KEGG","human KD vs control vs mouse KD vs control","KEGG","PI3K-Akt signaling pathway","PI3K-Akt signaling pathway","either",0.05,"shared positive",-0.2941086548771,0.2941086548771,1.51395380005544,1.21984514517834,0.0121206510758779,0.165513888235386,"74551/12842/16775/78134/12843/20750/18414/14178/12826/12833/12835/26396/12834/68401/13874/74747/21923/15234/22059/12567/12915/14936/16453/13685/241226/12048/12827/16419/56636/14600/11651/22628/21827/24088/16403/75778/14268/12977/13866/74370/235542/12443/12444/14701/21826/26987/26395/15461/319480/22631/18595/14693/14708/16451/18176/11876/16773/21898/13639/26417/13640/22084/22339/56716/226519/18706/11911/11600/15976/20104/18709/14688/16188/17210/56717/71785/15975/67168/54401/14083/14696/225849/109700/14706/11839/16416/16189/18596/94216/14173","3481/1282/1284/894/1293/3371/2321/1026/1292/1956/1021/9180/3454/1291/1288/3676/5879/3912/3910/9586/1969/3320/5578/2791/3696/3675/2250/22801/7057/117145/1287/284217/55970/5293/64764/3815/3575/5527/1299/3911/4170/3566/3913/672/4193/7099/56034/3914/10488/7039/5649/2149/1129","hsa04151","mmu04151","PI3K-Akt signaling pathway","PI3K-Akt signaling pathway",0.781165558801072,1.91647405087381,FALSE,TRUE,-0.2941086548771,0.2941086548771,"shared positive"
"human_vs_mouse_KD_KEGG","human KD vs control vs mouse KD vs control","KEGG","Coronavirus disease","Coronavirus disease","either",0.05,"shared positive",-0.27896497090373,0.27896497090373,2.1908383860191,1.91187341511537,3.42e-08,3.04156054962044e-05,"246730/100038882/12266/230073/50908/246728/71586/16391/23960/246727/18186/20846/50909/27207/20847/142980/27050/27370/20091/19106/68028/17858/24088/21937/19946/26961/20085/67427/20103/17392/23961/54217/266632/27367/19934/16898/67945/12268/268449/319195/76808/19896/270106/27176/16179/17874/11421/56040/619547/67115/16451/269261/26420/16785/21898/20102/67281/19981/67891/26417/11837/68436/100043813/20090/19944/18706/68052/26419/66489/20116/15976/19982/20104/18709/67097/100502825/14281/15975/22121/19943/19951/317677/20084/100503670/18803/54721/75617/67025/16193/16151/66480/72512/19942/13649/26414/664969/17174/20848/19988/20115/114641/56417/76846/667277/54127/102632403","6187/6130/6128/6228/6146/57506/3921/6159/103/6129/6171/1956/3654/3454/116832/6133/6218/4312/5610/6231/6230/6136/6224/7132/6144/7297/4615/23521/6232/5578/51121/6124/9045/11224/6773/5293/6158/6189/6122/8829/6233/6201/6170/7099/6173/6300/6235/51187/6210/9636/6204/4600/5336","hsa05171","mmu05171","Coronavirus disease","Coronavirus disease",4.51690353343276,7.46597389394386,TRUE,TRUE,-0.27896497090373,0.27896497090373,"shared positive"
"human_vs_mouse_KD_KEGG","human KD vs control vs mouse KD vs control","KEGG","Synaptic vesicle cycle","Synaptic vesicle cycle","either",0.05,"shared negative",-0.26811880600833,0.26811880600833,-1.72589328263537,-1.9940120886437,0.0251450833460895,0.00108947883112926,"11984/11973/114143/74325/12757/20907/67300/11966/20908/11964/66335/73834/11972","10815/6511/774/8775/6534/6844/160/6539/440279/6532/9550/1211/9296/5864/9114/6531/10814/23545/161/50617/535/6812/533/51606/528/1759/1213/523/10312","hsa04721","mmu04721","Synaptic vesicle cycle","Synaptic vesicle cycle",-2.96278120379594,-1.59954692052479,TRUE,TRUE,-0.26811880600833,0.26811880600833,"shared negative"
"human_vs_mouse_KD_KEGG","human KD vs control vs mouse KD vs control","KEGG","Nucleotide metabolism","Nucleotide metabolism","either",0.05,"shared positive",-0.1664311110791,0.1664311110791,1.82821191204399,1.66178080096489,0.00419620992955412,0.0179985147349359,"22436/22169/20135/11566/56520/320685/23918/15452/229949/12499/14923/11639/55936/50773/66588/382985/27369/68106/22271/76952/22171/66566/76025/80914/68556/23959/109674/11717/12497/103850/66422/11534/51797/54369/75686/11821/23917/11486/66355/21877/105446/110074","955/6241/1854/7378/4833/1635/131870/84284/4907/2987/51020/9583/204/1841/205/4830/7083/1716/4831/353/51292/953/50808/124583/7298/54963/83549/51251/8623","hsa01232","mmu01232","Nucleotide metabolism","Nucleotide metabolism",1.74476333206534,2.37714279288879,TRUE,TRUE,-0.1664311110791,0.1664311110791,"shared positive"
"human_vs_mouse_KD_KEGG","human KD vs control vs mouse KD vs control","KEGG","MAPK signaling pathway","MAPK signaling pathway","either",0.05,"shared negative",-0.13644356649063,0.13644356649063,-1.3886483391862,-1.52509190567683,0.0465041676056482,0.0048726919649293,"17165/22030/58231/15507/72349/232889/13836/338372/319520/14184/12367/20807/18479/14013/13637/26403/13712/269881/12928/13198/26940/22034/14171/14102/26412/18018/18049/381921/18590/76089/18752/15370/17347/193740/21808/330177/12929/30957/12295/13636/16476/63953/56692/13638/70686/14254/17532/18218/19099/26401/15511/17873/23882","5608/2249/998/5602/5604/8649/23118/5778/1847/4609/6197/5971/1436/1852/115727/5532/1649/673/1147/51347/7422/929/84867/283748/778/4254/8911/5568/777/7423/4772/3265/4294/9448/2255/1843/123745/5058/6722/55799/5159/3164/2668/5495/408/2260/5906/5494/6416/4791/11184/786/8491/5921/7786/4149/1398/4790/1386/1942/7043/1435/10912/4763/4775/284/6788/5321/5530/2277/775/2263/11221/5595/5156/784/3082/3310/3305/2252/9252","hsa04010","mmu04010","MAPK signaling pathway","MAPK signaling pathway",-2.31223104237611,-1.33250812480831,TRUE,TRUE,-0.13644356649063,0.13644356649063,"shared negative"
"human_vs_mouse_KD_KEGG","human KD vs control vs mouse KD vs control","KEGG","Collecting duct acid secretion","Collecting duct acid secretion","either",0.05,"shared negative",-0.0830138761531098,0.0830138761531098,-2.09420084917283,-2.17721472532594,0.00419620992955412,0.00108947883112926,"21871/11975/11974/66144/11984/11973/11966/11964/66335/73834/11972","9550/9296/9114/23545/50617/535/528/523/10312","hsa04966","mmu04966","Collecting duct acid secretion","Collecting duct acid secretion",-2.96278120379594,-2.37714279288879,TRUE,TRUE,-0.0830138761531098,0.0830138761531098,"shared negative"
"human_vs_mouse_KD_KEGG","human KD vs control vs mouse KD vs control","KEGG","Integrin signaling","Integrin signaling","either",0.05,"shared positive",-0.05297849126996,0.05297849126996,1.5146775094572,1.46169901818724,0.0477486401156393,0.0431929213554858,"12842/16775/12843/12266/20750/12826/14118/12833/12835/12834/21923/15234/241226/12827/16419/11651/192176/21827/16403/14268/13866/12443/12444/21826/57342/319480/18595/11461/16773/114249/22339/226519/18706/20779/12540/18709/56717/71785/14083/109700/11465/70549/16416/18596/94216","1282/1284/894/1293/3371/2321/1292/1956/1291/1288/64098/7040/3676/5879/3912/3910/5880/3696/3675/22801/5829/7057/1287/284217/5293/1299/3911/3913/56034/3914/5649/3682/3915/1298/5881/595","hsa04518","mmu04518","Integrin signaling","Integrin signaling",1.36458742142921,1.32103899263906,TRUE,TRUE,-0.05297849126996,0.05297849126996,"shared positive"
"human_vs_mouse_KD_KEGG","human KD vs control vs mouse KD vs control","KEGG","Rheumatoid arthritis","Rheumatoid arthritis","either",0.05,"shared negative",-0.0351698690821201,0.0351698690821201,-1.6253509137202,-1.66052078280232,0.0465041676056482,0.0180463793295124,"11984/11973/114143/21808/16476/11966/11964/66335/73834/14254/11972","9550/9296/4314/9114/537/23545/50617/535/533/51606/7043/528/1435/3127/284/6387/523/10312","hsa05323","mmu05323","Rheumatoid arthritis","Rheumatoid arthritis",-1.7436099181319,-1.33250812480831,TRUE,TRUE,-0.0351698690821201,0.0351698690821201,"shared negative"
"human_vs_mouse_KD_KEGG","human KD vs control vs mouse KD vs control","KEGG","Pyrimidine metabolism","Pyrimidine metabolism","either",0.05,"shared positive",-0.02914707275901,0.02914707275901,1.78158881171987,1.75244173896086,0.0207487466842848,0.0154702147442771,"22169/20135/56520/320685/12499/55936/50773/69719/66588/382985/68106/22271/76952/22171/76025/80914/68556/23959","955/6241/1854/7378/4833/1635/4907/1806/51020/9583/1841/4830/7083/4831/953/124583/7298/54963/83549/51251/8623","hsa00240","mmu00240","Pyrimidine metabolism","Pyrimidine metabolism",1.81050365775459,1.68300813145975,TRUE,TRUE,-0.02914707275901,0.02914707275901,"shared positive"
"human_vs_mouse_KD_KEGG","human KD vs control vs mouse KD vs control","KEGG","Autophagy - animal","Autophagy - animal","either",0.05,"shared negative",0.02588848967197,0.02588848967197,-1.61252875226064,-1.58664026258867,0.00966359642696714,0.00582292232875096,"56480/77573/108079/64930/93739/53331/100502698/76559/22190/18607/22034/56790/71648/19324/78610/237782/19349/54170/56418/13030/17966/57436/71732/74769/67443/16784/384783/67474/68118/100504663/18710/170749/67526/16367/13666/56486/16783/13033/17532/52187","26003/3916/203228/4077/8417/89849/5602/3667/5604/83452/8897/5291/5861/29110/64419/64798/84557/5568/140775/3265/5580/9821/55626/53349/4218/23604/596/6198/7879/8878/55062/7405/23001/51100/5562/8678/5295/10670/57448/9706/5290/9110/64121/55823/8673/5515/2081/11337/5728/5595/3708","hsa04140","mmu04140","Autophagy - animal","Autophagy - animal",-2.23485900285434,-2.01486121543662,TRUE,TRUE,0.02588848967197,0.02588848967197,"shared negative"
"human_vs_mouse_KD_KEGG","human KD vs control vs mouse KD vs control","KEGG","Virion - Lassa virus and SFTS virus","Virion - Lassa virus and SFTS virus","either",0.05,"shared negative",-0.0132836891207702,0.0132836891207702,-1.79642676998878,-1.80971045910955,0.0606266494980226,0.0438906466268561,"16784/16783/75599","30835/5099/4627/1605/8828/4629","hsa03273","mmu03273","Virion - Lassa virus and SFTS virus","Virion - Lassa virus and SFTS virus",-1.35762802078622,-1.21733643217288,TRUE,FALSE,-0.0132836891207702,0.0132836891207702,"shared negative"
"human_vs_mouse_KD_KEGG","human KD vs control vs mouse KD vs control","KEGG","ECM-receptor interaction","ECM-receptor interaction","either",0.05,"shared positive",-0.0019410006323699,0.0019410006323699,1.83726228656829,1.83532128593592,0.00888295848257154,0.00289096750886387,"12842/16775/12843/20750/12826/12833/16423/12835/12834/11603/21923/241226/12827/16419/21827/16403/14268","1282/1284/1293/3371/1292/1291/375790/1288/3676/9900/3912/3910/3696/3675/22801/7057/1287/960/284217/1299/3911/3913/3914/5649/3915/1298","hsa04512","mmu04512","ECM-receptor interaction","ECM-receptor interaction",2.53895678927034,2.05144236770441,TRUE,TRUE,-0.0019410006323699,0.0019410006323699,"shared positive"
