"comparison","database","pathway_key","pathway_name","filter_mode_used","fdr_cutoff_used","direction_class","delta_NES","abs_delta_NES","NES_x","NES_y","padj_x","padj_y","leading_edge_x","leading_edge_y","pathway_id_human_KD","pathway_id_mouse_KD","pathway_name_human_KD","pathway_name_mouse_KD","signed_log10padj_human_KD","signed_log10padj_mouse_KD","significant_human_KD","significant_mouse_KD","delta_NES_human_minus_mouse","abs_delta_NES_human_minus_mouse","direction_pattern"
"human KD vs control vs mouse KD vs control","GO_BP","GO:0007094","mitotic spindle assembly checkpoint signaling","either",0.05,"opposite direction",3.74919871275259,3.74919871275259,-1.76985727825899,1.9793414344936,0.0637309550932253,0.00386181513948376,"66977/26951/66591/74335/107995/12237/24010/219114/52696/12235/268697/229841/11799/11789/70385/52276/16319/12236","54908/11130/701/1063/221150/8379/332/147841/57082/55143/699/348654/55755/9319/7517/55055/83540/220134/7272/57405","GO:0007094","GO:0007094","mitotic spindle assembly checkpoint signaling","mitotic spindle assembly checkpoint signaling",2.41320851922147,-1.19564957299025,TRUE,FALSE,3.74919871275259,3.74919871275259,"opposite direction"
"human KD vs control vs mouse KD vs control","GO_BP","GO:0071173","spindle assembly checkpoint signaling","either",0.05,"opposite direction",3.74919871275259,3.74919871275259,-1.76985727825899,1.9793414344936,0.0637309550932253,0.00386181513948376,"66977/26951/66591/74335/107995/12237/24010/219114/52696/12235/268697/229841/11799/11789/70385/52276/16319/12236","54908/11130/701/1063/221150/8379/332/147841/57082/55143/699/348654/55755/9319/7517/55055/83540/220134/7272/57405","GO:0071173","GO:0071173","spindle assembly checkpoint signaling","spindle assembly checkpoint signaling",2.41320851922147,-1.19564957299025,TRUE,FALSE,3.74919871275259,3.74919871275259,"opposite direction"
"human KD vs control vs mouse KD vs control","GO_BP","GO:0071174","mitotic spindle checkpoint signaling","either",0.05,"opposite direction",3.74919871275259,3.74919871275259,-1.76985727825899,1.9793414344936,0.0637309550932253,0.00386181513948376,"66977/26951/66591/74335/107995/12237/24010/219114/52696/12235/268697/229841/11799/11789/70385/52276/16319/12236","54908/11130/701/1063/221150/8379/332/147841/57082/55143/699/348654/55755/9319/7517/55055/83540/220134/7272/57405","GO:0071174","GO:0071174","mitotic spindle checkpoint signaling","mitotic spindle checkpoint signaling",2.41320851922147,-1.19564957299025,TRUE,FALSE,3.74919871275259,3.74919871275259,"opposite direction"
"human KD vs control vs mouse KD vs control","GO_BP","GO:0031577","spindle checkpoint signaling","either",0.05,"opposite direction",3.72805873296809,3.72805873296809,-1.72585620472677,2.00220252824132,0.0559722932803457,0.00188792813699233,"66977/26951/66591/74335/107995/12237/24010/219114/52696/12235/268697/229841/11799/11789/70385/52276/16319/12236","54908/11130/701/1063/221150/8379/332/147841/57082/55143/699/348654/55755/9319/7517/55055/83540/220134/7272/57405","GO:0031577","GO:0031577","spindle checkpoint signaling","spindle checkpoint signaling",2.72401454091807,-1.2520268989429,TRUE,FALSE,3.72805873296809,3.72805873296809,"opposite direction"
"human KD vs control vs mouse KD vs control","GO_BP","GO:0033046","negative regulation of sister chromatid segregation","either",0.05,"opposite direction",3.71284474389645,3.71284474389645,-1.70970475962459,2.00313998427186,0.061791075579251,0.00187507199205309,"66977/26951/66591/74335/107995/12237/24010/219114/52696/12235/268697/229841/11799/11789/70385/52276/16319/12236","54908/11130/701/1063/221150/8379/332/147841/57082/55143/699/348654/26271/55755/9319/7517/55055/83540/220134/7272/57405","GO:0033046","GO:0033046","negative regulation of sister chromatid segregation","negative regulation of sister chromatid segregation",2.72698205318897,-1.2090742450821,TRUE,FALSE,3.71284474389645,3.71284474389645,"opposite direction"
"human KD vs control vs mouse KD vs control","GO_BP","GO:0033048","negative regulation of mitotic sister chromatid segregation","either",0.05,"opposite direction",3.71284474389645,3.71284474389645,-1.70970475962459,2.00313998427186,0.061791075579251,0.00187507199205309,"66977/26951/66591/74335/107995/12237/24010/219114/52696/12235/268697/229841/11799/11789/70385/52276/16319/12236","54908/11130/701/1063/221150/8379/332/147841/57082/55143/699/348654/26271/55755/9319/7517/55055/83540/220134/7272/57405","GO:0033048","GO:0033048","negative regulation of mitotic sister chromatid segregation","negative regulation of mitotic sister chromatid segregation",2.72698205318897,-1.2090742450821,TRUE,FALSE,3.71284474389645,3.71284474389645,"opposite direction"
"human KD vs control vs mouse KD vs control","GO_BP","GO:0045841","negative regulation of mitotic metaphase/anaphase transition","either",0.05,"opposite direction",3.71284474389645,3.71284474389645,-1.70970475962459,2.00313998427186,0.061791075579251,0.00187507199205309,"66977/26951/66591/74335/107995/12237/24010/219114/52696/12235/268697/229841/11799/11789/70385/52276/16319/12236","54908/11130/701/1063/221150/8379/332/147841/57082/55143/699/348654/26271/55755/9319/7517/55055/83540/220134/7272/57405","GO:0045841","GO:0045841","negative regulation of mitotic metaphase/anaphase transition","negative regulation of mitotic metaphase/anaphase transition",2.72698205318897,-1.2090742450821,TRUE,FALSE,3.71284474389645,3.71284474389645,"opposite direction"
"human KD vs control vs mouse KD vs control","GO_BP","GO:2000816","negative regulation of mitotic sister chromatid separation","either",0.05,"opposite direction",3.71284474389645,3.71284474389645,-1.70970475962459,2.00313998427186,0.061791075579251,0.00187507199205309,"66977/26951/66591/74335/107995/12237/24010/219114/52696/12235/268697/229841/11799/11789/70385/52276/16319/12236","54908/11130/701/1063/221150/8379/332/147841/57082/55143/699/348654/26271/55755/9319/7517/55055/83540/220134/7272/57405","GO:2000816","GO:2000816","negative regulation of mitotic sister chromatid separation","negative regulation of mitotic sister chromatid separation",2.72698205318897,-1.2090742450821,TRUE,FALSE,3.71284474389645,3.71284474389645,"opposite direction"
"human KD vs control vs mouse KD vs control","GO_BP","GO:1902100","negative regulation of metaphase/anaphase transition of cell cycle","either",0.05,"opposite direction",3.68158702980215,3.68158702980215,-1.6840171185417,1.99756991126045,0.0642060101900454,0.00214609239917974,"66977/26951/66591/74335/107995/12237/24010/219114/52696/12235/268697/229841/11799/11789/70385/52276/16319/12236","54908/11130/701/1063/221150/8379/332/147841/57082/55143/699/348654/26271/55755/9319/7517/55055/83540/220134/7272/57405","GO:1902100","GO:1902100","negative regulation of metaphase/anaphase transition of cell cycle","negative regulation of metaphase/anaphase transition of cell cycle",2.66835158358627,-1.19242431663207,TRUE,FALSE,3.68158702980215,3.68158702980215,"opposite direction"
"human KD vs control vs mouse KD vs control","GO_BP","GO:1905819","negative regulation of chromosome separation","either",0.05,"opposite direction",3.68158702980215,3.68158702980215,-1.6840171185417,1.99756991126045,0.0642060101900454,0.00214609239917974,"66977/26951/66591/74335/107995/12237/24010/219114/52696/12235/268697/229841/11799/11789/70385/52276/16319/12236","54908/11130/701/1063/221150/8379/332/147841/57082/55143/699/348654/26271/55755/9319/7517/55055/83540/220134/7272/57405","GO:1905819","GO:1905819","negative regulation of chromosome separation","negative regulation of chromosome separation",2.66835158358627,-1.19242431663207,TRUE,FALSE,3.68158702980215,3.68158702980215,"opposite direction"
"human KD vs control vs mouse KD vs control","GO_BP","GO:0045839","negative regulation of mitotic nuclear division","either",0.05,"opposite direction",3.67840312070466,3.67840312070466,-1.727503136115,1.95089998458966,0.053830359642504,0.00214726902719002,"66977/26951/66591/74335/107995/12237/24010/14184/219114/52696/12235/268697/229841/11799/11789/70385/52276/16319/12159/12236","54908/11130/701/1063/221150/8379/332/147841/57082/55143/699/348654/26271/55755/9319/7517/55055/83540/220134/655/7272/57405","GO:0045839","GO:0045839","negative regulation of mitotic nuclear division","negative regulation of mitotic nuclear division",2.66811354023787,-1.26897271863809,TRUE,FALSE,3.67840312070466,3.67840312070466,"opposite direction"
"human KD vs control vs mouse KD vs control","GO_BP","GO:0048846","axon extension involved in axon guidance","either",0.05,"opposite direction",-3.62689944397527,3.62689944397527,2.08560829267467,-1.5412911513006,0.0106623115539623,0.186395954873064,"20563/20564/18846/20356/11658/20346/18186/319757/20315/269878","6387/6405/8828/9353","GO:0048846","GO:0048846","axon extension involved in axon guidance","axon extension involved in axon guidance",-0.729563516849899,1.97214863149125,FALSE,TRUE,-3.62689944397527,3.62689944397527,"opposite direction"
"human KD vs control vs mouse KD vs control","GO_BP","GO:0044786","cell cycle DNA replication","either",0.05,"opposite direction",3.62352777620834,3.62352777620834,-1.82831076260669,1.79521701360165,0.039109402682032,0.0269560228170584,"57441/327762/75826/22589/108961/67177/13134/12566/18968/12545/12534/237877/52679/17217/17215/19704","144455/26271/29980/4173/81620/80174/9837/2237/51053/7486/1763/7083/7013","GO:0044786","GO:0044786","cell cycle DNA replication","cell cycle DNA replication",1.56934418468947,-1.40771881697751,TRUE,TRUE,3.62352777620834,3.62352777620834,"opposite direction"
"human KD vs control vs mouse KD vs control","GO_BP","GO:0051985","negative regulation of chromosome segregation","either",0.05,"opposite direction",3.61476773353301,3.61476773353301,-1.59143090347943,2.02333683005358,0.142640877815641,0.00163183270358738,"66977/26951/66591/74335/107995/12237/24010/219114/52696/12235/268697/229841/11799/11789/70385/52276/16319/12236","54908/11130/701/1063/221150/8379/332/147841/57082/55143/699/348654/26271/55755/9319/7517/55055/83540/220134/7272/57405","GO:0051985","GO:0051985","negative regulation of chromosome segregation","negative regulation of chromosome segregation",2.78732436741615,-0.845755997165035,TRUE,FALSE,3.61476773353301,3.61476773353301,"opposite direction"
"human KD vs control vs mouse KD vs control","GO_BP","GO:0140014","mitotic nuclear division","either",0.05,"opposite direction",3.59226815002037,3.59226815002037,-1.82080058833918,1.77146756168119,2.63406057066442e-05,0.000216386566954127,"13006/103768/21802/99412/50850/67139/218294/381293/214444/101706/67177/101994/76044/74201/72549/66371/18221/52683/68942/71819/58994/66977/12537/232933/26951/26934/18591/16569/106042/66591/74335/14211/107995/83431/12390/76499/12237/218914/12704/24010/228421/14184/16571/70012/215387/219114/52696/83946/13614/22629/100502766/16973/105988/54141/328440/12235/17345/268697/16551/108912/229841/110033/22385/20399/108907/12534/67655/16580/72119/66140/11799/11789/193740/67300/70385/18005/229776/70218/381318/70466/52276/16319/68501/12159/12236/233406/20878/78906/15511","3481/4288/29128/54908/11130/9787/54443/701/51203/22974/146909/1063/221150/8379/83987/3833/23141/348235/10615/332/8815/147841/57082/7040/55143/699/348654/26271/3304/9928/2801/23636/51652/55755/23310/25936/27183/3835/9319/91272/1906/79080/80346/81620/7517/6790/54892/55055/83540/220134/2491/3832/655/7272/57405/27338/1060/9493/7039/10040/23113/11065/9639/51115/9055/90417/995/54984/1058/3619/991/286151/79598/49856/9735/137886/54627/26993/1104/9918/81930/79884/26151/84142/56647/9088/54461/1062/4085/56992/54820/9212/24137/23397/92421/5119/10459/9700/55125/64105","GO:0140014","GO:0140014","mitotic nuclear division","mitotic nuclear division",3.66476970326406,-4.57937424258499,TRUE,TRUE,3.59226815002037,3.59226815002037,"opposite direction"
"human KD vs control vs mouse KD vs control","GO_BP","GO:0046496","nicotinamide nucleotide metabolic process","either",0.05,"opposite direction",-3.5824201723958,3.5824201723958,1.73030586805744,-1.85211430433836,0.006630064403503,0.00147838969603391,"18641/547253/20512/192185/243853/66171/12833/14635/74747/14381/110208/226518/22059/14751/107747/216188/67863/19895/22601/66129/246703/11674/108155/225913/15926/74370/56327/100198/17436/18113/50721/239017/72141/269951/69225/11820/19384/14433/13808/208727/21351/15937/107029/66646/19164/16548/18104/56428/68646/56716/21991/20779","55753/3418/8604/5232/441531/10840/11182/65220/2806/5027/84676/729020/3101/5313/5207/349565/8473/4191/5571/2821/53632/6888/89/9611/405/128240/26137/5562/8402/23530/6714/3098/9759/5236/2033/3417/4199/133686/7415/5515/5230/2026/5091/230/2027","GO:0046496","GO:0046496","nicotinamide nucleotide metabolic process","nicotinamide nucleotide metabolic process",-2.83021107302549,2.17848225289988,TRUE,TRUE,-3.5824201723958,3.5824201723958,"opposite direction"
"human KD vs control vs mouse KD vs control","GO_BP","GO:0007088","regulation of mitotic nuclear division","either",0.05,"opposite direction",3.57916693200089,3.57916693200089,-1.65139503301889,1.927771898982,0.0430838744290564,0.000811769163621448,"58994/66977/12537/26951/18591/66591/74335/107995/12390/12237/24010/14184/219114/52696/83946/13614/22629/16973/12235/17345/268697/108912/229841/20399/108907/11799/11789/70385/52276/16319/68501/12159/12236","3481/4288/54908/11130/9787/701/51203/1063/221150/8379/83987/332/147841/57082/55143/699/348654/26271/23636/55755/9319/1906/7517/6790/55055/83540/220134/655/7272/57405/7039/10040/23113/11065/995","GO:0007088","GO:0007088","regulation of mitotic nuclear division","regulation of mitotic nuclear division",3.09056745009117,-1.36568524856116,TRUE,TRUE,3.57916693200089,3.57916693200089,"opposite direction"
"human KD vs control vs mouse KD vs control","GO_BP","GO:0050000","chromosome localization","either",0.05,"opposite direction",3.57431834754005,3.57431834754005,-1.73152553336766,1.84279281417239,0.0133603204157991,0.00386181513948376,"13424/269966/67139/381293/101706/67177/101994/66371/18221/68942/66977/26951/26934/54204/83431/12237/218914/228421/66934/219114/52696/16905/100502766/77053/14579/54141/268697/13605/229841/110033/21749/12534/16580/320678/66140/11799/11789/70385/18005/381318/52276/16319/108000","23353/54908/11130/9787/1063/221150/8379/3833/348235/10615/56776/332/147841/57082/55143/9928/23636/51652/25936/27183/3835/81610/91272/79980/81620/55055/83540/220134/7272/57405/1060/51112/2669/55201/51115/90417/54984/1058/3619/150465/9735/55166","GO:0050000","GO:0050000","chromosome localization","chromosome localization",2.41320851922147,-1.87418312620592,TRUE,TRUE,3.57431834754005,3.57431834754005,"opposite direction"
"human KD vs control vs mouse KD vs control","GO_BP","GO:0034405","response to fluid shear stress","either",0.05,"opposite direction",-3.54846261574578,3.54846261574578,1.87553710864724,-1.67292550709854,0.050924490442825,0.042127487022192,"20750/16600/18764/18438/17250/19225/11651/11898/18763/16598/18024/21821/20779/11303/56468/15183/22433","5339/108/25/5573/5598/5586/2778/111/9788/5568/5025/5311/8841/10370/4780/196883/4313/9314/6721/2035/5747/112/5515/5577/4354","GO:0034405","GO:0034405","response to fluid shear stress","response to fluid shear stress",-1.37543444652104,1.29307330791398,TRUE,FALSE,-3.54846261574578,3.54846261574578,"opposite direction"
"human KD vs control vs mouse KD vs control","GO_BP","GO:0051310","metaphase chromosome alignment","either",0.05,"opposite direction",3.54689535100591,3.54689535100591,-1.7150229360201,1.83187241498581,0.011800762110898,0.00485995672440601,"13424/67139/381293/101706/67177/101994/66371/18221/68942/66977/26951/26934/54204/12237/218914/228421/66934/219114/52696/100502766/14579/54141/268697/13605/229841/110033/12534/16580/66140/11799/11789/70385/18005/381318/52276/16319/108000","54908/11130/1063/221150/8379/3833/348235/10615/332/147841/57082/55143/9928/23636/51652/25936/27183/3835/81610/91272/79980/81620/55055/83540/220134/7272/57405/1060/51112/2669/55201/51115/90417/54984/1058/3619/150465/9735/55166","GO:0051310","GO:0051310","metaphase chromosome alignment","metaphase chromosome alignment",2.31336759790547,-1.92808994439983,TRUE,TRUE,3.54689535100591,3.54689535100591,"opposite direction"
"human KD vs control vs mouse KD vs control","GO_BP","GO:0071229","cellular response to acid chemical","either",0.05,"opposite direction",-3.52569919637997,3.52569919637997,1.67757547795786,-1.84812371842211,0.0401899998031937,0.00754988991747523,"20539/12842/12843/12826/12833/232087/14799/107581/107045/18764/12832/12048/12825/76630/230784/11898/17392/56876/68441/74370/15499/18595/14629/16598/18024/22339/18706/14630/12608/56717/71785/66508/14360/224023/22433/94216/75747/12703","389541/8649/2906/2729/23304/7422/3208/8452/5311/2534/57559/4780/154743/6494/2730/28956/9978/84861/10670/143686/10458/729438/5290/2033/64121/55004/3182/22849","GO:0071229","GO:0071229","cellular response to acid chemical","cellular response to acid chemical",-2.12205938063328,1.39588199593466,TRUE,TRUE,-3.52569919637997,3.52569919637997,"opposite direction"
"human KD vs control vs mouse KD vs control","GO_BP","GO:0033047","regulation of mitotic sister chromatid segregation","either",0.05,"opposite direction",3.52307140193572,3.52307140193572,-1.67686466058386,1.84620674135186,0.0783742143352684,0.0081577664871414,"214444/101706/66977/26951/66591/74335/107995/12237/24010/219114/52696/12235/268697/229841/12534/11799/11789/70385/52276/16319/12236","54908/11130/701/1063/221150/8379/332/147841/57082/55143/699/348654/26271/55755/9319/7517/55055/83540/220134/7272/57405","GO:0033047","GO:0033047","regulation of mitotic sister chromatid segregation","regulation of mitotic sister chromatid segregation",2.08842873034981,-1.10582679973785,TRUE,FALSE,3.52307140193572,3.52307140193572,"opposite direction"
"human KD vs control vs mouse KD vs control","GO_BP","GO:0000070","mitotic sister chromatid segregation","either",0.05,"opposite direction",3.50942849512324,3.50942849512324,-1.80404223898796,1.70538625613528,0.000506908376325918,0.00187507199205309,"73420/68953/70099/93762/13006/103768/99412/67139/381293/214444/101706/67177/101994/76044/74201/66371/18221/52683/68942/71819/66977/232933/26951/26934/16569/106042/66591/74335/14211/107995/76499/12237/218914/12704/24010/228421/16571/215387/219114/52696/100502766/105988/54141/12235/268697/16551/229841/110033/22385/108907/12534/16580/72119/66140/11799/11789/193740/67300/70385/18005/70218/381318/70466/52276/16319/68501/12236/233406/78906/15511","29128/54908/11130/9787/701/51203/22974/146909/1063/221150/8379/3833/348235/10615/332/147841/57082/55143/699/348654/26271/3304/9928/2801/23636/51652/55755/23310/25936/27183/3835/9319/91272/81620/7517/54892/55055/83540/220134/2491/3832/7272/57405/1060/9493/11065/9639/51115/9055/90417/54984/1058/3619/991/79598/49856/9735/54627/26993/1104/9918/81930/79884/26151/84142/56647/1062/4085/56992/9212/24137/23397/92421/5119/10459/9700/55125/64105","GO:0000070","GO:0000070","mitotic sister chromatid segregation","mitotic sister chromatid segregation",2.72698205318897,-3.295070532288,TRUE,TRUE,3.50942849512324,3.50942849512324,"opposite direction"
"human KD vs control vs mouse KD vs control","GO_BP","GO:0051304","chromosome separation","either",0.05,"opposite direction",3.50596983516586,3.50596983516586,-1.70650895003095,1.79946088513491,0.0293062920454483,0.00897043579918839,"214444/101706/76044/52683/66977/26951/66591/74335/14211/107995/12237/218914/24010/21975/215387/382073/219114/52696/105988/12235/268697/229841/11799/11789/70385/52276/16319/68501/12236","54908/11130/9787/701/1063/221150/8379/332/147841/57082/55143/699/348654/26271/55755/5359/9319/7517/54892/55055/83540/220134/7272/57405","GO:0051304","GO:0051304","chromosome separation","chromosome separation",2.04718645767104,-1.53303912683862,TRUE,TRUE,3.50596983516586,3.50596983516586,"opposite direction"
"human KD vs control vs mouse KD vs control","GO_BP","GO:0051306","mitotic sister chromatid separation","either",0.05,"opposite direction",3.48542865624994,3.48542865624994,-1.61045070586053,1.87497795038941,0.117326573449366,0.0073673271966317,"52683/66977/26951/66591/74335/107995/12237/24010/219114/52696/12235/268697/229841/11799/11789/70385/52276/16319/68501/12236","54908/11130/9787/701/1063/221150/8379/332/147841/57082/55143/699/348654/26271/55755/9319/7517/55055/83540/220134/7272/57405","GO:0051306","GO:0051306","mitotic sister chromatid separation","mitotic sister chromatid separation",2.13269004189533,-0.930603612817193,TRUE,FALSE,3.48542865624994,3.48542865624994,"opposite direction"
"human KD vs control vs mouse KD vs control","GO_BP","GO:0034340","response to type I interferon","either",0.05,"opposite direction",-3.47754553334018,3.47754553334018,2.24782328953068,-1.2297222438095,4.56081105017279e-06,0.345614628100504,"23962/54123/24110/66141/246730/100038882/58203/246728/71586/20684/23960/246727/108037/20846/20847/80876/213002/17858/13194/23961/99375/26987/78308/68713/231655/16179/17874/14082/16451/208727/434341","3716/29110/5690/10213/5710/23170/5719/5685/5720/5684/5718/253943/11047/9470/7979/10581/3429/5694/5717/5777/5689/5701/3093/9759/54502/5686/5709/5691/26058/5707","GO:0034340","GO:0034340","response to type I interferon","response to type I interferon",-0.461407884338732,5.34095791977115,FALSE,TRUE,-3.47754553334018,3.47754553334018,"opposite direction"
"human KD vs control vs mouse KD vs control","GO_BP","GO:0071357","cellular response to type I interferon","either",0.05,"opposite direction",-3.47623564670299,3.47623564670299,2.23729687848289,-1.2389387682201,1.52637196881032e-05,0.350011278407489,"23962/54123/24110/66141/246730/100038882/58203/246728/71586/23960/246727/20846/20847/80876/213002/13194/23961/99375/26987/78308/68713/231655/16179/17874/14082/16451/208727/434341","3716/29110/5690/10213/5710/23170/5719/5685/5720/5684/5718/253943/11047/9470/7979/10581/3429/5694/5717/5777/5689/5701/3093/9759/54502/5686/5709/5691/26058/5707","GO:0071357","GO:0071357","cellular response to type I interferon","cellular response to type I interferon",-0.455917961160525,4.81633961820522,FALSE,TRUE,-3.47623564670299,3.47623564670299,"opposite direction"
"human KD vs control vs mouse KD vs control","GO_BP","GO:0010965","regulation of mitotic sister chromatid separation","either",0.05,"opposite direction",3.47541499603916,3.47541499603916,-1.60251626518138,1.87289873085778,0.112936845597261,0.0059135737015185,"66977/26951/66591/74335/107995/12237/24010/219114/52696/12235/268697/229841/11799/11789/70385/52276/16319/68501/12236","54908/11130/9787/701/1063/221150/8379/332/147841/57082/55143/699/348654/26271/55755/9319/7517/55055/83540/220134/7272/57405","GO:0010965","GO:0010965","regulation of mitotic sister chromatid separation","regulation of mitotic sister chromatid separation",2.22814998615944,-0.947164346569343,TRUE,FALSE,3.47541499603916,3.47541499603916,"opposite direction"
"human KD vs control vs mouse KD vs control","GO_BP","GO:0051784","negative regulation of nuclear division","either",0.05,"opposite direction",3.46245665352718,3.46245665352718,-1.58627932802245,1.87617732550473,0.141291023529738,0.00572019558887615,"66977/26951/66591/74335/107995/12237/24010/14184/219114/52696/12235/268697/229841/11799/11789/70385/52276/16319/12159/12236","54908/11130/701/1063/221150/8379/332/147841/57082/55143/699/348654/26271/55755/9319/7517/55055/83540/220134/655/7272/57405","GO:0051784","GO:0051784","negative regulation of nuclear division","negative regulation of nuclear division",2.24258912125638,-0.84988542877661,TRUE,FALSE,3.46245665352718,3.46245665352718,"opposite direction"
"human KD vs control vs mouse KD vs control","GO_BP","GO:0098534","centriole assembly","either",0.05,"opposite direction",3.44547102464809,3.44547102464809,-1.82023514669841,1.62523587794968,0.0387981871855532,0.102921655090403,"74477/67463/232933/56275/246102/225659/245902/72776/70012/17245/20460/12566/106618/20620/101565/233064/99100/71276","4869/22995/55835/23636/55755/116840/6491/284001/9738/197335/672/9662/80071/124093/7840/80254/55722/221908/56890/55125/1017/85459/10769/284403/64793/80817","GO:0098534","GO:0098534","centriole assembly","centriole assembly",0.987493238485306,-1.41118856599609,FALSE,TRUE,3.44547102464809,3.44547102464809,"opposite direction"
"human KD vs control vs mouse KD vs control","GO_BP","GO:0071230","cellular response to amino acid stimulus","either",0.05,"opposite direction",-3.44158695902169,3.44158695902169,1.65623571309934,-1.78535124592235,0.0559419806966024,0.0151162678921122,"20539/12842/12843/12826/12833/232087/14799/107581/107045/12832/12048/12825/76630/230784/11898/17392/56876/68441/74370","389541/8649/2906/2729/23304/3208/8452/2534/57559/4780/154743/2730/28956/9978/84861/10670/143686/10458/729438/2033/64121/55004/3182/22849","GO:0071230","GO:0071230","cellular response to amino acid stimulus","cellular response to amino acid stimulus",-1.82055542007368,1.25226216094668,TRUE,FALSE,-3.44158695902169,3.44158695902169,"opposite direction"
"human KD vs control vs mouse KD vs control","GO_BP","GO:0051383","kinetochore organization","either",0.05,"opposite direction",3.4365259904291,3.4365259904291,-1.33711250136584,2.09941348906326,0.405480821917808,0.00268783456600882,"70099/67139/52504/66977/66578/229584/14211/20892/50927/229841/218977","9787/201254/55355/1063/80152/79172/55320/54069/4678/83540/2491/1060/387103/64946/55839/51112/1058/9735/23421/23126/1062","GO:0051383","GO:0051383","kinetochore organization","kinetochore organization",2.57059746526126,-0.392029681852908,TRUE,FALSE,3.4365259904291,3.4365259904291,"opposite direction"
"human KD vs control vs mouse KD vs control","GO_BP","GO:0006739","NADP+ metabolic process","either",0.05,"opposite direction",-3.41970007924575,3.41970007924575,1.85164947712872,-1.56805060211703,0.0337797077662345,0.15122365441098,"192185/66171/14381/110208/226518/22059/107747/216188/19895/15926/74370/100198/17436/269951/21351/107029/66646/68646/56716","3418/10840/65220/729020/6888/23530/3417/4199/133686/5091","GO:0006739","GO:0006739","NADP+ metabolic process","NADP+ metabolic process",-0.820380271158427,1.47134411190121,FALSE,TRUE,-3.41970007924575,3.41970007924575,"opposite direction"
"human KD vs control vs mouse KD vs control","GO_BP","GO:0007093","mitotic cell cycle checkpoint signaling","either",0.05,"opposite direction",3.41750527282338,3.41750527282338,-1.33222988618767,2.08527538663571,0.222378018271263,2.62817690069641e-05,"66977/69076/19367/26951/66591/74335/77011/71711/20184/107995/12237/24010/71375/23834/219114/52696/12235/268697/235559/229841/12534/381921/76843/269582/19891/208768/11799/11789/12189/70385/330177/52276/16319/12144/12236","54908/1026/5591/11130/29997/701/9656/1063/221150/8379/332/147841/57082/55143/699/348654/58493/8525/197342/55755/80279/29980/27183/9319/55159/7517/6118/55055/83540/990/220134/2177/51149/7272/57405/54465/672/63967/3364/4683/595/4361/3619/991/79858/8914/146956/9735/641/51499/79184/4998/1112/5932/84142/90381/6419/51776/4085/11073/9212/84936/92421/10459/1017","GO:0007093","GO:0007093","mitotic cell cycle checkpoint signaling","mitotic cell cycle checkpoint signaling",4.58034540607928,-0.652908144317086,TRUE,FALSE,3.41750527282338,3.41750527282338,"opposite direction"
"human KD vs control vs mouse KD vs control","GO_BP","GO:1905818","regulation of chromosome separation","either",0.05,"opposite direction",3.41689163676226,3.41689163676226,-1.56818701927166,1.8487046174906,0.0784750158420993,0.00537174183464425,"214444/101706/76044/52683/66977/26951/66591/74335/14211/107995/12237/24010/215387/219114/52696/12235/268697/229841/11799/11789/70385/52276/16319/68501/12236","54908/11130/9787/701/1063/221150/8379/332/147841/57082/55143/699/348654/26271/55755/5359/9319/7517/54892/55055/83540/220134/7272/57405","GO:1905818","GO:1905818","regulation of chromosome separation","regulation of chromosome separation",2.26988486764956,-1.10526858795496,TRUE,FALSE,3.41689163676226,3.41689163676226,"opposite direction"
"human KD vs control vs mouse KD vs control","GO_BP","GO:0006261","DNA-templated DNA replication","either",0.05,"opposite direction",3.41060598262069,3.41060598262069,-1.48164803341348,1.92895794920721,0.0669922640997791,0.000159036289014327,"59001/68379/193838/18538/18392/104806/218973/20585/11920/57441/327762/75826/50776/26428/272158/22589/234736/19075/11545/26909/19687/69723/108961/67177/20133/217578/217127/74335/77011/71711/78903/56452/54380/20892/13134/67967/23834/12566/18968/70024/11596/107373/235559/12545/12534/18969/77782/78833/237877/12189/12144/52679/17217/17215/19704/117599","64710/63901/5425/1663/201254/142/84515/246243/5965/91607/144455/5442/92667/348654/26271/9156/5889/197342/29980/55159/4173/81620/11284/80174/7517/9837/2237/990/51053/54465/7486/1763/7083/672/54107/7013/11169/177/5984/4683/6921/10535/23594/55388/5982/6596/4361/4796/8914/146956/64785/374393/641/84296/5426/4998/9400/11232/5932/90381/6419/10721","GO:0006261","GO:0006261","DNA-templated DNA replication","DNA-templated DNA replication",3.79850376674583,-1.17397534435512,TRUE,FALSE,3.41060598262069,3.41060598262069,"opposite direction"
"human KD vs control vs mouse KD vs control","GO_BP","GO:0043200","response to amino acid","either",0.05,"opposite direction",-3.38482009232836,3.38482009232836,1.66213892822396,-1.7226811641044,0.038136374751926,0.0187989782195189,"20539/12842/20512/12843/12826/12833/232087/14799/22142/107581/107045/12832/12048/12825/76630/230784/14870/11898/17392/56876/68441/74370/66586/15499/16819/17025/18595/28185/14629/17874/28253","389541/8649/2906/2729/3747/23304/1147/2950/2902/9868/3208/8452/2534/57559/4524/4780/154743/2730/28956/9978/84861/9131/10670/143686/10458/729438/5290/2033/64121/55004/3182/22849","GO:0043200","GO:0043200","response to amino acid","response to amino acid",-1.72586575529399,1.41866059341021,TRUE,TRUE,-3.38482009232836,3.38482009232836,"opposite direction"
"human KD vs control vs mouse KD vs control","GO_BP","GO:0072524","pyridine-containing compound metabolic process","either",0.05,"opposite direction",-3.38171640776051,3.38171640776051,1.63160107501148,-1.75011533274903,0.018119436594263,0.00399953818989337,"18641/547253/20512/192185/243853/66171/12833/14635/74747/14381/110208/226518/22059/14751/107747/216188/67863/19895/22601/66129/246703/11674/108155/225913/15926/74370/56327/100198/17436/18113/50721/239017/72141/269951/69225/11820/19384/14433/13808/208727/21351/15937/107029/66646/19164/16548/18104/56428/68646/56716/21991/20779","55753/3418/8604/5232/441531/10840/11182/65220/2806/5027/84676/729020/3101/5313/5207/349565/8473/4191/5571/2821/53632/6888/89/9611/405/128240/26137/5562/8402/23530/6714/3098/9759/5236/2033/3417/4199/133686/7415/5515/5230/2026/5091/230/2027","GO:0072524","GO:0072524","pyridine-containing compound metabolic process","pyridine-containing compound metabolic process",-2.39799015196193,1.7418553104013,TRUE,TRUE,-3.38171640776051,3.38171640776051,"opposite direction"
"human KD vs control vs mouse KD vs control","GO_BP","GO:0051783","regulation of nuclear division","either",0.05,"opposite direction",3.3665252936379,3.3665252936379,-1.51605806957236,1.85046722406554,0.0787301541389178,0.0019239211353957,"58994/66977/12537/26951/18591/66591/74335/107995/12390/12237/24010/14184/57746/219114/52696/83946/13614/22629/16973/328440/12235/17345/268697/108912/229841/20399/108907/213389/11799/11789/70385/52276/12317/16319/68501/12159/12236","3481/4288/54908/11130/9787/701/51203/1063/221150/8379/83987/332/147841/57082/55143/699/348654/26271/23636/55755/9319/1906/7517/6790/55055/83540/220134/655/7272/57405/10635/7039/10040/23113","GO:0051783","GO:0051783","regulation of nuclear division","regulation of nuclear division",2.71581273435873,-1.10385889828977,TRUE,FALSE,3.3665252936379,3.3665252936379,"opposite direction"
"human KD vs control vs mouse KD vs control","GO_BP","GO:0009154","purine ribonucleotide catabolic process","either",0.05,"opposite direction",-3.36253480155526,3.36253480155526,1.46966521707676,-1.8928695844785,0.163518813086902,0.00187507199205309,"18641/22436/18573/243853/12833/14635/74747/15254/14751/15452/22601/66129/11674/108155/238871/225913/74370/56327/18578/50773/71207/50721/239017/72141/23984/11820/19384/14433/13808/208727/56409/15937/76952/19164/16548/56428/56716/21991/20779","195827/5213/56953/5138/284958/55753/5232/441531/11182/5142/5027/84676/3101/5313/5207/8473/5150/5571/2821/53632/3094/89/9611/405/26137/5562/5141/6714/3098/9759/5236/2033/272/5151/5144/5515/5230/2026/230/2027/7498","GO:0009154","GO:0009154","purine ribonucleotide catabolic process","purine ribonucleotide catabolic process",-2.72698205318897,0.786432273891759,TRUE,FALSE,-3.36253480155526,3.36253480155526,"opposite direction"
"human KD vs control vs mouse KD vs control","GO_BP","GO:0001676","long-chain fatty acid metabolic process","either",0.05,"opposite direction",-3.33967201389466,3.33967201389466,1.70740455807267,-1.63226745582199,0.0602499580756734,0.0375987134328284,"66253/54447/76267/67452/19224/19225/14870/113868/18484/26569/171210/56360/26897/68312/433256/625249/14869/11666/18783/13078/19223/50790/14863/19299/14775/12896/229211/14865/56448","2944/2182/9415/51390/100137049/50640/23305/215/1376/4051/246/11283/56624/11332/10999/8529/83401/2876/2879/57834/66002/30/2950/5825/1573/3992/22949/51703/26090/6342/5743/79071/376497/80221/9536/2181/5321/11000/5742/33/2052","GO:0001676","GO:0001676","long-chain fatty acid metabolic process","long-chain fatty acid metabolic process",-1.42482701567295,1.22004325095243,TRUE,FALSE,-3.33967201389466,3.33967201389466,"opposite direction"
"human KD vs control vs mouse KD vs control","GO_BP","GO:0051382","kinetochore assembly","either",0.05,"opposite direction",3.33652169130088,3.33652169130088,-1.25281167617754,2.08371001512334,0.493621347393045,0.00380102120680995,"67139/52504/66578/229584/20892/50927/229841/218977","9787/201254/55355/1063/80152/79172/55320/54069/4678/2491/1060/387103/64946/55839/51112/1058/9735/23421/23126/1062","GO:0051382","GO:0051382","kinetochore assembly","kinetochore assembly",2.42009970735695,-0.306606066854618,TRUE,FALSE,3.33652169130088,3.33652169130088,"opposite direction"
"human KD vs control vs mouse KD vs control","GO_BP","GO:0071498","cellular response to fluid shear stress","either",0.05,"opposite direction",-3.33375025055999,3.33375025055999,1.63449581785541,-1.69925443270458,0.178358203962718,0.0350494085628943,"20750/16600/18764/19225/11898/16598/18024/20779/56468/15183/22433","5339/108/25/5573/5598/5586/2778/111/9788/5568/5311/8841/4780/196883/4313/9314/6721/5747/112/5515/5577","GO:0071498","GO:0071498","cellular response to fluid shear stress","cellular response to fluid shear stress",-1.45531930608644,0.748706909573205,TRUE,FALSE,-3.33375025055999,3.33375025055999,"opposite direction"
"human KD vs control vs mouse KD vs control","GO_BP","GO:1903146","regulation of autophagy of mitochondrion","either",0.05,"opposite direction",-3.33296061031021,3.33296061031021,1.5750176093721,-1.75794300093811,0.177821971786053,0.0486791758346751,"15944/54396/16145/11739/20787/12257/12176/68943/207565/11740/64704/381038/14232/22333/74006","706/64127/55294/27429/65018/55626/6720/10075/55187/2931/84749/8454/7855/6721/9978/160760/10273/291","GO:1903146","GO:1903146","regulation of autophagy of mitochondrion","regulation of autophagy of mitochondrion",-1.3126567832251,0.750014578372022,TRUE,FALSE,-3.33296061031021,3.33296061031021,"opposite direction"
"human KD vs control vs mouse KD vs control","GO_BP","GO:0006195","purine nucleotide catabolic process","either",0.05,"opposite direction",-3.30949391742991,3.30949391742991,1.54868329949429,-1.76081061793562,0.0547791126796838,0.0106123711420825,"18641/547253/22436/18573/243853/12833/14635/74747/15254/14751/15452/22601/66129/11674/108155/238871/225913/74370/56327/18578/50773/18113/71207/50721/239017/72141/23984/381101/11820/19384/14433/13808/208727/56409/15937/76952/19164/16548/56428/56716/21991/20779/56045/23959/56717/15251/218461/11717","195827/5213/56953/5138/284958/55753/5232/441531/11182/5142/5027/84676/3101/5313/5207/8473/5150/5571/2821/53632/3094/89/9611/405/26137/5562/5141/6714/3098/9759/5236/2033/272/5151/5144/5515/5230/2026/230/2027/7498","GO:0006195","GO:0006195","purine nucleotide catabolic process","purine nucleotide catabolic process",-1.97418757002217,1.2613850067925,TRUE,FALSE,-3.30949391742991,3.30949391742991,"opposite direction"
"human KD vs control vs mouse KD vs control","GO_BP","GO:0000075","cell cycle checkpoint signaling","either",0.05,"opposite direction",3.29537577098916,3.29537577098916,-1.26870212350059,2.02667364748857,0.331778686429849,2.62817690069641e-05,"72772/227331/11920/319955/17193/225131/381979/327762/28000/13972/234736/52040/68592/235610/218294/214444/229543/67177/66371/72440/66977/69076/19367/26951/66591/74335/77011/71711/20184/107995/57261/12237/24010/12952/240087/71375/23834/219114/52696/241627/12235/268697/235559/229841/17096/208266/12534/381921/76843/269582/19891/208768/11799/11789/12189/70385/330177/52276/16319/12144/12753/12236","54908/1026/5591/11130/29997/701/9656/1063/221150/8379/332/147841/57082/55143/699/348654/79968/58493/8525/197342/55755/80279/29980/27183/9319/83695/55159/81620/7517/6118/55055/83540/990/7158/220134/2177/51149/7272/57405/57805/54465/9894/1763/672/151636/63967/3364/5984/4683/440275/80185/84444/595/5982/4361/83990/3619/991/79858/8914/146956/9735/641/51499/79184/4998/1112/80254/5932/84142/90381/6419/51776/84126/4085/2074/11073/9212/84936","GO:0000075","GO:0000075","cell cycle checkpoint signaling","cell cycle checkpoint signaling",4.58034540607928,-0.479151516633587,TRUE,FALSE,3.29537577098916,3.29537577098916,"opposite direction"
"human KD vs control vs mouse KD vs control","GO_BP","GO:0009261","ribonucleotide catabolic process","either",0.05,"opposite direction",-3.2729713172963,3.2729713172963,1.47972304009982,-1.79324827719648,0.0744278870872715,0.00690321663776309,"18641/22436/18573/243853/12833/14635/74747/15254/14751/15452/22601/12499/66129/11674/108155/238871/225913/74370/56327/18578/50773/71207/50721/239017/72141/23984/11820/19384/22271/14433/13808/208727/56409/15937/76952/19164/16548/56428/56716/21991/20779","195827/5213/56953/5138/284958/55753/5232/441531/11182/5142/5027/84676/3101/5313/5207/8473/5150/5571/2821/53632/3094/89/9611/405/26137/5562/5141/6714/3098/9759/5236/978/2033/272/5151/5144/5515/5230/2026/230/2027/7498","GO:0009261","GO:0009261","ribonucleotide catabolic process","ribonucleotide catabolic process",-2.16094849730432,1.12826430989922,TRUE,FALSE,-3.2729713172963,3.2729713172963,"opposite direction"
"human KD vs control vs mouse KD vs control","GO_BP","GO:0085029","extracellular matrix assembly","either",0.05,"opposite direction",-3.21591720170302,3.21591720170302,1.79058566515674,-1.42533153654628,0.0427950853852533,0.230134460698487,"12843/23876/58859/14118/12833/207596/12825/21814/16948/14230/12837/108075/69675","4089/2006/11117/538/1605/30008/7049/4629","GO:0085029","GO:0085029","extracellular matrix assembly","extracellular matrix assembly",-0.638018344518595,1.36860610277696,FALSE,TRUE,-3.21591720170302,3.21591720170302,"opposite direction"
"human KD vs control vs mouse KD vs control","GO_BP","GO:1901991","negative regulation of mitotic cell cycle phase transition","either",0.05,"opposite direction",3.21578980940864,3.21578980940864,-1.27172962285519,1.94406018655345,0.201768334928159,9.37356562304816e-05,"118454/218294/214444/229543/12193/20296/66371/66977/69076/28010/26951/66591/74335/77011/238555/20184/107995/12237/24010/14056/71375/23834/219114/52696/12235/59036/268697/67333/235559/229841/12534/381921/269424/22390/76843/269582/19891/208768/11799/11789/12189/70385/330177/52276/93695/16319/12144/52679/12236/12581","2273/54908/1026/5591/11130/29997/701/3624/1063/221150/23560/8379/332/91607/144455/147841/57082/55143/699/348654/26271/58493/8525/55755/80279/29980/27183/9319/55159/7517/6118/55055/83540/990/220134/51149/7272/57405/54465/79027/25959/672/51339/63967/3364/3275/4683/54984/595/140901/4361/3619/991/9735/641/51499/79184/4998/1112/5932/84142/90381/9088/29117/4085/57099/11073/9212/84936","GO:1901991","GO:1901991","negative regulation of mitotic cell cycle phase transition","negative regulation of mitotic cell cycle phase transition",4.02809517583013,-0.695146989957456,TRUE,FALSE,3.21578980940864,3.21578980940864,"opposite direction"
"human KD vs control vs mouse KD vs control","GO_BP","GO:0006090","pyruvate metabolic process","either",0.05,"opposite direction",-3.20699082825948,3.20699082825948,1.4170515393509,-1.78993928890858,0.207620758181787,0.0139379762735644,"74551/18641/12041/228026/243853/12833/14635/74747/14751/319518/22601/66129/11674/108155/16828/225913/74370/56327/50721/235339/239017/72141/11820/19384/18597/14433/13808/22333/208727/15937/19164/16548/56428/56716/21991/20779","10295/5161/1737/195827/5213/112817/55753/1738/5232/441531/11182/5027/84676/3101/5313/5207/160287/8473/5571/2821/53632/89/9611/405/5166/26137/5562/6714/3098/9759/10873/5236/2033/5160/5165/5515/5230/2026/230/2027","GO:0006090","GO:0006090","pyruvate metabolic process","pyruvate metabolic process",-1.85580027910934,0.682729227349997,TRUE,FALSE,-3.20699082825948,3.20699082825948,"opposite direction"
"human KD vs control vs mouse KD vs control","GO_BP","GO:0009636","response to toxic substance","either",0.05,"opposite direction",-3.19533665127243,3.19533665127243,1.76022084302233,-1.4351158082501,0.00324312320528057,0.0738037398441227,"26570/12870/23876/12833/14873/14799/11864/14782/12799/17750/230784/14874/17250/20509/330260/19224/19225/211666/68943/19106/14870/11898/22785/12554/76983/15439/22166/11532/21743/64704/76650/232223/54683/16819/69675/68312/50493/17025/20657/53381/14088/28253/75605/19765/269823/14768/18754/11690/625249/109801/18024/14869/17755/26417/18104/12028/18669/11911/69634/110198/13078/18477/11758/14281/18671/15251/12892/104184/213350/21672/14775/57320/75894/20269/18230/226422","4494/9973/8303/6352/55829/22977/645745/2876/3029/2879/3747/84883/1147/2950/241/4583/6532/25953/127700/5446/10057/4490/581/27429/1665/65018/6722/596/4499/140809/10928/2098/5243/4780/23135/5743/51024/7782/538/23530/5052/51714/9131/132/9403/9536/119391/1356/4501/10327/57016/5742/7001/3625/2052/217","GO:0009636","GO:0009636","response to toxic substance","response to toxic substance",-1.13192163069032,2.48903655229616,FALSE,TRUE,-3.19533665127243,3.19533665127243,"opposite direction"
"human KD vs control vs mouse KD vs control","GO_BP","GO:0010866","regulation of triglyceride biosynthetic process","either",0.05,"opposite direction",-3.1937630657503,3.1937630657503,1.26134924896977,-1.93241381678053,0.502397977263784,0.0475063942706107,"12266/67800/20787","255919/7376/10524/55294/6720/150094/23399/376497/718","GO:0010866","GO:0010866","regulation of triglyceride biosynthetic process","regulation of triglyceride biosynthetic process",-1.32324793122683,0.298952117807774,TRUE,FALSE,-3.1937630657503,3.1937630657503,"opposite direction"
"human KD vs control vs mouse KD vs control","GO_BP","GO:0001101","response to acid chemical","either",0.05,"opposite direction",-3.19140313761661,3.19140313761661,1.62156780275321,-1.5698353348634,0.0619907370766268,0.0407850166099775,"20539/12842/20512/12843/12826/12833/232087/14799/22142/107581/107045/18764/12832/12048/12825/76630/230784/14870/11898/17392/56876/68441/74370/66586/15499/16819/17025/18595/28185/14629/17874/28253","3747/23304/1147/7422/2950/2902/9868/3208/8452/5311/2534/57559/4524/4780/154743/6494/2730/28956/9978/84861/9131/10670/143686/10458/729438/5290/2033/64121/55004/3182/22849","GO:0001101","GO:0001101","response to acid chemical","response to acid chemical",-1.38949935648738,1.20767319980896,TRUE,FALSE,-3.19140313761661,3.19140313761661,"opposite direction"
"human KD vs control vs mouse KD vs control","GO_BP","GO:0006260","DNA replication","either",0.05,"opposite direction",3.18724930145828,3.18724930145828,-1.4023323189533,1.78491698250498,0.106204887300765,0.000123455322014585,"57441/327762/75826/20466/18970/50776/93762/26428/272158/22589/234736/19075/11545/13006/26909/19687/66634/69723/108961/22130/69714/12301/27221/67177/245007/20133/114741/18029/81702/68275/80905/217578/217127/18591/14156/74335/77011/71711/78903/56452/93765/54380/20892/71988/52864/218914/13134/16588/67967/23834/12566/52808/50927/18968/70024/56207/233877/11596/328440/319651/13560/107373/235559/235134/19647/16332/21749/227195/12545/12534/18969/269424/77782/194268/76843/19891/78833/208768/237877/244666/110749/12428/12189/16476/12144/52679/17217/27015/17215/19704/117599/14632","1026/64710/63901/1854/2736/5425/1663/11198/1956/201254/6282/23560/142/10036/84515/246243/9401/5965/91607/144455/5442/92667/1719/348654/26271/9156/63922/5889/197342/199990/92675/9100/29980/51550/55159/4173/54955/6418/81620/11284/80174/7517/4678/2735/6118/9837/2237/990/51053/83743/54465/7486/1763/7083/672/7270/54107/7013/84464/283899/11169/6119/27154/177/5984/4683/6921/10535/23594/55388/5982/157570/6596/4361/5429/7298/8208/4796/8914/146956/64785/116447/374393/641/84296/51659/5426/4998/56852/9400/10856/11232/84289/5932/7319/90381/6419/10721","GO:0006260","GO:0006260","DNA replication","DNA replication",3.90849018340117,-0.973855497577375,TRUE,FALSE,3.18724930145828,3.18724930145828,"opposite direction"
"human KD vs control vs mouse KD vs control","GO_BP","GO:0007052","mitotic spindle organization","either",0.05,"opposite direction",3.18621986487865,3.18621986487865,-1.66608344062172,1.52013642425693,0.0220585793284091,0.0844524614105162,"13006/103768/13424/99412/50850/101706/74201/66371/18221/68942/320165/71819/66977/232933/26934/16569/106042/76123/107995/76499/16571/72776/20460/100502766/20620/66711/75786/268697/16551/229841/16580/233064/72119/11799/193740/218977/67300/18005/70466/52276/16319/233406/20878/78906/15511","29128/10460/9787/5116/22974/3833/332/10783/55835/55143/3304/2801/23636/51652/6491/6867/2770/6790/83540/3832/7272/57405/64946/9493/10671/55201/9639/51115/9055/51119/3619/79598/49856/114327/54627/1104/79187/79884/26151/84142/56647/1062/56992/4134/9212/24137/92421/5119/55125/10464/10769","GO:0007052","GO:0007052","mitotic spindle organization","mitotic spindle organization",1.07338768817199,-1.65642246151054,FALSE,TRUE,3.18621986487865,3.18621986487865,"opposite direction"
"human KD vs control vs mouse KD vs control","GO_BP","GO:1901524","regulation of mitophagy","either",0.05,"opposite direction",-3.17351076941461,3.17351076941461,1.43715638050016,-1.73635438891445,0.302610711487015,0.0350643769131239,"15944/54396/16145/11739/20787/12257/68943/11740/64704/381038/14232/22333/74006","706/64127/55294/27429/65018/55626/6720/10075/55187/2931/84749/8454/7855/6721/9978/160760/10273/291","GO:1901524","GO:1901524","regulation of mitophagy","regulation of mitophagy",-1.45513387402162,0.519115703353908,TRUE,FALSE,-3.17351076941461,3.17351076941461,"opposite direction"
"human KD vs control vs mouse KD vs control","GO_BP","GO:0034375","high-density lipoprotein particle remodeling","either",0.05,"opposite direction",3.15876335101207,3.15876335101207,-1.99274330415976,1.16602004685231,0.0186763397514667,0.536087863529435,"20778/217265/16816/11816/16891","3931/9388/4023","GO:0034375","GO:0034375","high-density lipoprotein particle remodeling","high-density lipoprotein particle remodeling",0.270764024637888,-1.72870823418195,FALSE,TRUE,3.15876335101207,3.15876335101207,"opposite direction"
"human KD vs control vs mouse KD vs control","GO_BP","GO:0006979","response to oxidative stress","either",0.05,"opposite direction",-3.14400597324887,3.14400597324887,1.658175137497,-1.48583083575187,0.000760733674532928,0.00634036412670235,"26570/12842/23876/66725/14118/12833/68015/19275/50527/53618/14381/11815/15234/320183/22059/16600/14782/17387/20856/76251/21974/26444/230784/27050/17250/67452/14158/12333/19224/19225/14694/71712/26362/12176/13629/331374/78771/11651/68943/14870/13870/68020/18779/16174/20852/74142/217069/17392/16952/26408/15926/71701/76454/18484/108737/56473/11792/22166/18214/74777/15499/64704/50721/50868/76650/104156/268373/54683/16819/69675/382985/26395/12955/50493/17025/20657/27419/18595/26398/108954/69568/53381/14629/11820/14088/26420/93686/59047/20909/269254/226090/21898/269356/66628/625249/16598/18024/11865/11666/19164/170719/18294/18104/11826/108655/15925/20779/11911/26419/50883/29819/14630/11350/68992/227743/13078/18477/11758/59041/16881/19167/16818/211651/14281/229731/67689/22427/15251","1263/56888/2876/2879/84883/1147/2950/5195/29957/140823/84557/318/11101/5690/79956/23352/10213/5710/5719/5685/4314/5720/5684/1072/27429/5580/65018/5718/8452/9283/5311/8807/29761/1137/1843/2534/6414/4779/3162/4323/140809/11047/7226/5830/11019/8454/6416/7979/4780/405/4313/6810/2730/5743/5694/5717/4303/9314/5689/1398/5562/5701/8678/538/1386/9978/5052/2308/6714/9131/143686/10628/22933/140711/116988/5686/5709/3717/4891/2110/58515/5691/5707/2081/8850/5742/7001/5156/4248/1410/120892/3082/694/55074","GO:0006979","GO:0006979","response to oxidative stress","response to oxidative stress",-2.197885799898,3.11876735889926,TRUE,TRUE,-3.14400597324887,3.14400597324887,"opposite direction"
"human KD vs control vs mouse KD vs control","GO_BP","GO:0042832","defense response to protozoan","either",0.05,"opposite direction",-3.13990291606093,3.13990291606093,2.15830432264101,-0.981598593419922,0.00158101856754771,0.684507796714312,"55932/54396/236573/60440/229900/16145/14469/16391/100039796/21822/14468/15461/17874/18176/17472","115361/6556/10538/388646/163351/1130","GO:0042832","GO:0042832","defense response to protozoan","defense response to protozoan",-0.164621600779489,2.80106302966541,FALSE,TRUE,-3.13990291606093,3.13990291606093,"opposite direction"
"human KD vs control vs mouse KD vs control","GO_BP","GO:0000302","response to reactive oxygen species","either",0.05,"opposite direction",-3.1398949484907,3.1398949484907,1.61449121783187,-1.52540373065883,0.018119436594263,0.0375987134328284,"12842/23876/66725/12833/68015/19275/11815/15234/16600/76251/21974/230784/27050/14158/12333/14694/26362/12176/13629/11651/68943/14870/68020/16174/20852/17392/16952/26408/11792/22166/18214/15499/50721/54683/16819/12955/20657/18595/26398/108954/14088/26420/93686/269254/16598/18024/18294/18104/11826/108655/20779/26419/11350/68992/13078/18477/11758/59041/16881/16818/14281/15251/71785/14360/21672/14775/11839/18596/19252/57320","11035/1263/2876/2950/5195/140823/84557/4314/1072/5580/65018/9283/5311/8807/1843/2534/3162/7226/5830/6416/4780/4313/9314/1398/5562/8678/538/5052/6714/9131/143686/10628/116988/2081/7001/5156/1410/120892/3082","GO:0000302","GO:0000302","response to reactive oxygen species","response to reactive oxygen species",-1.42482701567295,1.7418553104013,TRUE,TRUE,-3.1398949484907,3.1398949484907,"opposite direction"
"human KD vs control vs mouse KD vs control","GO_BP","GO:0061577","calcium ion transmembrane transport via high voltage-gated calcium channel","either",0.05,"opposite direction",-3.13817963790137,3.13817963790137,1.27025409107887,-1.8679255468225,0.51631683605833,0.0358627956082305,"14381/238871/18578/12288/108058/228071","5142/91404/817/786/130507/5144/775/784","GO:0061577","GO:0061577","calcium ion transmembrane transport via high voltage-gated calcium channel","calcium ion transmembrane transport via high voltage-gated calcium channel",-1.44535585894827,0.28708371324831,TRUE,FALSE,-3.13817963790137,3.13817963790137,"opposite direction"
"human KD vs control vs mouse KD vs control","GO_BP","GO:0098869","cellular oxidant detoxification","either",0.05,"opposite direction",-3.13755309362456,3.13755309362456,1.75576203744558,-1.38179105617898,0.0473463655931892,0.196973744228845,"12870/23876/14873/14782/230784/19224/19225/211666/14870/15439/22166/76650/232223/54683/69675/68312/50493/20657/53381/14088/11690/625249/18024/14869/18104","10549/10516/6647/4353/9973/55829/2876/2879/2950/241/140809/4780/5743/538/23530/5052/51714/9403/9536/119391/1356/5742/7001","GO:0098869","GO:0098869","cellular oxidant detoxification","cellular oxidant detoxification",-0.705591659607267,1.32471335274101,FALSE,TRUE,-3.13755309362456,3.13755309362456,"opposite direction"
"human KD vs control vs mouse KD vs control","GO_BP","GO:0000280","nuclear division","either",0.05,"opposite direction",3.12949176565511,3.12949176565511,-1.55089138877429,1.57860037688082,0.00213058129257243,0.00386181513948376,"93759/19362/71678/50505/73420/68953/70099/93762/26428/67121/13006/103768/21802/99412/50850/67139/218294/381293/214444/101706/67177/101994/230700/227707/76044/74201/72549/66371/18221/52683/68942/71819/58994/66977/23997/12537/71846/232933/26951/26934/68549/74666/18591/16569/106042/66591/74335/209011/71711/54204/14211/20892/107995/83431/12390/76499/12237/52864/218914/12704/24010/228421/14184/12316/16571/60611/70012/215387/57746/219114/52696/66197/83946/13614/17864/22629/100502766/16973/77053/105988/54141/328440/12235/17345/268697/16551/235559/108912/229841/110033/21749/22385/20399/108907/12534/67655/213389/16580/68767/72119/66140/11799/11789/193740/22697/67300/70385/18005/229776/70218/381318/70466/52276/12317/16319/68501/12159/12236/233406/20878/78906/15511","3481/4288/29128/23353/54908/11130/9787/54443/701/51203/22974/201254/146909/1063/221150/8379/83987/3833/23141/348235/10615/56776/332/8815/147841/57082/7040/9232/55143/699/348654/26271/3304/9928/2801/23636/5889/197342/51652/55755/57820/23310/25936/27183/3835/285498/9319/91272/1906/79080/80346/63979/81620/151246/7517/6790/54892/55055/83540/220134/2491/2177/3832/655/7272/57405/27338/1060/10635/84464/9493/7039/10040/23113/11065/9639/51115/9055/90417/995/54984/1058/3306/4439/4361/83990/3619/991/286151/146956/79703/79598/49856/9735/137886/54627/26993/1104/9918/81930/54456/5892/151648/79884/26151/84142/56647/9088/54461/1062/4085/56992/54820/9212/24137/23397/92421/5119/10459/9700/55125/64105/317761/56603/146691/79173/10464/9985/4603/64151/284071/7153/675","GO:0000280","GO:0000280","nuclear division","nuclear division",2.41320851922147,-2.67150189059186,TRUE,TRUE,3.12949176565511,3.12949176565511,"opposite direction"
"human KD vs control vs mouse KD vs control","GO_BP","GO:1902850","microtubule cytoskeleton organization involved in mitosis","either",0.05,"opposite direction",3.12268571075798,3.12268571075798,-1.60001592680941,1.52266978394857,0.032053186177092,0.0590936783161555,"14165/13006/103768/13424/99412/50850/214444/101706/74201/66371/18221/68942/320165/71819/66977/235626/232933/26951/26934/16569/106042/76123/107995/83431/76499/16571/72776/20460/100502766/20620/66711/15194/75786/268697/16551/229841/16332/108907/12534/16580/233064/72119/11799/193740/218977/67300/70385/18005/70466/52276/16319/233406/20878/78906/15511","29128/10460/54908/9787/5116/51203/22974/3833/332/10783/55835/55143/3304/2801/23636/51652/55755/6491/6867/2770/6790/83540/3832/7272/57405/64946/9493/10671/55201/9639/51115/9055/51119/1058/89958/3619/79598/49856/137886/114327/3688/54627/1104/79187/79884/26151/84142/56647/1062/56992/54820/4134/9212/24137/92421/5119/9700/55125","GO:1902850","GO:1902850","microtubule cytoskeleton organization involved in mitosis","microtubule cytoskeleton organization involved in mitosis",1.22845897629736,-1.49412879390325,FALSE,TRUE,3.12268571075798,3.12268571075798,"opposite direction"
"human KD vs control vs mouse KD vs control","GO_BP","GO:0001562","response to protozoan","either",0.05,"opposite direction",-3.11569984936058,3.11569984936058,2.13410125594066,-0.981598593419922,0.00141011158184477,0.684507796714312,"55932/54396/236573/60440/229900/16145/14469/16391/100039796/21822/14468/15461/17874/18176/15937/17472","115361/6556/10538/388646/163351/1130","GO:0001562","GO:0001562","response to protozoan","response to protozoan",-0.164621600779489,2.85074652035021,FALSE,TRUE,-3.11569984936058,3.11569984936058,"opposite direction"
"human KD vs control vs mouse KD vs control","GO_BP","GO:0046479","glycosphingolipid catabolic process","either",0.05,"opposite direction",3.10330362917046,3.10330362917046,-1.92479447017924,1.17850915899122,0.0271960256733169,0.518042047996805,"50877/230101/15212/18010/19156/14420/14466/11605/15211","57704/2720/2760/10825/25870/3074/950/4758","GO:0046479","GO:0046479","glycosphingolipid catabolic process","glycosphingolipid catabolic process",0.285634988378585,-1.56549455751945,FALSE,TRUE,3.10330362917046,3.10330362917046,"opposite direction"
"human KD vs control vs mouse KD vs control","GO_BP","GO:0000076","DNA replication checkpoint signaling","either",0.05,"opposite direction",3.10220029581085,3.10220029581085,-1.3000804242496,1.80211987156125,0.503423906934922,0.0382989162690949,"66983/18392/327762/67177/19367/77011/240087/23834/235559/269582","9656/29980/81620/990/1763/63967/3364/5984/5982/8914/4998/90381/11073","GO:0000076","GO:0000076","DNA replication checkpoint signaling","DNA replication checkpoint signaling",1.41681351493506,-0.298066164227897,TRUE,FALSE,3.10220029581085,3.10220029581085,"opposite direction"
"human KD vs control vs mouse KD vs control","GO_BP","GO:0046364","monosaccharide biosynthetic process","either",0.05,"opposite direction",-3.10209923441206,3.10209923441206,1.18564763981433,-1.91645159459773,0.525507228951877,0.00826708404112385,"74551/108682/67800/68401/14873/14381/110208/14751/230784/67863/11651/13194/108155/67389/18113/77590/50721","5207/8473/4191/5571/51363/2821/53632/150094/6934/8402/2648/2308/5236/2033/5230/2026/5091/230/1642/2027","GO:0046364","GO:0046364","monosaccharide biosynthetic process","monosaccharide biosynthetic process",-2.08264764741991,0.279421305378239,TRUE,FALSE,-3.10209923441206,3.10209923441206,"opposite direction"
"human KD vs control vs mouse KD vs control","GO_BP","GO:0006096","glycolytic process","either",0.05,"opposite direction",-3.10011411041487,3.10011411041487,1.24828969569533,-1.85182441471954,0.423822464805672,0.0117248959265487,"18641/243853/12833/14635/74747/14751/22601/66129/11674/108155/225913/74370/56327/50721/239017/72141/11820/19384/14433/13808/208727/15937/19164/16548/56428/56716/21991/20779","55753/5232/441531/11182/5027/84676/3101/5313/5207/8473/5571/2821/53632/89/9611/405/26137/5562/6714/3098/9759/5236/2033/5515/5230/2026/230/2027","GO:0006096","GO:0006096","glycolytic process","glycolytic process",-1.9308910035149,0.372816027137807,TRUE,FALSE,-3.10011411041487,3.10011411041487,"opposite direction"
"human KD vs control vs mouse KD vs control","GO_BP","GO:0072523","purine-containing compound catabolic process","either",0.05,"opposite direction",-3.09385681763914,3.09385681763914,1.51858869996992,-1.57526811766922,0.0559722932803457,0.0277956031768307,"18641/547253/22436/18573/243853/12833/14635/74747/15254/14751/15452/22601/66129/11674/108155/238871/225913/74370/56327/18578/50773/171210/18113/71207/50721/239017/72141/110446/23984/269378/381101/11820/19384/14433/13808/208727/56409/15937/76952/11666/19164/16548/56428/56716/21991/20779","195827/5213/56953/11332/5138/284958/55753/5232/441531/11182/5142/5027/84676/3101/5313/5207/8473/5150/5571/2821/53632/3094/89/9611/405/26137/5562/38/5141/6714/3098/9759/5236/2033/272/5151/5144/5515/5230/2026/230/2027/7498","GO:0072523","GO:0072523","purine-containing compound catabolic process","purine-containing compound catabolic process",-1.55602389714163,1.2520268989429,TRUE,FALSE,-3.09385681763914,3.09385681763914,"opposite direction"
"human KD vs control vs mouse KD vs control","GO_BP","GO:0007059","chromosome segregation","either",0.05,"opposite direction",3.09153739103347,3.09153739103347,-1.51625324547865,1.57528414555482,0.00471487293894476,0.00386181513948376,"101706/67177/101994/227707/52504/76044/72199/74201/66371/18221/52683/68942/66385/71819/66977/71846/76478/232933/26951/26934/68549/16569/106042/66591/66578/74335/68724/209011/54204/76123/14211/20892/71988/107995/83431/76499/57261/12237/218914/68523/12704/24010/228421/12316/26371/16571/72776/70012/21975/23834/320706/215387/66934/382073/219114/52696/20460/100502766/77053/105988/14579/22196/54141/226026/12235/212307/17345/268697/16551/13605/108912/229841/110033/21749/22385/108907/12534/29861/78610/213389/16580/68767/72119/66140/11799/11789/12189/193740/218977/67300/70385/18005/70218/381318/70466/52276/67166/100732/68183/16319/108000/68501/12236/233406/20878/78906/15511","4288/29128/10460/23353/54908/11130/9787/701/51203/22974/201254/55355/146909/1063/221150/8379/80152/3833/348235/10615/56776/332/147841/57082/9232/10783/55835/55143/79172/699/348654/26271/3304/9928/2801/23636/51652/55755/57820/6491/23310/25936/5359/27183/55142/3835/81610/285498/9319/91272/93323/79980/79080/81620/151246/7517/8110/54892/55055/83540/23354/348995/56271/990/79682/220134/2068/54801/2491/2177/3832/7272/57405/1060/9275/672/387103/64946/55839/9493/51112/2669/55201/11065/9639/51115/9055/85378/90417/79903/54984/1058/9391/4439/3619/991/150465/79598/49856/9735/55166/54627/605/23421/26993/1104/56852/9400/9918/80254/81930/7156/140710/151648/79884/26151/84142/29901/56647/51776/29117/91687/1062/4085/56992/54820/9212/24137/23397/116028/92421/5119/10459/9700/55125/64105/317761/338657/10464/9985/11243/64151/284071/115106/7153","GO:0007059","GO:0007059","chromosome segregation","chromosome segregation",2.41320851922147,-2.32653000656583,TRUE,TRUE,3.09153739103347,3.09153739103347,"opposite direction"
"human KD vs control vs mouse KD vs control","GO_BP","GO:0043648","dicarboxylic acid metabolic process","either",0.05,"opposite direction",-3.09114040673169,3.09114040673169,2.11327560077648,-0.977864805955206,0.000322912843491872,0.699759240900722,"74551/26570/270685/108682/56454/20917/12833/11566/14194/107747/216188/108147/14661/76238/11898/104112/15926/257633/17436/16922/239017/269951/14629/52633/108156","3620/8803/9971/2805/137362/137872/112817/2729/55753/3418/1738/10840/2806/6390/441024/4191/2730/10873/3417/4199/47/443/2747","GO:0043648","GO:0043648","dicarboxylic acid metabolic process","dicarboxylic acid metabolic process",-0.155051357605363,3.49091468106918,FALSE,TRUE,-3.09114040673169,3.09114040673169,"opposite direction"
"human KD vs control vs mouse KD vs control","GO_BP","GO:2001251","negative regulation of chromosome organization","either",0.05,"opposite direction",3.08840498514477,3.08840498514477,-1.38648314563769,1.70192183950708,0.277106035823038,0.0196726878673735,"21750/50505/93762/214627/22589/11545/328572/214444/66977/26951/66591/74335/21951/107995/12237/52864/218914/24010/72836/219114/52696/208084/12235/268697/229841/21749/22385/11799/11789/70385/52276/16319/12236/57321","54908/11130/701/1063/221150/8379/142/332/147841/57082/3178/55143/5371/699/348654/26271/55755/9319/54386/7517/55055/83540/3183/220134/7272/2067/57405/7013/84464/25913/26277/4683/54984/80119/3619/991","GO:2001251","GO:2001251","negative regulation of chromosome organization","negative regulation of chromosome organization",1.70613629863586,-0.557354014470058,TRUE,FALSE,3.08840498514477,3.08840498514477,"opposite direction"
"human KD vs control vs mouse KD vs control","GO_BP","GO:1901988","negative regulation of cell cycle phase transition","either",0.05,"opposite direction",3.08612840750371,3.08612840750371,-1.21328170976466,1.87284669773905,0.30151387074464,5.03898777355821e-05,"72772/227331/11920/319955/17193/70045/19651/225131/381979/327762/28000/54394/13972/234736/235041/52040/20674/68592/235610/118454/218294/214444/229543/12193/67177/11785/20296/66371/72440/66977/69076/28010/19367/26951/66591/74335/77011/71711/238555/20184/107995/57261/12237/24010/12952/240087/14056/71375/23834/219114/52696/17283/241627/12235/59036/268697/67333/235559/229841/17096/208266/12534/381921/269424/71733/22390/76843/269582/19891/208768/11799/11789/12189/70385/330177/52276/93695/16319/12144/52679/12753/12236/12581","2273/54908/1026/5591/11130/29997/701/3624/9656/1063/221150/23560/8379/332/91607/144455/147841/57082/55143/699/348654/79968/26271/58493/8525/197342/55755/80279/29980/27183/9319/83695/55159/81620/7517/6118/55055/83540/990/7158/220134/2177/51149/7272/57405/57805/54465/9894/79027/1763/25959/672/151636/51339/7114/63967/3364/5984/3275/4683/440275/80185/54984/84444/595/5982/140901/4361/83990/3619/991/79858/8914/146956/9735/641/51499/79184/4998/1112/80254/5932/84142/90381/6419/9088/51776/29117/84126/4085/57099/2074/11073/9212/84936","GO:1901988","GO:1901988","negative regulation of cell cycle phase transition","negative regulation of cell cycle phase transition",4.29765669540145,-0.520692703924188,TRUE,FALSE,3.08612840750371,3.08612840750371,"opposite direction"
"human KD vs control vs mouse KD vs control","GO_BP","GO:0034614","cellular response to reactive oxygen species","either",0.05,"opposite direction",-3.08542338483709,3.08542338483709,1.59196395930511,-1.49345942553198,0.0442426534928472,0.0726745319992004,"23876/66725/68015/15234/16600/76251/21974/27050/14158/12333/14694/26362/12176/11651/68943/16174/20852/17392/16952/26408/11792/22166/18214/15499/50721/54683/16819/20657/18595/26398/14088/26420/93686/269254/16598/18024/18294/18104/11826/108655/20779/26419/11350/68992/13078/18477/59041/14281","5195/140823/84557/4314/1072/5580/65018/9283/5311/8807/2534/7226/5830/6416/4780/9314/5562/8678/538/5052/6714/9131/116988/2081/7001/5156/120892/3082","GO:0034614","GO:0034614","cellular response to reactive oxygen species","cellular response to reactive oxygen species",-1.13861775626643,1.35415883372093,FALSE,TRUE,-3.08542338483709,3.08542338483709,"opposite direction"
"human KD vs control vs mouse KD vs control","GO_BP","GO:0000819","sister chromatid segregation","either",0.05,"opposite direction",3.08218899112218,3.08218899112218,-1.46148089428137,1.62070809684081,0.0404566387469507,0.00765259228977426,"13006/103768/99412/67139/381293/214444/101706/67177/101994/76044/74201/66371/18221/52683/68942/71819/66977/232933/26951/26934/16569/106042/66591/74335/14211/107995/76499/12237/218914/12704/24010/228421/16571/23834/215387/219114/52696/100502766/105988/54141/12235/268697/16551/229841/110033/22385/108907/12534/29861/16580/72119/66140/11799/11789/193740/67300/70385/18005/70218/381318/70466/52276/16319/68501/12236/233406/78906/15511","29128/10460/54908/11130/9787/701/51203/22974/146909/1063/221150/8379/3833/348235/10615/332/147841/57082/10783/55143/699/348654/26271/3304/9928/2801/23636/51652/55755/23310/25936/27183/3835/9319/91272/81620/7517/8110/54892/55055/83540/990/220134/2491/3832/7272/57405/1060/9275/9493/11065/9639/51115/9055/90417/54984/1058/3619/991/79598/49856/9735/54627/605/26993/1104/9918/81930/79884/26151/84142/56647/51776/29117/1062/4085/56992/9212/24137/23397/116028/92421/5119/10459/9700/55125/64105","GO:0000819","GO:0000819","sister chromatid segregation","sister chromatid segregation",2.11619142413533,-1.39301020249183,TRUE,TRUE,3.08218899112218,3.08218899112218,"opposite direction"
"human KD vs control vs mouse KD vs control","GO_BP","GO:0072132","mesenchyme morphogenesis","either",0.05,"opposite direction",-3.06718941621439,3.06718941621439,1.19450901717726,-1.87268039903713,0.533072920887563,0.0248605866543334,"11475/19664/24075","72/4089/6881/324/8642/2296/650/6615/3516/58/59","GO:0072132","GO:0072132","mesenchyme morphogenesis","mesenchyme morphogenesis",-1.60448862719342,0.273213378266261,TRUE,FALSE,-3.06718941621439,3.06718941621439,"opposite direction"
"human KD vs control vs mouse KD vs control","GO_BP","GO:0019364","pyridine nucleotide catabolic process","either",0.05,"opposite direction",-3.06527665201628,3.06527665201628,1.34433066629897,-1.72094598571731,0.294886476561835,0.0152609273575335,"18641/547253/243853/12833/14635/74747/14751/22601/66129/11674/108155/225913/74370/56327/18113/50721/239017/72141/11820/19384/14433/13808/208727/15937/19164/16548/56428/56716/21991/20779","55753/5232/441531/11182/5027/84676/3101/5313/5207/8473/5571/2821/53632/89/9611/405/26137/5562/6714/3098/9759/5236/2033/5515/5230/2026/230/2027","GO:0019364","GO:0019364","pyridine nucleotide catabolic process","pyridine nucleotide catabolic process",-1.81641907489867,0.53034514365451,TRUE,FALSE,-3.06527665201628,3.06527665201628,"opposite direction"
"human KD vs control vs mouse KD vs control","GO_BP","GO:0060317","cardiac epithelial to mesenchymal transition","either",0.05,"opposite direction",-3.05775776549838,3.05775776549838,1.16631323750388,-1.8914445279945,0.567246637312905,0.0273172840924627,"13731/19664/21814/68585/18569/21813/11490/22160/12156/67888/24063","2013/4089/1942/650/6615/7291/3516/7049","GO:0060317","GO:0060317","cardiac epithelial to mesenchymal transition","cardiac epithelial to mesenchymal transition",-1.56356248076973,0.246228069970622,TRUE,FALSE,-3.05775776549838,3.05775776549838,"opposite direction"
"human KD vs control vs mouse KD vs control","GO_BP","GO:0061982","meiosis I cell cycle process","either",0.05,"opposite direction",3.05396047108202,3.05396047108202,-1.40162698509749,1.65233348598453,0.212523733385092,0.0248605866543334,"230700/227707/23997/71846/68549/74666/209011/71711/20892/107995/52864/218914/60611/57746/52696/66197/17864/77053/105988/18861/67333/235559/229841/21749/213389/11799/22697/20878","23353/11130/201254/56776/57082/9232/5889/197342/57820/5395/285498/9319/151246/2177/1060/994/10635/84464/995/140901/4439/4361/83990/991/146956/4292/79703/54456/5892/151648/9088/317761/79173/9985/4603/284071/7153/675/126549/56154/100130958/29893/80198","GO:0061982","GO:0061982","meiosis I cell cycle process","meiosis I cell cycle process",1.60448862719342,-0.672592563483631,TRUE,FALSE,3.05396047108202,3.05396047108202,"opposite direction"
"human KD vs control vs mouse KD vs control","GO_BP","GO:0072526","pyridine-containing compound catabolic process","either",0.05,"opposite direction",-3.05393785849221,3.05393785849221,1.31846471745023,-1.73547314104198,0.313057632023149,0.0166821741476013,"18641/547253/243853/12833/14635/74747/14751/22601/66129/11674/108155/225913/74370/56327/18113/50721/239017/72141/11820/19384/14433/13808/208727/15937/19164/16548/56428/56716/21991/20779","5232/441531/11182/5027/84676/3101/5313/5207/8473/5571/2821/53632/89/9611/405/26137/5562/6714/3098/9759/5236/2033/5515/5230/2026/230/2027","GO:0072526","GO:0072526","pyridine-containing compound catabolic process","pyridine-containing compound catabolic process",-1.77774734945521,0.504375704096924,TRUE,FALSE,-3.05393785849221,3.05393785849221,"opposite direction"
"human KD vs control vs mouse KD vs control","GO_BP","GO:0005996","monosaccharide metabolic process","either",0.05,"opposite direction",-3.0536882553472,3.0536882553472,1.54952587968718,-1.50416237566002,0.0179406133269238,0.0286997906010303,"74551/14119/18641/246730/108682/74155/12041/16010/228026/243853/67800/14118/14635/68401/50527/14873/14381/23960/11815/110208/16009/14751/230784/67863/381694/102093/19895/22601/11651/17158/140484/75578/11674/13194/108155/16828/56745/23961/225913/66294/100198/67389/74777/18113/77590/54128/50721/235339/72141/72157/78653/73744/14629/53893/17160/105651/18597/14433/13808/210973/14534","8473/4191/5571/51363/2821/53632/150094/79411/89/4122/10499/5166/2548/6934/8402/2585/2584/2648/5255/2308/3098/2517/80146/55277/5236/2033/119391/5160/5165/5230/2026/5091/5499/230/1642/2027","GO:0005996","GO:0005996","monosaccharide metabolic process","monosaccharide metabolic process",-1.54212127194715,1.74616271402629,TRUE,TRUE,-3.0536882553472,3.0536882553472,"opposite direction"
"human KD vs control vs mouse KD vs control","GO_BP","GO:0044774","mitotic DNA integrity checkpoint signaling","either",0.05,"opposite direction",3.0488042470087,3.0488042470087,-1.06576963136226,1.98303461564644,0.65240350110462,0.00188792813699233,"72772/227331/11920/17193/225131/381979/234736/52040/68592/218294/69076/19367/77011/71711/20184/71375/23834/235559/12534/381921/76843/269582/19891/208768/12189/330177/12144","1026/5591/29997/9656/8525/197342/80279/29980/55159/6118/990/2177/51149/672/63967/3364/4683/595/4361/79858/8914/146956/641/51499/79184/4998/1112/84142/90381/6419/51776/11073","GO:0044774","GO:0044774","mitotic DNA integrity checkpoint signaling","mitotic DNA integrity checkpoint signaling",2.72401454091807,-0.185483716996665,TRUE,FALSE,3.0488042470087,3.0488042470087,"opposite direction"
"human KD vs control vs mouse KD vs control","GO_BP","GO:0019377","glycolipid catabolic process","either",0.05,"opposite direction",3.04723066991287,3.04723066991287,-1.98402238532797,1.0632082845849,0.0131079100101473,0.594742874399438,"50877/230101/15212/18010/17939/19156/14420/14466/11605/15211","57704/2720/2760/10825/25870/3074/950","GO:0019377","GO:0019377","glycolipid catabolic process","glycolipid catabolic process",0.225670752531625,-1.88246654884525,FALSE,TRUE,3.04723066991287,3.04723066991287,"opposite direction"
"human KD vs control vs mouse KD vs control","GO_BP","GO:0090307","mitotic spindle assembly","either",0.05,"opposite direction",3.04164130268767,3.04164130268767,-1.64800636467255,1.39363493801512,0.0495801449313759,0.218258701073403,"74201/66371/68942/71819/232933/26934/16569/106042/107995/76499/16571/100502766/16551/16580/72119/11799/193740/67300/18005/70466/52276/16319/233406/78906/15511","29128/22974/3833/332/55143/3304/2801/51652/3832/9493/9639/9055/3619/79598/49856/54627/1104/79884/26151/84142/56647/56992/9212/24137/92421/5119/55125/10464","GO:0090307","GO:0090307","mitotic spindle assembly","mitotic spindle assembly",0.661028433749122,-1.30469220804813,FALSE,TRUE,3.04164130268767,3.04164130268767,"opposite direction"
"human KD vs control vs mouse KD vs control","GO_BP","GO:0006790","sulfur compound metabolic process","either",0.05,"opposite direction",-3.0402510682389,3.0402510682389,1.71218475350847,-1.32806631473043,0.00281485564815373,0.143443213254274,"107869/26570/12041/228026/20917/67800/232087/14873/14381/110695/69065/14782/54371/12286/74114/319518/14874/17250/211666/14600/14870/66885/236539/67096/104112/15926/14104/14431/107476/13171/71743/246277/171210/78038/56360/64451/14043/235339/232223/110446/229709/26897/17855/68312/12955/72621/433256/75475/269378/12039/22021/52538/14629/108156/18597/66812/17850/18618/68021/22333/110821/14854/109801/18024/14869/11666/105663/72043/73132/14630/56369/73836/236900/216443/50790/14863/104184/14042/110948/329910/29807/14775/13479/56318/68044/59010/74450","51703/3156/9061/4524/11019/58472/4780/9524/5166/55/2730/84188/2690/79071/4598/6776/38/8460/51380/80221/53354/25828/26873/119391/55902/47/2181/3157/10327/5160/5165/2949/10768/5230/8459/79993","GO:0006790","GO:0006790","sulfur compound metabolic process","sulfur compound metabolic process",-0.843319994758131,2.55054387179584,FALSE,TRUE,-3.0402510682389,3.0402510682389,"opposite direction"
"human KD vs control vs mouse KD vs control","GO_BP","GO:0016241","regulation of macroautophagy","either",0.05,"opposite direction",-3.03260999052904,3.03260999052904,1.09276009890008,-1.93984989162896,0.612490079365079,9.37356562304816e-05,"15944/54396/66725/16145/67811/11739/20787/230784/12257/12176/68943/24088/80280/18777/11740/52639/54636/76983/268656/77006/59029/17772/235180/64704/329015/381038/14232/22333/26417/81601/223649/74006/22084/107607","79837/706/29110/64127/10524/10213/9550/254122/140775/51375/55294/2773/27429/25851/65018/55626/6720/9114/10075/26353/55187/60412/2931/55763/79142/84749/8454/23545/10043/7855/55062/7405/55737/535/6721/1020/51100/4943/8678/9978/112574/160760/533/143686/51606/528/5290/29978/8723/10273/2081/120892/523/4734/291","GO:0016241","GO:0016241","regulation of macroautophagy","regulation of macroautophagy",-4.02809517583013,0.212900941268566,TRUE,FALSE,-3.03260999052904,3.03260999052904,"opposite direction"
"human KD vs control vs mouse KD vs control","GO_BP","GO:0090068","positive regulation of cell cycle process","either",0.05,"opposite direction",3.02401397520416,3.02401397520416,-1.4158092568436,1.60820471836056,0.0623782456507536,0.00707889295295932,"19362/11491/20466/71472/70099/22589/14165/52040/21802/226419/13424/50850/54624/108961/211660/218294/381293/109333/101706/50875/20133/76044/72290/52683/83770/268451/72440/71819/58994/81702/232341/21385/26934/68549/18591/16569/66591/14156/74335/76123/14211/12914/107995/57261/12704/22410/14219/270201/245902/14056/227937/72776/23834/215387/57746/219114/20460/83946/13614/19014/16973/54141/328440/226026/12235/268697/13605/229841/20399/12545/108907/12534/22390/213389/76843/240641/11799/237877/18712/229776/52276/16319/52679/68501/226151/14632/234779","3481/894/4869/6241/9787/51203/1663/1956/221150/8379/131870/10615/332/144455/57082/7040/55835/55143/699/348654/26271/9928/23636/5889/51652/6491/8558/5359/81610/83695/1906/80174/7517/6790/2735/54892/2237/990/220134/51176/994/10635/9493/7039/54623/11065/57057/5336/995","GO:0090068","GO:0090068","positive regulation of cell cycle process","positive regulation of cell cycle process",2.15003465502397,-1.2049668436685,TRUE,FALSE,3.02401397520416,3.02401397520416,"opposite direction"
"human KD vs control vs mouse KD vs control","GO_BP","GO:0010821","regulation of mitochondrion organization","either",0.05,"opposite direction",-3.01650244052435,3.01650244052435,1.32573079723877,-1.69077164328558,0.274647976712306,0.0143850779844455,"15944/54396/70310/66725/16145/229524/15234/22059/70186/12048/56772/20847/12176/11651/68943/11740/70435/18793/12050/381038/109108/215999/52538/14629/19765/15937/74006/12028/56428/78688/223601/66196/59040/75734/381760","581/55170/23788/65018/65084/51571/10075/2931/10928/8878/26355/4318/10367/55737/56947/51024/5910/2033/23761/27166/64083/120892/54708/3082/10493","GO:0010821","GO:0010821","regulation of mitochondrion organization","regulation of mitochondrion organization",-1.84208777936819,0.561223596008788,TRUE,FALSE,-3.01650244052435,3.01650244052435,"opposite direction"
"human KD vs control vs mouse KD vs control","GO_BP","GO:0009166","nucleotide catabolic process","either",0.05,"opposite direction",-3.01534079644875,3.01534079644875,1.58650485844478,-1.42883593800397,0.0442426534928472,0.0880128392055738,"18641/547253/22436/18573/243853/12833/14635/74747/15254/12799/14751/15452/22601/12499/66129/11674/108155/238871/225913/74370/56327/18578/50773/18113/71207/50721/239017/72141/23984/232449/381101/11820/19384/22271/14433/13808/208727/56409/15937/76952/19164/16548/56428/56716/21991/20779/56045/23959/56717/15251/218461/11717","195827/5213/56953/5138/284958/55753/5232/441531/11182/5142/5027/84676/3101/5313/5207/8473/5150/5571/2821/53632/3094/89/9611/405/26137/5562/5141/6714/3098/9759/5236/978/2033/272/5151/7415/5144/5515/5230/2026/230/2027/7498","GO:0009166","GO:0009166","nucleotide catabolic process","nucleotide catabolic process",-1.05545396887934,1.35415883372093,FALSE,TRUE,-3.01534079644875,3.01534079644875,"opposite direction"
"human KD vs control vs mouse KD vs control","GO_BP","GO:0006310","DNA recombination","either",0.05,"opposite direction",3.01409716721913,3.01409716721913,-1.17664796615472,1.83744920106441,0.368249120683787,3.51368999829275e-05,"237211/227525/21750/19362/12053/50505/18970/67788/70099/272158/13871/234736/17688/11545/108937/26909/66634/75317/55982/69723/21414/229543/69714/78656/13548/319583/20926/236904/72440/217216/235626/57765/68275/13831/209966/74666/74335/17686/71711/233826/229584/14211/93765/214763/12914/20892/54125/72931/321006/52864/16588/240087/14056/21975/215387/72836/232210/22592/208084/56207/107932/226026/18861/20422/103537/235559/235134/71643/227195/12545/77782/213389/19891/100561/237877/211978/22256/12189/59004/191578/12144/17217/68501/17215/13026/57321/117599","2547/29128/328/7520/5591/64710/201254/64110/142/84515/9907/9401/5965/3149/7040/165918/348654/58493/9156/5889/197342/65980/57820/22909/5395/55183/285498/9319/54386/83695/55159/1387/4173/63979/84717/27301/7517/6118/2237/3575/79728/7158/3838/2068/2177/78996/7516/51149/2067/8971/2073/7486/672/23514/118460/10635/84464/283899/10933/54537/55317/27336/6119/3364/56160/7037/4683/10097/80119/115004/6929/4439/4361/83990/4796/8914/146956/4292/79703/641/158880/84296/51659/56893/9400/10856/7156/5892/5932/7515/7292/10721/7011/51588/2187/27434/23126/2074/11073/23397/116028/10459/4174/317761/55929/580/79173/9985/4176/55218/7153/675/64769/4437/5893/254225/78995/126549","GO:0006310","GO:0006310","DNA recombination","DNA recombination",4.45423655757315,-0.433858281505386,TRUE,FALSE,3.01409716721913,3.01409716721913,"opposite direction"
"human KD vs control vs mouse KD vs control","GO_BP","GO:1901292","nucleoside phosphate catabolic process","either",0.05,"opposite direction",-2.99904650724174,2.99904650724174,1.64662905957102,-1.35241744767072,0.0186513494005835,0.1252849523809,"18641/547253/22436/18573/243853/12833/14635/74747/15254/12799/14751/15452/22601/12499/66129/11674/108155/238871/225913/74370/56327/18578/50773/171210/18113/71207/50721/239017/72141/110446/23984/232449/53893/381101/11820/19384/22271/14433/13808/208727/56409/15937/76952/11666/19164/16548/56428/56716/76025/21991/20779","195827/5213/56953/11332/5138/284958/55753/5232/441531/11182/5142/5027/84676/3101/5313/5207/8473/5150/5571/2821/53632/3094/89/9611/405/956/26137/5562/38/5141/6714/3098/9759/5236/978/2033/272/5151/7415/5144/5515/5230/2026/230/2027/7498","GO:1901292","GO:1901292","nucleoside phosphate catabolic process","nucleoside phosphate catabolic process",-0.902101087747919,1.72928974208439,FALSE,TRUE,-2.99904650724174,2.99904650724174,"opposite direction"
"human KD vs control vs mouse KD vs control","GO_BP","GO:0044773","mitotic DNA damage checkpoint signaling","either",0.05,"opposite direction",2.99713685988585,2.99713685988585,-1.08619684818704,1.91094001169881,0.625022567250406,0.00645194621557997,"72772/227331/11920/17193/225131/381979/234736/52040/68592/218294/69076/19367/77011/71711/20184/71375/235559/12534/381921/76843/269582/19891/208768/12189/330177/12144","1026/5591/29997/9656/8525/197342/80279/29980/55159/6118/2177/51149/672/63967/3364/4683/595/4361/79858/8914/146956/641/51499/79184/1112/84142/90381/51776/11073/1017/163859/65975/7157/80198/1111","GO:0044773","GO:0044773","mitotic DNA damage checkpoint signaling","mitotic DNA damage checkpoint signaling",2.19030926161386,-0.204104301607309,TRUE,FALSE,2.99713685988585,2.99713685988585,"opposite direction"
"human KD vs control vs mouse KD vs control","GO_BP","GO:0031570","DNA integrity checkpoint signaling","either",0.05,"opposite direction",2.99445643649873,2.99445643649873,-1.06310355676002,1.93135287973871,0.655269451243205,0.000846097121357354,"72772/227331/11920/319955/17193/225131/381979/327762/28000/13972/234736/52040/68592/235610/218294/67177/72440/69076/19367/77011/71711/20184/57261/12952/240087/71375/23834/241627/235559/17096/208266/12534/381921/76843/269582/19891/208768/12189/330177/12144/12753","1026/5591/29997/9656/79968/8525/197342/80279/29980/83695/55159/81620/6118/990/7158/2177/51149/57805/54465/9894/1763/672/151636/63967/3364/5984/4683/440275/80185/84444/595/5982/4361/83990/79858/8914/146956/641/51499/79184/4998/1112/80254/84142/90381/6419/51776/84126/2074/11073/1017/580/675/9675/163859/5810/65975/7157/1407/80198/54584/1111","GO:0031570","GO:0031570","DNA integrity checkpoint signaling","DNA integrity checkpoint signaling",3.07257978252994,-0.183580078443615,TRUE,FALSE,2.99445643649873,2.99445643649873,"opposite direction"
"human KD vs control vs mouse KD vs control","GO_BP","GO:0010948","negative regulation of cell cycle process","either",0.05,"opposite direction",2.99033228348729,2.99033228348729,-1.23654118869826,1.75379109478903,0.31078312885436,0.000750018964832062,"72772/227331/11920/319955/17193/70045/19651/225131/381979/57441/327762/93759/28000/54394/68953/93762/13972/22589/234736/235041/52040/20674/68592/108961/235610/118454/218294/214444/229543/12193/67177/11785/20296/66371/72440/66977/69076/67463/28010/19367/26951/66591/74335/21951/56275/77011/71711/238555/20184/107995/57261/12237/218914/24010/12952/14184/240087/14056/71375/23834/382073/17245/219114/52696/17283/100502766/241627/12235/59036/268697/67333/235559/229841/22385/17096/208266/12534/381921/269424/71733/22390/76843/269582/19891/208768/11799/11789/12189/70385/18005/330177/52276/93695/16319/12144/52679/12159/12753/12236/12581","2273/54908/4869/1026/5591/11130/29997/701/3624/9656/1063/221150/23560/8379/332/91607/144455/147841/57082/55143/699/348654/79968/26271/58493/8525/197342/55755/80279/29980/27183/9319/83695/55159/81620/7517/6118/55055/83540/990/7158/220134/51053/2177/655/51149/7272/57405/57805/54465/9894/79027/1763/25959/672/7013/10040/151636/51339/7114/63967/3364/5984/3275/4683/440275/80185/54984/84444/595/5982/140901/899/4361/83990/3619/991/79858/8914/286151/146956/9735/641/51499/79184/4998/1112/80254/5932/84142/90381/6419/9088/51776/56890/29117/84126/4085/57099/2074/11073/9212/84936/92421/10459/9700/1017/338657/580/146691/60672","GO:0010948","GO:0010948","negative regulation of cell cycle process","negative regulation of cell cycle process",3.12492775498459,-0.507542565303327,TRUE,FALSE,2.99033228348729,2.99033228348729,"opposite direction"
"human KD vs control vs mouse KD vs control","GO_BP","GO:0071616","acyl-CoA biosynthetic process","either",0.05,"opposite direction",-2.98496391017115,2.98496391017115,1.20628276886373,-1.77868114130742,0.532389399574489,0.0240009075515849,"12041/228026/319518/104112/14104/107476/64451/235339/110446/433256/18597/17850/22333/110821","2182/5163/23409/27010/23305/10295/5161/1737/51144/32/1738/9200/83401/31/51703/9524/5166/79071/38/55902/47/2181/5160/5165/5230/79993","GO:0071616","GO:0071616","acyl-CoA biosynthetic process","acyl-CoA biosynthetic process",-1.61977233590534,0.273770600365163,TRUE,FALSE,-2.98496391017115,2.98496391017115,"opposite direction"
"human KD vs control vs mouse KD vs control","GO_BP","GO:0044272","sulfur compound biosynthetic process","either",0.05,"opposite direction",-2.98406220301291,2.98406220301291,1.40245328633715,-1.58160891667576,0.24127465942111,0.035636898836656,"107869/26570/12041/228026/232087/319518/211666/14870/104112/14104/107476/71743/246277/64451/235339/110446/433256/14629/18597/66812/17850/22333/110821/14854/18024/14869/105663/73132/14630/56369/236900/50790","2944/2182/27430/5163/23409/27010/10560/79877/23305/10295/5161/1737/2328/11332/2729/51144/32/1738/9200/83401/3029/31/2950/51703/9061/4524/11019/4780/9524/5166/2730/79071/38/51380/53354/55902/47/2181/10327/5160/5165/5230/79993","GO:0044272","GO:0044272","sulfur compound biosynthetic process","sulfur compound biosynthetic process",-1.44810009578912,0.617488288748034,TRUE,FALSE,-2.98406220301291,2.98406220301291,"opposite direction"
"human KD vs control vs mouse KD vs control","GO_BP","GO:0000086","G2/M transition of mitotic cell cycle","either",0.05,"opposite direction",2.98294948684912,2.98294948684912,-1.07994545599473,1.90300403085439,0.609969222534458,0.000677240467334064,"20184/107995/57261/12704/22410/71375/23834/12566/53892/268697/67333/235559/12545/12534/381921/22390/76843/269582/11799/12428/12189/18005/18712/330177/108000/18008/12144/71276","2273/1026/29997/1021/1063/23560/332/9833/2305/26271/58493/9928/5889/10776/8558/80279/284001/29980/27183/10763/80174/6790/990/51149/54465/672/23326/994/63967/3364/4683/995/54984/595/140901/4361/641/79184/4998/1112/5932/7319/84142/90381/9088/57099/11073/9212/84936/23194/92421/1017/580/60672","GO:0000086","GO:0000086","G2/M transition of mitotic cell cycle","G2/M transition of mitotic cell cycle",3.16925709927132,-0.214692077809996,TRUE,FALSE,2.98294948684912,2.98294948684912,"opposite direction"
"human KD vs control vs mouse KD vs control","GO_BP","GO:0072330","monocarboxylic acid biosynthetic process","either",0.05,"opposite direction",-2.98151618309217,2.98151618309217,1.40390449750484,-1.57761168558733,0.144769919954833,0.0245422846582333,"74551/270685/60527/74155/17768/56348/106529/108037/54447/71974/76267/20787/67452/19224/19225/14870/57875/104112/235623/16828/16952/15108/14104/14431/107476/113868/257633/56473/241452/11370/244373/26374/68312/68041/234309/66775/26378/17117/26420/14869/11666/13123/52023/70316/26922/18783/233912/93732/20250/19223/50790/223722/14863/19299/213350","2944/2182/3990/64410/9415/63826/116519/6319/50640/5406/9971/114876/215/570/6770/401494/2171/246/1066/56624/58526/11332/112817/51144/3995/32/9420/9200/83401/2879/31/2950/7376/5825/23038/9572/23352/5947/3028/3992/5313/65084/10196/5571/114883/53632/283985/5007/11019/10170/6342/7923/8560/9524/80270/5166/5743/79071/51/5562/225/10873/22933/9536/55902/47/2628/84696/5321/9373/8850/64326/79993/5742/33","GO:0072330","GO:0072330","monocarboxylic acid biosynthetic process","monocarboxylic acid biosynthetic process",-1.61008501095378,0.839321665726602,TRUE,FALSE,-2.98151618309217,2.98151618309217,"opposite direction"
"human KD vs control vs mouse KD vs control","GO_BP","GO:0098813","nuclear chromosome segregation","either",0.05,"opposite direction",2.97942176026464,2.97942176026464,-1.43593752838973,1.54348423187491,0.0504722214194513,0.010828243728719,"13006/103768/13424/99412/67139/381293/214444/101706/67177/101994/227707/76044/74201/66371/18221/52683/68942/71819/66977/71846/232933/26951/26934/68549/16569/106042/66591/74335/209011/54204/14211/107995/76499/12237/218914/12704/24010/228421/12316/16571/23834/215387/66934/219114/52696/100502766/77053/105988/14579/54141/12235/268697/16551/13605/229841/110033/21749/22385/108907/12534/29861/213389/16580/68767/72119/66140/11799/11789/193740/67300/70385/18005/70218/381318/70466/52276/16319/108000/68501/12236/233406/20878/78906/15511","29128/10460/23353/54908/11130/9787/701/51203/22974/146909/1063/221150/8379/3833/348235/10615/56776/332/147841/57082/9232/10783/55143/699/348654/26271/3304/9928/2801/23636/51652/55755/57820/23310/25936/27183/3835/81610/285498/9319/91272/79980/81620/151246/7517/8110/54892/55055/83540/990/220134/2491/2177/3832/7272/57405/1060/9275/9493/51112/2669/55201/11065/9639/51115/9055/90417/54984/1058/4439/3619/991/150465/79598/49856/9735/55166/54627/605/26993/1104/9918/81930/151648/79884/26151/84142/56647/51776/29117/1062/4085/56992/9212/24137/23397/116028/92421/5119/10459/9700/55125/64105/317761/10464/11243/64151/284071/7153","GO:0098813","GO:0098813","nuclear chromosome segregation","nuclear chromosome segregation",1.96544197742624,-1.29694758036679,TRUE,FALSE,2.97942176026464,2.97942176026464,"opposite direction"
"human KD vs control vs mouse KD vs control","GO_BP","GO:0045930","negative regulation of mitotic cell cycle","either",0.05,"opposite direction",2.97547253795126,2.97547253795126,-1.14450030955574,1.83097222839552,0.430593864545913,0.000262057745560551,"118454/218294/214444/229543/12193/20296/66371/66977/69076/28010/19367/380629/26951/66591/240255/545622/74335/77011/71711/238555/20184/107995/12237/24010/14184/14056/71375/23834/219114/52696/12235/59036/268697/67333/235559/229841/12534/381921/269424/22390/76843/269582/19891/208768/11799/26941/11789/12189/70385/330177/52276/93695/16319/12144/52679/12159/12236/12581","2273/54908/1026/5591/11130/29997/701/3624/9656/1063/221150/23560/8379/332/91607/144455/147841/57082/55143/5371/699/348654/26271/58493/8525/197342/55755/80279/29980/27183/9319/55159/7517/6118/55055/83540/990/220134/51053/2177/655/51149/7272/57405/54465/79027/25959/672/10040/51339/63967/3364/3275/4683/54984/595/140901/4361/3619/991/79858/8914/146956/9735/641/51499/79184/4998/1112/5932/84142/90381/6419/9088/51776/29117/4085/57099/5774/11073/7976/9212/84936","GO:0045930","GO:0045930","negative regulation of mitotic cell cycle","negative regulation of mitotic cell cycle",3.58160299946265,-0.365932162651959,TRUE,FALSE,2.97547253795126,2.97547253795126,"opposite direction"
"human KD vs control vs mouse KD vs control","GO_BP","GO:0006298","mismatch repair","either",0.05,"opposite direction",2.97129834970306,2.97129834970306,-1.09626608126939,1.87503226843367,0.636989132055247,0.0206198912602311,"17688/227099/26909/12006/235626/68275/17686/18861/19891/18752","84515/7508/9156/5395/7161/6118/7486/4595/6119/10535/84153/4439/4292","GO:0006298","GO:0006298","mismatch repair","mismatch repair",1.68571362931468,-0.195867977285842,TRUE,FALSE,2.97129834970306,2.97129834970306,"opposite direction"
"human KD vs control vs mouse KD vs control","GO_BP","GO:0046628","positive regulation of insulin receptor signaling pathway","either",0.05,"opposite direction",2.96823862559513,2.96823862559513,-1.94329020010619,1.02494842548894,0.0163725618291495,0.648188135207975,"21871/74143/56278/237542/108664/66144/18479/11984/19246/114143/16367/11964/66335/13033/73834/11972","3481/5770","GO:0046628","GO:0046628","positive regulation of insulin receptor signaling pathway","positive regulation of insulin receptor signaling pathway",0.188298922796041,-1.7858833608315,FALSE,TRUE,2.96823862559513,2.96823862559513,"opposite direction"
"human KD vs control vs mouse KD vs control","GO_BP","GO:0009743","response to carbohydrate","either",0.05,"opposite direction",-2.96011894277685,2.96011894277685,1.62487319036452,-1.33524575241233,0.0201223061159958,0.168576570525758,"74551/18641/12842/20317/20587/192185/19275/20112/14799/18555/109552/228139/72114/224045/18576/20787/19056/230784/54616/14694/11651/14870/11674/63959/19326/108155/80976/74370/66294/74998/67389/16971/18795/50868/12288/16819/54598/13039/27419/78894/52055/14629/19376/108067/20909/18754/109905/17755/81601/13640/16548/18706/20586/20913/68845/20677/14630","2021/846/4760/7391/1958/3651/3952/226/5606/2692/8891/3172/3745/836/6518/51738/9971/759/6717/2805/389692/6833/677/116534/8609/2778/6844/2729/23394/55829/111/23236/5532/2876/9990/2950/65220/10524/9572/9854/5313/6720/8473/5127/7776/4089/6722/11143/5007/5906/6659/6810/2730/26137/51024/6934/5562/150/51714/10628/4199/2081/8398/5019/5176","GO:0009743","GO:0009743","response to carbohydrate","response to carbohydrate",-0.773202785573949,1.69632224846407,FALSE,TRUE,-2.96011894277685,2.96011894277685,"opposite direction"
"human KD vs control vs mouse KD vs control","GO_BP","GO:0034599","cellular response to oxidative stress","either",0.05,"opposite direction",-2.95360753708998,2.95360753708998,1.69335792341226,-1.26024961367772,0.00215496893658129,0.184039266187052,"26570/23876/66725/68015/53618/14381/15234/22059/16600/14782/76251/21974/230784/27050/67452/14158/12333/14694/26362/12176/11651/68943/18779/16174/20852/74142/217069/17392/16952/26408/71701/76454/18484/56473/11792/22166/18214/74777/15499/64704/50721/50868/76650/104156/268373/54683/16819/20657/27419/18595/26398/69568/14088/26420/93686/20909/269254/226090/269356/625249/16598/18024/11865/11666/170719/18294/18104/11826/108655/20779/11911/26419/29819/11350/68992/227743/13078/18477/59041/211651/14281/229731/67689/15251/71785","11035/55829/2876/2879/84883/5195/29957/140823/84557/318/79956/4314/1072/27429/5580/65018/8452/9283/5311/8807/2534/4779/140809/7226/5830/8454/6416/4780/405/6810/9314/5562/8678/538/1386/9978/5052/2308/6714/9131/22933/116988/4891/2081/8850/7001/5156/4248/120892/3082","GO:0034599","GO:0034599","cellular response to oxidative stress","cellular response to oxidative stress",-0.735089507050088,2.66655898572068,FALSE,TRUE,-2.95360753708998,2.95360753708998,"opposite direction"
"human KD vs control vs mouse KD vs control","GO_BP","GO:0046330","positive regulation of JNK cascade","either",0.05,"opposite direction",2.95304119221604,2.95304119221604,-1.86400682852594,1.0890343636901,0.00631146143430443,0.551666180663556,"332579/52065/52521/22026/14219/26403/269881/13614/12928/11596/22034/211323/59009/26412/15258/68339/381921/19246/26390/330177/30957/18816/19099/26401/17873/23882","1490/2150/7474/344558/23043/203447/56940/5770/4616/1906/22943/55504/2043","GO:0046330","GO:0046330","positive regulation of JNK cascade","positive regulation of JNK cascade",0.258323639209548,-2.19987006716378,FALSE,TRUE,2.95304119221604,2.95304119221604,"opposite direction"
"human KD vs control vs mouse KD vs control","GO_BP","GO:0007095","mitotic G2 DNA damage checkpoint signaling","either",0.05,"opposite direction",2.95248508992204,2.95248508992204,-1.19737808906366,1.75510700085838,0.532389399574489,0.044029911777368,"77011/20184/71375/235559/12534/381921/76843/269582/12189/330177/12144","1026/29997/80279/29980/51149/672/63967/4683/4361/641/79184/1112/84142/90381/11073","GO:0007095","GO:0007095","mitotic G2 DNA damage checkpoint signaling","mitotic G2 DNA damage checkpoint signaling",1.35625218473445,-0.273770600365163,TRUE,FALSE,2.95248508992204,2.95248508992204,"opposite direction"
"human KD vs control vs mouse KD vs control","GO_BP","GO:0046394","carboxylic acid biosynthetic process","either",0.05,"opposite direction",-2.94775206577626,2.94775206577626,1.66048032761195,-1.28727173816431,0.00622491043687038,0.150567750784904,"74551/107869/270685/20512/56454/60527/74155/100678/17768/192166/14873/56348/106529/108037/54447/71974/76267/20787/17250/67452/19224/19225/211666/12035/14870/11898/236539/27053/107272/57875/104112/235623/16828/16952/15108/14104/14431/107476/113868/257633/56473/241452/69719/11370/244373/72562/26374/68312/68041/234309/66775/26378/17117/108156/26420/22276/11690/14869/11666/13123/52023/20425/70316/26922/18783/233912/53415/56369/93732/20250/19223/216136/50790/109079/223722/14863/19299/213350","2944/2182/3990/64410/9415/5053/3620/8803/63826/116519/6319/54187/50640/5406/9971/114876/189/4942/215/2805/570/137362/6770/401494/2171/246/1066/56624/58526/11332/112817/51144/3995/32/9420/9200/83401/2879/57834/31/2950/241/7376/5825/23038/9572/23352/5947/3028/3992/5313/26227/65084/10196/5571/114883/53632/283985/5007/4048/4524/11019/10170/6342/7923/8560/9524/80270/5166/5743/79071/51/5562/225/7358/10873/22933/9536/55902/47/2628/84696/5321/2747/9373/8850/64326/79993/5742/33","GO:0046394","GO:0046394","carboxylic acid biosynthetic process","carboxylic acid biosynthetic process",-0.822268037138964,2.20586689275476,FALSE,TRUE,-2.94775206577626,2.94775206577626,"opposite direction"
"human KD vs control vs mouse KD vs control","GO_BP","GO:0051262","protein tetramerization","either",0.05,"opposite direction",-2.94142816428668,2.94142816428668,1.79117872963057,-1.15024943465611,0.0327393139455347,0.442036875078087,"107869/243853/12833/20135/108037/22059/23874/18764/15452/69089/228983/12972/11674/13429/15108/22323/107476/14026/17436/234309/11820/16518/18763/66628/20425/432508/56045/66388/56369/381760/68667","32/80036/31/2902/54822/6261/3028/57192/5311/57582/362/7226/5830/7923/3759/3710/4199/1759/8626/223/6788/3708","GO:0051262","GO:0051262","protein tetramerization","protein tetramerization",-0.354541499938381,1.484930425498,FALSE,TRUE,-2.94142816428668,2.94142816428668,"opposite direction"
"human KD vs control vs mouse KD vs control","GO_BP","GO:0016053","organic acid biosynthetic process","either",0.05,"opposite direction",-2.94095896892798,2.94095896892798,1.64180467421482,-1.29915429471316,0.00619761328950037,0.133073836726838,"74551/107869/270685/20512/56454/60527/74155/100678/17768/192166/14873/56348/106529/108037/54447/71974/76267/20787/17250/67452/19224/19225/211666/12035/14870/11898/236539/27053/107272/57875/104112/235623/16828/16952/15108/14104/14431/107476/113868/257633/56473/246277/241452/69719/11370/244373/72562/26374/68312/68041/234309/66775/26378/17117/108156/26420/22276/11690/14869/11666/13123/52023/20425/70316/26922/18783/233912/53415/56369/93732/20250/19223/216136/50790/109079/223722/14863/19299/213350","2944/2182/3990/64410/9415/5053/3620/8803/63826/116519/6319/54187/50640/5406/9971/114876/189/4942/215/2805/570/137362/6770/401494/2171/246/2328/1066/56624/58526/11332/112817/51144/3995/32/9420/9200/83401/2879/57834/31/2950/241/7376/5825/23038/9572/23352/5947/3028/3992/5313/26227/65084/10196/5571/114883/53632/283985/5007/4048/4524/11019/10170/6342/7923/8560/9524/80270/5166/5743/79071/51/5562/51380/225/7358/10873/22933/9536/55902/47/2628/84696/5321/2747/9373/8850/64326/79993/5742/33","GO:0016053","GO:0016053","organic acid biosynthetic process","organic acid biosynthetic process",-0.875907321550649,2.20777552578561,FALSE,TRUE,-2.94095896892798,2.94095896892798,"opposite direction"
"human KD vs control vs mouse KD vs control","GO_BP","GO:0046032","ADP catabolic process","either",0.05,"opposite direction",-2.93920543831662,2.93920543831662,1.20985006742163,-1.72935537089499,0.4795734719299,0.0210396443447023,"18641/243853/12833/14635/74747/14751/22601/66129/11674/108155/225913/74370/56327/50721/239017/72141/11820/19384/14433/13808/208727/15937/19164/16548/56428/56716/21991/20779","55753/5232/441531/11182/5027/84676/3101/5313/5207/8473/5571/2821/53632/89/9611/405/26137/5562/6714/3098/9759/5236/2033/5515/5230/2026/230/2027","GO:0046032","GO:0046032","ADP catabolic process","ADP catabolic process",-1.6769616057939,0.319144848327779,TRUE,FALSE,-2.93920543831662,2.93920543831662,"opposite direction"
"human KD vs control vs mouse KD vs control","GO_BP","GO:0006163","purine nucleotide metabolic process","either",0.05,"opposite direction",-2.93917303920411,2.93917303920411,1.63313251341244,-1.30604052579167,0.00141011158184477,0.0452423953064102,"23962/18641/246730/547253/20512/22436/18573/66725/192185/243853/66171/12833/14635/74747/14381/11566/110208/56520/226518/22059/15254/23918/14751/12048/15452/229949/107747/216188/67863/19895/12257/108147/22601/19241/66129/66592/14923/68073/11639/11674/67942/331623/108155/238871/11951/225913/15926/74370/56327/67273/18578/66218/50773/66294/56632/100198/74777/17436/18113/71207/50721/68614/239017/72141/269951/26395/27369/23984/53893/381101/11820/108156/19384/14433/13808/212627/208727/56409/104111/21351/15937/66114/76952/107029/66646/19164/74006/225887/72900/16548/18104/56428/68646/56716/67680/67130/21991/20779/66416/70316/75406/14450","55753/3418/9497/111/8604/5232/706/441531/10840/11182/9567/65220/4882/2806/5142/5027/318/84676/4622/6390/55669/729020/2773/3101/516/5313/10476/5207/65018/349565/441024/8473/4191/5150/5571/2821/53632/159/9061/6888/3094/89/9611/196883/405/5635/1740/26137/4881/4700/6774/51024/5562/8402/498/8460/23530/5141/221823/6714/3098/84833/112/9759/132/509/518/5236/2033/3417/4199/272/133686/5151/7415/4720/260425/5144/5515/5230/8459/10632/2026/4715/5091/230/120892/523/2027/4354/7498","GO:0006163","GO:0006163","purine nucleotide metabolic process","purine nucleotide metabolic process",-1.34445440991771,2.85074652035021,TRUE,TRUE,-2.93917303920411,2.93917303920411,"opposite direction"
"human KD vs control vs mouse KD vs control","GO_BP","GO:0006094","gluconeogenesis","either",0.05,"opposite direction",-2.9352058746248,2.9352058746248,1.00860599699368,-1.92659987763112,0.719862327646609,0.00645194621557997,"74551/108682/67800/68401/14751/230784/67863/11651/13194/108155/67389/18113/50721","5207/8473/4191/5571/2821/53632/150094/6934/8402/2648/2308/5236/2033/5230/2026/5091/230/1642/2027","GO:0006094","GO:0006094","gluconeogenesis","gluconeogenesis",-2.19030926161386,0.142750553652649,TRUE,FALSE,-2.9352058746248,2.9352058746248,"opposite direction"
"human KD vs control vs mouse KD vs control","GO_BP","GO:0098974","postsynaptic actin cytoskeleton organization","either",0.05,"opposite direction",-2.93397962668588,2.93397962668588,1.0290583305813,-1.90492129610458,0.707963395306829,0.0308677001565077,"217692/13169/223254/11461/242687/74117/11465","445582/653781/728378/653269","GO:0098974","GO:0098974","postsynaptic actin cytoskeleton organization","postsynaptic actin cytoskeleton organization",-1.51049572706296,0.149989196585973,TRUE,FALSE,-2.93397962668588,2.93397962668588,"opposite direction"
"human KD vs control vs mouse KD vs control","GO_BP","GO:0009134","nucleoside diphosphate catabolic process","either",0.05,"opposite direction",-2.92740777069653,2.92740777069653,1.2832333089026,-1.64417446179393,0.366530208921513,0.0277956031768307,"18641/243853/12833/14635/74747/14751/22601/12499/66129/11674/108155/225913/74370/56327/50721/239017/72141/53893/11820/19384/14433/13808/208727/15937/19164/16548/56428/56716/76025/21991/20779","5232/441531/11182/5027/84676/3101/5313/5207/8473/5571/2821/53632/89/9611/405/956/26137/5562/6714/3098/9759/5236/2033/5515/5230/2026/230/2027","GO:0009134","GO:0009134","nucleoside diphosphate catabolic process","nucleoside diphosphate catabolic process",-1.55602389714163,0.435890225586962,TRUE,FALSE,-2.92740777069653,2.92740777069653,"opposite direction"
"human KD vs control vs mouse KD vs control","GO_BP","GO:0009191","ribonucleoside diphosphate catabolic process","either",0.05,"opposite direction",-2.92740777069653,2.92740777069653,1.2832333089026,-1.64417446179393,0.366530208921513,0.0277956031768307,"18641/243853/12833/14635/74747/14751/22601/12499/66129/11674/108155/225913/74370/56327/50721/239017/72141/53893/11820/19384/14433/13808/208727/15937/19164/16548/56428/56716/76025/21991/20779","5232/441531/11182/5027/84676/3101/5313/5207/8473/5571/2821/53632/89/9611/405/956/26137/5562/6714/3098/9759/5236/2033/5515/5230/2026/230/2027","GO:0009191","GO:0009191","ribonucleoside diphosphate catabolic process","ribonucleoside diphosphate catabolic process",-1.55602389714163,0.435890225586962,TRUE,FALSE,-2.92740777069653,2.92740777069653,"opposite direction"
"human KD vs control vs mouse KD vs control","GO_BP","GO:0000725","recombinational repair","either",0.05,"opposite direction",2.92119252638993,2.92119252638993,-1.18324889895338,1.73794362743655,0.405513040762143,0.00276141928963066,"19362/50505/67788/272158/234736/11545/108937/66634/75317/229543/78656/13548/236904/72440/217216/235626/68275/13831/74335/71711/233826/229584/93765/214763/12914/72931/52864/240087/21975/22592/107932/226026/20422/103537/235559/71643/12545/77782/19891/211978/12189/59004/191578/12144/17217/68501/17215/57321/117599","2547/29128/7520/64710/64110/142/84515/9907/9401/5965/348654/58493/5889/65980/22909/55183/54386/83695/55159/1387/4173/63979/84717/7517/6118/2237/79728/7158/7516/51149/2073/7486/672/23514/10635/84464/10933/54537/55317/27336/6119/3364/56160/4683/10097/115004/4361/4796/8914/641/158880/84296/51659/56893/9400/10856/7156/5892/5932/10721/51588/2187/23126/2074/11073/116028/10459/4174/55929/4176/55218/675/64769/5893/254225/78995/126549","GO:0000725","GO:0000725","recombinational repair","recombinational repair",2.55886764575201,-0.391995174893092,TRUE,FALSE,2.92119252638993,2.92119252638993,"opposite direction"
"human KD vs control vs mouse KD vs control","GO_BP","GO:0006890","retrograde vesicle-mediated transport, Golgi to endoplasmic reticulum","either",0.05,"opposite direction",-2.91894813408589,2.91894813408589,1.08474163578471,-1.83420649830118,0.65240350110462,0.0173499348955595,"59042/67916/67023/67458/50771/76983/50797/59029/66366/71169","372/91949/10213/57410/25839/6811/23760/1315/23299/51226/7405/26958/10749/9276/381/1314/64083/374868","GO:0006890","GO:0006890","retrograde vesicle-mediated transport, Golgi to endoplasmic reticulum","retrograde vesicle-mediated transport, Golgi to endoplasmic reticulum",-1.7607021505303,0.185483716996665,TRUE,FALSE,-2.91894813408589,2.91894813408589,"opposite direction"
"human KD vs control vs mouse KD vs control","GO_BP","GO:0045787","positive regulation of cell cycle","either",0.05,"opposite direction",2.91734833262822,2.91734833262822,-1.38392000976792,1.5334283228603,0.0559722932803457,0.0168856828635547,"16906/69737/14463/19362/11491/17684/20466/71472/70099/22589/14165/52040/16974/21802/226419/13424/13684/50850/54624/108961/211660/218294/381293/109333/101706/69807/50875/20133/76044/20851/72290/52683/216825/83770/268451/72440/71819/58994/81702/232341/21385/21816/26934/68549/18591/16569/66591/14156/240255/74335/76123/14211/12914/72349/107995/57261/12704/12125/22410/14219/270201/245902/14056/227937/72776/23834/215387/57746/219114/20460/83946/13614/232944/19014/16973/54141/328440/226026/12235/56312/268697/13605/229841/20399/12545/108907/12534/22390/19141/213389/76843/240641/11799/237877/18124/12189/21808/18712/229776/52276/12317/16319/52679/68501/71276/226151/20878/14632/234779","3481/894/4869/6241/9787/51203/1663/1956/221150/8379/131870/10615/332/144455/57082/7040/55835/55143/699/348654/26271/3280/9928/23636/5889/51652/5578/6491/8558/284001/5359/81610/83695/1906/1845/80174/7517/6790/2342/2735/54892/2237/990/220134/51176/4824/4193/23326/994/10635/9493/7039/54623/6210/11065/57057/5336/995/6886/595/80071/6929/3619/5886/991/150465","GO:0045787","GO:0045787","positive regulation of cell cycle","positive regulation of cell cycle",1.77248137163638,-1.2520268989429,TRUE,FALSE,2.91734833262822,2.91734833262822,"opposite direction"
"human KD vs control vs mouse KD vs control","GO_BP","GO:0062197","cellular response to chemical stress","either",0.05,"opposite direction",-2.9172240677709,2.9172240677709,1.65322969116591,-1.26399437660499,0.00109736664179797,0.185546886202603,"26570/74155/23876/66725/68015/26903/53618/14381/15234/22059/16600/14782/20525/18764/76251/21974/230784/27050/67452/14158/12333/19225/14694/12257/26362/12176/11651/68943/22596/18779/16174/20852/74142/217069/17392/16952/26408/71701/76454/107589/74370/18484/108737/56473/11792/22166/14375/18214/74777/15499/64704/50721/50868/76650/104156/268373/54683/16819/20657/27419/18595/26398/69568/14088/26420/93686/20909/269254/226090/12283/269356/18081/625249/16598/18024/11865/11666/170719/18294/18104/11826/56716/108655/18706/20779/11911/26419/29819/11350/68992/56384/227743/13078/18477/59041/211651/14281/229731/26400/67689/56717/15251/71785","11035/55829/1649/2876/2879/9990/84883/476/706/5195/29957/140823/84557/318/65125/79956/5584/4314/1072/27429/5580/65018/8452/9283/5311/8807/2534/4779/362/1654/140809/7226/5830/8454/6416/4780/405/6810/5743/10367/10725/9314/5562/8678/538/1386/9978/5052/2308/6714/54206/9131/22933/5269/116988/4814/5290/4891/2081/8850/7001/5156/4248/120892/3082","GO:0062197","GO:0062197","cellular response to chemical stress","cellular response to chemical stress",-0.731546329465962,2.95964824580138,FALSE,TRUE,-2.9172240677709,2.9172240677709,"opposite direction"
"human KD vs control vs mouse KD vs control","GO_BP","GO:0019319","hexose biosynthetic process","either",0.05,"opposite direction",-2.91300227578206,2.91300227578206,1.00158555358412,-1.91141672219794,0.724182827650923,0.00537174183464425,"74551/108682/67800/68401/14751/230784/67863/11651/13194/108155/67389/18113/77590/50721","5207/8473/4191/5571/51363/2821/53632/150094/6934/8402/2648/2308/5236/2033/5230/2026/5091/230/1642/2027","GO:0019319","GO:0019319","hexose biosynthetic process","hexose biosynthetic process",-2.26988486764956,0.140151777703028,TRUE,FALSE,-2.91300227578206,2.91300227578206,"opposite direction"
"human KD vs control vs mouse KD vs control","GO_BP","GO:1903083","protein localization to condensed chromosome","either",0.05,"opposite direction",2.90902153754766,2.90902153754766,-1.10402111500057,1.80500042254709,0.661402279819143,0.0467500919709614,"101994/26951/12237/24010/217558/12534/70385","54908/57082/55055/7272/55632/51112/9735/55166/9212","GO:1903083","GO:1903083","protein localization to condensed chromosome","protein localization to condensed chromosome",1.33021753040768,-0.179534312429321,TRUE,FALSE,2.90902153754766,2.90902153754766,"opposite direction"
"human KD vs control vs mouse KD vs control","GO_BP","GO:0009137","purine nucleoside diphosphate catabolic process","either",0.05,"opposite direction",-2.9080711537844,2.9080711537844,1.21374724420527,-1.69432390957913,0.465876253612103,0.024205834211389,"18641/243853/12833/14635/74747/14751/22601/66129/11674/108155/225913/74370/56327/50721/239017/72141/11820/19384/14433/13808/208727/15937/19164/16548/56428/56716/21991/20779","5232/441531/11182/5027/84676/3101/5313/5207/8473/5571/2821/53632/89/9611/405/26137/5562/6714/3098/9759/5236/2033/5515/5230/2026/230/2027","GO:0009137","GO:0009137","purine nucleoside diphosphate catabolic process","purine nucleoside diphosphate catabolic process",-1.61607994557174,0.331729425606848,TRUE,FALSE,-2.9080711537844,2.9080711537844,"opposite direction"
"human KD vs control vs mouse KD vs control","GO_BP","GO:0009181","purine ribonucleoside diphosphate catabolic process","either",0.05,"opposite direction",-2.9080711537844,2.9080711537844,1.21374724420527,-1.69432390957913,0.465876253612103,0.024205834211389,"18641/243853/12833/14635/74747/14751/22601/66129/11674/108155/225913/74370/56327/50721/239017/72141/11820/19384/14433/13808/208727/15937/19164/16548/56428/56716/21991/20779","5232/441531/11182/5027/84676/3101/5313/5207/8473/5571/2821/53632/89/9611/405/26137/5562/6714/3098/9759/5236/2033/5515/5230/2026/230/2027","GO:0009181","GO:0009181","purine ribonucleoside diphosphate catabolic process","purine ribonucleoside diphosphate catabolic process",-1.61607994557174,0.331729425606848,TRUE,FALSE,-2.9080711537844,2.9080711537844,"opposite direction"
"human KD vs control vs mouse KD vs control","GO_BP","GO:0045143","homologous chromosome segregation","either",0.05,"opposite direction",2.90601111137655,2.90601111137655,-1.06787014882427,1.83814096255228,0.652149521915966,0.0358567109791862,"227707/71846/68549/209011/218914/52696/77053/105988/21749/213389","23353/11130/56776/57082/9232/57820/285498/9319/151246/2177/1060","GO:0045143","GO:0045143","homologous chromosome segregation","homologous chromosome segregation",1.44542954938342,-0.185652819761517,TRUE,FALSE,2.90601111137655,2.90601111137655,"opposite direction"
"human KD vs control vs mouse KD vs control","GO_BP","GO:1990868","response to chemokine","either",0.05,"opposite direction",-2.90210619815899,2.90210619815899,1.19503659943096,-1.70706959872803,0.549376655062632,0.034573746206366,"20563/20564/16923/12778/20312/16948/108737/20315","64783/4283/4142/9413/6376/6362/1524/3627/2859/11240/259249/6354/117194/54838/3577/6352/10663/65125/6355/9034/1843/2829/6558/2185/81704/6776/3717/2296/6387/9353","GO:1990868","GO:1990868","response to chemokine","response to chemokine",-1.46125356033014,0.260129799216309,TRUE,FALSE,-2.90210619815899,2.90210619815899,"opposite direction"
"human KD vs control vs mouse KD vs control","GO_BP","GO:1990869","cellular response to chemokine","either",0.05,"opposite direction",-2.90210619815899,2.90210619815899,1.19503659943096,-1.70706959872803,0.549376655062632,0.034573746206366,"20563/20564/16923/12778/20312/16948/108737/20315","64783/4283/4142/9413/6376/6362/1524/3627/2859/11240/259249/6354/117194/54838/3577/6352/10663/65125/6355/9034/1843/2829/6558/2185/81704/6776/3717/2296/6387/9353","GO:1990869","GO:1990869","cellular response to chemokine","cellular response to chemokine",-1.46125356033014,0.260129799216309,TRUE,FALSE,-2.90210619815899,2.90210619815899,"opposite direction"
"human KD vs control vs mouse KD vs control","GO_BP","GO:1900078","positive regulation of cellular response to insulin stimulus","either",0.05,"opposite direction",2.90023395535112,2.90023395535112,-1.88035997230583,1.01987398304529,0.0242887945400043,0.648309178743961,"21871/74143/239126/17918/56278/237542/108664/66144/18479/11984/19246/114143/16367/11964/66335/13033/73834/11972","3481/5770","GO:1900078","GO:1900078","positive regulation of cellular response to insulin stimulus","positive regulation of cellular response to insulin stimulus",0.188217829623945,-1.61459403882251,FALSE,TRUE,2.90023395535112,2.90023395535112,"opposite direction"
"human KD vs control vs mouse KD vs control","GO_BP","GO:0016236","macroautophagy","either",0.05,"opposite direction",-2.89298948265701,2.89298948265701,0.959533220262296,-1.93345626239471,0.81069474387656,3.32044385703115e-07,"672511/15944/54396/60440/66725/16145/15953/67811/11739/29869/20615/20787/14467/230784/56048/72238/12257/71712/240327/12176/68943/74781/100039796/24088/218035/80280/18777/11740/108155/52639/54636/75788/76983/68441/74370/21822/268656/77006/59029/75909/235040/100763/17772/235180/64704/208092","167410/2629/128866/27243/83452/5049/162427/131540/285636/8897/801/90410/5861/79837/706/200576/29110/7095/64127/57132/64419/440026/10524/84557/9525/10213/9550/254122/140775/51375/55294/2773/27429/23647/9821/25851/65018/55626/6720/9114/8473/84313/10075/53349/139341/488/26353/55187/60412/2931/55968/5830/10015/7251/23673/55763/79142/84749/7879/8454/8878/79137/55207/23545/79643/10043/7855/55062/6810/124997/7405/55737/535/2548/84937/23001/6721/1020/51100/4943/5862/8678/128077/9978/112574/160760/533/6714/143686/51606/528/9706/5290/29978/55823/8723/10273/7415/51368/9373/8673/2081/11337/120892/54463/523/4734/10312/291","GO:0016236","GO:0016236","macroautophagy","macroautophagy",-6.47880385853241,0.0911426427133342,TRUE,FALSE,-2.89298948265701,2.89298948265701,"opposite direction"
"human KD vs control vs mouse KD vs control","GO_BP","GO:0031109","microtubule polymerization or depolymerization","either",0.05,"opposite direction",2.89206713169763,2.89206713169763,-1.60162186648173,1.2904452652159,0.0215598631839383,0.29473070534117,"75991/103768/99412/50850/328108/214444/101706/210356/13548/56430/230101/54126/140810/67971/83431/76499/228421/70997/319953/14219/12389/18479/219114/232944/15194/75786/216963/212307/68339/12534/20595/72119/66140/99512/11789/193740/16564/70218/70466/100732/71276/20617/14159/15511","5116/22974/79649/344148/146909/221150/348235/57704/653784/55835/3304/51199/2801/55755/284001/55142/93323/26586/10142/89927/23354/220134/54801/6904","GO:0031109","GO:0031109","microtubule polymerization or depolymerization","microtubule polymerization or depolymerization",0.530574616557351,-1.66635399945233,FALSE,TRUE,2.89206713169763,2.89206713169763,"opposite direction"
"human KD vs control vs mouse KD vs control","GO_BP","GO:0000422","autophagy of mitochondrion","either",0.05,"opposite direction",-2.89007353764421,2.89007353764421,1.26020699389587,-1.62986654374834,0.377788970032737,0.026874775519908,"15944/54396/16145/11739/29869/20787/14467/12257/71712/12176/68943/74781/207565/11740/108155/52639/54636/75788/67453/235040/64704/329015/381038/14232","51375/55294/27429/23647/9821/65018/55626/6720/8473/10075/139341/55187/2931/84749/8454/8878/2011/7855/55062/6721/8678/9978/160760/9706/10273/7415/11337/291","GO:0000422","GO:0000422","autophagy of mitochondrion","autophagy of mitochondrion",-1.57065515464368,0.422750725937334,TRUE,FALSE,-2.89007353764421,2.89007353764421,"opposite direction"
"human KD vs control vs mouse KD vs control","GO_BP","GO:0019318","hexose metabolic process","either",0.05,"opposite direction",-2.88867082554602,2.88867082554602,1.40703181126875,-1.48163901427727,0.133017599695947,0.0430150644110148,"74551/14119/18641/246730/108682/74155/12041/16010/228026/67800/14118/14635/68401/14381/23960/11815/16009/14751/230784/67863/381694/102093/22601/11651/17158/140484/11674/13194/108155/16828/56745/23961/225913/66294/100198/67389/18113/77590/54128/50721/235339/72141/72157/78653/73744/17160/105651/18597/14433/13808/210973/14534","283450/3101/5207/8473/4191/5571/51363/2821/53632/150094/79411/89/4122/10499/5166/2548/6934/8402/2585/2584/2648/5255/2308/3098/2517/5236/2033/5160/5165/5230/2026/5091/5499/230/1642/2027","GO:0019318","GO:0019318","hexose metabolic process","hexose metabolic process",-1.36637942244763,0.876090893279875,TRUE,FALSE,-2.88867082554602,2.88867082554602,"opposite direction"
"human KD vs control vs mouse KD vs control","GO_BP","GO:2000300","regulation of synaptic vesicle exocytosis","either",0.05,"opposite direction",-2.88760473256851,2.88760473256851,1.145333169571,-1.74227156299751,0.558292967379263,0.0475063942706107,"66725/12361/18442/20615/12048/12568/67808/19326/80976","57617/5582/6853/6861/7476/8499/28964/5579/9899/8573/774/9498/2332/5864/134957/23557/5906/90019/1020/84961/5530/5413/84062/120892","GO:2000300","GO:2000300","regulation of synaptic vesicle exocytosis","regulation of synaptic vesicle exocytosis",-1.32324793122683,0.253137842770412,TRUE,FALSE,-2.88760473256851,2.88760473256851,"opposite direction"
"human KD vs control vs mouse KD vs control","GO_BP","GO:0000077","DNA damage checkpoint signaling","either",0.05,"opposite direction",2.87011389852211,2.87011389852211,-1.00074244064174,1.86937145788037,0.738252171215881,0.00258494274840517,"72772/227331/11920/319955/17193/225131/381979/28000/13972/234736/52040/68592/235610/218294/72440/69076/19367/77011/71711/20184/57261/12952/71375/241627/235559/17096/208266/12534/381921/76843/269582/19891/208768/12189/330177/12144/12753","1026/5591/29997/9656/79968/8525/197342/80279/29980/83695/55159/6118/7158/2177/51149/57805/54465/9894/672/151636/63967/3364/4683/440275/80185/84444/595/4361/83990/79858/8914/146956/641/51499/79184/1112/80254/84142/90381/51776/84126/2074/11073/1017/580/675/9675/163859/5810/65975/7157/1407/80198/54584/1111","GO:0000077","GO:0000077","DNA damage checkpoint signaling","DNA damage checkpoint signaling",2.58754907126523,-0.131795267091378,TRUE,FALSE,2.87011389852211,2.87011389852211,"opposite direction"
"human KD vs control vs mouse KD vs control","GO_BP","GO:0010506","regulation of autophagy","either",0.05,"opposite direction",-2.86834624724881,2.86834624724881,1.10814162342633,-1.76020462382248,0.558292967379263,6.92345048452091e-05,"15944/20539/54396/60440/66725/16145/18555/67811/11739/29869/218460/67790/17168/20787/230784/12257/71712/12176/67171/11651/68943/68617/24088/207565/13690/80280/18777/11740/319757/52639/54636/76983/68441/74370/268656/77006/59029/233979/17772/235180/64704/50868/329015/67974/26395/381038/236082/14232/79554/230674/15442/22333/208643/26417/81601/223649/74006/22084/68970/107607/56716/19893/50883/17281/20821/320528/93679/18709/70381/17210/56717/15251/93687/14083/72344/66508/19720/83669/67006/12177/67013/16189/224023/22433/12995/69903/75747/26965","1649/1263/79837/53373/706/29110/64127/64798/10524/5476/25827/65125/23352/9682/10213/9550/254122/9681/140775/79156/26191/51375/55294/2773/27429/9821/25851/65018/55626/6720/9114/5127/10075/4218/23604/26353/596/55187/60412/2931/81603/92140/29919/55763/79142/84749/8454/8878/23545/10043/7855/55062/10868/7405/54922/55737/535/6774/6721/1020/51100/5562/4943/8678/7178/9978/112574/84861/160760/533/2308/10670/143686/51606/528/22933/9706/5290/2033/64121/29978/8723/10273/2081/9528/7107/3708/120892/3082/523/4734/1642/291","GO:0010506","GO:0010506","regulation of autophagy","regulation of autophagy",-4.15967740945796,0.253137842770412,TRUE,FALSE,-2.86834624724881,2.86834624724881,"opposite direction"
"human KD vs control vs mouse KD vs control","GO_BP","GO:0031297","replication fork processing","either",0.05,"opposite direction",2.86754009726681,2.86754009726681,-1.06140337403442,1.80613672323239,0.646905486586135,0.0143628544489989,"193838/18538/104806/20585/11920/327762/22589/234736/11545/26909/74335/71711/54380/20892/107373/12534/77782/12189/12144","64710/63901/1663/201254/142/5965/348654/9156/5889/197342/29980/55159/7517/54465/7486/1763/672/4683/6596/4361/4796/8914/146956/374393/641/5932/6419/10721/580/55218/675/5111/201973/80198/51750/259282/57697","GO:0031297","GO:0031297","replication fork processing","replication fork processing",1.84275924057729,-0.189159165471077,TRUE,FALSE,2.86754009726681,2.86754009726681,"opposite direction"
"human KD vs control vs mouse KD vs control","GO_BP","GO:0046434","organophosphate catabolic process","either",0.05,"opposite direction",-2.86270460662933,2.86270460662933,1.44515784008387,-1.41754676654546,0.120722657025785,0.049607694855042,"18641/547253/22436/18573/243853/12833/27226/14635/74747/15254/12799/14751/15452/67452/22601/12499/66129/11674/108155/238871/225913/15926/193742/74370/56327/18578/50773/171210/18805/18113/18795/71207/50721/239017/72141/110446/72157/23984/232449/53893/381101/11820/19384/22271/14433/13808/18618/208727/56409/15937/76952/11666/19164/16548/20975/56428/56716/76025/21991/20779/18783","5213/56953/11332/5138/5049/284958/55753/23236/5048/5232/441531/11182/375775/5142/283748/5027/84676/3101/5313/5207/5580/8473/123745/5150/7920/5571/2821/53632/26090/3094/89/9611/405/956/26137/5562/2584/38/5141/6714/3098/9759/5236/978/2033/284161/272/5151/7415/5321/5144/5515/5230/8398/2026/230/5168/2027/7498","GO:0046434","GO:0046434","organophosphate catabolic process","organophosphate catabolic process",-1.30445095306852,0.918211214593153,TRUE,FALSE,-2.86270460662933,2.86270460662933,"opposite direction"
"human KD vs control vs mouse KD vs control","GO_BP","GO:0045005","DNA-templated DNA replication maintenance of fidelity","either",0.05,"opposite direction",2.85167025065493,2.85167025065493,-0.980886167355081,1.87078408329985,0.738690523838061,0.00742570313825155,"193838/18538/104806/20585/11920/327762/22589/234736/11545/26909/74335/71711/54380/20892/107373/12534/77782/12189/12144","64710/63901/1663/201254/142/84515/5965/91607/348654/9156/5889/197342/29980/55159/7517/54465/7486/1763/672/4683/10535/6596/4361/4796/8914/146956/374393/641/5426/5932/6419/10721","GO:0045005","GO:0045005","DNA-templated DNA replication maintenance of fidelity","DNA-templated DNA replication maintenance of fidelity",2.12926241681149,-0.131537472213935,TRUE,FALSE,2.85167025065493,2.85167025065493,"opposite direction"
"human KD vs control vs mouse KD vs control","GO_BP","GO:0010389","regulation of G2/M transition of mitotic cell cycle","either",0.05,"opposite direction",2.84445694113555,2.84445694113555,-0.910325188991472,1.93413175214408,0.868491794475954,0.00131857080547807,"268697/67333/235559/12545/12534/381921/22390/76843/269582/12189/18712/330177/108000/12144","2273/1026/29997/1063/23560/26271/58493/9928/5889/80279/29980/27183/80174/6790/990/51149/54465/672/994/63967/3364/4683/995/54984/595/140901/4361/641/79184/4998/1112/5932/84142/90381/9088/57099/11073/9212/84936/92421/580/60672","GO:0010389","GO:0010389","regulation of G2/M transition of mitotic cell cycle","regulation of G2/M transition of mitotic cell cycle",2.87989654421505,-0.0612342804185507,TRUE,FALSE,2.84445694113555,2.84445694113555,"opposite direction"
"human KD vs control vs mouse KD vs control","GO_BP","GO:0007091","metaphase/anaphase transition of mitotic cell cycle","either",0.05,"opposite direction",2.84441007191127,2.84441007191127,-1.14424198151306,1.70016809039821,0.542674596192902,0.0196726878673735,"26951/66591/74335/107995/12237/12704/24010/23834/219114/52696/12235/268697/229841/29861/11799/11789/70385/52276/16319/68501/12236","10460/54908/11130/9787/701/1063/221150/8379/332/147841/57082/10783/55143/699/348654/26271/55755/9319/7517/8110/55055/83540/990/220134/7272/57405/9275","GO:0007091","GO:0007091","metaphase/anaphase transition of mitotic cell cycle","metaphase/anaphase transition of mitotic cell cycle",1.70613629863586,-0.265460508237129,TRUE,FALSE,2.84441007191127,2.84441007191127,"opposite direction"
"human KD vs control vs mouse KD vs control","GO_BP","GO:0042593","glucose homeostasis","either",0.05,"opposite direction",-2.83594734576114,2.83594734576114,1.53618970402114,-1.29975764174,0.0328273640639123,0.141986288719521,"74551/12870/14119/246730/12842/20317/70310/20587/192185/14118/19275/23960/18555/109552/12286/18576/68938/19056/230784/102093/14694/22393/11651/11674/63959/19326/241296/108155/80976/23961/68441/74370/74998/67389/16971/50721/228869/12288/78894/52055/215999/14629/19376","8609/2778/2729/111/5532/2876/84467/9990/51094/1050/65220/10524/9572/9854/283450/3101/8473/5127/7776/4089/6722/8840/408/5007/6659/6810/5166/2730/26137/6774/51024/6934/5562/150/51714/2308/3098/5295/10670/143686/2081/8398/5019/5176","GO:0042593","GO:0042593","glucose homeostasis","glucose homeostasis",-0.847753592384267,1.4837639883781,FALSE,TRUE,-2.83594734576114,2.83594734576114,"opposite direction"
"human KD vs control vs mouse KD vs control","GO_BP","GO:0044839","cell cycle G2/M phase transition","either",0.05,"opposite direction",2.8327444937793,2.8327444937793,-1.01493904507878,1.81780544870052,0.711650623807749,0.00196184827727671,"20184/107995/57261/12704/22410/71375/23834/12566/53892/268697/67333/235559/12545/12534/381921/22390/76843/269582/11799/237877/12428/12189/18005/18712/330177/108000/18008/12144/71276","2273/4869/1026/29997/1021/1063/23560/332/9833/2305/26271/58493/9928/5889/92002/10776/8558/80279/284001/29980/27183/10763/80174/6790/990/51149/54465/672/23326/994/63967/3364/4683/995/54984/595/140901/4361/641/26993/79184/4998/1112/5932/7319/84142/90381/9088/57099/11073/9212/84936/23194/92421/1017/580/60672","GO:0044839","GO:0044839","cell cycle G2/M phase transition","cell cycle G2/M phase transition",2.7073345825266,-0.147733165621337,TRUE,FALSE,2.8327444937793,2.8327444937793,"opposite direction"
"human KD vs control vs mouse KD vs control","GO_BP","GO:0035710","CD4-positive, alpha-beta T cell activation","either",0.05,"opposite direction",-2.82878615948161,2.82878615948161,0.901812351320073,-1.92697380816154,0.837839473042205,0.00240145471251993,"16859/15944/16453/16950/66592/20852/16952/12394/13039/58185/65960/108655/16852/103743/233912/60533/21813/12608/12400/56468/56717/16189/14462/12703/16452/16193/21803/19698","5914/2625/3594/64410/8651/284194/3965/27086/5699/10538/84695/942/5692/60437/3071/5687/4297/975/6097/3716/29110/64332/5690/865/6693/338567/64218/5685/5684/4221/8807/57045/301/1051/8546/3726/4063/6774/3718/5689/6776/538/5295/51043/149041/5686/2033/3956/5691","GO:0035710","GO:0035710","CD4-positive, alpha-beta T cell activation","CD4-positive, alpha-beta T cell activation",-2.61952559902633,0.0768391826229483,TRUE,FALSE,-2.82878615948161,2.82878615948161,"opposite direction"
"human KD vs control vs mouse KD vs control","GO_BP","GO:0044282","small molecule catabolic process","either",0.05,"opposite direction",-2.82730088712755,2.82730088712755,1.4267741927775,-1.40052669435005,0.0779979073828403,0.0354027439701234,"18641/108682/22436/12041/14635/192166/26912/110695/66253/11529/74114/51798/11409/230784/14874/107747/216188/330260/67460/22601/14661/11651/12035/11898/66885/66904/56174/18634/11674/16828/225913/15108/231086/113868/13171/257633/26569/246277/11532/93747/78038/11370/16922/23986/110842/235339/110446/72157/433256/269378/12039/57357/26378/232449/52538/53893/22271/14433/13808/269823/56409/109801/11666/16548/20975/20524/20425/21991/15107/52665/18105/93732/216136/67689/58875/56717/68631/14085/104184/19299/213350/67980/52430/18242/22160/19125/13479/80879/13806/17308/12896/75894/12091/11474/110959/26874/231327","189/4942/374569/215/10007/10247/2805/2530/3242/10295/1376/5444/1737/4051/3067/55289/64064/11283/9784/6783/137872/3667/1066/5213/11332/112817/1610/8529/32/132789/1738/3029/57834/66002/5232/10840/30/2806/5825/1384/55268/25953/5446/3028/9663/254013/3101/160287/219743/222/2109/79411/2098/6342/89/138199/10478/51/23464/2584/38/51380/3098/225/8630/25828/5236/978/2110/55902/84696/1757/10327/2747/35/5230/57016/5973/51005/2026/33/7291/5019/2027/217/7498","GO:0044282","GO:0044282","small molecule catabolic process","small molecule catabolic process",-1.45096307568891,1.10791704890281,TRUE,FALSE,-2.82730088712755,2.82730088712755,"opposite direction"
"human KD vs control vs mouse KD vs control","GO_BP","GO:0009135","purine nucleoside diphosphate metabolic process","either",0.05,"opposite direction",-2.82356412771488,2.82356412771488,1.17558045888512,-1.64798366882976,0.514311919757942,0.0239539091226588,"18641/243853/12833/14635/74747/14751/22601/66129/14923/11639/11674/108155/225913/74370/56327/50721/239017/72141/11820/19384/14433/13808/208727/15937/19164/16548/56428/56716/21991/20779","5232/441531/11182/5027/84676/3101/5313/5207/8473/5571/2821/53632/89/9611/405/1740/26137/5562/6714/3098/9759/5236/2033/260425/5515/5230/2026/230/2027/4354","GO:0009135","GO:0009135","purine nucleoside diphosphate metabolic process","purine nucleoside diphosphate metabolic process",-1.62062360242209,0.288773410298565,TRUE,FALSE,-2.82356412771488,2.82356412771488,"opposite direction"
"human KD vs control vs mouse KD vs control","GO_BP","GO:0009179","purine ribonucleoside diphosphate metabolic process","either",0.05,"opposite direction",-2.82356412771488,2.82356412771488,1.17558045888512,-1.64798366882976,0.514311919757942,0.0239539091226588,"18641/243853/12833/14635/74747/14751/22601/66129/14923/11639/11674/108155/225913/74370/56327/50721/239017/72141/11820/19384/14433/13808/208727/15937/19164/16548/56428/56716/21991/20779","5232/441531/11182/5027/84676/3101/5313/5207/8473/5571/2821/53632/89/9611/405/1740/26137/5562/6714/3098/9759/5236/2033/260425/5515/5230/2026/230/2027/4354","GO:0009179","GO:0009179","purine ribonucleoside diphosphate metabolic process","purine ribonucleoside diphosphate metabolic process",-1.62062360242209,0.288773410298565,TRUE,FALSE,-2.82356412771488,2.82356412771488,"opposite direction"
"human KD vs control vs mouse KD vs control","GO_BP","GO:0051225","spindle assembly","either",0.05,"opposite direction",2.82304493293328,2.82304493293328,-1.68097567363563,1.14206925929765,0.0142577946477134,0.470229900453338,"74201/66371/68942/71819/76478/232933/26934/16569/106042/54204/76123/107995/76499/218914/12316/16571/72776/219114/20460/100502766/54141/212307/16551/229841/16580/68767/72119/66140/11799/193740/67300/18005/70466/52276/100732/68183/16319/233406/20878/78906/15511","29128/22974/221150/3833/348235/10615/332/10783/55835/55143/3304/2801/51652/6491/55142/93323/23354/220134/54801/3832/9493/9639/9055/85378/3619/79598/49856/54627/1104/80254/79884/26151/84142/29901/56647/56992/9212/24137/92421/5119/55125","GO:0051225","GO:0051225","spindle assembly","spindle assembly",0.327689758900945,-1.84594764463826,FALSE,TRUE,2.82304493293328,2.82304493293328,"opposite direction"
"human KD vs control vs mouse KD vs control","GO_BP","GO:0060349","bone morphogenesis","either",0.05,"opposite direction",-2.82267528156892,2.82267528156892,1.11337341932942,-1.7093018622395,0.604211914365498,0.0323079222871597,"12842/17937/17387/12825/234356/12167/16998/21827/18634/20340/20855/269878/14043/59035/231633/110006/21898/17386/23850/20481","89/2690/1386/642658/116039/2296/2263/7291/5916/4322","GO:0060349","GO:0060349","bone morphogenesis","bone morphogenesis",-1.49069097043285,0.218810715189559,TRUE,FALSE,-2.82267528156892,2.82267528156892,"opposite direction"
"human KD vs control vs mouse KD vs control","GO_BP","GO:0045786","negative regulation of cell cycle","either",0.05,"opposite direction",2.81818548934493,2.81818548934493,-1.20325731076812,1.61492817857681,0.290848113771851,0.00224181428797611,"72772/18749/227331/11920/319955/17193/70045/19651/225131/381979/57441/327762/93759/28000/54394/68953/93762/13972/22589/234736/235041/52040/20674/68592/21981/18747/108961/235610/118454/218294/214444/229543/12193/67177/13548/11785/20296/66371/72440/20467/66977/69076/67463/28010/19367/380629/26951/66591/240255/545622/29857/74335/21951/56275/77011/71711/238555/20184/107995/19272/57261/12237/218914/24010/12952/14184/240087/14056/71375/12367/225845/23834/382073/17245/219114/52696/17283/100502766/23871/241627/12235/59036/56312/268697/67333/235559/229841/22385/17096/208266/12534/381921/269424/71733/22390/76843/269582/19891/208768/15370/11799/26941/11789/12189/70385/18005/330177/52276/93695/16319/12144/52679/11852/12159/12753/12236/12581/100342","2273/54908/4869/1026/5591/11130/29997/701/3624/1021/9656/1063/221150/23560/8379/1832/332/91607/144455/147841/57082/7040/55143/5371/699/348654/79968/26271/58493/8525/197342/55755/3236/80279/29980/27183/9319/90313/83695/55159/81620/7517/6118/55055/83540/6196/990/7158/220134/51053/2177/655/51149/7272/57405/57805/54465/9894/6878/79027/1763/25959/672/7013/10488/10040/151636/6300/51339/7114/63967/3364/5984/3275/4683/168451/440275/80185/54984/84444/595/5982/140901/899/4361/83990/3619/991/79858/8914/286151/146956/9735/51654/641/388/51499/79184/4998/1112/80254/5932/84142/90381/6419/9088/51776/56890/29117/84126/4085/57099/5774/2074/11073/7976/9212/84936","GO:0045786","GO:0045786","negative regulation of cell cycle","negative regulation of cell cycle",2.64940036723069,-0.536333748372861,TRUE,FALSE,2.81818548934493,2.81818548934493,"opposite direction"
"human KD vs control vs mouse KD vs control","GO_BP","GO:0030073","insulin secretion","either",0.05,"opposite direction",-2.81771785691019,2.81771785691019,1.16376075721537,-1.65395709969482,0.503570295144399,0.0161794193047114,"74551/18641/12361/192185/19275/18555/14609/109552/20615/18576/20787/19056/14661/11674/19326/241296/80976/16952/74370/14682/66294/74998/67389/67623/16971/50721/12288/78894/52055/215999/20909/67267/18754/11865/13640/20913/15107/20677/14672/102607/50790/68667/15251/218461/330890","846/4760/23435/9575/3741/3651/226/3172/2182/3745/406/25924/5715/51738/5950/23409/9971/6717/389692/10815/6833/6927/116534/3667/8609/2778/7021/6352/111/5532/54097/65220/9572/5568/9854/818/5864/51083/9066/9463/23557/5127/5007/2775/84300/10411/6659/6810/57555/6934/150/51714/2308/65985/3717/8398/4856/3625/5019","GO:0030073","GO:0030073","insulin secretion","insulin secretion",-1.79103706970058,0.297939896188005,TRUE,FALSE,-2.81771785691019,2.81771785691019,"opposite direction"
"human KD vs control vs mouse KD vs control","GO_BP","GO:0000724","double-strand break repair via homologous recombination","either",0.05,"opposite direction",2.81727755311421,2.81727755311421,-1.17170479653416,1.64557275658005,0.396775672371638,0.01226766434055,"19362/50505/67788/272158/234736/11545/108937/66634/75317/229543/78656/13548/236904/235626/68275/13831/74335/71711/233826/229584/93765/214763/12914/72931/52864/240087/21975/22592/107932/226026/20422/103537/235559/12545/77782/19891/211978/12189/59004/191578/12144/17217/68501/17215/57321/117599","29128/64710/64110/142/84515/9907/9401/5965/348654/58493/5889/65980/22909/55183/54386/55159/1387/4173/63979/84717/7517/6118/2237/79728/7158/7516/51149/2073/7486/672/23514/10635/84464/10933/54537/55317/27336/6119/3364/56160/4683/10097/115004/4361/4796/8914/641/158880/84296/51659/56893/9400/10856/7156/5892/5932/10721/51588/2187/23126/2074/11073/116028/10459/4174/55929/4176/55218/675/64769/5893/254225/126549","GO:0000724","GO:0000724","double-strand break repair via homologous recombination","double-strand break repair via homologous recombination",1.91123811539588,-0.401454963732192,TRUE,FALSE,2.81727755311421,2.81727755311421,"opposite direction"
"human KD vs control vs mouse KD vs control","GO_BP","GO:0046031","ADP metabolic process","either",0.05,"opposite direction",-2.81726077239197,2.81726077239197,1.21468725536509,-1.60257351702688,0.46318973984436,0.0432479511723628,"18641/243853/12833/14635/74747/14751/22601/66129/11639/11674/108155/225913/74370/56327/50721/239017/72141/11820/19384/14433/13808/208727/15937/19164/16548/56428/56716/21991/20779","5232/441531/11182/5027/84676/3101/5313/5207/8473/5571/2821/53632/89/9611/405/26137/5562/6714/3098/9759/5236/2033/5515/5230/2026/230/2027","GO:0046031","GO:0046031","ADP metabolic process","ADP metabolic process",-1.36403446197058,0.334241069268378,TRUE,FALSE,-2.81726077239197,2.81726077239197,"opposite direction"
"human KD vs control vs mouse KD vs control","GO_BP","GO:0044406","adhesion of symbiont to host","either",0.05,"opposite direction",-2.81535585720742,2.81535585720742,1.88590028601484,-0.929455571192576,0.0303425742462488,0.741664854678553,"55932/236573/229900/14469","30835/727897/3625","GO:0044406","GO:0044406","adhesion of symbiont to host","adhesion of symbiont to host",-0.129792300441903,1.51794757669645,FALSE,TRUE,-2.81535585720742,2.81535585720742,"opposite direction"
"human KD vs control vs mouse KD vs control","GO_BP","GO:0000045","autophagosome assembly","either",0.05,"opposite direction",-2.81444576631888,2.81444576631888,1.04887381171216,-1.76557195460672,0.671285034373348,0.00702373198722681,"15944/54396/60440/66725/16145/15953/29869/240327/12176/68943/74781/100039796/52639/54636/75788/76983/68441/74370/21822/75909/235040/100763/17772/235180","83452/162427/8897/90410/5861/79837/200576/440026/84557/140775/51375/23647/9821/65018/55626/488/55968/23673/79142/7879/79137/10043/55062/51100/8678/112574/9706/29978/8723/11337/120892/54463","GO:0000045","GO:0000045","autophagosome assembly","autophagosome assembly",-2.15343206866932,0.173093034867102,TRUE,FALSE,-2.81444576631888,2.81444576631888,"opposite direction"
"human KD vs control vs mouse KD vs control","GO_BP","GO:0090130","tissue migration","either",0.05,"opposite direction",-2.81313966825562,2.81313966825562,1.08237125459472,-1.7307684136609,0.649252859938219,0.0208349678886729,"11475/14178/20346/70097/68813/19270/21814/15529/22352/18643/68585/14026/384009/11845/18754/11426/12339/330662/11826/20779/11881/21813/15227/56717/15251/21333/14083/21754","9922/382/23499/9448/7016/2255/72/4089/25930/4318/5747/6714/5728/11221/5168/83481/2252/58/59","GO:0090130","GO:0090130","tissue migration","tissue migration",-1.68120716455074,0.187586128641052,TRUE,FALSE,-2.81313966825562,2.81313966825562,"opposite direction"
"human KD vs control vs mouse KD vs control","GO_BP","GO:0006749","glutathione metabolic process","either",0.05,"opposite direction",-2.80933580097784,2.80933580097784,1.85107200257874,-0.9582637983991,0.0176764182501999,0.709240318209634,"107869/26570/14873/14381/69065/14782/14874/17250/211666/14870/67096/15926/232223/68312/12955/75475/14629/14854/109801/18024/14869","4258/6506/79094/124975/23474/728441/2944/6647/494143/2729/51022/2876/3029/2950/4780/2730/26873/119391/2949","GO:0006749","GO:0006749","glutathione metabolic process","glutathione metabolic process",-0.14920658401548,1.75260573093839,FALSE,TRUE,-2.80933580097784,2.80933580097784,"opposite direction"
"human KD vs control vs mouse KD vs control","GO_BP","GO:0034502","protein localization to chromosome","either",0.05,"opposite direction",2.8089535872068,2.8089535872068,-1.20095949386356,1.60799409334324,0.437491267147213,0.0421146568409144,"22589/11545/328572/66634/18747/101994/14312/72440/235626/68275/26951/74666/66578/21951/71988/12237/218914/24010/240087/14056/217558/12566/226026/235559/12534/320678/19891/59004/70385/12236/226151/57321","29128/54908/7520/9656/142/84515/57082/5371/54386/91272/83695/6118/55055/7158/78996/51176/51149/7272/23272/221496/55632/51112/27336/26277/26354/4683/54984/1058/6596/4796/9735/55166/51535/51588/7443/2074/11073/9212/84629","GO:0034502","GO:0034502","protein localization to chromosome","protein localization to chromosome",1.37556673368085,-0.359030611596249,TRUE,FALSE,2.8089535872068,2.8089535872068,"opposite direction"
"human KD vs control vs mouse KD vs control","GO_BP","GO:0010972","negative regulation of G2/M transition of mitotic cell cycle","either",0.05,"opposite direction",2.804119555999,2.804119555999,-0.899176690269122,1.90494286572988,0.840687315523202,0.00386181513948376,"67333/235559/12534/381921/22390/76843/269582/12189/330177/12144","2273/1026/29997/23560/58493/80279/29980/27183/990/51149/54465/672/63967/3364/4683/54984/140901/4361/641/79184/4998/1112/5932/84142/90381/9088/57099/11073/9212/84936/92421/580/60672","GO:0010972","GO:0010972","negative regulation of G2/M transition of mitotic cell cycle","negative regulation of G2/M transition of mitotic cell cycle",2.41320851922147,-0.075365505264933,TRUE,FALSE,2.804119555999,2.804119555999,"opposite direction"
"human KD vs control vs mouse KD vs control","GO_BP","GO:0060485","mesenchyme development","either",0.05,"opposite direction",-2.80217101341631,2.80217101341631,1.23793315465161,-1.5642378587647,0.362128173550587,0.0059135737015185,"11475/12842/13731/21804/20356/21859/14609/20346/18186/19664/24075/20361/20846/23892/20017/21677/18764/17999/71228/192173/16950/15364/21814/22601/192176/224143/14268/319757/18793/68585/384009/242509/114715/100182/18569/67040/94352/14726/13207/23794/26417/22084/22339/66515/14538/66214/20677/21813/629378/223332/15227/75717/18570/12540/11490/56717/15251/24064/21453/14083/14042","5311/6608/3249/283149/3169/2013/72/4089/753/2668/2260/9820/10521/8454/6881/10736/10370/6659/324/8642/1601/6934/23414/9978/5747/1942/7043/642658/2296/650/5515/1499/6615/6405/4040/3182/5728/2263/7291/3516/8828/3082/7049/58/59/6275","GO:0060485","GO:0060485","mesenchyme development","mesenchyme development",-2.22814998615944,0.441137685783436,TRUE,FALSE,-2.80217101341631,2.80217101341631,"opposite direction"
"human KD vs control vs mouse KD vs control","GO_BP","GO:0030071","regulation of mitotic metaphase/anaphase transition","either",0.05,"opposite direction",2.79738475791657,2.79738475791657,-1.13639794172669,1.66098681618988,0.533476785106929,0.0242571993788501,"26951/66591/74335/107995/12237/24010/23834/219114/52696/12235/268697/229841/29861/11799/11789/70385/52276/16319/68501/12236","54908/11130/9787/701/1063/221150/8379/332/147841/57082/10783/55143/699/348654/26271/55755/9319/7517/8110/55055/83540/990/220134/7272/57405/9275","GO:0030071","GO:0030071","regulation of mitotic metaphase/anaphase transition","regulation of mitotic metaphase/anaphase transition",1.61515934215545,-0.272884474682478,TRUE,FALSE,2.79738475791657,2.79738475791657,"opposite direction"
"human KD vs control vs mouse KD vs control","GO_BP","GO:0060348","bone development","either",0.05,"opposite direction",-2.79025304664669,2.79025304664669,1.57892321270304,-1.21132983394365,0.018119436594263,0.380594755270105,"20692/12842/12111/23876/14118/12833/17937/21859/14609/22059/17387/23892/59056/12825/234356/67661/12167/16998/21827/18634/69190/20340/16948/20855/13601/18214/242509/269878/80752/14043/268396/108958/72055/239337/19035/59035/18472/270106/231633/56316/233328/212627/110006/21898/14534/17386/23850/18081/18295/20481/16878/108655/12306/72043/20779/329628/15485/21813/235611/223332","6261/147111/1954/55294/5447/26254/8840/89/537/2690/2648/1386/642658/116039/162466/2296/650/55959/4969/2263/7291/5916/4322","GO:0060348","GO:0060348","bone development","bone development",-0.419537200738821,1.7418553104013,FALSE,TRUE,-2.79025304664669,2.79025304664669,"opposite direction"
"human KD vs control vs mouse KD vs control","GO_BP","GO:0044784","metaphase/anaphase transition of cell cycle","either",0.05,"opposite direction",2.78899271072654,2.78899271072654,-1.11838953080604,1.6706031799205,0.580466960559757,0.0120312053331932,"26951/66591/74335/107995/12237/12704/24010/23834/219114/52696/12235/268697/229841/29861/11799/11789/70385/52276/16319/68501/12236","10460/54908/11130/9787/701/1063/221150/8379/332/147841/57082/10783/55143/699/348654/26271/55755/9319/7517/8110/55055/83540/990/220134/7272/57405/9275","GO:0044784","GO:0044784","metaphase/anaphase transition of cell cycle","metaphase/anaphase transition of cell cycle",1.91969086116122,-0.236222494710823,TRUE,FALSE,2.78899271072654,2.78899271072654,"opposite direction"
"human KD vs control vs mouse KD vs control","GO_BP","GO:0141198","protein branched polyubiquitination","either",0.05,"opposite direction",-2.78772850580263,2.78772850580263,0.857657373450435,-1.9300711323522,0.850580160413178,0.0255543645494021,"59008/52206/69957/217232/52717/69010/17222","23352/10393/8881/10075/51433/64682/29882/51366/29945","GO:0141198","GO:0141198","protein branched polyubiquitination","protein branched polyubiquitination",-1.59253491400905,0.0702847513228713,TRUE,FALSE,-2.78772850580263,2.78772850580263,"opposite direction"
"human KD vs control vs mouse KD vs control","GO_BP","GO:0050777","negative regulation of immune response","either",0.05,"opposite direction",-2.78625444126782,2.78625444126782,1.76787581212977,-1.01837862913805,0.00333556582282573,0.639998529290902,"16859/24110/15944/246730/547253/54396/100038882/16145/12946/23960/246727/17082/93694/64685/218460/16453/19056/80861/12825/20847/16950/14158/226691/22628/15216/20852/20085/23961/16952/22225/66294/21354/268857/26987","2534/301/9958/253943/8078/9470/5777/3134/3718/1398/171389/6776/10039/6714/149041/23220/3956/26058/3135/9173/5595/5648/5577","GO:0050777","GO:0050777","negative regulation of immune response","negative regulation of immune response",-0.193821024018581,2.47683048471971,FALSE,TRUE,-2.78625444126782,2.78625444126782,"opposite direction"
"human KD vs control vs mouse KD vs control","GO_BP","GO:0036297","interstrand cross-link repair","either",0.05,"opposite direction",2.77854965278539,2.77854965278539,-0.749719533639506,2.02883011914588,0.941805330483053,0.00251442027428557,"381306/269523/67513/104806/237211/227525/19362/50505/272158/234736/66634/60534/217216/74335/20892/71885/232210/244666","64710/201254/84515/2175/55215/165918/2189/199990/22909/55159/63979/7517/2176/2177/10635/80233/2178","GO:0036297","GO:0036297","interstrand cross-link repair","interstrand cross-link repair",2.59956213017102,-0.0260388558418793,TRUE,FALSE,2.77854965278539,2.77854965278539,"opposite direction"
"human KD vs control vs mouse KD vs control","GO_BP","GO:0042330","taxis","either",0.05,"opposite direction",-2.77727102677501,2.77727102677501,1.33833301926324,-1.43893800751177,0.2159306449432,0.0251614346873707,"16859/20563/20564/12266/68119/20750/14178/27226/26903/18846/11603/399558/20356/20346/18186/15234/20361/23892/78560/18438/238130/12778/17250/14158/20312/171095/19241/14870/20210/14268/12977/20085/238871/16948/16952/19242/12554/20254/23789/21983/18578/108737/13655/20315/18003/16971/269878/268373/20198/57342/19035/18595/215999/117149/11820/20909/11876/18081/20306/14869/26417/74006/13123/13640/22084/22339","57509/7422/79647/200576/2950/796/5142/3084/10663/6092/102/3603/65125/6693/1991/1960/3958/6355/64218/7423/1954/3265/6868/5580/5025/10457/9034/2255/1843/51571/301/5764/23604/2829/5159/6558/3164/2668/6729/7226/2260/10928/55742/64094/2185/1901/4313/80270/6810/5747/57175/4814/55219/1435/6259/284/6387/1130/2277/23767/641700/6405/8398/7412/9423/55605/5595/4856/5156/718/5168/3082/9353/2252/4354/6275","GO:0042330","GO:0042330","taxis","taxis",-1.59926459935378,0.665685718085956,TRUE,FALSE,-2.77727102677501,2.77727102677501,"opposite direction"
"human KD vs control vs mouse KD vs control","GO_BP","GO:0006935","chemotaxis","either",0.05,"opposite direction",-2.77554953386239,2.77554953386239,1.33661152635062,-1.43893800751177,0.194105245460005,0.0251614346873707,"16859/20563/20564/12266/68119/20750/14178/27226/26903/18846/11603/399558/20356/20346/18186/15234/20361/23892/78560/18438/238130/12778/17250/14158/20312/171095/19241/14870/20210/14268/12977/20085/238871/16948/16952/19242/12554/20254/23789/21983/18578/108737/13655/20315/18003/16971/269878/268373/20198/57342/19035/18595/215999/117149/11820/20909/11876/18081/20306/14869/26417/74006/13123/13640/22084/22339","57509/7422/79647/200576/2950/796/5142/3084/10663/6092/102/3603/65125/6693/1991/1960/3958/6355/64218/7423/1954/3265/6868/5580/5025/10457/9034/2255/1843/51571/301/5764/23604/2829/5159/6558/3164/2668/6729/7226/2260/10928/55742/64094/2185/1901/4313/80270/6810/5747/57175/4814/55219/1435/6259/284/6387/1130/2277/23767/641700/6405/8398/7412/9423/55605/5595/4856/5156/718/5168/3082/9353/2252/4354/6275","GO:0006935","GO:0006935","chemotaxis","chemotaxis",-1.59926459935378,0.711962728168804,TRUE,FALSE,-2.77554953386239,2.77554953386239,"opposite direction"
"human KD vs control vs mouse KD vs control","GO_BP","GO:0006575","modified amino acid metabolic process","either",0.05,"opposite direction",-2.76641748263918,2.76641748263918,1.87992341910277,-0.886494063536411,0.000408766823158109,0.853911716792203,"107869/26570/270685/243853/17768/50527/192166/14873/66811/56693/14381/110695/18451/69065/108037/14782/218476/74114/14874/107747/216188/17250/211666/108147/14870/54381/11898/112406/13038/67096/15926/193742/14431/232223/68312/12955/13039/75475/269378/53381/14629/108156/18618/14854/78070/22171/109801/18024/14869/19210/27388/20425/14287","494143/5034/112817/2729/51022/53919/2876/3029/10840/2950/2806/1384/10404/10162/5447/441024/3249/7920/26090/4524/1735/4780/2730/26873/119391/2628/1757/223/2949/6535/33","GO:0006575","GO:0006575","modified amino acid metabolic process","modified amino acid metabolic process",-0.0685870273108718,3.38852436019249,FALSE,TRUE,-2.76641748263918,2.76641748263918,"opposite direction"
"human KD vs control vs mouse KD vs control","GO_BP","GO:0007212","G protein-coupled dopamine receptor signaling pathway","either",0.05,"opposite direction",-2.76432597988898,2.76432597988898,0.876064790487479,-1.8882611894015,0.826141593979122,0.0285336439564373,"66725/192176/59287/14682/118445","2775/55737/112/5731/84062/120892","GO:0007212","GO:0007212","G protein-coupled dopamine receptor signaling pathway","G protein-coupled dopamine receptor signaling pathway",-1.54464276219792,0.0829455117428626,TRUE,FALSE,-2.76432597988898,2.76432597988898,"opposite direction"
"human KD vs control vs mouse KD vs control","GO_BP","GO:0000423","mitophagy","either",0.05,"opposite direction",-2.76424373706396,2.76424373706396,1.13131902327478,-1.63292471378918,0.574542019779327,0.0379690985112757,"15944/54396/16145/11739/29869/20787/14467/12257/71712/12176/68943/11740/108155/75788/235040/64704/381038/14232","706/64127/84557/51375/55294/27429/23647/65018/55626/6720/8473/10075/139341/55187/2931/84749/8454/8878/7855/6721/8678/9978/160760/9706/10273/7415/11337/291","GO:0000423","GO:0000423","mitophagy","mitophagy",-1.42056971405921,0.24067820319685,TRUE,FALSE,-2.76424373706396,2.76424373706396,"opposite direction"
"human KD vs control vs mouse KD vs control","GO_BP","GO:1902750","negative regulation of cell cycle G2/M phase transition","either",0.05,"opposite direction",2.76358827021708,2.76358827021708,-0.895083572536668,1.86850469768041,0.852993123119923,0.00790046518480477,"67333/235559/12534/381921/22390/76843/269582/12189/330177/12144","2273/1026/29997/23560/58493/80279/29980/27183/990/51149/54465/672/63967/3364/4683/54984/140901/4361/641/79184/4998/1112/5932/84142/90381/9088/57099/11073/9212/84936/92421/580/60672","GO:1902750","GO:1902750","negative regulation of cell cycle G2/M phase transition","negative regulation of cell cycle G2/M phase transition",2.10234733639995,-0.0690544701256881,TRUE,FALSE,2.76358827021708,2.76358827021708,"opposite direction"
"human KD vs control vs mouse KD vs control","GO_BP","GO:0031929","TOR signaling","either",0.05,"opposite direction",-2.75761122717759,2.75761122717759,1.01747875368403,-1.74013247349356,0.708728298611111,0.00471549892360097,"20112/232087/74747/107045/17168/13685/76630/230784/14673/11651/68943/22628/107260/11987/108155/22258/11836/69035/68441/56613/74370/17772/101142/252875/22631/216080/66799/110006/110379/11989/11865/26417/22084/56716/108655/66496/18706/20779/68845/227743/20104/18570/56717/15251/93687/15183/66508/110651/270802/224023/22433/14462/75747/67046/26965/20304","144577/8550/55593/6725/203228/3071/389541/57162/84433/2629/8649/6197/80243/6352/7334/23304/1978/29110/96459/64798/57600/56681/9681/140775/23334/65018/8452/8473/90809/57559/4864/8841/6198/2931/7321/8454/81929/154743/55611/28956/253260/5562/9978/84861/6714/10670/143686/729438/5290/2033/64121/8239/55004/56957/7107/5595/23387/64083/9252","GO:0031929","GO:0031929","TOR signaling","TOR signaling",-2.32647234994606,0.149520226071153,TRUE,FALSE,-2.75761122717759,2.75761122717759,"opposite direction"
"human KD vs control vs mouse KD vs control","GO_BP","GO:0043470","regulation of carbohydrate catabolic process","either",0.05,"opposite direction",-2.75688830067864,2.75688830067864,0.874847196436722,-1.88204110424192,0.852183462811885,0.0208349678886729,"74747/22059/102093/66129/108155/74370/56327/50721/105651/11820/208727/15937/19164/56428/56716/20779/56717/15251","11182/5027/84676/5207/8473/5571/53632/89/9611/405/26137/5562/5255/6714/9759/2033/5515/5499","GO:0043470","GO:0043470","regulation of carbohydrate catabolic process","regulation of carbohydrate catabolic process",-1.68120716455074,0.0694668978276918,TRUE,FALSE,-2.75688830067864,2.75688830067864,"opposite direction"
"human KD vs control vs mouse KD vs control","GO_BP","GO:1902099","regulation of metaphase/anaphase transition of cell cycle","either",0.05,"opposite direction",2.75050396952986,2.75050396952986,-1.10490661920017,1.64559735032969,0.580466960559757,0.0260735421475996,"26951/66591/74335/107995/12237/24010/23834/219114/52696/12235/268697/229841/29861/11799/11789/70385/52276/16319/68501/12236","54908/11130/9787/701/1063/221150/8379/332/147841/57082/10783/55143/699/348654/26271/55755/9319/7517/8110/55055/83540/990/220134/7272/57405/9275","GO:1902099","GO:1902099","regulation of metaphase/anaphase transition of cell cycle","regulation of metaphase/anaphase transition of cell cycle",1.58379996497058,-0.236222494710823,TRUE,FALSE,2.75050396952986,2.75050396952986,"opposite direction"
"human KD vs control vs mouse KD vs control","GO_BP","GO:0061448","connective tissue development","either",0.05,"opposite direction",-2.74493705463366,2.74493705463366,1.244045882526,-1.50089117210766,0.33772777293817,0.0366489545016099,"11475/12842/74155/19092/12111/243853/67800/214855/12833/11603/229534/18933/21857/12490/23892/59056/12825/234356/17313/12167/18740/15364/16998/21827/13038/71566/20204/12977/20340/15902/16948/20855/12394/77006/13601/21810/268396/110446/239337/15461/215798/59035/19645/67378/18763/114679/110006/13549/21898/14534/17386/94352/18295/666173/26417","23369/8840/5159/157680/3549/11145/10736/10499/7483/2690/1280/5562/2648/538/38/1386/9978/7227/642658/116039/10424/7480/5593/650/55959/9149/4781/4969/1605/4856/5916/5019/1642/947/59","GO:0061448","GO:0061448","connective tissue development","connective tissue development",-1.43593841012676,0.471433223824649,TRUE,FALSE,-2.74493705463366,2.74493705463366,"opposite direction"
"human KD vs control vs mouse KD vs control","GO_BP","GO:0042594","response to starvation","either",0.05,"opposite direction",-2.74117826253152,2.74117826253152,1.23010460631732,-1.5110736562142,0.397746315423001,0.0208349678886729,"74551/20539/66725/232087/29869/107045/20525/17168/13685/76267/20787/11520/76630/230784/72238/226691/11651/192197/19106/74781/22628/15216/27053/57875/218035/52639/58809/22258/54636/26408/12660/68441/74370/67760/78926/69719/101142/110446/13039/319195/252875/22631/215999/15382/22271","96459/2310/6569/10524/84557/56681/9681/10634/23334/3992/133746/55364/55626/9463/6720/5058/53349/5571/53632/1119/123/81929/4780/154743/55062/6810/5166/10367/6721/51100/5562/8678/38/1386/54828/2308/10670/143686/9706/64121/8673/91689/10919/11337/5595/3625/120892/5019","GO:0042594","GO:0042594","response to starvation","response to starvation",-1.68120716455074,0.400393834808648,TRUE,FALSE,-2.74117826253152,2.74117826253152,"opposite direction"
"human KD vs control vs mouse KD vs control","GO_BP","GO:0033500","carbohydrate homeostasis","either",0.05,"opposite direction",-2.74045524048225,2.74045524048225,1.49794726445916,-1.24250797602309,0.0427950853852533,0.260771163386268,"74551/12870/14119/246730/12842/20317/70310/20587/192185/14118/19275/23960/18555/109552/12286/18576/68938/19056/230784/102093/14694/22393/11651/11674/63959/19326/241296/108155/80976/23961/68441/74370/74998/67389/16971/50721/228869/12288/78894/52055/215999/14629/19376","111/5532/2876/84467/9990/51094/1050/65220/10524/9572/9854/64282/283450/3101/8473/5127/7776/4089/6722/8840/408/5007/6659/6810/5166/2730/26137/6774/51024/6934/5562/150/51714/2308/3098/5295/10670/143686/2081/8398/5019/5176","GO:0033500","GO:0033500","carbohydrate homeostasis","carbohydrate homeostasis",-0.583740435465566,1.36860610277696,FALSE,TRUE,-2.74045524048225,2.74045524048225,"opposite direction"
"human KD vs control vs mouse KD vs control","GO_BP","GO:0046328","regulation of JNK cascade","either",0.05,"opposite direction",2.73804171905392,2.73804171905392,-1.78115276643874,0.956888952615177,0.00371343346070912,0.734734119430344,"332579/52065/22030/72349/52521/22026/14219/14013/26403/98432/269881/81877/13614/17283/12928/11596/22034/59036/211323/59009/26412/15502/15258/68339/381921/19246/26390/65020/330177/30957/63953/18816/19099/18626/26401/17873/23882","1490/2150/7474/344558/23043/140885/203447/56940/5770/4188/4616/1906/1845/22943/55504/2043/51339/177/1857/7477/5911/4296/8737/9479/23542/29108/2218/23162","GO:0046328","GO:0046328","regulation of JNK cascade","regulation of JNK cascade",0.133869792010443,-2.43022435359994,FALSE,TRUE,2.73804171905392,2.73804171905392,"opposite direction"
"human KD vs control vs mouse KD vs control","GO_BP","GO:0061136","regulation of proteasomal protein catabolic process","either",0.05,"opposite direction",-2.7346911032202,2.7346911032202,0.907810267904536,-1.82688083531566,0.8532156721984,0.000253348836384272,"66725/19358/217410/19186/26444/14694/14673/11651/15216/19165/108155/19188/11836/22225/77006/59029/231474/68077/17772/50721/76375/76892/26374/17025/19192/14629/216157/26420/18763/56291/14534/231600/80750/26417/19164/70369/26419/24086/67731/231672/68034/19167/20588/56468/56717/52033/93687/12005/19173/414872/14775/67903/22433/57320/170823/12759/14265/232286/67025/64209/53312/104318/18023","1263/2876/7110/116224/6923/51105/1050/2332/5887/5690/10213/5710/7917/1460/5719/5685/5720/819/5684/55294/65018/5718/150684/29761/8473/114907/23429/2931/4130/11047/8078/7979/4780/9532/5694/1601/5717/5689/5701/25831/2648/25898/9978/6872/22933/10869/5686/5709/29978/8239/10273/7415/5691/5707/641700/64326/11337/8667/120892","GO:0061136","GO:0061136","regulation of proteasomal protein catabolic process","regulation of proteasomal protein catabolic process",-3.59628108605675,0.0689411758588334,TRUE,FALSE,-2.7346911032202,2.7346911032202,"opposite direction"
"human KD vs control vs mouse KD vs control","GO_BP","GO:0032465","regulation of cytokinesis","either",0.05,"opposite direction",2.73268090821258,2.73268090821258,-1.72852131817967,1.00415959003291,0.0337797077662345,0.657080618729765,"50850/108961/211660/218294/381293/109333/66371/83770/268451/71819/235626/232341/16553/26934/16569/12704/227937/23834/101565/216963/102774/13605/78610/19348/240641/11799/211978/229776/52276/16319/52679/233406/20878","332/144455/55143/80179/9928/23636/51652/27183/25909/9738/6790/990/585/994/9493/10807/9055/598/63971/3619","GO:0032465","GO:0032465","regulation of cytokinesis","regulation of cytokinesis",0.182381342584026,-1.47134411190121,FALSE,TRUE,2.73268090821258,2.73268090821258,"opposite direction"
"human KD vs control vs mouse KD vs control","GO_BP","GO:0010721","negative regulation of cell development","either",0.05,"opposite direction",-2.72612876223836,2.72612876223836,1.11997162923493,-1.60615713300343,0.559361841053249,0.0106123711420825,"15944/20563/235106/14118/227292/18846/15901/20356/93694/21838/20346/18186/29869/16453/12568/16950/15364/12257/73181/15902/16952/19242/229615/12394/13866/68585/99375/76893","706/7422/5108/2302/796/9572/5690/865/57609/80128/6663/5685/5684/55365/55294/1072/9444/7533/3623/301/5764/494551/2931/3549/5802/3398/3659/56963/150290/3718/5689/23240/6776/6993/54857/51043/22933/149041/5686/9706/3956/4763/5691/1499/3135/7107/9921/5728/11221/342667/6696","GO:0010721","GO:0010721","negative regulation of cell development","negative regulation of cell development",-1.97418757002217,0.252307163966036,TRUE,FALSE,-2.72612876223836,2.72612876223836,"opposite direction"
"human KD vs control vs mouse KD vs control","GO_BP","GO:0031110","regulation of microtubule polymerization or depolymerization","either",0.05,"opposite direction",2.72190241202946,2.72190241202946,-1.61687389643898,1.10502851559048,0.0430838744290564,0.538107858337598,"75991/50850/328108/214444/101706/13548/56430/230101/54126/140810/76499/70997/12389/18479/219114/75786/216963/212307/68339/72119/66140/99512/11789/193740/16564/70466/100732/20617/14159/15511","22974/221150/348235/57704/3304/55755/55142/93323/26586/10142/89927/23354/220134/54801/6904","GO:0031110","GO:0031110","regulation of microtubule polymerization or depolymerization","regulation of microtubule polymerization or depolymerization",0.269130665623575,-1.36568524856116,FALSE,TRUE,2.72190241202946,2.72190241202946,"opposite direction"
"human KD vs control vs mouse KD vs control","GO_BP","GO:2000060","positive regulation of ubiquitin-dependent protein catabolic process","either",0.05,"opposite direction",-2.72062735486182,2.72062735486182,1.01423438522537,-1.70639296963645,0.713524654154826,0.0315322589259394,"66725/21804/19358/217410/14694/11651/19165/75788/22225/77006/231474/68077/50721/76375/26374/14629/26420/231600/19164/26419/231672/68034/56468/56717/93687/12005/14083/414872","2931/8078/4780/2185/28952/1601/25831/25898/9978/5747/6872/22933/11236/10273/7415/64326/11337/5728/120892","GO:2000060","GO:2000060","positive regulation of ubiquitin-dependent protein catabolic process","positive regulation of ubiquitin-dependent protein catabolic process",-1.50124491590197,0.14659101627265,TRUE,FALSE,-2.72062735486182,2.72062735486182,"opposite direction"
"human KD vs control vs mouse KD vs control","GO_BP","GO:0007009","plasma membrane organization","either",0.05,"opposite direction",-2.71225607907179,2.71225607907179,1.08193038933305,-1.63032568973874,0.609531570686949,0.0295072291189494,"13731/70310/12833/26903/69146/18828/11603/26943/226101/14251/11651/228983/75909/235406/17988/208092/13196/11982/66616/66700/109676/225608/20909/11835/11666/11735/12369/12306/329628","246777/63982/6647/116238/128866/27243/29763/53947/27230/57194/57132/440026/9788/5027/288/9525/81037/5864/114786/9066/7357/4627/2013/8841/57047/10347/50807/55207/8436/79643/343702/8560/51429/6810/11252/51100/2934/6281/112574/225/10458/55362/928/54874/10397/23136/5728","GO:0007009","GO:0007009","plasma membrane organization","plasma membrane organization",-1.53007157107782,0.215003795180881,TRUE,FALSE,-2.71225607907179,2.71225607907179,"opposite direction"
"human KD vs control vs mouse KD vs control","GO_BP","GO:0140694","membraneless organelle assembly","either",0.05,"opposite direction",2.7028128291222,2.7028128291222,-1.31470406960791,1.38810875951429,0.094118031816972,0.0315013528068861,"11793/140486/22138/13665/13006/217695/13424/328572/99412/13209/67139/214444/78321/101706/30946/50875/270086/52504/279561/268420/74383/74201/246747/226982/225929/66371/68942/226562/71819/233871/74477/67463/232341/76478/74596/232933/380629/26934/16569/106042/75547/66578/56275/54204/76123/229584/246102/20892/225659/107995/76499/232889/218914/110109/12316/108079/245902/16571/22350/72776/70012/20807/14359/14705/233833/17245/219114/20460/234594/13614/100502766/12566/106618/20620/50927/110911/107817/66711/22349/101565/54141/212307/16551/229841/67678/20239/16580/68767/233064/72119/66140/11799/12457/232976/68017/14086/193740/103135/218977/67300/18005/20474/70466/76763/52276/99100/100732/68183/16319/21916/71276/233406/20878/78906/15511","10642/29128/6228/4869/7520/5591/1153/3921/29997/9787/7138/54443/22974/201254/55355/29960/1063/221150/80152/3833/348235/10615/3856/332/22995/10783/55835/81554/55143/79172/27341/29777/64745/3304/26164/57674/2801/51335/23636/51652/55755/636/116840/6491/9100/284001/55142/55320/5587/93323/29767/54069/1906/9738/8225/4678/23354/220134/54801/197335/2491/3832/1060/672/387103/64946/55839/80153/26284/55239/28988/6624/9493/22868/9662/51112/1983/29766/9639/9055/51119/7284/85378/6234/1058/80071/550643/3619/5563/65267/124093/8837/51657/79598/49856/9735/27063/196074/6857/54627/51116/23421/1964/1104/7840/80254/79884/26151/84142/29901/55722/221908/56647/57146/56890/23126/1062/130916/56992/115416/92170/9212/24137/85865/55178/92421/5119/128486/7111/51388/55125/1017/64105/85459/8760","GO:0140694","GO:0140694","membraneless organelle assembly","membraneless organelle assembly",1.50167079529134,-1.02632716330611,TRUE,FALSE,2.7028128291222,2.7028128291222,"opposite direction"
"human KD vs control vs mouse KD vs control","GO_BP","GO:0001659","temperature homeostasis","either",0.05,"opposite direction",-2.69368701618343,2.69368701618343,0.97462536562642,-1.71906165055701,0.766851027542245,0.00270043047353544,"16775/17150/15901/14194/14609/231507/19664/11739/56636/19225/67460/67299/224860/11740/20852/108155/11370/15499/50721/68614/16819/94187/78653/19645/18618/21898/23794/11865/70673/22339/11911/20586/15107/13371/12608/12709/51810/15183/329910/14775/67013/16189/12896/209446/20304/11474/16452","1649/83401/79068/3596/51094/7422/64127/7376/9572/57561/6344/6868/9444/8473/1051/4012/155/8841/7226/8878/4898/89/55818/324/23135/5743/6774/79071/2308/3226/51043/3717/10912/9536/7480/2628/23228/7067/33/3516/2167/85440/291","GO:0001659","GO:0001659","temperature homeostasis","temperature homeostasis",-2.56856699977461,0.115288996155619,TRUE,FALSE,-2.69368701618343,2.69368701618343,"opposite direction"
"human KD vs control vs mouse KD vs control","GO_BP","GO:0050803","regulation of synapse structure or activity","either",0.05,"opposite direction",-2.68426050867012,2.68426050867012,1.19869247428236,-1.48556803438776,0.362128173550587,0.01472750391926,"20692/26570/20563/66725/235106/14178/14362/12361/16423/11603/399558/52163/22154/64085/22142/53413/217692/20361/13169/17999/22359/71228/12568/238130/13631/99633/73181/11651/15529/24088/53321/170571/22192/14739/68404/19165/108155/19242/68585/20430/18003/223254/64451/21826/104156/13196/72621/22631/378937/18472/72162/11820/11845/208643/17755/19164/74006/11735/13640/22084/330662/56376","6092/102/22924/382/64218/7058/1496/79012/1072/41/1108/57468/23613/54583/4076/8473/2534/23369/10611/55799/8321/78999/2260/5802/29882/81609/2185/89910/7804/9844/57555/55737/1020/26037/23096/51104/1942/10458/51299/4763/58489/9901/7415/27161/9294/1499/6405/1600/84062/8536/22849/9423/1605/2049/8828/120892/4734/2252/9252","GO:0050803","GO:0050803","regulation of synapse structure or activity","regulation of synapse structure or activity",-1.83187085301819,0.441137685783436,TRUE,FALSE,-2.68426050867012,2.68426050867012,"opposite direction"
"human KD vs control vs mouse KD vs control","GO_BP","GO:0044818","mitotic G2/M transition checkpoint","either",0.05,"opposite direction",2.68092789802988,2.68092789802988,-0.927537069001776,1.7533908290281,0.812286034234523,0.0350643769131239,"77011/20184/71375/23834/235559/12534/381921/76843/269582/12189/330177/12144","1026/29997/58493/80279/29980/990/51149/54465/672/63967/3364/4683/4361/641/79184/4998/1112/5932/84142/90381/11073","GO:0044818","GO:0044818","mitotic G2/M transition checkpoint","mitotic G2/M transition checkpoint",1.45513387402162,-0.090291013596903,TRUE,FALSE,2.68092789802988,2.68092789802988,"opposite direction"
"human KD vs control vs mouse KD vs control","GO_BP","GO:0042176","regulation of protein catabolic process","either",0.05,"opposite direction",-2.67966903609549,2.67966903609549,0.96644066688321,-1.71322836921228,0.784726445304678,5.03898777355821e-05,"209086/20128/66725/20720/21804/26903/19358/21859/217410/18263/14609/21857/17999/19186/26444/208650/14694/14673/14084/11651/192176/112406/15216/23988/13194/80280/19165/108155/19188/11836/75788/74257/99375/22225/77006/59029/235542/231474/68077/17772/16971/235406/208092/50721/17698/76375/76892/106039/26374/17025/66616/19192/279766/14629/11820/216157/26420/18763/56291/14534/18247/15937/231600/21858/80750/11865/26417/19164/70369/232334/18104/101118/12306/26419/24086/50883/67731/231672/68034/19167/20588/56468/56717/52033/93687/12005/27059/14083/19173/14360/414872/56389/14775/21944/67903/22433/12995/57320","2629/29062/5687/4953/4947/29763/5704/6125/7805/975/11011/9709/1263/2876/7110/116224/6923/51105/1050/2332/5887/51582/5476/5690/5523/10213/5710/85407/7917/1460/5719/5685/153222/5720/819/5684/55294/55170/65018/5718/29934/150684/29761/139285/8473/114907/4089/6811/29116/23429/2931/3156/4130/11047/8078/7879/4898/4035/7979/4780/79643/324/2185/51429/9532/28952/55737/27352/5694/1601/5717/5689/5701/25831/2648/150/25898/9978/130507/5747/84961/2308/113451/6872/20/22933/10869/5686/5709/11236/29978/55823/8239/10273/152503/3416/7415/5691/283106/5707/641700/8850/64326/11337/5728/8667/4248/120892/4734/1642","GO:0042176","GO:0042176","regulation of protein catabolic process","regulation of protein catabolic process",-4.29765669540145,0.105281711407122,TRUE,FALSE,-2.67966903609549,2.67966903609549,"opposite direction"
"human KD vs control vs mouse KD vs control","GO_BP","GO:0050807","regulation of synapse organization","either",0.05,"opposite direction",-2.67735537268986,2.67735537268986,1.20671881822034,-1.47063655446952,0.358537922631739,0.0153627351978525,"20692/26570/20563/66725/235106/14178/14362/12361/16423/11603/399558/52163/22154/64085/22142/53413/217692/20361/13169/17999/22359/71228/12568/238130/13631/99633/73181/11651/15529/24088/53321/170571/22192/14739/68404/19165/108155/19242/68585/20430/18003/223254/64451/21826/104156/13196/72621/22631/378937/18472/72162/11820/11845/208643/17755/19164/74006/11735/13640/22084/330662/56376","6092/102/22924/382/64218/7058/1496/79012/1072/41/1108/57468/23613/54583/4076/8473/2534/23369/10611/55799/8321/78999/2260/5802/29882/81609/2185/89910/7804/9844/57555/55737/1020/26037/23096/51104/1942/10458/51299/4763/58489/9901/7415/27161/9294/1499/6405/1600/84062/8536/22849/9423/1605/2049/8828/120892/4734/2252/9252","GO:0050807","GO:0050807","regulation of synapse organization","regulation of synapse organization",-1.81353145516504,0.44546490214771,TRUE,FALSE,-2.67735537268986,2.67735537268986,"opposite direction"
"human KD vs control vs mouse KD vs control","GO_BP","GO:0050796","regulation of insulin secretion","either",0.05,"opposite direction",-2.66817442212958,2.66817442212958,1.1190098354438,-1.54916458668578,0.568909273004116,0.0448451078848335,"74551/18641/12361/192185/18555/14609/109552/18576/20787/19056/14661/11674/241296/74370/14682/67389/67623/16971/50721/12288/78894/215999/20909/67267/18754/11865/13640/20913/15107/20677/14672/50790/68667/15251/218461/330890","2781/846/4760/23435/9575/3741/3651/226/3172/2182/3745/406/25924/5715/51738/5950/23409/9971/6717/6833/116534/3667/8609/2778/7021/6352/111/5532/65220/9572/5568/9854/9066/9463/5127/5007/2775/84300/10411/6659/6810/57555/6934/150/2308/65985/3717/8398/4856/3625/5019","GO:0050796","GO:0050796","regulation of insulin secretion","regulation of insulin secretion",-1.34828492685632,0.244956987340161,TRUE,FALSE,-2.66817442212958,2.66817442212958,"opposite direction"
"human KD vs control vs mouse KD vs control","GO_BP","GO:0051259","protein complex oligomerization","either",0.05,"opposite direction",-2.66616890437315,2.66616890437315,1.69278006289022,-0.973388841482929,0.00631146143430443,0.738214917504775,"107869/246730/100038882/12843/243853/12833/109168/71586/69146/20135/232087/72844/23960/233107/56520/228139/20514/108037/22059/23874/18764/15452/14319/67991/52120/69089/66592/228983/12972/11674/13429/331623/241296/69228/23961/71701/15108/22323/107476/14026/17436/74568/69675/17025/233908/234309/215999/11820/16518/18763/18081/66628/11690/20481/74006/229937/666704/20425/78688/69634/70796/432508/56045/66388/56369/56384/382571/381760/114643/68667/27410","3747/80036/31/9356/241/2902/5027/54822/9908/6261/3028/57192/5311/57679/57582/362/6683/7226/5830/10015/138151/7923/3759/10938/10367/55737/146212/171389/21/23210/7358/83862/4814/83892/3710/4355/2033/4199/1759/8626/223/6788/3135/3708/79734","GO:0051259","GO:0051259","protein complex oligomerization","protein complex oligomerization",-0.131817183030163,2.19987006716378,FALSE,TRUE,-2.66616890437315,2.66616890437315,"opposite direction"
"human KD vs control vs mouse KD vs control","GO_BP","GO:0032006","regulation of TOR signaling","either",0.05,"opposite direction",-2.66266085575066,2.66266085575066,0.858069461948108,-1.80459139380255,0.9033612037587,0.000974780887699595,"232087/74747/107045/17168/76630/230784/14673/11651/22628/107260/11987/108155/22258/11836/69035/68441/74370/17772/101142/252875/22631/216080/66799/110379/11989/11865/26417/22084/56716/108655/20779/68845/18570/56717/15251/93687/15183/66508/270802/224023/22433/75747/67046/26965/20304","144577/8550/55593/6725/203228/3071/389541/57162/2629/8649/80243/6352/7334/23304/29110/96459/64798/57600/56681/9681/140775/23334/8452/8473/90809/57559/4864/8841/6198/2931/7321/8454/81929/154743/55611/28956/253260/5562/9978/84861/6714/10670/143686/729438/5290/2033/64121/8239/55004/56957/7107/5595/23387/64083","GO:0032006","GO:0032006","regulation of TOR signaling","regulation of TOR signaling",-3.01109299451396,0.0441385648210194,TRUE,FALSE,-2.66266085575066,2.66266085575066,"opposite direction"
"human KD vs control vs mouse KD vs control","GO_BP","GO:0016054","organic acid catabolic process","either",0.05,"opposite direction",-2.66263083738444,2.66263083738444,1.52952515616734,-1.1331056812171,0.0473463655931892,0.402925311126771,"108682/12041/192166/26912/110695/66253/74114/51798/11409/230784/14874/107747/216188/330260/67460/14661/11651/12035/11898/66885/66904/56174/18634/16828/15108/231086/113868/13171/257633/26569/246277/93747/78038/11370/16922/23986/110842/235339/110446/433256/269378/12039/26378/52538/269823/11666/20524/20425/15107/52665/93732/216136/58875/56717/68631/14085/104184/19299/67980/52430/18242/22160/19125/13479/80879/12896/110959/26874/231327/110826/80911/67880/227095/229211/214579","189/4942/374569/215/10007/10247/2805/3242/10295/1376/5444/1737/4051/3067/55289/3667/1066/11332/112817/1610/8529/32/132789/1738/66002/10840/30/2806/5825/1384/55268/5446/3028/9663/254013/160287/219743/2109/6342/138199/10478/51/23464/38/51380/225/25828/2110/84696/1757/10327/2747/35/5973/51005/33/7291","GO:0016054","GO:0016054","organic acid catabolic process","organic acid catabolic process",-0.394775450066537,1.32471335274101,FALSE,TRUE,-2.66263083738444,2.66263083738444,"opposite direction"
"human KD vs control vs mouse KD vs control","GO_BP","GO:0046395","carboxylic acid catabolic process","either",0.05,"opposite direction",-2.66263083738444,2.66263083738444,1.52952515616734,-1.1331056812171,0.0473463655931892,0.402925311126771,"108682/12041/192166/26912/110695/66253/74114/51798/11409/230784/14874/107747/216188/330260/67460/14661/11651/12035/11898/66885/66904/56174/18634/16828/15108/231086/113868/13171/257633/26569/246277/93747/78038/11370/16922/23986/110842/235339/110446/433256/269378/12039/26378/52538/269823/11666/20524/20425/15107/52665/93732/216136/58875/56717/68631/14085/104184/19299/67980/52430/18242/22160/19125/13479/80879/12896/110959/26874/231327/110826/80911/67880/227095/229211/214579","189/4942/374569/215/10007/10247/2805/3242/10295/1376/5444/1737/4051/3067/55289/3667/1066/11332/112817/1610/8529/32/132789/1738/66002/10840/30/2806/5825/1384/55268/5446/3028/9663/254013/160287/219743/2109/6342/138199/10478/51/23464/38/51380/225/25828/2110/84696/1757/10327/2747/35/5973/51005/33/7291","GO:0046395","GO:0046395","carboxylic acid catabolic process","carboxylic acid catabolic process",-0.394775450066537,1.32471335274101,FALSE,TRUE,-2.66263083738444,2.66263083738444,"opposite direction"
"human KD vs control vs mouse KD vs control","GO_BP","GO:0033045","regulation of sister chromatid segregation","either",0.05,"opposite direction",2.65961353587349,2.65961353587349,-1.08570521368391,1.57390832218958,0.612490079365079,0.0387049280611262,"26951/66591/74335/107995/12237/12704/24010/23834/219114/52696/12235/268697/229841/12534/29861/11799/11789/70385/52276/16319/68501/12236","10460/54908/11130/9787/701/1063/221150/8379/332/147841/57082/10783/55143/699/348654/26271/55755/9319/7517/8110/55055/83540/990/220134/7272/57405/9275","GO:0033045","GO:0033045","regulation of sister chromatid segregation","regulation of sister chromatid segregation",1.41223373540753,-0.212900941268566,TRUE,FALSE,2.65961353587349,2.65961353587349,"opposite direction"
"human KD vs control vs mouse KD vs control","GO_BP","GO:0030072","peptide hormone secretion","either",0.05,"opposite direction",-2.65850464573206,2.65850464573206,1.13948532910837,-1.51901931662369,0.53841368584759,0.0315322589259394,"74551/18641/12361/192185/19275/18555/14609/109552/20615/18576/20787/19056/15364/14661/15216/11674/19326/241296/80976/16952/74370/14682/66294/74998/67389/67623/16971/50721/12288/78894/52055/215999/20909/67267/228355/18754/11865/13640/16878/11826/20913/15107/20677/13371/14672/102607/50790/68667/15251","846/4760/23435/9575/3741/3651/3952/226/1394/2692/3172/2182/3745/406/25924/5715/51738/5950/23409/9971/6717/389692/27433/10815/6833/6927/116534/6865/3667/8609/2778/7021/6352/111/5532/5861/54097/65220/9572/5568/9854/818/5864/51083/9066/283849/9463/23557/5127/5007/2775/84300/10411/6659/6810/57555/6934/150/51714/2308/65985/3717/8398/4856/3625/5019","GO:0030072","GO:0030072","peptide hormone secretion","peptide hormone secretion",-1.50124491590197,0.268883909384847,TRUE,FALSE,-2.65850464573206,2.65850464573206,"opposite direction"
"human KD vs control vs mouse KD vs control","GO_BP","GO:0032434","regulation of proteasomal ubiquitin-dependent protein catabolic process","either",0.05,"opposite direction",-2.65840635063893,2.65840635063893,1.0578294202617,-1.60057693037723,0.655269451243205,0.0412212790861844,"66725/19358/217410/14694/14673/11651/15216/19165/108155/11836/22225/77006/231474/68077/17772/50721/76375/26374/14629/26420/56291/14534/231600/80750/26417/19164/70369/26419/24086/67731/231672/68034/20588/56468/56717/52033/93687/12005","1263/116224/6923/51105/1050/5887/7917/1460/819/150684/8473/114907/23429/2931/4130/8078/1601/25831/2648/25898/9978/6872/22933/8239/10273/7415/64326/11337/8667/120892","GO:0032434","GO:0032434","regulation of proteasomal ubiquitin-dependent protein catabolic process","regulation of proteasomal ubiquitin-dependent protein catabolic process",-1.38487853629642,0.183580078443615,TRUE,FALSE,-2.65840635063893,2.65840635063893,"opposite direction"
"human KD vs control vs mouse KD vs control","GO_BP","GO:0002790","peptide secretion","either",0.05,"opposite direction",-2.65185855763031,2.65185855763031,1.14435011228833,-1.50750844534198,0.533072920887563,0.0468234798167854,"74551/18641/12361/192185/19275/18555/14609/109552/20615/18576/20787/19056/15364/14661/15216/11674/19326/241296/80976/16952/74370/14682/66294/74998/67389/67623/16971/50721/12288/78894/52055/215999/20909/67267/228355/18754/11865/13640/16878/11826/20913/15107/20677/13371/14672/102607/11303/50790/68667/15251","846/4760/23435/9575/3741/3651/3952/226/1394/2692/3172/2182/3745/406/25924/5715/51738/5950/23409/9971/6717/389692/27433/10815/6833/6927/116534/6865/3667/8609/2778/7021/6352/111/5532/5861/54097/65220/9572/5568/9854/818/5864/51083/9066/283849/9463/23557/5127/5007/2775/84300/10411/6659/6810/57555/6934/150/51714/2308/65985/3717/8398/4856/3625/5019","GO:0002790","GO:0002790","peptide secretion","peptide secretion",-1.3295363136409,0.273213378266261,TRUE,FALSE,-2.65185855763031,2.65185855763031,"opposite direction"
"human KD vs control vs mouse KD vs control","GO_BP","GO:0046879","hormone secretion","either",0.05,"opposite direction",-2.63580281937819,2.63580281937819,1.19532575562139,-1.4404770637568,0.366592789598109,0.0380157827448129,"74551/18641/22337/20750/12361/192185/19275/18555/14609/109552/16156/20615/16009/18576/20787/19056/15364/12257/14661/15216/11674/19326/241296/80976/56745/16952/12394/74370/14682/66294/74998/67389/67623/16971/50721/12288/108075/22631/78894/52055/215999/75605/20909/67267/114679/228355/18754/11865/13640/16878/11826/18669/20913/15107/20677/13371/14672/102607/50790/68667/11609/18671/15251/21333/218461","846/4760/23435/2776/2697/9575/3741/3651/3952/226/1394/2692/3172/2587/84634/2182/3745/406/25924/5715/51738/5950/23409/9971/6717/389692/2661/27433/10815/6870/6833/6927/116534/6865/3667/8609/2778/7021/6352/111/5532/5861/54097/706/65220/65266/9572/5568/9854/818/5864/51083/9066/283849/9463/3623/23557/5127/51305/301/5007/2775/84300/10411/6659/6810/57555/1601/6934/150/51714/2308/65985/3717/8723/8673/8398/4856/3625/5019/6696","GO:0046879","GO:0046879","hormone secretion","hormone secretion",-1.42003606296354,0.435816081295649,TRUE,FALSE,-2.63580281937819,2.63580281937819,"opposite direction"
"human KD vs control vs mouse KD vs control","GO_BP","GO:0019233","sensory perception of pain","either",0.05,"opposite direction",-2.63567747424819,2.63567747424819,0.891841926774243,-1.74383554747395,0.827910820616037,0.0285336439564373,"23859/12568/18438/68073/74653/17035/20315/13864/21898/26417/11826/21333/14360/56318/20269/74616/67888/110876","5025/1137/55273/57210/55/57555/83862/9536/6387/5595/4856/54463/4311","GO:0019233","GO:0019233","sensory perception of pain","sensory perception of pain",-1.54464276219792,0.0820164412346966,TRUE,FALSE,-2.63567747424819,2.63567747424819,"opposite direction"
"human KD vs control vs mouse KD vs control","GO_BP","GO:1990845","adaptive thermogenesis","either",0.05,"opposite direction",-2.63563834584053,2.63563834584053,1.04169954345449,-1.59393880238604,0.673015421833991,0.024205834211389,"16775/17150/15901/14194/14609/231507/19664/11739/56636/67460/67299/224860/11740/20852/108155/15499/50721/68614/16819/94187/78653/19645/18618/21898/23794/11865/70673/22339/11911/20586/15107/13371/12608/12709/51810","1649/83401/3596/51094/7422/7376/9572/57561/6344/6868/9444/8473/1051/4012/155/8841/4898/89/55818/324/23135/79071/3226/51043/3717/10912/7480/2628/23228/7067/33/3516/2167/85440/291","GO:1990845","GO:1990845","adaptive thermogenesis","adaptive thermogenesis",-1.61607994557174,0.171974984006831,TRUE,FALSE,-2.63563834584053,2.63563834584053,"opposite direction"
"human KD vs control vs mouse KD vs control","GO_BP","GO:0090023","positive regulation of neutrophil chemotaxis","either",0.05,"opposite direction",2.63486089600466,2.63486089600466,-0.781681966084519,1.85317892992014,0.896427572143314,0.0282523519784232,"13614/17242/76763","4192/64065/5879/5880/1906","GO:0090023","GO:0090023","positive regulation of neutrophil chemotaxis","positive regulation of neutrophil chemotaxis",1.54894539178323,-0.0474847939871102,TRUE,FALSE,2.63486089600466,2.63486089600466,"opposite direction"
"human KD vs control vs mouse KD vs control","GO_BP","GO:0048193","Golgi vesicle transport","either",0.05,"opposite direction",-2.62323325607516,2.62323325607516,1.07176021140612,-1.55147304466904,0.616248444628785,0.00701321828627154,"14451/66725/74051/66940/110695/338320/68090/11733/59042/67015/66111/14694/67916/67023/89867/224705/11651/77254/218035/67458/12033/18777/69162/235623/52639/54160/50771/76983/13858/76510/50797/59029/19159/56491/66366/30960/70028/76688/75914/106039/71169/58244/11767/17083/11736/19376/53330/97484/238123/77038/67378/16834/226791/110379/76483/55946/17912/11426/11735","8775/80230/83452/6844/9632/7805/26985/160/23033/5861/9218/23041/8615/60684/51552/372/288/91949/10564/10213/10427/23499/56681/5584/57511/57410/51479/80006/8452/29934/150684/25839/57020/134957/399687/29959/4218/81693/6293/164/10067/6811/23074/23760/27095/1315/6683/55435/60412/23299/10890/55763/10113/9382/55614/55207/22878/64693/1176/55062/51226/83696/29097/22872/28952/7405/5862/26958/10749/51399/9276/381/1314/4644/11236/2181/7415/403/26088/3638/64083/374868/120892/261729/2619","GO:0048193","GO:0048193","Golgi vesicle transport","Golgi vesicle transport",-2.15408264348424,0.210244163844512,TRUE,FALSE,-2.62323325607516,2.62323325607516,"opposite direction"
"human KD vs control vs mouse KD vs control","GO_BP","GO:2000058","regulation of ubiquitin-dependent protein catabolic process","either",0.05,"opposite direction",-2.61721678187437,2.61721678187437,0.944054686755671,-1.6731620951187,0.803124790767458,0.0117364210911229,"66725/21804/19358/217410/14694/14673/11651/15216/19165/108155/11836/75788/22225/77006/231474/68077/17772/50721/76375/26374/14629/26420/56291/14534/231600/80750/26417/19164/70369/101118/26419/24086/67731/231672/68034/20588/56468/56717/52033/93687/12005/14083/414872/67903/57320/170823/100503670/12759/67025/64209/53312/104318/13132/18854/56637/211770/20115/228775","6125/7805/11011/9709/1263/116224/6923/51105/1050/5887/7917/1460/819/55294/55170/150684/8473/114907/23429/2931/4130/8078/4780/2185/28952/1601/25831/2648/25898/9978/5747/6872/22933/11236/8239/10273/7415/8850/64326/11337/5728/8667/120892","GO:2000058","GO:2000058","regulation of ubiquitin-dependent protein catabolic process","regulation of ubiquitin-dependent protein catabolic process",-1.9304643168309,0.0952169681323316,TRUE,FALSE,-2.61721678187437,2.61721678187437,"opposite direction"
"human KD vs control vs mouse KD vs control","GO_BP","GO:0071375","cellular response to peptide hormone stimulus","either",0.05,"opposite direction",-2.61650177227421,2.61650177227421,0.942669096425978,-1.67383267584823,0.809637634363305,0.000750018964832062,"74551/74155/14118/12833/14799/16600/18576/16453/13685/20787/14158/13631/14600/11651/14870/11898/22628/20383/68303/107508/20852/108155/74142/79221/216233/26569/20430/67389/18214/29815/15499/18795/50721/228869/229709/26395/12702/15461/19084/14629/11421/19645/16451/93686/20416/210973/16598/18024/17755/26417/22084/66515/230514/17975/18706/15925/20779/20913/17913/227743/75717/231672/50915/18709/14281/11609/20588/56717/67856/16599/14083/14360/98496","3265/9663/1072/5313/5580/5447/8452/51141/6720/8473/2534/5058/4218/4929/55799/645/6198/2931/3164/51274/10890/9820/4780/196883/81565/324/2740/1176/10499/5791/5166/2690/4303/6774/9314/23371/3718/1398/8036/5562/6776/4790/9978/5747/80318/10014/2308/3645/6714/376497/54206/6430/5295/112/143686/51043/10458/3717/5290/4644/55667/3416/10768/5530/8850/5595/3625/3638/5140/5577","GO:0071375","GO:0071375","cellular response to peptide hormone stimulus","cellular response to peptide hormone stimulus",-3.12492775498459,0.091709312736935,TRUE,FALSE,-2.61650177227421,2.61650177227421,"opposite direction"
"human KD vs control vs mouse KD vs control","GO_BP","GO:0038203","TORC2 signaling","either",0.05,"opposite direction",-2.61643179661872,2.61643179661872,0.695130318057776,-1.92130147856094,0.938536295013663,0.0295072291189494,"230784/11651/68943/56716/18706/227743/56717/75747","29110/64798/65018/6198/253260/143686/5290/2033/8239/56957/23387","GO:0038203","GO:0038203","TORC2 signaling","TORC2 signaling",-1.53007157107782,0.0275489277103355,TRUE,FALSE,-2.61643179661872,2.61643179661872,"opposite direction"
"human KD vs control vs mouse KD vs control","GO_BP","GO:0009267","cellular response to starvation","either",0.05,"opposite direction",-2.61282520208536,2.61282520208536,1.05555778534476,-1.5572674167406,0.661402279819143,0.0245422846582333,"20539/66725/232087/107045/20525/17168/76267/20787/11520/76630/230784/226691/11651/19106/74781/22628/27053/57875/218035/52639/58809/22258/54636/26408/12660/68441/74370/67760/78926/101142/13039/319195/252875/22631/215999/15382/22271","96459/6569/10524/84557/56681/9681/10634/23334/3992/133746/55364/55626/9463/6720/5058/53349/5571/53632/1119/123/81929/4780/154743/55062/6810/5166/10367/6721/51100/5562/8678/1386/2308/10670/143686/64121/8673/91689/10919/11337/5595/3625/120892","GO:0009267","GO:0009267","cellular response to starvation","cellular response to starvation",-1.61008501095378,0.179534312429321,TRUE,FALSE,-2.61282520208536,2.61282520208536,"opposite direction"
"human KD vs control vs mouse KD vs control","GO_BP","GO:0001837","epithelial to mesenchymal transition","either",0.05,"opposite direction",-2.61036936130738,2.61036936130738,1.13504399260935,-1.47532536869803,0.543154197400773,0.037819969401484,"12842/13731/21804/14609/19664/23892/20017/71228/192173/16950/15364/21814/192176/68585/384009/114715/100182/18569/67040/94352/14726/13207/22084/22339/66515/14538/66214/21813/629378/75717/18570/11490/56717/15251/24064/21453/14083/22160/246154/14462/12156/67888/16193/21803/24063/13617/226778","54361/9444/3249/283149/3169/2013/4089/753/2260/9820/10521/1601/6934/5747/1942/7043/2296/650/5515/1499/6615/4040/3182/5728/2263/7291/3516/3082/7049/6275","GO:0001837","GO:0001837","epithelial to mesenchymal transition","epithelial to mesenchymal transition",-1.42227882685989,0.265076859962435,TRUE,FALSE,-2.61036936130738,2.61036936130738,"opposite direction"
"human KD vs control vs mouse KD vs control","GO_BP","GO:0062012","regulation of small molecule metabolic process","either",0.05,"opposite direction",-2.60950966557779,2.60950966557779,1.10873839089361,-1.50077127468418,0.538775632024468,0.011812181502179,"26570/12041/16010/228026/67800/56453/74747/22059/71974/16009/12286/20787/12048/319518/230784/102093/19225/12257/11651/19241/66129/57875/68073/13194/331623/235623/108155/56745/16952/74370/56327/231474/26569/110196/56632/100198/67389/71780/11370/17436/18113/244373/50721/26374/26395/68041/433256/105651/11820/26420/56316/54219/208727/14534/15937/66114/76483/107029/11666/19164/74006/52023/18104/56428/56716","55829/32/6097/54578/51094/64137/706/11182/7376/5027/23038/9572/84676/23352/254013/54361/5207/10162/9444/65018/219743/6720/8473/10196/5571/53632/150094/89/9611/405/10499/5166/26137/5743/1601/6774/51024/6721/6934/5562/2648/4790/160760/5255/2308/6714/225/9759/22933/2033/4199/7415/9373/5165/650/5515/5230/6615/51005/8850/64326/158219/33/7291/5499/3638/1642","GO:0062012","GO:0062012","regulation of small molecule metabolic process","regulation of small molecule metabolic process",-1.92766988842647,0.268592054962097,TRUE,FALSE,-2.60950966557779,2.60950966557779,"opposite direction"
"human KD vs control vs mouse KD vs control","GO_BP","GO:0006869","lipid transport","either",0.05,"opposite direction",-2.59279864836151,2.59279864836151,1.12075560330938,-1.47204304505213,0.521846037895828,0.00770668961916566,"70310/170460/20750/239273/71898/18828/26943/18442/11815/56520/20897/20525/16009/74114/223672/11520/22359/76205/17250/67452/19225/12257/224705/217262/11651/228983/246703/18779/12903/18777/107508/56745/16952/50771/12394/328370/26569/75909/233979/66350/23943/107368/16971/56491/30960/329015/11982/433256/214601/16179/79554/11421/28253/26420/75605/22333/114679/666173/26417/11666/69071/20524/20932/12306/18669/100273/18783/110611/320528/69863/218335/11303/50790/11609/18671/27410/18738/21333/13191/69106/65107/19299/235527/66508","2058/29881/57476/338/23200/11309/7436/10999/53919/8529/4792/4018/9218/57194/64137/10350/706/57540/9356/23461/80832/7376/440026/2806/65266/5027/5825/9854/9600/81537/5947/81037/114786/788/51083/57153/9066/10162/5025/55911/51305/26207/6293/114883/23074/23760/63924/25921/51703/10087/55187/79895/4864/6198/57047/157680/10347/5007/118987/23673/1119/7879/6342/5243/55207/4035/343702/10478/10499/128240/1601/51024/6721/21/4790/84162/376497/225/20/4481/55362/2181/55004/5321/11000/5306/27166/158219/5595/2167/374868/6696/10493","GO:0006869","GO:0006869","lipid transport","lipid transport",-2.11313213152885,0.282457609555187,TRUE,FALSE,-2.59279864836151,2.59279864836151,"opposite direction"
"human KD vs control vs mouse KD vs control","GO_BP","GO:0046890","regulation of lipid biosynthetic process","either",0.05,"opposite direction",-2.59219602236578,2.59219602236578,0.925536447057017,-1.66665957530876,0.81069474387656,0.011812181502179,"29817/12266/11567/67800/56453/71974/20787/19225/12257/11651/57875/235623/16952/15926/74370/231474/110196/56632/100198/11370/244373/26374/68041/433256","259230/64137/706/255919/7376/10524/23038/9572/23352/5443/9600/55294/54361/5580/10162/9444/5447/6720/10196/150094/23399/6342/427/5166/26137/5743/1601/6721/5562/21/4790/376497/225/20/22933/2181/9373/650/6615/8398/8850/64326/33/3638/718","GO:0046890","GO:0046890","regulation of lipid biosynthetic process","regulation of lipid biosynthetic process",-1.92766988842647,0.0911426427133342,TRUE,FALSE,-2.59219602236578,2.59219602236578,"opposite direction"
"human KD vs control vs mouse KD vs control","GO_BP","GO:0006110","regulation of glycolytic process","either",0.05,"opposite direction",-2.59066282500448,2.59066282500448,0.826252388135139,-1.76441043686934,0.894289761490843,0.044029911777368,"74747/66129/108155/74370/56327/50721/11820/208727/15937/19164/56428/56716/20779/56717/15251","11182/5027/84676/5207/8473/5571/53632/89/9611/405/26137/5562/6714/9759/2033/5515","GO:0006110","GO:0006110","regulation of glycolytic process","regulation of glycolytic process",-1.35625218473445,0.0485217413526864,TRUE,FALSE,-2.59066282500448,2.59066282500448,"opposite direction"
"human KD vs control vs mouse KD vs control","GO_BP","GO:0030811","regulation of nucleotide catabolic process","either",0.05,"opposite direction",-2.59066282500448,2.59066282500448,0.826252388135139,-1.76441043686934,0.894289761490843,0.044029911777368,"74747/66129/108155/74370/56327/50721/11820/208727/15937/19164/56428/56716/20779/56717/15251","11182/5027/84676/5207/8473/5571/53632/89/9611/405/26137/5562/6714/9759/2033/5515","GO:0030811","GO:0030811","regulation of nucleotide catabolic process","regulation of nucleotide catabolic process",-1.35625218473445,0.0485217413526864,TRUE,FALSE,-2.59066282500448,2.59066282500448,"opposite direction"
"human KD vs control vs mouse KD vs control","GO_BP","GO:0033121","regulation of purine nucleotide catabolic process","either",0.05,"opposite direction",-2.59066282500448,2.59066282500448,0.826252388135139,-1.76441043686934,0.894289761490843,0.044029911777368,"74747/66129/108155/74370/56327/50721/11820/208727/15937/19164/56428/56716/20779/56717/15251","11182/5027/84676/5207/8473/5571/53632/89/9611/405/26137/5562/6714/9759/2033/5515","GO:0033121","GO:0033121","regulation of purine nucleotide catabolic process","regulation of purine nucleotide catabolic process",-1.35625218473445,0.0485217413526864,TRUE,FALSE,-2.59066282500448,2.59066282500448,"opposite direction"
"human KD vs control vs mouse KD vs control","GO_BP","GO:0001822","kidney development","either",0.05,"opposite direction",-2.58719205503858,2.58719205503858,1.09038214360288,-1.4968099114357,0.584797297297297,0.027374617858698,"11475/20563/20317/20750/66725/14118/15903/18263/13003/20897/18186/12931/20846/12490/23892/218476/18764/241226/71228/22393/22601/11898/83675/319757/15902/231214/217011/16348/110446/382985/18595/18514/72938/14585/11421/75691/14082/21853/18073/18763/114249/21821/94275/22084/22339/16878/12028/11826/55978/72043/329628/18004/11600/20677/103213/16568/14633/11609/226548/109674/71785/14042/11746/266781/16416/18596/209039/14173/14462/12156","8452/5311/6608/2255/79191/4089/5159/9500/2668/1285/10736/6659/4086/4318/38/25836/153572/116039/4763/284/4643/2296/650/55959/5530/1499/403/84062/2263/5156/79192/120892/5176/9353/947/4311/59","GO:0001822","GO:0001822","kidney development","kidney development",-1.56265193472779,0.232994643183545,TRUE,FALSE,-2.58719205503858,2.58719205503858,"opposite direction"
"human KD vs control vs mouse KD vs control","GO_BP","GO:0022904","respiratory electron transport chain","either",0.05,"opposite direction",2.58248489114388,2.58248489114388,-0.656320434650701,1.92616445649318,0.999078986147952,0.00152586780747999,"268697/66576/12534/14466/20617/19017","4514/4513/4538/4512/4539/4535/4519/4540/54205/51142/4698/4710/1349/4537/4694/7388/1345/4725/25994/27089/4711/4536/1347/1337/126328","GO:0022904","GO:0022904","respiratory electron transport chain","respiratory electron transport chain",2.81648308955858,-0.000400175545612284,TRUE,FALSE,2.58248489114388,2.58248489114388,"opposite direction"
"human KD vs control vs mouse KD vs control","GO_BP","GO:0022900","electron transport chain","either",0.05,"opposite direction",2.57573810182906,2.57573810182906,-0.625377852530213,1.95036024929885,1,0.000726734573265292,"268697/66576/12534/14466/20617/19017","4514/4513/4538/4512/4539/4535/4519/4540/54205/51142/4698/4710/1349/4537/4694/7388/27158/1345/4725/25994/27089/4711/4536/1347/1337/126328/1716/4717/1534/4709/7386/4731/4726/790955/10202/6391","GO:0022900","GO:0022900","electron transport chain","electron transport chain",3.13862417843179,0,TRUE,FALSE,2.57573810182906,2.57573810182906,"opposite direction"
"human KD vs control vs mouse KD vs control","GO_BP","GO:0051546","keratinocyte migration","either",0.05,"opposite direction",-2.57298666825258,2.57298666825258,0.642346317255795,-1.93064035099678,0.966314704633398,0.0250470046073634,"14178","9922/382/9448/2255/4318/5728/83481/2252","GO:0051546","GO:0051546","keratinocyte migration","keratinocyte migration",-1.60124420433873,0.0148814116512151,TRUE,FALSE,-2.57298666825258,2.57298666825258,"opposite direction"
"human KD vs control vs mouse KD vs control","GO_BP","GO:0001707","mesoderm formation","either",0.05,"opposite direction",-2.56846227045373,2.56846227045373,0.783681626258523,-1.78478064419521,0.919765480525874,0.0432479511723628,"14609/24075/241226/15364/14043/50493/19084/11426/65960/233912/15227/12005","27245/6881/79971/10736/23135/9314/642658/2296/6615/2263/2138","GO:0001707","GO:0001707","mesoderm formation","mesoderm formation",-1.36403446197058,0.0363228938470549,TRUE,FALSE,-2.56846227045373,2.56846227045373,"opposite direction"
"human KD vs control vs mouse KD vs control","GO_BP","GO:0072001","renal system development","either",0.05,"opposite direction",-2.56722133413801,2.56722133413801,1.13423184879163,-1.43298948534638,0.526433382911808,0.0413316488308927,"11475/20563/20317/20750/66725/12826/14118/15903/18263/13003/20897/18186/12931/20846/12490/23892/218476/18764/241226/71228/22393/22601/11898/83675/319757/15902/76260/231214/217011/16348/110446/382985/18595/18514/72938/14585/11421/75691/14082/21853/18073/18763/114249/21821/94275/22084/22339/16878/12028/11826/55978/72043/329628/18004/11600/20677/13797/103213/15227/16568/14633/11609/226548/109674/71785","8452/5311/6608/9096/2255/79191/4089/5159/9500/2668/1285/10736/6659/4086/4318/38/25836/153572/116039/4763/284/4643/2296/650/55959/5530/1499/403/84062/2263/5156/79192/120892/5176/9353/947/4311/59","GO:0072001","GO:0072001","renal system development","renal system development",-1.38371726919507,0.278656578446733,TRUE,FALSE,-2.56722133413801,2.56722133413801,"opposite direction"
"human KD vs control vs mouse KD vs control","GO_BP","GO:0042770","signal transduction in response to DNA damage","either",0.05,"opposite direction",2.5578029831762,2.5578029831762,-0.999804952073971,1.55799803110223,0.722802016552208,0.032020425725755,"241627/53892/235559/15258/17096/208266/12534/381921/234734/76843/269582/19891/59092/208768/237877/12189/56190/17920/330177/12144/52679/12753/58801","754/1026/5591/29997/9656/51512/6672/144455/2305/5371/79968/835/8525/197342/9100/80279/29980/83695/55159/22925/960/6118/7158/5527/2177/51149/57805/54465/9894/672/4193/151636/6300/63967/3364/4683/440275/637/80185/84444/55367/595/4361/83990/79858/6591/8914/146956/27063/55702/641/51499/79184/5366/1112/80254/84142/90381/51776/84126/2074/11073/10459/27330/1017/580/10769/675/64844/9675/163859/5810/65975/200734/7157/1407","GO:0042770","GO:0042770","signal transduction in response to DNA damage","signal transduction in response to DNA damage",1.49457289824067,-0.140980644467117,TRUE,FALSE,2.5578029831762,2.5578029831762,"opposite direction"
"human KD vs control vs mouse KD vs control","GO_BP","GO:0051495","positive regulation of cytoskeleton organization","either",0.05,"opposite direction",2.54522600944322,2.54522600944322,-1.00226312429811,1.54296288514511,0.738252171215881,0.035636898836656,"75991/13835/13424/328572/50850/328108/214444/101706/14063/56431/56430/67384/320827/18645/66898/83767/76123/108100/20971/14219/245902/12389/64930/72776/14260/18479/20460/13614/211401/234686/22349/54141/75786/216963/18637/19303/65970/434204/11789/193740/27360/18008/18816/26401/14159/15511","1490/10602/2150/22998/3984/10174/5217/11135/10615/6422/55835/5879/9270/3304/23636/55755/6491/4088/5587/1906/7046/5829/10142/10763/10810/55971/123720/9647/220134/8829","GO:0051495","GO:0051495","positive regulation of cytoskeleton organization","positive regulation of cytoskeleton organization",1.44810009578912,-0.131795267091378,TRUE,FALSE,2.54522600944322,2.54522600944322,"opposite direction"
"human KD vs control vs mouse KD vs control","GO_BP","GO:0016052","carbohydrate catabolic process","either",0.05,"opposite direction",-2.54167189716212,2.54167189716212,1.08445144048914,-1.45722045667298,0.621539237257059,0.0457657304642201,"18641/243853/12833/14635/74747/22059/14751/102093/22601/74781/66129/11674/108155/52639/16828/54636/225913/74370/56327/50721/239017/72141/329015/72157/73744/53893/17160/105651/11820/19384/14433/13808/208727/15937/19164/16548/56428/56716/21991/20779","5232/441531/11182/5027/84676/3101/5313/5207/9821/8473/5571/2821/53632/79411/89/9611/178/405/55062/26137/2548/5562/2584/5255/6714/3098/9759/5236/2033/5515/5230/2026/5499/230/2027","GO:0016052","GO:0016052","carbohydrate catabolic process","carbohydrate catabolic process",-1.33945960149708,0.206531449506106,TRUE,FALSE,-2.54167189716212,2.54167189716212,"opposite direction"
"human KD vs control vs mouse KD vs control","GO_BP","GO:0032941","secretion by tissue","either",0.05,"opposite direction",-2.52890814707511,2.52890814707511,0.589368210660616,-1.93953993641449,0.991981647630537,0.0384446715919143,"18442/14609/17386/228355/18754/11826/103213/320840/53416/12847/13649/19217","5029/7376/4583/2255/362/1314/8673/5530/5731","GO:0032941","GO:0032941","secretion by tissue","secretion by tissue",-1.41516384464247,0.00349636252980886,TRUE,FALSE,-2.52890814707511,2.52890814707511,"opposite direction"
"human KD vs control vs mouse KD vs control","GO_BP","GO:0044772","mitotic cell cycle phase transition","either",0.05,"opposite direction",2.52719704896008,2.52719704896008,-1.03886274887201,1.48833430008807,0.609531570686949,0.0106123711420825,"238555/12914/20184/17420/107995/76499/57261/12237/78832/12704/24010/22410/270201/404710/14056/71375/72776/23834/67857/219114/52696/74841/20460/66197/17283/12566/20620/50927/53892/328440/226026/12235/59036/319651/268697/67333/235559/229841/18018/12545/12534/381921/67655/29861/269424/22390/76843/269582/19891/208768/11799/237877/11789/12428/18715/12189/11479/70385/18005/18712/330177/229776/52276/93695/16319/108000/18008/12144/52679/68501/71276/12236/12581","10460/894/2273/54908/1026/5591/6241/11130/29997/9787/54443/701/1956/3624/1021/1063/221150/23560/8379/586/332/91607/144455/147841/7508/57082/9833/7040/10783/55835/2305/55143/699/348654/26271/58493/9928/8525/5889/55755/10776/6491/8558/80279/284001/29980/27183/9319/55159/10763/79616/80174/7517/6790/8110/6118/55055/83540/990/220134/2068/51149/7272/57405/27338/54465/79027/9275/25959/672/23326/994/81853/1033/51339/5310/63967/3364/3275/11065/4683/25799","GO:0044772","GO:0044772","mitotic cell cycle phase transition","mitotic cell cycle phase transition",1.97418757002217,-0.215003795180881,TRUE,FALSE,2.52719704896008,2.52719704896008,"opposite direction"
"human KD vs control vs mouse KD vs control","GO_BP","GO:0000209","protein polyubiquitination","either",0.05,"opposite direction",-2.51842821037561,2.51842821037561,1.0518835397065,-1.46654467066911,0.65361439717373,0.02502310663187,"672511/20128/108089/209387/26903/209200/64685/70097/17999/66412/208650/24105/66053/76630/230784/15270/319236/11651/22628/66855/56174/70465/59008/52206/217069/75788/56736/78889/100763/69957/56791/50868/268373/671535/108660/76901/216080/59047/66799/210973/73945/76952/231600/217232/18104/23802/50883/103213/20821/93679/75717/12400/69459/17237/12005/387524/19720/52717/224170/272359/69010/212123/22129/17222/69104/21357/67128/26965/66894/65257/70348/18023/56550/109161/66105/22193/67664/18412/57438/76980/66743/229644/54601/667823","64127/7681/7174/865/23352/22980/10210/27246/23321/26191/64839/10393/55626/8452/8881/79084/10075/27339/51433/596/4012/1654/81603/23219/64682/84447/7321/29882/91947/8454/11060/9354/54926/389898/7322/89910/3429/84937/55585/7320/3093/9978/5295/6872/26272/149041/9520/23220/10277/51366/10273/8405/9320/9373/29945/267/1499/80351/11337/10612/54708/4734","GO:0000209","GO:0000209","protein polyubiquitination","protein polyubiquitination",-1.60165877340665,0.184678390159481,TRUE,FALSE,-2.51842821037561,2.51842821037561,"opposite direction"
"human KD vs control vs mouse KD vs control","GO_BP","GO:0120161","regulation of cold-induced thermogenesis","either",0.05,"opposite direction",-2.51177898634692,2.51177898634692,0.948051431670417,-1.5637275546765,0.788450941260574,0.031606531512667,"16775/17150/15901/14194/14609/231507/19664/56636/67460/67299/224860/20852/108155/15499/50721/68614/16819/94187/19645/18618/21898/23794/11865/70673/22339/11911/20586/15107/13371/12608","1649/83401/3596/51094/7422/7376/9572/57561/6868/9444/8473/1051/4012/155/8841/4898/89/55818/324/23135/79071/3226/51043/3717/10912/7480/2628/23228/7067/33/3516/2167/85440","GO:0120161","GO:0120161","regulation of cold-induced thermogenesis","regulation of cold-induced thermogenesis",-1.50022316083739,0.103225324025191,TRUE,FALSE,-2.51177898634692,2.51177898634692,"opposite direction"
"human KD vs control vs mouse KD vs control","GO_BP","GO:0032868","response to insulin","either",0.05,"opposite direction",-2.50511146402351,2.50511146402351,0.974467374150234,-1.53064408987328,0.772563114268051,0.0190484679528693,"74551/12870/12842/74155/12833/67996/72114/20525/18576/13685/20787/230784/14158/13631/11651/14870/22628/20383/107508/235623/108155/74142/79221/26569/20430/67389/29815/69719/18795/228869/26395/12702/15461/14629/19645/20416/210973/26417/22084/16548/66515/17975/18706/15925/20779/20913/17913/15107/227743/320528/231672/50915/20104/18709/14281/20588/56717/67856","5584/139596/3265/9663/51083/5313/5580/8452/51141/6720/8473/5058/4218/645/6198/2931/10890/9820/81565/324/1176/10499/5791/5166/2690/4303/23371/5562/9978/80318/10014/2308/3645/376497/54206/6430/5295/143686/51043/10458/5290/4644/55667/3416/8850/5595/3625/3638/5140","GO:0032868","GO:0032868","response to insulin","response to insulin",-1.7201399484068,0.112066030921016,TRUE,FALSE,-2.50511146402351,2.50511146402351,"opposite direction"
"human KD vs control vs mouse KD vs control","GO_BP","GO:0006302","double-strand break repair","either",0.05,"opposite direction",2.50489019517013,2.50489019517013,-0.890596930240237,1.61429326492989,0.938989012766215,0.00256214641383442,"71711/233826/229584/93765/214763/12914/54380/20184/54125/71988/72931/52864/14050/240087/21975/72836/232210/22592/16905/18968/107932/11596/226026/20422/103537/235559/12545/29861/78610/77782/213389/320678/19891/67849/14048/16969/211978/12189/59004/191578/12144/17217/68501/56196/226151/17215/57321/117599","2547/29128/7520/5591/64710/1663/64110/142/84515/9907/56776/9401/5965/165918/2305/5371/348654/113130/58493/5889/197342/65980/8091/22909/55183/9319/54386/83695/55159/1387/4173/63979/84717/11284/7517/8110/6118/2237/79728/7158/7468/2177/78996/10038/7516/51149/2067/51567/2073/7486/9275/1763/672/23514/10635/84464/10933/54537/151636/25913/55317/27336/6119/3364/177/56160/55775/4683/10097/115004/4361/83990/4796/8914/146956/641/158880/84296/605/51659/79184/56893/9400/10856/7156/5892/5932/84142/64858/7515/6419/10721/51588/2187/286257/27434/29117/23126/84126/2074/11073/116028/10459/4174/317761/55929/79173/9985/4176/284071/55218/675/64769/25900/5893/1161/254225/8193/126549","GO:0006302","GO:0006302","double-strand break repair","double-strand break repair",2.59139605612783,-0.0273394894409404,TRUE,FALSE,2.50489019517013,2.50489019517013,"opposite direction"
"human KD vs control vs mouse KD vs control","GO_BP","GO:0045580","regulation of T cell differentiation","either",0.05,"opposite direction",-2.49680195720011,2.49680195720011,0.920864880354093,-1.57593707684602,0.832736447119445,0.0277956031768307,"16859/20587/72057/66923/16453/16923/16950/107527/16952/12394/13866/13655/68094/11461/14534/81601/14000/20667/16852/20586/67155/20677/21813/11350/16818/211651/12400/20588/56468/12479/21672/16189/22433/14462/83797/12703","5914/2625/11006/3594/64410/51412/8651/25/6604/5699/10538/84695/942/5692/7535/3071/6599/6647/5687/3561/2302/3574/55193/64332/10524/5690/865/338567/5685/5684/55626/301/8546/55274/3726/3549/3659/6659/3718/6601/5689/23240/2648/6776/51043/149041/5686/2033/3956/5691/3135/27166/11221/196528","GO:0045580","GO:0045580","regulation of T cell differentiation","regulation of T cell differentiation",-1.55602389714163,0.0794924267714429,TRUE,FALSE,-2.49680195720011,2.49680195720011,"opposite direction"
"human KD vs control vs mouse KD vs control","GO_BP","GO:0009100","glycoprotein metabolic process","either",0.05,"opposite direction",-2.48680966626182,2.48680966626182,1.51971875071352,-0.967090915548299,0.0180941383678868,0.752493197636836,"243853/53618/18553/19288/244745/66059/16453/268880/66248/234356/12167/234407/72050/68273/83398/381694/54616/13478/52120/12499/17158/224143/140484/20443/102580/109901/97440/108155/70551/381903/74653/217734/97884/217664/59287/195646/328370/20444/68304/53614/54128/18795/14043/27029/14733/59007/218989/239337/13039/20442/215015/27419/50762/76898/57357/17160/66357/14376/50917/73068/15442/80286/320438/110006/14426/15931/76483/72136/56321/231050/19164/232313/117592/14538/216395/76025/72043/100910/57783/11600/11881/15476/73836/319901/12814/208211/15251/14345/69080/14042/212996/331026/233781/20448/70827/70484/239528/140481/17308/21982/12156/14241/12091/50786/14423/59031/22235/14425/57377/53627/13617/13618/75847/171212/72297/15932/15531/246179/11593/380959/16432/212898/20652/240725/233733/66789","342897/91949/102/54344/80267/56983/11041/144245/4121/8706/4669/30815/55741/8473/6484/51363/4864/10347/3703/84447/4122/9957/3073/2817/9695/6483/175/6934/3718/9445/538/56886/7358/9215/10565/20/50515/11236/57134/284/92370/746/27161/9507/55959/267/1499/727936/9528/4248/64083","GO:0009100","GO:0009100","glycoprotein metabolic process","glycoprotein metabolic process",-0.123497421637293,1.74246209290846,FALSE,TRUE,-2.48680966626182,2.48680966626182,"opposite direction"
"human KD vs control vs mouse KD vs control","GO_BP","GO:0034976","response to endoplasmic reticulum stress","either",0.05,"opposite direction",-2.48612968933466,2.48612968933466,1.07022041525473,-1.41590927407993,0.620738221316256,0.0452423953064102,"66725/16145/50527/26943/66940/56709/69065/22059/12915/224045/20856/12048/230784/12364/22393/14084/13629/217365/11651/19106/67106/230249/52377/80280/108159/70551/217069/26408/66861/52552/77006/12443/66753/53313/74777/244373/56491/76892/14950/50762/108954/11820/216157/226090/208643/56321/70231/18024/11993/28088/74006/12028/107607/23802/17872/11911/11350/75717/12608/66530/231571/18709/75565/63913/66795/66155/208884/67089","51608/51136/25/54546/51439/64714/51465/8720/23190/2923/26003/10299/4189/51035/201595/54870/246/54431/23071/10525/81502/387923/5034/91319/57003/79089/9709/55829/1649/27230/23392/7376/4690/342897/79956/80267/10952/7917/10595/153222/54788/581/4121/10162/29761/55741/488/7873/1051/596/487/1654/10130/10347/84447/7184/9354/4780/9695/6774/51024/9601/10987/9131/5295/1080/10869/79139/10277/11236/29978/57134/51493/10273/58515/7415/746/2081/267/79668/9063/3708/120892","GO:0034976","GO:0034976","response to endoplasmic reticulum stress","response to endoplasmic reticulum stress",-1.34445440991771,0.20709151255614,TRUE,FALSE,-2.48612968933466,2.48612968933466,"opposite direction"
"human KD vs control vs mouse KD vs control","GO_BP","GO:0016042","lipid catabolic process","either",0.05,"opposite direction",-2.48530004402375,2.48530004402375,1.05652245955416,-1.42877758446959,0.652612488626722,0.0255093423311402,"12870/20750/27226/66253/54447/67732/18576/74114/51798/11409/230784/216188/67452/56636/211666/67460/18798/11651/66885/66904/18634/18476/15926/15108/193742/231086/68917/113868/26569/66350/171210/18805/93747/11370/16922/18795/50721/23986/110842/110446/433256/27419/57357/26378/18472/52538/17117","374569/215/391013/51542/1376/3991/2171/4051/55289/64064/5050/27293/9784/6783/137872/3667/1066/2629/345557/56624/11332/285362/5049/5332/8529/32/23236/5048/66002/30/375775/283748/5825/63874/1384/81537/2717/55268/3028/142910/9663/254013/5580/8879/7533/219743/27163/123745/7920/5331/63924/155/222/2109/5333/26090/7879/6342/11145/10478/3073/427/51/5562/38/150/2517/225/8611/8630/22933/2110/284161/84696/5321/35/57016/8398/33/7291/2167/5140/5168/5019/6696","GO:0016042","GO:0016042","lipid catabolic process","lipid catabolic process",-1.59330073800482,0.185344619653605,TRUE,FALSE,-2.48530004402375,2.48530004402375,"opposite direction"
"human KD vs control vs mouse KD vs control","GO_BP","GO:0048545","response to steroid hormone","either",0.05,"opposite direction",-2.48462857785419,2.48462857785419,1.04371838640937,-1.44091019144482,0.671498654155467,0.0248605866543334,"74551/12842/20317/20564/74155/22337/20750/243853/74747/77889/13685/17999/14751/20787/17250/15364/12257/22601/14870/11898/19777/18491/16948/16952/15926/20855/56736/77006/113868/12443/20182/69719/26395/13039/17025/59035/19384/28253/93686/11835/67040/21372/19183/13207/11865/13123/11826/70315/108655/18706/20779/20586","54578/3065/23558/8013/7110/10002/476/706/6258/687/2950/149563/9572/84676/8085/6663/8284/29966/5447/7533/5187/6720/1843/5058/301/3169/2821/8841/2931/3726/10521/9611/55818/178/23019/1601/2690/6934/21/678/2099/498/5931/6714/54206/9131/8611/10628/7043/6872/20/3717/5290/10424/2033/3417/51366/8626/55823/57658/9063/4734/5176/6696/9353","GO:0048545","GO:0048545","response to steroid hormone","response to steroid hormone",-1.60448862719342,0.172954853424812,TRUE,FALSE,-2.48462857785419,2.48462857785419,"opposite direction"
"human KD vs control vs mouse KD vs control","GO_BP","GO:0046631","alpha-beta T cell activation","either",0.05,"opposite direction",-2.48235276773888,2.48235276773888,0.913684120961502,-1.56866864677738,0.83944824233929,0.0276376164958298,"16859/15944/16145/93694/16453/208650/16950/17250/15216/66592/20852/16952/12394/19934/13039/58185/21898/65960/108655/16852/103743/233912/60533/21813/11350/12608/16818/12400/56468/56717/12479/230979/16189/14462/12703/16452/54721/16193/21803","3932/5914/2625/11006/3594/64410/8651/284194/3965/27086/5699/10538/84695/942/5692/60437/3071/5687/4609/4297/975/6097/3716/29110/64332/5690/865/6693/338567/7917/3958/64218/5685/5684/4221/8807/57045/301/1051/8546/3726/3549/3659/4063/6774/3718/5689/6776/538/1386/5295/51043/149041/5686/3717/2033/3956/5691","GO:0046631","GO:0046631","alpha-beta T cell activation","alpha-beta T cell activation",-1.55849941380665,0.0760060758920917,TRUE,FALSE,-2.48235276773888,2.48235276773888,"opposite direction"
"human KD vs control vs mouse KD vs control","GO_BP","GO:0106106","cold-induced thermogenesis","either",0.05,"opposite direction",-2.48151611654184,2.48151611654184,0.939633178261403,-1.54188293828044,0.804456540825285,0.042127487022192,"16775/17150/15901/14194/14609/231507/19664/56636/67460/67299/224860/20852/108155/15499/50721/68614/16819/94187/19645/18618/21898/23794/11865/70673/22339/11911/20586/15107/13371/12608","1649/83401/3596/51094/7422/7376/9572/57561/6868/9444/8473/1051/4012/155/8841/4898/89/55818/324/23135/79071/3226/51043/3717/10912/7480/2628/23228/7067/33/3516/2167/85440","GO:0106106","GO:0106106","cold-induced thermogenesis","cold-induced thermogenesis",-1.37543444652104,0.0944974128322917,TRUE,FALSE,-2.48151611654184,2.48151611654184,"opposite direction"
"human KD vs control vs mouse KD vs control","GO_BP","GO:0021700","developmental maturation","either",0.05,"opposite direction",-2.47668584325921,2.47668584325921,0.863595531517182,-1.61309031174203,0.921331197335196,0.0059135737015185,"20563/12266/66725/14178/23859/13874/20112/14381/14609/19664/20361/20615/23892/12286/234549/73181/26362/19336/21827/15529/241846/53321/68404/215008/15902/12394/18643/28114/14682/53614/100121/80752/18795/83453/239337/11767/22631/19645/11820/69716","7422/84530/55027/4882/10159/2046/6261/9550/163175/9296/23424/51083/9463/27289/9114/164/494551/65009/29882/89/81609/537/1901/50617/55737/123041/6496/23774/535/6812/51606/1080/528/22933/347688/51299/162466/27161/650/1499/1600/5728/1605/57731/718/120892/523/9897/2252","GO:0021700","GO:0021700","developmental maturation","developmental maturation",-2.22814998615944,0.0355842228770672,TRUE,FALSE,-2.47668584325921,2.47668584325921,"opposite direction"
"human KD vs control vs mouse KD vs control","GO_BP","GO:0008202","steroid metabolic process","either",0.05,"opposite direction",-2.4694399566229,2.4694399566229,1.07984037749981,-1.38959957912309,0.609969222534458,0.0390000912527348,"29817/74155/20750/67800/56453/11535/56348/106529/14381/72017/20787/22359/12167/17250/12257/11651/235623/15108/18194/68917/113868/231474/110196/100198/241452/11370/16971/244373/76524/58520/17855/28200/18595/18514/109754/17117/11820/56316","7421/3069/3837/4036/116519/1595/9971/1585/8435/6716/114876/8720/570/3991/10299/6770/3284/2224/9784/54577/6783/51700/1066/2629/5469/29881/338/7436/51144/6097/54578/9420/64137/706/57540/30/23461/5825/9572/5443/441282/3028/3293/51083/54361/10162/9444/5447/7533/55911/51141/866/6720/90809/4779/114883/5087/4864/3156/5007/79154/10170/6342/7923/427/80270/7108/1601/6721/4598/5562/4790/50814/8630/20/51706/47/3157/10273/6713/650/6615/158219/33/3638/6696","GO:0008202","GO:0008202","steroid metabolic process","steroid metabolic process",-1.40893437680651,0.214692077809996,TRUE,FALSE,-2.4694399566229,2.4694399566229,"opposite direction"
"human KD vs control vs mouse KD vs control","GO_BP","GO:0035825","homologous recombination","either",0.05,"opposite direction",2.4685080572381,2.4685080572381,-0.630746822870583,1.83776123436752,0.991981647630537,0.010871286199028,"74666/71711/20892/52864/235559/213389/12189","29128/64710/201254/5889/197342/57820/285498/9319/63979/2177/672/10635/84464/4683/4439/4361/83990/146956/79703/5892/5932/11073/317761/580/79173/9985/7153/126549/29893/80198","GO:0035825","GO:0035825","homologous recombination","homologous recombination",1.96371907080833,-0.00349636252980886,TRUE,FALSE,2.4685080572381,2.4685080572381,"opposite direction"
"human KD vs control vs mouse KD vs control","GO_BP","GO:0016051","carbohydrate biosynthetic process","either",0.05,"opposite direction",-2.46562014838105,2.46562014838105,0.931188156750286,-1.53443199163076,0.832736447119445,0.0358627956082305,"74551/108682/67800/68401/14873/14381/110208/14936/14751/230784/67863/11651/20443/13194/108155/217664/20444/67389/18113/77590/50721/14043/72157","8706/7360/5207/30815/8473/4191/5571/6484/51363/2821/53632/150094/2931/178/6483/6934/8402/2648/4790/2308/5236/50515/2033/1213/5230/2026/5091/5499/230/1642/2027","GO:0016051","GO:0016051","carbohydrate biosynthetic process","carbohydrate biosynthetic process",-1.44535585894827,0.0794924267714429,TRUE,FALSE,-2.46562014838105,2.46562014838105,"opposite direction"
"human KD vs control vs mouse KD vs control","GO_BP","GO:0016055","Wnt signaling pathway","either",0.05,"opposite direction",-2.45110637078522,2.45110637078522,0.966509981195435,-1.48459638958979,0.78632435068885,0.00268783456600882,"672511/12842/66725/14362/12833/21804/20356/229534/19664/72114/16600/23892/78560/18764/15364/14694/69217/76425/67916/73181/22601/26385/24088/20174/109901/23988/83675/13194/16469/18647/57810/70823/20439/56736/21983/14682/72357/56811/103236/235542/12443/217011/16348/53614/16971/67974/56515/16543/11820/21886/76281/233328/14368/18763/13726/432940/100503572/50523/11426/11865/19164/227210/22084/232334/23802/381259/55978/72043/20779/20586/103743/80707/20677/629378/11350","607/65125/6907/388336/5523/85407/5218/6663/23499/147111/25876/1460/8796/4772/57599/7088/54361/128272/7475/5311/9096/139285/23002/283149/25806/29959/90268/4929/4089/7484/166/84445/1500/8840/1456/1654/5204/2931/8321/55206/5495/9736/5494/1455/7184/79971/4035/2011/6659/324/1363/7855/79960/64854/6657/55737/7483/1601/9314/7320/6934/5562/55031/26959/23240/4790/4920/9978/8324/2870/2033/51366/122011/7480/6259/79705/7415/6788/650/55959/5515/267/1499/6615/57658/4040/80351/80326/4300/2263/50937/4856/5499/5916/120892","GO:0016055","GO:0016055","Wnt signaling pathway","Wnt signaling pathway",-2.57059746526126,0.104398275006446,TRUE,FALSE,-2.45110637078522,2.45110637078522,"opposite direction"
"human KD vs control vs mouse KD vs control","GO_BP","GO:0072538","T-helper 17 type immune response","either",0.05,"opposite direction",-2.45088949065903,2.45088949065903,0.757259028774087,-1.69363046188494,0.932490868239045,0.0430714650901543,"214855/16453/16950","5699/10538/84695/5692/5687/6097/3716/64332/5690/5685/5684/3726/4063/6774/3718/5689/6776/149041/5686/2033/3956/5691","GO:0072538","GO:0072538","T-helper 17 type immune response","T-helper 17 type immune response",-1.36581035531547,0.0303554124874371,TRUE,FALSE,-2.45088949065903,2.45088949065903,"opposite direction"
"human KD vs control vs mouse KD vs control","GO_BP","GO:0018126","protein hydroxylation","either",0.05,"opposite direction",-2.44646681900458,2.44646681900458,1.95209325148118,-0.494373567523398,0.0242887945400043,0.997350086556744,"14789/50527/56693/18451/210530/112406/18822/104799/14230/66180/65973/53381","23210","GO:0018126","GO:0018126","protein hydroxylation","protein hydroxylation",-0.00115237030193231,1.61459403882251,FALSE,TRUE,-2.44646681900458,2.44646681900458,"opposite direction"
"human KD vs control vs mouse KD vs control","GO_BP","GO:0009306","protein secretion","either",0.05,"opposite direction",-2.44433358363711,2.44433358363711,1.08247597579808,-1.36185760783903,0.585489020139963,0.0430714650901543,"74551/18641/12361/192185/19275/69146/18555/14609/338320/12931/109552/20615/18576/20787/19056/381694/192236/14661/24088/52377/11674/19326/241296/80976/54160/16952/272538/74370/14682/52906/66294/74998/67389/67623/16971/50721/268373/12288/269951/58185/78894/279766/52055/215999/18472/19376/20909/73068/67267/105638/11845/110006/21898/17386/228355/18754/76483/11865/74006/13640/67510/66074/20913/15107/20677/54161/14672/102607/11303/50790/320840/68667","406/25924/23607/5715/374969/51738/1595/5950/23409/9971/6717/389692/10815/6833/6927/116534/4547/6865/4988/5551/3667/8609/2778/7021/9498/6352/3418/111/5532/3596/54097/379/7376/64332/65220/9572/5568/9854/382/818/5864/5481/51083/9066/9463/23557/399687/5127/164/322/3156/6558/780776/25930/5007/2775/50855/84300/79971/10411/6659/64693/27236/6810/57555/55737/9601/6934/26958/150/54857/51714/2308/7043/65985/84976/3717/1174/746/8398/4856/3625/64083/5019","GO:0009306","GO:0009306","protein secretion","protein secretion",-1.36581035531547,0.232481244976483,TRUE,FALSE,-2.44433358363711,2.44433358363711,"opposite direction"
"human KD vs control vs mouse KD vs control","GO_BP","GO:0060828","regulation of canonical Wnt signaling pathway","either",0.05,"opposite direction",-2.44383473898767,2.44383473898767,0.90770615373169,-1.53612858525598,0.859193702992872,0.0147768719079352,"12842/66725/14362/20356/19664/72114/23892/78560/69217/76425/22601/20174/23988/83675/16469/18647/57810/20439/56736/21983/14682/56811/103236/235542/217011/16348/53614/67974/11820/21886/233328/14368/13726/432940/50523/11865/19164/227210/23802/55978/72043/20779/20677/629378","65125/6907/388336/5523/85407/5218/6663/147111/8796/57599/7088/9096/139285/29959/90268/4089/166/84445/1456/1654/5204/2931/55206/5495/9736/5494/1455/79971/6659/324/79960/64854/6657/55737/1601/7320/6934/55031/23240/4790/9978/8324/51366/122011/79705/7415/6788/650/5515/267/1499/80351/4300/2263/50937/5499/120892","GO:0060828","GO:0060828","regulation of canonical Wnt signaling pathway","regulation of canonical Wnt signaling pathway",-1.83041749130677,0.0659089145652245,TRUE,FALSE,-2.44383473898767,2.44383473898767,"opposite direction"
"human KD vs control vs mouse KD vs control","GO_BP","GO:1990778","protein localization to cell periphery","either",0.05,"opposite direction",-2.41300159370955,2.41300159370955,0.978994298065805,-1.43400729564375,0.760387080383847,0.0183462957252718,"13731/74513/74155/19092/12361/23859/56089/66811/110695/50918/53413/17387/11733/14251/26425/12048/12568/66053/230784/233575/14694/11651/192176/21937/18777/108155/76260/75788/13866/107589/69035/21983/74998/16971/50721/232086/76688/106039/69660/26395/15461/11461/19376/109676/53330/76740/20909/67378/11835/11845/226791/208643/56294/13821/107975/110379/100503572/108058/109905/11426/11735/22084","65266/288/2319/102/65125/382/3958/818/23499/5584/79156/3265/7871/483/8473/4218/81693/2013/115548/8546/25921/60412/353116/408/4323/10890/5906/7879/8878/7184/6342/10268/4035/537/22908/817/10938/6810/55737/1601/1020/23167/5562/6281/2035/23096/54857/6812/5295/20/4644/55667/2181/23136/1213/5593/8673/129303/9528/403/4040/84062/26088/11337/5525/1605/342667/64083/57731/784/27065","GO:1990778","GO:1990778","protein localization to cell periphery","protein localization to cell periphery",-1.73645161034774,0.118965270772495,TRUE,FALSE,-2.41300159370955,2.41300159370955,"opposite direction"
"human KD vs control vs mouse KD vs control","GO_BP","GO:1903532","positive regulation of secretion by cell","either",0.05,"opposite direction",-2.38944947101476,2.38944947101476,0.953565626792522,-1.43588384422224,0.804456540825285,0.047065257810891,"74551/22337/20750/12361/192185/18442/14609/22088/19056/12048/12568/14661/68943/15216/24088/11674/241296/56745/12394/68585/14682/20315/56632/67389/67623/16971/50721/268373/12288/78894/215999/19376/26420/20909/104886/73068/11845/21898/17386/18754/74006/13640/16878/12306/66214","22895/7376/65220/9525/5568/9854/5443/6532/382/5864/5481/51083/9066/5025/3623/134957/399687/164/322/6558/2668/25930/5007/10015/7251/50855/7879/79971/10411/6659/6810/57555/55737/1601/3134/6934/6281/6812/51714/7043/65985/3717/8723/6387/650/9367/8673/5530/8398/84062/3625/64083/5019/6696","GO:1903532","GO:1903532","positive regulation of secretion by cell","positive regulation of secretion by cell",-1.32729955802045,0.0944974128322917,TRUE,FALSE,-2.38944947101476,2.38944947101476,"opposite direction"
"human KD vs control vs mouse KD vs control","GO_BP","GO:0051047","positive regulation of secretion","either",0.05,"opposite direction",-2.36244410980622,2.36244410980622,0.938108762063656,-1.42433534774256,0.819531350850638,0.0331732950264902,"74551/22337/20750/12361/192185/18442/14609/22088/19056/12048/12568/14661/68943/15216/24088/18779/11674/241296/56745/12394/68585/14682/20315/56632/67389/67623/16971/50721/268373/12288/78894/215999/19376/26420/20909/104886/73068/11845/21898/17386/18754/74006/13640/16878/11826/12306/66214","7376/65220/9525/5568/9854/5443/6532/382/5864/5481/51083/9066/5025/3623/134957/399687/164/322/6558/2668/25930/5007/10015/7251/50855/7879/79971/10411/6659/6810/57555/4881/55737/1601/3134/6934/6281/6812/51714/7043/65985/3717/2181/8723/6387/650/9367/8673/5530/8398/84062/3625/64083/5019/6696","GO:0051047","GO:0051047","positive regulation of secretion","positive regulation of secretion",-1.47921138887393,0.0864344280104999,TRUE,FALSE,-2.36244410980622,2.36244410980622,"opposite direction"
"human KD vs control vs mouse KD vs control","GO_BP","GO:0030003","intracellular monoatomic cation homeostasis","either",0.05,"opposite direction",-2.34205121200403,2.34205121200403,0.954541852200377,-1.38750935980365,0.804836231226802,0.0384347603270195,"26570/12870/20512/22337/20750/66725/74051/18442/72844/29876/20615/12286/20856/94249/18764/26425/12568/17750/331004/14319/192236/22393/12176/17357/15216/66592/228983/68514/11306/17134/19165/72392/70551/20855/233979/53313/107368/56491/76524/12288/16819/14806/65973/109108/215999/109676/11820/66162/170759/269356/18754/20536/108058/26417/19164","4609/57003/3270/9498/4494/506/169200/51463/84068/6352/9709/9256/490/9497/480/84239/645745/80762/476/53822/796/64699/10159/54822/6261/1991/9550/6355/9296/27020/4490/22/581/148867/23335/64924/26234/57468/57192/7531/54583/483/9114/488/4089/3162/596/487/285195/6558/4499/9914/1657/118987/7879/8454/537/23545/492/817/3759/4086/50617/28952/10367/123041/535/57419/538/7178/9978/51027/533/5910/51606/1080/10539/4891/1356/4501/58515/6387/650/91689/3708/79734/120892/523/10312","GO:0030003","GO:0030003","intracellular monoatomic cation homeostasis","intracellular monoatomic cation homeostasis",-1.41527582277677,0.0942924812596979,TRUE,FALSE,-2.34205121200403,2.34205121200403,"opposite direction"
"human KD vs control vs mouse KD vs control","GO_BP","GO:0006873","intracellular monoatomic ion homeostasis","either",0.05,"opposite direction",-2.31165124844591,2.31165124844591,0.933829462763187,-1.37782178568272,0.833539659028661,0.0379607741291378,"26570/12870/20512/22337/20750/66725/74051/18442/72844/29876/20615/12286/20856/94249/18764/26425/12568/17750/331004/14319/192236/22393/12176/17357/15216/66592/228983/68514/11306/17134/19165/72392/70551/20855/233979/53313/107368/56491/76524/12288/16819/14806/65973/109108/215999/109676/11820/66162/170759/269356/18754/20536/108058/26417/19164","6508/375/212/51542/9772/391059/286133/3916/477/9562/1258/6647/11261/5349/94033/5029/4609/57003/3270/9498/4494/506/169200/51463/84068/6352/9709/9256/490/9497/480/84239/645745/80762/476/53822/796/64699/10159/65266/54822/6261/1991/9550/6355/9296/27020/4490/22/581/148867/23335/64924/26234/57468/57192/7531/54583/483/9114/488/4089/3162/596/487/285195/6558/4499/9914/1657/118987/7879/8454/537/23545/492/817/3759/4086/50617/28952/10367/123041/535/57419/538/7178/9978/51027/533/5910/51606/1080/10539/4891/1356/4501/58515/6387/650/91689/3708/79734/120892/523/10312","GO:0006873","GO:0006873","intracellular monoatomic ion homeostasis","intracellular monoatomic ion homeostasis",-1.42066493964346,0.0790737320236723,TRUE,FALSE,-2.31165124844591,2.31165124844591,"opposite direction"
"human KD vs control vs mouse KD vs control","GO_BP","GO:0016311","dephosphorylation","either",0.05,"opposite direction",-2.301961780375,2.301961780375,0.759438683986716,-1.54252309638828,0.972099891355909,0.0326954620642581,"227292/75219/71910/16330/50784/19056/67916/19777/67603/320634/80280/50773/67905/19057/17772/240672/19263/56294/52468/105663/20975/20779/13537/56420/74411/64436/19249/56318/209039/19252/12156/19248/100503670/19054/19043/14049","79948/55613/8898/55917/3633/248/132160/11261/9150/5778/11122/1847/6305/7179/8897/78986/1852/5532/5803/84867/5523/81537/27071/26191/1843/90809/5495/23399/5802/5494/22908/5791/5777/23371/150290/55529/9896/6714/8611/5501/9110/58190/650/5530/5515/5728/11221/5499","GO:0016311","GO:0016311","dephosphorylation","dephosphorylation",-1.48551252064899,0.0122891054074288,TRUE,FALSE,-2.301961780375,2.301961780375,"opposite direction"
"human KD vs control vs mouse KD vs control","GO_BP","GO:0030098","lymphocyte differentiation","either",0.05,"opposite direction",-2.29384268033677,2.29384268033677,0.846461449398715,-1.44738123093805,0.942361051876308,0.0248605866543334,"16859/20587/16145/16391/72057/66923/19664/18030/17387/16453/19056/21974/16923/16950/56048/21423/26362/224860/11740/241296/20852/107527/15902/16952/12394/13866/79221/107568/77006/13655/14375/19934/101142/68094/13039/58185/20442/18514/11461/14082/16157/75974/14534/81601/70673/12611/14000/12028/108655/20667/16852/223601/20586/103743/67155/233912/20677/21813/103213/11350/20104/16818/211651/12400/20588/56468/68137/56717","65992/5914/930/4853/2625/11006/3594/64410/51412/8651/56833/80758/25/27086/6604/5699/222487/10538/84695/942/5692/677/7535/4189/3071/6599/9730/6647/4242/5687/5450/5971/7805/4297/51463/11035/6097/3561/3716/2302/29110/96459/3574/55193/64332/10524/5690/865/6693/338567/10320/64218/5685/5684/26191/4221/6868/55626/8807/221037/3623/301/23529/8546/55274/5087/11143/3726/3549/4323/84447/29760/3398/4780/3659/6659/2185/4063/6774/3718/6601/5689/23240/678/2648/6776/538/1386/10014/5295/9759/51043/149041/5686/139818/2033/3956/4775/5691/3135/27166/7412/11221/196528","GO:0030098","GO:0030098","lymphocyte differentiation","lymphocyte differentiation",-1.60448862719342,0.0257826717343353,TRUE,FALSE,-2.29384268033677,2.29384268033677,"opposite direction"
"human KD vs control vs mouse KD vs control","GO_BP","GO:0006123","mitochondrial electron transport, cytochrome c to oxygen","either",0.05,"shared positive",1.50586283423899,1.50586283423899,0.651357260751169,2.15722009499016,0.959202870541716,0.000956636635330551,"12862/20463/66142/17710/12867/12861/12857/13063/12858/12868/12865/12866/12859","4514/4513/4512/54205/1349/1345/1347/1337","GO:0006123","GO:0006123","mitochondrial electron transport, cytochrome c to oxygen","mitochondrial electron transport, cytochrome c to oxygen",3.01925299141592,0.0180895302234676,TRUE,FALSE,1.50586283423899,1.50586283423899,"shared positive"
"human KD vs control vs mouse KD vs control","GO_BP","GO:0035458","cellular response to interferon-beta","either",0.05,"shared positive",-1.5042226498751,1.5042226498751,2.70660721712872,1.20238456725362,7.41857142857143e-08,0.49694018751627,"55932/15944/15959/246730/15951/54396/60440/15957/15950/381308/100040462/229900/16145/236312/15953/14469/23960/102639543/20846/80876/240327/226691/100039796/226695/23961/71701/21822/64704/100033459","57506/3428/3454/7327/87178/117854/6772/3455/51079","GO:0035458","GO:0035458","cellular response to interferon-beta","cellular response to interferon-beta",0.303695880471577,7.1296797174192,FALSE,TRUE,-1.5042226498751,1.5042226498751,"shared positive"
"human KD vs control vs mouse KD vs control","GO_BP","GO:0035456","response to interferon-beta","either",0.05,"shared positive",-1.37938812468025,1.37938812468025,2.76677701626975,1.3873888915895,7.41857142857143e-08,0.320830505636298,"55932/66141/15944/15959/246730/15951/54396/60440/15957/15950/381308/100040462/69550/327959/229900/16145/236312/15953/14469/23960/102639543/20846/80876/240327/226691/213002/100039796/226695/23961/71701/21822/64704/100033459/68713/240328","10410/57506/3428/3454/5359/7327/87178/117854/6772/3455/51079","GO:0035456","GO:0035456","response to interferon-beta","response to interferon-beta",0.493724344254337,7.1296797174192,FALSE,TRUE,-1.37938812468025,1.37938812468025,"shared positive"
"human KD vs control vs mouse KD vs control","GO_BP","GO:0031167","rRNA methylation","either",0.05,"shared positive",1.33876376916109,1.33876376916109,0.484127754779061,1.82289152394015,0.996936998714513,0.0277956031768307,"72181/66138/67674/56095/66254/14791/224481/75422","29960/51504/114049/51490/55695/64216/55006/79979/196074/79922/79066/10528/55178/29081","GO:0031167","GO:0031167","rRNA methylation","rRNA methylation",1.55602389714163,0.00133228599643079,TRUE,FALSE,1.33876376916109,1.33876376916109,"shared positive"
"human KD vs control vs mouse KD vs control","GO_BP","GO:0010257","NADH dehydrogenase complex assembly","either",0.05,"shared positive",1.29119257971612,1.29119257971612,0.650181381923223,1.94137396163934,0.987177535724506,0.00707889295295932,"69089/225887/67130/75406/108755/66821/76826/68349/229211/66706/208501/76916/67184/235169/17716/66928/226646/69487","4538/4535/4540/5018/55744/55101/51300/57226/4725/4536/284184/55863/29090/90871/54968/28976","GO:0010257","GO:0010257","NADH dehydrogenase complex assembly","NADH dehydrogenase complex assembly",2.15003465502397,0.00560473603155023,TRUE,FALSE,1.29119257971612,1.29119257971612,"shared positive"
"human KD vs control vs mouse KD vs control","GO_BP","GO:0032981","mitochondrial respiratory chain complex I assembly","either",0.05,"shared positive",1.29119257971612,1.29119257971612,0.650181381923223,1.94137396163934,0.987177535724506,0.00707889295295932,"69089/225887/67130/75406/108755/66821/76826/68349/229211/66706/208501/76916/67184/235169/17716/66928/226646/69487","4538/4535/4540/5018/55744/55101/51300/57226/4725/4536/284184/55863/29090/90871/54968/28976","GO:0032981","GO:0032981","mitochondrial respiratory chain complex I assembly","mitochondrial respiratory chain complex I assembly",2.15003465502397,0.00560473603155023,TRUE,FALSE,1.29119257971612,1.29119257971612,"shared positive"
"human KD vs control vs mouse KD vs control","GO_BP","GO:0070670","response to interleukin-4","either",0.05,"shared positive",-1.25930338241084,1.25930338241084,1.97651158700075,0.717208204589908,0.0189345590243146,0.921668204249586,"547253/12567/18030/16453/23918/22143/20852/14104/27367/50868/16898/17025/16451/11837","54625/51176/3566/958/3597/11093","GO:0070670","GO:0070670","response to interleukin-4","response to interleukin-4",0.035425394561889,1.72274480491004,FALSE,TRUE,-1.25930338241084,1.25930338241084,"shared positive"
"human KD vs control vs mouse KD vs control","GO_BP","GO:0042773","ATP synthesis coupled electron transport","either",0.05,"shared positive",1.25441039109461,1.25441039109461,0.850943729267972,2.10535412036258,0.87964539523527,9.37356562304816e-05,"67914/68943/67273/66218/12862/27369/22273/225887/72900/56428/67680/66416/75406/66445/68349/107197/57320","4514/4513/4538/4512/4539/4535/4519/4540/54205/51142/4698/4710/1349/4537/4694/7388/1345/4725/27089/4711/4536/1347/1337/126328/1716/4717/4709/7386/4731/4726/790955/6391","GO:0042773","GO:0042773","ATP synthesis coupled electron transport","ATP synthesis coupled electron transport",4.02809517583013,0.0556923664059866,TRUE,FALSE,1.25441039109461,1.25441039109461,"shared positive"
"human KD vs control vs mouse KD vs control","GO_BP","GO:0071353","cellular response to interleukin-4","either",0.05,"shared positive",-1.2536611371398,1.2536611371398,1.97918384135116,0.725522704211363,0.011800762110898,0.916441506301667,"547253/12567/18030/16453/23918/22143/20852/14104/27367/50868/16898/17025/16451/11837","54625/51176/3566/958/3597/11093","GO:0071353","GO:0071353","cellular response to interleukin-4","cellular response to interleukin-4",0.0378952495245785,1.92808994439983,FALSE,TRUE,-1.2536611371398,1.2536611371398,"shared positive"
"human KD vs control vs mouse KD vs control","GO_BP","GO:0032607","interferon-alpha production","either",0.05,"shared positive",-1.24978145514834,1.24978145514834,2.05579167177338,0.806010216625042,0.00682377035484091,0.859669495379976,"54123/230073/71586/64685/20846/142980/78781/268857/72162/21898/17472/15510","57506/7099/56829/3661/6772/8767","GO:0032607","GO:0032607","interferon-alpha production","interferon-alpha production",0.0656684835481151,2.16597559721327,FALSE,TRUE,-1.24978145514834,1.24978145514834,"shared positive"
"human KD vs control vs mouse KD vs control","GO_BP","GO:0032647","regulation of interferon-alpha production","either",0.05,"shared positive",-1.24978145514834,1.24978145514834,2.05579167177338,0.806010216625042,0.00682377035484091,0.859669495379976,"54123/230073/71586/64685/20846/142980/78781/268857/72162/21898/17472/15510","57506/7099/56829/3661/6772/8767","GO:0032647","GO:0032647","regulation of interferon-alpha production","regulation of interferon-alpha production",0.0656684835481151,2.16597559721327,FALSE,TRUE,-1.24978145514834,1.24978145514834,"shared positive"
"human KD vs control vs mouse KD vs control","GO_BP","GO:0042775","mitochondrial ATP synthesis coupled electron transport","either",0.05,"shared positive",1.24242371027823,1.24242371027823,0.862930410084349,2.10535412036258,0.876681723811394,9.37356562304816e-05,"67914/68943/67273/66218/12862/27369/22273/225887/72900/56428/67680/66416/75406/66445/68349/107197/57320","4514/4513/4538/4512/4539/4535/4519/4540/54205/51142/4698/4710/1349/4537/4694/7388/1345/4725/27089/4711/4536/1347/1337/126328/1716/4717/4709/7386/4731/4726/790955/6391","GO:0042775","GO:0042775","mitochondrial ATP synthesis coupled electron transport","mitochondrial ATP synthesis coupled electron transport",4.02809517583013,0.0571580470906896,TRUE,FALSE,1.24242371027823,1.24242371027823,"shared positive"
"human KD vs control vs mouse KD vs control","GO_BP","GO:0072539","T-helper 17 cell differentiation","either",0.05,"shared negative",-1.22648935112079,1.22648935112079,-0.823405133467887,-2.04989448458868,0.886561103354084,0.00471549892360097,"19883/20371/17085/22724/216799/328572/74143/319817/14312/57765/57261/93685/240354","5699/10538/84695/5692/5687/6097/3716/64332/5690/5685/5684/3726/4063/6774/3718/5689/6776/149041/5686/2033/3956/5691","GO:0072539","GO:0072539","T-helper 17 cell differentiation","T-helper 17 cell differentiation",-2.32647234994606,-0.0522913266902487,TRUE,FALSE,-1.22648935112079,1.22648935112079,"shared negative"
"human KD vs control vs mouse KD vs control","GO_BP","GO:0048268","clathrin coat assembly","either",0.05,"shared negative",-1.21182717222631,1.21182717222631,-0.73109022460653,-1.94291739683284,0.931054365049736,0.0379690985112757,"12757/67300","1211/9685/115548/1601/1759/1213/27065","GO:0048268","GO:0048268","clathrin coat assembly","clathrin coat assembly",-1.42056971405921,-0.0310249594571337,TRUE,FALSE,-1.21182717222631,1.21182717222631,"shared negative"
"human KD vs control vs mouse KD vs control","GO_BP","GO:0060339","negative regulation of type I interferon-mediated signaling pathway","either",0.05,"shared positive",-1.21160438808312,1.21160438808312,1.89341344120112,0.681809053118002,0.0404566387469507,0.932584685303599,"24110/246730/100038882/23960/246727/20847/23961/26987/434341/56045/114643","56339/6773/401397/9636/4940/29883/11274/84166/79594","GO:0060339","GO:0060339","negative regulation of type I interferon-mediated signaling pathway","negative regulation of type I interferon-mediated signaling pathway",0.0303117207094809,1.39301020249183,FALSE,TRUE,-1.21160438808312,1.21160438808312,"shared positive"
"human KD vs control vs mouse KD vs control","GO_BP","GO:0006119","oxidative phosphorylation","either",0.05,"shared positive",1.20175474984814,1.20175474984814,0.800564958441971,2.00231970829011,0.953094651775805,9.70326262882996e-05,"108037/67914/68943/66592/68073/11639/67636/67273/66218/12862/27369/67267/66114/22273/11666/225887/72900/56428/67680/67130/66416/70316/75406/66445/230125/214917/26914/68349/107197/67126/57320/11474/68550/70556","4514/4513/4538/4508/4512/4539/4535/4519/4540/54205/51142/513/4698/4710/1349/4537/539/4694/7388/1345/4725/27089/514/4711/4536/1347/10105/205/1337/126328/1716/4509/9551/4717/4709/7386/4731/4726/125965/51085/790955/134145/6391/84277","GO:0006119","GO:0006119","oxidative phosphorylation","oxidative phosphorylation",4.01308221383127,0.0208639674595617,TRUE,FALSE,1.20175474984814,1.20175474984814,"shared positive"
"human KD vs control vs mouse KD vs control","GO_BP","GO:0038202","TORC1 signaling","either",0.05,"shared negative",-1.17993963802124,1.17993963802124,-0.928057856316522,-2.10799749433776,0.828450602560884,9.37356562304816e-05,"22030/93765/110616/56480/216742/108079/64930/237898/22215/70394/70661/56032/18145/80909/237782/54170/329679/67574/83429/18712/56692/229603/52187","144577/55593/6725/203228/389541/57162/84433/8649/6197/7334/29110/96459/64798/57600/56681/9681/140775/23334/8452/8473/90809/57559/4864/6198/7321/81929/154743/55611/28956/5562/9978/84861/6714/10670/143686/729438/2033/64121/55004/56957/7107/5595/23387/9252","GO:0038202","GO:0038202","TORC1 signaling","TORC1 signaling",-4.02809517583013,-0.081733381843073,TRUE,FALSE,-1.17993963802124,1.17993963802124,"shared negative"
"human KD vs control vs mouse KD vs control","GO_BP","GO:0006730","one-carbon metabolic process","either",0.05,"shared positive",-1.16924104492626,1.16924104492626,1.87769775974241,0.708456714816147,0.044588786461861,0.921867360636637,"270685/94280/17768/192166/232087/108037/107747/216188/229709/269378/108156/22171/20425/14287","1719/4144/7298/2356/4522/10797/25902/94081/160428","GO:0006730","GO:0006730","one-carbon metabolic process","one-carbon metabolic process",0.035331561253852,1.35077434734291,FALSE,TRUE,-1.16924104492626,1.16924104492626,"shared positive"
"human KD vs control vs mouse KD vs control","GO_BP","GO:1904263","positive regulation of TORC1 signaling","either",0.05,"shared negative",-1.1620057842324,1.1620057842324,-0.937489709616525,-2.09949549384892,0.810639666836796,0.00152586780747999,"110616/56480/216742/108079/64930/237898/22215/70661/56032/54170/329679/83429/18712/56692/52187","29110/96459/57600/8452/8473/90809/57559/6198/81929/154743/55611/28956/9978/84861/6714/10670/2033/64121/55004/7107/23387","GO:1904263","GO:1904263","positive regulation of TORC1 signaling","positive regulation of TORC1 signaling",-2.81648308955858,-0.0911721488464308,TRUE,FALSE,-1.1620057842324,1.1620057842324,"shared negative"
"human KD vs control vs mouse KD vs control","GO_BP","GO:1903432","regulation of TORC1 signaling","either",0.05,"shared negative",-1.14375317948415,1.14375317948415,-1.05079686193457,-2.19455004141872,0.65637379474337,0.000112152145184149,"226419/328572/268706/216805/18747/70713/219024/74374/20869/56438/93765/110616/56480/216742/108079/64930/237898/22215/70394/70661/56032/18145/80909/237782/54170/329679/67574/83429/18712/56692/229603/52187","144577/55593/6725/203228/389541/57162/8649/7334/29110/96459/64798/57600/56681/9681/140775/23334/8452/8473/90809/57559/4864/6198/7321/81929/154743/55611/28956/5562/9978/84861/6714/10670/143686/729438/2033/64121/55004/56957/7107/5595/23387","GO:1903432","GO:1903432","regulation of TORC1 signaling","regulation of TORC1 signaling",-3.95019241505713,-0.182848766170945,TRUE,FALSE,-1.14375317948415,1.14375317948415,"shared negative"
"human KD vs control vs mouse KD vs control","GO_BP","GO:0032008","positive regulation of TOR signaling","either",0.05,"shared negative",-1.1394967039974,1.1394967039974,-1.07427595619423,-2.21377266019163,0.638882908375112,0.000159036289014327,"110616/56480/216742/108079/64930/237898/22215/66629/70661/56032/237782/54170/329679/83429/18712/56692/229603/52187","55593/6725/3071/389541/8649/6352/29110/96459/57600/140775/8452/8473/90809/57559/8841/6198/81929/154743/55611/28956/253260/9978/84861/6714/10670/5290/2033/64121/8239/55004/56957/7107/23387/64083","GO:0032008","GO:0032008","positive regulation of TOR signaling","positive regulation of TOR signaling",-3.79850376674583,-0.19457873011432,TRUE,FALSE,-1.1394967039974,1.1394967039974,"shared negative"
"human KD vs control vs mouse KD vs control","GO_BP","GO:0043367","CD4-positive, alpha-beta T cell differentiation","either",0.05,"shared negative",-1.13894355731096,1.13894355731096,-0.895164749697811,-2.03410830700877,0.845064226314226,0.000956636635330551,"19883/20371/17085/22724/12053/216799/328572/74143/319817/14312/57765/16362/207952/214162/56480/57261/93685/240354/17283/382051/59009/11977/15284/23882","5914/2625/3594/64410/8651/27086/5699/10538/84695/942/5692/3071/5687/4297/6097/3716/29110/64332/5690/865/6693/338567/64218/5685/5684/4221/8807/301/8546/3726/4063/6774/3718/5689/6776/538/5295/51043/149041/5686/2033/3956/5691","GO:0043367","GO:0043367","CD4-positive, alpha-beta T cell differentiation","CD4-positive, alpha-beta T cell differentiation",-3.01925299141592,-0.0731102826788618,TRUE,FALSE,-1.13894355731096,1.13894355731096,"shared negative"
"human KD vs control vs mouse KD vs control","GO_BP","GO:0046632","alpha-beta T cell differentiation","either",0.05,"shared negative",-1.13429653823829,1.13429653823829,-0.854907225570405,-1.98920376380869,0.897473824823796,0.000811769163621448,"230126/20230/11352/20535/11848/19401/19219/19883/20371/17085/22724/12053/216799/320404/328572/74143/319817/21414/14312/57765/16362/207952/214162/14634/56480/57261/93685/240354/17283/382051/19156/59009/11977/15284/12144/23882","5914/2625/11006/3594/64410/8651/27086/5699/10538/84695/942/5692/3071/5687/4297/6097/3716/29110/64332/5690/865/6693/338567/64218/5685/5684/4221/8807/301/8546/3726/3549/4063/6774/3718/5689/6776/538/1386/5295/51043/149041/5686/2033/3956/5691","GO:0046632","GO:0046632","alpha-beta T cell differentiation","alpha-beta T cell differentiation",-3.09056745009117,-0.0469782089338871,TRUE,FALSE,-1.13429653823829,1.13429653823829,"shared negative"
"human KD vs control vs mouse KD vs control","GO_BP","GO:1902775","mitochondrial large ribosomal subunit assembly","either",0.05,"shared positive",1.12462703953528,1.12462703953528,0.744656700325678,1.86928373986096,0.917973405854896,0.0328893808121499,"72181/70316/72831/94254/212508/207704/75593/107999","29960/81554/26164/8225/22868/7284/130916/115416/92170/85865/55178","GO:1902775","GO:1902775","mitochondrial large ribosomal subunit assembly","mitochondrial large ribosomal subunit assembly",1.4829443026316,0.0371699003431673,TRUE,FALSE,1.12462703953528,1.12462703953528,"shared positive"
"human KD vs control vs mouse KD vs control","GO_BP","GO:0006520","amino acid metabolic process","either",0.05,"shared positive",-1.11787892680136,1.11787892680136,2.00935304787638,0.891474121075023,5.92808781379215e-06,0.836414910753359,"107869/26570/20512/108682/56454/100678/239273/12041/50527/192166/26912/381314/353172/56693/11566/110695/14194/18263/18451/226518/22375/108037/107045/23874/12286/110960/14874/22321/14661/12035/70223/11898/112406/66885/236539/27053/107272/68915/226414/107508/15108/15115/14431/13171/27267/246277/93747/78038/69719/110842/72562/110446/20226/50493/269378/12039/53381/14629/20751/108156/17850/18618/68021","493/6567/6611/586/26258/1806/79587/55157/4548/5831/57494/3712/55278/125061/58478/55191/144193/10157/2653/64116/23463/81539/7453/875/56267/29920/55556/4842/23576/283459/51166/85300/23395/57176/5092/1373/7915/57038/2752/4522/22929/57505/10955/50507/275/501/11112/642/55152/10841/5184/4482/2954/5859/113675/4141/79731/4552/1497/80755/55699/2639","GO:0006520","GO:0006520","amino acid metabolic process","amino acid metabolic process",0.0775782336255472,5.22708537170165,FALSE,TRUE,-1.11787892680136,1.11787892680136,"shared positive"
"human KD vs control vs mouse KD vs control","GO_BP","GO:0170033","L-amino acid metabolic process","either",0.05,"shared positive",-1.11535849888562,1.11535849888562,1.91971543977704,0.804356940891422,0.00103696129930366,0.92984186687874,"107869/108682/56454/100678/239273/12041/50527/26912/56693/110695/18263/18451/226518/108037/14874/14661/12035/11898/112406/66885/236539/27053/107272/15108/14431/246277/93747/78038/72562/110446/269378/53381/20751/108156/18618","493/586/26258/4548/5831/57494/3712/125061/58478/55191/144193/10157/23463/875/56267/29920/4842/23576/51166/5092/2752/4522/22929/10955/501/11112/642/10841/2954/113675","GO:0170033","GO:0170033","L-amino acid metabolic process","L-amino acid metabolic process",0.0315909032539609,2.9842374517233,FALSE,TRUE,-1.11535849888562,1.11535849888562,"shared positive"
"human KD vs control vs mouse KD vs control","GO_BP","GO:0045058","T cell selection","either",0.05,"shared negative",-1.10818394999661,1.10818394999661,-0.676903281893583,-1.78508723189019,0.989469348712466,0.0381381087201834,"11793/74256/320404/328572/74143/14312/57765/20869/14634/57261/20807/14102/16450","5699/10538/84695/5692/7535/5687/3716/5690/6693/5685/5684/4063/6774/3718/5689/6776/5686/2033/3956/4775/5691","GO:0045058","GO:0045058","T cell selection","T cell selection",-1.4186408475447,-0.00459765460687094,TRUE,FALSE,-1.10818394999661,1.10818394999661,"shared negative"
"human KD vs control vs mouse KD vs control","GO_BP","GO:0002287","alpha-beta T cell activation involved in immune response","either",0.05,"shared negative",-1.08658175084216,1.08658175084216,-0.953609483050596,-2.04019123389276,0.787135575195277,0.00268783456600882,"19883/20371/17085/22724/12053/216799/328572/74143/319817/14312/57765/16362/214162/57261/93685/240354/17283/15284/23882","23476/57089/5914/2625/3594/5699/10538/84695/942/5692/5687/4297/6097/3716/64332/5690/6693/64218/5685/5684/4221/8807/301/3726/4063/6774/3718/5689/6776/149041/5686/2033/3956/5691","GO:0002287","GO:0002287","alpha-beta T cell activation involved in immune response","alpha-beta T cell activation involved in immune response",-2.57059746526126,-0.103950458888417,TRUE,FALSE,-1.08658175084216,1.08658175084216,"shared negative"
"human KD vs control vs mouse KD vs control","GO_BP","GO:0170039","proteinogenic amino acid metabolic process","either",0.05,"shared positive",-1.08327141331007,1.08327141331007,1.84766297487511,0.764391561565043,0.006630064403503,0.955840455840456,"107869/108682/56454/100678/239273/12041/192166/26912/110695/18263/226518/108037/14874/14661/12035/11898/66885/236539/27053/107272/15108/246277/93747/78038/72562/110446","493/586/26258/4548/5831/3712/125061/58478/55191/144193/10157/2653/875/29920/4842/23576/51166/5092/2752/4522/22929/10955/275/501/11112","GO:0170039","GO:0170039","proteinogenic amino acid metabolic process","proteinogenic amino acid metabolic process",0.0196145919608131,2.17848225289988,FALSE,TRUE,-1.08327141331007,1.08327141331007,"shared positive"
"human KD vs control vs mouse KD vs control","GO_BP","GO:0001510","RNA methylation","either",0.05,"shared positive",1.06780537079155,1.06780537079155,0.911557174999982,1.97936254579153,0.81069474387656,0.00187507199205309,"17299/11651/328162/15108/28114/72181/20226/209584/68260/66138/212528/70359/13434/240174/83669/67674/56095/76357/66254/72167","29960/51504/114049/6637/56339/127253/115708/51490/55695/339175/6894/10785/84705/64216/80745/96764/55006/24140/51531/79979/57604/196074/79922/57570/83640/11180/79066/55152/10528/55178/4234/8731/29081/51574/113802/134353/79828/63892/6635/221078/9836/6633/55621/91801/51605/117246/84967/27292/4809","GO:0001510","GO:0001510","RNA methylation","RNA methylation",2.72698205318897,0.0911426427133342,TRUE,FALSE,1.06780537079155,1.06780537079155,"shared positive"
"human KD vs control vs mouse KD vs control","GO_BP","GO:1902749","regulation of cell cycle G2/M phase transition","either",0.05,"shared positive",1.06555905902488,1.06555905902488,0.835256545367446,1.90081560439233,0.911861497484463,0.00187589894233391,"56453/74268/109019/108911/12567/234854/18148/107976/80280/67153/68251/12443/68077/382985/18514/11820/15937/108058/231600/69109/245000/225182/15574/238271/625530/234664/68034/14199","2273/4869/1026/29997/1063/23560/26271/58493/9928/5889/92002/8558/80279/29980/27183/80174/6790/990/51149/54465/672/994/63967/3364/4683/995/54984/595/140901/4361/641/79184/4998/1112/5932/84142/90381/9088/57099/11073/9212/84936/92421","GO:1902749","GO:1902749","regulation of cell cycle G2/M phase transition","regulation of cell cycle G2/M phase transition",2.72679056146276,0.0400711215906084,TRUE,FALSE,1.06555905902488,1.06555905902488,"shared positive"
"human KD vs control vs mouse KD vs control","GO_BP","GO:1901605","alpha-amino acid metabolic process","either",0.05,"shared positive",-1.06535878306275,1.06535878306275,1.93023264859514,0.86487386553239,0.000408766823158109,0.853022901040626,"107869/26570/108682/56454/100678/239273/12041/50527/192166/26912/56693/11566/110695/14194/18263/18451/226518/108037/12286/14874/14661/12035/11898/112406/66885/236539/27053/107272/15108/14431/246277/93747/78038/69719/72562/110446/50493/269378/53381/14629/20751/108156/17850/18618/68021/20425/14287/11911/14630/53415/56369/216443/216136/109079/58875/14085/104184/11484/18242/330817/19125/13479","493/6611/586/26258/4548/5831/57494/3712/125061/58478/55191/144193/10157/2653/64116/23463/875/56267/29920/4842/23576/51166/85300/5092/1373/7915/2752/4522/22929/10955/50507/275/501/11112/642/10841/4482/2954/113675/4141/4552","GO:1901605","GO:1901605","alpha-amino acid metabolic process","alpha-amino acid metabolic process",0.0690393092052021,3.38852436019249,FALSE,TRUE,-1.06535878306275,1.06535878306275,"shared positive"
"human KD vs control vs mouse KD vs control","GO_BP","GO:0071624","positive regulation of granulocyte chemotaxis","either",0.05,"shared positive",1.06173601403534,1.06173601403534,0.791442915884804,1.85317892992014,0.890015892306254,0.0282523519784232,"26903/215999/117149/74006/16189/13617/193385/16149/12261","4192/64065/5879/5880/1906","GO:0071624","GO:0071624","positive regulation of granulocyte chemotaxis","positive regulation of granulocyte chemotaxis",1.54894539178323,0.0506022384345375,TRUE,FALSE,1.06173601403534,1.06173601403534,"shared positive"
"human KD vs control vs mouse KD vs control","GO_BP","GO:0032717","negative regulation of interleukin-8 production","either",0.05,"shared negative",-1.04992045357809,1.04992045357809,-0.797306132400701,-1.84722658597879,0.887997236839125,0.0373216760145121,"26390/229603","1991/26191/301/408/9314/307/56957","GO:0032717","GO:0032717","negative regulation of interleukin-8 production","negative regulation of interleukin-8 production",-1.42803886150886,-0.0515883856035923,TRUE,FALSE,-1.04992045357809,1.04992045357809,"shared negative"
"human KD vs control vs mouse KD vs control","GO_BP","GO:0000154","rRNA modification","either",0.05,"shared positive",1.04526313749215,1.04526313749215,0.939493621465007,1.98475675895716,0.785229433838128,0.00386181513948376,"245474/52530/72181/66138/234344/98956/67674/56095/66254/14791/106707/224481/75422/271842/68147","29960/51504/114049/285367/51490/55695/1736/64216/55006/115939/55505/27079/79979/196074/79922/79066/10528/55178/55226/29081/113000/221078/84881/54433/117246/27292/4809","GO:0000154","GO:0000154","rRNA modification","rRNA modification",2.41320851922147,0.105003429507721,TRUE,FALSE,1.04526313749215,1.04526313749215,"shared positive"
"human KD vs control vs mouse KD vs control","GO_BP","GO:0046637","regulation of alpha-beta T cell differentiation","either",0.05,"shared negative",-1.04351432931335,1.04351432931335,-0.693541338625055,-1.73705566793841,0.975263191012541,0.0486791758346751,"20535/11848/19401/20371/22724/12053/216799/320404/328572/74143/319817/14312/57765/16362/207952/14634/57261/240354/59009/15284","5914/11006/3594/64410/8651/10538/84695/942/3071/64332/865/338567/301/8546/3726/3549/3718/6776/51043/149041/2033/3956","GO:0046637","GO:0046637","regulation of alpha-beta T cell differentiation","regulation of alpha-beta T cell differentiation",-1.3126567832251,-0.0108781668862407,TRUE,FALSE,-1.04351432931335,1.04351432931335,"shared negative"
"human KD vs control vs mouse KD vs control","GO_BP","GO:0006284","base-excision repair","either",0.05,"shared positive",1.0403268308811,1.0403268308811,0.908554038535441,1.94888086941654,0.813528498256321,0.011812181502179,"27050/15364/13194/16882/99375/11792/50721/59047/18294/234258/16881/22427/71726/268395/68240/15361/18207","328/142/7374/8091/4350/11284/27301/6118/8930/2237/2073/79661/7486/1763/4595/6119/252969/6996/5426/7515/3159/10721/2074","GO:0006284","GO:0006284","base-excision repair","base-excision repair",1.92766988842647,0.0896272289364868,TRUE,FALSE,1.0403268308811,1.0403268308811,"shared positive"
"human KD vs control vs mouse KD vs control","GO_BP","GO:0032609","type II interferon production","either",0.05,"shared positive",-1.03929800233807,1.03929800233807,1.77462472969751,0.735326727359444,0.0338834489875552,0.95952514026218,"16859/15944/20539/100038882/214855/16423/17082/16177/142980/26362/238871/12394/18578/15461/11820/14082/18176/21898/12611/15510/223601/60533/11350/15975/66155/12479","2150/7474/3624/80381/140885/8140/2621/11118/11119/7099/29126/9636/80380","GO:0032609","GO:0032609","type II interferon production","type II interferon production",0.017943641945598,1.4700123893677,FALSE,TRUE,-1.03929800233807,1.03929800233807,"shared positive"
"human KD vs control vs mouse KD vs control","GO_BP","GO:0032649","regulation of type II interferon production","either",0.05,"shared positive",-1.03929800233807,1.03929800233807,1.77462472969751,0.735326727359444,0.0338834489875552,0.95952514026218,"16859/15944/20539/100038882/214855/16423/17082/16177/142980/26362/238871/12394/18578/15461/11820/14082/18176/21898/12611/15510/223601/60533/11350/15975/66155/12479","2150/7474/3624/80381/140885/8140/2621/11118/11119/7099/29126/9636/80380","GO:0032649","GO:0032649","regulation of type II interferon production","regulation of type II interferon production",0.017943641945598,1.4700123893677,FALSE,TRUE,-1.03929800233807,1.03929800233807,"shared positive"
"human KD vs control vs mouse KD vs control","GO_BP","GO:0032728","positive regulation of interferon-beta production","either",0.05,"shared positive",-1.03904979206338,1.03904979206338,2.21928640745949,1.18023661539611,0.000272171163198671,0.495597938129116,"54123/246730/100038882/230073/246728/71586/23960/246727/66412/142980/70428/78781/24088/23961","57506/201292/3320/661/7099/81844/9636/56829/3661/5781/340061/4940/10622/8767","GO:0032728","GO:0032728","positive regulation of interferon-beta production","positive regulation of interferon-beta production",0.304870509118028,3.56515789062099,FALSE,TRUE,-1.03904979206338,1.03904979206338,"shared positive"
"human KD vs control vs mouse KD vs control","GO_BP","GO:0042558","pteridine-containing compound metabolic process","either",0.05,"shared positive",-1.03879805417203,1.03879805417203,2.06464027925921,1.02584222508718,0.00460853812244319,0.630374210841886,"270685/17768/192166/108037/107747/216188/17250/108147/72562/20751/108156/19286/22171/20425/14287","1719/4548/6697/7298/5092/8836/2356/4522/10797/6573/10841/4552/25902","GO:0042558","GO:0042558","pteridine-containing compound metabolic process","pteridine-containing compound metabolic process",0.200401562520661,2.33643681561723,FALSE,TRUE,-1.03879805417203,1.03879805417203,"shared positive"
"human KD vs control vs mouse KD vs control","GO_BP","GO:0043370","regulation of CD4-positive, alpha-beta T cell differentiation","either",0.05,"shared negative",-1.03567193837572,1.03567193837572,-0.695663236651665,-1.73133517502739,0.975106889966708,0.029055455910969,"20371/22724/12053/216799/328572/74143/319817/14312/57765/16362/207952/57261/240354/59009/15284","5914/3594/64410/8651/10538/84695/942/3071/64332/865/338567/301/8546/3726/3718/6776/51043/149041/2033/3956","GO:0043370","GO:0043370","regulation of CD4-positive, alpha-beta T cell differentiation","regulation of CD4-positive, alpha-beta T cell differentiation",-1.53677230562997,-0.0109477748878485,TRUE,FALSE,-1.03567193837572,1.03567193837572,"shared negative"
"human KD vs control vs mouse KD vs control","GO_BP","GO:0099560","synaptic membrane adhesion","either",0.05,"shared positive",1.02988559113999,1.02988559113999,0.817739334949215,1.84762492608921,0.870421801133416,0.0291410815969934,"12563/23966/23965/13640/225875/16180","55714/114794/26011/392617/1004/79414/5792/266727/3675/2239/5789","GO:0099560","GO:0099560","synaptic membrane adhesion","synaptic membrane adhesion",1.53549433304343,0.0602702398961611,TRUE,FALSE,1.02988559113999,1.02988559113999,"shared positive"
"human KD vs control vs mouse KD vs control","GO_BP","GO:0042093","T-helper cell differentiation","either",0.05,"shared negative",-1.02285257022186,1.02285257022186,-1.07530520894974,-2.0981577791716,0.650948424425112,0.00108298546932705,"19401/19219/19883/20371/17085/22724/12053/216799/328572/74143/319817/14312/57765/16362/214162/56480/57261/93685/240354/17283/382051/11977/15284/23882","5914/2625/3594/27086/5699/10538/84695/942/5692/5687/4297/6097/3716/29110/64332/5690/6693/64218/5685/5684/4221/8807/301/3726/4063/6774/3718/5689/6776/538/5295/149041/5686/2033/3956/5691","GO:0042093","GO:0042093","T-helper cell differentiation","T-helper cell differentiation",-2.96537737036768,-0.186453419841798,TRUE,FALSE,-1.02285257022186,1.02285257022186,"shared negative"
"human KD vs control vs mouse KD vs control","GO_BP","GO:0070206","protein trimerization","either",0.05,"shared positive",-1.01449167192202,1.01449167192202,1.92832923742396,0.913837565501937,0.0403814104010516,0.751670422777231,"12843/228139/20514/71701/74568/69675/11820/11690/20481/69634","7837/6510/87178","GO:0070206","GO:0070206","protein trimerization","protein trimerization",0.123972538322957,1.39381851652916,FALSE,TRUE,-1.01449167192202,1.01449167192202,"shared positive"
"human KD vs control vs mouse KD vs control","GO_BP","GO:0009451","RNA modification","either",0.05,"shared positive",1.01011989088068,1.01011989088068,1.0248687042848,2.03498859516548,0.699124705763563,1.32422987935899e-05,"74195/245474/17299/70153/80287/11651/328162/52530/66965/15108/28114/78895/74467/72181/20226/209584/68260/105638/66138/60532/69372/66628/11810/72133/234344/212528/98956/70359/13434/240174/83669/54351/71916/68857/227682/67674/56095/76357/66254/69786/72167/68730/433813/56417/329504/14791/106707/224907/100929/246221/77766/224481/75422/271842/230233/78697/227835/68147/15384/66400/211006","104/103/29960/51504/114049/6637/54733/285367/56339/54859/127253/115708/81890/51490/55695/339175/6894/26995/1736/79691/64118/146712/10785/84266/84705/84267/64216/22868/80745/96764/55006/24140/51531/55623/115939/54901/56986/55505/27079/27304/79979/55687/27350/57604/51654/196074/25821/285381/79922/142940/57570/55253/83640/9582/8518/55644/348180/441250/11180/79066/5073/60489/64863/55152/10528/55178/4234/55140/55226/8731/200316/29081/51574/113802/113000/134353/79828/8846/84520/63892/54974/11062/6635/221078/83448/9836/6633/55621/91801/84881/51605/26024/56931/6741/54433/117246/285605","GO:0009451","GO:0009451","RNA modification","RNA modification",4.87803661710843,0.15544535044258,TRUE,FALSE,1.01011989088068,1.01011989088068,"shared positive"
"human KD vs control vs mouse KD vs control","GO_BP","GO:0033108","mitochondrial respiratory chain complex assembly","either",0.05,"shared positive",0.994161412579275,0.994161412579275,0.957759937018405,1.95192134959768,0.780266240300366,0.00105451524560105,"69089/68020/52469/67267/544717/22273/225887/66433/67130/11911/75406/108755/66821/67388/76826/100503890/75530/231430/67013/68349/107197/67705/93757/70556/67899/229211/20930/66706/68876/20463/72795/66272/68185/68002/67044/208501/230649/76916/67184","4538/4535/4540/5018/55744/513/55101/51300/57226/51287/4725/25994/79145/132299/90639/4536/284184/6341/84902/55863/90624/29090/90871/1353/65260/84334/7386/54968/28976/790955/729515/285521/388753/55245/54949/131474/2395/51079/25915/137682/283951/51295/4718/29078/644096/728568","GO:0033108","GO:0033108","mitochondrial respiratory chain complex assembly","mitochondrial respiratory chain complex assembly",2.97694713708851,0.107757183252912,TRUE,FALSE,0.994161412579275,0.994161412579275,"shared positive"
"human KD vs control vs mouse KD vs control","GO_BP","GO:0032543","mitochondrial translation","either",0.05,"shared positive",0.98381295359236,0.98381295359236,1.15925401178461,2.14306696537697,0.532389399574489,1.32422987935899e-05,"381314/353172/27397/108037/68537/52469/67707/66047/68836/66407/69956/67840/27398/94067/67267/64659/121022/65111/56282/234384/211253/107732/94062/66242/67212/118451/67270/353242/69163/227682/109093/76784/66230/212508/19935/66448/27395/71984/50529/18100/66258/102436/56284/70560/94066","5018/11222/64969/7818/23107/55173/90480/60488/51253/26164/55037/51335/64975/128308/51318/9553/55157/285367/740/55278/65003/26995/64963/6150/65080/54998/64983/79590/51204/22868/57129/283459/7284/26589/91574/10573/6182/51021/219402/23395/78988/51264/54516/64968/51263/10128/64979/57038/51116/65005/57505/10240/115416/92170/51250/54534/65993/4528/55052/9801/55005/51373/55699/79828/8846/51258/116540/28957/29074/64951/51649/64949/84881/51023/79072/51642/51081/124454/23438/122704/9617/65008","GO:0032543","GO:0032543","mitochondrial translation","mitochondrial translation",4.87803661710843,0.273770600365163,TRUE,FALSE,0.98381295359236,0.98381295359236,"shared positive"
"human KD vs control vs mouse KD vs control","GO_BP","GO:0042742","defense response to bacterium","either",0.05,"shared positive",-0.97939519311338,0.97939519311338,2.09773207409049,1.11833688097711,2.54952789498714e-06,0.500196735096366,"55932/672511/16859/15944/246730/54396/100038882/236573/60440/20568/229900/246728/69146/16145/11535/14469/23960/246727/231507/19664/19056/331004/24105/17250/12363/11745/56174/24088/21937/19946/58809/20085/23961/15439/18805/68024/14468/16819/100689/22631/140792/117149/19376/17874/11820/20416/21898/23794/17472/14972/12369/14000/11826/107607/108655","5054/2150/3133/57506/100507436/567/837/133/2635/22861/57674/4615/1535/5587/7779/85236/3575/6170/3017/81858/7099/10392/55072/6464/4852/9636/7425/3140","GO:0042742","GO:0042742","defense response to bacterium","defense response to bacterium",0.300859147340142,5.59354023195196,FALSE,TRUE,-0.97939519311338,0.97939519311338,"shared positive"
"human KD vs control vs mouse KD vs control","GO_BP","GO:0035278","miRNA-mediated gene silencing by inhibition of translation","either",0.05,"shared negative",-0.977315264851809,0.977315264851809,-0.872220931018421,-1.84953619587023,0.825641103144761,0.0467120777736978,"13209/213988/636931/233833/214150","27327/9470/56478/26523/1656/27161/23112","GO:0035278","GO:0035278","miRNA-mediated gene silencing by inhibition of translation","miRNA-mediated gene silencing by inhibition of translation",-1.33057081467363,-0.0832086945630199,TRUE,FALSE,-0.977315264851809,0.977315264851809,"shared negative"
"human KD vs control vs mouse KD vs control","GO_BP","GO:0043039","tRNA aminoacylation","either",0.05,"shared positive",-0.947494012937683,0.947494012937683,1.87122900937947,0.923734996441787,0.0332636198640547,0.760886082819256,"381314/353172/22375/107045/23874/110960/22321/70223/68915/226414/107508/15115/27267/20226/105148/216443/104458/107271/85305/109093/97541/71941/71984/102436/244141/70560","79587/55157/55278/7453/283459/23395/57176/57038/57505/55152/5859/4141/79731/80755/55699/8565/7407/124454/23438/10056/123283","GO:0043039","GO:0043039","tRNA aminoacylation","tRNA aminoacylation",0.118680359400666,1.47803049109241,FALSE,TRUE,-0.947494012937683,0.947494012937683,"shared positive"
"human KD vs control vs mouse KD vs control","GO_BP","GO:0019079","viral genome replication","either",0.05,"shared positive",-0.94451672708378,0.94451672708378,2.3995144284052,1.45499770132142,7.41857142857143e-08,0.116908778971507,"23962/66141/246730/100038882/20587/20568/69550/229900/246728/71586/19358/23960/246727/21974/15364/80287/80876/226691/213002/19106/78781/17858/13194/23961/52513/56491/268373/30960/58185/68713/231655","5478/10410/104/57506/63901/103/3609/3428/51495/54606/5610/8815/8091/5359/2621/24138/6041/440275/9636/9189/56829/5886/10318/27350/117854","GO:0019079","GO:0019079","viral genome replication","viral genome replication",0.932152875358881,7.1296797174192,FALSE,TRUE,-0.94451672708378,0.94451672708378,"shared positive"
"human KD vs control vs mouse KD vs control","GO_BP","GO:0045069","regulation of viral genome replication","either",0.05,"shared positive",-0.94124517806076,0.94124517806076,2.61146095662323,1.67021577856247,7.41857142857143e-08,0.0363865267949148,"23962/66141/246730/100038882/20568/69550/229900/246728/71586/19358/23960/246727/21974/15364/80287/80876/226691/213002/19106/78781/17858/13194/23961/56491/268373/58185/68713/231655","5478/10410/104/57506/63901/103/3609/3428/51495/5610/8815/8091/5359/24138/6041/9636/56829/5886/10318/27350/117854/4940/9582/29883","GO:0045069","GO:0045069","regulation of viral genome replication","regulation of viral genome replication",1.43905939716977,7.1296797174192,TRUE,TRUE,-0.94124517806076,0.94124517806076,"shared positive"
"human KD vs control vs mouse KD vs control","GO_BP","GO:0045581","negative regulation of T cell differentiation","either",0.05,"shared negative",-0.941003973811182,0.941003973811182,-0.833624450887878,-1.77462842469906,0.885334207124867,0.0350643769131239,"20371/229473/22724/12053/15223/319817/57765/16362/14634/15507/67122/17242/15284/16768/12159","2302/5690/865/5685/5684/301/3549/3659/3718/5689/23240/6776/51043/149041/5686/3956/5691","GO:0045581","GO:0045581","negative regulation of T cell differentiation","negative regulation of T cell differentiation",-1.45513387402162,-0.0528927553911666,TRUE,FALSE,-0.941003973811182,0.941003973811182,"shared negative"
"human KD vs control vs mouse KD vs control","GO_BP","GO:0120009","intermembrane lipid transfer","either",0.05,"shared negative",-0.936751763342935,0.936751763342935,-0.871307916822755,-1.80805968016569,0.845941825005864,0.023421708894771,"231999/76303/69076/237542/17777/230895/271564/76559/225655/229227/71764/26949","9854/9600/26207/114883/23074/23760/63924/10087/55187/5007/6342/21/84162/55362/5306/27166/10493","GO:0120009","GO:0120009","intermembrane lipid transfer","intermembrane lipid transfer",-1.63038142111277,-0.0726595021473257,TRUE,FALSE,-0.936751763342935,0.936751763342935,"shared negative"
"human KD vs control vs mouse KD vs control","GO_BP","GO:1902624","positive regulation of neutrophil migration","either",0.05,"shared positive",0.93004998054181,0.93004998054181,0.9089084597898,1.83895844033161,0.813528498256321,0.0286997906010303,"26903/16177/68585/215999/117149/74006","4192/4267/64065/5879/5880/1906","GO:1902624","GO:1902624","positive regulation of neutrophil migration","positive regulation of neutrophil migration",1.54212127194715,0.0896272289364868,TRUE,FALSE,0.93004998054181,0.93004998054181,"shared positive"
"human KD vs control vs mouse KD vs control","GO_BP","GO:0043062","extracellular structure organization","either",0.05,"shared positive",-0.93002477368654,0.93002477368654,1.97234351381454,1.042318740128,1.70501204877138e-06,0.596222161991236,"12842/12843/23876/58859/269959/12826/243853/14118/12833/50527/399558/56348/20356/56693/21859/18451/229534/17181/17385/58223/19288/241327/207596/107581/16949/17387/23892/17384/101489/14251/241226/12832/12825/234356/12827/16950/234407/68273/21814/237360/216725/21937/18822/14268/18793/104799/17392/16948/14230/217734/18214/74777/12837/53614/16971/21810/268396/66180/108075/239337/69675/18595/11568/53381/19645/11820/56429/18073/26432/70779/16773/17386/219151/94352/14726/23794/114249/26561/14453/12306/66214/226519/72043/20586/100952/102058/11350/15227/13078/50706/53867/12814/14114","1282/1294/1284/1301/7837/1545/81792/5329/1471/4017/1288/79875/4312/7040/7132/3912/4325/83872/1306/4088/85301/7046/1287/284217/4326/151887/2621/80781/1299/5468/64116/1295/170689/3913/6624/22795/89932/1289/8434/8425/3915/1298/10211/51124/861/11173/23213/84627/90993/170691/10855/8837/1305/10491/5768/3673/3688/1277/26585/9510/11093/92949/50509/2200/10266/7045/2331/2191/4324/1513/64386/81031/6692/59277/23127/5352/7042","GO:0043062","GO:0043062","extracellular structure organization","extracellular structure organization",0.224591884976285,5.76827254764132,FALSE,TRUE,-0.93002477368654,0.93002477368654,"shared positive"
"human KD vs control vs mouse KD vs control","GO_BP","GO:0043038","amino acid activation","either",0.05,"shared positive",-0.929754075383413,0.929754075383413,1.8534890718252,0.923734996441787,0.0307043428089537,0.760886082819256,"381314/353172/22375/107045/23874/110960/22321/70223/68915/226414/107508/15115/27267/20226/105148/216443/104458/107271/85305/109093/97541/71941/71984/102436/244141/70560","79587/55157/55278/7453/283459/23395/57176/57038/57505/55152/5859/4141/79731/80755/55699/8565/7407/124454/23438/10056/123283","GO:0043038","GO:0043038","amino acid activation","amino acid activation",0.118680359400666,1.51280019375484,FALSE,TRUE,-0.929754075383413,0.929754075383413,"shared positive"
"human KD vs control vs mouse KD vs control","GO_BP","GO:0032727","positive regulation of interferon-alpha production","either",0.05,"shared positive",-0.927094886516188,0.927094886516188,1.84702853614436,0.919933649628172,0.0429164023815384,0.752741339379037,"54123/230073/71586/20846/142980/78781/72162/21898/15510","57506/7099/56829/3661/6772/8767","GO:0032727","GO:0032727","positive regulation of interferon-alpha production","positive regulation of interferon-alpha production",0.123354232535936,1.36737669144355,FALSE,TRUE,-0.927094886516188,0.927094886516188,"shared positive"
"human KD vs control vs mouse KD vs control","GO_BP","GO:0019646","aerobic electron transport chain","either",0.05,"shared positive",0.92267928956512,0.92267928956512,1.19225122732372,2.11493051688884,0.52794672303306,0.000159036289014327,"67914/68943/67273/66218/12862/22273/225887/72900/67680/66416/75406/66445/230125/68349/107197/57320","4514/4513/4538/4512/4539/4535/4519/4540/54205/4698/4710/1349/4537/4694/7388/1345/4725/27089/4711/4536/1347/1337/126328","GO:0019646","GO:0019646","aerobic electron transport chain","aerobic electron transport chain",3.79850376674583,0.277409901443799,TRUE,FALSE,0.92267928956512,0.92267928956512,"shared positive"
"human KD vs control vs mouse KD vs control","GO_BP","GO:0030198","extracellular matrix organization","either",0.05,"shared positive",-0.92088703038103,0.92088703038103,1.95419519714424,1.03330816676321,2.38446439452533e-06,0.621393632391596,"12842/12843/23876/58859/269959/12826/243853/14118/12833/50527/399558/56348/20356/56693/21859/18451/229534/17181/17385/58223/19288/241327/207596/107581/16949/17387/23892/17384/101489/14251/241226/12832/12825/234356/12827/16950/234407/68273/21814/237360/216725/21937/18822/14268/18793/104799/17392/16948/14230/217734/18214/74777/12837/53614/16971/21810/268396/66180/108075/239337/69675/18595/11568/53381/19645/11820/56429/18073/26432/70779/16773/17386/219151/94352/14726/23794/114249/26561/14453/12306/66214/226519/72043/20586/100952/102058/11350/15227/13078/50706/53867/12814/14114","1282/1294/1284/1301/7837/1545/81792/5329/1471/4017/1288/79875/4312/7040/7132/3912/4325/83872/1306/4088/85301/7046/1287/284217/4326/151887/2621/80781/1299/5468/64116/1295/170689/3913/6624/22795/89932/1289/8434/8425/3915/1298/10211/51124/861/11173/23213/84627/90993/170691/10855/8837/1305/10491/5768/3673/3688/1277/26585/9510/11093/92949/50509/2200/10266/7045/2331/2191/4324/1513/64386/81031/6692/59277/23127/5352/7042","GO:0030198","GO:0030198","extracellular matrix organization","extracellular matrix organization",0.20663320140509,5.62260915818571,FALSE,TRUE,-0.92088703038103,0.92088703038103,"shared positive"
"human KD vs control vs mouse KD vs control","GO_BP","GO:0002714","positive regulation of B cell mediated immunity","either",0.05,"shared positive",0.91649542124257,0.91649542124257,0.81608884301011,1.73258426425268,0.874708965549361,0.0468234798167854,"12266/225888/20852/19294/17350/16189/107823/51869/21803","3133/7040/5395/55183/7158/54537/5819/7037/4292/7292/10459","GO:0002714","GO:0002714","positive regulation of B cell mediated immunity","positive regulation of B cell mediated immunity",1.3295363136409,0.0581364220413808,TRUE,FALSE,0.91649542124257,0.91649542124257,"shared positive"
"human KD vs control vs mouse KD vs control","GO_BP","GO:0002891","positive regulation of immunoglobulin mediated immune response","either",0.05,"shared positive",0.91649542124257,0.91649542124257,0.81608884301011,1.73258426425268,0.874708965549361,0.0468234798167854,"12266/225888/20852/19294/17350/16189/107823/51869/21803","3133/7040/5395/55183/7158/54537/5819/7037/4292/7292/10459","GO:0002891","GO:0002891","positive regulation of immunoglobulin mediated immune response","positive regulation of immunoglobulin mediated immune response",1.3295363136409,0.0581364220413808,TRUE,FALSE,0.91649542124257,0.91649542124257,"shared positive"
"human KD vs control vs mouse KD vs control","GO_BP","GO:0045229","external encapsulating structure organization","either",0.05,"shared positive",-0.91099677441125,0.91099677441125,1.95419519714424,1.04319842273299,2.38446439452533e-06,0.600397405754978,"12842/12843/23876/58859/269959/12826/243853/14118/12833/50527/399558/56348/20356/56693/21859/18451/229534/17181/17385/58223/19288/241327/207596/107581/16949/17387/23892/17384/101489/14251/241226/12832/12825/234356/12827/16950/234407/68273/21814/237360/216725/21937/18822/14268/18793/104799/17392/16948/14230/217734/18214/74777/12837/53614/16971/21810/268396/66180/108075/239337/69675/18595/11568/53381/19645/11820/56429/18073/26432/70779/16773/17386/219151/94352/14726/23794/114249/26561/14453/12306/66214/226519/72043/20586/100952/102058/11350/15227/13078/50706/53867/12814/14114","1282/1294/1284/1301/7837/1545/81792/5329/1471/4017/1288/79875/4312/7040/7132/3912/4325/83872/1306/4088/85301/7046/1287/284217/4326/151887/2621/80781/1299/5468/64116/1295/170689/3913/6624/22795/89932/1289/8434/8425/3915/1298/10211/51124/861/11173/23213/84627/90993/170691/10855/8837/1305/10491/5768/3673/3688/1277/26585/9510/11093/92949/50509/2200/10266/7045/2331/2191/4324/1513/64386/81031/6692/59277/23127/5352/7042","GO:0045229","GO:0045229","external encapsulating structure organization","external encapsulating structure organization",0.221561192958967,5.62260915818571,FALSE,TRUE,-0.91099677441125,0.91099677441125,"shared positive"
"human KD vs control vs mouse KD vs control","GO_BP","GO:0002292","T cell differentiation involved in immune response","either",0.05,"shared negative",-0.907031605349176,0.907031605349176,-0.977986874586844,-1.88501847993602,0.743797223898612,0.0106841391504409,"19883/20371/17085/22724/12053/216799/328572/74143/319817/14312/57765/16362/214162/57261/93685/64930/240354/17283/15284/23882","23476/57089/5914/2625/3594/5699/10538/84695/942/5692/5687/4297/6097/3716/64332/5690/6693/64218/5685/5684/4221/8807/301/3726/4063/6774/3718/5689/6776/149041/5686/2033/3956/5691","GO:0002292","GO:0002292","T cell differentiation involved in immune response","T cell differentiation involved in immune response",-1.97126046435386,-0.128545446907086,TRUE,FALSE,-0.907031605349176,0.907031605349176,"shared negative"
"human KD vs control vs mouse KD vs control","GO_BP","GO:0140053","mitochondrial gene expression","either",0.05,"shared positive",0.90667512560784,0.90667512560784,1.26883777349793,2.17551289910577,0.330376187943385,3.54691770460001e-07,"381314/353172/27397/108037/68537/71701/15108/52469/66587/67707/66047/52477/68836/66407/69956/67840/27398/94067/93686/67267/64659/121022/65111/56282/234384/70359/211253/107732/21379/94062/66242/67212/118451/67270/353242/69163/227682/68626/109093/68550/76357/70556/76784/70047/66230/212508/19935/66448/27395/71984/50529/18100/66258/102436/56284/70560/94066/224481/76719/226539/107734/12261/64660/66410/66132/94064/68611/380601/75593/216151/72416/66971/66163","5018/11222/64969/7818/23107/81892/55173/90480/5442/60488/9238/51253/26164/7019/55037/51335/64975/128308/51318/9553/55157/285367/740/55278/60528/65003/26995/64963/6150/9692/87178/65080/54998/64983/79590/51204/84705/64216/22868/57129/283459/55006/7284/26589/79675/91574/10573/6182/51021/219402/23395/78988/51264/55687/54516/51654/64968/51263/10128/25821/64979/57038/57570/51116/65005/57505/10240/115416/92170/51250/64863/60493/54534/65993/4528/55052/9801/84148/7978/55149/55005/51373/55699/79828/8846","GO:0140053","GO:0140053","mitochondrial gene expression","mitochondrial gene expression",6.45014888788913,0.480991262251972,TRUE,FALSE,0.90667512560784,0.90667512560784,"shared positive"
"human KD vs control vs mouse KD vs control","GO_BP","GO:0000289","nuclear-transcribed mRNA poly(A) tail shortening","either",0.05,"shared negative",-0.89711839485829,0.89711839485829,-1.26469374743424,-2.16181214229253,0.483901980036001,0.00401176147368121,"214627/72587/12193/213988/74480/233833/234594/208922/67710/103135/22057","4850/64282/27327/9337/25904/23019/26986/678/10140/56478/246175/57472/27161/23112/22849","GO:0000289","GO:0000289","nuclear-transcribed mRNA poly(A) tail shortening","nuclear-transcribed mRNA poly(A) tail shortening",-2.39666489662459,-0.315242600836303,TRUE,FALSE,-0.89711839485829,0.89711839485829,"shared negative"
"human KD vs control vs mouse KD vs control","GO_BP","GO:0031640","killing of cells of another organism","either",0.05,"shared positive",-0.8882895454414,0.8882895454414,1.89905910999546,1.01076956455406,0.0259917744363202,0.6713712018249,"55932/54396/12266/229900/50908/16145/14469/50909/15331/19946/20085/20315/14468/17874/14433/18081","2150/3151/100507436/2635/4277/85236","GO:0031640","GO:0031640","killing of cells of another organism","killing of cells of another organism",0.173037291561003,1.58516407057222,FALSE,TRUE,-0.8882895454414,0.8882895454414,"shared positive"
"human KD vs control vs mouse KD vs control","GO_BP","GO:0141061","disruption of cell in another organism","either",0.05,"shared positive",-0.8882895454414,0.8882895454414,1.89905910999546,1.01076956455406,0.0259917744363202,0.6713712018249,"55932/54396/12266/229900/50908/16145/14469/50909/15331/19946/20085/20315/14468/17874/14433/18081","2150/3151/100507436/2635/4277/85236","GO:0141061","GO:0141061","disruption of cell in another organism","disruption of cell in another organism",0.173037291561003,1.58516407057222,FALSE,TRUE,-0.8882895454414,0.8882895454414,"shared positive"
"human KD vs control vs mouse KD vs control","GO_BP","GO:0017004","cytochrome complex assembly","either",0.05,"shared positive",0.87019549791788,0.87019549791788,1.16686073849689,2.03705623641477,0.580466960559757,0.00356919030413154,"68020/52469/67453/67267/544717/22273/66821/100503890/75530/231430/107197/67705/70556/67899/20930/72795/66272/68185","4514/4513/55744/51287/1535/132299/90639/6341/84902/90624/29090/1353/65260/84334/7386/790955/285521/388753/55245/2395","GO:0017004","GO:0017004","cytochrome complex assembly","cytochrome complex assembly",2.44743029546523,0.236222494710823,TRUE,FALSE,0.87019549791788,0.87019549791788,"shared positive"
"human KD vs control vs mouse KD vs control","GO_BP","GO:0006364","rRNA processing","either",0.05,"shared positive",0.86327297624994,0.86327297624994,1.09917637721561,1.96244935346555,0.576008942697395,1.37435790869742e-05,"70078/71990/18150/245474/213773/12181/27998/67936/18148/57315/67842/52530/225348/20085/57750/68077/72515/52513/72181/73674/53414/59028/27176/67115/27966/67040/66138/67281/103136/216156/215193/229937/14000/234344/17975/56200/101867/68052/269470/98956/68845/60315/66489/228889/102462/20104/107071/208366/74778/72344/74035/75273/72662/110816/67674/100503670/56095/75617/57444/67025/104662/66254/208144/19942/72462/67920/192170/20115/75686/69663/54127/213541/14791/140546/57294/106707/70285/224481/75422/271842/57316/19989/70683/69237/76130/230082/68147/67941/64934/59050/217109/74097/217995/24014/20826/69902","6130/285855/5591/29997/6129/29960/54606/23076/131870/51504/114049/6218/85395/6230/25926/27341/54913/29777/6232/9875/57602/79707/51018/285367/9045/11224/8886/51490/55695/55720/128061/10775/25871/1736/84294/6201/55035/10813/54680/118460/26574/64216/6041/30836/88745/51077/55006/51119/55127/10200/28987/65095/10438/6234/115939/55505/54059/90121/57109/27079/9221/79979/92856/9326/196074/57455/11137/79050/9790/79922/57696/9277/27042/55003/130916/79066/10969/317781/25983/10528/55178/81691/50628/11056/65083/55226/29081/55352/6194/56342/9188/163859/22984/113000/10799/10199/54663/11103/3692/57418/5822/54853/90459/221078/51154/57647/79954/10248/27043/6209/161424/10607/51202/84881/10556/10557","GO:0006364","GO:0006364","rRNA processing","rRNA processing",4.86190015408062,0.239570773983066,TRUE,FALSE,0.86327297624994,0.86327297624994,"shared positive"
"human KD vs control vs mouse KD vs control","GO_BP","GO:0045063","T-helper 1 cell differentiation","either",0.05,"shared negative",-0.86082597644252,0.86082597644252,-1.01175341258508,-1.8725793890276,0.719650776053215,0.029055455910969,"15284/23882","5699/5692/5687/64332/5690/6693/64218/5685/5684/8807/301/3718/5689/5686/5691","GO:0045063","GO:0045063","T-helper 1 cell differentiation","T-helper 1 cell differentiation",-1.53677230562997,-0.142878201938829,TRUE,FALSE,-0.86082597644252,0.86082597644252,"shared negative"
"human KD vs control vs mouse KD vs control","GO_BP","GO:0006900","vesicle budding from membrane","either",0.05,"shared negative",-0.846638962916648,0.846638962916648,-0.832997578973082,-1.67963654188973,0.917469998749315,0.0427042201536992,"67511/108012/66371/27096/77352/66975/77371/56334/231070/21787/54198/107338/216131/66629/229593/11765/19324/27054/64933/75964","128866/9632/5861/9218/60684/10427/56681/5584/80006/8452/399687/27095/10113/7879/29956/79643/22878/1176/83696/22872/6281/51399/1759/54874/3638/64083","GO:0006900","GO:0006900","vesicle budding from membrane","vesicle budding from membrane",-1.36952920462602,-0.037408128264593,TRUE,FALSE,-0.846638962916648,0.846638962916648,"shared negative"
"human KD vs control vs mouse KD vs control","GO_BP","GO:0002218","activation of innate immune response","either",0.05,"shared positive",-0.84010310468961,0.84010310468961,1.91465384996864,1.07455074527903,4.56081105017279e-06,0.54127288929051,"55932/54123/15944/246730/15951/54396/20128/108089/230073/15950/381308/58203/100040462/209387/229900/70110/71586/69146/16145/236312/14469/23960/246727/64685/102639543/80861/142980/234311/20509/12363/226691/319236/217365/11651/19106/217718/78781/14283/56174/22596/24088/76438/108155/226695/217069/23961/225913/69035/68585/224897/266632/68077/74998/14375/52513/68614/100033459/268857/14468/58185/27419/78308/28185/231655/117149/16179/79554/17874/11820/319277/11845/110006/226791/21898/18754/18081/432940/73945/50523/68278/81601/107607/15510/71514/223664/20779/57783/216877/66220/26419/70796/625530/60533/66873","2547/2150/57506/7520/5591/29997/1956/3654/3428/142/5610/8815/23180/85364/201292/22861/3304/85363/3320/4615/80772/1535/79155/81926/9781/5587/7105/1387/5062/55765/9424/22900/148022/7706/7099/10392","GO:0002218","GO:0002218","activation of innate immune response","activation of innate immune response",0.266583724851281,5.34095791977115,FALSE,TRUE,-0.84010310468961,0.84010310468961,"shared positive"
"human KD vs control vs mouse KD vs control","GO_BP","GO:0060070","canonical Wnt signaling pathway","either",0.05,"shared negative",-0.83666331509283,0.83666331509283,-0.88615815769838,-1.72282147279121,0.936012977649603,0.000267760695440906,"14634/21951/14369/212398/58231/621976/56458/14184/12316/22410/26564/12389/107515/13614/70300/243272/13198/16973/67122/216795/59036/271457/68339/353310/269424/80288/26941/11789/67772/17242/14367/21415/228357/66241/213326/65114/70790/14632/11816/26401/70495","607/65125/6907/388336/5523/85407/5218/6663/147111/8796/57599/7088/54361/7475/9096/139285/283149/29959/90268/4929/4089/7484/166/84445/1456/1654/5204/2931/8321/55206/5495/9736/5494/1455/79971/6659/324/7855/79960/64854/6657/55737/7483/1601/9314/7320/6934/55031/23240/4790/9978/8324/2033/51366/122011/7480/6259/79705/7415/6788/650/5515/267/1499/6615/4040/80351/80326/4300/2263/50937/5499/5916/120892","GO:0060070","GO:0060070","canonical Wnt signaling pathway","canonical Wnt signaling pathway",-3.57225317267838,-0.0287181298061912,TRUE,FALSE,-0.83666331509283,0.83666331509283,"shared negative"
"human KD vs control vs mouse KD vs control","GO_BP","GO:0140374","antiviral innate immune response","either",0.05,"shared positive",-0.83664093914344,0.83664093914344,1.99889705053267,1.16225611138923,0.00165489276048687,0.484223238415034,"23962/24110/15959/246730/230073/15957/58203/246728/71586/26943/667370/23960/246727/80861/80287/19106/217069/23961","57506/3921/5610/201292/22861/22900/7706/24138/55210/3661/79844/117854/53905/340061/64081/4940/10955/60489/6737/200316/84282/11274/201626","GO:0140374","GO:0140374","antiviral innate immune response","antiviral innate immune response",0.314954372116007,2.78123014390505,FALSE,TRUE,-0.83664093914344,0.83664093914344,"shared positive"
"human KD vs control vs mouse KD vs control","GO_BP","GO:0141060","disruption of anatomical structure in another organism","either",0.05,"shared positive",-0.833245656417102,0.833245656417102,1.81709186368402,0.983846207266918,0.0403814104010516,0.684226025789359,"55932/54396/12266/229900/50908/16145/14469/50909/15331/19946/20085/20315/14468/17874/14433/18081","2150/3151/100507436/2635/4277/85236","GO:0141060","GO:0141060","disruption of anatomical structure in another organism","disruption of anatomical structure in another organism",0.164800410651189,1.39381851652916,FALSE,TRUE,-0.833245656417102,0.833245656417102,"shared positive"
"human KD vs control vs mouse KD vs control","GO_BP","GO:0045732","positive regulation of protein catabolic process","either",0.05,"shared negative",-0.829589119076322,0.829589119076322,-0.976945896587528,-1.80653501566385,0.775437867906039,0.000868460478164142,"69807/14756/20682/233900/12006/50754/72607/218203/13032/71240/106042/56440/56438/110616/107995/72736/321006/20333/56458/105835/12389/22350/99929/14828/20620/52551/15519/83814/59036/56312/22218/100494/80708/12534/193670/76843/19349/11501/237339/11789/71732/193740/21929/14466/65114/56486/20878/11816/15511","6811/29116/2931/8078/7879/4898/4035/4780/324/2185/51429/9532/28952/55737/27352/1601/5701/25831/150/25898/9978/130507/5747/2308/6872/20/22933/11236/29978/55823/10273/152503/3416/7415/283106/641700/64326/11337/5728/120892/4734/1642","GO:0045732","GO:0045732","positive regulation of protein catabolic process","positive regulation of protein catabolic process",-3.06124994060868,-0.110452994377212,TRUE,FALSE,-0.829589119076322,0.829589119076322,"shared negative"
"human KD vs control vs mouse KD vs control","GO_BP","GO:0140888","interferon-mediated signaling pathway","either",0.05,"shared positive",-0.82015854131513,0.82015854131513,2.32768249415725,1.50752395284212,5.79630247270525e-07,0.107327519028153,"23962/54123/24110/66141/15944/246730/547253/54396/100038882/58203/80285/246728/71586/16145/23960/246727/22059/20846/20847/80876/213002/13194/23961/99375/26987/78308/68713/231655/16179/17874/14082/16451/208727/434341","10410/57506/7474/3654/3454/6672/3460/201292/7297/4615/5770/56339/6773/3588/5468/54625/3459/401397/81844/9636/9755/3661/5781/117854/6772/340061/3455/4940/7187/29883","GO:0140888","GO:0140888","interferon-mediated signaling pathway","interferon-mediated signaling pathway",0.969288909629906,6.23684895950189,FALSE,TRUE,-0.82015854131513,0.82015854131513,"shared positive"
"human KD vs control vs mouse KD vs control","GO_BP","GO:0061668","mitochondrial ribosome assembly","either",0.05,"shared positive",0.81188400868113,0.81188400868113,1.17776812347359,1.98965213215472,0.559361841053249,0.00851204709262239,"72181/56412/70316/234384/72831/223722/118451/94254/212508/224481/52535/66410/207704/75593/107999","29960/81554/64745/26164/51335/8225/26284/22868/7284/196074/51116/130916/115416/92170/85865/55178","GO:0061668","GO:0061668","mitochondrial ribosome assembly","mitochondrial ribosome assembly",2.06996598232235,0.252307163966036,TRUE,FALSE,0.81188400868113,0.81188400868113,"shared positive"
"human KD vs control vs mouse KD vs control","GO_BP","GO:0007492","endoderm development","either",0.05,"shared positive",0.8006024069748,0.8006024069748,1.07183883099996,1.87244123797476,0.665989772397896,0.010458143363444,"12833/17387/12832/12827/15364/12816/14268/12837/240672/13537/11600/16558/12814/217351/14042/11838/214498/26914/19252/16777/17395/12831/21803","1294/1284/1301/3624/1291/3975/1846/3676/3912/8091/22943/1295/2626/3914/54623/1289/3915/57057/64321","GO:0007492","GO:0007492","endoderm development","endoderm development",1.9805454090233,0.176532440237001,TRUE,FALSE,0.8006024069748,0.8006024069748,"shared positive"
"human KD vs control vs mouse KD vs control","GO_BP","GO:0050830","defense response to Gram-positive bacterium","either",0.05,"shared positive",-0.79637522760812,0.79637522760812,1.90192348553937,1.10554825793125,0.0139803094281883,0.55162915658464,"55932/236573/229900/69146/11535/14469/17250/12363/24088/58809/18805/14468/117149/17874/11820/17472/14000/107607","3133/567/837/133/4615/85236/3575/6170/4852/3140","GO:0050830","GO:0050830","defense response to Gram-positive bacterium","defense response to Gram-positive bacterium",0.258352787077094,1.85448321618207,FALSE,TRUE,-0.79637522760812,0.79637522760812,"shared positive"
"human KD vs control vs mouse KD vs control","GO_BP","GO:0042776","proton motive force-driven mitochondrial ATP synthesis","either",0.05,"shared positive",0.791605190431,0.791605190431,0.9931462402426,1.7847514306736,0.738252171215881,0.0195673530707566,"66592/68073/67273/66218/66114/225887/72900/67680/67130/66416/70316/75406/214917/68349/67126/68194/66377/66091/17991/28080/17995/11949/67184/68342","4538/4508/4539/4535/4540/513/4698/4710/4537/539/4694/4725/514/4711/4536/126328/4509/9551/4717/4709/4731/4726/134145/6391/84277/4704/4707/51079/515/4716/521/65990/6392/4718","GO:0042776","GO:0042776","proton motive force-driven mitochondrial ATP synthesis","proton motive force-driven mitochondrial ATP synthesis",1.70846791856847,0.131795267091378,TRUE,FALSE,0.791605190431,0.791605190431,"shared positive"
"human KD vs control vs mouse KD vs control","GO_BP","GO:0002097","tRNA wobble base modification","either",0.05,"shared positive",0.79012247136452,0.79012247136452,1.17969246086084,1.96981493222536,0.55570709094552,0.00716223577301944,"74195/66965/105638/69372/98956/70359/54351/67674/246221/77766/230233/227835/67667/106248","51504/54733/54859/81890/79691/146712/84705/84267/27304/55687/57604/25821/285381/8518/348180/55140/55226","GO:0002097","GO:0002097","tRNA wobble base modification","tRNA wobble base modification",2.14495138658634,0.255154061485517,TRUE,FALSE,0.79012247136452,0.79012247136452,"shared positive"
"human KD vs control vs mouse KD vs control","GO_BP","GO:0170041","non-proteinogenic amino acid metabolic process","either",0.05,"shared positive",-0.78642701954761,0.78642701954761,1.9070773564838,1.12065033693619,0.00906804305939055,0.54435050993022,"107869/20512/56454/50527/192166/56693/18451/11898/112406/236539/14431/69719/269378/53381/108156/17850/18618/68021","493/1806/4548/23463/81539/875/56267/51166/1373/7915/4522/50507/642/4141/4552","GO:0170041","GO:0170041","non-proteinogenic amino acid metabolic process","non-proteinogenic amino acid metabolic process",0.264121365910333,2.04248642630343,FALSE,TRUE,-0.78642701954761,0.78642701954761,"shared positive"
"human KD vs control vs mouse KD vs control","GO_BP","GO:0010874","regulation of cholesterol efflux","either",0.05,"shared negative",-0.77580261099117,0.77580261099117,-1.05006821809282,-1.82587082908399,0.681231700819771,0.0438019758432494,"20788/12389/27403/217265/192663/11816","64137/23461/7376/10347/4035/128240/6721/21/4790/20/55004/158219/5595","GO:0010874","GO:0010874","regulation of cholesterol efflux","regulation of cholesterol efflux",-1.35850629866334,-0.166705150535095,TRUE,FALSE,-0.77580261099117,0.77580261099117,"shared negative"
"human KD vs control vs mouse KD vs control","GO_BP","GO:0060211","regulation of nuclear-transcribed mRNA poly(A) tail shortening","either",0.05,"shared negative",-0.77510240367754,0.77510240367754,-1.19810044292118,-1.97320284659872,0.55262004951756,0.0155667537637754,"233833/234594/208922/67710/22057","64282/27327/23019/26986/10140/56478/27161/23112/22849","GO:0060211","GO:0060211","regulation of nuclear-transcribed mRNA poly(A) tail shortening","regulation of nuclear-transcribed mRNA poly(A) tail shortening",-1.80780194423784,-0.25757336256666,TRUE,FALSE,-0.77510240367754,0.77510240367754,"shared negative"
"human KD vs control vs mouse KD vs control","GO_BP","GO:0030490","maturation of SSU-rRNA","either",0.05,"shared positive",0.76787833640769,0.76787833640769,1.04432103080731,1.812199367215,0.690306894155729,0.0106123711420825,"70078/213773/57315/67842/20085/72515/53414/59028/215193/68052/269470/98956/208366/110816/67674/104662/208144","51504/85395/25926/27341/29777/55720/128061/10813/26574/30836/88745/51077/55127/28987/65095/6234/115939/90121/92856/79050/9790/9277/27042/25983/10528/11056/65083/55226/10799/10199/11103/5822/57647/79954/161424/10607/9136/4809/153443/83732/51118","GO:0030490","GO:0030490","maturation of SSU-rRNA","maturation of SSU-rRNA",1.97418757002217,0.160957789252808,TRUE,FALSE,0.76787833640769,0.76787833640769,"shared positive"
"human KD vs control vs mouse KD vs control","GO_BP","GO:0097242","amyloid-beta clearance","either",0.05,"shared negative",-0.76456148157554,0.76456148157554,-1.08072265219768,-1.84528413377322,0.649252859938219,0.0403491793398221,"20788/20807/27403/271457/14725/67300/228357/11816","6722/3156/10347/4035/6721/4481/3416/1213/718/4311","GO:0097242","GO:0097242","amyloid-beta clearance","amyloid-beta clearance",-1.39416529394839,-0.187586128641052,TRUE,FALSE,-0.76456148157554,0.76456148157554,"shared negative"
"human KD vs control vs mouse KD vs control","GO_BP","GO:0000723","telomere maintenance","either",0.05,"shared positive",0.763556182053612,0.763556182053612,0.821284028368938,1.58484021042255,0.936295590524045,0.030476880142105,"20684/22059/16600/245474/13870/22596/20174/52530/12464/11792/14375/12466/50721/12468/72162/15382/79456/59047/12469/21745/21454/51812/26417/245000/234344/70315/15574/20779/68142/98956/56531/19364/51810/237107/26400/22427","2547/328/7520/5591/6672/142/1832/9401/3178/5371/3320/9156/5889/197342/908/55183/54386/11284/7517/6118/2237/3183/1736/2067/7486/1763/220064/7013/84464/54537/25913/6119/3364/26277/26354/56160/4683/54984/80119/55505/4361/56252/10574/641/10856/5892/64858/7515/7011/5588/5073/9212/10459/10728/1017/55226","GO:0000723","GO:0000723","telomere maintenance","telomere maintenance",1.51602949292354,0.0285870219162809,TRUE,FALSE,0.763556182053612,0.763556182053612,"shared positive"
"human KD vs control vs mouse KD vs control","GO_BP","GO:0060338","regulation of type I interferon-mediated signaling pathway","either",0.05,"shared positive",-0.76247528305241,0.76247528305241,1.7900948865224,1.02761960346999,0.0427950853852533,0.639998529290902,"54123/24110/246730/100038882/58203/23960/246727/20847","57506/7474/5770/56339/6773/401397/81844/9636/5781/117854/340061/4940/29883","GO:0060338","GO:0060338","regulation of type I interferon-mediated signaling pathway","regulation of type I interferon-mediated signaling pathway",0.193821024018581,1.36860610277696,FALSE,TRUE,-0.76247528305241,0.76247528305241,"shared positive"
"human KD vs control vs mouse KD vs control","GO_BP","GO:0030199","collagen fibril organization","either",0.05,"shared positive",-0.75611158339073,0.75611158339073,2.10905192967385,1.35294034628312,0.000345987434925343,0.26525886860648,"12842/12843/58859/12826/12833/50527/56693/18451/17385/16949/23892/12832/12825/12827/16950/234407/237360/216725/18822/104799/16948/14230/18214/74777/66180/239337/69675/11568/19645/56429/26432/219151/94352/12306/100952/13078/53867/12814","1282/1294/1284/1301/7837/1545/81792/4017/1288","GO:0030199","GO:0030199","collagen fibril organization","collagen fibril organization",0.57633008707801,3.46093967300397,FALSE,TRUE,-0.75611158339073,0.75611158339073,"shared positive"
"human KD vs control vs mouse KD vs control","GO_BP","GO:0002833","positive regulation of response to biotic stimulus","either",0.05,"shared positive",-0.75025207554413,0.75025207554413,1.84513719935418,1.09488512381005,3.21176023747127e-06,0.497227944799438,"55932/54123/16859/15944/246730/15951/54396/20128/108089/230073/15950/381308/58203/80285/100040462/209387/229900/70110/71586/69146/16145/13874/236312/18828/14469/23960/246727/64685/102639543/70097/20787/80861/142980/234311/20509/12363/226691/319236/217365/70428/11651/19106/217718/22628/78781/14283/56174/22596/24088/16174/76438/108155/20085/226695/217069/23961/225913/69035/68585/224897/266632/68077/74998/14375/52513/68614/100033459/268857/14468/58185/27419/78308/28185/231655/117149/16179/79554/19376/17874/11820/14082/319277/19294/11845/110006/226791/21898/18754/434341/18081/432940/73945/50523/68278/81601/54722/107607/15510/71514/223664/379043/20779/57783/216877/66220/100952/26419/70796/625530/60533/66873","2547/23705/2150/3133/57506/7520/5591/7474/29997/5817/1956/3654/3428/142/5610/8815/23180/85364/201292/22861/1687/3304/85363/3320/4615/80772/5578/1535/79155/5359/81926/9781/5587/7105/1387/5062/55765/55223/9424/22900/148022/661/7706/7099/10392/29126/5819/10924/81844/5336/3140/115004/56829/23328/3661/5781/55601/10318/117854/3107/53905/340061/23643/1374/29108/79184/4940/11213/7301/10622/57505/7187/81559","GO:0002833","GO:0002833","positive regulation of response to biotic stimulus","positive regulation of response to biotic stimulus",0.30344447148021,5.49325688289203,FALSE,TRUE,-0.75025207554413,0.75025207554413,"shared positive"
"human KD vs control vs mouse KD vs control","GO_BP","GO:0034341","response to type II interferon","either",0.05,"shared positive",-0.74225949566169,0.74225949566169,1.9677147556703,1.22545526000861,0.00051046150224012,0.385205731102288,"55932/66141/15944/547253/54396/236573/80285/69550/229900/109168/16423/20684/16145/14469/22793/22059/20846/17250/80876/213002/11898/24088/22352/107508/12332/21822/14026/14468/68713/52055/53330/16451/14433/21898/434341/17472/20913/104252/17913/74117/20821/16558/12540","10410/7474/6672/3460/2635/10241/140885/7297/23521/65010/1906/5468/54625/1612/3459/958/7099/9076","GO:0034341","GO:0034341","response to type II interferon","response to type II interferon",0.414307260053258,3.29203700577126,FALSE,TRUE,-0.74225949566169,0.74225949566169,"shared positive"
"human KD vs control vs mouse KD vs control","GO_BP","GO:0045089","positive regulation of innate immune response","either",0.05,"shared positive",-0.7412980067366,0.7412980067366,1.84616070376769,1.10486269703109,3.4352647624302e-06,0.490471603552592,"55932/54123/16859/15944/246730/15951/54396/20128/108089/230073/15950/381308/58203/80285/100040462/209387/229900/70110/71586/69146/16145/13874/236312/18828/14469/23960/246727/64685/102639543/20787/80861/142980/234311/20509/12363/226691/319236/217365/70428/11651/19106/217718/78781/14283/56174/22596/24088/16174/76438/108155/20085/226695/217069/23961/225913/69035/68585/224897/266632/68077/74998/14375/52513/68614/100033459/268857/14468/58185/27419/78308/28185/231655/117149/16179/79554/17874/11820/14082/319277/19294/11845/110006/226791/21898/18754/434341/18081/432940/73945/50523/68278/81601/107607/15510/71514/223664/379043/20779/57783/216877/66220/26419/70796/625530/60533/66873","2547/23705/2150/3133/57506/7520/5591/7474/29997/5817/1956/3654/3428/142/5610/8815/23180/85364/201292/22861/3304/85363/3320/4615/80772/1535/79155/5359/81926/9781/5587/7105/1387/5062/55765/55223/9424/22900/148022/661/7706/7099/10392","GO:0045089","GO:0045089","positive regulation of innate immune response","positive regulation of innate immune response",0.309386131561114,5.46403978540755,FALSE,TRUE,-0.7412980067366,0.7412980067366,"shared positive"
"human KD vs control vs mouse KD vs control","GO_BP","GO:0030217","T cell differentiation","either",0.05,"shared negative",-0.738213971340232,0.738213971340232,-0.841824672057618,-1.58003864339785,0.972099891355909,0.00707889295295932,"74143/319817/21414/12193/319583/20851/52683/14312/320790/16889/57765/20687/16362/217127/20869/207952/214162/14634/14369/58240/238555/15507/56480/57261/93685/64930/21417/20807/214812/240354/432763/17283/382051/67122/107817/15519/19156/14102/59009/11977/16450/11501/11789/17242/15284/14367/14466/16768/12144/12159/63953/23882","5914/2625/11006/3594/64410/51412/8651/80758/25/27086/6604/5699/10538/84695/942/5692/677/7535/3071/6599/6647/5687/4297/51463/11035/6097/3561/3716/2302/29110/3574/55193/64332/10524/5690/865/6693/338567/64218/5685/5684/26191/4221/6868/55626/8807/301/8546/55274/11143/3726/3549/4780/3659/6659/4063/6774/3718/6601/5689/23240/678/2648/6776/538/1386/5295/51043/149041/5686/2033/3956/4775/5691/3135/27166/11221/196528","GO:0030217","GO:0030217","T cell differentiation","T cell differentiation",-2.15003465502397,-0.0122891054074288,TRUE,FALSE,-0.738213971340232,0.738213971340232,"shared negative"
"human KD vs control vs mouse KD vs control","GO_BP","GO:0032640","tumor necrosis factor production","either",0.05,"shared positive",-0.736472923719466,0.736472923719466,1.59837493024031,0.861902006520844,0.0442426534928472,0.847788343978968,"16859/246730/20128/74155/230073/66725/214855/246728/71586/16423/23960/246727/142980/12257/73181/26362/20312/14870/24088/21937/23961/56632/15499/268857/16800/100689/117149/17874/11820/14082/21898/14869/19164/107607/108655/17975/11600","3133/57506/9590/7474/3315/7040/140885/1535/2000/23405/7057/4157/2621/1191/4023/3459/9466/7099/10392/54093/177/5336","GO:0032640","GO:0032640","tumor necrosis factor production","tumor necrosis factor production",0.0717125587284183,1.35415883372093,FALSE,TRUE,-0.736472923719466,0.736472923719466,"shared positive"
"human KD vs control vs mouse KD vs control","GO_BP","GO:0032680","regulation of tumor necrosis factor production","either",0.05,"shared positive",-0.736472923719466,0.736472923719466,1.59837493024031,0.861902006520844,0.0442426534928472,0.847788343978968,"16859/246730/20128/74155/230073/66725/214855/246728/71586/16423/23960/246727/142980/12257/73181/26362/20312/14870/24088/21937/23961/56632/15499/268857/16800/100689/117149/17874/11820/14082/21898/14869/19164/107607/108655/17975/11600","3133/57506/9590/7474/3315/7040/140885/1535/2000/23405/7057/4157/2621/1191/4023/3459/9466/7099/10392/54093/177/5336","GO:0032680","GO:0032680","regulation of tumor necrosis factor production","regulation of tumor necrosis factor production",0.0717125587284183,1.35415883372093,FALSE,TRUE,-0.736472923719466,0.736472923719466,"shared positive"
"human KD vs control vs mouse KD vs control","GO_BP","GO:0060337","type I interferon-mediated signaling pathway","either",0.05,"shared positive",-0.73474602868934,0.73474602868934,2.23729687848289,1.50255084979355,1.52637196881032e-05,0.124422918810557,"23962/54123/24110/66141/246730/100038882/58203/246728/71586/23960/246727/20846/20847/80876/213002/13194/23961/99375/26987/78308/68713/231655/16179/17874/14082/16451/208727/434341","10410/57506/7474/3654/3454/6672/201292/7297/4615/5770/56339/6773/401397/81844/9636/9755/3661/5781/117854/6772/340061/3455/4940/7187/29883","GO:0060337","GO:0060337","type I interferon-mediated signaling pathway","type I interferon-mediated signaling pathway",0.905099614852776,4.81633961820522,FALSE,TRUE,-0.73474602868934,0.73474602868934,"shared positive"
"human KD vs control vs mouse KD vs control","GO_BP","GO:0042254","ribosome biogenesis","either",0.05,"shared positive",0.72980369925421,0.72980369925421,1.32710242174051,2.05690612099472,0.144769919954833,3.32044385703115e-07,"70078/71990/18150/245474/27207/213773/234549/12181/75751/27998/67936/18148/20091/22596/57315/66596/67842/52530/225348/20085/20103/57750/99375/68077/72515/217011/57741/52513/72181/100019/73674/53414/101612/229504/59028/67014/27176/67134/19384/67115/27966/67040/66138/16785/20102/67281/66523/103136/56321/216156/215193/11837/229937/14000/234344/56412/17975/56200/70316/101867/68052/269470/98956/28126/68845/234384/60315/72831/66489/20116/382038/228889/102462/20104/67097/107071/237107/208366/74778/223722/118451/72344/74035/75273/72662/110816/66249/94254/67674/100503670/56095/75617/57444/67025/104662/66254/208144/212508/19942/72462/67920/192170/55989/20115/75686/71952/69663/76846/54127/213541/14791/140546/57294/106707/70285/78294/100608/224481/75422/271842/57316/19989/70683/69237/12261/52535/66410/76130/230082/97112/207704/68147/67941/75593/64934/107999/59050","6130/285855/6228/4869/7520/5591/3921/29997/6129/29960/54606/23076/23560/131870/51504/6949/114049/6218/85395/6230/81554/25926/27341/54913/29777/64745/26164/51335/81875/6232/9875/57602/79707/51018/6838/285367/9045/51550/11224/8886/54955/51490/55695/55720/8225/6189/26155/128061/10775/25871/1736/6233/84294/6201/83743/55035/10813/54680/118460/26284/220064/26574/64216/6041/22868/30836/51187/91582/2971/6210/88745/51077/1983/55006/51119/55127/7284/10200/28987/55319/65095/10438/84946/6234/115939/55505/54059/90121/57109/27079/9221/79979/6205/92856/9326/196074/57455/11137/79050/9790/79922/57696/9277/64794/27042/51116/1964/2752/55003/130916/79066/10969/115416/92170/317781/25983/10528/85865/55178/81691/50628/11056/7514/51388/65083/55226/29081/55352/6191/6194/56342/9188/163859/22984/113000/10799/10199/54663/11103/3692/57418/5822/54853/90459/221078/51154/64434/57647/79954/10248/54552/27043/6209/161424/10607/9816/51202/84881/10556/2257/10557","GO:0042254","GO:0042254","ribosome biogenesis","ribosome biogenesis",6.47880385853241,0.839321665726602,TRUE,FALSE,0.72980369925421,0.72980369925421,"shared positive"
"human KD vs control vs mouse KD vs control","GO_BP","GO:1901989","positive regulation of cell cycle phase transition","either",0.05,"shared positive",0.729475524197026,0.729475524197026,0.912549118421364,1.64202464261839,0.832725944211306,0.0327481584627665,"20135/108911/12567/18148/11651/59008/16952/74370/99375/12443/11792/18214/69957/105837/12444/18795/382985/319195/54451/18514/19645/11820/208643/108058/66214/20913/50883","894/4869/6241/9787/1956/221150/8379/332/7040/55835/26271/5889/6491/8558/81610/80174/2735/990/220134/994/54623/11065/5336/995/595","GO:1901989","GO:1901989","positive regulation of cell cycle phase transition","positive regulation of cell cycle phase transition",1.48481311680029,0.079497904355413,TRUE,FALSE,0.729475524197026,0.729475524197026,"shared positive"
"human KD vs control vs mouse KD vs control","GO_BP","GO:0060759","regulation of response to cytokine stimulus","either",0.05,"shared positive",-0.72589362760173,0.72589362760173,1.86497179987443,1.1390781722727,0.00049888654150234,0.479779490097484,"54123/24110/15944/246730/20563/547253/54396/100038882/20564/230073/58203/80285/71586/16145/23960/246727/16177/16600/15257/20847/16923/12363/26362/24088/21937/12977/24058/23961/229615","2150/57506/7837/7474/6091/3654/837/3304/5770/56339/23405/1906/6773/2621/56928/5468/54625/100133941/22900/958/81858/7099/401397/10555/81844/9636/3589/6653/3556/5781/8904/117854/84888/8737/340061/29108/4940/11213","GO:0060759","GO:0060759","regulation of response to cytokine stimulus","regulation of response to cytokine stimulus",0.318958321453375,3.30199821189587,FALSE,TRUE,-0.72589362760173,0.72589362760173,"shared positive"
"human KD vs control vs mouse KD vs control","GO_BP","GO:0016072","rRNA metabolic process","either",0.05,"shared positive",0.71913123126054,0.71913123126054,1.21111644267636,1.9302476739369,0.380331664931778,1.32422987935899e-05,"20587/70078/71990/18150/20017/245474/213773/12181/27998/67936/18148/70428/57315/21340/67842/52530/225348/20085/57750/68077/72515/52513/72181/73674/53414/59028/27176/67115/27966/67040/66138/67281/103136/216156/215193/229937/14000/234344/17975/20586/56200/101867/68052/269470/98956/68845/60315/66489/228889/102462/20104/216443/107071/208366/56717/74778/21453/72344/74035/75273/72662/26914/110816/67674/100503670/213550/56095/75617/57444/67025/320209/104662/66254/208144/19942/72462/67920/192170/20115/75686/69663/54127/213541/14791/140546/57294/106707/70333/20556/70285/224481/75422/271842/57316/19989/70683/69237/76130/230082/68147/67941/64934/59050/11727/217109/74097/217995/24014/20826/69902","6130/162394/285855/5591/29997/6129/1663/29960/54606/23076/131870/51504/6949/114049/6218/85395/6230/112495/25926/27341/54913/29777/6232/9875/57602/79707/55506/51018/285367/9045/84365/221830/11224/8886/1387/51490/55695/55720/128061/10775/25871/9328/1736/84294/6201/55035/10813/54680/118460/26574/64216/6041/30836/2971/88745/51077/55006/51119/55127/10200/28987/65095/10438/6234/2975/115939/55505/54059/90121/57109/27079/9221/79979/92856/9326/196074/57455/11137/79050/9790/79922/57696/9277/55106/10849/27042/55003/2972/130916/79066/10969/317781/25983/10528/55178/81691/50628/84172/11056/65083/55226/29081/55352/64425/4141/6194/5441/56342/9188/163859/22984/113000/10799/10199/54663/11103/3692/57418/5822/54853/90459/221078/51154/57647/79954/10248/27043/6209/161424/10607/51202","GO:0016072","GO:0016072","rRNA metabolic process","rRNA metabolic process",4.87803661710843,0.419837515417605,TRUE,FALSE,0.71913123126054,0.71913123126054,"shared positive"
"human KD vs control vs mouse KD vs control","GO_BP","GO:0002221","pattern recognition receptor signaling pathway","either",0.05,"shared positive",-0.718516518083819,0.718516518083819,1.6428746908416,0.924358172757781,0.0041763273566838,0.797696665737903,"54123/15944/246730/54396/20128/108089/230073/70110/71586/69146/16145/14469/23960/246727/64685/80861/142980/234311/20509/12363/226691/217365/11651/19106/217718/78781/14283/56174/24088/76438/108155/217069/23961/225913/69035/68585/224897/266632/68077/74998/52513/68614/268857/58185/27419/78308/231655/117149/16179/79554/17874/11820/319277/11845/110006/226791/21898/18754/18081/432940/73945/50523/68278/81601/107607/15510/223664/20779/57783/216877/66220/26419/70796/625530/60533/66873","2150/57506/5591/29997/1956/3654/3428/142/5610/8815/23180/85364/201292/22861/3304/4615/80772/1535/79155/81926/9781/5587/7105","GO:0002221","GO:0002221","pattern recognition receptor signaling pathway","pattern recognition receptor signaling pathway",0.0981622232360418,2.3792054669911,FALSE,TRUE,-0.718516518083819,0.718516518083819,"shared positive"
"human KD vs control vs mouse KD vs control","GO_BP","GO:0002758","innate immune response-activating signaling pathway","either",0.05,"shared positive",-0.714491118957013,0.714491118957013,1.6428746908416,0.928383571884587,0.0041763273566838,0.798685617007799,"54123/15944/246730/54396/20128/108089/230073/70110/71586/69146/16145/14469/23960/246727/64685/80861/142980/234311/20509/12363/226691/217365/11651/19106/217718/78781/14283/56174/24088/76438/108155/217069/23961/225913/69035/68585/224897/266632/68077/74998/52513/68614/268857/58185/27419/78308/231655/117149/16179/79554/17874/11820/319277/11845/110006/226791/21898/18754/18081/432940/73945/50523/68278/81601/107607/15510/223664/20779/57783/216877/66220/26419/70796/625530/60533/66873","2150/57506/5591/29997/1956/3654/3428/142/5610/8815/23180/85364/201292/22861/3304/4615/80772/1535/79155/81926/9781/5587/7105/1387/5062/55765/9424/22900/148022/7706/7099/10392","GO:0002758","GO:0002758","innate immune response-activating signaling pathway","innate immune response-activating signaling pathway",0.097624136414392,2.3792054669911,FALSE,TRUE,-0.714491118957013,0.714491118957013,"shared positive"
"human KD vs control vs mouse KD vs control","GO_BP","GO:2000785","regulation of autophagosome assembly","either",0.05,"shared negative",-0.70527842994762,0.70527842994762,-1.18933712459674,-1.89461555454436,0.502397977263784,0.0208349678886729,"56312/76561/98732/209478/237782/13641/170822/18711/117150/209131","23130/9554/23256/203228/8897/90410/79837/200576/140775/51375/65018/79142/55062/51100/8678/112574/29978/8723/120892","GO:2000785","GO:2000785","regulation of autophagosome assembly","regulation of autophagosome assembly",-1.68120716455074,-0.298952117807774,TRUE,FALSE,-0.70527842994762,0.70527842994762,"shared negative"
"human KD vs control vs mouse KD vs control","GO_BP","GO:0006760","folic acid-containing compound metabolic process","either",0.05,"shared positive",-0.70055403614093,0.70055403614093,1.86352501032527,1.16297097418434,0.0381664965085761,0.522911906575273,"270685/17768/192166/108037/107747/216188/108147/108156/22171/20425/14287","1719/4548/7298/8836/2356/4522/10797/6573/10841/4552/25902","GO:0006760","GO:0006760","folic acid-containing compound metabolic process","folic acid-containing compound metabolic process",0.281571469279413,1.41831770425907,FALSE,TRUE,-0.70055403614093,0.70055403614093,"shared positive"
"human KD vs control vs mouse KD vs control","GO_BP","GO:0032608","interferon-beta production","either",0.05,"shared positive",-0.69839159105402,0.69839159105402,1.93269381907068,1.23430222801666,0.00612869560363853,0.402572745075023,"54123/246730/100038882/230073/246728/71586/23960/246727/64685/66412/142980/70428/78781/24088/23961/268857/28185/117149","57506/140885/201292/3320/54476/661/7099/81844/9636/56829/3661/5781/340061/29108/4940/10622/7187","GO:0032608","GO:0032608","interferon-beta production","interferon-beta production",0.395155630997775,2.21263194838896,FALSE,TRUE,-0.69839159105402,0.69839159105402,"shared positive"
"human KD vs control vs mouse KD vs control","GO_BP","GO:0032648","regulation of interferon-beta production","either",0.05,"shared positive",-0.69839159105402,0.69839159105402,1.93269381907068,1.23430222801666,0.00612869560363853,0.402572745075023,"54123/246730/100038882/230073/246728/71586/23960/246727/64685/66412/142980/70428/78781/24088/23961/268857/28185/117149","57506/140885/201292/3320/54476/661/7099/81844/9636/56829/3661/5781/340061/29108/4940/10622/7187","GO:0032648","GO:0032648","regulation of interferon-beta production","regulation of interferon-beta production",0.395155630997775,2.21263194838896,FALSE,TRUE,-0.69839159105402,0.69839159105402,"shared positive"
"human KD vs control vs mouse KD vs control","GO_BP","GO:2001044","regulation of integrin-mediated signaling pathway","either",0.05,"shared positive",0.69116692828633,0.69116692828633,1.19605947257098,1.88722640085731,0.572828514927584,0.0248605866543334,"13731/21857/16950/192176/18073/16773/226519","5054/7076/9270/3912/5587/284217/3913/3915/3987/65979","GO:2001044","GO:2001044","regulation of integrin-mediated signaling pathway","regulation of integrin-mediated signaling pathway",1.60448862719342,0.24197537134359,TRUE,FALSE,0.69116692828633,0.69116692828633,"shared positive"
"human KD vs control vs mouse KD vs control","GO_BP","GO:0007156","homophilic cell-cell adhesion","either",0.05,"shared positive",0.690655662294129,0.690655662294129,0.927307528336561,1.61796319063069,0.801028760351801,0.0196726878673735,"12552/12563/64085/279653/93887/12554/93890/21810/93876/93888/93891/23965/19294/93878/329628/50706/105827/219257/93893","1012/55714/221935/23705/2195/6091/3897/5817/1829/1002/682/1951/1004/7216/26167/5818/56133/83872/133418/64221/57575/91624/5797/9620/5365/5754/5310/5819/347902","GO:0007156","GO:0007156","homophilic cell-cell adhesion","homophilic cell-cell adhesion",1.70613629863586,0.0963518906100799,TRUE,FALSE,0.690655662294129,0.690655662294129,"shared positive"
"human KD vs control vs mouse KD vs control","GO_BP","GO:1903900","regulation of viral life cycle","either",0.05,"shared positive",-0.69055234644043,0.69055234644043,2.43198009492575,1.74142774848532,7.41857142857143e-08,0.0143850779844455,"23962/66141/246730/100038882/20128/20568/69550/209387/229900/246728/71586/19358/23960/246727/22088/21974/15364/80287/80876/26362/226691/319236/213002/19106/78781/17858/76681/13194/217069/23961/56491/268373/58185/68713/231655","5478/10410/104/57506/63901/103/3609/3428/51495/5610/8815/682/10475/85363/8091/5359/27183/3838/55223/79720/7706/24138/6041/5819/9636/56829/5886/10318/27350/117854/4940/9582/7301/81559/29883/60489/6737/6780/222537","GO:1903900","GO:1903900","regulation of viral life cycle","regulation of viral life cycle",1.84208777936819,7.1296797174192,TRUE,TRUE,-0.69055234644043,0.69055234644043,"shared positive"
"human KD vs control vs mouse KD vs control","GO_BP","GO:0071706","tumor necrosis factor superfamily cytokine production","either",0.05,"shared positive",-0.686725341199931,0.686725341199931,1.56868223033808,0.881956889138149,0.0442426534928472,0.828687367678193,"16859/246730/20128/74155/230073/66725/214855/246728/71586/16423/23960/246727/142980/12257/73181/26362/20312/14870/24088/21937/23961/56632/15499/268857/16800/100689/117149/17874/11820/14082/21898/14869/19164/107607/108655/17975/11600/60533","3133/57506/9590/7474/3315/7040/140885/1535/2000/23405/7057/4157/2621/1191/4023/3459/9466/7099/10392/29126/54093/177/5336","GO:0071706","GO:0071706","tumor necrosis factor superfamily cytokine production","tumor necrosis factor superfamily cytokine production",0.0816092813921741,1.35415883372093,FALSE,TRUE,-0.686725341199931,0.686725341199931,"shared positive"
"human KD vs control vs mouse KD vs control","GO_BP","GO:1903555","regulation of tumor necrosis factor superfamily cytokine production","either",0.05,"shared positive",-0.686725341199931,0.686725341199931,1.56868223033808,0.881956889138149,0.0442426534928472,0.828687367678193,"16859/246730/20128/74155/230073/66725/214855/246728/71586/16423/23960/246727/142980/12257/73181/26362/20312/14870/24088/21937/23961/56632/15499/268857/16800/100689/117149/17874/11820/14082/21898/14869/19164/107607/108655/17975/11600/60533","3133/57506/9590/7474/3315/7040/140885/1535/2000/23405/7057/4157/2621/1191/4023/3459/9466/7099/10392/29126/54093/177/5336","GO:1903555","GO:1903555","regulation of tumor necrosis factor superfamily cytokine production","regulation of tumor necrosis factor superfamily cytokine production",0.0816092813921741,1.35415883372093,FALSE,TRUE,-0.686725341199931,0.686725341199931,"shared positive"
"human KD vs control vs mouse KD vs control","GO_BP","GO:0051648","vesicle localization","either",0.05,"shared negative",-0.682571354531282,0.682571354531282,-0.888849744033238,-1.57142109856452,0.897473824823796,0.0103521947325125,"20614/13603/67511/60595/67581/20844/108012/17918/58994/27096/66975/20869/16553/66994/22343/77097/226407/68428/110380/83431/16561/77573/76499/20971/245537/21787/16572/16573/12794/16574/100502766/107338/15194/216131/20964/11765/26412/19324/70450/19349/432516/12752/64933/56418/75964/16554/104015/20617","55686/6813/11336/5604/27243/92558/6814/26985/5048/1487/5861/55327/60684/9525/440279/80128/4640/56681/5864/80006/65018/8452/7016/23557/27095/8546/55435/60412/10015/7251/55763/11127/10113/7879/55614/22878/81565/1176/55062/83696/157769/57555/10987/1020/10749/6812/51399/3985/23095/30850/4644/1759/54874/22920/8927/1499/5413/84062/5728/120892","GO:0051648","GO:0051648","vesicle localization","vesicle localization",-1.98496756719506,-0.0469782089338871,TRUE,FALSE,-0.682571354531282,0.682571354531282,"shared negative"
"human KD vs control vs mouse KD vs control","GO_BP","GO:0045824","negative regulation of innate immune response","either",0.05,"shared positive",-0.66883042540829,0.66883042540829,1.87781148569035,1.20898106028206,0.00257889366738514,0.421362460868382,"16859/24110/15944/246730/547253/54396/100038882/16145/23960/246727/93694/64685/19056/80861/20847/226691/20085/23961/66294/21354/268857/26987/22631","3133/5817/3428/142/100507436/8815/7040/3106/56339/6773/9140/5468/54625/5819/401397/9636/60343/4940/11213/7301/80254/29883/10212/9212/6737","GO:0045824","GO:0045824","negative regulation of innate immune response","negative regulation of innate immune response",0.375344158248359,2.58856656426761,FALSE,TRUE,-0.66883042540829,0.66883042540829,"shared positive"
"human KD vs control vs mouse KD vs control","GO_BP","GO:0002286","T cell activation involved in immune response","either",0.05,"shared negative",-0.662648897251695,0.662648897251695,-0.921714423544835,-1.58436332079653,0.812286034234523,0.0435644497291679,"19883/20371/17085/22724/11891/12053/216799/328572/74143/319817/14063/16854/14312/57765/16362/214162/57261/93685/64930/240354/17283/74732/17242/15284/23882","80031/23476/57089/5914/2625/3594/6556/3965/3442/5699/10538/84695/942/5692/3071/3683/5687/4297/975/6097/3716/64332/5690/6693/3958/64218/5685/5684/4221/8807/301/3726/4063/6774/3718/5689/6776/149041/5686/2033/3956/5691","GO:0002286","GO:0002286","T cell activation involved in immune response","T cell activation involved in immune response",-1.36086776725128,-0.090291013596903,TRUE,FALSE,-0.662648897251695,0.662648897251695,"shared negative"
"human KD vs control vs mouse KD vs control","GO_BP","GO:0008535","respiratory chain complex IV assembly","either",0.05,"shared positive",0.66245869887342,0.66245869887342,1.1306139981363,1.79307269700972,0.620094013210778,0.0400693965731081,"68020/52469/67453/544717/66821/100503890/231430/67705/67899/20930/66272/68185","4514/55744/51287/90639/6341/84902/29090/1353/65260/84334","GO:0008535","GO:0008535","respiratory chain complex IV assembly","respiratory chain complex IV assembly",1.39718719779547,0.207542461593018,TRUE,FALSE,0.66245869887342,0.66245869887342,"shared positive"
"human KD vs control vs mouse KD vs control","GO_BP","GO:0035455","response to interferon-alpha","either",0.05,"shared positive",-0.66164348253607,0.66164348253607,2.13901316621267,1.4773696836766,0.00133925874264523,0.292376382176851,"66141/246730/15951/15957/69550/23960/80876/26362/213002/19106/23961/21822","10410/103/3454/5610/2621","GO:0035455","GO:0035455","response to interferon-alpha","response to interferon-alpha",0.534057712099043,2.87313550988309,FALSE,TRUE,-0.66164348253607,0.66164348253607,"shared positive"
"human KD vs control vs mouse KD vs control","GO_BP","GO:0032496","response to lipopolysaccharide","either",0.05,"shared positive",-0.660987511428293,0.660987511428293,1.64907152072628,0.988084009297987,0.00534064410093469,0.702115997874037,"55932/16859/15944/20539/54396/20128/70310/20568/209387/214855/12833/22169/16145/11535/18828/14469/12567/20846/19220/70097/14158/21423/54616/19225/12363/12257/211666/26362/319236/20312/11651/19106/14870/11898/21937/22352/108155/238871/231086/18578/266632/11532/15499/68614/268857/14468/16819/100689/17025/27419/117149/16179/17874/11421/18569/28253/21898/67553/77134/18754/13555/625249/26417/54196/12369/18104/108655/17975/57783/26419/60533/11350/12608/11303/14281/26400/21333/15975/235527/214498/22121/21672/110651","5054/9590/7474/3654/3454/567/2635/5879/140885/7132/85363/4615/5578/1604/79155/4088/840/1948/1906/8140/22900/148022/958/7099/8754/2149/9076/10068/54623/29126/4842/5336/80380/23328/10892/5781/10318/117854/27063/1373/23643/2048/29108/10935/11213/11093/19","GO:0032496","GO:0032496","response to lipopolysaccharide","response to lipopolysaccharide",0.153591131353215,2.27240636233233,FALSE,TRUE,-0.660987511428293,0.660987511428293,"shared positive"
"human KD vs control vs mouse KD vs control","GO_BP","GO:0060760","positive regulation of response to cytokine stimulus","either",0.05,"shared positive",-0.66017681727072,0.66017681727072,1.84292025776311,1.18274344049239,0.0201223061159958,0.458403526631412,"54123/15944/547253/54396/230073/58203/80285/71586/16145/16177/12363/26362/24088/12977","57506/7474/837/3304/1906/2621/54625/958/7099/10555/81844/8904/117854/8737/340061","GO:0060760","GO:0060760","positive regulation of response to cytokine stimulus","positive regulation of response to cytokine stimulus",0.338752049874282,1.69632224846407,FALSE,TRUE,-0.66017681727072,0.66017681727072,"shared positive"
"human KD vs control vs mouse KD vs control","GO_BP","GO:0071359","cellular response to dsRNA","either",0.05,"shared positive",-0.66008474638233,0.66008474638233,2.13762108170707,1.47753633532474,0.00269070929563585,0.238251033503259,"246730/230073/71586/14799/23960/246727/142980/18148/78781/23961","57506/85364/115004/3661/340061/4940/201626/79594/10084","GO:0071359","GO:0071359","cellular response to dsRNA","cellular response to dsRNA",0.62296520677027,2.57013322089885,FALSE,TRUE,-0.66008474638233,0.66008474638233,"shared positive"
"human KD vs control vs mouse KD vs control","GO_BP","GO:0071479","cellular response to ionizing radiation","either",0.05,"shared positive",0.65813683839854,0.65813683839854,1.0845834567227,1.74272029512124,0.647033861577799,0.030476880142105,"22059/12048/15270/226691/22601/107976/22596/14375/15499/224008/12444/16819/12955/15461/245000/15574/68142/24086/50883","2547/1026/7520/64710/3428/79073/6422/7040/1936/1535/83695/63979/7486/672/23514/4193/10635/3364","GO:0071479","GO:0071479","cellular response to ionizing radiation","cellular response to ionizing radiation",1.51602949292354,0.189072990565343,TRUE,FALSE,0.65813683839854,0.65813683839854,"shared positive"
"human KD vs control vs mouse KD vs control","GO_BP","GO:0051345","positive regulation of hydrolase activity","either",0.05,"shared negative",-0.65217186195809,0.65217186195809,-1.04556737388649,-1.69773923584458,0.661402279819143,0.024205834211389,"14270/20401/170625/14063/21844/18015/54126/329260/228482/217463/83431/13836/14184/105835/14056/64930/18720/12928/65079/19156/105445/110279/13605/381605/76089/231532/14681/433693/12929/19387/74018/19734/16007","5657/55854/29/2889/57679/613/2260/10928/5906/10411/81565/51429/81704/27352/6004/6281/26037/112574/139818/4763/650/7813/55851/27166/2263","GO:0051345","GO:0051345","positive regulation of hydrolase activity","positive regulation of hydrolase activity",-1.61607994557174,-0.179534312429321,TRUE,FALSE,-0.65217186195809,0.65217186195809,"shared negative"
"human KD vs control vs mouse KD vs control","GO_BP","GO:0060333","type II interferon-mediated signaling pathway","either",0.05,"shared positive",-0.65160483593416,0.65160483593416,1.92502396439221,1.27341912845805,0.029230504233604,0.402572745075023,"15944/547253/54396/80285/16145/22059/20846","6672/3460/7297/5468/54625/3459","GO:0060333","GO:0060333","type II interferon-mediated signaling pathway","type II interferon-mediated signaling pathway",0.395155630997775,1.5341636928881,FALSE,TRUE,-0.65160483593416,0.65160483593416,"shared positive"
"human KD vs control vs mouse KD vs control","GO_BP","GO:0046597","host-mediated suppression of symbiont invasion","either",0.05,"shared positive",-0.64867841133547,0.64867841133547,1.97060192564556,1.32192351431009,0.0092319228502396,0.345286403199247,"66141/20128/209387/17069/19288/80876/319236/213002/217069","10410/85363/5806/4061/7706/7726/286827","GO:0046597","GO:0046597","host-mediated suppression of symbiont invasion","host-mediated suppression of symbiont invasion",0.46182052310378,2.03470783350542,FALSE,TRUE,-0.64867841133547,0.64867841133547,"shared positive"
"human KD vs control vs mouse KD vs control","GO_BP","GO:0032200","telomere organization","either",0.05,"shared positive",0.647272124978392,0.647272124978392,0.821284028368938,1.46855615334733,0.936295590524045,0.0474876203015632,"20684/22059/16600/245474/13870/22596/20174/52530/12464/11792/14375/12466/50721/12468/72162/15382/79456/59047/12469/21745/21454/51812/26417/245000/234344/70315/15574/20779/68142/98956/56531/19364/51810/237107/26400/22427","2547/328/7520/5591/6672/142/1832/9401/3178/5371/3320/9156/5889/197342/908/55183/54386/11284/7517/6118/2237/3183/1736/2067/7486/1763/220064/7013/84464/54537/25913/6119/3364/26277/26354/56160/4683/54984/84444/80119/55505/4361/56252/10574/641/10856/5892/64858/7515/7011/5588/5073/9212/10459/10728/1017","GO:0032200","GO:0032200","telomere organization","telomere organization",1.32341959322688,0.0285870219162809,TRUE,FALSE,0.647272124978392,0.647272124978392,"shared positive"
"human KD vs control vs mouse KD vs control","GO_BP","GO:0006400","tRNA modification","either",0.05,"shared positive",0.6359116569952,0.6359116569952,1.26706015684806,1.90297181384326,0.454610309941085,0.00176720269941806,"74195/17299/70153/11651/328162/66965/15108/28114/74467/72181/20226/209584/68260/105638/69372/66628/72133/212528/98956/70359/13434/240174/83669/54351/71916/68857/227682/67674/76357/69786/72167/68730/433813/329504/224907/100929/246221/77766/230233/78697/227835/211006/66971/52686/67667/66926/74753/66369/108943/106248/67789/66246","51504/54733/54859/127253/115708/81890/339175/6894/26995/79691/64118/146712/10785/84705/84267/80745/55006/24140/51531/55623/54901/56986/27304/55687/57604/51654/25821/285381/142940/57570/55253/8518/55644/348180/441250/11180/55152/4234/55140/55226/79828/8846/84520/63892/54974/11062/221078/9836/55621/91801/84881/51605/56931/6741/285605","GO:0006400","GO:0006400","tRNA modification","tRNA modification",2.75271363374738,0.342360719293518,TRUE,FALSE,0.6359116569952,0.6359116569952,"shared positive"
"human KD vs control vs mouse KD vs control","GO_BP","GO:0033344","cholesterol efflux","either",0.05,"shared negative",-0.63161877849665,0.63161877849665,-1.21743567231246,-1.84905445080911,0.51631683605833,0.0277956031768307,"55938/20788/12389/27403/20597/18145/20778/217265/192663/11816","6256/64240/857/116519/8435/5444/64241/1066/64137/23461/7376/4864/10347/23673/4035/128240/6721/21/4790/20/55004/158219/5595","GO:0033344","GO:0033344","cholesterol efflux","cholesterol efflux",-1.55602389714163,-0.28708371324831,TRUE,FALSE,-0.63161877849665,0.63161877849665,"shared negative"
"human KD vs control vs mouse KD vs control","GO_BP","GO:0008652","amino acid biosynthetic process","either",0.05,"shared positive",-0.62357572402348,0.62357572402348,1.77103976640211,1.14746404237863,0.0379189023216678,0.506528364134538,"107869/20512/56454/100678/192166/108037/12035/11898/236539/27053/107272/69719/72562/108156/20425/53415/56369/216136/109079/18242/330817/57320/66902/17769/238505/66194/209027/70396","493/586/1806/4548/5831/58478/81539/875/29920/5092/1373/2752/4522/22929","GO:0008652","GO:0008652","amino acid biosynthetic process","amino acid biosynthetic process",0.29539623037831,1.42114424313098,FALSE,TRUE,-0.62357572402348,0.62357572402348,"shared positive"
"human KD vs control vs mouse KD vs control","GO_BP","GO:1903707","negative regulation of hemopoiesis","either",0.05,"shared negative",-0.623123559539291,0.623123559539291,-0.987204087507789,-1.61032764704708,0.757457153275799,0.0364545922323929,"17096/57259/83554/17242/15284/14461/22761/16768/21873/12159/217154","2302/796/5690/865/5685/5684/55365/55294/9444/3623/301/3549/3398/3659/150290/3718/5689/23240/6776/51043/149041/5686/3956/5691/3135/7107/342667","GO:1903707","GO:1903707","negative regulation of hemopoiesis","negative regulation of hemopoiesis",-1.43824775525917,-0.120641928663513,TRUE,FALSE,-0.623123559539291,0.623123559539291,"shared negative"
"human KD vs control vs mouse KD vs control","GO_BP","GO:0051650","establishment of vesicle localization","either",0.05,"shared negative",-0.617516583331008,0.617516583331008,-0.845670330117342,-1.46318691344835,0.945299882843502,0.0277956031768307,"20614/67511/60595/67581/20844/108012/17918/58994/27096/66975/20869/16553/66994/22343/77097/226407/68428/110380/83431/16561/76499/20971/21787/16572/16573/12794/16574/100502766/107338/15194/216131/11765/26412/19324/70450/19349/12752/64933/56418/75964/16554/104015/20617","55686/6813/11336/5604/27243/92558/6814/26985/5048/5861/55327/60684/9525/440279/80128/56681/5864/80006/65018/8452/7016/23557/27095/8546/55435/60412/10015/7251/55763/11127/10113/7879/55614/22878/81565/1176/55062/83696/157769/10987/1020/10749/6812/51399/3985/23095/30850/4644/1759/54874/22920/5413/84062/120892","GO:0051650","GO:0051650","establishment of vesicle localization","establishment of vesicle localization",-1.55602389714163,-0.024430395930969,TRUE,FALSE,-0.617516583331008,0.617516583331008,"shared negative"
"human KD vs control vs mouse KD vs control","GO_BP","GO:0001959","regulation of cytokine-mediated signaling pathway","either",0.05,"shared positive",-0.61650798542967,0.61650798542967,1.80088363123479,1.18437564580512,0.006630064403503,0.400713213213213,"54123/24110/15944/246730/20563/547253/54396/100038882/20564/58203/80285/16145/23960/246727/16177/15257/20847/16923/12363/26362/21937/12977/24058/23961/229615","2150/57506/7837/7474/6091/3654/837/3304/5770/56339/23405/1906/6773/2621/56928/5468/54625/100133941/22900/958/81858/401397/10555/81844/9636/3589/6653/3556/5781/8904/117854/84888/8737/340061/29108/4940/11213/29883","GO:0001959","GO:0001959","regulation of cytokine-mediated signaling pathway","regulation of cytokine-mediated signaling pathway",0.397166336801202,2.17848225289988,FALSE,TRUE,-0.61650798542967,0.61650798542967,"shared positive"
"human KD vs control vs mouse KD vs control","GO_BP","GO:0000470","maturation of LSU-rRNA","either",0.05,"shared positive",0.61635085736415,0.61635085736415,1.24443168550821,1.86078254287236,0.521218936656589,0.027526278638225,"12181/18148/57750/27176/67281/229937/66489/74035/67674/56095/67920/70285/19989/69237/76130/64934/59050","6130/285855/6129/51504/9875/79707/51018/11224/8886/54680","GO:0000470","GO:0000470","maturation of LSU-rRNA","maturation of LSU-rRNA",1.56025249823712,0.28297981411052,TRUE,FALSE,0.61635085736415,0.61635085736415,"shared positive"
"human KD vs control vs mouse KD vs control","GO_BP","GO:0032869","cellular response to insulin stimulus","either",0.05,"shared negative",-0.61399975338066,0.61399975338066,-1.07279889985546,-1.68679865323612,0.58575796915088,0.00482293969868787,"231070/108664/83431/329877/12390/56458/19271/66144/20845/320706/18479/83946/106572/12566/213053/64898/18607/20683/20544/17977/16332/11984/19246/210789/114143/11789/384783/18710/16367/11964/117150/192157/231207/66335/13033/73834/11972","2058/6844/2729/10999/490/55829/79837/51094/2950/4690/132864/5584/3265/9663/5313/5580/8452/51141/6720/8473/5058/4218/645/6198/2931/10890/9820/81565/324/1176/10499/5791/5166/2690/4303/23371/5562/9978/80318/10014/2308/3645/376497/54206/6430/5295/143686/51043/10458/5290/4644/55667/3416/8850/5595/3625/3638/5140","GO:0032869","GO:0032869","cellular response to insulin stimulus","cellular response to insulin stimulus",-2.31668816803682,-0.232281794178358,TRUE,FALSE,-0.61399975338066,0.61399975338066,"shared negative"
"human KD vs control vs mouse KD vs control","GO_BP","GO:0099173","postsynapse organization","either",0.05,"shared negative",-0.609912424814323,0.609912424814323,-0.957924811575807,-1.56783723639013,0.805219858348117,0.0129839291482611,"231637/18015/22782/216831/54126/76936/268932/29816/106042/70729/77097/108100/18002/227580/53310/245537/12704/26564/18483/22350/241638/13841/19122/239027/12928/65079/67943/22215/75786/216963/16975/217124/59036/13845/208922/70178/381921/19246/19141/75415/243548/17356/240057/18222/12929/13636/228357/100732/68183/73728/65114/16776/11816/50997","1072/41/57468/23613/9463/8831/4076/2534/23369/10611/78999/2260/5802/2185/89910/7804/9844/57555/55737/1020/1398/445582/26037/51104/1942/9215/388135/10458/653781/4763/58489/9294/6405/84062/5728/22849/1605/2049/8828/120892/9252/728378/653269","GO:0099173","GO:0099173","postsynapse organization","postsynapse organization",-1.88659386306808,-0.0940855230721823,TRUE,FALSE,-0.609912424814323,0.609912424814323,"shared negative"
"human KD vs control vs mouse KD vs control","GO_BP","GO:1901293","nucleoside phosphate biosynthetic process","either",0.05,"shared positive",-0.60878887460446,0.60878887460446,1.69884746795127,1.09005859334681,0.000674279017852924,0.513992330105967,"23962/246730/12041/228026/192185/22169/20135/353172/14381/11566/56520/226518/320685/54342/23918/12048/15452/319518/229949/108147/19241/66592/14923/56174/68073/11639/11674/67942/104112/55936/11951/14104/67273/66218/107476/66294/71743/56632/69719/54128/64451/68614/235339/110446/66588/269951/382985/26395/27369/433256/108156/18597/22271/66812/17850/212627/22333/110821/104111/66114/22171/225887/72900/68646/20425/67680/67130/66416/70316/22122/75406/73132/14450/319945/80914/68556/236900/67054/50790/109674/69080/11717/218756/11541/230125/98496/67980/331026/29807/214917/85305/68349/16189/107197/67126/13806","4538/4508/4539/4535/4540/6241/1854/7378/4833/513/1635/142/4698/2987/4710/4537/9945/539/7040/4694/9556/4725/9060/204/514/54898/4711/4536/2618/109/125061/55022/55343/55191/1841/93100/205/4830/126328/7083/1716/84532/1353/4509/9551/4717/7114/5465/197322/4831/4709/353/64841/4731/4726/50808/790955/7298/54963/134145/6391/84277/83549/5238/282969/4704/115/79717/80347/54704/4707/6901","GO:1901293","GO:1901293","nucleoside phosphate biosynthetic process","nucleoside phosphate biosynthetic process",0.289043361583534,3.17116035444537,FALSE,TRUE,-0.60878887460446,0.60878887460446,"shared positive"
"human KD vs control vs mouse KD vs control","GO_BP","GO:0002237","response to molecule of bacterial origin","either",0.05,"shared positive",-0.60798677230851,0.60798677230851,1.63408970834457,1.02610293603606,0.00619761328950037,0.635080193043718,"55932/16859/15944/20539/54396/20128/70310/20568/209387/214855/12833/22169/16145/11535/18828/14469/12567/20846/19220/70097/14158/21423/54616/19225/12363/12257/211666/26362/319236/20312/11651/19106/14870/11898/24088/21937/22352/108155/238871/231086/18578/266632/11532/15499/68614/268857/14468/16819/100689/17025/27419/117149/16179/17874/11421/18569/28253/21898/67553/77134/18754/13555/625249/26417/54196/12369/18104/108655/17975/223601/57783/26419/60533/11350","5054/9590/7474/3654/3454/196/567/2635/5879/140885/7132/85363/4615/5578/1604/79155/4088/840/1948/1906/8140/55765/100133941/22900/148022/958/7099/8754/2149/9076/10068/54623/29126/4842/5336/80380/23328/10892/5781/10318/117854/27063/1373/23643/2048/29108/10935/11213/11093/19","GO:0002237","GO:0002237","response to molecule of bacterial origin","response to molecule of bacterial origin",0.197171431877452,2.20777552578561,FALSE,TRUE,-0.60798677230851,0.60798677230851,"shared positive"
"human KD vs control vs mouse KD vs control","GO_BP","GO:0008033","tRNA processing","either",0.05,"shared positive",0.59695941646446,0.59695941646446,1.27011091589469,1.86707033235915,0.375918028903103,0.0014530865185279,"74195/17299/70153/104721/11651/328162/67106/66965/15108/28114/74467/52477/72181/20226/209584/68260/105638/69372/66628/28088/72133/66192/212528/68045/98956/70359/208366/67724/13434/240174/83669/54351/71916/68857/227682/68626/67674/76357/70047/69786/72167/68730/433813/381802/329504/76265/224907/98404/100929/73681/246221/77766/67053/230233/78697/66132/227835/211006/381406/74097/66971/68215/66078/114615/52231/52686/67667/66926/74753/107328/66369/108943/106248/67789/69961/66246","51504/54913/54733/54859/127253/115708/81890/339175/60528/23536/11102/6894/26995/10775/9692/79691/64118/146712/10785/84705/84267/80746/80745/116461/55006/24140/51531/83707/55623/54901/56986/27304/79979/55687/57604/51654/25821/285381/142940/57570/55253/8518/55644/348180/441250/11180/55152/4234/55140/112858/339487/55226/283742/10799/138716/79828/8846/84520/63892/54974/11062/113179/221078/283989/10248/9836/55621/91801/84881/10556/51605/10557/26024/56931/6741/285605","GO:0008033","GO:0008033","tRNA processing","tRNA processing",2.83770852651367,0.424906845168415,TRUE,FALSE,0.59695941646446,0.59695941646446,"shared positive"
"human KD vs control vs mouse KD vs control","GO_BP","GO:0002693","positive regulation of cellular extravasation","either",0.05,"shared positive",0.59140682080599,0.59140682080599,1.1815384311778,1.77294525198379,0.571308718491365,0.037819969401484,"16423/16177/21838","4192/7070/4267/83700","GO:0002693","GO:0002693","positive regulation of cellular extravasation","positive regulation of cellular extravasation",1.42227882685989,0.243129148311587,TRUE,FALSE,0.59140682080599,0.59140682080599,"shared positive"
"human KD vs control vs mouse KD vs control","GO_BP","GO:0015986","proton motive force-driven ATP synthesis","either",0.05,"shared positive",0.5873658779442,0.5873658779442,1.08099068927689,1.66835656722109,0.65274417562724,0.0310236669184272,"66592/68073/67942/11951/67273/66218/66114/225887/72900/67680/67130/66416/70316/75406/214917/68349/67126","4538/4508/4539/4535/4540/513/4698/4710/4537/539/4694/9556/4725/514/4711/4536/126328/4509/9551/4717/4709/4731/4726/134145/6391/84277/4704/4707/51079/9605/515/4716/521/65990/6392/4718","GO:0015986","GO:0015986","proton motive force-driven ATP synthesis","proton motive force-driven ATP synthesis",1.50830687098667,0.18525699465513,TRUE,FALSE,0.5873658779442,0.5873658779442,"shared positive"
"human KD vs control vs mouse KD vs control","GO_BP","GO:0000963","mitochondrial RNA processing","either",0.05,"shared positive",0.58510319705876,0.58510319705876,1.29750027899842,1.88260347605718,0.449276106792835,0.027374617858698,"71701/15108/66587/52477/70359/21379/227682/68626/76357/70047/66132/380601/72416/66971","81892/9238/60528/26995/9692/87178/84705/22868/55006/79675/55687/51654/10128/25821/57570/60493/55149/79828","GO:0000963","GO:0000963","mitochondrial RNA processing","mitochondrial RNA processing",1.56265193472779,0.347486677253728,TRUE,FALSE,0.58510319705876,0.58510319705876,"shared positive"
"human KD vs control vs mouse KD vs control","GO_BP","GO:0045931","positive regulation of mitotic cell cycle","either",0.05,"shared positive",0.58336516105088,0.58336516105088,1.12549663575144,1.70886179680232,0.557697680286945,0.0196371929198304,"20135/67811/108911/12567/13685/67117/11651/27053/59008/16952/74370/99375/12443/11792/18214/69957/105837/15499/12444/18795/382985/319195/54451/18514/18472/19645/11820","894/6241/9787/1956/221150/8379/332/7040/55835/26271/3280/5889/5578/6491/8558/284001/1845/80174/6790/990/220134/4824/4193/23326/994/11065/995/6886/595/991/150465","GO:0045931","GO:0045931","positive regulation of mitotic cell cycle","positive regulation of mitotic cell cycle",1.70692059325768,0.25360116192887,TRUE,FALSE,0.58336516105088,0.58336516105088,"shared positive"
"human KD vs control vs mouse KD vs control","GO_BP","GO:0009615","response to virus","either",0.05,"shared positive",-0.58319917328024,0.58319917328024,2.09159612845624,1.508396955176,7.41857142857143e-08,0.0130146827679046,"99899/11475/23962/54123/16859/24110/66141/15944/15959/246730/54396/100038882/67775/20128/230073/15957/58203/80285/69550/209387/229900/246728/71586/16145/26943/74747/14469/209200/667370/23960/246727/18263/76933/64685/66854/20846/26939/12048/80861/20847/142980/234311/15364/56048/80287/80876/27998/12176/226691/319236/104721/17454/213002/70428/19106/19777/78781/17858/100039796/217069/23961/56213/75788/21822/52513/56491/74568/14468/16819/94094/100689/58185/66700/78308/68713/28185/231655/17874/16765/72162/67005/14082/67160/66799/67040/434341/73945/76952/668661/11993/17472/11810/54722/12028","10410/104/2150/57506/3921/2736/80212/103/3609/1021/3428/3454/54606/23076/3315/100507436/3460/91607/5610/8815/2635/7040/85364/201292/22861/5371/1687/85363/3320/10561/4615/27297/51652/8091/5359/8061/54476/81576/4088/10346/4277/6773/3588/1191/9140/3459/22900/148022/661/7706/24138/6041/151636/1129/6210/5465/7726/84851/81844/440275/9636/4600/3964/598/9755/115004/2537/56829/84932/10155/55210/3661/91351/55601/79844/51251/27350/117854/53905/6772/340061/255520/64081/51191/3455/29108/4940/11213/5366/55509/9582/10622/7187/81559/10955/29883","GO:0009615","GO:0009615","response to virus","response to virus",1.88556641332713,7.1296797174192,TRUE,TRUE,-0.58319917328024,0.58319917328024,"shared positive"
"human KD vs control vs mouse KD vs control","GO_BP","GO:0099072","regulation of postsynaptic membrane neurotransmitter receptor levels","either",0.05,"shared negative",-0.581256801040112,0.581256801040112,-0.934716526178998,-1.51597332721911,0.833256313685621,0.0473087411711762,"213990/76123/227580/53310/208431/69091/56149/216963/13642/15519/22034/83814/211323/234729/108086/22627/17920/18222/20908/65114/56486/74018/104015","23154/5604/5913/2059/26985/160/3084/2319/9922/102/388336/5584/3208/3265/57468/1741/57679/8473/57477/4218/1500/25921/55914/5906/81609/22908/1740/64854/161/55737/23096/116988/23136/11337/1605/27065","GO:0099072","GO:0099072","regulation of postsynaptic membrane neurotransmitter receptor levels","regulation of postsynaptic membrane neurotransmitter receptor levels",-1.32505860785263,-0.0792213869522359,TRUE,FALSE,-0.581256801040112,0.581256801040112,"shared negative"
"human KD vs control vs mouse KD vs control","GO_BP","GO:0042255","ribosome assembly","either",0.05,"shared positive",0.58121126545295,0.58121126545295,1.21094938209902,1.79216064755197,0.526433382911808,0.011812181502179,"12181/22596/20085/68077/72181/100019/16785/56412/70316/234384/72831/20104/67097/74778/223722/118451/110816/94254/100503670/67025/208144/212508/54127/224481/12261/52535/66410/207704/75593/107999","4869/7520/5591/3921/29997/29960/81554/27341/29777/64745/26164/51335/8225/26284/22868/1983/51119/7284/6234/196074/51116/1964/130916/115416/92170/85865/55178/51388","GO:0042255","GO:0042255","ribosome assembly","ribosome assembly",1.92766988842647,0.278656578446733,TRUE,FALSE,0.58121126545295,0.58121126545295,"shared positive"
"human KD vs control vs mouse KD vs control","GO_BP","GO:0019216","regulation of lipid metabolic process","either",0.05,"shared negative",-0.58080338622825,0.58080338622825,-1.04022936369854,-1.62103274992679,0.665868513095819,0.00321115760669845,"56690/14732/68801/207952/13360/66844/18591/12894/231070/64384/22668/72736/12912/20788/19091/403187/108079/20845/12389/14077/80290/14705/18984/27403/226856/66853/13614/80907/67630/19156/102774/20778/18590/320808/100705/192663/12189/384783/100504663/107770/16367/66612/12724/13666/53975/353187/217166/11816/16007/20617/234779/19017","8897/32/6097/54578/259230/51094/64137/706/57540/255919/7376/10524/23038/9572/23352/5443/9600/51083/254013/55294/54361/5580/10162/9444/5447/219743/6720/10196/63924/155/150094/10347/23399/6342/3398/29956/9611/427/10499/5166/26137/5743/1601/6721/5562/21/4790/150/376497/225/8611/20/22933/2181/10273/9373/5165/650/5230/6615/8398/8850/64326/158219/33/7291/3638/718/5140","GO:0019216","GO:0019216","regulation of lipid metabolic process","regulation of lipid metabolic process",-2.49333837832024,-0.176611521091909,TRUE,FALSE,-0.58080338622825,0.58080338622825,"shared negative"
"human KD vs control vs mouse KD vs control","GO_BP","GO:0051607","defense response to virus","either",0.05,"shared positive",-0.58002761817937,0.58002761817937,2.09753743642093,1.51750981824156,7.41857142857143e-08,0.0248605866543334,"23962/54123/24110/66141/15944/15959/246730/54396/100038882/67775/20128/230073/15957/58203/80285/69550/209387/229900/246728/71586/16145/26943/74747/14469/209200/667370/23960/246727/66854/20846/26939/12048/80861/20847/142980/234311/80287/80876/27998/12176/226691/319236/104721/17454/213002/70428/19106/78781/17858/217069/23961/56213/75788/52513/56491/74568/14468/94094/100689/58185/66700/78308/68713/28185/231655/17874/72162/67005/14082/66799/67040","10410/104/2150/57506/3921/80212/103/3609/3428/54606/100507436/91607/5610/2635/85364/201292/22861/5371/85363/3320/4615/27297/51652/5359/54476/10346/4277/6773/3588/9140/22900/148022/661/7706/24138/6041/151636/5465/7726/84851/81844/440275/9636/4600/598/9755/115004/2537/56829/84932/10155/55210/3661/91351/55601/79844/51251/27350/117854/53905/6772/340061/255520/64081/51191/3455/29108/4940/5366/9582/10622/7187/81559/10955/29883","GO:0051607","GO:0051607","defense response to virus","defense response to virus",1.60448862719342,7.1296797174192,TRUE,TRUE,-0.58002761817937,0.58002761817937,"shared positive"
"human KD vs control vs mouse KD vs control","GO_BP","GO:0042274","ribosomal small subunit biogenesis","either",0.05,"shared positive",0.57939824047754,0.57939824047754,1.55570496132286,2.1351032018004,0.0687381987067028,4.98367121611854e-05,"70078/27207/213773/18148/20091/22596/57315/67842/225348/20085/20103/72515/72181/73674/53414/59028/67134/27966/16785/20102/66523/56321/215193/56412/68052/269470/98956/20116/102462/20104/67097/208366/74778/223722/110816/66249/94254/67674/75617/104662/66254/208144/55989/20115/76846/54127/14791/57294/78294/224481/70683/52535/230082","6228/4869/7520/5591/3921/51504/6218/85395/6230/81554/25926/27341/29777/64745/6232/6838/55720/6189/128061/6233/6201/10813/26284/26574/30836/91582/6210/88745/51077/55127/28987/65095/84946/6234/115939/90121/6205/92856/196074/79050/9790/9277/27042","GO:0042274","GO:0042274","ribosomal small subunit biogenesis","ribosomal small subunit biogenesis",4.30245061677734,1.16280185279218,TRUE,FALSE,0.57939824047754,0.57939824047754,"shared positive"
"human KD vs control vs mouse KD vs control","GO_BP","GO:1905037","autophagosome organization","either",0.05,"shared negative",-0.57061212740241,0.57061212740241,-1.14555373293823,-1.71616586034064,0.502397977263784,0.00881487048737927,"22034/56312/66270/76561/98732/29810/209478/19324/21968/237782/13641/19349/54170/12752/170822/18711/211978/57436/67443/68118/100504663/14466/67526/56486/117150/209131/13033","83452/162427/8897/90410/5861/79837/200576/440026/84557/140775/51375/23647/9821/65018/55626/488/55968/23673/79142/7879/79137/10043/55062/51100/8678/112574/9706/29978/8723/11337/120892/54463","GO:1905037","GO:1905037","autophagosome organization","autophagosome organization",-2.05478406419616,-0.298952117807774,TRUE,FALSE,-0.57061212740241,0.57061212740241,"shared negative"
"human KD vs control vs mouse KD vs control","GO_BP","GO:0042273","ribosomal large subunit biogenesis","either",0.05,"shared positive",0.56475508220346,0.56475508220346,1.39573641370532,1.96049149590878,0.295454114434182,0.00187507199205309,"234549/12181/18148/66596/57750/68077/217011/57741/72181/100019/27176/67115/67281/229937/70316/28126/72831/66489/107071/74035/94254/67674/100503670/56095/67025/212508/67920/70285/19989/69237/76130/207704/75593/64934/107999/59050/57815","6130/285855/4869/29997/6129/29960/23560/51504/81554/26164/9875/79707/51018/6838/9045/51550/11224/8886/54955/8225/26155/54680/220064/22868/51187/2971/7284/55319/9326/57696/55003/130916/10969/115416/92170/85865/55178/51388","GO:0042273","GO:0042273","ribosomal large subunit biogenesis","ribosomal large subunit biogenesis",2.72698205318897,0.529509957745173,TRUE,FALSE,0.56475508220346,0.56475508220346,"shared positive"
"human KD vs control vs mouse KD vs control","GO_BP","GO:0002832","negative regulation of response to biotic stimulus","either",0.05,"shared positive",-0.56258604838781,0.56258604838781,1.74379463058248,1.18120858219467,0.0139803094281883,0.409133719379302,"16859/24110/15944/246730/547253/54396/100038882/16145/23960/246727/93694/64685/19056/80861/20847/226691/22628/20085/23961/56213/22225/66294/21354/268857/26987/22631/19294/434341/76952/68278/26417","3133/5817/3428/142/196/100507436/8815/7040/140885/3106/4088/56339/4277/6773/9140/5468/54625/22900/29126/5819/401397/9636","GO:0002832","GO:0002832","negative regulation of response to biotic stimulus","negative regulation of response to biotic stimulus",0.388134725984667,1.85448321618207,FALSE,TRUE,-0.56258604838781,0.56258604838781,"shared positive"
"human KD vs control vs mouse KD vs control","GO_BP","GO:0007259","cell surface receptor signaling pathway via JAK-STAT","either",0.05,"shared positive",-0.56081604710753,0.56081604710753,1.70403821311582,1.14322216600829,0.0313485988028819,0.498123962138267,"547253/80285/229900/20897/20846/18764/16453/12568/20847/16923/16950/15364/14158/14600/24088/21937/20852/229615/216233/12702/16164/107566/16451/18763/110006/52023/16878/230514/13078/15976/16818/67561/56468/15975/14360/230484/16189/12703/228812/16452/54721","1545/3454/10617/55835/5879/7132/3280/7297/8091/132299/6773/3588/7428/3815/3575/54625/54741/3566/9466/958/2149/5310","GO:0007259","GO:0007259","cell surface receptor signaling pathway via JAK-STAT","cell surface receptor signaling pathway via JAK-STAT",0.302662566129259,1.50378186618179,FALSE,TRUE,-0.56081604710753,0.56081604710753,"shared positive"
"human KD vs control vs mouse KD vs control","GO_BP","GO:0072522","purine-containing compound biosynthetic process","either",0.05,"shared positive",-0.55530233587858,0.55530233587858,1.66992259913087,1.11462026325229,0.00371343346070912,0.484682976336734,"23962/246730/20750/12041/228026/192185/14381/11566/56520/226518/23918/12048/15452/319518/108147/19241/66592/14923/68073/11639/11674/67942/104112/11951/14104/67273/66218/107476/66294/71743/56632/64451/68614/235339/110446/269951/26395/27369/433256/108156/18597/66812/17850/212627/22333/110821/104111/66114/225887/72900/68646/20425/67680/67130/66416/70316/75406/73132/14450/23959/236900/67054/50790/109674/11717/218756/11541/230125/98496/29807/214917/68349/16189/107197/67126/13806/75894/74450/66902/231327/230103","4538/4508/4539/4535/4540/4833/513/142/4698/2987/4710/4537/539/7040/4694/9556/4725/9060/204/514/54898/4711/4536/2618/109/125061/55022/55191/93100/205/4830/126328/1716/84267/84532/1353/4509/9551/4717/7114/5465/197322/4831/4709/353/4731/4726/50808/790955/134145/6391/84277/4704/115/79717/80347/54704/4707/6901/4522/114/107/51079/27109/9605/56848/515/4716/5198/51422/56952/4967/521/161823/65990/54981/6392/6785/4718/100","GO:0072522","GO:0072522","purine-containing compound biosynthetic process","purine-containing compound biosynthetic process",0.314542233862664,2.43022435359994,FALSE,TRUE,-0.55530233587858,0.55530233587858,"shared positive"
"human KD vs control vs mouse KD vs control","GO_BP","GO:0019058","viral life cycle","either",0.05,"shared positive",-0.55485156532297,0.55485156532297,1.9660144757527,1.41116291042973,2.17199475906016e-05,0.0768176927521047,"23962/66141/246730/100038882/20128/20587/20568/69550/209387/229900/246728/71586/18828/19358/23960/246727/22088/18186/67778/52009/17999/22359/21974/15364/80287/80876/26362/226691/319236/213002/17254/19106/78781/17858/76681/13194/11987/217069/23961/13858/20516/233979/52513/16971/208092/56491/268373/30960/58185/66700/68713/231655","5478/10410/104/90861/57506/3921/63901/103/3609/5817/1956/3428/51495/54606/6541/4179/1514/5610/8815/682/79581/10475/1969/3304/85363/51652/8091/5818/1604/636/5359/27183/4038/10572/1948/2621/1508/3838/6510/290/8829/55223/3949/79720/7706/24138/6041/9076/5819/7037/440275/9636","GO:0019058","GO:0019058","viral life cycle","viral life cycle",1.11453874117081,4.66314122701781,FALSE,TRUE,-0.55485156532297,0.55485156532297,"shared positive"
"human KD vs control vs mouse KD vs control","GO_BP","GO:0048525","negative regulation of viral process","either",0.05,"shared positive",-0.55058551718313,0.55058551718313,2.48095133777196,1.93036582058883,6.03278412325056e-07,0.005222041325529,"23962/66141/246730/100038882/15957/20568/69550/246728/71586/20684/23960/246727/19288/20846/15364/80287/80876/226691/213002/19106/78781/17858/23961/56491/268373/58185/68713/231655","5478/10410/57506/63901/3609/3428/6672/5610/8815/8091/5806/5359/9830/55223/24138/6041/9636/56829/10318/27350/117854/6772/4940/9582/81559/60489/6737/200316/51574","GO:0048525","GO:0048525","negative regulation of viral process","negative regulation of viral process",2.28215969563483,6.21948221517066,TRUE,TRUE,-0.55058551718313,0.55058551718313,"shared positive"
"human KD vs control vs mouse KD vs control","GO_BP","GO:0050792","regulation of viral process","either",0.05,"shared positive",-0.54590054397272,0.54590054397272,2.22973838595094,1.68383784197822,6.03278412325056e-07,0.0143850779844455,"23962/66141/246730/100038882/20128/15957/20568/69550/209387/229900/246728/71586/20684/19358/23960/246727/19288/22088/20846/21974/15364/80287/80876/26362/226691/319236/213002/19106/78781/17858/76681/13194/217069/23961/18643/56491/268373/58185/16543/68713/231655","5478/10410/104/57506/63901/103/3609/3428/51495/6672/5610/8815/682/10475/85363/8091/5806/5359/27183/2040/9830/9140/3838/55223/79720/7706/24138/6041/5819/9636/56829/5886/10318/27350/117854/6772/4940/9582/7301/81559/29883","GO:0050792","GO:0050792","regulation of viral process","regulation of viral process",1.84208777936819,6.21948221517066,TRUE,TRUE,-0.54590054397272,0.54590054397272,"shared positive"
"human KD vs control vs mouse KD vs control","GO_BP","GO:0045071","negative regulation of viral genome replication","either",0.05,"shared positive",-0.54492744489776,0.54492744489776,2.50211109998913,1.95718365509137,6.03278412325056e-07,0.0059135737015185,"23962/66141/246730/100038882/20568/69550/246728/71586/23960/246727/15364/80287/80876/226691/213002/19106/78781/17858/23961/58185/68713/231655","10410/57506/63901/3609/3428/5610/8815/8091/5359/24138/6041/9636/56829/10318/27350/117854/4940/9582","GO:0045071","GO:0045071","negative regulation of viral genome replication","negative regulation of viral genome replication",2.22814998615944,6.21948221517066,TRUE,TRUE,-0.54492744489776,0.54492744489776,"shared positive"
"human KD vs control vs mouse KD vs control","GO_BP","GO:1902106","negative regulation of leukocyte differentiation","either",0.05,"shared negative",-0.53723164005082,0.53723164005082,-1.09185344741965,-1.62908508747047,0.60627495908347,0.0323079222871597,"17096/57259/83554/17242/15284/14461/22761/16768/21873/12159/217154","2302/796/5690/865/5685/5684/55365/55294/9444/3623/301/3549/3398/3659/150290/3718/5689/23240/6776/51043/149041/5686/3956/5691/3135/7107/342667","GO:1902106","GO:1902106","negative regulation of leukocyte differentiation","negative regulation of leukocyte differentiation",-1.49069097043285,-0.217330369017969,TRUE,FALSE,-0.53723164005082,0.53723164005082,"shared negative"
"human KD vs control vs mouse KD vs control","GO_BP","GO:0007032","endosome organization","either",0.05,"shared negative",-0.53647658581265,0.53647658581265,-1.23579917908624,-1.77227576489889,0.469852538170429,0.00943296429330105,"20844/66371/68942/114128/56440/228545/52898/56324/53331/54198/330192/170833/21968/68767/71732/66241/74018/107305/72287/104015","57132/10159/9525/23352/10564/9296/79156/65977/728113/84067/57679/84313/29887/653145/10015/7251/7879/8878/537/79643/23317/10043/535/533/51606/1759/55823/55004/523/9897","GO:0007032","GO:0007032","endosome organization","endosome organization",-2.02535180949764,-0.328038422718531,TRUE,FALSE,-0.53647658581265,0.53647658581265,"shared negative"
"human KD vs control vs mouse KD vs control","GO_BP","GO:0001706","endoderm formation","either",0.05,"shared positive",0.52565418488609,0.52565418488609,1.43815532907167,1.96380951395776,0.309208346508272,0.00821505640441715,"12833/17387/12832/12827/15364/12816/14268/12837/240672/13537/12814/217351/214498/26914/19252/16777/17395/12831","1294/1284/1301/3624/1291/3975/1846/3676/3912/8091/22943/1295/3914/54623/1289/57057/64321","GO:0001706","GO:0001706","endoderm formation","endoderm formation",2.08538945036124,0.509748791618,TRUE,FALSE,0.52565418488609,0.52565418488609,"shared positive"
"human KD vs control vs mouse KD vs control","GO_BP","GO:0002931","response to ischemia","either",0.05,"shared negative",-0.52521653371021,0.52521653371021,-1.14444443702195,-1.66966097073216,0.573389557088864,0.0475063942706107,"15275/67579/74769/319801/110891/18627/54720","815/375611/846/79625/6654/1958/5606/6376/1524/2859/3684/10525/23172/1436/5291/5027/5025/65018/8878/4780/6774/9131/1435/10273","GO:0002931","GO:0002931","response to ischemia","response to ischemia",-1.32324793122683,-0.241550220946529,TRUE,FALSE,-0.52521653371021,0.52521653371021,"shared negative"
"human KD vs control vs mouse KD vs control","GO_BP","GO:0043086","negative regulation of catalytic activity","either",0.05,"shared positive",0.51204073411288,0.51204073411288,1.05061783028453,1.56265856439741,0.67046565291346,0.0364545922323929,"74155/80285/66725/20720/209200/108909/21838/22088/21857/24066/108911/12380/381126/18148/14870/19777/69089/57267/57875/64144/80280/59083/76260/56327/231474/26569/13601/18214/208092/268373/54683/69660/19084/19645/18569/14433/50523/21858/14869/19164/22084/18104","5478/104/5018/7070/103/7076/23076/6879/23677/8815/9270/26271/5770/80279/9052/25824/10763/1612/57805/5365/90007/151636/7077/5569/7957/122809/9221/50859/51654/9479/152559/1849/29108/9495/10935/84619/51070/7515","GO:0043086","GO:0043086","negative regulation of catalytic activity","negative regulation of catalytic activity",1.43824775525917,0.173623465586029,TRUE,FALSE,0.51204073411288,0.51204073411288,"shared positive"
"human KD vs control vs mouse KD vs control","GO_BP","GO:0046889","positive regulation of lipid biosynthetic process","either",0.05,"shared negative",-0.50969500956184,0.50969500956184,-1.10267045784434,-1.61236546740618,0.596791556728232,0.0468234798167854,"170459/18747/14756/72999/26413/58994/98711/14732/68801/231070/64384/12912/20788/20845/14077/80290/18984/226856/13614/20778/192663/217166/11816/16007/19017","64137/255919/7376/10524/9572/5443/9600/54361/5580/9444/5447/6720/23399/26137/5743/1601/6721/5562/376497/225/22933/2181/9373/8398/8850","GO:0046889","GO:0046889","positive regulation of lipid biosynthetic process","positive regulation of lipid biosynthetic process",-1.3295363136409,-0.224177329791884,TRUE,FALSE,-0.50969500956184,0.50969500956184,"shared negative"
"human KD vs control vs mouse KD vs control","GO_BP","GO:1901990","regulation of mitotic cell cycle phase transition","either",0.05,"shared positive",0.50672182532247,0.50672182532247,1.02930032339722,1.53602214871969,0.680582913589907,0.0105277528121763,"20587/227292/56453/20135/74268/72057/66923/109019/108911/22059/12567/16600/18764/19186/235661/21423/11651/107976/59008/13194/80280/52206/67153/15902/16952/19188/76454/68251/74370/99375/12443/11792/68077/18214/69957/105837/12444/18795/68094/382985/319195/54451/19192/107047/18514/11461/19645/11820/69716/12572/52004/18763/208643/52468/15937/13555/108058/231600/14726/69274/233805/245000/225182/66214/15574/20586/238271/68142/67155","894/2273/54908/1026/5591/6241/11130/29997/9787/54443/701/1956/3624/1063/221150/23560/8379/332/91607/144455/147841/7508/57082/7040/10783/55835/55143/699/348654/26271/58493/9928/8525/5889/55755/6491/8558/80279/29980/27183/9319/55159/80174/7517/6790/8110/6118/55055/83540/990/220134/2068/51149/7272/57405/54465/79027/9275/25959/672/994/81853/51339/5310/63967/3364/3275/11065/4683/995/54984/595/6929/140901/4361/3619/991/79858","GO:1901990","GO:1901990","regulation of mitotic cell cycle phase transition","regulation of mitotic cell cycle phase transition",1.97766432068758,0.167118958306278,TRUE,FALSE,0.50672182532247,0.50672182532247,"shared positive"
"human KD vs control vs mouse KD vs control","GO_BP","GO:0003341","cilium movement","either",0.05,"shared negative",0.50545960426804,0.50545960426804,-1.52199175455424,-1.0165321502862,0.0381664965085761,0.630863804228499,"101100/72349/109065/233865/269701/78801/381229/70997/319953/17427/271564/114602/74895/14894/74288/102774/73721/68097/15502/68339/192195/24084/19726/26941/53883/77505/56087/71276/100048534/20322","54970/388701/7846/5414/132141/79816/255101/7419/401024/5692/122664/6870/348807/140735/90522/6865/27156/84217/83639/5687/246176/64446/480/54777/441531/5690/1770/25876/5685/79846/5684/80217/28981/27285/2622/23198/91978/200373/10566/25809/5694/5689/89765/56171/5686/146754/147700/5691","GO:0003341","GO:0003341","cilium movement","cilium movement",-0.200064389498088,-1.41831770425907,FALSE,TRUE,0.50545960426804,0.50545960426804,"shared negative"
"human KD vs control vs mouse KD vs control","GO_BP","GO:0016032","viral process","either",0.05,"shared positive",-0.50454297495596,0.50454297495596,1.88348174142018,1.37893876646422,5.95263526004744e-05,0.0880128392055738,"23962/66141/246730/100038882/20128/15957/20587/20568/69550/209387/229900/246728/71586/20684/18828/19358/23960/246727/19288/22088/18186/22059/20846/67778/52009/17999/22359/27979/21974/15364/80287/80876/26362/226691/319236/213002/17254/19106/78781/17858/76681/13194/11987/217069/23961/18643/13858/20516/233979/52513/16971/208092/56491/268373/30960/16865/58185/16543/66700/68713","5478/10410/23089/104/90861/57506/3921/63901/103/3609/5817/1956/3428/51495/54606/6672/6541/4179/1514/5610/8815/682/79581/10241/10475/1969/3304/85363/51652/8091/5806/5818/1604/636/5359/27183/4038/10572/1948/2040/8665/2621/9830/22879/9140/1508/3838/6510/290/8829/55223/3949/79720/7706/24138/60559/10488/6041/11253/9076/5819/7037/440275/9636/9189/56829/6480/5886/950/3725/10318/27350/117854/1949/91392/6772/3673/3688/8666/6575/1104/4940/540/9582/7301/6482/81559/256435/29883","GO:0016032","GO:0016032","viral process","viral process",1.05545396887934,4.22529072746028,FALSE,TRUE,-0.50454297495596,0.50454297495596,"shared positive"
"human KD vs control vs mouse KD vs control","GO_BP","GO:0016197","endosomal transport","either",0.05,"shared negative",-0.50005650313233,0.50005650313233,-1.16178549023365,-1.66184199336598,0.411971993182551,0.00120425107767486,"238276/252870/101490/216565/269523/103724/19345/545192/209773/55943/320982/242406/73689/108995/13185/13660/68449/19347/100855/78618/111173/74385/68112/260302/67804/104831/70546/68365/68299/75669/68953/216344/19344/217342/74718/19328/54673/245944/71517/72183/20614/76742/67581/170625/20844/26413/108012/54645/30930/66371/68942/268451/74374/94178/216831/329260/114128/17101/56440/226421/19346/192652/70834/101240/105835/98878/22350/53331/69091/56715/54198/56382/12492/107338/15194/216131/229227/76561/11765/271457/231876/70829/234593/170833/21968/68767/19349/56418/27008/77975/18711/71732/14725/20661/100504663/67300/170749/56433/67166/65114/74018/209131/13033/231834/28006","150368/51019/23412/9784/23527/23484/11021/5604/29062/128866/27243/80230/5869/644150/63893/23041/51552/200576/9372/57132/9525/382/83874/254122/65977/51375/55610/51479/29934/728113/84067/150684/57020/57679/84313/123745/4218/6293/2013/25938/6811/23074/65009/9043/157680/653145/400/25930/7251/10890/23673/7879/55614/8878/51699/81609/55207/6643/537/84661/79643/201475/23317/10043/27236/10938/51429/124997/28952/54497/55737/27352/1601/8678/112574/84162/6714/9110/55823/8723/55004/7415/1213/1130/9367/7813/23258/26088/5595/64129/120892/27065/9897","GO:0016197","GO:0016197","endosomal transport","endosomal transport",-2.91928295636662,-0.385132307315666,TRUE,FALSE,-0.50005650313233,0.50005650313233,"shared negative"
"human KD vs control vs mouse KD vs control","GO_BP","GO:0007033","vacuole organization","either",0.05,"shared negative",-0.49484033369935,0.49484033369935,-1.24401294633266,-1.73885328003201,0.249058928518049,0.000702770432381753,"15212/17101/56438/226421/226407/228545/108664/208795/233724/103199/77573/20333/19063/64143/216742/18704/93739/76559/73658/26889/22034/56312/66270/76561/98732/29810/209478/432486/72739/19324/170833/11984/21968/237782/69668/13641/217310/19332/19349/54170/12752/170822/18711/211978/57436/71732/67443/16784/68118/100504663/14466/67526/66241/67166/21425/65114/56486/16783/15211/117150/209131/13033/70495","2629/128866/27243/83452/162427/8897/157807/90410/5532/5861/79837/51552/200576/54664/96459/57132/440026/4882/10159/84557/9525/9296/140775/51375/9066/23647/9821/9725/65018/57192/55626/84067/23557/488/114883/55968/23673/79142/7879/79137/55207/537/79643/10043/55062/55737/535/2548/51100/8678/1386/112574/533/51606/9706/29978/4647/55823/8723/55004/1130/11337/120892/54463/523/10312","GO:0007033","GO:0007033","vacuole organization","vacuole organization",-3.15318651883806,-0.60369788462176,TRUE,FALSE,-0.49484033369935,0.49484033369935,"shared negative"
"human KD vs control vs mouse KD vs control","GO_BP","GO:0097696","cell surface receptor signaling pathway via STAT","either",0.05,"shared positive",-0.49473353548369,0.49473353548369,1.73367920858201,1.23894567309832,0.0176764182501999,0.32462666304643,"547253/80285/229900/20897/12931/20846/18764/16453/12568/20847/16923/16950/15364/14158/14600/24088/21937/20852/229615/216233/12702/16164/27419/107566/16451/18763/110006/52023/16878/230514/14586/13078/15976/16818/67561/56468/15975/14360/230484/16189/12703/20304/228812/16452/54721/16193/21803/18099","1545/3454/10617/7040/55835/3976/5879/7132/3280/7297/8091/132299/6773/3588/7428/3815/3575/5468/54625/54741/3566/9466/958/2149/5310","GO:0097696","GO:0097696","cell surface receptor signaling pathway via STAT","cell surface receptor signaling pathway via STAT",0.488615812487669,1.75260573093839,FALSE,TRUE,-0.49473353548369,0.49473353548369,"shared positive"
"human KD vs control vs mouse KD vs control","GO_BP","GO:0071383","cellular response to steroid hormone stimulus","either",0.05,"shared negative",-0.478785711407389,0.478785711407389,-0.996216442896971,-1.47500215430436,0.735744801429879,0.0400038858720065,"56458/12952/20845/269997/18479/234594/13614/224903/22629/19014/22196/22215/22378/17977/12953/18145/15502/69726/224829/16969/71732/12189/54608/12317/12159/12753/70790/170826/76804/18626","54578/3065/23558/8013/7110/10002/476/6258/687/2950/149563/9572/8085/6663/8284/29966/7533/5187/5058/301/3169/2931/10521/9611/55818/23019/1601/6934/678/2099/498/6714/54206/9131/8611/6872/3717/10424/2033/51366/8626/55823/57658/9063/4734/5176","GO:0071383","GO:0071383","cellular response to steroid hormone stimulus","cellular response to steroid hormone stimulus",-1.39789782040199,-0.133272797822702,TRUE,FALSE,-0.478785711407389,0.478785711407389,"shared negative"
"human KD vs control vs mouse KD vs control","GO_BP","GO:0002098","tRNA wobble uridine modification","either",0.05,"shared positive",0.47696308440513,0.47696308440513,1.34462860248404,1.82159168688917,0.475866637823806,0.0384705204738246,"74195/66965/105638/69372/70359/54351/67674/246221/77766/230233","51504/54859/84705/27304/55687/57604/25821/285381/8518/348180/55140","GO:0002098","GO:0002098","tRNA wobble uridine modification","tRNA wobble uridine modification",1.41487193801393,0.32251474175916,TRUE,FALSE,0.47696308440513,0.47696308440513,"shared positive"
"human KD vs control vs mouse KD vs control","GO_BP","GO:0033962","P-body assembly","either",0.05,"shared negative",-0.47615103443654,0.47615103443654,-1.54960961911855,-2.02576065355509,0.230089236558964,0.0255729684839896,"72587/13424/13209/225929/233833/234594/67678/20239/12457/103135","27327/23019/6311/56478/149041/1656/246175/57472/27161","GO:0033962","GO:0033962","P-body assembly","P-body assembly",-1.59221885658887,-0.63810369690016,TRUE,FALSE,-0.47615103443654,0.47615103443654,"shared negative"
"human KD vs control vs mouse KD vs control","GO_BP","GO:0000959","mitochondrial RNA metabolic process","either",0.05,"shared positive",0.47376695538689,0.47376695538689,1.20431155399319,1.67807850938008,0.506305924913888,0.0350643769131239,"353172/104444/71701/15108/66587/52477/72181/56282/60315/70359/21379/227682/68626/68550/76357/70556/70047/71984/70560/224481/76719/226539/12261/66410/66132/380601/216151/72416/66971","81892/5442/9238/7019/55157/60528/26995/9692/87178/84705/64216/22868/55006/79675/6182/55687/51654/10128/25821/57570/57505/51250/64863/60493/84148/7978/201626/55149/79828","GO:0000959","GO:0000959","mitochondrial RNA metabolic process","mitochondrial RNA metabolic process",1.45513387402162,0.295586990364786,TRUE,FALSE,0.47376695538689,0.47376695538689,"shared positive"
"human KD vs control vs mouse KD vs control","GO_BP","GO:0071219","cellular response to molecule of bacterial origin","either",0.05,"shared positive",-0.46738580356053,0.46738580356053,1.63173725816159,1.16435145460106,0.0154324195513777,0.420636723939503,"55932/15944/20539/54396/20128/70310/209387/214855/22169/16145/18828/14469/12567/20846/70097/12257/26362/319236/20312/11651/14870/11898/24088/21937/22352/108155/238871/231086/18578/266632/14468/16819/100689/117149/16179/17874/18569/21898/18754/26417/54196/12369/17975/223601/57783/26419/60533/11350/12608","5054/7474/3654/196/567/2635/140885/7132/85363/4615/5578/1604/79155/4088/840/1948/8140/22900/148022/958/7099/8754/54623/29126/5336/80380/23328/10892/5781/10318/27063/23643/2048/29108/11213/11093/19/7292","GO:0071219","GO:0071219","cellular response to molecule of bacterial origin","cellular response to molecule of bacterial origin",0.376092813656257,1.81156597831574,FALSE,TRUE,-0.46738580356053,0.46738580356053,"shared positive"
"human KD vs control vs mouse KD vs control","GO_BP","GO:0007254","JNK cascade","either",0.05,"shared negative",0.46112306722987,0.46112306722987,-1.60589394671192,-1.14477087948205,0.020072723793574,0.400713213213213,"332579/52065/22030/70834/72349/52521/22026/14219/26564/14013/26403/98432/269881/81877/13614/17283/12928/11596/22034/59036/211323/59009/26412/15502/15258/68339/381921/19246/26390/65020/330177/30957/16476/63953/18816/19099/18626/26401/17873/23882","51347/2950/64127/84557/10771/10595/26191/3265/4221/9618/4294/9448/65018/5187/10114/8841/23239/6416/9611/2185/9770/11342/11184/8491/7786/10987/1398/8678/4790/1386/8324/10912/2081/389840/11221/90441/120892","GO:0007254","GO:0007254","JNK cascade","JNK cascade",-0.397166336801202,-1.6973936913762,FALSE,TRUE,0.46112306722987,0.46112306722987,"shared negative"
"human KD vs control vs mouse KD vs control","GO_BP","GO:0032479","regulation of type I interferon production","either",0.05,"shared positive",-0.46094174194452,0.46094174194452,1.77279473470746,1.31185299276294,0.0101590355815088,0.22774016153256,"54123/15944/246730/54396/100038882/230073/327959/229900/246728/71586/16145/23960/246727/64685/20846/66412/80861/142980/217365/70428/78781/24088/23961/52513/268857/28185/117149/16179/17874/72162/14433","57506/3654/54606/8815/85364/140885/201292/3320/4615/54906/54476/9140/3838/148022/661/23326/7099/81844/9636/5336/115004/56829/84932/10155/3661/54737/5781/6772/340061/51535/64081/29108/4940/10622/7187/55666/8767/6737","GO:0032479","GO:0032479","regulation of type I interferon production","regulation of type I interferon production",0.64256037564766,1.99314751857859,FALSE,TRUE,-0.46094174194452,0.46094174194452,"shared positive"
"human KD vs control vs mouse KD vs control","GO_BP","GO:0032606","type I interferon production","either",0.05,"shared positive",-0.46094174194452,0.46094174194452,1.77279473470746,1.31185299276294,0.0101590355815088,0.22774016153256,"54123/15944/246730/54396/100038882/230073/327959/229900/246728/71586/16145/23960/246727/64685/20846/66412/80861/142980/217365/70428/78781/24088/23961/52513/268857/28185/117149/16179/17874/72162/14433","57506/3654/54606/8815/85364/140885/201292/3320/4615/54906/54476/9140/3838/148022/661/23326/7099/81844/9636/5336/115004/56829/84932/10155/3661/54737/5781/6772/340061/51535/64081/29108/4940/10622/7187/55666/8767/6737","GO:0032606","GO:0032606","type I interferon production","type I interferon production",0.64256037564766,1.99314751857859,FALSE,TRUE,-0.46094174194452,0.46094174194452,"shared positive"
"human KD vs control vs mouse KD vs control","GO_BP","GO:0006754","ATP biosynthetic process","either",0.05,"shared positive",0.4598082067392,0.4598082067392,1.25894040454358,1.71874861128278,0.410197673729734,0.0139379762735644,"12048/19241/66592/68073/11674/67942/11951/67273/66218/66294/56632/68614/26395/66114/225887/72900/67680/67130/66416/70316/75406/98496/214917/68349/16189/107197/67126/13806","4538/4508/4539/4535/4540/513/142/4698/4710/4537/539/7040/4694/9556/4725/514/4711/4536/55022/126328/1353/4509/9551/4717/7114/5465/4709/4731/4726/790955/134145/6391/84277/4704/4707/6901/51079/27109/9605/56848/515/4716/51422/521/65990/6392/4718","GO:0006754","GO:0006754","ATP biosynthetic process","ATP biosynthetic process",1.85580027910934,0.38700680688624,TRUE,FALSE,0.4598082067392,0.4598082067392,"shared positive"
"human KD vs control vs mouse KD vs control","GO_BP","GO:0071346","cellular response to type II interferon","either",0.05,"shared positive",-0.45901995413737,0.45901995413737,1.93719224699712,1.47817229285975,0.00109736664179797,0.138611230710293,"55932/15944/547253/54396/236573/80285/229900/109168/16423/16145/14469/22793/22059/20846/17250/11898/24088/22352/107508/12332/14026/14468/52055/53330/16451/14433/21898/434341/17472/20913/104252/17913/74117/16558/12540/227753/11465/22121","7474/6672/3460/2635/140885/7297/23521/65010/1906/5468/54625/1612/3459/7099/9076","GO:0071346","GO:0071346","cellular response to type II interferon","cellular response to type II interferon",0.8582015804175,2.95964824580138,FALSE,TRUE,-0.45901995413737,0.45901995413737,"shared positive"
"human KD vs control vs mouse KD vs control","GO_BP","GO:1901987","regulation of cell cycle phase transition","either",0.05,"shared positive",0.4564689485333,0.4564689485333,1.08242626538304,1.53889521391634,0.580466960559757,0.00386181513948376,"14451/20587/80285/227292/56453/20135/209200/74268/72057/18555/66923/109019/108911/22059/12567/234854/16600/18764/50784/19186/12568/15270/235661/21423/18148/11651/107976/59008/13194/80280/18647/52206/67153/15902/16952/19188/28114/76454/68251/74370/99375/12443/11792/68077/18214/69957/105837/12444/18795/68094/12696/382985/319195/54451/19192/107047/18514/11461/19645/11820/69716/12572/52004/21853/18763/208643/52468/15937/13555/108058/231600/14726/69274/237459/69109/233805/245000/225182/66214/15574/20586/238271/68142/20913/18004/67155/50883/625530","894/2273/54908/4869/1026/493/5591/6241/11130/29997/9787/54443/701/1956/3624/9656/1063/221150/23560/8379/332/91607/144455/147841/7508/57082/7040/10783/55835/55143/699/348654/79968/26271/58493/9928/8525/5889/197342/92002/55755/6491/8558/80279/29980/27183/81610/9319/83695/55159/81620/4330/80174/7517/6790/8110/2735/6118/55055/83540/990/7158/220134/2068/2177/51149/7272/57405/57805/54465/9894/79027/9275/1763/25959/672/994/81853/151636/51339/54623/5310/7114/63967/3364/5984/3275/11065/4683/440275/5336/80185/995/54984/84444/595/5982/6929/140901/4361/83990/3619/991/79858/8914/146956/9735/6909/641/605/51499/79184/9510/4998/1112/80254/5932/84142/90381/6419/9088/51776/29117/84126/1062/4085/57099/2074/11073/9212/84936","GO:1901987","GO:1901987","regulation of cell cycle phase transition","regulation of cell cycle phase transition",2.41320851922147,0.236222494710823,TRUE,FALSE,0.4564689485333,0.4564689485333,"shared positive"
"human KD vs control vs mouse KD vs control","GO_BP","GO:0035987","endodermal cell differentiation","either",0.05,"shared positive",0.44360098117471,0.44360098117471,1.43477132987617,1.87837231105088,0.329332671155647,0.011812181502179,"12833/17387/12832/12827/15364/12816/14268/12837","1294/1284/1301/3624/1291/3676/3912/8091/22943/1295/3914/54623/1289/64321","GO:0035987","GO:0035987","endodermal cell differentiation","endodermal cell differentiation",1.92766988842647,0.482365183351885,TRUE,FALSE,0.44360098117471,0.44360098117471,"shared positive"
"human KD vs control vs mouse KD vs control","GO_BP","GO:0044092","negative regulation of molecular function","either",0.05,"shared positive",0.42335221486563,0.42335221486563,1.12453003006794,1.54788224493357,0.55262004951756,0.0350643769131239,"74155/80285/66725/20720/26903/209200/56089/108909/21838/22088/21857/24066/108911/18764/12380/15364/381126/18148/100503659/26385/14870/19777/69089/57267/57875/79560/64144/80280/319757/59083/15902/76260/56327/231474/26569/13601/18214/208092/268373/54683/69660","5478/104/5018/7070/103/7076/1663/3428/23076/6879/23677/8815/25927/9270/26271/2801/5770/8091/5792/80279/9052/25824/10763/6790/51176/1612/57805/5365/57120/90007/151636/7077/6664/5569/3589/7957/122809/9221/3725/50859/8904/51654/9479/152559/1849/29108/9495/80011/10935/84619/51070/7515","GO:0044092","GO:0044092","negative regulation of molecular function","negative regulation of molecular function",1.45513387402162,0.25757336256666,TRUE,FALSE,0.42335221486563,0.42335221486563,"shared positive"
"human KD vs control vs mouse KD vs control","GO_BP","GO:0071222","cellular response to lipopolysaccharide","either",0.05,"shared positive",-0.42250475599927,0.42250475599927,1.61102209648668,1.18851734048741,0.0227692354778655,0.392732431252728,"55932/15944/20539/54396/20128/70310/209387/214855/22169/16145/18828/14469/12567/20846/70097/12257/26362/319236/20312/11651/14870/11898/21937/22352/108155/238871/231086/18578/266632/14468/16819/100689/16179/17874/18569/21898/18754/26417/54196/12369/17975/57783/26419/60533/11350/12608/11303/26400","5054/7474/3654/567/2635/140885/7132/85363/4615/5578/1604/79155/4088/840/1948/8140/22900/148022/958/7099/8754/54623/29126/5336/80380/23328/10892/5781/10318/27063/23643/2048/29108/11213/11093/19/7292","GO:0071222","GO:0071222","cellular response to lipopolysaccharide","cellular response to lipopolysaccharide",0.405903233864449,1.64265155143661,FALSE,TRUE,-0.42250475599927,0.42250475599927,"shared positive"
"human KD vs control vs mouse KD vs control","GO_BP","GO:0098586","cellular response to virus","either",0.05,"shared positive",-0.41474785141211,0.41474785141211,1.93307648545178,1.51832863403967,0.0133603204157991,0.136081112350197,"99899/16859/15944/54396/71586/16145/142980/56048/78781","2736/103/3454/23076/3460/7040/1687/3320/4088/3588/3459/3964/2537/3661/117854/3455","GO:0098586","GO:0098586","cellular response to virus","cellular response to virus",0.866202149383891,1.87418312620592,FALSE,TRUE,-0.41474785141211,0.41474785141211,"shared positive"
"human KD vs control vs mouse KD vs control","GO_BP","GO:0071360","cellular response to exogenous dsRNA","either",0.05,"shared positive",-0.40310187594059,0.40310187594059,2.02790625893259,1.624804382992,0.0105521340812905,0.127739973673824,"246730/230073/71586/23960/246727/142980/78781/23961","57506/85364/115004/3661/340061/4940","GO:0071360","GO:0071360","cellular response to exogenous dsRNA","cellular response to exogenous dsRNA",0.893673177682607,1.97665969903915,FALSE,TRUE,-0.40310187594059,0.40310187594059,"shared positive"
"human KD vs control vs mouse KD vs control","GO_BP","GO:0007040","lysosome organization","either",0.05,"shared negative",-0.3990699925518,0.3990699925518,-1.2633364454493,-1.6624064380011,0.397746315423001,0.026874775519908,"66371/68942/16889/94178/114128/15212/17101/56438/226421/228545/108664/208795/77573/19063/216742/73658/26889/432486/72739/170833/11984/69668/19332/19349/54170/12752/18711/211978/16784/14466/66241/67166/21425/65114/16783/15211/70495","8720/26175/411/3916/2629/128866/27243/157807/5532/51552/200576/54664/96459/57132/10159/9296/9066/9725/57192/84067/23557/114883/7879/55207/537/79643/55737/535/2548/8678/533/51606/4647/55004/1130/120892/523/10312","GO:0007040","GO:0007040","lysosome organization","lysosome organization",-1.57065515464368,-0.400393834808648,TRUE,FALSE,-0.3990699925518,0.3990699925518,"shared negative"
"human KD vs control vs mouse KD vs control","GO_BP","GO:0080171","lytic vacuole organization","either",0.05,"shared negative",-0.3990699925518,0.3990699925518,-1.2633364454493,-1.6624064380011,0.397746315423001,0.026874775519908,"66371/68942/16889/94178/114128/15212/17101/56438/226421/228545/108664/208795/77573/19063/216742/73658/26889/432486/72739/170833/11984/69668/19332/19349/54170/12752/18711/211978/16784/14466/66241/67166/21425/65114/16783/15211/70495","8720/26175/411/3916/2629/128866/27243/157807/5532/51552/200576/54664/96459/57132/10159/9296/9066/9725/57192/84067/23557/114883/7879/55207/537/79643/55737/535/2548/8678/533/51606/4647/55004/1130/120892/523/10312","GO:0080171","GO:0080171","lytic vacuole organization","lytic vacuole organization",-1.57065515464368,-0.400393834808648,TRUE,FALSE,-0.3990699925518,0.3990699925518,"shared negative"
"human KD vs control vs mouse KD vs control","GO_BP","GO:0009145","purine nucleoside triphosphate biosynthetic process","either",0.05,"shared positive",0.39420449760221,0.39420449760221,1.34582167976152,1.74002617736373,0.285782129623213,0.0125420773934561,"56520/23918/12048/19241/66592/68073/11674/67942/11951/67273/66218/66294/56632/68614/26395/66114/225887/72900/67680/67130/66416/70316/75406/98496/214917/68349/16189/107197/67126/13806/21803/68194/11534/20848/54369/66377/66091/23917/17991/28080/17995/50799/66826/11949","4538/4508/4539/4535/4540/4833/513/142/4698/4710/4537/539/7040/4694/9556/4725/514/4711/4536/55022/4830/126328/1353/4509/9551/4717/7114/5465/4831/4709/4731/4726/790955/134145/6391/84277/4704/4707/6901/51079/27109/9605/56848/515/4716/51422/521/65990/6392","GO:0009145","GO:0009145","purine nucleoside triphosphate biosynthetic process","purine nucleoside triphosphate biosynthetic process",1.90163052364939,0.54396493176855,TRUE,FALSE,0.39420449760221,0.39420449760221,"shared positive"
"human KD vs control vs mouse KD vs control","GO_BP","GO:0002753","cytoplasmic pattern recognition receptor signaling pathway","either",0.05,"shared positive",-0.39311571738004,0.39311571738004,1.62537709760732,1.23226138022728,0.0154324195513777,0.320265686994857,"54123/15944/246730/54396/20128/108089/230073/71586/69146/16145/14469/23960/246727/80861/142980/234311/20509/12363/226691/217365/11651/19106/217718/78781/56174/76438/108155/217069/23961/225913/69035/68585/224897/68077/52513/268857/58185/231655/117149/79554/17874/319277/226791/21898/432940/50523/68278/81601/107607/20779/216877/66220/26419/70796/625530","2150/57506/5591/29997/1956/3654/3428/142/5610/8815/23180/85364/201292/22861/3304/4615/80772/79155/81926/5587/7105/55765/9424/22900/148022/7706/7099/10392","GO:0002753","GO:0002753","cytoplasmic pattern recognition receptor signaling pathway","cytoplasmic pattern recognition receptor signaling pathway",0.494489588801223,1.81156597831574,FALSE,TRUE,-0.39311571738004,0.39311571738004,"shared positive"
"human KD vs control vs mouse KD vs control","GO_BP","GO:0009206","purine ribonucleoside triphosphate biosynthetic process","either",0.05,"shared positive",0.38522604686804,0.38522604686804,1.35480013049569,1.74002617736373,0.274647976712306,0.0125420773934561,"56520/23918/12048/19241/66592/68073/11674/67942/11951/67273/66218/66294/56632/68614/26395/66114/225887/72900/67680/67130/66416/70316/75406/98496/214917/68349/16189/107197/67126/13806/21803/68194/20848/54369/66377/66091/23917/17991/28080/17995/50799/66826/11949","4538/4508/4539/4535/4540/4833/513/142/4698/4710/4537/539/7040/4694/9556/4725/514/4711/4536/55022/4830/126328/1353/4509/9551/4717/7114/5465/4831/4709/4731/4726/790955/134145/6391/84277/4704/4707/6901/51079/27109/9605/56848/515/4716/51422/521/65990/6392","GO:0009206","GO:0009206","purine ribonucleoside triphosphate biosynthetic process","purine ribonucleoside triphosphate biosynthetic process",1.90163052364939,0.561223596008788,TRUE,FALSE,0.38522604686804,0.38522604686804,"shared positive"
"human KD vs control vs mouse KD vs control","GO_BP","GO:0008286","insulin receptor signaling pathway","either",0.05,"shared negative",-0.37322144561914,0.37322144561914,-1.20755847627792,-1.58077992189706,0.375260145681582,0.0469140225301408,"83431/12390/56458/19271/66144/320706/18479/83946/213053/18607/16332/11984/19246/114143/11789/384783/18710/16367/11964/117150/192157/66335/13033/73834/11972","3265/5580/8473/5058/645/6198/2931/9820/81565/324/1176/5791/5166/4303/23371/5562/9978/80318/2308/3645/5295/143686/51043/10458/5290/3416/5595/5140","GO:0008286","GO:0008286","insulin receptor signaling pathway","insulin receptor signaling pathway",-1.32869732791946,-0.425667557168738,TRUE,FALSE,-0.37322144561914,0.37322144561914,"shared negative"
"human KD vs control vs mouse KD vs control","GO_BP","GO:0016482","cytosolic transport","either",0.05,"shared negative",-0.36224159155754,0.36224159155754,-1.22617789390259,-1.58841948546013,0.396283648434668,0.0409658774901047,"56440/226421/19346/77097/70834/16561/16572/69091/54198/56382/16573/107338/216131/11765/68767/19349/12752/56418/18711/20661/67300/56433/67166/65114/16783/231834/28006","1066/80230/7805/644150/160/63893/23033/23041/51552/200576/80128/83874/254122/65977/9066/51479/29934/6293/164/25938/6811/23074/55435/9043/400/7879/55614/51699/55207/6643/27236/55062/54497/55737/10749/23095/1213/9367/7813/23258/26088/120892","GO:0016482","GO:0016482","cytosolic transport","cytosolic transport",-1.38757773810646,-0.40199384727495,TRUE,FALSE,-0.36224159155754,0.36224159155754,"shared negative"
"human KD vs control vs mouse KD vs control","GO_BP","GO:1901836","regulation of transcription of nucleolar large rRNA by RNA polymerase I","either",0.05,"shared positive",0.35377081284191,0.35377081284191,1.54021468921753,1.89398550205944,0.323346181709328,0.0277956031768307,"20587/68077/103136/17975/20586/68845/216443/56717/26914/320209","29997/1663/25926/55506/1387","GO:1901836","GO:1901836","regulation of transcription of nucleolar large rRNA by RNA polymerase I","regulation of transcription of nucleolar large rRNA by RNA polymerase I",1.55602389714163,0.490332263129916,TRUE,FALSE,0.35377081284191,0.35377081284191,"shared positive"
"human KD vs control vs mouse KD vs control","GO_BP","GO:0072659","protein localization to plasma membrane","either",0.05,"shared negative",-0.34873486493031,0.34873486493031,-1.0593419032833,-1.40807676821361,0.609531570686949,0.0358627956082305,"98878/18483/22350/53331/16573/18720/19122/12492/106572/67943/22349/11596/18607/66629/217124/229593/74105/71648/80291/84652/17096/68767/22027/19349/12752/69847/56224/26941/213056/67300/67451/18222/11931/16456/20908/65114/54214/16776/72287/217154/56217","65266/288/2319/65125/382/3958/818/23499/5584/79156/7871/483/4218/81693/2013/115548/8546/25921/353116/4323/10890/5906/7879/8878/7184/6342/10268/4035/537/817/10938/6810/55737/1601/1020/23167/5562/6281/6812/5295/4644/55667/2181/23136/1213/5593/8673/129303/9528/4040/26088/5525/342667/64083/57731/784/27065","GO:0072659","GO:0072659","protein localization to plasma membrane","protein localization to plasma membrane",-1.44535585894827,-0.215003795180881,TRUE,FALSE,-0.34873486493031,0.34873486493031,"shared negative"
"human KD vs control vs mouse KD vs control","GO_BP","GO:0060142","regulation of syncytium formation by plasma membrane fusion","either",0.05,"shared positive",-0.34021971556363,0.34021971556363,2.06937179271189,1.72915207714826,0.00109736664179797,0.0341107980866521,"52163/20846/19946/26961/54217/20315/67945/268449/319195/76808/19896/270106/27176/56040/67115/269261/67281/19981/67891/11837/68436/12508/19944/20586/66489/259300/19982/22121/19943/19951/16189/100503670/67025/66480/19942/20307/19988/114641/193385/12633/20005/110954/19989/11502/18022","6130/6128/6159/6129/6171/6133/6136/6144/23521/6124/9045/11224/6158/6170/8754/6173","GO:0060142","GO:0060142","regulation of syncytium formation by plasma membrane fusion","regulation of syncytium formation by plasma membrane fusion",1.46710811933273,2.95964824580138,TRUE,TRUE,-0.34021971556363,0.34021971556363,"shared positive"
"human KD vs control vs mouse KD vs control","GO_BP","GO:0009201","ribonucleoside triphosphate biosynthetic process","either",0.05,"shared positive",0.33779978967805,0.33779978967805,1.39606115972469,1.73386094940274,0.262114664614421,0.0134329683766216,"56520/23918/12048/19241/66592/68073/11674/67942/55936/11951/67273/66218/66294/56632/69719/68614/26395/66114/225887/72900/67680/67130/66416/70316/75406/80914/98496/214917/68349/16189/107197/67126/13806/21803/68194/51797/20848/54369/66377/66091/23917/17991/28080/17995/50799/66826/11949","4538/4508/4539/4535/4540/4833/513/142/4698/4710/4537/539/7040/4694/9556/4725/514/4711/4536/55022/4830/126328/1353/4509/9551/4717/7114/5465/4831/4709/4731/4726/790955/54963/134145/6391/84277/83549/4704/4707/6901/51079/27109/9605/56848/515/4716/51422/521/65990/6392","GO:0009201","GO:0009201","ribonucleoside triphosphate biosynthetic process","ribonucleoside triphosphate biosynthetic process",1.87182800764846,0.581508680759003,TRUE,FALSE,0.33779978967805,0.33779978967805,"shared positive"
"human KD vs control vs mouse KD vs control","GO_BP","GO:0006399","tRNA metabolic process","either",0.05,"shared positive",0.33287776289409,0.33287776289409,1.50637377007185,1.83925153296594,0.0559419806966024,0.000253348836384272,"381314/353172/22375/74195/107045/23874/17299/110960/70153/22321/104721/11651/328162/70223/67106/68915/226414/107508/66965/15108/28114/15115/74467/27267/52477/72181/20226/209584/68260/105638/69372/66044/66628/28088/72133/66192/105148/212528/68045/98956/70359/216443/208366/104458/67724/13434/107271/240174/83669/54351/71916/85305/68857/227682/68626/67674/109093/97541/76357/70047/69786/72167/71941/68730/71984/433813/381802/328092/102436/244141/67939/70560/329504/76265/224907/20556/98404/100929/73681/246221/77766/67053/230233/226539/78697/66132/227835/211006/11727/381406/74097/66971/68215/66078/114615/52231/52686/67667/66926/74753/107328/66369/108943/106248/67789/69961/276950/66246","6050/51504/112495/54913/54733/79587/92675/55157/23405/54859/127253/115708/81890/339175/55278/60528/23536/11102/6894/26995/10775/9328/9692/79691/64118/661/146712/10785/7453/84705/84267/80746/80745/283459/116461/55006/24140/51531/83707/2975/55623/54901/56986/23395/57176/27304/79979/55687/57604/51654/25821/285381/57038/142940/57570/112487/55253/57505/8518/55644/2972/348180/441250/11180/55152/4234/55140/112858/339487/5859/55226/4141/283742/79731/5441/80755/10799/55699/138716/79828/8846/84520/63892/54974/11062/113179/221078/283989/10248/9836/55621/8565/91801/84881/10556/51605/10557/26024/56931/6741/285605/7407/124454/23438/10056","GO:0006399","GO:0006399","tRNA metabolic process","tRNA metabolic process",3.59628108605675,1.25226216094668,TRUE,FALSE,0.33287776289409,0.33287776289409,"shared positive"
"human KD vs control vs mouse KD vs control","GO_BP","GO:0006120","mitochondrial electron transport, NADH to ubiquinone","either",0.05,"shared positive",0.32089982238383,0.32089982238383,1.46573166241152,1.78663148479535,0.313057632023149,0.0361167043812332,"67914/68943/67273/66218/225887/72900/66416/75406/68349/57320","4538/4539/4535/4540/4698/4710/4537/4694/4725/4711/4536/126328/4717/4709/4731/4726","GO:0006120","GO:0006120","mitochondrial electron transport, NADH to ubiquinone","mitochondrial electron transport, NADH to ubiquinone",1.44229188555521,0.504375704096924,TRUE,FALSE,0.32089982238383,0.32089982238383,"shared positive"
"human KD vs control vs mouse KD vs control","GO_BP","GO:0009165","nucleotide biosynthetic process","either",0.05,"shared positive",-0.31661015885599,0.31661015885599,1.83766499382787,1.52105483497188,0.000196556364217019,0.0363302789086552,"23962/246730/192185/22169/20135/353172/14381/11566/56520/226518/320685/23918/12048/15452/229949/108147/19241/66592/14923/68073/11639/11674/67942/55936/11951/67273/66218/66294/56632/69719/68614/66588/269951/382985/26395/27369/108156/22271/212627/104111/66114/22171/225887/72900/68646/20425/67680/67130/66416/70316/75406/14450/319945/80914/68556/67054/109674/11717/218756/11541/230125/98496/214917/85305/68349/16189/107197/67126/13806/231327/230103/21803/331487/237823/13618/68194/11534/51797/20848/54369/239790/11821/66377/23972/66091/56749/23917/17991/11486/28080/66355/23971/21877/105446/17995/110074/50799/66826/11949/18162","4538/4508/4539/4535/4540/6241/1854/7378/4833/513/1635/142/4698/2987/4710/4537/539/7040/4694/9556/4725/9060/204/514/4711/4536/2618/109/125061/55022/55191/1841/93100/205/4830/126328/7083/1716/1353/4509/9551/4717/7114/5465/4831/4709/353/4731/4726/50808/790955/7298/54963/134145/6391/84277/83549/4704/115/4707/6901/4522/114/107/51079/27109/9605/56848/515/4716/5198","GO:0009165","GO:0009165","nucleotide biosynthetic process","nucleotide biosynthetic process",1.43973126803255,3.70651288977528,TRUE,TRUE,-0.31661015885599,0.31661015885599,"shared positive"
"human KD vs control vs mouse KD vs control","GO_BP","GO:0016050","vesicle organization","either",0.05,"shared negative",-0.31284756960788,0.31284756960788,-1.44473692536597,-1.75758449497385,0.0318439229712457,9.37356562304816e-05,"17101/77371/56440/56334/226421/380714/228545/231070/110380/108664/207352/19725/12912/12390/77573/20333/20971/52898/66144/21787/56324/245884/53331/54198/16573/54137/107338/216131/57257/66629/229593/11765/330192/19324/27054/70450/170833/11984/11973/78610/210789/21968/68767/217310/19332/19349/12752/64933/74732/75964/246694/18711/71732/20661/20907/73122/67474/66241/67166/11966/20908/74018/107305/11964/117150/66335/72287/104015/73834/11816/11972/20617/231801/70495","128866/27243/80230/6490/6844/64753/9632/26985/5048/5861/9218/8615/60684/51552/200576/22895/57132/10159/9525/23352/10564/84691/9550/10427/9296/56681/5584/5864/79156/65977/9066/51479/80006/8452/728113/84067/23557/399687/57679/9114/84313/301/4218/164/6811/27095/8546/29887/157680/653145/5007/10015/7251/23673/10113/415117/7879/8878/10814/29956/55207/537/9002/8676/79643/22878/1176/23317/10043/83696/6810/22872/50617/7405/535/84937/90019/3267/5862/6281/21/6812/533/51399/51606/528/1759/55823/54874/55004/1174/1130/8673/84062/3638/64083/120892/523/9897/947","GO:0016050","GO:0016050","vesicle organization","vesicle organization",-4.02809517583013,-1.49697343528687,TRUE,TRUE,-0.31284756960788,0.31284756960788,"shared negative"
"human KD vs control vs mouse KD vs control","GO_BP","GO:0048167","regulation of synaptic plasticity","either",0.05,"shared negative",-0.29378224686556,0.29378224686556,-1.23142441850077,-1.52520666536633,0.30151387074464,0.0307158016023455,"14580/195018/226407/108100/107995/12912/245537/16440/243931/20845/20807/14359/18479/271564/19122/20620/14062/11596/15194/22215/75786/20964/19085/23879/208922/271457/19141/12752/76089/18752/67574/240057/17920/20908/110891/83603/11816/20617/50997","2906/4776/6844/801/5532/2903/2332/2902/440279/388336/818/440829/5864/27020/6344/1072/9066/51063/7533/9463/8831/5764/4218/4130/29882/8878/10814/817/2185/6810/1020/26037/2648/23096/22941/4355/1499/9513/5728/22849/27065/4311","GO:0048167","GO:0048167","regulation of synaptic plasticity","regulation of synaptic plasticity",-1.51263814624275,-0.520692703924188,TRUE,FALSE,-0.29378224686556,0.29378224686556,"shared negative"
"human KD vs control vs mouse KD vs control","GO_BP","GO:0034242","negative regulation of syncytium formation by plasma membrane fusion","either",0.05,"shared positive",-0.27884799688684,0.27884799688684,2.18249348738776,1.90364549050092,0.00049888654150234,0.011812181502179,"20846/19946/26961/54217/67945/268449/319195/76808/19896/270106/27176/56040/67115/269261/67281/19981/67891/11837/68436/19944/66489/19982/22121/19943/19951/100503670/67025/66480/19942/19988/114641/12633/20005/110954/19989/18022/67248","6130/6128/6159/6129/6171/6133/6136/6144/23521/6124/9045/11224/6158/6170/6173","GO:0034242","GO:0034242","negative regulation of syncytium formation by plasma membrane fusion","negative regulation of syncytium formation by plasma membrane fusion",1.92766988842647,3.30199821189587,TRUE,TRUE,-0.27884799688684,0.27884799688684,"shared positive"
"human KD vs control vs mouse KD vs control","GO_BP","GO:0030518","nuclear receptor-mediated steroid hormone signaling pathway","either",0.05,"shared negative",-0.26408325515823,0.26408325515823,-1.3345438155145,-1.59862707067273,0.269175148942676,0.0315322589259394,"18479/234594/224903/22629/19014/22196/22215/22378/17977/12953/15502/224829/16969/71732/12189/54608/12317/12753/70790/170826/76804/18626","3065/23558/8013/7110/10002/6258/149563/9572/8085/8284/29966/7533/5187/5058/3169/10521/9611/55818/23019/1601/6934/2099/6714/8611/6872/3717/10424/2033/51366/8626/55823/57658/9063/4734","GO:0030518","GO:0030518","nuclear receptor-mediated steroid hormone signaling pathway","nuclear receptor-mediated steroid hormone signaling pathway",-1.50124491590197,-0.569965037966843,TRUE,FALSE,-0.26408325515823,0.26408325515823,"shared negative"
"human KD vs control vs mouse KD vs control","GO_BP","GO:0043401","steroid hormone receptor signaling pathway","either",0.05,"shared negative",-0.26408325515823,0.26408325515823,-1.3345438155145,-1.59862707067273,0.269175148942676,0.0315322589259394,"18479/234594/224903/22629/19014/22196/22215/22378/17977/12953/15502/224829/16969/71732/12189/54608/12317/12753/70790/170826/76804/18626","3065/23558/8013/7110/10002/6258/149563/9572/8085/8284/29966/7533/5187/5058/3169/10521/9611/55818/23019/1601/6934/2099/6714/8611/6872/3717/10424/2033/51366/8626/55823/57658/9063/4734","GO:0043401","GO:0043401","steroid hormone receptor signaling pathway","steroid hormone receptor signaling pathway",-1.50124491590197,-0.569965037966843,TRUE,FALSE,-0.26408325515823,0.26408325515823,"shared negative"
"human KD vs control vs mouse KD vs control","GO_BP","GO:0009142","nucleoside triphosphate biosynthetic process","either",0.05,"shared positive",0.25839874485774,0.25839874485774,1.48883938590945,1.74723813076719,0.116028495698426,0.00929875308124156,"22169/56520/23918/12048/19241/66592/68073/11639/11674/67942/55936/11951/67273/66218/66294/56632/69719/68614/26395/66114/22171/225887/72900/67680/67130/66416/70316/75406/80914/98496/214917/68349/16189/107197/67126/13806/21803/68194/11534/51797/20848/54369/66377/66091/23917/17991/28080/17995/50799/66826/11949","4538/4508/4539/4535/4540/4833/513/142/4698/4710/4537/539/7040/4694/9556/4725/514/4711/4536/55022/1841/205/4830/126328/1353/4509/9551/4717/7114/5465/4831/4709/4731/4726/50808/790955/7298/54963/134145/6391/84277/83549/4704/4707/6901/51079/27109/9605/56848/515/4716/51422/521/65990/6392","GO:0009142","GO:0009142","nucleoside triphosphate biosynthetic process","nucleoside triphosphate biosynthetic process",2.0315752843754,0.935435338317965,TRUE,FALSE,0.25839874485774,0.25839874485774,"shared positive"
"human KD vs control vs mouse KD vs control","GO_BP","GO:0044703","multi-organism reproductive process","either",0.05,"shared positive",-0.25413462718095,0.25413462718095,1.63288202370944,1.37874739652849,0.0142577946477134,0.198578841602064,"16859/14119/13731/74155/22337/20720/11819/12946/14609/21857/20017/20525/20856/20509/19225/11651/21824/19242/20855/67760/80884/75909/56632/53614/20182/69719/15499/19735/13039/16157/11835/11865/26417/22339/16878/245000/18783/19223/14114/14281/50790/56717/15373","8614/2201/6159/7076/10916/397/142/682/7040/3488/23780/7216/4088/1906/7046/5069/10038/81539/3485/412/64750","GO:0044703","GO:0044703","multi-organism reproductive process","multi-organism reproductive process",0.702067027064156,1.84594764463826,FALSE,TRUE,-0.25413462718095,0.25413462718095,"shared positive"
"human KD vs control vs mouse KD vs control","GO_BP","GO:0002181","cytoplasmic translation","either",0.05,"shared positive",-0.25292517923622,0.25292517923622,1.79564807184295,1.54272289260673,0.000760733674532928,0.0260735421475996,"226518/224045/13685/27207/27979/27050/27370/14694/56726/13629/54709/18148/20091/11651/13681/19106/22628/13494/66855/68028/13495/80280/329384/19946/26961/108155/20085/22258/67427/20103/218343/56736/68441/74370/77006/54217/27367/19934/16898/67945/16865/26987/73830/20226/268449/319195/68092/75452/76808/19896/16341/270106/27176/72162/108067/56040/67115/269261/16785/20102/67281/77987/19981/67891/11837/68436/22084/55944/20090/19944/68052/66489/20116/66085/19982/51810/20104/67097/56717/66508/22121/19943/19951/232187/20084/100503670/14265/98221/75617/67025/76784/68995/70047/66480/217331/19942/53356/229663/56637/19988/20115/114641/76846/54127/213541/192169/69113/231659/20005","6187/10642/6130/6128/6228/4869/6146/3921/6159/6129/6171/116832/6133/6218/5610/6231/6230/6136/6224/1936/6144/23521/6232/51121/6124/9100/80279/9045/56339/11224/8665/6158/6189/6122/6233/6201/6170/221662/6173/6235/6210/9652/1983/24140/6204/91574/1968/6234","GO:0002181","GO:0002181","cytoplasmic translation","cytoplasmic translation",1.58379996497058,3.11876735889926,TRUE,TRUE,-0.25292517923622,0.25292517923622,"shared positive"
"human KD vs control vs mouse KD vs control","GO_BP","GO:0000028","ribosomal small subunit assembly","either",0.05,"shared positive",0.23763611325268,0.23763611325268,1.60607925688903,1.84371537014171,0.144769919954833,0.0315322589259394,"22596/20085/72181/16785/56412/20104/67097/74778/223722/110816/94254/54127/224481/52535","7520/5591/3921/81554/27341/29777/64745","GO:0000028","GO:0000028","ribosomal small subunit assembly","ribosomal small subunit assembly",1.50124491590197,0.839321665726602,TRUE,FALSE,0.23763611325268,0.23763611325268,"shared positive"
"human KD vs control vs mouse KD vs control","GO_BP","GO:0051452","intracellular pH reduction","either",0.05,"shared negative",0.23689452213933,0.23689452213933,-1.91705479614313,-1.6801602740038,0.018119436594263,0.0443998696237465,"240283/108664/19063/52898/22215/11984/69668/19332/19349/12752/16784/66241/11966/16783/73834/11972/70495","51463/9497/10159/9296/23335/57468/9114/596/1657/7879/537/23545/50617/535/533/51606/523/10312","GO:0051452","GO:0051452","intracellular pH reduction","intracellular pH reduction",-1.35261830515048,-1.7418553104013,TRUE,TRUE,0.23689452213933,0.23689452213933,"shared negative"
"human KD vs control vs mouse KD vs control","GO_BP","GO:0032481","positive regulation of type I interferon production","either",0.05,"shared positive",-0.23654604193585,0.23654604193585,1.80037248335598,1.56382644142013,0.00997803271761336,0.06619931996733,"54123/246730/100038882/230073/327959/246728/71586/23960/246727/20846/66412/80861/142980/70428/78781/24088/23961/28185/16179/17874/72162/14433/21898/15510/71609/216877","57506/3654/85364/201292/3320/4615/3838/148022/661/23326/7099/81844/9636/5336/115004/56829/84932/10155/3661/5781/6772/340061/64081/4940/10622/7187","GO:0032481","GO:0032481","positive regulation of type I interferon production","positive regulation of type I interferon production",1.17914647182847,2.00095507635839,FALSE,TRUE,-0.23654604193585,0.23654604193585,"shared positive"
"human KD vs control vs mouse KD vs control","GO_BP","GO:0044706","multi-multicellular organism process","either",0.05,"shared positive",-0.23591631618548,0.23591631618548,1.62567680918078,1.3897604929953,0.0186763397514667,0.188232122090383,"16859/14119/13731/74155/22337/20720/11819/12946/14609/21857/20017/20525/20856/20509/19225/11651/21824/19242/20855/67760/80884/19057/75909/56632/53614/20182/69719/15499/19735/268396/13039/16157/11835/11865/26417/22339/16878/245000/18783/19223/14114/14281/50790/56717/15373","8614/2201/6159/7076/10916/397/142/682/7040/3488/23780/7216/4088/1906/7046/5069/10038/81539/3485/412/64750","GO:0044706","GO:0044706","multi-multicellular organism process","multi-multicellular organism process",0.725306261587823,1.72870823418195,FALSE,TRUE,-0.23591631618548,0.23591631618548,"shared positive"
"human KD vs control vs mouse KD vs control","GO_BP","GO:0009262","deoxyribonucleotide metabolic process","either",0.05,"shared positive",-0.23503443577228,0.23503443577228,1.83966362599255,1.60462919022027,0.038939590225408,0.104443498158259,"22436/22169/20135/320685/14923/50773/66588/382985/27369/232449/381101/22271/76952/22171/20425/56045","6241/1854/7378/1635/131870/2987/1806/7374/55270/8930/1841/79661/7083/1716/252969/7298/6996/51251","GO:0009262","GO:0009262","deoxyribonucleotide metabolic process","deoxyribonucleotide metabolic process",0.981118590646619,1.40960862302093,FALSE,TRUE,-0.23503443577228,0.23503443577228,"shared positive"
"human KD vs control vs mouse KD vs control","GO_BP","GO:0141193","nuclear receptor-mediated signaling pathway","either",0.05,"shared negative",-0.23069696138241,0.23069696138241,-1.31162542346933,-1.54232238485174,0.230526528765993,0.0223331816372929,"12952/14056/56018/18479/234594/224903/22629/19014/13115/22196/22215/22378/23801/17977/12953/67544/15502/224829/16969/71732/12189/54608/18712/12929/12317/12753/70790/170826/76804/18626","3065/23558/8013/7110/10002/6258/7376/149563/9572/8085/8284/29966/7533/5187/10075/5058/3169/10521/9611/55818/10370/23019/10499/1601/6934/2099/6714/8611/6872/3717/10424/2033/51366/8626/55823/10273/5165/650/57658/7067/9063/7291/5916/4734","GO:0141193","GO:0141193","nuclear receptor-mediated signaling pathway","nuclear receptor-mediated signaling pathway",-1.65104940191333,-0.637279089216948,TRUE,FALSE,-0.23069696138241,0.23069696138241,"shared negative"
"human KD vs control vs mouse KD vs control","GO_BP","GO:0097401","synaptic vesicle lumen acidification","either",0.05,"shared negative",0.22923116435005,0.22923116435005,-2.20500263076972,-1.97577146641967,0.000674279017852924,0.0168856828635547,"11984/11973/11966/11964/66335/73834/11972/70495","10159/9550/9296/9114/537/50617/535/51606/528/523","GO:0097401","GO:0097401","synaptic vesicle lumen acidification","synaptic vesicle lumen acidification",-1.77248137163638,-3.17116035444537,TRUE,TRUE,0.22923116435005,0.22923116435005,"shared negative"
"human KD vs control vs mouse KD vs control","GO_BP","GO:0007565","female pregnancy","either",0.05,"shared positive",-0.22162072767966,0.22162072767966,1.63179098615024,1.41017025847058,0.0289207886370191,0.192263179759803,"16859/14119/13731/74155/22337/11819/12946/14609/21857/20017/20525/20856/20509/19225/11651/21824/19242/20855/67760/80884/75909/56632/53614/20182/69719/15499/19735/13039/16157/11835/26417/22339/16878/245000/18783/19223/14114/14281/50790/56717/15373","8614/2201/6159/7076/10916/397/142/682/7040/3488/23780/7216/4088/7046/5069/10038/81539/3485/412/64750","GO:0007565","GO:0007565","female pregnancy","female pregnancy",0.716103879350914,1.53878986849937,FALSE,TRUE,-0.22162072767966,0.22162072767966,"shared positive"
"human KD vs control vs mouse KD vs control","GO_BP","GO:0006164","purine nucleotide biosynthetic process","either",0.05,"shared positive",-0.21859667553519,0.21859667553519,1.72247153617865,1.50387486064346,0.00461046292216457,0.0474876203015632,"23962/246730/192185/14381/11566/56520/226518/23918/12048/15452/108147/19241/66592/14923/68073/11639/11674/67942/11951/67273/66218/66294/56632/68614/269951/26395/27369/108156/212627/104111/66114/225887/72900/68646/67680/67130/66416/70316/75406/14450/67054/109674/11717/218756/11541/230125/98496/214917/68349/16189/107197/67126/13806/231327/230103/21803/237823/13618/68194/11534/20848/54369/239790/11821/66377/23972/66091/23917/17991/11486/28080/66355/23971/105446/17995/50799/66826/11949/18162","4538/4508/4539/4535/4540/4833/513/142/4698/2987/4710/4537/539/7040/4694/9556/4725/9060/204/514/4711/4536/2618/109/125061/55022/55191/93100/205/4830/126328/1716/1353/4509/9551/4717/7114/5465/4831/4709/353/4731/4726/50808/790955/134145/6391/84277/4704/115/4707/6901/4522/114/107/51079/27109/9605/56848/515/4716/5198/51422/521/65990/54981/6392","GO:0006164","GO:0006164","purine nucleotide biosynthetic process","purine nucleotide biosynthetic process",1.32341959322688,2.33625546627019,TRUE,TRUE,-0.21859667553519,0.21859667553519,"shared positive"
"human KD vs control vs mouse KD vs control","GO_BP","GO:1901739","regulation of myoblast fusion","either",0.05,"shared positive",-0.20910343613109,0.20910343613109,2.06238652902975,1.85328309289866,0.00190394897568952,0.011812181502179,"19946/26961/54217/20315/67945/268449/319195/76808/19896/270106/27176/56040/67115/269261/67281/19981/67891/11837/68436/12508/19944/66489/259300/19982/22121/19943/19951/16189/100503670/67025/66480/19942/20307/19988/114641/193385/12633/20005/110954/19989","6130/6128/6159/6129/6171/6133/6136/6144/23521/6124/9045/11224/6158/6170/6173","GO:1901739","GO:1901739","regulation of myoblast fusion","regulation of myoblast fusion",1.92766988842647,2.72034469454052,TRUE,TRUE,-0.20910343613109,0.20910343613109,"shared positive"
"human KD vs control vs mouse KD vs control","GO_BP","GO:0044403","biological process involved in symbiotic interaction","either",0.05,"shared positive",-0.19971416000557,0.19971416000557,1.68890761311218,1.48919345310661,0.0234755033783698,0.0797814784312724,"55932/20128/236573/69550/209387/229900/18828/14469/22088/18186/53413/67778/52009/22359/26362/319236/17254/76681/13194/11987/14268/217069/13858/20516/233979/16971/208092/56491/30960","5478/90861/2150/3921/3609/5817/1956/6541/4179/1514/682/79581/10475/1969/3304/85363/51652/5818/1604/5359/27183/4038/10572/1948/2621/2519/1508/3838/6510/290/8829/55223/3949/79720/7706","GO:0044403","GO:0044403","biological process involved in symbiotic interaction","biological process involved in symbiotic interaction",1.09809792003678,1.62938508651214,FALSE,TRUE,-0.19971416000557,0.19971416000557,"shared positive"
"human KD vs control vs mouse KD vs control","GO_BP","GO:0006367","transcription initiation at RNA polymerase II promoter","either",0.05,"shared negative",-0.18984962980184,0.18984962980184,-1.24197809293763,-1.43182772273947,0.315090015527746,0.0468234798167854,"319955/21833/209357/19052/319944/210925/21374/69241/270627/13871/381404/27224/328572/55982/108143/66467/229543/67224/140858/233904/99730/24074/225876/71828/66464/217127/70625/67279/214162/14884/56438/56275/209011/18676/71902/234959/17420/12912/67219/56458/213464/22410/69792/20807/226182/98053/70472/17283/19014/214133/66999/98403/218214/231329/22378/71793/13486/67381/22218/67710/209361/18035/237339/228980","92105/5469/4609/5435/4297/5430/902/6877/5431/4792/23558/2965/6923/55656/84246/1025/51003/4221/5518/6722/10196/65123/11143/8841/9969/10467/6881/80789/9611/84661/5253/2959/27005/90390/81857/140690/4790/2099/6873/1386/9978/404672/9968/2308/6872/2033/9282/138474/5515/8850/7067","GO:0006367","GO:0006367","transcription initiation at RNA polymerase II promoter","transcription initiation at RNA polymerase II promoter",-1.3295363136409,-0.501565358393458,TRUE,FALSE,-0.18984962980184,0.18984962980184,"shared negative"
"human KD vs control vs mouse KD vs control","GO_BP","GO:0009219","pyrimidine deoxyribonucleotide metabolic process","either",0.05,"shared positive",0.17142814676027,0.17142814676027,1.65382637944892,1.82525452620919,0.219903826864766,0.0245422846582333,"22169/320685/50773/66588/22271/22171/20425","1854/7378/1635/1806/7374/8930/1841/79661/7083/252969/7298/6996/51251","GO:0009219","GO:0009219","pyrimidine deoxyribonucleotide metabolic process","pyrimidine deoxyribonucleotide metabolic process",1.61008501095378,0.657767212786597,TRUE,FALSE,0.17142814676027,0.17142814676027,"shared positive"
"human KD vs control vs mouse KD vs control","GO_BP","GO:0044409","symbiont entry into host","either",0.05,"shared positive",0.17051046431388,0.17051046431388,1.4702037231873,1.64071418750118,0.227112502051247,0.0248605866543334,"20128/209387/18828/18186/53413/67778/52009/22359/26362/319236/17254/76681/11987/217069/13858/20516/233979/16971","90861/3921/3609/5817/1956/6541/4179/1514/682/79581/10475/1969/3304/85363/5818/1604/5359/4038/10572/1948/2621/2519/1508/6510/290/8829/55223/3949/7706/9076/5819/7037","GO:0044409","GO:0044409","symbiont entry into host","symbiont entry into host",1.60448862719342,0.643758958151805,TRUE,FALSE,0.17051046431388,0.17051046431388,"shared positive"
"human KD vs control vs mouse KD vs control","GO_BP","GO:1901740","negative regulation of myoblast fusion","either",0.05,"shared positive",-0.15588068727597,0.15588068727597,2.1476115957157,1.99173090843973,0.00051046150224012,0.00826708404112385,"19946/26961/54217/67945/268449/319195/76808/19896/270106/27176/56040/67115/269261/67281/19981/67891/11837/68436/19944/66489/19982/22121/19943/19951/100503670/67025/66480/19942/19988/114641/12633/20005/110954/19989","6130/6128/6159/6129/6171/6133/6136/6144/23521/6124/9045/11224/6158/6170/6173","GO:1901740","GO:1901740","negative regulation of myoblast fusion","negative regulation of myoblast fusion",2.08264764741991,3.29203700577126,TRUE,TRUE,-0.15588068727597,0.15588068727597,"shared positive"
"human KD vs control vs mouse KD vs control","GO_BP","GO:0043330","response to exogenous dsRNA","either",0.05,"shared positive",-0.13676175352681,0.13676175352681,1.84144240222381,1.704680648697,0.0305015230349745,0.0823502041756933,"246730/230073/71586/23960/246727/20846/142980/104721/17254/78781/76438/23961","57506/23180/85364/148022/115004/3661/340061/4940/11213","GO:0043330","GO:0043330","response to exogenous dsRNA","response to exogenous dsRNA",1.0843353197211,1.51567847445089,FALSE,TRUE,-0.13676175352681,0.13676175352681,"shared positive"
"human KD vs control vs mouse KD vs control","GO_BP","GO:0061157","mRNA destabilization","either",0.05,"shared negative",-0.13318439988382,0.13318439988382,-1.44065765589498,-1.5738420557788,0.163518813086902,0.037819969401484,"15568/69125/214627/223870/72587/237400/140486/214290/319817/13046/12193/268420/225929/244871/213988/636931/74480/16549/56438/70044/75901/78455/14359/233833/57746/234594/381626/23879/208922/67710/214150/213236/12457/59004/103135/22057/19704","7812/3192/4343/8087/10247/9125/51441/677/11157/28960/255967/57523/79670/79068/4850/64282/9698/27327/4076/23369/253943/9337/25904/10658/23019/26986/678/10140/56478/149041/1656/246175/57472/26058/27161/23112/9513/22849","GO:0061157","GO:0061157","mRNA destabilization","mRNA destabilization",-1.42227882685989,-0.786432273891759,TRUE,FALSE,-0.13318439988382,0.13318439988382,"shared negative"
"human KD vs control vs mouse KD vs control","GO_BP","GO:0006220","pyrimidine nucleotide metabolic process","either",0.05,"shared positive",0.12953294091134,0.12953294091134,1.63326451837625,1.76279745928759,0.162530017130791,0.0245422846582333,"22169/56520/320685/12499/55936/50773/69719/66588/22271/22171/20425/80914/68556/218756/103850/331487/66422/51797/54369/56749/21877/110074","1854/7378/4833/1635/1806/7374/9583/8930/1841/4830/79661/7083/4831/50808/252969/7298/54963/6996/83549/51251","GO:0006220","GO:0006220","pyrimidine nucleotide metabolic process","pyrimidine nucleotide metabolic process",1.61008501095378,0.789066418867397,TRUE,FALSE,0.12953294091134,0.12953294091134,"shared positive"
"human KD vs control vs mouse KD vs control","GO_BP","GO:0050779","RNA destabilization","either",0.05,"shared negative",-0.12661255588453,0.12661255588453,-1.43631048195991,-1.56292303784444,0.208296332052229,0.0354027439701234,"15568/69125/214627/223870/72587/237400/140486/214290/319817/13046/12193/268420/225929/244871/213988/636931/74480/16549/56438/70044/75901/380669/78455/14359/233833/57746/234594/381626/23879/208922/67710/214150/213236/12457/59004/103135/22057/19704","7812/3192/4343/8087/10247/9125/51441/677/11157/28960/255967/57523/79670/79068/4850/64282/9698/27327/4076/23369/253943/9337/25904/10658/23019/26986/678/10140/56478/149041/1656/246175/57472/26058/27161/23112/9513/22849","GO:0050779","GO:0050779","RNA destabilization","RNA destabilization",-1.45096307568891,-0.681318377596672,TRUE,FALSE,-0.12661255588453,0.12661255588453,"shared negative"
"human KD vs control vs mouse KD vs control","GO_BP","GO:0140253","cell-cell fusion","either",0.05,"shared positive",-0.10979947041887,0.10979947041887,1.74746364922207,1.6376641788032,0.0120090925049019,0.0581909762053872,"52163/20846/68813/57810/19946/26961/54217/20315/67945/268449/319195/76808/19896/270106/27176/56040/67115/269261/13549/67281/19981/23794/67891/11837/68436/330662/12508/19944/20586/66489/259300/19982/22121/19943/19951/16189/100503670/67025/66480/19942/56637/20307/19988/102791/114641/193385/12633/20005/110954/19989/11502/18022","6130/6128/6159/6129/6171/6133/6136/6144/23521/8912/6124/9045/11224/6158/3756/170689/6170/8754/6173/4842/80005/8837/6137/6141/6988/3688/6139","GO:0140253","GO:0140253","cell-cell fusion","cell-cell fusion",1.23514435706923,1.9204898098331,FALSE,TRUE,-0.10979947041887,0.10979947041887,"shared positive"
"human KD vs control vs mouse KD vs control","GO_BP","GO:0046390","ribose phosphate biosynthetic process","either",0.05,"shared positive",-0.10610873272255,0.10610873272255,1.62403450821315,1.5179257754906,0.0258343675164577,0.0542023688893676,"14381/11566/56520/23918/12048/15452/108147/19241/66592/14923/68073/11639/11674/67942/55936/11951/67273/66218/66294/56632/69719/68614/66588/26395/108156/22271/212627/104111/66114/225887/72900/67680/67130/66416/70316/75406/14450/80914/68556/67054/109674/11717/98496/214917/68349/16189/107197/67126/13806/231327/230103/21803/331487/237823/13618/68194/11534/51797/14380/20848/54369/239790/11821/66377/23972/66091/56749/23917/17991/11486/28080/66355/23971/105446/17995/50799/66826/11949/18162","4538/4508/4539/4535/4540/7378/4833/513/142/4698/2987/4710/4537/539/7040/4694/9556/4725/9060/204/514/4711/4536/2618/109/55022/205/4830/126328/1353/4509/9551/4717/7114/5465/4831/4709/353/4731/4726/50808/790955/54963/134145/6391/84277/83549/4704/115/4707/6901/114/107/51079/27109/9605/56848/515/4716/5198","GO:0046390","GO:0046390","ribose phosphate biosynthetic process","ribose phosphate biosynthetic process",1.26598173240813,1.5878021664959,FALSE,TRUE,-0.10610873272255,0.10610873272255,"shared positive"
"human KD vs control vs mouse KD vs control","GO_BP","GO:0099504","synaptic vesicle cycle","either",0.05,"shared negative",-0.0988235397308299,0.0988235397308299,-1.44757700219193,-1.54640054192276,0.057117439500944,0.0151162678921122,"13367/216963/20964/19085/229227/20974/11765/271457/12330/11984/11973/19349/64933/18752/74732/268882/74325/12757/20907/67474/67300/11966/17957/11964/29873/78808/66335/69938/104015/73834/11972/20617/70495","396/6844/9381/6814/9498/160/5532/1487/22895/2332/10159/440279/9550/1211/382/9296/5864/9815/9066/134957/23557/9114/115548/5906/415117/7879/10814/537/8676/1176/57555/161/50617/535/90019/1020/23167/84162/6812/84961/51606/528/1759/9373/5530/8927/1499/5413/84062/5728/120892/523","GO:0099504","GO:0099504","synaptic vesicle cycle","synaptic vesicle cycle",-1.82055542007368,-1.24323126964112,TRUE,FALSE,-0.0988235397308299,0.0988235397308299,"shared negative"
"human KD vs control vs mouse KD vs control","GO_BP","GO:0009152","purine ribonucleotide biosynthetic process","either",0.05,"shared positive",0.0860494740856099,0.0860494740856099,1.5287400314138,1.61478950549941,0.0559722932803457,0.0248605866543334,"11566/56520/23918/12048/15452/108147/19241/66592/14923/68073/11639/11674/67942/11951/67273/66218/66294/56632/68614/26395/108156/104111/66114/225887/72900/67680/67130/66416/70316/75406/14450/67054/109674/11717/98496/214917/68349/16189/107197/67126/13806/231327/230103/21803/237823/13618/68194/11534/20848/54369/239790/11821/66377/23972/66091/23917/17991/11486/28080/66355/23971/105446/17995/50799/66826/11949/18162","4538/4508/4539/4535/4540/4833/513/142/4698/2987/4710/4537/539/7040/4694/9556/4725/9060/204/514/4711/4536/2618/109/55022/205/4830/126328/1353/4509/9551/4717/7114/5465/4831/4709/353/4731/4726/50808/790955/134145/6391/84277/4704/115/4707/6901/114/107/51079/27109/9605/56848/515/4716/5198/51422/521/65990/6392","GO:0009152","GO:0009152","purine ribonucleotide biosynthetic process","purine ribonucleotide biosynthetic process",1.60448862719342,1.2520268989429,TRUE,FALSE,0.0860494740856099,0.0860494740856099,"shared positive"
"human KD vs control vs mouse KD vs control","GO_BP","GO:0046718","symbiont entry into host cell","either",0.05,"shared positive",0.0805601899393198,0.0805601899393198,1.52405722734645,1.60461741728577,0.199070466699332,0.0290787616482959,"20128/209387/18828/18186/67778/52009/22359/26362/319236/17254/76681/11987/217069/13858/20516/233979/16971","90861/3921/3609/5817/1956/6541/4179/1514/682/79581/10475/1969/3304/85363/5818/1604/5359/4038/10572/1948/2621/1508/6510/290/8829/55223/3949/7706/9076/5819/7037","GO:0046718","GO:0046718","symbiont entry into host cell","symbiont entry into host cell",1.53642409233718,0.700993165391393,TRUE,FALSE,0.0805601899393198,0.0805601899393198,"shared positive"
"human KD vs control vs mouse KD vs control","GO_BP","GO:0061014","positive regulation of mRNA catabolic process","either",0.05,"shared negative",-0.07940779712025,0.07940779712025,-1.44739799022764,-1.52680578734789,0.176192052629604,0.0432479511723628,"15568/69125/214627/223870/72587/237400/140486/214290/319817/13046/12193/268420/225929/244871/213988/636931/74480/16549/56438/70044/219022/75901/78455/72446/14359/14904/233833/57746/234594/381626/23879/208922/67710/214150/213236/12457/59004/103135/22057/19704","7812/3192/4343/8087/10247/9125/51441/677/11157/28960/255967/57523/79670/79068/9567/4850/64282/9698/9444/27327/4076/23369/253943/9337/25904/10658/23019/26986/678/10140/56478/149041/1656/246175/57472/26058/27161/23112/9513/22849","GO:0061014","GO:0061014","positive regulation of mRNA catabolic process","positive regulation of mRNA catabolic process",-1.36403446197058,-0.754013684896443,TRUE,FALSE,-0.07940779712025,0.07940779712025,"shared negative"
"human KD vs control vs mouse KD vs control","GO_BP","GO:0006949","syncytium formation","either",0.05,"shared positive",-0.0688072266417801,0.0688072266417801,1.77698327732448,1.7081760506827,0.0154324195513777,0.0260735421475996,"52163/20846/68813/13870/57810/19946/26961/54217/20315/67945/268449/319195/76808/19896/270106/27176/56040/67115/269261/13549/67281/19981/23794/67891/11837/68436/330662/12508/19944/20586/66489/259300/19982/22121/19943/19951/16189/100503670/67025/66480/19942/56637/20307/19988/102791/114641/193385/12633/20005/110954/19989/11502/18022","6130/6128/6159/6129/6171/6133/6136/6144/23521/8912/6124/9045/11224/6158/3756/170689/6170/8754/6173/4842/80005/8837/6137/6141/6988/3688/6139","GO:0006949","GO:0006949","syncytium formation","syncytium formation",1.58379996497058,1.81156597831574,TRUE,TRUE,-0.0688072266417801,0.0688072266417801,"shared positive"
"human KD vs control vs mouse KD vs control","GO_BP","GO:0006885","regulation of pH","either",0.05,"shared negative",-0.0606153228675301,0.0606153228675301,-1.57491746223557,-1.6355327851031,0.120722657025785,0.0318490492840749,"240283/108664/77573/54403/19063/52898/277973/13614/73658/22215/20544/11984/69668/19332/19349/12752/16784/66241/11966/16783/73834/11972/70495","9498/506/51463/9497/480/10159/9296/23335/57468/9114/596/285195/1657/7879/537/23545/5166/50617/535/533/51606/1080/120892/523/10312","GO:0006885","GO:0006885","regulation of pH","regulation of pH",-1.49690352712275,-0.918211214593153,TRUE,FALSE,-0.0606153228675301,0.0606153228675301,"shared negative"
"human KD vs control vs mouse KD vs control","GO_BP","GO:0016188","synaptic vesicle maturation","either",0.05,"shared negative",0.03998621844988,0.03998621844988,-1.93133033827835,-1.89134411982847,0.0247314613141203,0.0378276758419592,"11984/11973/11966/11964/66335/73834/11972/70495","10159/9550/9296/9114/537/50617/535/6812/51606/528/523","GO:0016188","GO:0016188","synaptic vesicle maturation","synaptic vesicle maturation",-1.42219034123487,-1.60675022161247,TRUE,TRUE,0.03998621844988,0.03998621844988,"shared negative"
"human KD vs control vs mouse KD vs control","GO_BP","GO:0000768","syncytium formation by plasma membrane fusion","either",0.05,"shared positive",-0.0392875985393701,0.0392875985393701,1.74746364922207,1.7081760506827,0.0120090925049019,0.0260735421475996,"52163/20846/68813/57810/19946/26961/54217/20315/67945/268449/319195/76808/19896/270106/27176/56040/67115/269261/13549/67281/19981/23794/67891/11837/68436/330662/12508/19944/20586/66489/259300/19982/22121/19943/19951/16189/100503670/67025/66480/19942/56637/20307/19988/102791/114641/193385/12633/20005/110954/19989/11502/18022","6130/6128/6159/6129/6171/6133/6136/6144/23521/8912/6124/9045/11224/6158/3756/170689/6170/8754/6173/4842/80005/8837/6137/6141/6988/3688/6139","GO:0000768","GO:0000768","syncytium formation by plasma membrane fusion","syncytium formation by plasma membrane fusion",1.58379996497058,1.9204898098331,TRUE,TRUE,-0.0392875985393701,0.0392875985393701,"shared positive"
"human KD vs control vs mouse KD vs control","GO_BP","GO:0009260","ribonucleotide biosynthetic process","either",0.05,"shared positive",0.01174285967888,0.01174285967888,1.55938182211536,1.57112468179424,0.0527032703997169,0.0324793576959219,"11566/56520/23918/12048/15452/108147/19241/66592/14923/68073/11639/11674/67942/55936/11951/67273/66218/66294/56632/69719/68614/66588/26395/108156/22271/104111/66114/225887/72900/67680/67130/66416/70316/75406/14450/80914/68556/67054/109674/11717/98496/214917/68349/16189/107197/67126/13806/231327/230103/21803/331487/237823/13618/68194/11534/51797/20848/54369/239790/11821/66377/23972/66091/56749/23917/17991/11486/28080/66355/23971/105446/17995/50799/66826/11949/18162","4538/4508/4539/4535/4540/7378/4833/513/142/4698/2987/4710/4537/539/7040/4694/9556/4725/9060/204/514/4711/4536/2618/109/55022/205/4830/126328/1353/4509/9551/4717/7114/5465/4831/4709/353/4731/4726/50808/790955/54963/134145/6391/84277/83549/4704/115/4707/6901/114/107/51079/27109/9605/56848/515/4716/5198","GO:0009260","GO:0009260","ribonucleotide biosynthetic process","ribonucleotide biosynthetic process",1.48839256785066,1.27816243464548,TRUE,FALSE,0.01174285967888,0.01174285967888,"shared positive"
"human KD vs control vs mouse KD vs control","GO_BP","GO:0051453","regulation of intracellular pH","either",0.05,"shared negative",-0.00854951677723004,0.00854951677723004,-1.61143012504207,-1.6199796418193,0.117326573449366,0.037819969401484,"240283/108664/77573/54403/19063/52898/277973/73658/22215/20544/11984/69668/19332/19349/12752/16784/66241/11966/16783/73834/11972/70495","9498/506/51463/9497/10159/9296/23335/57468/9114/596/285195/1657/7879/537/23545/50617/535/533/51606/1080/120892/523/10312","GO:0051453","GO:0051453","regulation of intracellular pH","regulation of intracellular pH",-1.42227882685989,-0.930603612817193,TRUE,FALSE,-0.00854951677723004,0.00854951677723004,"shared negative"
"human KD vs control vs mouse KD vs control","GO_BP","GO:0007520","myoblast fusion","either",0.05,"shared positive",-0.00732512372625993,0.00732512372625993,1.83744717783714,1.83012205411088,0.00906804305939055,0.0125755034793732,"68813/57810/19946/26961/54217/20315/67945/268449/319195/76808/19896/270106/27176/56040/67115/269261/13549/67281/19981/23794/67891/11837/68436/330662/12508/19944/66489/259300/19982/22121/19943/19951/16189/100503670/67025/66480/19942/56637/20307/19988/114641/193385/12633/20005","6130/6128/6159/6129/6171/6133/6136/6144/23521/8912/6124/9045/11224/6158/3756/170689/6170/6173/4842/80005/8837/6137/6141/3688/6139","GO:0007520","GO:0007520","myoblast fusion","myoblast fusion",1.90047461828505,2.04248642630343,TRUE,TRUE,-0.00732512372625993,0.00732512372625993,"shared positive"
"human KD vs control vs mouse KD vs control","GO_BP","GO:0007035","vacuolar acidification","either",0.05,"shared negative",-0.00494870083943999,0.00494870083943999,-1.88932126264161,-1.89426996348105,0.0400884565895731,0.023720231110664,"11984/69668/12752/16784/66241/11966/16783/73834/11972/70495","10159/9296/23335/9114/1657/537/23545/50617/535/533/51606/523/10312","GO:0007035","GO:0007035","vacuolar acidification","vacuolar acidification",-1.62488108387451,-1.39698066381769,TRUE,TRUE,-0.00494870083943999,0.00494870083943999,"shared negative"
"human KD vs control vs mouse KD vs control","GO_BP","GO:0009303","rRNA transcription","either",0.05,"shared positive",-0.00334672513638989,0.00334672513638989,1.80164769580703,1.79830097067064,0.0637309550932253,0.0281084799692213,"20587/18150/20017/18148/70428/21340/68077/103136/17975/20586/68845/216443/56717/21453/26914","29997/1663/6949/112495/25926/55506/84365/221830/1387/9328/2971/2975/11137/10849/2972/84172/64425/4141/5441","GO:0009303","GO:0009303","rRNA transcription","rRNA transcription",1.55116263923171,1.19564957299025,TRUE,FALSE,-0.00334672513638989,0.00334672513638989,"shared positive"
"human KD vs control vs mouse KD vs control","GO_BP","GO:0099003","vesicle-mediated transport in synapse","either",0.05,"shared negative",0.00185159532495005,0.00185159532495005,-1.52107902060741,-1.51922742528246,0.029680780689876,0.0233130676789155,"66144/231602/67602/12367/56149/108800/224617/13367/216963/13642/20964/19085/229227/83814/20974/11765/211323/271457/12330/234729/11984/11973/108086/19349/64933/18752/74732/268882/74325/12757/20907/67474/17920/67300/18222/11966/20908/17957/11964/29873/78808/66335/69938/104015/13033/73834/11972/20617/70495","396/6844/9381/6814/9498/801/26985/160/5532/1487/22895/2332/10159/3084/9922/440279/9550/1211/382/9296/3208/5864/9815/9066/134957/23557/9114/115548/5906/415117/7879/10814/537/8676/1176/64854/57555/161/50617/535/90019/1020/23167/23096/84162/6812/84961/51606/528/1759/9373/5530/8927/1499/5413/84062/5728/120892/523","GO:0099003","GO:0099003","vesicle-mediated transport in synapse","vesicle-mediated transport in synapse",-1.63240057554134,-1.52752468004914,TRUE,TRUE,0.00185159532495005,0.00185159532495005,"shared negative"
