"ID","Description","setSize","enrichmentScore","NES","pvalue","p.adjust","qvalue","rank","leading_edge","core_enrichment","log2err"
"mmu05171","Coronavirus disease",177,0.504426871220171,2.20709268212383,1.0700716785677e-10,1.8351729287436e-08,7.83746563515089e-09,3610,"tags=60%, list=29%, signal=43%","246730/100038882/12266/230073/50908/246728/71586/16391/23960/246727/18186/20846/50909/27207/20847/142980/27050/27370/20091/19106/68028/17858/24088/21937/26961/19946/20085/67427/20103/23961/17392/54217/266632/27367/19934/16898/67945/12268/268449/319195/76808/19896/270106/27176/16179/17874/11421/56040/619547/269261/26420/67115/16451/16785/21898/20102/67281/19981/67891/26417/11837/68436/100043813/20090/19944/18706/68052/26419/66489/20116/15976/19982/20104/18709/67097/14281/100502825/15975/22121/19943/19951/317677/20084/100503670/18803/54721/75617/67025/16193/16151/66480/72512/19942/13649/26414/17174/664969/20848/19988/20115/114641/76846/56417/667277/54127/102632403",0.839088935621274
"mmu04142","Lysosome biogenesis",219,-0.44204394926076,-2.14280513626182,1e-10,1.8351729287436e-08,7.83746563515089e-09,2122,"tags=37%, list=17%, signal=31%","15586/13032/94178/11974/114128/71240/15212/68724/240283/228545/108664/56325/103199/77573/19063/66144/252972/18010/110173/69091/271564/192654/17939/53599/12492/13340/27426/26889/19156/11765/20597/74105/18145/432486/215335/58911/11984/64138/11973/19141/19349/54170/12752/100561/12514/64933/114143/14628/13030/74325/18711/217265/12757/211978/71732/16784/20661/83429/67474/14420/67300/14466/56433/67166/11966/21425/65114/16783/11605/15211/11964/66335/56692/73834/13033/16004/11972/104082/66848/52187",NA
"mmu03010","Ribosome",165,0.473744724179782,2.03697074041051,3.63929425243099e-08,4.16092642861277e-06,1.77700517394673e-06,4090,"tags=60%, list=33%, signal=41%","27397/27207/27050/27370/14694/20091/68028/26961/19946/20085/67427/20103/68537/54217/67707/66047/27367/19934/16898/67945/68836/66407/268449/319195/76808/19896/27398/270106/27176/94067/56040/619547/269261/67115/64659/16785/20102/67281/19981/67891/11837/68436/100043813/121022/65111/56282/20090/19944/68052/66489/20116/19982/20104/67097/100502825/107732/94062/66242/67212/118451/22121/19943/19951/67270/353242/69163/20084/100503670/75617/67025/66480/66230/19935/66448/27395/19942/50529/664969/18100/66258/56284/19988/20115/114641/76846/94066/54127/102632403/20005/57294/78294/110954/19989/107734/64660/94064/68611/67941/67248",0.719512826338911
"mmu00480","Glutathione metabolism",47,0.614606242356376,2.15107137620948,3.70867795553175e-06,0.000254415307749478,0.000108653043008213,2884,"tags=55%, list=23%, signal=43%","20135/14873/14381/18263/110208/69065/14782/211666/14870/15926/20810/269951/382985/68312/75475/14629/14768/14854/625249/14869/14630/66988/11758/14863/14775/68044",0.627256739718528
"mmu01230","Biosynthesis of amino acids",63,0.565871525161649,2.13430728113111,2.99055979511035e-06,0.000254415307749478,0.000108653043008213,2170,"tags=38%, list=17%, signal=32%","107869/18641/108682/56454/100678/232087/108037/19895/12035/11898/236539/27053/107272/11674/15926/15929/269951/14433/13808/21351/66646/109652/20425/21991",0.627256739718528
"mmu01200","Carbon metabolism",99,0.477107543221777,1.91082240126194,2.01033751969991e-05,0.000985065384652956,0.000420691477063134,2170,"tags=40%, list=17%, signal=34%","18641/108682/100678/20917/66171/14381/14194/110208/108037/14751/11409/19895/14661/236539/66904/107272/11674/225913/15926/100198/11532/93747/17436/235339/239017/15929/72141/110446/269951/18597/14433/17850/13808/110821/21351/107029/66646/20425/67680/21991",0.575610261071129
"mmu05168","Herpes simplex virus 1 infection",144,0.429512204118555,1.80567190179261,1.95545891512985e-05,0.000985065384652956,0.000420691477063134,2583,"tags=35%, list=21%, signal=28%","54123/15040/246730/12266/230073/69550/246728/71586/20684/16391/67996/23960/246727/22059/224045/20846/13685/12048/20847/142980/11651/19106/78781/24088/21937/20383/23961/266632/21354/15039/12702/16179/17874/108067/14082/16451/19294/14972/22084/12028/71609/20779/18706/15015/20382/15976/18709/110809/56717/225027/15975",0.575610261071129
"mmu04710","Circadian rhythm",32,-0.626890589401474,-2.13020502033826,3.31918948194014e-05,0.00142310249038183,0.000607763807375972,1867,"tags=47%, list=15%, signal=40%","56438/12912/12952/108079/12953/18628/20893/19079/12753/18627/353187/217166/18626/13170/79362",0.557332238758646
"mmu05164","Influenza A",109,0.461564464350604,1.86840587320546,4.85060596815228e-05,0.0018486198300847,0.000789489326254743,2186,"tags=36%, list=17%, signal=30%","54123/246730/230073/246728/71586/26396/16391/23960/246727/11739/12567/20846/20847/142980/11651/19106/17858/21937/11740/19326/217069/23961/266632/110196/26395/12702/58185/11461/17874/14082/16451/22333/21898/26417/54196/12028/66679/71609/18706",0.557332238758646
"mmu00280","Valine, leucine and isoleucine degradation",43,0.573917221233626,1.98025563067581,6.57581071177086e-05,0.00212873166975017,0.000909116576798374,1821,"tags=42%, list=15%, signal=36%","110695/11409/12035/66885/66904/15108/231086/113868/257633/13171/93747/78038/110446/78894/12039/52538/17850/110821",0.538434096309916
"mmu01240","Biosynthesis of cofactors",112,0.450547381159917,1.8376242303925,6.82683625867401e-05,0.00212873166975017,0.000909116576798374,2372,"tags=37%, list=19%, signal=30%","270685/192185/17768/22169/232087/11566/77697/56520/226518/108037/71883/229949/12035/107272/11639/55936/107508/71743/69719/54128/66588/17025/69568/14629/20751/108156/230027/56316/66812/110006/22276/19286/14854/18104/68646/20425/14287/15288/14630/319945/394435",0.538434096309916
"mmu05160","Hepatitis C",117,0.441373051768566,1.78520449494896,7.62219119061832e-05,0.0021786763153184,0.000930446416464699,2186,"tags=32%, list=17%, signal=27%","54123/246730/230073/15957/246728/26396/16391/23960/246727/12567/22059/20846/20847/142980/11651/19106/22628/17858/21937/23961/11836/12443/26395/12702/58185/15461/22631/19192/16341/19645/14082/16451/18176/13555/26417/12028/71609/18706",0.538434096309916
"mmu04966","Collecting duct acid secretion",17,-0.712918681908862,-2.07344212023823,0.000227448826807292,0.00600114981499239,0.00256290863437023,2594,"tags=65%, list=21%, signal=51%","21871/11975/11974/66144/11984/11973/11966/11964/66335/73834/11972",0.518848077743792
"mmu04512","ECM-receptor interaction",64,0.494115312792105,1.82913656835285,0.000349805145775877,0.00750171036766317,0.00320375242520971,886,"tags=27%, list=7%, signal=25%","12842/16775/12843/20750/12826/12833/16423/12835/12834/11603/21923/241226/12827/16419/21827/16403/14268",0.49849310876659
"mmu01232","Nucleotide metabolism",72,0.48093987202943,1.81970188295687,0.000336554318696334,0.00750171036766317,0.00320375242520971,3985,"tags=58%, list=32%, signal=40%","22436/22169/20135/11566/56520/320685/23918/15452/229949/12499/14923/11639/55936/50773/66588/382985/27369/68106/22271/76952/22171/66566/76025/68556/80914/23959/109674/11717/12497/103850/66422/51797/11534/54369/75686/11821/23917/11486/66355/21877/105446/110074",0.49849310876659
"mmu04140","Autophagy - animal",153,-0.351861401163716,-1.63962507206605,0.000349934011319565,0.00750171036766317,0.00320375242520971,1428,"tags=25%, list=11%, signal=22%","108079/64930/53331/93739/100502698/76559/22190/18607/22034/56790/71648/19324/78610/237782/19349/54170/56418/13030/17966/57436/74769/71732/16784/67443/384783/67474/68118/100504663/18710/170749/67526/16367/13666/56486/16783/13033/17532/52187",0.49849310876659
"mmu00983","Drug metabolism - other enzymes",50,0.522869060351823,1.83659153614717,0.000384632086798442,0.00762790321190959,0.00325764555237459,2561,"tags=36%, list=20%, signal=29%","22436/20135/14873/56520/23918/15452/211666/14870/66588/382985/68312/22271/110006/14869/68556/80914/394435/14863",0.49849310876659
"mmu00970","Aminoacyl-tRNA biosynthesis",44,0.531563948593298,1.81703367197035,0.000400298127738695,0.00762790321190959,0.00325764555237459,3577,"tags=59%, list=29%, signal=42%","381314/353172/22375/107045/23874/110960/22321/70223/68915/226414/107508/15115/27267/20226/105148/216443/104458/107271/85305/109093/97541/71941/71984/102436/244141/70560",0.49849310876659
"mmu00030","Pentose phosphate pathway",26,0.641925076036504,1.99614246756004,0.0004811724929991,0.00868642974203639,0.00370971005124686,1975,"tags=46%, list=16%, signal=39%","18641/66171/14381/110208/14751/19895/11674/100198/72157/232449/21351/66646",0.49849310876659
"mmu05162","Measles",99,0.430475176031778,1.72405911672275,0.000589174025316298,0.00998338018279344,0.00426359815360058,2462,"tags=38%, list=20%, signal=31%","54123/246730/230073/246728/71586/16391/23960/246727/12567/22059/20846/16453/12048/208650/20847/14694/11651/19106/17858/24088/23961/266632/12443/12444/17698/16179/17874/14082/26420/16451/21898/12028/71609/18706/26419/15976/18709/14281",0.477270815362862
"mmu04621","NOD-like receptor signaling pathway",133,0.397382637031473,1.65428605787867,0.000611227358130211,0.00998338018279344,0.00426359815360058,2230,"tags=29%, list=18%, signal=24%","55932/54123/15944/246730/15951/54396/229900/246728/69146/14469/16391/23960/246727/20846/22335/12048/24105/20847/12364/12363/18798/23961/266632/22166/18795/14468/215999/17874/14082/26420/16451/22333/21898/26417/74006/107607/26419/216877",0.477270815362862
"mmu00980","Metabolism of xenobiotics by cytochrome P450",27,0.613662255891318,1.89426050388092,0.000802014441026805,0.0122238922556596,0.00522045274213524,2561,"tags=44%, list=20%, signal=35%","14873/11529/211666/14870/11532/68312/14869/110198/394435/13078/67689/14863",0.477270815362862
"mmu04151","PI3K-Akt signaling pathway",262,0.335187903170161,1.51069019308207,0.000819677906356182,0.0122238922556596,0.00522045274213524,2862,"tags=34%, list=23%, signal=27%","74551/12842/16775/78134/12843/20750/18414/14178/12826/12833/12835/26396/12834/68401/13874/74747/21923/15234/12567/22059/12915/14936/16453/13685/241226/12048/12827/16419/56636/14600/11651/22628/21827/24088/16403/75778/14268/12977/13866/74370/235542/12443/14701/12444/21826/26987/26395/15461/319480/18595/22631/14693/14708/16451/11876/18176/16773/21898/13639/26417/13640/22084/22339/56716/226519/18706/11911/11600/15976/20104/18709/14688/16188/56717/17210/71785/67168/15975/14696/14083/225849/54401/109700/14706/11839/16416/16189/18596/94216/14173",0.477270815362862
"mmu00240","Pyrimidine metabolism",47,0.50914943493264,1.78198121043778,0.0011804722099233,0.0168709153334872,0.00720505501627413,2402,"tags=38%, list=19%, signal=31%","22169/20135/56520/320685/12499/55936/50773/69719/66588/382985/68106/22271/76952/22171/76025/68556/80914/23959",0.45505986738723
"mmu00670","One carbon pool by folate",30,0.580593803276018,1.86135478664596,0.00131280507928977,0.0174478470870524,0.00745144502789502,2245,"tags=53%, list=18%, signal=44%","107869/270685/17768/192166/232087/110695/108037/107747/216188/108147/229709/269378/108156/22171/20425/14450",0.45505986738723
"mmu00620","Pyruvate metabolism",34,0.550777889615201,1.78546998064713,0.00132257733021389,0.0174478470870524,0.00745144502789502,1965,"tags=41%, list=16%, signal=35%","74551/110695/11529/14194/76238/16828/107476/11532/17436/235339/110446/18597/107029/109801",0.45505986738723
"mmu04721","Synaptic vesicle cycle",54,-0.451644814744814,-1.7602249877357,0.00150098508287441,0.0188286884706861,0.00804116040143382,645,"tags=24%, list=5%, signal=23%","11984/11973/114143/74325/12757/20907/67300/11966/20908/11964/66335/73834/11972",0.45505986738723
"mmu04926","Relaxin signaling pathway",105,0.39537245941914,1.59740182610938,0.0015370357935254,0.0188286884706861,0.00804116040143382,3351,"tags=42%, list=27%, signal=31%","11475/12842/12843/12826/26396/12915/12825/12827/18798/11651/14701/18795/26395/15461/26398/14693/14708/26420/20416/18176/17386/104111/216148/26417/22339/20779/18706/11911/26419/21813/18709/14281/14688/26400/14696/14706/94216/17395/21803/13618/14702/18797/13649/26414",0.45505986738723
"mmu00260","Glycine, serine and threonine metabolism",29,0.575012148557904,1.8337204092554,0.00241730846946611,0.0276378935008958,0.0118033040455499,1061,"tags=34%, list=8%, signal=32%","107869/100678/192166/26912/110695/108037/76238/236539/107272/14431",0.431707695803346
"mmu00230","Purine metabolism",95,0.41100307559844,1.63340166786818,0.00241706836177911,0.0276378935008958,0.0118033040455499,2607,"tags=33%, list=21%, signal=26%","22436/18573/20135/11566/56520/18576/23918/15452/229949/108147/12499/14923/11639/238871/18578/50773/72157/382985/27369/23984/53893/104111/76952/66566/76025/14450/23959/67054/109674/218461/11717",0.431707695803346
"mmu04270","Vascular smooth muscle contraction",81,0.419936345345481,1.61695499747237,0.00266070777855869,0.0285194615014259,0.012179794936462,1998,"tags=28%, list=16%, signal=24%","11475/98932/213498/26396/11535/56089/14673/18798/11836/107589/14682/66350/18795/12288/54598/26395/223780/11550/109624/16801/104111/18754/26417",0.431707695803346
"mmu04518","Integrin signaling",118,0.372635929223074,1.53043598863491,0.00264285316580166,0.0285194615014259,0.012179794936462,2840,"tags=38%, list=23%, signal=30%","12842/16775/12843/12266/20750/12826/14118/12833/12835/12834/21923/15234/241226/12827/16419/11651/192176/21827/16403/14268/13866/12443/12444/21826/57342/319480/18595/11461/16773/114249/22339/226519/20779/18706/18709/12540/56717/71785/14083/109700/11465/70549/16416/18596/94216",0.431707695803346
"mmu04960","Aldosterone-regulated sodium reabsorption",27,-0.543797875613125,-1.76563981155817,0.00296596512370411,0.0299213540420738,0.0127785006191479,992,"tags=26%, list=8%, signal=24%","18607/83814/18752/74769/18710/11931/16367",0.431707695803346
"mmu05217","Basal cell carcinoma",48,-0.450118859817237,-1.70552142935587,0.00289800622623333,0.0299213540420738,0.0127785006191479,3088,"tags=46%, list=25%, signal=35%","14366/12018/107986/13197/19206/19207/24069/21414/12006/16576/14634/14369/22410/216795/11789/14367/21415/12159/27015/14632/17873/23882",0.431707695803346
"mmu05219","Bladder cancer",35,0.531267445524148,1.77301400563278,0.00313769930312222,0.0303386548926697,0.0129567171253332,2177,"tags=40%, list=17%, signal=33%","26396/12567/22059/11836/13866/12443/26395/15461/19645/18176/13555/26417/22339/20779",0.431707695803346
"mmu04010","MAPK signaling pathway",239,-0.285265291306542,-1.39932007325319,0.00318423200039682,0.0303386548926697,0.0129567171253332,1980,"tags=24%, list=16%, signal=20%","16478/18591/216869/29857/17165/22030/58231/72349/15507/232889/13836/319520/338372/14184/12367/20807/18479/14013/13637/26403/13712/269881/12928/13198/26940/22034/14171/14102/26412/18018/18049/381921/18590/76089/18752/15370/17347/193740/21808/330177/30957/12929/13636/12295/16476/63953/56692/13638/70686/14254/17532/19099/18218/26401/15511/17873/23882",0.431707695803346
"mmu04820","Cytoskeleton in muscle cells",160,0.363648553152192,1.55512854364568,0.0033172345243218,0.0307516605903345,0.0131330993022862,1823,"tags=24%, list=15%, signal=21%","14119/12842/12843/98932/12111/12826/14118/12833/12835/12834/11603/22793/13003/213019/241226/12832/12825/12827/16419/14201/21827/22004/15529/16403/22352/70435/14268/223697/21826/319480/11461/109676/18073/13808/13726/24052/16773/14115/54132",0.431707695803346
"mmu04217","Necroptosis",110,0.386424559406461,1.56848897598207,0.00383852983610694,0.0337593777893508,0.014417603875034,2246,"tags=29%, list=18%, signal=24%","58203/16391/11739/20846/16453/22335/14319/24105/20847/142980/15270/12333/14661/19106/21937/11740/20852/208092/268373/74568/66700/14082/26420/16451/22333/21898/108058/74006/12028/71609/26419/18783",0.431707695803346
"mmu04110","Cell cycle",150,-0.322257158085315,-1.48314194752711,0.00378671678688431,0.0337593777893508,0.014417603875034,1936,"tags=23%, list=15%, signal=19%","66591/56438/77011/56452/12914/71988/107995/12237/218914/23834/242705/22629/12566/105988/12235/268697/22642/12545/12534/21770/22390/22627/100710/26932/67849/12428/21808/229776/17217/12236/12581/17215/17873/23882",0.431707695803346
"mmu03273","Virion - Lassa virus and SFTS virus",12,-0.682422601887027,-1.80846599955652,0.0039588924366947,0.033947502644657,0.0144979462812175,375,"tags=25%, list=3%, signal=24%","16784/16783/75599",0.407017918923954
"mmu03250","Viral life cycle - HIV-1",53,0.471853272195111,1.69622228804678,0.00430406999551182,0.0360072197185501,0.0153775888223606,2301,"tags=40%, list=18%, signal=32%","20587/69550/209387/26943/27632/22088/80287/319236/17858/23988/64144/57314/235180/208092/268373/16543/19384/14534/17755/432508/56045",0.407017918923954
"mmu04974","Protein digestion and absorption",51,0.454656191507771,1.61968440602904,0.00454333426067412,0.037103896462172,0.0158459461175442,1212,"tags=29%, list=10%, signal=27%","12842/12843/12826/12833/12835/12834/20514/107581/12832/12825/12827/17254/12816/67760/12837",0.407017918923954
"mmu00982","Drug metabolism - cytochrome P450",22,0.591092326855139,1.77048621688956,0.00484455075555165,0.0377654752080503,0.0161284862860785,2561,"tags=45%, list=20%, signal=36%","14873/11529/211666/14870/11532/68312/14869/394435/67689/14863",0.407017918923954
"mmu04620","Toll-like receptor signaling pathway",70,0.431940983924139,1.64775514656249,0.00479474159929121,0.0377654752080503,0.0161284862860785,3360,"tags=50%, list=27%, signal=37%","54123/20750/26396/16391/20846/20847/142980/11651/24088/13038/266632/26395/26398/117149/16179/17874/14082/26420/16451/21898/26417/18706/26419/15976/18709/14281/26400/15975/12370/20304/54721/16193/16151/26414/26399",0.407017918923954
"mmu03272","Virion - Hepatitis viruses",25,-0.538877082051327,-1.73233289496381,0.00618214133539073,0.0471216550675338,0.0201242262502243,864,"tags=24%, list=7%, signal=22%","71955/20778/16784/16783/60363/22134",0.407017918923954
"mmu05323","Rheumatoid arthritis",46,-0.434998517865382,-1.58091394526995,0.00713280230996902,0.0531858954852038,0.0227140789628686,645,"tags=24%, list=5%, signal=23%","11984/11973/114143/21808/16476/11966/11964/66335/73834/14254/11972",0.407017918923954
"mmu05166","Human T-cell leukemia virus 1 infection",187,0.337366579867322,1.47939641099929,0.00744951072022136,0.0543655782348069,0.0232178855995939,2462,"tags=31%, list=20%, signal=25%","15040/26396/16177/18186/11739/12567/22059/12915/20525/16453/22335/19056/12048/21423/12257/73181/11651/12442/14283/21937/59008/11740/52206/19057/12443/110196/69957/100683/12444/15039/26395/15461/26398/19645/19384/26406/26420/16451/18176/22333/14534/104111/13555/217232/26417/81601/14972/12028/245000/18706/11911/26419/50883/21813/15015/18709/16818/14281",0.407017918923954
"mmu00860","Porphyrin metabolism",26,0.553521176116905,1.72124001318482,0.00971704158031973,0.0694363596260348,0.0296541581381979,2616,"tags=38%, list=21%, signal=30%","12870/77697/14319/107508/17025/110006/22276/15288/394435/12892",0.380730400722792
"mmu05230","Central carbon metabolism in cancer",57,0.431384078053199,1.57374095023543,0.00993368034430828,0.069535762410158,0.0296966100451763,1740,"tags=33%, list=14%, signal=29%","18641/20539/228026/26396/14381/20514/22059/20525/11651/16828/15926/13866/50721/269951/26395/15461/18595/18597/18176",0.380730400722792
"mmu04540","Gap junction",64,0.411614786152907,1.52373269545645,0.0106734051905521,0.0730234510045048,0.0311860958084071,2370,"tags=34%, list=19%, signal=28%","19092/26396/22154/14609/22142/67951/22143/18798/227613/14682/22146/22152/18795/26395/15461/18595/18176/104111/26417/20779/23938/14672",0.380730400722792
"mmu05210","Colorectal cancer",84,-0.357694102926353,-1.49864258898314,0.0109178938355487,0.0730234510045048,0.0311860958084071,453,"tags=13%, list=4%, signal=13%","11799/11789/74769/21808/18710/21415/16476/27015/58801/17873/23882",0.380730400722792
"mmu03013","Nucleocytoplasmic transport",100,-0.329837041518163,-1.42709382173216,0.0110706106479133,0.0730234510045048,0.0311860958084071,3011,"tags=30%, list=24%, signal=23%","75826/16650/16648/73666/269966/53319/433702/103573/66069/16649/192160/70699/19826/78428/20220/18949/107939/69482/227720/22196/60365/22218/326622/51796/17149/19387/19704/18141/100042165/77595",0.380730400722792
"mmu05204","Chemical carcinogenesis - DNA adducts",24,0.544205973652864,1.66698397495812,0.0113100706453251,0.0731953628555947,0.0312595141334101,2561,"tags=38%, list=20%, signal=30%","14873/19225/211666/14870/68312/14869/394435/13078/14863",0.380730400722792
"mmu04720","Long-term potentiation",50,0.440398313986394,1.54691083740288,0.0117212028604771,0.0744513440952527,0.0317959055355519,2199,"tags=34%, list=18%, signal=28%","26396/20112/14799/19056/18798/11836/14682/19057/18795/12288/26395/15461/18176/108058/109905/26417/11911",0.380730400722792
"mmu00010","Glycolysis / Gluconeogenesis",44,0.442786020270009,1.51356597910277,0.0126156260112898,0.0785702188256124,0.033554951707663,1734,"tags=34%, list=14%, signal=29%","74551/18641/68401/110695/11529/14751/11674/16828/11532/235339/72141/72157/18597/14433/13808",0.380730400722792
"mmu05161","Hepatitis B",137,0.341865136963784,1.42624582109275,0.0128277908286714,0.0785702188256124,0.033554951707663,2635,"tags=34%, list=21%, signal=27%","54123/230073/71586/26396/22059/12915/20846/16453/22335/20847/142980/12364/73181/11651/24088/13194/20852/11836/266632/13655/26395/15461/22631/26398/117149/16179/17874/19645/14082/26420/16451/18176/21898/13555/26417/12028/20779/18706/11911/26419/21813/18709/14281/26400/15975/54401",0.380730400722792
"mmu01212","Fatty acid metabolism",55,0.430311803181273,1.55671619212176,0.013524494690408,0.0813842399791218,0.0347567345882724,2548,"tags=44%, list=20%, signal=35%","56348/106529/76267/11409/66885/231086/14104/107476/113868/257633/56473/93747/11370/110446/433256/234309/66775/52538/78070/26922/15107/20250/50790/223722",0.380730400722792
"mmu00020","Citrate cycle (TCA cycle)",29,0.508596802431245,1.62192110034401,0.0181888599863467,0.107565154746843,0.0459378073130815,1718,"tags=34%, list=14%, signal=30%","74551/20917/14194/104112/15926/235339/239017/15929/269951/18597",0.352487857583619
"mmu04146","Peroxisome",69,0.39191208184764,1.46837024992449,0.0188359183981524,0.109503728992649,0.0467657134354267,3223,"tags=43%, list=26%, signal=32%","22436/74114/51798/18634/14712/15926/113868/19298/16922/23986/54683/269951/17855/28200/433256/26378/17117/11666/20524/234384/93732/18477/50790/19299/111175/110959/26874/80911/18633/228061",0.352487857583619
"mmu00330","Arginine and proline metabolism",37,0.456520507626571,1.53022811820603,0.0208559212193866,0.117271819315567,0.0500832286408357,1167,"tags=19%, list=9%, signal=17%","56454/110695/18451/18263/14431/228608/20810",0.352487857583619
"mmu04612","Antigen processing and presentation",48,-0.392247553780512,-1.4862443418983,0.0205861792555773,0.117271819315567,0.0500832286408357,1588,"tags=27%, list=13%, signal=24%","12912/14827/14828/19727/15519/12330/19141/13030/193740/12317/65972/170767/15511",0.352487857583619
"mmu00071","Fatty acid degradation",36,0.454233669834884,1.51179647835122,0.0218920300403351,0.119409126630609,0.0509960076150148,1871,"tags=39%, list=15%, signal=33%","110695/11529/11409/66885/231086/113868/11532/93747/11370/23986/110446/433256/52538/78070",0.352487857583619
"mmu04082","Neuroactive ligand signaling",80,0.372554245871713,1.44853326618997,0.0219322885648058,0.119409126630609,0.0509960076150148,2722,"tags=30%, list=22%, signal=24%","14664/20512/18442/14799/228139/18438/18798/14682/14701/18795/72075/14806/11550/14693/14708/104111/14672/15551/14688/21333/11541/14696/14802/14706",0.352487857583619
"mmu05144","Malaria",26,0.522302021973583,1.62416033564431,0.0224682438486673,0.120415744376451,0.0514259034502902,1841,"tags=38%, list=15%, signal=33%","12946/15234/21827/15529/24088/16635/16971/21826/17874/21898",0.352487857583619
"mmu03083","Polycomb repressive complex",76,-0.336889333284939,-1.37829474356003,0.0243226800941358,0.128348911881363,0.0548139181013241,2766,"tags=29%, list=22%, signal=23%","68837/328572/14123/140858/110962/225876/67057/75302/54650/71458/12914/19821/13001/29808/14056/15161/56353/320376/214669/237339/241915/353282",0.352487857583619
"mmu05132","Salmonella infection",213,0.295950182723417,1.30747814723211,0.0252456823732848,0.131201046273283,0.0560319779873105,2337,"tags=28%, list=19%, signal=23%","98932/80837/26396/69146/22154/22142/53413/19158/11867/67951/22143/27050/235661/68089/12363/213575/67117/67771/11651/192176/227613/24088/21937/218035/18643/266632/20430/22146/22166/19159/22152/235406/69654/74568/26395/15461/66616/26398/11461/117149/16179/17874/14082/26420/14433/234663/11845/21898/67068/26417/12369/12028/107607/12306/71609/18706/26419/17281/74117",0.352487857583619
"mmu00053","Ascorbate and aldarate metabolism",9,0.666578880966344,1.5391657410159,0.0258530139392232,0.132351996733635,0.056523513936838,3704,"tags=67%, list=30%, signal=47%","110695/110006/394435/22235/11671/394432",0.352487857583619
"mmu00600","Sphingolipid metabolism",45,-0.394403313182471,-1.46107882529745,0.0280475855049267,0.140837226965111,0.0601472977941479,2422,"tags=42%, list=19%, signal=34%","50877/58994/56386/230101/53897/15212/77626/81535/18010/20397/13244/67630/19156/20597/14420/14466/11605/15211/74442",0.352487857583619
"mmu04070","Phosphatidylinositol signaling system",82,-0.336205773143194,-1.4079663868464,0.0283316870571214,0.140837226965111,0.0601472977941479,2807,"tags=33%, list=22%, signal=26%","16438/54384/320404/76500/219024/52858/83493/18802/74596/72469/242291/16440/18704/18720/233011/110911/327655/56077/16332/18752/18711/74769/18710/170749/117150/104015/234779",0.352487857583619
"mmu04623","Cytosolic DNA-sensing pathway",56,0.415708435761049,1.4806246530885,0.0297577232798766,0.143759142042221,0.0613951588892524,3217,"tags=36%, list=26%, signal=27%","54123/15951/230073/58203/69146/26939/70428/74568/67005/14082/12369/54722/70796/56045/12370/20304/16193/16151/78929/72512",0.352487857583619
"mmu04022","cGMP-PKG signaling pathway",106,0.350610512889373,1.42236157288064,0.0293718282050859,0.143759142042221,0.0613951588892524,1998,"tags=26%, list=16%, signal=22%","98932/19092/26396/11739/12915/18576/22335/19056/14673/73181/18798/11651/11740/107589/22323/14682/19057/53313/19735/18795/14886/12288/26395/11550/22333/104111/18754/26417",0.352487857583619
"mmu04917","Prolactin signaling pathway",55,0.398993747884977,1.44341852418637,0.0315198072024314,0.148099916033342,0.0632489714892813,3537,"tags=51%, list=28%, signal=37%","26396/20846/11651/216233/12443/12444/26395/12702/15461/26420/20416/18176/216148/26417/20779/18706/26419/54607/18709/14281/56468/12703/16452/14430/26414/56637/20848/110157",0.321775918075361
"mmu05167","Kaposi sarcoma-associated herpesvirus infection",157,0.318051906767634,1.36489592974057,0.0313213809985051,0.148099916033342,0.0632489714892813,3119,"tags=38%, list=25%, signal=29%","54123/15040/12266/26396/16391/12567/22059/20846/19056/20847/142980/19225/73181/11651/19106/21937/19057/12443/14701/15039/26395/15461/26398/14693/14708/19645/14082/26420/16451/18176/13555/26417/14972/22339/12028/71609/20779/18706/26419/15015/15976/18709/14281/14688/26400/56717/15251/15975/14696/14706/14173/14964/16439/12370/18803/54721/16452/66734/16193",0.321775918075361
"mmu00450","Selenocompound metabolism",17,0.556826042806942,1.53223659411304,0.0325333791577167,0.148785987347958,0.0635419716892812,4169,"tags=71%, list=33%, signal=47%","107869/21743/232223/50493/216443/109079/238505/23972/26462/23971/229905/211006",0.321775918075361
"mmu05010","Alzheimer disease",316,0.280229509924857,1.29132631204827,0.032207252561315,0.148785987347958,0.0635419716892812,2578,"tags=26%, list=21%, signal=21%","14362/26396/22154/22142/11739/29869/22335/67951/19056/12568/26444/22143/12364/12333/19225/18798/11651/74781/19106/227613/21937/67942/11740/19165/52639/12977/26408/11951/11836/15108/68585/59287/67273/14682/56811/66218/59029/19057/22146/53313/12862/16971/22152/18795/106947/12288/329015/26395/69806/15461/215999/11820/14082/26420/14433/14368/18176/22333/19181/22273/26417/19164/225887/72900/12369/67680/67130/15925/18706/66416/11911/70316/75406/26419/66445/234664/18709/19167/226548/26400/56717/12005/93687",0.321775918075361
"mmu04216","Ferroptosis",35,0.448525537753218,1.49687707579342,0.0352898330227291,0.157200165283066,0.0671354112709996,2482,"tags=34%, list=20%, signal=28%","26570/12870/22059/22335/14319/17254/433256/14629/14854/625249/14630/50790",0.321775918075361
"mmu04145","Phagocytosis",177,-0.268415857284317,-1.2695302443988,0.035104247203812,0.157200165283066,0.0671354112709996,751,"tags=16%, list=6%, signal=15%","68097/271457/12330/20778/59288/11984/11973/78610/19349/114143/13030/18711/57436/74769/71732/16784/67443/18710/67526/12317/11966/56486/16783/11964/66335/73834/13033/11972",0.321775918075361
"mmu05169","Epstein-Barr virus infection",167,0.306176539640229,1.32033554781158,0.0396946564885496,0.174554707379135,0.0745470085739764,2442,"tags=27%, list=20%, signal=22%","54123/15040/246730/100038882/230073/246728/16391/23960/246727/19664/12567/22059/20846/16453/17999/20847/11651/19106/24088/22352/23961/59029/266632/12443/21354/12444/15039/26398/16179/17874/19645/14082/26420/16451/19181/13555/14972/12028/71609/18706/26419/15015/20602/15976/18709",0.282013350011725
"mmu05163","Human cytomegalovirus infection",184,0.299571215851344,1.30866632818133,0.0408759124087591,0.177473898179802,0.0757937062134377,3537,"tags=39%, list=28%, signal=28%","15040/213498/26396/16177/12567/22059/12915/13685/19056/19225/14673/73181/20312/18798/11651/21937/14682/19057/12443/20315/21354/14701/18795/15039/26395/15461/18595/14693/14708/19645/14082/16451/18176/16801/104111/13555/26417/14972/22084/22339/12028/71609/20779/18706/11911/15015/14672/18709/14688/56717/14696/14083/14706/16416/213233/14964/16439/12370/20304/16193/16151/72512/14674/14702/18797/13649/26399/78284/19217/56637/20848/110157",0.271288554688953
"mmu05165","Human papillomavirus infection",270,0.27640147344319,1.25672415497524,0.0427960057061341,0.18348787446505,0.0783620926432937,2186,"tags=22%, list=17%, signal=19%","23962/15040/12842/16775/100038882/12843/20750/14362/12826/12833/12835/26396/23859/12834/16391/21923/19664/12567/22059/20846/13685/241226/20847/142980/12827/16419/19225/11651/19106/21827/17858/21937/16403/14268/235542/12443/12444/15039/21826/26395/15461/319480/231655/19645/14082/16451/14368/18176/16773/13555/26417/14972/19164/22084/22339/12028/245000/71609/226519/18706",0.261663521711573
"mmu01523","Antifolate resistance",23,0.518774058660211,1.53644750815912,0.048951048951049,0.202291684219395,0.0863926281013603,3388,"tags=61%, list=27%, signal=44%","239273/108037/17250/20509/108147/22171/20425/14287/14450/52466/16193/16151/17769/238505",0.271288554688953
"mmu05150","Staphylococcus aureus infection",17,0.526211154976832,1.44799259715217,0.0486111111111111,0.202291684219395,0.0863926281013603,394,"tags=18%, list=3%, signal=17%","12266/50908/50909",0.271288554688953
"mmu04510","Focal adhesion",171,0.30671222806166,1.33543916116573,0.0487444608567208,0.202291684219395,0.0863926281013603,2688,"tags=32%, list=21%, signal=26%","12842/16775/12843/13731/98932/20750/12826/12833/12835/12834/22793/21923/15234/241226/12827/16419/13730/11651/192176/21827/16403/14268/13866/107589/22323/12443/12444/21826/57342/26395/15461/319480/18595/11461/26420/20416/16773/216148/109905/26417/330662/22339/226519/20779/18706/26419/18709/12540/71785/22325/14083/109700/11465/70549/14360",0.248911114434702
"mmu05208","Chemical carcinogenesis - reactive oxygen species",193,0.292717662245541,1.28326025468738,0.0499286733238231,0.203875416072278,0.0870689918258818,2621,"tags=25%, list=21%, signal=20%","26396/14873/11739/15234/22335/211666/11651/67942/11740/26408/11951/11836/67273/66218/18805/12862/50868/68312/26395/15461/26398/26420/18176/22333/22273/18024/26417/225887/72900/18104/22339/67680/67130/20779/18706/66416/70316/75406/26419/66445/11350/13078/18709/14281/26400/15251/14863/14083",0.241339976815091
"mmu04981","Folate transport and metabolism",18,0.539940394952648,1.51517344174667,0.0515653775322284,0.208081464630051,0.088865267289355,3388,"tags=67%, list=27%, signal=49%","239273/108037/17250/20509/108156/22171/20425/14287/52466/17769/28253/238505",0.271288554688953
"mmu00062","Fatty acid elongation",26,0.463617183343632,1.44167284144259,0.0537634408602151,0.214428607151788,0.0915759388896372,2241,"tags=42%, list=18%, signal=35%","56348/106529/75778/231086/93747/171210/26897/66775/52538/26922/15107",0.261663521711573
"mmu01210","2-Oxocarboxylic acid metabolism",27,0.471286042993927,1.45477178806941,0.0552584670231729,0.215382433965322,0.0919832893227145,2055,"tags=41%, list=16%, signal=34%","108682/12035/15926/13171/235339/239017/15929/269951/12039/18597/109652",0.257206466468838
"mmu04613","Neutrophil extracellular trap formation",106,0.330908831111102,1.34243551803533,0.054858934169279,0.215382433965322,0.0919832893227145,3001,"tags=30%, list=24%, signal=23%","12266/26396/69146/12946/11739/22335/15270/12363/18798/11651/24088/11740/79221/18795/68024/26395/11461/22333/208727/21898/26417/70315/20779/18706/18709/56717/15183/11465/26914/16416/232440/18803",0.241339976815091
"mmu00603","Glycosphingolipid biosynthesis - globo and isoglobo series",11,-0.581181597768595,-1.47647780518423,0.0563991323210412,0.217358453776597,0.0928271873076227,1932,"tags=45%, list=15%, signal=38%","15212/17939/11605/215493/15211",0.282013350011725
"mmu00511","Other glycan degradation",15,-0.521671211027501,-1.46393621507157,0.0623608017817372,0.225155315906693,0.0961569900771347,2422,"tags=53%, list=19%, signal=43%","50877/230101/15212/18010/110173/14466/15211/66848",0.271288554688953
"mmu00514","Other types of O-glycan biosynthesis",38,0.429038263391106,1.43705251106053,0.0610561056105611,0.225155315906693,0.0961569900771347,1989,"tags=32%, list=16%, signal=27%","53418/268880/234407/381694/224143/140484/108155/217734/73068/14426/231050/232313",0.234392647294686
"mmu04622","RIG-I-like receptor signaling pathway",49,0.401637391206358,1.42120650087204,0.0612244897959184,0.225155315906693,0.0961569900771347,983,"tags=18%, list=8%, signal=17%","54123/100038882/230073/71586/80861/27215/23988/217069/225913",0.237793834423688
"mmu05322","Systemic lupus erythematosus",53,0.380301200486174,1.36711009639636,0.0607553366174056,0.225155315906693,0.0961569900771347,1418,"tags=11%, list=11%, signal=10%","12266/50908/50909/15270/68024/12268",0.234392647294686
"mmu05213","Endometrial cancer",55,-0.343743462260778,-1.34741805382729,0.062200956937799,0.225155315906693,0.0961569900771347,410,"tags=13%, list=3%, signal=12%","11789/74769/18710/21415/27015/17873/23882",0.282013350011725
"mmu03015","mRNA surveillance pathway",86,-0.311811614735735,-1.32154393220254,0.0620741647326479,0.225155315906693,0.0961569900771347,2720,"tags=29%, list=22%, signal=23%","381404/105083/53319/433702/56422/233789/192160/24018/19826/78428/20220/18949/54188/226517/67337/60365/74320/326622/51796/21770/26932/17149/74737/228410/19704",0.321775918075361
"mmu00270","Cysteine and methionine metabolism",44,0.400237128291962,1.36812201204342,0.0634390651085142,0.226662493043962,0.0968006596100935,2322,"tags=30%, list=19%, signal=24%","107869/232087/12035/236539/107272/16828/20810/229709/269378/14629/14854/14630/56369",0.231126709673834
"mmu04961","Endocrine and other factor-regulated calcium reabsorption",37,-0.380423778325418,-1.38156560284906,0.0671462829736211,0.237434794432495,0.101401182025271,667,"tags=19%, list=5%, signal=18%","12062/18752/74325/12757/67300/11931/110891",0.271288554688953
"mmu04924","Renin secretion",40,0.410325622542352,1.38224569998327,0.0693430656934307,0.239001883239171,0.102070438010752,1721,"tags=28%, list=14%, signal=24%","18573/19092/18576/19056/18798/14682/19057/18795/12288/11421/16518",0.231126709673834
"mmu05140","Leishmaniasis",45,0.39542235828605,1.37052217991528,0.0696798493408663,0.239001883239171,0.102070438010752,1998,"tags=29%, list=16%, signal=24%","12266/13627/12946/20846/19225/17357/24088/266632/16179/17874/16451/21898/26417",0.234392647294686
"mmu04630","JAK-STAT signaling pathway",94,0.324924639723075,1.30553555360248,0.068362480127186,0.239001883239171,0.102070438010752,3119,"tags=39%, list=25%, signal=30%","18414/16391/16156/20846/16453/12048/20847/14600/11651/20852/229615/216233/12443/12444/12702/15461/16164/18595/16157/16451/16878/18706/54607/15976/18709/14199/16188/56468/56717/17210/15975/16189/18596/12703/54721/16452/16193",0.216542836735348
"mmu05202","Transcriptional misregulation in cancer",131,-0.279204016662479,-1.2443414200612,0.0722543352601156,0.245378584101185,0.104793733079511,1629,"tags=20%, list=13%, signal=17%","18516/56458/72949/21417/20471/108829/17283/17132/13198/140780/56312/20683/12455/22642/208266/18590/14048/18124/12428/18505/20474/27015/18627/14254/17873/23882",0.287857117255149
"mmu04213","Longevity regulating pathway - multiple species",53,-0.35740986411117,-1.34502206407563,0.0737913486005089,0.248141495784064,0.105973688659084,486,"tags=13%, list=4%, signal=13%","19079/74769/384783/193740/18710/16367/15511",0.266350657088526
"mmu05222","Small cell lung cancer",83,-0.313680268119434,-1.30618798849725,0.0757180156657963,0.252148343430759,0.107684891469696,1349,"tags=19%, list=11%, signal=17%","12367/242705/66197/12566/22034/16782/22642/18035/74769/18710/16779/27015/16776/16399/17873/23882",0.266350657088526
"mmu05415","Diabetic cardiomyopathy",175,0.283390675994066,1.22639352258381,0.0768094534711965,0.253323485967504,0.108186759119545,2532,"tags=23%, list=20%, signal=19%","12842/12843/14381/11739/14782/14936/20525/22335/12825/18798/11651/67942/11740/11951/67273/66218/53313/12862/18795/110854/11421/26420/18597/14433/22333/22273/108058/225887/72900/67680/67130/18706/66416/70316/75406/26419/21813/66445/18709/236900/56717",0.195789002148949
"mmu04940","Type I diabetes mellitus",21,0.481353179025377,1.4206736662386,0.0792792792792793,0.254138250399933,0.108534720237535,2289,"tags=33%, list=18%, signal=27%","15040/19275/15039/15893/14972/15510/15015",0.213927855492356
"mmu00510","N-Glycan biosynthesis",52,0.380520836067634,1.3523265651295,0.0779436152570481,0.254138250399933,0.108534720237535,1803,"tags=29%, list=14%, signal=25%","53618/53418/66059/66248/13478/17158/102580/381903/217664/236082/57357/66357/14376/80286/320438",0.206587922696891
"mmu05416","Viral myocarditis",45,0.386346184803613,1.3390644314957,0.0790960451977401,0.254138250399933,0.108534720237535,3152,"tags=38%, list=25%, signal=28%","15040/13690/230861/12443/15039/11461/24052/16773/208643/14972/15015/11350/11465/14360/14964/12370/20392",0.219250346703755
"mmu05143","African trypanosomiasis",14,0.536329492105773,1.39155864169353,0.0836363636363636,0.262123865626493,0.111945133715928,1623,"tags=43%, list=13%, signal=37%","16775/18798/50492/14682/18795/17874",0.208955027549354
"mmu00250","Alanine, aspartate and glutamate metabolism",25,0.440516230698648,1.34479726817855,0.0840630472854641,0.262123865626493,0.111945133715928,1658,"tags=28%, list=13%, signal=24%","108682/11566/14661/11898/27053/69719/52633",0.204294756516886
"mmu03440","Homologous recombination",39,-0.37157828397975,-1.33762889127004,0.083743842364532,0.262123865626493,0.111945133715928,2130,"tags=31%, list=17%, signal=26%","68275/74335/71711/233826/20184/67967/21975/20422/235559/19891/12189/12144",0.245041785430996
"mmu05224","Breast cancer",112,-0.281565785192986,-1.23737244889003,0.0863095238095238,0.266704204204204,0.113901257067462,1229,"tags=16%, list=10%, signal=15%","242705/16973/14171/216795/20683/13389/17977/16450/11789/74769/12189/14367/18710/21415/16476/27015/17873/23882",0.266350657088526
"mmu04670","Leukocyte transendothelial migration",71,-0.312145428301319,-1.25784292062674,0.0874035989717224,0.2676735218509,0.114315223164418,1942,"tags=21%, list=16%, signal=18%","69524/29857/22330/20469/22350/57257/19303/18752/17356/74769/18710/16456/60363/234779/67268",0.245041785430996
"mmu05216","Thyroid cancer",31,-0.395064279171551,-1.33059846673861,0.091324200913242,0.274773692221421,0.117347490064779,244,"tags=13%, list=2%, signal=13%","21415/27015/17873/23882",0.224966093540314
"mmu04730","Long-term depression",46,0.372857224159615,1.31845961799837,0.0912162162162162,0.274773692221421,0.117347490064779,2370,"tags=33%, list=19%, signal=27%","19092/26396/14799/12286/14673/18798/11836/14682/18795/26395/15461/18176/26417/18783/14672",0.191892240384838
"mmu00515","Mannose type O-glycan biosynthesis",20,0.479884151947881,1.38579745023477,0.0954861111111111,0.277241244756609,0.118401306732111,1546,"tags=35%, list=12%, signal=31%","243853/53418/68273/217734/74653/97884/76898",0.190023305279108
"mmu04610","Complement and coagulation cascades",34,0.420238429416899,1.36229706127525,0.0961857379767828,0.277241244756609,0.118401306732111,1980,"tags=29%, list=16%, signal=25%","12266/50908/20720/12946/50909/21824/18793/12268/18791/19128",0.184706471207739
"mmu04068","FoxO signaling pathway",109,-0.290464802510265,-1.25449323825137,0.0961538461538462,0.277241244756609,0.118401306732111,1707,"tags=20%, list=14%, signal=18%","12914/58231/56458/12125/108079/93739/12566/20620/18607/268697/19079/57436/74769/384783/21808/18710/67526/16367/56486/12581/17873/23882",0.241339976815091
"mmu05012","Parkinson disease",230,0.267560127320189,1.2035877894457,0.0931586608442504,0.277241244756609,0.118401306732111,2226,"tags=20%, list=18%, signal=17%","66725/68015/74153/22154/22142/11739/22059/22335/67951/12048/26444/22143/68943/227613/67942/11740/26408/11951/67273/66218/59029/22146/22166/12862/22152/64704/56791/106947/50868/69806/215999/26420/22333/19181/22273/108058/18024/225887/72900/12028/67680/67130/66416/11911/70316/75406/26419",0.175204047558551
"mmu05022","Pathways of neurodegeneration - multiple diseases",380,0.250868878630779,1.18150210379075,0.0954301075268817,0.277241244756609,0.118401306732111,2226,"tags=21%, list=18%, signal=18%","66725/14362/68015/26396/14799/74153/22154/22142/11739/29869/218460/67790/22335/67951/19056/12048/12568/26444/22143/12364/12333/19225/18798/68943/74781/227613/21937/67942/11740/19165/52639/12977/26408/11951/11836/15108/67273/14682/56811/66218/59029/19057/22146/53313/12862/22152/64704/18795/56791/69654/56491/12288/329015/26395/15461/233908/215999/11820/14082/26420/14368/18176/22333/19181/22273/108058/26417/19164/225887/72900/12369/12028/67680/67130/641376/66416/11911/70316/75406/26419",0.165656695205483
"mmu04975","Fat digestion and absorption",19,0.485110821216038,1.39641527871865,0.097864768683274,0.27741831122614,0.118476926437936,1599,"tags=37%, list=13%, signal=32%","67800/50784/67916/26569/66350/110446/67512",0.190023305279108
"mmu04080","Neuroactive ligand-receptor interaction",99,0.314086704355859,1.25792165550133,0.0972644376899696,0.27741831122614,0.118476926437936,1610,"tags=17%, list=13%, signal=15%","78134/12266/11535/18442/14799/228139/19220/18438/12257/14600/14739/54598/72075/14806/223780/11550/13610",0.175204047558551
"mmu05220","Chronic myeloid leukemia",75,-0.304780496986046,-1.25418510871579,0.099737532808399,0.278129867912852,0.118780810665532,1290,"tags=17%, list=10%, signal=16%","14013/242705/12928/110279/18035/74769/21808/18710/12929/14389/27015/17873/23882",0.231126709673834
"mmu05206","MicroRNAs in cancer",154,-0.250969598857194,-1.16923422142383,0.0991253644314869,0.278129867912852,0.118780810665532,1475,"tags=19%, list=12%, signal=17%","14184/12125/14056/21417/22350/12367/13637/13433/242705/81877/12928/22196/56289/18590/18752/67849/11789/74769/12189/14086/384783/15430/21808/18710/18712/12929/13636/16367/13638/234779",0.245041785430996
"mmu04931","Insulin resistance",87,-0.291405452417873,-1.2242565733025,0.101876675603217,0.281804030095996,0.120349933629223,1834,"tags=26%, list=15%, signal=23%","208647/12894/12912/56458/12895/74343/108079/76055/26568/18607/208104/19246/210789/18035/19079/100705/74769/384783/18710/19309/16367/170826/19017",0.231126709673834
"mmu01522","Endocrine resistance",84,0.323047533301621,1.27030094763576,0.114832535885167,0.310138266209547,0.132450624433889,2736,"tags=32%, list=22%, signal=25%","26396/12567/22059/11651/11836/13866/12443/26395/15461/59035/19645/26420/20416/18176/104111/216148/13555/26417/12028/20779/18706/26419/18709/14281/56717/14083/12580",0.16440575583821
"mmu04722","Neurotrophin signaling pathway",107,-0.275108316487547,-1.20055336000217,0.114058355437666,0.310138266209547,0.132450624433889,1132,"tags=17%, list=9%, signal=15%","12928/18607/12070/22034/20399/18049/22627/18035/14388/74769/65020/20661/18710/12929/16476/16367/26401/234779",0.216542836735348
"mmu05170","Human immunodeficiency virus 1 infection",175,0.273034312156207,1.18157561358339,0.113737075332349,0.310138266209547,0.132450624433889,3001,"tags=33%, list=24%, signal=26%","15040/69550/209387/26396/19056/12048/80287/73181/319236/11651/12442/24088/21937/13194/99375/14682/266632/19057/21354/14701/15039/26395/15461/11767/16179/14693/17874/14708/14082/26420/18176/21898/26417/14972/67673/12028/245000/71609/18706/26419/15015/56045/14672/75717/18709/14281/14688/26400/56717/14696/14083/14706/213233/14964/16439/26965/12370/18803",0.158514105424824
"mmu05320","Autoimmune thyroid disease",18,0.479505051034004,1.34558059612084,0.117863720073665,0.311371237458194,0.132977188968438,3379,"tags=39%, list=27%, signal=28%","15040/15039/14972/15015/16189/14964/14999",0.175204047558551
"mmu04020","Calcium signaling pathway",148,0.284937812324269,1.20946621553432,0.118012422360248,0.311371237458194,0.132977188968438,1591,"tags=20%, list=13%, signal=17%","18573/14178/52163/228139/11739/15234/19220/12286/22335/19056/18438/56636/102093/73181/18798/11740/13866/107589/14682/19057/233979/53313/56632/18795/12288/18595/65973/11550/215999",0.159646701919906
"mmu04144","Endocytosis",220,-0.233903916052222,-1.14362244757824,0.116838487972509,0.311371237458194,0.132977188968438,1475,"tags=17%, list=12%, signal=16%","14184/12340/56324/12389/98878/16572/69091/54198/16573/18720/16574/106572/19341/75767/107338/216963/22034/83814/71955/11842/271457/330192/211673/68767/19349/58220/74325/12757/193740/67300/56433/73728/65114/11841/107305/16004/28006/15511",0.245041785430996
"mmu05214","Glioma",68,-0.298448461127657,-1.2189016708819,0.120603015075377,0.315777360082857,0.134858909983073,572,"tags=12%, list=5%, signal=11%","18590/18752/74769/18710/27015/234779/17873/23882",0.204294756516886
"mmu04141","Protein processing in endoplasmic reticulum",161,-0.252793686186072,-1.16379232560095,0.124183006535948,0.322687660922955,0.137810089379551,1927,"tags=24%, list=15%, signal=21%","81910/77371/56438/69276/81489/22030/110616/13135/72265/74126/14827/12282/109815/226418/14828/100037258/13198/67812/15519/67475/56228/12304/17155/66967/19359/71853/235416/12330/15502/27054/193670/22027/193740/12317/13666/67838/15505/18415/15511",0.231126709673834
"mmu05205","Proteoglycans in cancer",164,0.276905566797366,1.19679483787792,0.125373134328358,0.323330714846819,0.138084718159809,3306,"tags=37%, list=26%, signal=27%","12842/12843/14362/26396/21859/15234/22059/11733/16419/11651/192176/15529/24088/319757/14268/18793/11836/13866/12443/17698/14733/26395/13039/15461/11461/109676/18569/14368/18176/15442/21898/16801/108058/13207/11735/26417/22339/14000/20779/18706/20104/18709/12540/56717/15251/22325/14083/11465/22160/16416/14173/16439/18803/17395/21803/83383/13345/20130/75705/13649",0.151148761385484
"mmu04150","mTOR signaling pathway",129,-0.263523480048121,-1.19198593239908,0.127167630057803,0.325511172461392,0.139015925315029,1460,"tags=20%, list=12%, signal=18%","216742/66144/22410/108079/64930/72446/16973/64898/18607/216795/56032/11973/80909/54170/18752/329679/74769/14367/18710/16367/11966/11964/66335/56692/73834/52187",0.213927855492356
"mmu02010","ABC transporters",28,0.418572547244315,1.30795125580777,0.128865979381443,0.327415043909889,0.139829010927705,2629,"tags=43%, list=21%, signal=34%","239273/17250/74610/217262/11306/21354/11666/18669/11303/18671/27410/19299",0.160801401070022
"mmu05203","Viral carcinogenesis",169,0.27179282961373,1.19081827136823,0.130841121495327,0.329989004947773,0.140928271431425,2199,"tags=22%, list=18%, signal=18%","54123/15040/12266/20684/16391/19664/56463/12567/22059/12915/16453/22335/19106/22628/13194/79221/12443/13655/12444/15039/68024/15461/22631/19645/16451/18176/208727/14534/235459/26417/14972/12028/70315/71609/20779/18706/11911",0.151148761385484
"mmu05223","Non-small cell lung cancer",67,-0.306292077976264,-1.22999871999017,0.133514986376022,0.33427474691223,0.142758581525991,1327,"tags=19%, list=11%, signal=17%","16572/16573/242705/16574/18607/56289/18752/74769/18710/27015/234779/17873/23882",0.20207170902116
"mmu05330","Allograft rejection",17,0.487501151329977,1.34147300290517,0.135416666666667,0.336579106280193,0.143742703353127,3379,"tags=41%, list=27%, signal=30%","15040/15039/14972/15015/16189/14964/14999",0.157402899305283
"mmu05332","Graft-versus-host disease",17,0.485994785590828,1.33732788659917,0.137152777777778,0.338441746602718,0.144538180405441,3379,"tags=41%, list=27%, signal=30%","15040/15039/14972/15015/14964/16193/14999",0.156312403073186
"mmu04914","Progesterone-mediated oocyte maturation",77,-0.284765004041158,-1.18701331107398,0.138888888888889,0.340277777777778,0.145322293499865,1116,"tags=17%, list=9%, signal=15%","12566/15519/12235/268697/110033/208922/12534/12428/67579/74769/18710/20878/231207",0.190023305279108
"mmu05133","Pertussis",48,0.355126418715546,1.26606997286145,0.144578313253012,0.346785744376106,0.14810164817376,2462,"tags=31%, list=20%, signal=25%","12266/50908/50909/266632/12268/117149/16179/17874/26420/21898/26417/12369/107607/26419/14281",0.151148761385484
"mmu04979","Cholesterol metabolism",34,-0.364612532493004,-1.26094551906483,0.142857142857143,0.346785744376106,0.14810164817376,772,"tags=21%, list=6%, signal=19%","18145/20778/14725/20661/16816/11816/16891",0.186432558434075
"mmu00562","Inositol phosphate metabolism",67,-0.30488812655185,-1.22436077314425,0.14441416893733,0.346785744376106,0.14810164817376,2775,"tags=30%, list=22%, signal=23%","54384/320404/76500/227733/52858/83493/18802/72469/103199/18704/18720/233011/327655/16332/18711/74769/170749/117150/104015/234779",0.193813302725311
"mmu03460","Fanconi anemia pathway",51,-0.317063209850609,-1.21811811469994,0.150246305418719,0.357878352490421,0.152838963853306,3581,"tags=45%, list=29%, signal=32%","193838/56210/104806/26447/237211/50505/272158/235610/60534/68275/80905/71711/233826/20892/71885/52864/67196/21975/18861/19891/12189/12144/27015",0.179782316298324
"mmu04726","Serotonergic synapse",64,0.328526921096538,1.21615458883559,0.152866242038217,0.361607731166264,0.154431668102294,3296,"tags=42%, list=26%, signal=31%","12286/19224/19225/18798/11836/14682/14701/18795/12288/26395/15461/14693/14708/11820/18176/26417/18783/15551/14688/14696/14706/19252/16439/14702/214084/18797/56448",0.140406238523342
"mmu00563","Glycosylphosphatidylinositol (GPI)-anchor biosynthesis",29,0.40367762420272,1.28733262439188,0.156015037593985,0.362429193899782,0.154782489861032,3443,"tags=45%, list=28%, signal=33%","329777/27392/233575/276846/56176/14755/78928/70325/228812/110417/67556/55981/225651",0.152144922367565
"mmu04978","Mineral absorption",31,0.395303744055242,1.26648218791008,0.156028368794326,0.362429193899782,0.154782489861032,487,"tags=16%, list=4%, signal=16%","22337/74051/70358/17750/14319",0.147331213699377
"mmu05146","Amoebiasis",69,0.325706049467401,1.22031724820439,0.156862745098039,0.362429193899782,0.154782489861032,3148,"tags=39%, list=25%, signal=29%","12842/16775/12843/12826/16177/12825/12827/18798/24088/14268/20719/14682/18795/16773/21898/226519/18706/14672/18477/18709/14083/12479/94216/16777/16193/21803/20723",0.140406238523342
"mmu04659","Th17 cell differentiation",69,0.325252866693665,1.218619316108,0.158496732026144,0.362429193899782,0.154782489861032,3500,"tags=42%, list=28%, signal=30%","16177/20846/16453/19056/20852/12394/19057/20182/26420/16451/26417/26419/21813/16818/14281/56717/15251/16180/16189/14462/18803/54721/16452/16193/21803/16151/26414/14999/20848",0.139599673451922
"mmu04064","NF-kappa B signaling pathway",74,-0.289703207376871,-1.18901769597633,0.157622739018088,0.362429193899782,0.154782489861032,1735,"tags=19%, list=14%, signal=16%","22030/333654/13001/240354/22196/22034/17096/18035/105844/59004/21929/234779/17873/23882",0.179782316298324
"mmu05225","Hepatocellular carcinoma",143,0.278164703396396,1.1712999867235,0.16,0.363443708609271,0.155215758249392,2578,"tags=30%, list=21%, signal=24%","20587/14362/26396/14873/72057/66923/15234/12567/22059/12048/211666/11651/14870/11836/12443/50868/232223/68094/68312/26395/50493/15461/11461/19645/20416/14368/18176/216148/13555/14869/18024/26417/18104/12028/18706/20586/21813/18709/20588/56717/14863/12005/93687",0.134273452883202
"mmu00061","Fatty acid biosynthesis",14,0.494280104404465,1.28245744607601,0.169090909090909,0.378884231825408,0.161809936280237,2548,"tags=57%, list=20%, signal=46%","14104/107476/257633/433256/234309/26922/50790/223722",0.142901149386948
"mmu04922","Glucagon signaling pathway",79,0.311508068629968,1.19635439978107,0.169572107765452,0.378884231825408,0.161809936280237,1280,"tags=19%, list=10%, signal=17%","74551/18641/68401/14936/20525/18576/19056/102093/18798/11651/16828/107476/14682/19057/18795",0.132147260608774
"mmu05207","Chemical carcinogenesis - receptor activation",135,0.281689239246811,1.17605651842859,0.170111287758347,0.378884231825408,0.161809936280237,2561,"tags=24%, list=20%, signal=20%","22337/14178/26396/20112/14873/12915/16600/12286/13685/211666/11651/12443/20182/12288/68312/26395/15461/19645/18176/11835/104111/13555/26417/22339/20779/18706/11911/394435/13078/18709/14281/56717/14863",0.132147260608774
"mmu00640","Propanoate metabolism",27,0.407584351223448,1.25813659078821,0.172905525846702,0.379082686211209,0.161894690114848,1821,"tags=37%, list=15%, signal=32%","20917/11409/66904/16828/107476/13171/93747/12039/17850/110821",0.139599673451922
"mmu04130","SNARE interactions in vesicular transport",31,-0.367230069238159,-1.23685129947278,0.17351598173516,0.379082686211209,0.161894690114848,1558,"tags=23%, list=12%, signal=20%","20333/53331/56418/74732/20907/67474/20908",0.159646701919906
"mmu04933","AGE-RAGE signaling pathway in diabetic complications",87,0.300813146560893,1.18616032461668,0.17329093799682,0.379082686211209,0.161894690114848,2446,"tags=29%, list=20%, signal=23%","12842/12843/12826/12567/20846/12825/12827/18798/11651/21824/14268/12443/18795/15461/26420/18176/18754/26417/22339/12028/18706/26419/21813/18709/12540",0.130777137971974
"mmu00220","Arginine biosynthesis",14,0.491306163821438,1.27474127014478,0.176363636363636,0.380457404230989,0.162481790385852,1229,"tags=29%, list=10%, signal=26%","108682/14661/11898/69719",0.139599673451922
"mmu04910","Insulin signaling pathway",113,0.293577354645721,1.18855082404988,0.176,0.380457404230989,0.162481790385852,2243,"tags=30%, list=18%, signal=25%","74551/26396/68401/53413/14936/18576/13685/14251/20787/208650/102093/11651/17346/11836/74370/14104/107476/216233/26987/26395/12702/15461/19088/19084/105651/26420/20416/18176/216148/26417/22084/18706/26419/14252",0.130105630751129
"mmu03265","Virion - Ebolavirus, Lyssavirus and Morbillivirus",6,-0.623162741932141,-1.31904583123074,0.185404339250493,0.380887415327506,0.162665435051643,2099,"tags=50%, list=17%, signal=42%","11889/71740/18145",0.142056643575821
"mmu03022","Basal transcription factors",40,-0.334450607455358,-1.21574933758075,0.187224669603524,0.380887415327506,0.162665435051643,3186,"tags=42%, list=25%, signal=32%","209357/319944/21374/270627/13871/108143/66467/99730/24074/71828/66464/14884/17420/226182/98053/209361/228980",0.150169802128406
"mmu04930","Type II diabetes mellitus",32,-0.357034793390652,-1.21322176815949,0.185365853658537,0.380887415327506,0.162665435051643,494,"tags=19%, list=4%, signal=18%","216019/15275/74769/384783/18710/16367",0.159646701919906
"mmu03050","Proteasome",44,0.354774966576547,1.21271967737405,0.183639398998331,0.380887415327506,0.162665435051643,3770,"tags=41%, list=30%, signal=29%","19171/19186/26444/16913/19188/59029/19192/19181/16912/19167/19173/67089/621823/17463/22123/26441/19170/70247",0.130105630751129
"mmu04640","Hematopoietic cell lineage",39,0.360606734017531,1.20666552782063,0.186241610738255,0.380887415327506,0.162665435051643,3491,"tags=41%, list=28%, signal=30%","12946/16177/16156/12490/16403/12977/16157/16188/12479/109700/16416/16189/12494/16193/14999/17380",0.129442887745046
"mmu04724","Glutamatergic synapse",78,0.311847395783741,1.19400287754796,0.179738562091503,0.380887415327506,0.162665435051643,2722,"tags=28%, list=22%, signal=22%","20512/14799/12286/19056/18798/14682/67760/19057/18805/14701/18795/12288/14806/14693/14708/104111/26417/18783/14688/14696/14802/14706",0.130105630751129
"mmu05418","Fluid shear stress and atherosclerosis",113,0.291850111916192,1.18155806477527,0.1792,0.380887415327506,0.162665435051643,2661,"tags=33%, list=21%, signal=26%","14873/16177/22059/12167/211666/11651/14870/11898/15529/21824/21937/26408/22166/50868/14733/16800/68312/13039/26398/11461/26420/18791/16598/14869/18024/18104/22339/20779/18706/26419/23938/18709/14281/26400/14863/14083/11465",0.128788713061714
"mmu05017","Spinocerebellar ataxia",119,0.285628734857895,1.16944560662188,0.187403993855607,0.380887415327506,0.162665435051643,3006,"tags=31%, list=24%, signal=24%","14799/11739/19664/29869/12286/22335/22359/26444/18798/11651/74781/11740/52639/26408/14682/59029/53313/18795/329015/215999/67134/26420/22333/19181/81601/18706/26419/18709/19167/114896/56717/19173/67089/67013/22433/16439/69597",0.122679189568808
"mmu04210","Apoptosis",115,-0.265200519975066,-1.15729618839428,0.187667560321716,0.380887415327506,0.162665435051643,1461,"tags=18%, list=12%, signal=16%","16440/12125/12367/16905/13198/18607/16907/14102/18049/64138/18035/11799/13030/74769/18710/16476/13666/13033/58801/17873/23882",0.166933848713193
"mmu05417","Lipid and atherosclerosis",148,0.271658514900047,1.15310001594284,0.183229813664596,0.380887415327506,0.162665435051643,2621,"tags=30%, list=21%, signal=24%","54123/50527/22059/19056/22359/12048/18798/11651/24088/21937/17392/26408/266632/19057/20182/18795/15461/26398/15525/117149/16179/17874/26420/18176/21898/16801/108058/109905/18024/26417/12369/12028/15510/20779/18706/11911/26419/76580/18709/12540/11303/14281/26400/22325/14083",0.125033367555272
"mmu04918","Thyroid hormone synthesis",51,-0.303417511220928,-1.16569300774293,0.192118226600985,0.38762677484787,0.165543610607554,2595,"tags=35%, list=21%, signal=28%","18747/22130/11512/69590/11889/231991/208647/12912/16440/99439/14828/12304/12330/22027/18752/114479/14725/11931",0.157402899305283
"mmu05145","Toxoplasmosis",80,0.301762648552881,1.17328748703339,0.19344262295082,0.388016489310709,0.165710045806231,2226,"tags=25%, list=18%, signal=21%","15944/54396/16775/16145/20846/12048/11651/24088/21937/16403/266632/16179/17874/26420/16451/16773/21898/26417/226519/26419",0.125033367555272
"mmu05231","Choline metabolism in cancer",82,0.297602162907321,1.1541106576634,0.196046128500824,0.390952453928968,0.166963907033215,2556,"tags=35%, list=20%, signal=28%","26396/50784/13685/67916/331374/11651/18777/12660/236899/18805/26395/15461/18595/26420/18176/26417/22084/242687/212862/18706/26419/18783/380921/227333/18709/14281/56717/15251/71785",0.124434168630393
"mmu04137","Mitophagy - animal",97,-0.266599714962715,-1.14585728417939,0.199460916442049,0.395462973061403,0.168890212622375,2905,"tags=34%, list=23%, signal=26%","19344/214952/13665/100756/23806/67952/74143/22186/68350/52440/66687/226421/22030/56480/13001/270096/93739/56715/22190/20683/94044/271457/71648/19349/17966/57436/67443/16476/21425/13666/56486/17827/17532",0.161978948883402
"mmu04392","Hippo signaling pathway - multiple species",24,0.395698610685857,1.21208379705746,0.208771929824561,0.41154466626336,0.175758214860816,3626,"tags=50%, list=29%, signal=36%","21677/22601/232157/50523/329628/21678/29806/319710/21679/215653/56274/21676",0.124434168630393
"mmu00052","Galactose metabolism",24,0.39343497754266,1.20514995149607,0.212280701754386,0.412745148241077,0.176270904215515,273,"tags=17%, list=2%, signal=16%","18641/14635/68401/53418",0.123257226381337
"mmu04929","GnRH secretion",44,0.347962768318256,1.18943368582363,0.212020033388982,0.412745148241077,0.176270904215515,2442,"tags=32%, list=20%, signal=26%","20750/26396/18798/11651/14682/18795/12288/26395/15461/18176/26417/18706/14672/18709",0.119887845115423
"mmu04218","Cellular senescence",146,0.263203156655486,1.12247290149397,0.212990936555891,0.412745148241077,0.176270904215515,2311,"tags=25%, list=18%, signal=21%","15040/26396/11739/12567/22059/16009/13685/22335/19056/15257/12333/73181/11651/12442/11740/19057/12443/12444/15039/13559/26395/15461/215999/19645/18176/22333/13555/26417/14972/22084/245000/15574/18706/50883/21813/15015/103213",0.112843355675562
"mmu00140","Steroid hormone biosynthesis",19,0.422761223537062,1.21693890545896,0.217081850533808,0.417338873216587,0.178232744490564,3704,"tags=53%, list=30%, signal=37%","56348/241452/57357/13123/15485/394435/13078/192970/56448/394432",0.122679189568808
"mmu01040","Biosynthesis of unsaturated fatty acids",28,0.386562125421082,1.20792541393573,0.219931271477663,0.417338873216587,0.178232744490564,1511,"tags=29%, list=12%, signal=25%","56348/106529/76267/113868/56473/171210/26897/66775",0.119348440591015
"mmu04912","GnRH signaling pathway",71,0.307229829745385,1.16303169619243,0.220228384991843,0.417338873216587,0.178232744490564,2509,"tags=32%, list=20%, signal=26%","26396/17387/18798/14682/18805/18795/12288/26395/15461/26398/26406/26420/18176/104111/108058/26417/20779/11911/26419/18783/14672/12540/26400",0.115734447701689
"mmu04662","B cell receptor signaling pathway",55,-0.292579496258982,-1.14686368970116,0.220095693779904,0.417338873216587,0.178232744490564,1220,"tags=18%, list=10%, signal=16%","240354/57257/16332/18018/17096/18035/74769/18710/16476/234779",0.143758989039275
"mmu04072","Phospholipase D signaling pathway",112,0.274963199337262,1.12147813681122,0.222222222222222,0.418803418803419,0.178858207384449,2572,"tags=30%, list=21%, signal=24%","78134/26396/19158/19220/50784/67916/14673/331374/18798/11651/13429/56632/18805/19159/18795/26395/15461/18595/67512/20416/18176/11845/104111/216148/26417/22084/18706/18783/380921/227333/18709/56717/71785/67168",0.109684061970549
"mmu00532","Glycosaminoglycan biosynthesis - chondroitin sulfate / dermatan sulfate",19,0.416131318853183,1.19785439983237,0.225978647686833,0.423555607413025,0.180887722659886,3457,"tags=47%, list=28%, signal=34%","234356/77590/72136/117592/100910/319901/233781/59031/212898",0.119887845115423
"mmu04668","TNF signaling pathway",105,0.27912307718061,1.12772577496325,0.227409638554217,0.423921228391828,0.18104386826404,2509,"tags=28%, list=20%, signal=22%","15953/12915/17387/19225/20312/11651/21937/12977/17392/26408/56613/74568/26395/12702/26398/14082/26420/26417/74006/12369/16878/71609/18706/11911/26419/12608/18709/14281/26400",0.108394255853397
"mmu05235","PD-L1 expression and PD-1 checkpoint pathway in cancer",69,0.306629752013202,1.14884441294909,0.230392156862745,0.424862955935062,0.181446051466624,3537,"tags=43%, list=28%, signal=31%","26396/20846/19056/11651/24088/19057/26395/15461/117149/17874/26406/16451/18176/21898/26417/18706/60533/18709/16818/14281/56717/15251/12995/18803/16452/16151/13649/26399/20848/110157",0.112843355675562
"mmu04530","Tight junction",123,-0.247670478959517,-1.10263291359124,0.230179028132992,0.424862955935062,0.181446051466624,1115,"tags=15%, list=9%, signal=14%","102098/14924/83814/227157/74094/76089/19079/434204/17356/58220/26941/16476/16456/21873/70737/60363/26401/56217/67268",0.14551614609036
"mmu04973","Carbohydrate digestion and absorption",25,-0.365850445088867,-1.17610264339323,0.234338747099768,0.429829894412943,0.18356727988181,494,"tags=20%, list=4%, signal=19%","216019/15275/74769/18710/11931",0.136490437780413
"mmu00630","Glyoxylate and dicarboxylate metabolism",27,0.384850733833064,1.18796216972919,0.242424242424242,0.441068917018284,0.188367124739065,2111,"tags=26%, list=17%, signal=22%","108037/76238/66904/110446/17850/110821/20425",0.115240003147781
"mmu00564","Glycerophospholipid metabolism",82,-0.26540368366229,-1.11146058572458,0.243037974683544,0.441068917018284,0.188367124739065,2373,"tags=30%, list=19%, signal=25%","271844/211429/52858/14555/270084/14732/74596/102247/232889/12651/225845/192654/226856/218121/64898/110911/55979/67630/56077/14571/50767/99010/16816/13026/74442",0.140406238523342
"mmu04964","Proximal tubule bicarbonate reclamation",14,0.46439482691613,1.20491720866519,0.247272727272727,0.442898987798114,0.189148692329899,677,"tags=14%, list=5%, signal=14%","74551/14661",0.115240003147781
"mmu03320","PPAR signaling pathway",50,0.322988027231935,1.13450407008573,0.247920133111481,0.442898987798114,0.189148692329899,2492,"tags=28%, list=20%, signal=23%","74551/11520/57875/113868/26569/56473/20182/17436/433256/78070/93732/20250/50790/57435",0.109250039480711
"mmu04814","Motor proteins",133,-0.238031857149738,-1.07947311896181,0.246684350132626,0.442898987798114,0.189148692329899,2310,"tags=26%, list=18%, signal=22%","17918/71819/16576/242584/16593/16553/16569/216459/71602/16561/228421/12340/16559/16571/16572/53598/16573/16574/100502766/16551/229841/110033/68097/59288/16580/432516/19348/240641/16554/17920/16564/70218/17910/56087/67268",0.142901149386948
"mmu04936","Alcoholic liver disease",103,0.275716317101041,1.10973026108304,0.250783699059561,0.445693309727614,0.190342062270845,1871,"tags=23%, list=15%, signal=20%","12266/110695/11529/20787/171095/11651/21937/207565/26408/14104/107476/266632/12443/11532/11370/12268/26398/117149/16179/17874/14082/26420/21898/78070",0.104732821580651
"mmu04350","TGF-beta signaling pathway",83,0.294951009860906,1.13322761107967,0.255250403877221,0.451293239844778,0.192733622170465,1444,"tags=18%, list=12%, signal=16%","14118/15901/15903/207596/23892/434215/12167/268977/21815/15216/15902/75788/218441/13559/13732",0.105520936843198
"mmu01521","EGFR tyrosine kinase inhibitor resistance",74,0.298009273648777,1.12205199047012,0.263414634146341,0.463339587242026,0.197878250901429,3119,"tags=41%, list=25%, signal=31%","26396/15234/13685/12048/26362/11651/11836/13866/26987/26395/15461/18595/16451/20416/18176/216148/26417/22339/12028/20779/18706/20104/18709/56717/71785/18596/14173/18803/16452/16193",0.103958471559957
"mmu04915","Estrogen signaling pathway",85,-0.260132264366322,-1.08007663585148,0.266106442577031,0.465686274509804,0.19888044968769,961,"tags=13%, list=8%, signal=12%","15519/20683/17977/22027/14681/74769/193740/18710/16476/13033/15511",0.141225119642531
"mmu00534","Glycosaminoglycan biosynthesis - heparan sulfate / heparin",20,0.40463859319868,1.16850520786154,0.277777777777778,0.483643542019177,0.206549452690163,3321,"tags=50%, list=27%, signal=37%","83398/54616/195646/14043/117592/15476/14042/233781/50786/15531",0.104732821580651
"mmu04071","Sphingolipid signaling pathway",101,0.274194946054392,1.09837883382172,0.282296650717703,0.489029046445314,0.208849437896282,2293,"tags=29%, list=18%, signal=24%","26396/22059/54447/17250/14673/18798/11651/21937/14739/26408/268656/14682/235542/76893/56632/18805/18795/26395/15461/13610/26420/18176/18754/26417/12028/71609/18706/26419/241447",0.0985499803531691
"mmu00340","Histidine metabolism",12,0.469337331405477,1.18487334648707,0.291891891891892,0.498104074223477,0.2127251063543,3287,"tags=42%, list=26%, signal=31%","110695/67689/11484/67383/11671",0.103958471559957
"mmu04723","Retrograde endocannabinoid signaling",104,0.268156082447538,1.08388210642029,0.289433384379786,0.498104074223477,0.2127251063543,3351,"tags=31%, list=27%, signal=23%","14799/12286/19225/18798/67273/14682/66218/14701/18795/12288/14693/14708/26420/104111/26417/225887/72900/67130/66416/70316/75406/26419/14688/14696/14802/14706/68349/16439/68194/14702/18797/26414",0.0946646223153342
"mmu04371","Apelin signaling pathway",105,0.266444189364239,1.07649995468062,0.29066265060241,0.498104074223477,0.2127251063543,1998,"tags=22%, list=16%, signal=19%","11475/20750/26396/18576/18798/11651/107589/14682/12443/56632/14701/18795/26395/15461/14693/14708/18176/18791/208727/104111/18754/16598/26417",0.0934449219410994
"mmu04921","Oxytocin signaling pathway",106,0.268934479843722,1.09101711354859,0.302507836990596,0.512016718913271,0.218666773918292,2287,"tags=26%, list=18%, signal=22%","98932/26396/52163/19056/19225/13631/73181/13629/18798/207565/107589/14682/19057/12443/19735/18795/12288/26395/15461/11461/16518/18176/104111/108058/26417/20779/18783/23938",0.0934449219410994
"mmu04152","AMPK signaling pathway",101,0.270466970545191,1.0834451909839,0.303030303030303,0.512016718913271,0.218666773918292,1122,"tags=16%, list=9%, signal=15%","74551/18641/68401/14936/13685/20787/13631/13629/11651/207565/19326/74370/14104/107476/235542/12443",0.0943563635421779
"mmu04370","VEGF signaling pathway",48,0.306228135637763,1.09174149526416,0.314974182444062,0.52326468344775,0.223470437601623,2621,"tags=38%, list=21%, signal=30%","26396/19056/19225/11651/19057/56632/26395/15461/18176/216148/26417/22339/20779/18706/18783/18709/12540/14083",0.0965629554309422
"mmu00380","Tryptophan metabolism",24,0.353989217093036,1.08432171047514,0.31578947368421,0.52326468344775,0.223470437601623,2379,"tags=25%, list=19%, signal=20%","110695/93747/21743/110446/15107/13078",0.09754492162472
"mmu04115","p53 signaling pathway",68,-0.262563317986386,-1.07234215849755,0.314070351758794,0.52326468344775,0.223470437601623,1798,"tags=21%, list=14%, signal=18%","68428/333654/21933/12367/12566/53892/268697/14102/29870/12534/18787/58801/17873/23882",0.120985142145252
"mmu04360","Axon guidance",147,-0.231025225952219,-1.05302712922091,0.314763231197772,0.52326468344775,0.223470437601623,1300,"tags=16%, list=10%, signal=15%","18479/13637/22063/13841/20562/18607/13642/245857/16728/13845/20358/13641/58220/11854/74769/13643/18710/13636/18007/13638/234779/18845/14159/67268",0.128142916898415
"mmu00770","Pantothenate and CoA biosynthesis",15,0.415810274145307,1.11563643758211,0.321880650994575,0.524634754631967,0.224055553350435,1724,"tags=27%, list=14%, signal=23%","12035/71743/246277/66812",0.0982123351217438
"mmu00650","Butanoate metabolism",15,0.415439825309805,1.11464250779047,0.321880650994575,0.524634754631967,0.224055553350435,2241,"tags=33%, list=18%, signal=27%","11409/93747/110446/78894/15107",0.0982123351217438
"mmu00760","Nicotinate and nicotinamide metabolism",30,0.345891336688585,1.10891038032417,0.319587628865979,0.524634754631967,0.224055553350435,3030,"tags=33%, list=24%, signal=25%","192185/226518/50773/18113/50721/76952/68646/23959/103850/12494",0.0956031492204301
"mmu04935","Growth hormone synthesis, secretion and action",91,0.266966035665846,1.06100371116352,0.322734499205087,0.524634754631967,0.224055553350435,3537,"tags=45%, list=28%, signal=33%","26396/12915/20846/16009/14600/18798/11651/14682/216233/18795/12288/26395/12702/15461/26398/26420/20416/18176/104111/216148/26417/18706/11911/26419/14672/18709/14281/56717/14083/20606/16439/12703/18803/16452/18797/26414/26399/78284/56637/20848/110157",0.0905428948469474
"mmu05221","Acute myeloid leukemia",55,-0.275923299820542,-1.08157412858007,0.325358851674641,0.526406066624537,0.22481202684966,407,"tags=13%, list=3%, signal=12%","12428/18715/74769/18710/18712/21415/18627",0.115240003147781
"mmu05135","Yersinia infection",112,0.261572097808624,1.06686054569945,0.327327327327327,0.52710456935809,0.225110336130738,3503,"tags=40%, list=28%, signal=29%","26396/20112/11867/68089/67771/11651/14268/110596/14682/266632/26395/26398/11461/16179/17874/26420/11845/21898/16801/26417/330662/242687/20779/18706/26419/74117/18709/12540/16818/14281/26400/22325/14083/11465/110651/18803/74192/76709/16193/16151/66713/26414/26399/56637/215280",0.0865399737444125
"mmu05100","Bacterial invasion of epithelial cells",66,-0.26210687144816,-1.06446361762717,0.335038363171355,0.537000740970911,0.229336690155486,1854,"tags=23%, list=15%, signal=19%","83767/22330/54204/12390/234683/12389/12928/19303/14388/74325/12757/74769/18710/67300/12929",0.11776578836269
"mmu00561","Glycerolipid metabolism",46,0.30420122514152,1.07568528945286,0.342905405405405,0.547053739786298,0.233630020310468,996,"tags=17%, list=8%, signal=16%","67800/110695/71910/50784/67916/331374/225913/193742",0.0905428948469474
"mmu00512","Mucin type O-glycan biosynthesis",25,0.358594358195855,1.09470816210611,0.352014010507881,0.55898521113057,0.238725588971757,3806,"tags=52%, list=30%, signal=36%","218476/20444/20442/14426/231050/212996/20448/14423/14425/171212/72297/233733/108150",0.0911073131586733
"mmu05218","Melanoma",60,0.288584109051688,1.05712704866494,0.36231884057971,0.572697522206639,0.244581700140025,2186,"tags=30%, list=17%, signal=25%","14178/26396/15234/12567/22059/56636/11651/11836/12443/26395/15461/18595/19645/18176/13555/26417/12028/18706",0.0847985102819124
"mmu04742","Taste transduction",30,0.332624039612976,1.06637608736721,0.365979381443299,0.57293986636971,0.244685197964137,1373,"tags=20%, list=11%, signal=18%","18573/228139/12286/18798/18795/12288",0.0878312634480124
"mmu00051","Fructose and mannose metabolism",33,-0.317162413757648,-1.061576080936,0.367483296213808,0.57293986636971,0.244685197964137,887,"tags=18%, list=7%, signal=17%","75540/56421/216019/15275/319801/20322",0.102821842840815
"mmu04340","Hedgehog signaling pathway",50,0.29686412390275,1.04274316208092,0.364392678868552,0.57293986636971,0.244685197964137,2578,"tags=28%, list=21%, signal=22%","14451/59056/319757/57810/75788/103236/12443/269878/12444/226861/16568/14633/17237/93687",0.0862865626267245
"mmu04380","Osteoclast differentiation",95,0.263804092989864,1.04840589052208,0.369181380417335,0.572982866439575,0.244703561986655,3360,"tags=40%, list=27%, signal=29%","16391/16177/20846/19056/20847/11651/14283/21937/13038/12977/19057/53313/26395/12702/26420/16451/26417/18706/26419/21813/15976/18709/16818/14281/26400/15975/14360/16416/16439/18383/12703/54721/21803/16151/19698/26414/18412/26399",0.0835990603684159
"mmu05226","Gastric cancer",112,-0.236721100504273,-1.04029744819369,0.37202380952381,0.574793543543544,0.24547684712815,1229,"tags=13%, list=10%, signal=12%","242705/12566/16973/14171/216795/14388/11789/74769/14367/21808/18710/21415/27015/17873/23882",0.120985142145252
"mmu00531","Glycosaminoglycan degradation",16,0.406151784737297,1.0940270678447,0.376893939393939,0.579706821579019,0.24757515879981,3594,"tags=69%, list=29%, signal=49%","52120/27029/27419/50917/15442/110006/15931/11881/12091/15932/15587",0.0916795246008379
"mmu05033","Nicotine addiction",14,0.417385764025729,1.08294765698865,0.383636363636364,0.584832323232323,0.249764104726458,393,"tags=14%, list=3%, signal=14%","14799/12286",0.0883594442500905
"mmu04514","Cell adhesion molecule (CAM) interaction",73,0.274959510273772,1.04716537584935,0.382695507487521,0.584832323232323,0.249764104726458,950,"tags=12%, list=8%, signal=11%","15040/11658/13003/12490/241226/15529/16403/53321/20340",0.0835990603684159
"mmu04061","Viral protein interaction with cytokine and cytokine receptor",28,0.33126030243398,1.03511883763101,0.390034364261168,0.591954809476021,0.252805902057788,1161,"tags=21%, list=9%, signal=19%","12778/20312/21937/16174/12977/20315",0.0843144320642653
"mmu00565","Ether lipid metabolism",34,0.322785088957668,1.04638021496665,0.396351575456053,0.594826685610414,0.254032393041781,2246,"tags=29%, list=18%, signal=24%","27226/50784/99712/67916/18476/66350/18805/18472/212862/18783",0.0815265143256594
"mmu00513","Various types of N-glycan biosynthesis",40,0.308450944929766,1.03906499828911,0.395985401459854,0.594826685610414,0.254032393041781,1785,"tags=22%, list=14%, signal=19%","53618/53418/66059/17158/102580/217664/238023/66357/80286",0.086794975677172
"mmu04260","Cardiac muscle contraction",55,-0.261309442692843,-1.02429020294434,0.397129186602871,0.594826685610414,0.254032393041781,1065,"tags=11%, list=9%, signal=10%","110323/20544/66576/11931/12295/110891",0.102449405629826
"mmu05134","Legionellosis",43,-0.281027596530002,-1.03131560458183,0.399527186761229,0.595816630691746,0.25445516848894,1558,"tags=23%, list=12%, signal=20%","20333/12367/12747/94044/19324/12750/18035/193740/11841/15511",0.101350743797099
"mmu03410","Base excision repair",44,0.301338508420451,1.030058975802,0.404006677796327,0.597569270920095,0.25520366784534,3862,"tags=45%, list=31%, signal=32%","16882/11792/19718/104884/59047/18294/234258/328417/66408/16881/66979/71726/268395/235587/69745/18207/18974/26430/106344/18972",0.0808589150280032
"mmu04066","HIF-1 signaling pathway",93,0.257524763119726,1.02364087091629,0.404186795491143,0.597569270920095,0.25520366784534,2605,"tags=31%, list=21%, signal=25%","18641/228026/26396/21857/20525/13685/11651/112406/11674/16828/17346/13866/26987/26395/18597/14433/13808/21898/108058/26417/67673/22339/18706/11600/20104/18709/56717/15251/71745",0.0789209638180035
"mmu05340","Primary immunodeficiency",13,-0.377410358228351,-1.03634070853689,0.414253897550111,0.603293891909178,0.257648479425408,1165,"tags=23%, list=9%, signal=21%","19727/22256/170767",0.0956031492204301
"mmu04928","Parathyroid hormone synthesis, secretion and action",86,0.265653510726408,1.027480280956,0.415094339622642,0.603293891909178,0.257648479425408,1998,"tags=22%, list=16%, signal=19%","22337/213498/12915/17387/14673/18798/238871/11836/18578/14682/108737/18805/20182/18795/26395/16801/17386/104111/26417",0.0762797180809272
"mmu04382","Cornified envelope formation",70,-0.247941874855512,-1.02393467591138,0.414438502673797,0.603293891909178,0.257648479425408,2066,"tags=24%, list=17%, signal=20%","230101/14027/21816/18550/99681/74127/71932/23801/12836/16782/21770/26932/67451/14466/60363/83603/16776",0.106729884364606
"mmu04725","Cholinergic synapse",79,0.264002866999881,1.01390950442861,0.413629160063391,0.603293891909178,0.257648479425408,2722,"tags=33%, list=22%, signal=26%","12286/18798/11651/14682/14701/18795/12288/226922/26395/15461/14693/14708/16518/18176/104111/108058/26417/18706/11911/14672/18709/14281/14688/14696/14360/14706",0.0768736734126542
"mmu03420","Nucleotide excision repair",57,-0.253443492290353,-1.01745671845753,0.419191919191919,0.604603142626914,0.258207620602096,3889,"tags=46%, list=31%, signal=32%","69920/69263/72584/59001/18538/69833/20022/319955/209357/69241/50505/107986/13871/19687/66467/68275/14884/56438/17420/71101/67967/22592/231329/19359/67710/19891",0.102449405629826
"mmu05032","Morphine addiction",55,0.279689786719516,1.01181891023783,0.419520547945205,0.604603142626914,0.258207620602096,2722,"tags=27%, list=22%, signal=21%","18573/12286/18576/26385/238871/18578/14701/23984/14693/14708/104111/14688/218461/14696/14706",0.0802023444698144
"mmu00360","Phenylalanine metabolism",8,-0.441594161176209,-1.03114819237182,0.43010752688172,0.612144737429171,0.261428406456724,1519,"tags=25%, list=12%, signal=22%","11754/237940",0.0913924325943768
"mmu05152","Tuberculosis",112,0.250412901947476,1.02134611244861,0.429429429429429,0.612144737429171,0.261428406456724,2226,"tags=26%, list=18%, signal=21%","12266/22337/12946/17534/20846/19056/11651/24088/18779/21937/266632/19057/56632/117149/16179/17874/14082/26420/16451/21898/108058/26417/16706/12611/12028/15510/71609/20779/26419",0.0721797965581253
"mmu03008","Ribosome biogenesis in eukaryotes",71,0.266379945307296,1.00839270678613,0.429037520391517,0.612144737429171,0.261428406456724,3137,"tags=34%, list=25%, signal=25%","104444/245474/213773/52530/225348/72515/100019/73674/59028/67134/19384/14000/98956/269470/102462/237107/208366/74778/67724/21453/110816/12995/24128/30877",0.0764767053228531
"mmu04517","IgSF CAM signaling",201,0.229051183711586,1.01033447088591,0.43988684582744,0.620910239172065,0.265171885755529,2807,"tags=27%, list=22%, signal=21%","20563/20564/98932/12361/26396/18846/107449/22154/22142/18186/11867/67951/22143/68089/67771/11651/227613/53321/71566/218397/107589/22146/22152/17698/26395/11461/109676/11820/26420/19294/11845/13821/192786/109905/11735/26417/20779/18706/170643/26419/11350/74117/18709/12540/16818/22325/225875/14083/259302/11465/14360/22253/16180/16416",0.0679922591544058
"mmu05034","Alcoholism",113,0.247547786305353,1.00219966134653,0.4384,0.620910239172065,0.265171885755529,2784,"tags=23%, list=22%, signal=18%","12915/15270/63959/207565/71279/11836/79221/14701/68024/26395/15461/14693/14708/20416/18176/208727/216148/26417/70315/11911/14688/15183/11541/14696/14706/26914",0.0743625384422526
"mmu04156","Integrated stress response (ISR) signaling pathway",49,-0.274432391125415,-1.01708553151561,0.444444444444444,0.623024054982818,0.266074632222433,1311,"tags=20%, list=10%, signal=18%","93739/14828/13198/13667/15519/57436/217715/13666/56486/58801",0.096240602328129
"mmu00590","Arachidonic acid metabolism",28,0.315546270332851,0.986015789292582,0.445017182130584,0.623024054982818,0.266074632222433,2730,"tags=29%, list=22%, signal=22%","225791/19224/19225/66350/625249/18783/19223/77219",0.077274697304471
"mmu00500","Starch and sucrose metabolism",20,0.349922153650748,1.01049644240498,0.451388888888889,0.625088589652729,0.266956332212367,447,"tags=15%, list=4%, signal=14%","68401/14936/14751",0.0770736734944102
"mmu04666","Fc gamma R-mediated phagosome formation",78,0.26376926187777,1.00992107661904,0.452614379084967,0.625088589652729,0.266956332212367,2557,"tags=33%, list=20%, signal=27%","50784/11867/68089/67916/17357/67771/11651/22323/56632/18805/13196/26395/218038/11845/18754/26417/330662/242687/18706/18783/74117/18709/12540/211914/227753/22325",0.0738052724171275
"mmu00541","Biosynthesis of various nucleotide sugars",17,0.36667393296843,1.00898875952247,0.453125,0.625088589652729,0.266956332212367,3100,"tags=41%, list=25%, signal=31%","72017/109754/230582/22122/69080/331026/22235",0.0768736734126542
"mmu00190","Oxidative phosphorylation",117,-0.222782006119528,-0.991806278940756,0.453781512605042,0.625088589652729,0.266956332212367,2707,"tags=20%, list=22%, signal=16%","66945/27425/21871/11975/67530/11958/54405/66925/11974/11950/68202/108664/66144/110323/66576/11984/11973/114143/11966/11964/66335/73834/11972",0.103958471559957
"mmu03030","DNA replication",35,-0.287394175942648,-1.0019870929462,0.459905660377358,0.630990566037736,0.269476886889938,3046,"tags=31%, list=24%, signal=24%","327762/19075/19687/68275/14156/67967/18968/18969/19891/17217/17215",0.0928481214159878
"mmu05212","Pancreatic cancer",74,0.265414455310936,0.99932735057153,0.473170731707317,0.645656988188976,0.275740469890787,2532,"tags=32%, list=20%, signal=26%","12567/22059/20846/12048/11651/11836/13866/12443/18805/26395/19645/26420/16451/19765/13555/26417/22339/12028/18706/26419/21813/18709/12540/56717",0.0713052987340038
"mmu04810","Regulation of actin cytoskeleton",183,-0.210211460905196,-0.994226713477557,0.478125,0.645656988188976,0.275740469890787,2063,"tags=22%, list=16%, signal=19%","16402/76820/54126/214230/18591/18645/83767/22330/16404/108100/14184/404710/22350/232807/18479/18720/12672/12928/14062/13367/216963/14171/57257/245857/329251/20544/12062/19303/18590/53978/18711/11789/74769/18710/12929/213119/117150/16399/17532/67268",0.107554375265169
"mmu04015","Rap1 signaling pathway",160,-0.212996381921358,-0.990383207253122,0.476190476190476,0.645656988188976,0.275740469890787,1527,"tags=16%, list=12%, signal=14%","13836/64143/14184/13637/12928/14062/14924/14171/57257/18049/18590/76089/53978/18752/17356/58220/99470/14681/74769/18710/12929/13636/16399/13638/14254/17532",0.104732821580651
"mmu04060","Cytokine-cytokine receptor interaction",107,0.239239467196488,0.981707882104803,0.4768,0.645656988188976,0.275740469890787,3147,"tags=31%, list=25%, signal=23%","18414/17082/16177/16156/12167/12778/20312/14600/171095/21937/16174/107527/12977/20315/27279/16164/16157/20306/16878/21813/21942/15976/16188/15975/230979/16180/21944/16189/12156/18383/20304/16193/21803",0.070113215764256
"mmu05215","Prostate cancer",93,0.244924645828136,0.973556386295241,0.484702093397746,0.651971835433046,0.278437349159843,2556,"tags=27%, list=20%, signal=22%","26396/22059/20509/11651/14870/17392/11836/13866/12443/104156/26395/15461/18595/19645/18176/18791/11835/13555/14869/26417/18706/11911/18709/56717/71785",0.0696133438850965
"mmu01524","Platinum drug resistance",67,0.258518949921457,0.981656020123516,0.489763779527559,0.654605910360839,0.279562282478314,2561,"tags=28%, list=20%, signal=23%","14873/22059/12048/21974/211666/11651/14870/13870/26408/13866/68312/14082/14869/26417/12028/18706/17350/18709/14863",0.0679922591544058
"mmu05412","Arrhythmogenic right ventricular cardiomyopathy",58,-0.25062921050112,-0.973879884244776,0.49238578680203,0.654605910360839,0.279562282478314,275,"tags=10%, list=2%, signal=10%","67451/12295/21415/110891/213119/16399",0.0931454575337804
"mmu00592","alpha-Linolenic acid metabolism",12,-0.366443399892057,-0.971099766675645,0.492170022371365,0.654605910360839,0.279562282478314,2373,"tags=42%, list=19%, signal=34%","271844/211429/232889/225845/11430",0.0860347242455604
"mmu04980","Cobalamin transport and metabolism",16,0.362443395936112,0.976292363142357,0.5,0.662162162162162,0.282789327891629,2434,"tags=38%, list=19%, signal=30%","77697/224656/67096/17850/54219/18477",0.0762797180809272
"mmu04519","Cadherin signaling",221,0.220183819763171,0.983014473869628,0.505698005698006,0.663916478145679,0.283538542912113,2672,"tags=25%, list=21%, signal=20%","12552/12563/14362/26396/14609/338367/21677/11867/68089/279653/22601/67771/22628/93887/232157/22352/19165/12554/13866/22323/59287/14026/93890/20430/93876/93888/26395/15461/18595/22631/11461/93891/26420/14368/18176/93878/17921/50523/17912/26417/19164/329628/17913/26419/74117/12540/226548/22325/219257/12005/21678/93687/14083/54401/11465/93893",0.0615706755421678
"mmu04012","ErbB signaling pathway",79,0.253198076784368,0.972413441838986,0.507131537242472,0.663916478145679,0.283538542912113,2621,"tags=30%, list=21%, signal=24%","26396/13874/13685/208650/11651/11836/13866/26395/15461/26398/26420/20416/18176/216148/108058/26417/20779/18706/26419/11350/18709/26400/56717/14083",0.0665892104103933
"mmu00730","Thiamine metabolism",11,0.390492118366516,0.968335940845687,0.504621072088725,0.663916478145679,0.283538542912113,2732,"tags=45%, list=22%, signal=36%","229949/11639/105663/66566/29807",0.0745500777420554
"mmu04920","Adipocytokine signaling pathway",54,0.270178687161244,0.969890118153454,0.514237855946399,0.670660017451007,0.286418503527104,2532,"tags=28%, list=20%, signal=22%","74551/68401/20525/11651/21937/207565/20182/12702/433256/26420/78070/71609/26419/50790/56717",0.0686325631836726
"mmu05142","Chagas disease",70,0.254473504040419,0.970757676516372,0.520700636942675,0.676516357845976,0.288919568460791,2462,"tags=31%, list=20%, signal=25%","12266/18798/11651/24088/21937/14682/266632/18795/26398/16179/17874/11421/14082/26420/21898/26417/18706/26419/21813/14672/18709/14281",0.0655321029282414
"mmu04148","Efferocytosis",123,-0.21998907341107,-0.979394855586053,0.526854219948849,0.677564548738855,0.289367218923227,1984,"tags=23%, list=16%, signal=19%","20501/29857/226421/12894/228545/13857/77573/212555/12912/12895/319520/12367/192654/12928/11596/18018/271457/192187/105722/17304/11863/19349/71732/73122/12929/12317/70686/18218",0.0897104652742981
"mmu04923","Regulation of lipolysis in adipocytes",36,0.290289202650369,0.966150735654932,0.527433628318584,0.677564548738855,0.289367218923227,692,"tags=14%, list=6%, signal=13%","19092/18576/19224/19225/11651",0.070113215764256
"mmu04120","Ubiquitin mediated proteolysis",135,0.230926728565937,0.964122325494316,0.524642289348172,0.677564548738855,0.289367218923227,3400,"tags=34%, list=27%, signal=25%","74153/17999/208650/66053/13194/59008/22192/52206/229615/75788/99375/107568/100763/69957/56791/50868/76375/26374/12702/216080/67030/66799/217232/67673/66515/67455/75717/231672/17237/68729/71745/52717/69010/22200/17222/67128/12703/26965/66894/109161/56550/66105/22193/20437/76980/18854",0.0650877566917313
"mmu04919","Thyroid hormone signaling pathway",100,0.237920678606578,0.961095047382827,0.540625,0.690073815073815,0.294709546258467,2661,"tags=29%, list=21%, signal=23%","18641/26396/216154/22059/20846/20525/18798/11651/12443/53313/20182/18795/26896/26395/15461/11461/18176/14534/26417/69790/22084/20779/18706/13371/18709/56717/15251/15183/11465",0.0628003977812234
"mmu05211","Renal cell carcinoma",67,0.251375836044937,0.954531970836435,0.548031496062992,0.690073815073815,0.294709546258467,2605,"tags=30%, list=21%, signal=24%","26396/14194/11864/15234/20525/11651/112406/11836/26395/15461/18176/109905/26417/67673/22339/18706/18709/12540/15251/71745",0.0625237414724762
"mmu04014","Ras signaling pathway",170,-0.202907166222695,-0.954356951555675,0.545454545454545,0.690073815073815,0.294709546258467,1695,"tags=17%, list=14%, signal=15%","58231/56480/232889/13836/64143/14184/225845/18479/13637/13712/14704/23871/56289/14171/271457/18049/18590/18752/14388/17356/74769/240057/18710/13636/14389/13638/14254/17532/234779",0.0995791200495904
"mmu01250","Biosynthesis of nucleotide sugars",34,0.291739448801068,0.945738813823423,0.543946932006633,0.690073815073815,0.294709546258467,1408,"tags=18%, list=11%, signal=16%","14635/54342/14751/56174/54128/72157",0.0653834195468773
"mmu05310","Asthma",4,0.515690202393572,0.944175118547365,0.549242424242424,0.690073815073815,0.294709546258467,3379,"tags=50%, list=27%, signal=37%","16189/14999",0.0714786287425507
"mmu00350","Tyrosine metabolism",16,0.347080574635191,0.934910439011359,0.549242424242424,0.690073815073815,0.294709546258467,2575,"tags=31%, list=21%, signal=25%","11529/14874/11532/67689/14085",0.0714786287425507
"mmu03060","Protein export",32,-0.277607818574517,-0.943325005687507,0.553658536585366,0.693083496528396,0.295994889705048,1865,"tags=22%, list=15%, signal=19%","69276/66624/56529/14828/52551/56495/66286",0.0843144320642653
"mmu04728","Dopaminergic synapse",97,0.235316015580571,0.936391939380982,0.56418383518225,0.703691110790952,0.300525079255666,3489,"tags=34%, list=28%, signal=25%","14799/12915/12286/19056/18798/11651/14682/235542/19057/14701/18795/12288/14693/14708/26420/108058/11865/11911/26419/14281/14688/14696/225849/14802/14706/16439/19054/14702/214084/18797/26414/78284/56637",0.0614364107201271
"mmu00410","beta-Alanine metabolism",21,0.307645049273347,0.907988643466047,0.578378378378378,0.718781825303564,0.306969864624391,1191,"tags=24%, list=10%, signal=22%","110695/11409/228608/246277/93747",0.066436413766281
"mmu04650","Natural killer cell mediated cytotoxicity",62,0.249901906246396,0.91480805948965,0.583061889250814,0.721986382718517,0.308338433668876,2688,"tags=34%, list=21%, signal=27%","15040/26396/19056/16635/11836/19057/26395/15461/20416/18176/216148/26417/14972/379043/18706/15976/18709/16818/22325/15975/14360",0.0611692626746689
"mmu05410","Hypertrophic cardiomyopathy",69,-0.232496531449296,-0.947633563791729,0.587179487179487,0.724469655045195,0.309398963781228,2518,"tags=23%, list=20%, signal=19%","81904/108099/20650/16402/16404/13527/20648/108079/13614/16905/19079/21808/12295/110891/213119/16399",0.0838361057159929
"mmu04977","Vitamin digestion and absorption",18,0.317735643902571,0.891625471325725,0.593001841620626,0.729030937906361,0.311346949015572,818,"tags=17%, list=7%, signal=16%","17250/20509/67096",0.0662842187012672
"mmu00785","Lipoic acid metabolism",16,-0.321577593132667,-0.918037316936263,0.59915611814346,0.733966244725738,0.313454668511101,258,"tags=12%, list=2%, signal=12%","434437/68263",0.0725351864394589
"mmu00591","Linoleic acid metabolism",10,-0.347927608279207,-0.882237451385302,0.60337552742616,0.736504647356487,0.314538743100207,2373,"tags=40%, list=19%, signal=32%","271844/211429/232889/225845",0.0721797965581253
"mmu04211","Longevity regulating pathway",78,-0.224972418545924,-0.93513945837343,0.615384615384615,0.745854851861919,0.318531931172305,3256,"tags=31%, list=26%, signal=23%","16337/18749/58988/93759/11793/13684/18747/108099/11512/20869/231991/208647/12326/12912/56458/108079/64930/19079/74769/384783/68118/18710/16367/19017",0.0813027345384499
"mmu04114","Oocyte meiosis",99,-0.216907624659204,-0.932251657750396,0.613372093023256,0.745854851861919,0.318531931172305,1146,"tags=13%, list=9%, signal=12%","22629/12566/105988/12235/268697/208922/12534/21770/22627/26932/67579/20878/231207",0.0883594442500905
"mmu04934","Cushing syndrome",113,0.226981740080001,0.918937819784915,0.6176,0.745904225352113,0.318553017088875,2599,"tags=24%, list=21%, signal=19%","14362/26396/14194/12567/12915/23808/18798/14682/12443/18795/12288/26395/18514/19645/14368/104111/13555/108058/109905/26417/16526/11911/233912/14672/12005/218461/16527",0.057609110864425
"mmu04664","Fc epsilon RI signaling pathway",50,-0.236139059974855,-0.902444159747318,0.630922693266833,0.75357976892822,0.3218310083924,992,"tags=14%, list=8%, signal=13%","18607/57257/17096/74769/18710/14389/234779",0.0785029047348687
"mmu03430","Mismatch repair",22,-0.287929608320513,-0.891659059662606,0.632743362831858,0.75357976892822,0.3218310083924,2871,"tags=36%, list=23%, signal=28%","17688/19687/26909/68275/17686/67967/18861/19891",0.0721797965581253
"mmu00900","Terpenoid backbone biosynthesis",21,0.29746615840111,0.877946498023104,0.627027027027027,0.75357976892822,0.3218310083924,3544,"tags=43%, list=28%, signal=31%","14272/110196/110446/17855/110606/19671/66881/14593/56075",0.0625237414724762
"mmu00601","Glycosphingolipid biosynthesis - lacto and neolacto series",18,0.308856289569358,0.866708347155524,0.631675874769797,0.75357976892822,0.3218310083924,2567,"tags=22%, list=21%, signal=18%","53418/20443/14538/14345",0.0632191170859458
"mmu04550","Signaling pathways regulating pluripotency of stem cells",104,0.227411339711494,0.919192582396772,0.643185298621746,0.761676775937663,0.325288993914643,2186,"tags=19%, list=17%, signal=16%","14362/26396/15901/15903/16600/16453/12167/21423/11651/75590/15902/26395/15461/16451/14368/18176/26417/16878/69587/18706",0.0536769600638126
"mmu00520","Amino sugar and nucleotide sugar metabolism",34,0.269677884059442,0.874221306830184,0.648424543946932,0.761676775937663,0.325288993914643,1408,"tags=18%, list=11%, signal=16%","14635/54342/14751/56174/54128/72157",0.0570059526582387
"mmu04950","Maturity onset diabetes of the young",5,-0.439739125889409,-0.854801547772126,0.646341463414634,0.761676775937663,0.325288993914643,5350,"tags=80%, list=43%, signal=46%","378435/15377/21405/17341",0.0668966276500666
"mmu04614","Renin-angiotensin system",12,-0.319161080816014,-0.84579842672477,0.646532438478747,0.761676775937663,0.325288993914643,5,"tags=8%, list=0%, signal=8%","70495",0.0716527366829457
"mmu00830","Retinol metabolism",20,0.301037808807023,0.869329454151977,0.651041666666667,0.762140927189989,0.325487218803025,1440,"tags=20%, list=12%, signal=18%","11529/11532/241452/28200",0.0589694466690997
"mmu04658","Th1 and Th2 cell differentiation",58,0.241790846314912,0.884716748674938,0.662828947368421,0.77067908117752,0.329133604787517,3379,"tags=36%, list=27%, signal=27%","19664/20846/16453/19056/20852/19057/26420/16451/26417/26419/16818/14281/103806/16189/14462/18803/54721/16452/16151/26414/14999",0.0555947097758869
"mmu04136","Autophagy - other",31,-0.259494403647491,-0.873991585229269,0.662100456621005,0.77067908117752,0.329133604787517,1311,"tags=19%, list=10%, signal=17%","93739/76559/57436/68118/67526/56486",0.0714786287425507
"mmu04727","GABAergic synapse",52,-0.234745978622932,-0.895276644358847,0.674185463659148,0.781235182550972,0.333641794749334,1311,"tags=13%, list=10%, signal=12%","93739/14704/18752/14681/57436/14404/56486",0.0753093764172773
"mmu04657","IL-17 signaling pathway",64,0.235744667349505,0.872689391888139,0.676751592356688,0.781568337300821,0.333784075014165,3174,"tags=38%, list=25%, signal=28%","19225/171095/14283/59008/17392/16819/14082/26420/50772/17386/20306/26417/71609/26419/103213/12608/14281/110809/16189/22032/12370/17395/16193/16151",0.0531298054705469
"mmu04625","C-type lectin receptor signaling pathway",80,0.226382564828903,0.880201151037187,0.7,0.805704697986577,0.344091980850686,2226,"tags=22%, list=18%, signal=19%","16391/20846/19056/208650/20847/19225/73181/11651/19057/13655/15461/26420/18176/26417/16706/20779/18706/26419",0.0529129848430583
"mmu04714","Thermogenesis",202,0.201933501547593,0.903670299850326,0.704775687409551,0.80848849759691,0.345280857029024,2944,"tags=22%, list=24%, signal=17%","20587/19092/20112/56636/67942/26408/11951/52469/74370/67273/66218/12862/50721/68094/433256/15461/11461/18176/104111/78070/22273/225887/70673/72900/22084/56716/67680/67130/66416/70316/20586/75406/66445/20104/50790/20588/56717/11465/57279/110651/231430/68349/67126/12896/83797",0.0468819856878333
"mmu04913","Ovarian steroidogenesis",27,0.268077164858869,0.827504022790123,0.725490196078431,0.829477124183006,0.354244461331435,2379,"tags=26%, list=19%, signal=21%","19225/171210/26897/104111/18783/15485/13078",0.0551351763385257
"mmu00910","Nitrogen metabolism",11,0.315443242927559,0.782230972295764,0.739371534195933,0.842539655246529,0.359823071211461,677,"tags=18%, list=5%, signal=17%","12353/14661",0.0559428593065705
"mmu00040","Pentose and glucuronate interconversions",19,0.281694584669499,0.810871670474682,0.743772241992883,0.844747943720393,0.360766164080548,3191,"tags=47%, list=26%, signal=35%","75578/70984/110006/66646/394435/68631/22235/67880/75847",0.0538979025357319
"mmu05020","Prion disease",223,0.197908222306166,0.888302493526741,0.757847533632287,0.856139248875959,0.365631044185192,2226,"tags=18%, list=18%, signal=15%","22154/22142/11739/12915/22335/67951/19056/26444/22143/12364/227613/67942/11740/11951/67273/66218/59029/19057/22146/12862/22152/12288/215999/26420/22333/19181/22273/26417/225887/72900/12028/67680/67130/226519/18706/66416/11911/70316/75406/26419",0.0450442767152795
"mmu05414","Dilated cardiomyopathy",68,-0.210260853102131,-0.858732205215224,0.758793969849246,0.856139248875959,0.365631044185192,3380,"tags=31%, list=27%, signal=23%","16420/21809/11937/104099/18749/320910/22138/18747/81904/11512/20650/16402/16404/13527/20648/16905/21808/12295/110891/213119/16399",0.0694481442003175
"mmu04911","Insulin secretion",46,0.232714102294956,0.822899830105732,0.765202702702703,0.860539432875499,0.367510228993588,2477,"tags=24%, list=20%, signal=19%","12915/20525/18798/14682/18795/12288/104111/108058/11911/14672/68667",0.0501934252649434
"mmu04062","Chemokine signaling pathway",118,0.210312537227009,0.86376500651565,0.778662420382166,0.87281441238916,0.372752499550421,3537,"tags=35%, list=28%, signal=25%","20846/16453/20847/20312/18798/11651/26385/14682/20315/14701/18795/26395/15461/14693/14708/20416/18176/104111/216148/20306/109905/26417/20779/18706/18709/12540/14688/22325/14696/14083/14706/20304/18803/16452/16151/14702/18797/56637/20307/20848/110157",0.0466948041282054
"mmu05014","Amyotrophic lateral sclerosis",304,0.193978356022355,0.893938507742954,0.781546811397558,0.873193994493037,0.372914607526637,2219,"tags=18%, list=18%, signal=15%","14799/22154/22142/29869/218460/22059/67790/67951/19056/12048/26444/22143/12364/68943/74781/227613/21937/67942/20383/52639/26408/11951/72787/18643/67273/66218/59029/19057/22146/12862/22152/69654/56491/329015/233908/215999/11461/15382/269254/22333/19181/110379/22273/225887/72900/12028/66679/67680/67130/641376/66416/11911/70316/75406",0.0391956336118146
"mmu04081","Hormone signaling",99,0.213135212384236,0.8536095144742,0.790273556231003,0.877229222612408,0.374637930774285,3275,"tags=31%, list=26%, signal=23%","19092/56089/12167/14673/14600/18798/14682/14701/18795/11550/14693/14708/104111/20779/18706/13371/14672/18709/14688/11609/14696/20606/14706/16416/16452/230103/11548/68465/14674/14702/18797",0.0438879842863647
"mmu04611","Platelet activation",94,0.209367320000657,0.841230385778943,0.788553259141494,0.877229222612408,0.374637930774285,2968,"tags=28%, list=24%, signal=21%","12842/12843/19092/12825/19224/18798/11651/107589/22323/14682/18795/11461/16801/104111/109905/26417/20779/18706/18783/18709/11465/70549/14360/16416/54519/16439",0.0460457683018055
"mmu04310","Wnt signaling pathway",132,-0.192389401984232,-0.865335807332262,0.81043956043956,0.896239316239316,0.382756563802721,3670,"tags=37%, list=29%, signal=27%","11848/20438/21888/22411/12445/19058/27373/319478/18749/14366/170758/93759/75826/76441/68010/12234/16974/26563/328572/54630/19015/18747/21414/12301/93840/12006/107934/106042/56438/14369/212398/12914/13001/208846/22410/26564/107515/16973/216795/18018/68339/243548/18752/11789/67772/53883/14367/21415/16476",0.0706196247122591
"mmu04750","Inflammatory mediator regulation of TRP channels",69,-0.199723162472282,-0.81405245508636,0.823076923076923,0.896239316239316,0.382756563802721,2595,"tags=23%, list=21%, signal=18%","18747/14063/11512/271844/211429/246788/29857/232889/16440/22368/18049/12062/18752/74769/18710/234779",0.066436413766281
"mmu03018","RNA degradation",73,-0.198932932691667,-0.813738179082972,0.822942643391521,0.896239316239316,0.382756563802721,775,"tags=11%, list=6%, signal=10%","67678/57259/56421/72198/103135/13807/22057/234699",0.0650877566917313
"mmu04660","T cell receptor signaling pathway",86,0.209950234907943,0.812034163448934,0.817610062893082,0.896239316239316,0.382756563802721,2808,"tags=27%, list=22%, signal=21%","26396/12567/19056/208650/11651/235542/19057/26395/15461/26420/18176/26417/18706/26419/18709/12540/16818/14281/26400/22325/225849/14360/16189",0.0438879842863647
"mmu04672","Intestinal immune network for IgA production",18,-0.254522185320319,-0.756501084391449,0.816993464052288,0.896239316239316,0.382756563802721,1016,"tags=11%, list=8%, signal=10%","16169/20300",0.0589694466690997
"mmu04215","Apoptosis - multiple species",28,0.242016766082793,0.756251539209904,0.821305841924399,0.896239316239316,0.382756563802721,4218,"tags=61%, list=34%, signal=40%","12048/21937/64704/14082/26420/12369/12028/26419/12370/26414/11796/12122/11798/66593/12043/51800/56208",0.0477342401407188
"mmu04927","Cortisol synthesis and secretion",43,0.224225433047953,0.773671985969526,0.83419689119171,0.905473207844166,0.386700078171215,2599,"tags=28%, list=21%, signal=22%","12915/18798/14682/18795/12288/18514/104111/16526/11911/14672/218461/16527",0.0472587336673259
"mmu04390","Hippo signaling pathway",121,-0.192626750870202,-0.85368507348069,0.845108695652174,0.912495395571563,0.389699041055586,1920,"tags=17%, list=15%, signal=14%","17125/14369/11705/53310/22410/14219/209456/22629/56289/216795/22627/11799/58220/11789/18787/14367/21808/21415/12159/56217",0.0679922591544058
"mmu00604","Glycosphingolipid biosynthesis - ganglio series",11,-0.279513751462531,-0.710097931288125,0.845986984815618,0.912495395571563,0.389699041055586,767,"tags=18%, list=6%, signal=17%","20454/15211",0.0571258510018113
"mmu04713","Circadian entrainment",62,0.210224782382258,0.769563258305561,0.851791530944625,0.915876160231995,0.391142862857426,2722,"tags=27%, list=22%, signal=22%","19092/14799/18798/14682/14701/18795/12288/14693/14708/104111/108058/26417/14281/14688/14696/14802/14706",0.0436251240000606
"mmu03020","RNA polymerase",32,0.228503924628538,0.734195199945772,0.856418918918919,0.917974028716216,0.392038798706012,684,"tags=9%, list=5%, signal=9%","26939/20017/70428",0.0450442767152795
"mmu04024","cAMP signaling pathway",129,-0.18782839007151,-0.84959715403547,0.869942196531792,0.918964160839161,0.392461654032956,1886,"tags=16%, list=15%, signal=14%","14634/11705/208647/12326/12914/18577/12912/18479/13614/14062/57257/20544/18018/18035/17356/74769/18710/11931/16476/14632/11430",0.0696133438850965
"mmu05016","Huntington disease",261,0.182950017870135,0.835730984200309,0.870738636363636,0.918964160839161,0.392461654032956,1289,"tags=11%, list=10%, signal=10%","20512/14799/22154/22142/11739/29869/22059/22335/67951/26444/22143/18798/74781/227613/67942/11740/52639/26408/11951/67273/14682/66218/59029/22146/12862/22152/18795/69654",0.0363018462359236
"mmu04330","Notch signaling pathway",55,-0.20031105926263,-0.785186533749916,0.861244019138756,0.918964160839161,0.392461654032956,1212,"tags=15%, list=10%, signal=13%","20238/67122/74198/13389/433586/16450/207521/18222",0.0609039347452418
"mmu04970","Salivary secretion",45,-0.210569709251504,-0.780061762042234,0.868365180467091,0.918964160839161,0.392461654032956,1513,"tags=16%, list=12%, signal=14%","19091/234889/16440/20544/18752/212989/11931",0.0549073703290958
"mmu00100","Steroid biosynthesis",18,-0.241687562471543,-0.718353501733242,0.869281045751634,0.918964160839161,0.392461654032956,2194,"tags=22%, list=18%, signal=18%","16889/13360/235293/13115",0.0560595875032335
"mmu04932","Non-alcoholic fatty liver disease",133,-0.18330640709872,-0.831293514094893,0.877984084880637,0.923768531024719,0.394513454473018,1450,"tags=12%, list=12%, signal=11%","12125/108079/12367/26403/13198/110323/208104/14102/66576/19079/74769/384783/18710/16476/16367/13666",0.0649407684612899
"mmu04962","Vasopressin-regulated water reabsorption",37,0.213645687348425,0.71612694863083,0.883760683760684,0.927002796727567,0.395894711024049,2173,"tags=22%, list=17%, signal=18%","235661/213575/19326/69654/20909/234663/104111/14570",0.0441523058441465
"mmu04971","Gastric acid secretion",46,0.207599891943175,0.734093525597697,0.896959459459459,0.93797894693474,0.400582291072097,2661,"tags=24%, list=21%, signal=19%","18798/107589/14682/18795/11461/16518/104111/108058/16526/20606/11465",0.0429311093452583
"mmu04916","Melanogenesis",69,0.199753899956962,0.748414498018013,0.901960784313726,0.940342094284522,0.40159151945895,1998,"tags=17%, list=16%, signal=15%","14362/26396/18798/14682/18795/26395/15461/14368/18176/104111/108058/26417",0.0411544018789903
"mmu03082","ATP-dependent chromatin remodeling",99,0.193085622100993,0.773310624226861,0.911854103343465,0.947775628626692,0.404766155976412,2205,"tags=17%, list=18%, signal=14%","20587/72057/66923/15270/20174/70088/93696/100683/68094/11461/52004/64050/51812/81601/17192/20586/68142",0.0373029764832679
"mmu00310","Lysine degradation",55,0.206363238873929,0.74654934640128,0.921232876712329,0.951755652747978,0.406465903274832,2241,"tags=20%, list=18%, signal=16%","110695/234407/225888/18822/226830/93747/110446/18193/26432/70673/15107",0.042331839351853
"mmu00430","Taurine and hypotaurine metabolism",5,0.298370870662445,0.578328862608266,0.919607843137255,0.951755652747978,0.406465903274832,3908,"tags=60%, list=31%, signal=41%","246277/211488/207182",0.0486034247259069
"mmu04972","Pancreatic secretion",48,0.192291941718005,0.685544754211587,0.943201376936317,0.965725588922856,0.412432038290283,1942,"tags=17%, list=16%, signal=14%","18798/14682/233979/53313/66350/18795/104111/109905",0.041488040200221
"mmu04976","Bile secretion",36,0.189134344473538,0.629483578384447,0.941592920353982,0.965725588922856,0.412432038290283,2523,"tags=19%, list=20%, signal=16%","239273/20525/104111/11826/18669/394435/18671",0.042845050912155
"mmu00790","Folate biosynthesis",17,0.223392856697068,0.614717494478564,0.942708333333333,0.965725588922856,0.412432038290283,2171,"tags=24%, list=17%, signal=19%","72562/20751/19286/14287",0.0419081748591401
"mmu05321","Inflammatory bowel disease",33,0.206224922487806,0.672062886403393,0.94755877034358,0.967299578059072,0.413104241196722,925,"tags=12%, list=7%, signal=11%","20846/24088/16174/20852",0.0435378240914002
"mmu04520","Adherens junction",81,-0.175881789269325,-0.734716861537208,0.957816377171216,0.974869487743997,0.416337119476886,3256,"tags=30%, list=26%, signal=22%","16337/20613/170758/79264/58998/328572/231858/21414/60595/26413/99167/71740/83767/22330/12914/108100/19271/13001/19274/19246/58235/17356/21415/67268",0.057609110864425
"mmu00120","Primary bile acid biosynthesis",12,0.20753498378082,0.523935886389305,0.962162162162162,0.976395330241484,0.416988760417715,2329,"tags=25%, list=19%, signal=20%","17117/13123/93732",0.0426733861156084
"mmu04925","Aldosterone synthesis and secretion",66,-0.17226882588421,-0.699614995180923,0.969309462915601,0.980746742714015,0.418847116389715,2057,"tags=17%, list=16%, signal=14%","231991/208647/12326/12912/16440/20845/20778/207728/18752/15370/11931",0.0584693210386381
"mmu05030","Cocaine addiction",30,0.187945519704771,0.602543965776403,0.974226804123711,0.982822922983626,0.419733789861222,469,"tags=7%, list=4%, signal=6%","12915/12568",0.0399218624292714
"mmu04744","Phototransduction",9,0.23304,0.538101632872548,0.980916030534351,0.986669203733966,0.421376419432081,9596,"tags=100%, list=77%, signal=23%","14688/12313/12314/19739/12315/20215/14686/107477/212541",0.0444181153081573
"mmu05031","Amphetamine addiction",47,0.173362826635641,0.606755656507734,0.986666666666667,0.989551656920078,0.422607427553291,2673,"tags=21%, list=21%, signal=17%","14799/12915/19056/19057/12288/108058/11911/14281/11838/14802",0.0379271467108098
"mmu04261","Adrenergic signaling in cardiomyocytes",98,0.164849653083683,0.654144158824352,0.99211356466877,0.99211356466877,0.42370154046365,2199,"tags=15%, list=18%, signal=13%","12915/18798/11651/22004/14682/235542/53313/18795/12288/11550/104111/108058/26417/16526/11911",0.035090109926935
