"comparison","database","pathway_key","pathway_name","filter_mode_used","fdr_cutoff_used","direction_class","delta_NES","abs_delta_NES","NES_x","NES_y","padj_x","padj_y","leading_edge_x","leading_edge_y","pathway_id_mouse_KD","pathway_id_mouse_KO","pathway_id_mouse_het","pathway_name_mouse_KD","pathway_name_mouse_KO","pathway_name_mouse_het","NES_mouse_KD","padj_mouse_KD","signed_log10padj_mouse_KD","signed_log10padj_mouse_KO","signed_log10padj_mouse_het","significant_mouse_KD","significant_mouse_KO","significant_mouse_het","leading_edge_mouse_KD","delta_NES_KO_minus_het","delta_NES_KD_minus_het","delta_NES_KO_minus_KD","abs_delta_NES_KO_minus_het","abs_delta_NES_KD_minus_het","abs_delta_NES_KO_minus_KD","direction_pattern"
"mouse KO vs WT vs mouse het vs WT","GO_BP","GO:0014910","regulation of smooth muscle cell migration","either",0.05,"opposite direction",-2.66180127385437,2.66180127385437,1.01938046542766,-1.64242080842671,0.732200969322634,0.0407907230851802,"50490/214968/18792/19241/71785/20195/23789/11504/21898/20779/18590/14066/18124/12043/14107/17246/19664","11977/211770/12389/16398/238871/18186/17869/14745/13653/67299/14673/20563/22433/14083/17886/16195/20851/108058/22003/18442/18844/18787/238130/16009/18214/17260/72508/20660/11421/50706/22402/15117/18596","GO:0014910","GO:0014910","GO:0014910","regulation of smooth muscle cell migration","regulation of smooth muscle cell migration","regulation of smooth muscle cell migration",1.3119235389987,0.360748332763338,0.442795667367817,-1.38943859600381,0.135369700514318,FALSE,TRUE,FALSE,"20563/18442/18186/19664/16009/68813/238130/14673/19241/67299/14870/24088/14739/319757/238871/23789/11792/18214/16971/11421/208727/21898/108058/18024/14869/20779/13078/50706/71785/14083/16416/18596/22433/18844/57320/20304/76709",-2.66180127385437,0.29254307357104,-2.95434434742541,2.66180127385437,0.29254307357104,2.95434434742541,"KO opposite"
"mouse KO vs WT vs mouse het vs WT","GO_BP","GO:0086009","membrane repolarization","either",0.05,"opposite direction",-2.53431486857125,2.53431486857125,0.721423811804743,-1.81289105676651,0.942816150850584,0.0452594434626168,"13383/11931/14609","12389/16518/70357/238161/20266/20648/12293/109676","GO:0086009","GO:0086009","GO:0086009","membrane repolarization","membrane repolarization","membrane repolarization",-0.989844340333178,0.739081890358845,-0.13130743906036,-1.34429079069504,0.0255729864306922,FALSE,TRUE,FALSE,"20266/70729/20648/12389/16511/83814/22627/11931",-2.53431486857125,-1.71126815213792,-0.823046716433332,2.53431486857125,1.71126815213792,0.823046716433332,"mixed or incomplete"
"mouse KO vs WT vs mouse het vs WT","GO_BP","GO:0099625","ventricular cardiac muscle cell membrane repolarization","either",0.05,"shared negative",-1.03759929952388,1.03759929952388,-0.848460035893524,-1.8860593354174,0.854533108599515,0.0345176124887192,"109676","20266/20648/12293/109676","GO:0099625","GO:0099625","GO:0099625","ventricular cardiac muscle cell membrane repolarization","ventricular cardiac muscle cell membrane repolarization","ventricular cardiac muscle cell membrane repolarization",0.868266319703231,0.821764627659574,0.0852525566040554,-1.46195925116174,-0.0682711060228034,FALSE,TRUE,FALSE,"14609/22388/109676",-1.03759929952388,1.71672635559676,-2.75432565512063,1.03759929952388,1.71672635559676,2.75432565512063,"mixed or incomplete"
"mouse KO vs WT vs mouse het vs WT","GO_BP","GO:0099623","regulation of cardiac muscle cell membrane repolarization","either",0.05,"shared negative",-1.00184382623461,1.00184382623461,-1.01411428425012,-2.01595811048473,0.744292636081889,0.00654185654400723,"100986/16511/20266/20648/109676","20266/20648/12293/109676","GO:0099623","GO:0099623","GO:0099623","regulation of cardiac muscle cell membrane repolarization","regulation of cardiac muscle cell membrane repolarization","regulation of cardiac muscle cell membrane repolarization",1.10329501511425,0.669832630717926,0.174033699740981,-2.18429898372512,-0.128256277830406,FALSE,TRUE,FALSE,"14609/192176/22388/109676",-1.00184382623461,2.11740929936437,-3.11925312559898,1.00184382623461,2.11740929936437,3.11925312559898,"mixed or incomplete"
"mouse KO vs WT vs mouse het vs WT","GO_BP","GO:0033490","cholesterol biosynthetic process via lathosterol","either",0.05,"shared negative",-0.940338816298267,0.940338816298267,-0.975422539477183,-1.91576135577545,0.774637302576056,0.019530259082209,"16987/13595/192156/208715/13360/17855/18194/110460/14137/20775","74754/13360/13595/235293/15490/15357/192156/16987/110460/17855/14137/68603/110196/208715/18194/20775","GO:0033490","GO:0033490","GO:0033490","cholesterol biosynthetic process via lathosterol","cholesterol biosynthetic process via lathosterol","cholesterol biosynthetic process via lathosterol",0.835630346167314,0.868491794475954,0.0612342804185507,-1.70929199546138,-0.110901593442276,FALSE,TRUE,FALSE,"18194/110196/17855/14137/68865/74754",-0.940338816298267,1.8110528856445,-2.75139170194276,0.940338816298267,1.8110528856445,2.75139170194276,"mixed or incomplete"
"mouse KO vs WT vs mouse het vs WT","GO_BP","GO:0060307","regulation of ventricular cardiac muscle cell membrane repolarization","either",0.05,"shared negative",-0.89858859328509,0.89858859328509,-1.06238821931149,-1.96097681259658,0.733166160081054,0.0126456024438945,"100986/16511/20266/20648/109676","20266/20648/12293/109676","GO:0060307","GO:0060307","GO:0060307","regulation of ventricular cardiac muscle cell membrane repolarization","regulation of ventricular cardiac muscle cell membrane repolarization","regulation of ventricular cardiac muscle cell membrane repolarization",0.930606750128553,0.791103421087214,0.101766737398057,-1.89806047578366,-0.134797588485088,FALSE,TRUE,FALSE,"14609/22388/109676",-0.89858859328509,1.99299496944004,-2.89158356272513,0.89858859328509,1.99299496944004,2.89158356272513,"mixed or incomplete"
"mouse KO vs WT vs mouse het vs WT","GO_BP","GO:0033489","cholesterol biosynthetic process via desmosterol","either",0.05,"shared negative",-0.86954487723776,0.86954487723776,-1.14953084754749,-2.01907572478525,0.671115414475004,0.0103907417783647,"16987/13595/192156/208715/13360/17855/18194/110460/14137/20775","74754/13360/13595/235293/15490/15357/192156/16987/110460/17855/14137/68603/110196/208715/18194/20775","GO:0033489","GO:0033489","GO:0033489","cholesterol biosynthetic process via desmosterol","cholesterol biosynthetic process via desmosterol","cholesterol biosynthetic process via desmosterol",0.811005780504322,0.884441615359007,0.0533308308880169,-1.98335344775067,-0.173202786001835,FALSE,TRUE,FALSE,"18194/110196/17855/14137/68865/74754/13595/98386/68603/12642/208715",-0.86954487723776,1.96053662805181,-2.83008150528957,0.86954487723776,1.96053662805181,2.83008150528957,"mixed or incomplete"
"mouse KO vs WT vs mouse het vs WT","GO_BP","GO:0140374","antiviral innate immune response","either",0.05,"shared positive",0.83740453831409,0.83740453831409,1.03038261414771,1.8677871524618,0.708953254714109,0.0134808865991751,"15958/338467/73945/207521/252870/19697/93762/74841/66799/70796/224703/66369","15958/73945/71586/231655/224703/19106/246728/15945/19697/338467/114643/23961/93762/22034/70796/20821/66799/76952/15957/94088/252870/74841/246727/26943/246730/15959/23962/667370","GO:0140374","GO:0140374","GO:0140374","antiviral innate immune response","antiviral innate immune response","antiviral innate immune response",1.99889705053267,0.00165489276048687,2.78123014390505,1.87028154456127,0.149382399357116,TRUE,TRUE,FALSE,"23962/24110/15959/246730/230073/15957/58203/246728/71586/26943/667370/23960/246727/80861/80287/19106/217069/23961",0.83740453831409,0.96851443638496,-0.13110989807087,0.83740453831409,0.96851443638496,0.13110989807087,"all positive"
"mouse KO vs WT vs mouse het vs WT","GO_BP","GO:0016126","sterol biosynthetic process","either",0.05,"shared negative",-0.823407779254276,0.823407779254276,-0.968647550547934,-1.79205532980221,0.784949860493384,0.0235367787719361,"16987/13595/13121/20280/192156/208715/13360/16211/231070/17855/18194/110460/14137/223455/20775/105787/20787/20788/234564/109754","74754/13360/14381/13595/58520/235293/15490/15357/192156/20787/16987/13121/231070/105787/110460/223455/17855/14137/68603/110196/20788/208715/234564/18194/20775/109754","GO:0016126","GO:0016126","GO:0016126","sterol biosynthetic process","sterol biosynthetic process","sterol biosynthetic process",1.19223999139628,0.535616880983154,0.271145743828995,-1.62825297468287,-0.105158083390409,FALSE,TRUE,FALSE,"56453/14381/72017/20787/11651/235623/18194/231474/110196/244373/58520/17855/109754",-0.823407779254276,2.16088754194421,-2.98429532119849,0.823407779254276,2.16088754194421,2.98429532119849,"mixed or incomplete"
"mouse KO vs WT vs mouse het vs WT","GO_BP","GO:0036196","zymosterol metabolic process","either",0.05,"shared negative",-0.81905939148584,0.81905939148584,-1.34517344587854,-2.16423283736438,0.564655907741649,0.000467893163618693,"16987/192156/208715/17855/18194/110460/14137/20775","15490/15357/192156/16987/110460/17855/14137/68603/110196/208715/18194/20775","GO:0036196","GO:0036196","GO:0036196","zymosterol metabolic process","zymosterol metabolic process","zymosterol metabolic process",1.08730399007832,0.675476611025016,0.170389684212092,-3.32985330023284,-0.248216123671163,FALSE,TRUE,FALSE,"18194/110196/17855/14137",-0.81905939148584,2.43247743595686,-3.2515368274427,0.81905939148584,2.43247743595686,3.2515368274427,"mixed or incomplete"
"mouse KO vs WT vs mouse het vs WT","GO_BP","GO:0036197","zymosterol biosynthetic process","either",0.05,"shared negative",-0.81905939148584,0.81905939148584,-1.34517344587854,-2.16423283736438,0.564655907741649,0.000467893163618693,"16987/192156/208715/17855/18194/110460/14137/20775","15490/15357/192156/16987/110460/17855/14137/68603/110196/208715/18194/20775","GO:0036197","GO:0036197","GO:0036197","zymosterol biosynthetic process","zymosterol biosynthetic process","zymosterol biosynthetic process",1.08730399007832,0.675476611025016,0.170389684212092,-3.32985330023284,-0.248216123671163,FALSE,TRUE,FALSE,"18194/110196/17855/14137",-0.81905939148584,2.43247743595686,-3.2515368274427,0.81905939148584,2.43247743595686,3.2515368274427,"mixed or incomplete"
"mouse KO vs WT vs mouse het vs WT","GO_BP","GO:0014812","muscle cell migration","either",0.05,"shared negative",-0.812191989076799,0.812191989076799,-0.909008359232211,-1.72120034830901,0.842283166148269,0.0158003875463432,"57784/20563/20304/12928/16398/18605/18591/22433/20474/14673/68813/22003/14674/50706/17260/11421/238130/18133/15117/18844/18214/13653/20660/17886/20851/12305/22402/72508/18596/16009","11977/18791/211770/12389/16398/238871/18186/17869/17295/14745/13653/67299/14673/12305/20563/22433/14083/17886/16195/20851/16952/108058/22003/18442/18844/18787/238130/16009/67220/18214/17260/18133/72508/20660/11421/50706/18605/22402/15117/18596","GO:0014812","GO:0014812","GO:0014812","muscle cell migration","muscle cell migration","muscle cell migration",1.28376254162201,0.367590251794924,0.43463601428214,-1.80133226069278,-0.0745418790211211,FALSE,TRUE,FALSE,"20563/18442/18186/19664/16009/68813/238130/216198/14673/67771/19241/67299/14870/24088/14739/319757/238871/16952/23789/11792/18214/16971/57342/11421/18791/208727/21898/108058/18024/14869",-0.812191989076799,2.19277090085422,-3.00496288993102,0.812191989076799,2.19277090085422,3.00496288993102,"mixed or incomplete"
"mouse KO vs WT vs mouse het vs WT","GO_BP","GO:0070977","bone maturation","either",0.05,"shared negative",-0.81083710150431,0.81083710150431,-1.17913517025271,-1.98997227175702,0.646020962425542,0.010602778692041,"71982/13595/108153/76566/18605/105722/235611/237928/233781/21827/20190/14042/233651/239337","108153/13595/329628/233651/20190/21827/235611/237928/233781/76566/105722/14042/18605/239337","GO:0070977","GO:0070977","GO:0070977","bone maturation","bone maturation","bone maturation",0.904859311525104,0.801671612398062,0.0960034947201298,-1.97458030336956,-0.189753389562137,FALSE,TRUE,FALSE,"23892/21827/239337/329628/235611/71982/14042/233781/12156/11474",-0.81083710150431,2.08399448177781,-2.89483158328212,0.81083710150431,2.08399448177781,2.89483158328212,"mixed or incomplete"
"mouse KO vs WT vs mouse het vs WT","GO_BP","GO:0048799","animal organ maturation","either",0.05,"shared negative",-0.80934686820402,0.80934686820402,-1.22479368598281,-2.03414055418683,0.626516080799576,0.00550657495726987,"71982/13595/108153/76566/18605/105722/14462/235611/237928/233781/21827/20190/14042/233651/239337","108153/13595/329628/233651/20190/14462/21827/235611/237928/233781/76566/105722/14042/18605/239337","GO:0048799","GO:0048799","GO:0048799","animal organ maturation","animal organ maturation","animal organ maturation",0.945417726814641,0.781695474538724,0.106962402292018,-2.25911844464389,-0.203067777482452,FALSE,TRUE,FALSE,"23892/21827/239337/329628/235611/71982/14042/233781/14462/12156/11474",-0.80934686820402,2.17021141279745,-2.97955828100147,0.80934686820402,2.17021141279745,2.97955828100147,"mixed or incomplete"
"mouse KO vs WT vs mouse het vs WT","GO_BP","GO:0060306","regulation of membrane repolarization","either",0.05,"shared negative",-0.77946190603684,0.77946190603684,-1.15783203701759,-1.93729394305443,0.671115414475004,0.0190470722982557,"16518/100986/83814/16511/20266/20648/22627/238161/109676","12389/16518/238161/20266/20648/12293/109676","GO:0060306","GO:0060306","GO:0060306","regulation of membrane repolarization","regulation of membrane repolarization","regulation of membrane repolarization",0.844860562546337,0.858707214996879,0.0661548880734837,-1.72017176972203,-0.173202786001835,FALSE,TRUE,FALSE,"14609/192176/22388/109676/16518/432442",-0.77946190603684,2.00269259956393,-2.78215450560077,0.77946190603684,2.00269259956393,2.78215450560077,"mixed or incomplete"
"mouse KO vs WT vs mouse het vs WT","GO_BP","GO:0006695","cholesterol biosynthetic process","either",0.05,"shared negative",-0.77727376701892,0.77727376701892,-1.00110220995808,-1.778375976977,0.746126230457441,0.0391669014872904,"16987/13595/13121/20280/192156/208715/13360/16211/231070/17855/18194/110460/14137/223455/20775/105787/20787/20788/234564/109754","74754/13360/14381/13595/235293/15490/15357/192156/20787/16987/13121/231070/105787/110460/223455/17855/14137/68603/110196/20788/208715/234564/18194/20775/109754","GO:0006695","GO:0006695","GO:0006695","cholesterol biosynthetic process","cholesterol biosynthetic process","cholesterol biosynthetic process",1.03782206745087,0.693695689156156,0.158831004334994,-1.40708078434181,-0.127187691892615,FALSE,TRUE,FALSE,"56453/14381/20787/11651/235623/18194/231474/110196/244373/17855/109754",-0.77727376701892,2.03892427740895,-2.81619804442787,0.77727376701892,2.03892427740895,2.81619804442787,"mixed or incomplete"
"mouse KO vs WT vs mouse het vs WT","GO_BP","GO:1902653","secondary alcohol biosynthetic process","either",0.05,"shared negative",-0.77727376701892,0.77727376701892,-1.00110220995808,-1.778375976977,0.746126230457441,0.0391669014872904,"16987/13595/13121/20280/192156/208715/13360/16211/231070/17855/18194/110460/14137/223455/20775/105787/20787/20788/234564/109754","74754/13360/14381/13595/235293/15490/15357/192156/20787/16987/13121/231070/105787/110460/223455/17855/14137/68603/110196/20788/208715/234564/18194/20775/109754","GO:1902653","GO:1902653","GO:1902653","secondary alcohol biosynthetic process","secondary alcohol biosynthetic process","secondary alcohol biosynthetic process",1.03782206745087,0.693695689156156,0.158831004334994,-1.40708078434181,-0.127187691892615,FALSE,TRUE,FALSE,"56453/14381/20787/11651/235623/18194/231474/110196/244373/17855/109754",-0.77727376701892,2.03892427740895,-2.81619804442787,0.77727376701892,2.03892427740895,2.81619804442787,"mixed or incomplete"
"mouse KO vs WT vs mouse het vs WT","GO_BP","GO:0030500","regulation of bone mineralization","either",0.05,"shared negative",-0.7477956603449,0.7477956603449,-1.33177479844942,-2.07957045879432,0.522350173353145,0.000531526948803791,"76566/68667/17127/18605/22337/23967/105722/13609/110789/17260/22410/237928/102657/17313/20181/231633/14119/18214/17966/18439/11732/215798/13601/80752/20682","22410/77583/237928/22160/23967/16998/106522/14758/102657/20682/76566/105722/18214/231633/17260/18439/12167/11732/18605/13609/80752/215798/13601/17313","GO:0030500","GO:0030500","GO:0030500","regulation of bone mineralization","regulation of bone mineralization","regulation of bone mineralization",1.39044344360013,0.283243692432257,0.547839752682098,-3.27447471153564,-0.282038256828377,FALSE,TRUE,FALSE,"14119/100038882/22337/11732/14609/23892/17313/12167/16998/19242/20516/13601/18214/20182/80752/215798/231633",-0.7477956603449,2.72221824204955,-3.47001390239445,0.7477956603449,2.72221824204955,3.47001390239445,"mixed or incomplete"
"mouse KO vs WT vs mouse het vs WT","GO_BP","GO:0045861","negative regulation of proteolysis","either",0.05,"shared negative",-0.73144346488559,0.73144346488559,-1.14536165665006,-1.87680512153565,0.653287197231834,0.0190470722982557,"545622/21857/21858/20725/59083/20720/14451/21859/13601/103743","66725/18708/18787/21858/20720/20725/21857/59083/14451/21859/103743/13601","GO:0045861","GO:0045861","GO:0045861","negative regulation of proteolysis","negative regulation of proteolysis","negative regulation of proteolysis",1.66924877164689,0.12817953772766,0.892181299007908,-1.72017176972203,-0.184895852794498,FALSE,TRUE,FALSE,"14451/66725/20720/21859/69065/21857/12380/12568/11651/59083/20340/13601/14433/18791/21858/17872/15925/103743/625530",-0.73144346488559,2.81461042829695,-3.54605389318254,0.73144346488559,2.81461042829695,3.54605389318254,"mixed or incomplete"
"mouse KO vs WT vs mouse het vs WT","GO_BP","GO:0051279","regulation of release of sequestered calcium ion into cytosol","either",0.05,"shared negative",-0.72951101803703,0.72951101803703,-1.03448326749621,-1.76399428553324,0.726352045827262,0.0438540826861125,"74777/76854/71111/238161/68312/13617/20312/109676","74777/238161/21838/21808/12315/108058/78688/71111/68312/80982/20312/13617/109676","GO:0051279","GO:0051279","GO:0051279","regulation of release of sequestered calcium ion into cytosol","regulation of release of sequestered calcium ion into cytosol","regulation of release of sequestered calcium ion into cytosol",1.06042016212702,0.671285034373348,0.173093034867102,-1.3579899688769,-0.138852835907771,FALSE,TRUE,FALSE,"14873/21838/109552/18764/20312/80982/238871/74777/12288/68312/109676/18754/108058/12028/78688/11350",-0.72951101803703,2.09490342962323,-2.82441444766026,0.72951101803703,2.09490342962323,2.82441444766026,"mixed or incomplete"
"mouse KO vs WT vs mouse het vs WT","GO_BP","GO:0014909","smooth muscle cell migration","either",0.05,"shared negative",-0.7293782290653,0.7293782290653,-1.00230757643975,-1.73168580550505,0.761975322137102,0.0172073191440456,"20304/12928/16398/18605/18591/22433/14673/68813/22003/14674/50706/17260/11421/238130/18133/15117/18844/18214/13653/20660/17886/20851/12305/22402/72508/18596/16009","11977/18791/211770/12389/16398/238871/18186/17869/14745/13653/67299/14673/12305/20563/22433/14083/17886/16195/20851/108058/22003/18442/18844/18787/238130/16009/18214/17260/18133/72508/20660/11421/50706/18605/22402/15117/18596","GO:0014909","GO:0014909","GO:0014909","smooth muscle cell migration","smooth muscle cell migration","smooth muscle cell migration",1.32882922233816,0.319140629236392,0.496017903014447,-1.76428678636268,-0.118059093795874,FALSE,TRUE,FALSE,"20563/18442/18186/19664/16009/68813/238130/14673/67771/19241/67299/14870/24088/14739/319757/238871/23789/11792/18214/16971/57342/11421/18791/208727/21898/108058/18024/14869/20779/13078/50706/71785/14083/16416/18596/22433/18844/57320",-0.7293782290653,2.33113679877791,-3.06051502784321,0.7293782290653,2.33113679877791,3.06051502784321,"mixed or incomplete"
"mouse KO vs WT vs mouse het vs WT","GO_BP","GO:0009100","glycoprotein metabolic process","either",0.05,"shared negative",-0.725934655634437,0.725934655634437,-0.885971021106873,-1.61190567674131,0.903394658018329,0.00857707355684996,"50917/93840/14733/15586/27403/20454/74241/76051/93683/68563/27419/76483/218989/74498/29858/170789/330671/15442/98388/12387/233824/15531/20446/380959/76457/230815/233781/14042/78754/56321/171212/72043/13617/83398/57783/19324/109901/223774/50935/233552/12814/76025/328572/217119/27029/271786/58250/17309/11600/239337/26877/230145/170441/50786/16431","50935/80294/13039/52463/26433/13200/208624/53374/268880/110006/18553/57783/93840/11305/103963/50917/68304/110173/20443/214133/432486/14733/11977/26879/66629/103534/29858/54616/20454/21664/108153/20442/68563/328370/70551/74498/17156/15442/75847/212898/67943/16430/15531/140481/102580/93683/235534/15586/171212/19288/13478/269941/328572/338362/19324/60322/20441/12814/56321/73836/11881/15476/233824/217119/50760/27029/233781/330671/216395/240725/76457/244745/223774/66059/23908/12387/380959/117148/218989/20440/67547/14042/50786/233552/109901/12167/26877/76025/98388/11600/271786/17309/58250/83398/72043/170441/239337/13617/16431","GO:0009100","GO:0009100","GO:0009100","glycoprotein metabolic process","glycoprotein metabolic process","glycoprotein metabolic process",1.51971875071352,0.0180941383678868,1.74246209290846,-2.06666086540363,-0.0441224818508051,TRUE,TRUE,FALSE,"243853/53618/18553/19288/244745/66059/16453/268880/66248/234356/12167/234407/72050/68273/83398/381694/54616/13478/52120/12499/17158/224143/140484/20443/102580/109901/97440/108155/70551/381903/74653/217734/97884/217664/59287/195646/328370/20444/68304/53614/54128/18795/14043/27029/14733/59007/218989/239337/13039/20442/215015/27419/50762/76898/57357/17160/66357/14376/50917/73068/15442/80286/320438/110006/14426/15931/76483/72136/56321/231050/19164/232313/117592/14538/216395/76025/72043/100910/57783/11600/11881/15476/73836/319901/12814/208211/15251/14345/69080/14042/212996/331026/233781/20448/70827/70484/239528/140481/17308/21982/12156/14241/12091/50786/14423/59031/22235/14425/57377/53627/13617/13618/75847/171212/72297/15932/15531/246179/11593/380959/16432/212898/20652/240725/233733/66789",-0.725934655634437,2.40568977182039,-3.13162442745483,0.725934655634437,2.40568977182039,3.13162442745483,"mixed or incomplete"
"mouse KO vs WT vs mouse het vs WT","GO_BP","GO:0033209","tumor necrosis factor-mediated signaling pathway","either",0.05,"shared positive",0.724690561087824,0.724690561087824,0.941288815026066,1.66597937611389,0.807433614556199,0.0461444508032432,"14063/21873/19241/19053/252870/12675/11746/19697/18033/74256/66626/16452/319190/211550/11798/68441/17948/11487/21934/103213/230598","14063/17948/17952/21873/21934/19053/263876/19697/240518/12675/268749/16150/74256/22034/52440/11746/99311/71609/21353/319190/252870","GO:0033209","GO:0033209","GO:0033209","tumor necrosis factor-mediated signaling pathway","tumor necrosis factor-mediated signaling pathway","tumor necrosis factor-mediated signaling pathway",-0.81461956263805,0.942361051876308,-0.0257826717343353,1.33588051848278,0.0928931742811856,FALSE,TRUE,FALSE,"22034/14102/18035/193740/59004/211550/217356/21873/15511",0.724690561087824,-1.75590837766412,2.48059893875194,0.724690561087824,1.75590837766412,2.48059893875194,"KD opposite"
"mouse KO vs WT vs mouse het vs WT","GO_BP","GO:0043931","ossification involved in bone maturation","either",0.05,"shared negative",-0.71241385246793,0.71241385246793,-1.27101852886001,-1.98343238132794,0.595322171759247,0.0102746193649765,"71982/13595/108153/76566/18605/105722/235611/237928/233781/21827/20190/14042/233651/239337","108153/13595/329628/233651/20190/21827/235611/237928/233781/76566/105722/14042/18605/239337","GO:0043931","GO:0043931","GO:0043931","ossification involved in bone maturation","ossification involved in bone maturation","ossification involved in bone maturation",1.02450393693396,0.714832969615578,0.145795425120072,-1.98823425808959,-0.225247942589547,FALSE,TRUE,FALSE,"23892/21827/239337/329628/235611/71982/14042/233781/12156/11474",-0.71241385246793,2.29552246579397,-3.0079363182619,0.71241385246793,2.29552246579397,3.0079363182619,"mixed or incomplete"
"mouse KO vs WT vs mouse het vs WT","GO_BP","GO:0009101","glycoprotein biosynthetic process","either",0.05,"shared negative",-0.694728292983962,0.694728292983962,-0.855877730809118,-1.55060602379308,0.921393147948142,0.0255556918266511,"93840/27403/20454/74241/76051/93683/68563/76483/218989/74498/29858/170789/330671/98388/12387/233824/15531/20446/380959/76457/230815/233781/14042/78754/56321/171212/83398/57783/223774/50935/233552/76025/328572/217119/271786/58250/17309/11600/26877/230145/170441/50786/16431","50935/80294/52463/26433/13200/208624/53374/268880/57783/93840/11305/103963/68304/20443/214133/432486/11977/26879/66629/103534/29858/54616/20454/21664/20442/68563/328370/70551/74498/75847/212898/67943/16430/15531/140481/102580/93683/235534/171212/13478/269941/328572/338362/60322/20441/56321/73836/15476/233824/217119/233781/330671/216395/76457/244745/223774/66059/23908/12387/380959/117148/218989/20440/67547/14042/50786/233552/12167/26877/76025/98388/11600/271786/17309/58250/83398/170441/16431","GO:0009101","GO:0009101","GO:0009101","glycoprotein biosynthetic process","glycoprotein biosynthetic process","glycoprotein biosynthetic process",1.41401304992545,0.0897502144808515,1.04696450489183,-1.59251235761893,-0.0355550217549005,FALSE,TRUE,FALSE,"243853/53618/244745/66059/16453/268880/66248/234356/12167/234407/72050/68273/83398/381694/54616/13478/12499/17158/224143/140484/20443/102580/97440/108155/70551/381903/74653/217734/97884/217664/59287/195646/328370/20444/68304/53614/54128/18795/14043/218989/20442/215015/76898/57357/66357/14376/73068/80286/320438/14426/76483/72136/56321/231050/19164/232313/117592/14538/216395/76025/100910/57783/11600/15476/73836/208211/14345/69080/14042/212996/331026/233781/20448/70827/70484/239528/140481/17308/21982/14241/50786/14423/59031/22235/14425/57377/75847/171212/72297/15531/246179/380959/16432/212898/20652/233733/66789",-0.694728292983962,2.26989078073457,-2.96461907371853,0.694728292983962,2.26989078073457,2.96461907371853,"mixed or incomplete"
"mouse KO vs WT vs mouse het vs WT","GO_BP","GO:0002024","diet induced thermogenesis","either",0.05,"shared negative",-0.69380707507467,0.69380707507467,-1.04414609834838,-1.73795317342305,0.746126230457441,0.0457932624837093,"71111/20660","216190/71111/20660","GO:0002024","GO:0002024","GO:0002024","diet induced thermogenesis","diet induced thermogenesis","diet induced thermogenesis",-0.860745053773605,0.81289000519414,-0.0899682162374743,-1.33919841460292,-0.127187691892615,FALSE,TRUE,FALSE,"224796/22227",-0.69380707507467,0.183401044574775,-0.877208119649445,0.69380707507467,0.183401044574775,0.877208119649445,"all negative"
"mouse KO vs WT vs mouse het vs WT","GO_BP","GO:0030282","bone mineralization","either",0.05,"shared negative",-0.66558605595601,0.66558605595601,-1.2952063554796,-1.96079241143561,0.495766757909479,0.00071607964973577,"76566/68667/17127/211401/18605/22337/23967/105722/13609/11911/76737/110789/14183/17260/235439/22410/237928/102657/20750/17313/20181/18032/231633/14119/18214/17966/12833/16948/18439/11732/21847/12006/215798/13601/12843/80752/20682","77583/237928/22160/23967/16998/106522/14758/102657/20682/16948/76566/105722/18214/231633/17260/18439/76737/12167/21847/20750/12833/11732/18605/12006/13609/80752/215798/12843/13601/17313","GO:0030282","GO:0030282","GO:0030282","bone mineralization","bone mineralization","bone mineralization",1.34498343095385,0.221531683100992,0.654564152908489,-3.14503866831107,-0.304722596851131,FALSE,TRUE,FALSE,"14119/100038882/12843/22337/20750/11732/243853/12833/14609/23892/94249/17313/12167/19225/16998/16948/19242/20516/13601/18214/20182/80752",-0.66558605595601,2.64018978643345,-3.30577584238946,0.66558605595601,2.64018978643345,3.30577584238946,"mixed or incomplete"
"mouse KO vs WT vs mouse het vs WT","GO_BP","GO:0030502","negative regulation of bone mineralization","either",0.05,"shared negative",-0.66072658029768,0.66072658029768,-1.21888008440998,-1.87960666470766,0.636510040400422,0.0384594558925971,"13601/20682","16998/20682/76566/18605/13601","GO:0030502","GO:0030502","GO:0030502","negative regulation of bone mineralization","negative regulation of bone mineralization","negative regulation of bone mineralization",1.08206856491329,0.682146344055312,0.166122444115272,-1.41499686426067,-0.196194741333016,FALSE,TRUE,FALSE,"23892/16998/13601/68667/15251",-0.66072658029768,2.30094864932327,-2.96167522962095,0.66072658029768,2.30094864932327,2.96167522962095,"mixed or incomplete"
"mouse KO vs WT vs mouse het vs WT","GO_BP","GO:0006694","steroid biosynthetic process","either",0.05,"shared negative",-0.65724057678166,0.65724057678166,-1.10562148209548,-1.76286205887714,0.671115414475004,0.0172941082508342,"208715/14815/13360/16211/100198/231070/170459/17855/56316/18194/110460/114664/14137/29817/223455/14149/217166/192970/12257/20775/19014/59045/18984/13653/105787/20787/20788/11541/234564/20613/13132/105387/109754/13123","192970/74754/18514/170459/13360/14381/14815/13595/56316/58520/13653/100198/235293/19014/15490/15357/192156/20787/16987/11541/13121/231070/105787/110460/223455/217166/12257/17855/14137/68603/110196/20788/208715/12167/13132/20613/18984/234564/105387/18194/20775/13123/109754","GO:0006694","GO:0006694","GO:0006694","steroid biosynthetic process","steroid biosynthetic process","steroid biosynthetic process",0.98835420261537,0.759683118302202,0.119367524391635,-1.76210182692667,-0.173202786001835,FALSE,TRUE,FALSE,"29817/56453/56348/106529/14381/72017/20787/12167/12257/11651/235623/18194/68917/231474/110196/100198/244373/58520/17855/18514/109754/56316",-0.65724057678166,2.09397568471085,-2.75121626149251,0.65724057678166,2.09397568471085,2.75121626149251,"mixed or incomplete"
"mouse KO vs WT vs mouse het vs WT","GO_BP","GO:0045669","positive regulation of osteoblast differentiation","either",0.05,"shared negative",-0.637374779955,0.637374779955,-1.27570424409579,-1.91307902405079,0.554967666078777,0.0064404465158732,"12387/12608/17260/22410/102657/22422/320799/231633/14119/18214/12606/14362/68713/22402/68588/20666/80752","14173/12609/320799/16905/114249/242253/17129/14119/218952/268935/22410/16195/19055/102657/12387/12606/18214/231633/17260/12167/68713/14362/68588/22402/80752/20666","GO:0045669","GO:0045669","GO:0045669","positive regulation of osteoblast differentiation","positive regulation of osteoblast differentiation","positive regulation of osteoblast differentiation",1.15139894210809,0.573258327403569,0.241649627798807,-2.19108402197909,-0.2557323193145,FALSE,TRUE,FALSE,"14119/15951/14362/71974/12167/12609/22601/18214/80752/68713/231633/114249/268935/22339",-0.637374779955,2.42710318620388,-3.06447796615888,0.637374779955,2.42710318620388,3.06447796615888,"mixed or incomplete"
"mouse KO vs WT vs mouse het vs WT","GO_BP","GO:0001502","cartilage condensation","either",0.05,"shared negative",-0.63513477636797,0.63513477636797,-1.25257581436819,-1.88771059073616,0.632559821258384,0.0339974816855872,"12814/21833/20682","12814/21808/240725/20682/12167/20678/21833","GO:0001502","GO:0001502","GO:0001502","cartilage condensation","cartilage condensation","cartilage condensation",-0.735912878555453,0.923745977010309,-0.0344474399811807,-1.4685532515036,-0.198898396928571,FALSE,TRUE,FALSE,"14219/26564/21808",-0.63513477636797,0.516662935812737,-1.15179771218071,0.63513477636797,0.516662935812737,1.15179771218071,"all negative"
"mouse KO vs WT vs mouse het vs WT","GO_BP","GO:0098743","cell aggregation","either",0.05,"shared negative",-0.63513477636797,0.63513477636797,-1.25257581436819,-1.88771059073616,0.632559821258384,0.0339974816855872,"12814/21833/20682","12814/21808/240725/20682/12167/20678/21833","GO:0098743","GO:0098743","GO:0098743","cell aggregation","cell aggregation","cell aggregation",-0.735912878555453,0.923745977010309,-0.0344474399811807,-1.4685532515036,-0.198898396928571,FALSE,TRUE,FALSE,"14219/26564/21808",-0.63513477636797,0.516662935812737,-1.15179771218071,0.63513477636797,0.516662935812737,1.15179771218071,"all negative"
"mouse KO vs WT vs mouse het vs WT","GO_BP","GO:0010804","negative regulation of tumor necrosis factor-mediated signaling pathway","either",0.05,"shared positive",0.61874371202717,0.61874371202717,1.45988834004587,2.07863205207304,0.498400438266165,0.0064404465158732,"14063/21873/19053/11746/319190/11798/17948/240518","14063/17948/17952/21873/19053/240518/52440/11746/21353/319190","GO:0010804","GO:0010804","GO:0010804","negative regulation of tumor necrosis factor-mediated signaling pathway","negative regulation of tumor necrosis factor-mediated signaling pathway","negative regulation of tumor necrosis factor-mediated signaling pathway",-1.08621046171863,0.674097563301702,-0.171277242727011,2.19108402197909,0.302421584453836,FALSE,TRUE,FALSE,"21353/67338/14063/52440/59004/21873",0.61874371202717,-2.5460988017645,3.16484251379167,0.61874371202717,2.5460988017645,3.16484251379167,"KD opposite"
"mouse KO vs WT vs mouse het vs WT","GO_BP","GO:0001974","blood vessel remodeling","either",0.05,"shared negative",-0.6044450554022,0.6044450554022,-1.19417739998103,-1.79862245538323,0.607571236323211,0.0339974816855872,"17260/12411/21817/14042/11548/13617/12111/11622/109934/26365/13819","21808/72780/11548/17986/21817/78688/14042/17260/16878/11622/12111/109934/26365/13617/13819","GO:0001974","GO:0001974","GO:0001974","blood vessel remodeling","blood vessel remodeling","blood vessel remodeling",1.30316916549166,0.410337418210048,0.386858878399428,-1.4685532515036,-0.216402794720048,FALSE,TRUE,FALSE,"12111/14609/66923/19664/21814/26362/192176/16971/69660/22339/16878/12028/78688/14042/26365/230103/11548/13617/13819",-0.6044450554022,2.49734656547269,-3.10179162087489,0.6044450554022,2.49734656547269,3.10179162087489,"mixed or incomplete"
"mouse KO vs WT vs mouse het vs WT","GO_BP","GO:0048846","axon extension involved in axon guidance","either",0.05,"shared negative",-0.59126551139443,0.59126551139443,-1.37347903197123,-1.96474454336566,0.52356968428397,0.0149325573359564,"20563/20356/22418/20315/20346/20564/18846","20187/18186/20563/20356/11658/18846/20564/22418/20315","GO:0048846","GO:0048846","GO:0048846","axon extension involved in axon guidance","axon extension involved in axon guidance","axon extension involved in axon guidance",2.08560829267467,0.0106623115539623,1.97214863149125,-1.82586580903415,-0.281025507899255,TRUE,TRUE,FALSE,"20563/20564/18846/20356/11658/20346/18186/319757/20315/269878",-0.59126551139443,3.4590873246459,-4.05035283604033,0.59126551139443,3.4590873246459,4.05035283604033,"mixed or incomplete"
"mouse KO vs WT vs mouse het vs WT","GO_BP","GO:0034764","positive regulation of transmembrane transport","either",0.05,"shared negative",-0.57286743181353,0.57286743181353,-1.08280623358124,-1.65567366539477,0.679411929118453,0.0295859919555235,"75909/76854/71111/381812/238161/67389/13617/20614/94045/68073/216739/76686/18439/11838/15165/20312/14168/19274/217154/109676","16518/18301/11735/109552/19058/17295/242669/11840/381812/76686/75909/53416/238161/21838/19055/20266/94045/12266/67389/12293/68073/218397/54375/237542/105722/71111/19274/18439/216739/217154/14467/15165/80982/11636/11838/14168/20312/13617/109676","GO:0034764","GO:0034764","GO:0034764","positive regulation of transmembrane transport","positive regulation of transmembrane transport","positive regulation of transmembrane transport",-1.19568635357056,0.388710155605588,-0.410374112659572,-1.52891386517054,-0.167866832054104,FALSE,TRUE,FALSE,"11754/19091/245537/12389/22063/16573/76055/13614/20866/14062/17258/11596/18607/16511/83814/19274/105722/11977/58887/69847/18124/26941/384783/18712/11931/16367/77574/12724/12159/217154/215748/20617/234779",-0.57286743181353,-0.11288011998932,-0.45998731182421,0.57286743181353,0.11288011998932,0.45998731182421,"all negative"
"mouse KO vs WT vs mouse het vs WT","GO_BP","GO:0070167","regulation of biomineral tissue development","either",0.05,"shared negative",-0.57146861289432,0.57146861289432,-1.48924369172015,-2.06071230461447,0.278634807677965,0.000333643241666024,"76566/68667/17127/18605/22337/23967/105722/21803/13609/11911/110789/12608/17260/22410/237928/102657/17313/20181/231633/14119/18214/20535/17966/57810/18439/11732/215798/13601/18128/80752/20682","22410/77583/237928/22160/23967/16998/106522/14758/102657/20682/20535/76566/105722/18214/231633/17260/18439/18128/12167/11732/18605/13609/80752/215798/13601/17313","GO:0070167","GO:0070167","GO:0070167","regulation of biomineral tissue development","regulation of biomineral tissue development","regulation of biomineral tissue development",1.34405126985366,0.366530208921513,0.435890225586962,-3.47671766786665,-0.55496463149347,FALSE,TRUE,FALSE,"14119/100038882/22337/11732/14609/23892/17313/12167/16998/57810/19242/20516/13601/18214/20182/80752/215798/231633",-0.57146861289432,2.83329496157381,-3.40476357446813,0.57146861289432,2.83329496157381,3.40476357446813,"mixed or incomplete"
"mouse KO vs WT vs mouse het vs WT","GO_BP","GO:0002062","chondrocyte differentiation","either",0.05,"shared negative",-0.56283630988316,0.56283630988316,-1.59537498118883,-2.15821129107199,0.177590894182131,4.28197626125919e-05,"23967/12399/21803/20289/19092/12387/15530/20678/14633/17260/13521/70235/22410/14042/18133/72043/18984/83925/12825/12814/14182/58250/22402/19411/94352/12006/18750/13601/239337/210719/20682/216616","14182/269941/94352/12814/22410/12399/23967/12406/16998/106522/240725/83925/20289/20682/19092/76566/12387/12825/14042/17260/19411/12167/20678/18984/18133/18750/210719/21810/12006/58250/22402/72043/239337/13601","GO:0002062","GO:0002062","GO:0002062","chondrocyte differentiation","chondrocyte differentiation","chondrocyte differentiation",0.851387250093507,0.901153494321774,0.0452012289328688,-4.36835574470919,-0.750579306056497,FALSE,TRUE,FALSE,"19092/214855/11603/23892/12825/12167/15364/16998/20340/12394/13601/21810/239337/19645/110006/94352/72043/21813/102607/14633/12814/240396/14042/12156/12406/216616/230103/14425/21803",-0.56283630988316,2.44676223128234,-3.0095985411655,0.56283630988316,2.44676223128234,3.0095985411655,"mixed or incomplete"
"mouse KO vs WT vs mouse het vs WT","GO_BP","GO:0060004","reflex","either",0.05,"shared negative",-0.55753953836939,0.55753953836939,-1.32408206642602,-1.88162160479541,0.571106946126946,0.037259561952724,"319974/18858","239250/18858/14658/319974","GO:0060004","GO:0060004","GO:0060004","reflex","reflex","reflex",1.05689766168902,0.698405036159118,0.15589263761831,-1.42876225525387,-0.24328255766703,FALSE,TRUE,FALSE,"14609/12286",-0.55753953836939,2.38097972811504,-2.93851926648443,0.55753953836939,2.38097972811504,2.93851926648443,"mixed or incomplete"
"mouse KO vs WT vs mouse het vs WT","GO_BP","GO:1904064","positive regulation of cation transmembrane transport","either",0.05,"shared negative",-0.55580683586967,0.55580683586967,-1.17992135896023,-1.7357281948299,0.607185642406471,0.0263880055314858,"76854/71111/381812/238161/13617/20614/94045/68073/18439/15165/20312/14168/217154/109676","19056/116873/76854/16534/19057/12028/14381/12389/16518/18301/11735/109552/19058/11840/381812/53416/238161/21838/19055/20266/94045/12293/68073/105722/71111/18439/217154/14467/15165/80982/14168/20312/13617/109676","GO:1904064","GO:1904064","GO:1904064","positive regulation of cation transmembrane transport","positive regulation of cation transmembrane transport","positive regulation of cation transmembrane transport",-1.12222218212532,0.570869458108506,-0.24346319141223,-1.57859343355424,-0.21667850637701,FALSE,TRUE,FALSE,"19091/12389/22063/16573/76055/13614/20866/14062/11596/18607/16511/83814/105722/69847/11931/12159/217154/215748/20617/234779",-0.55580683586967,0.05769917683491,-0.61350601270458,0.55580683586967,0.05769917683491,0.61350601270458,"all negative"
"mouse KO vs WT vs mouse het vs WT","GO_BP","GO:0060348","bone development","either",0.05,"shared negative",-0.54566764494757,0.54566764494757,-1.44230447635047,-1.98797212129804,0.210361142515509,1.96059906796713e-05,"105722/21803/97086/76737/20289/67661/26399/15530/14183/17260/216892/70235/235611/12411/237928/21817/18129/233781/21827/20190/66910/18472/14042/212627/59056/233016/233651/242509/15117/18032/72043/22059/231633/18984/18214/20481/94045/12111/20692/56208/14534/12825/12833/268396/68964/16948/22402/17937/19411/12842/19401/72055/21859/12006/13601/239337/80752/20682","108153/13595/212627/17300/56316/27973/12411/329628/59035/17129/233328/233651/216892/102866/269941/66910/229644/56208/23876/20190/59056/18129/21827/235611/14534/77583/237928/22160/233781/233016/12406/16998/55994/19094/231070/240725/20289/21817/94045/20682/17937/16948/76566/20692/54635/105722/97086/68964/268396/12825/18214/72055/231633/14042/17260/19411/76737/12167/18984/12842/16878/12833/12111/18605/12006/22402/80752/72043/15117/21859/239337/13601","GO:0060348","GO:0060348","GO:0060348","bone development","bone development","bone development",1.57892321270304,0.018119436594263,1.7418553104013,-4.70761120815366,-0.677034479107708,TRUE,TRUE,FALSE,"20692/12842/12111/23876/14118/12833/17937/21859/14609/22059/17387/23892/59056/12825/234356/67661/12167/16998/21827/18634/69190/20340/16948/20855/13601/18214/242509/269878/80752/14043/268396/108958/72055/239337/19035/59035/18472/270106/231633/56316/233328/212627/110006/21898/14534/17386/23850/18081/18295/20481/16878/108655/12306/72043/20779/329628/15485/21813/235611/223332",-0.54566764494757,3.02122768905351,-3.56689533400108,0.54566764494757,3.02122768905351,3.56689533400108,"mixed or incomplete"
"mouse KO vs WT vs mouse het vs WT","GO_BP","GO:0030278","regulation of ossification","either",0.05,"shared negative",-0.54092985703326,0.54092985703326,-1.56316971793151,-2.10409957496477,0.174595654431293,6.04774124731163e-05,"57259/76566/68667/17127/18605/22337/23967/105722/21803/13609/110789/71175/17260/76457/22410/237928/102657/17313/18133/22418/20181/26427/231633/14119/18214/84035/17966/228357/75788/17130/18439/11732/20666/215798/13601/210719/18128/80752/20682","14119/11479/269941/75788/84035/22410/26417/77583/237928/22160/23967/16998/106522/14758/76457/102657/20682/18442/76566/105722/17130/18214/231633/17260/12977/18439/18128/12167/22418/18133/26427/210719/11732/18605/13609/80752/20666/215798/13601/17313","GO:0030278","GO:0030278","GO:0030278","regulation of ossification","regulation of ossification","regulation of ossification",1.22807008209522,0.424703207820901,0.37191445873229,-4.21840679840445,-0.757966569794231,FALSE,TRUE,FALSE,"14119/100038882/22337/11732/18442/14609/19664/23892/17313/12167/16998/12977/19242/75788/20516/13601/18214/20182/80752/58185/215798/18514/231633",-0.54092985703326,2.79123980002673,-3.33216965705999,0.54092985703326,2.79123980002673,3.33216965705999,"mixed or incomplete"
"mouse KO vs WT vs mouse het vs WT","GO_BP","GO:0097529","myeloid leukocyte migration","either",0.05,"shared negative",-0.53996552138123,0.53996552138123,-1.13335920532747,-1.6733247267087,0.632394489266886,0.0153448652275932,"20304/23790/18605/217835/18591/15235/22341/16149/105722/12261/118453/171095/268373/17470/100952/20750/102103/24067/68279/18133/109700/17965/19271/13617/20315/83964/20851/445007/227541/20306/17395/21930/20307/18750/27226/109934/20312/19261/14254/20296","171095/16177/171486/12261/20563/14083/26417/68279/21808/21930/193385/20851/16952/13731/83433/17470/12520/17395/18787/105722/445007/109700/12977/100952/20315/18133/17965/20750/18750/27226/18605/109934/14254/20307/20296/19261/20312/13617/20306","GO:0097529","GO:0097529","GO:0097529","myeloid leukocyte migration","myeloid leukocyte migration","myeloid leukocyte migration",1.27781975413402,0.366592789598109,0.435816081295649,-1.81403692158013,-0.199011923198099,FALSE,TRUE,FALSE,"20563/13731/20750/27226/16423/26903/16177/17387/23892/18438/20312/171095/22388/12977/20085/238871/16952/20254/68585/18578/266632/20315/18795/268373/19035/215999/117149/17874/11820/18081/20306/26417/74006/22339",-0.53996552138123,2.41117895946149,-2.95114448084272,0.53996552138123,2.41117895946149,2.95114448084272,"mixed or incomplete"
"mouse KO vs WT vs mouse het vs WT","GO_BP","GO:0006029","proteoglycan metabolic process","either",0.05,"shared negative",-0.53557655555622,0.53557655555622,-1.62489323890366,-2.16046979445988,0.174667403995282,6.04774124731163e-05,"212898/100910/338362/108153/59031/50917/93840/14733/15586/74241/93683/27419/330671/15442/98388/12387/15531/230815/233781/14042/72043/13617/83398/12814/76025/217119/27029/58250/11600/239337/170441/50786","93840/50917/14733/54616/108153/15442/212898/15531/93683/235534/15586/269941/338362/60322/12814/73836/11881/15476/217119/27029/233781/330671/240725/23908/12387/14042/50786/12167/76025/98388/11600/58250/83398/72043/170441/239337/13617","GO:0006029","GO:0006029","GO:0006029","proteoglycan metabolic process","proteoglycan metabolic process","proteoglycan metabolic process",1.4836382518175,0.133017599695947,0.876090893279875,-4.21840679840445,-0.757788134432082,FALSE,TRUE,FALSE,"234356/12167/83398/54616/52120/195646/14043/27029/14733/239337/215015/27419/76898/50917/15442/110006/15931/72136/117592/76025/72043/100910/11600/11881/15476/73836/319901/12814/14042/233781/70484/12156/14241/12091/50786/59031/22235/14425/13617/13618/15932/15531/212898/240725",-0.53557655555622,3.10853149072116,-3.64410804627738,0.53557655555622,3.10853149072116,3.64410804627738,"mixed or incomplete"
"mouse KO vs WT vs mouse het vs WT","GO_BP","GO:0010959","regulation of metal ion transport","either",0.05,"shared negative",-0.535189366863145,0.535189366863145,-0.942985127148555,-1.4781744940117,0.820330588848359,0.0411764493367862,"18591/22337/19058/23967/20648/105722/21803/19736/11911/11840/22627/12291/12387/15205/66894/246788/11421/74777/100503659/12295/76854/545622/71111/381812/22333/19062/238161/12257/68312/13617/20315/216869/94045/20393/12287/17846/20720/18439/11622/110213/246198/18596/20312/14168/14681/20296/109676","15205/11977/15216/14381/12389/67972/238871/72736/100503659/16518/18301/66109/11735/109552/246198/19058/11840/381812/70357/22333/53416/17846/74777/238161/21838/21808/12361/12295/23967/19055/20266/12315/17999/108058/83433/94045/20648/12257/16392/12293/78688/12387/22228/18787/14681/105722/71111/12287/68312/110213/18439/20315/20720/80982/11622/11421/14168/20393/20296/18596/20312/13617/109676","GO:0010959","GO:0010959","GO:0010959","regulation of metal ion transport","regulation of metal ion transport","regulation of metal ion transport",1.13095286172786,0.517885288966725,0.285766425362325,-1.38535110550633,-0.0860110939831426,FALSE,TRUE,FALSE,"22337/12361/20720/26903/11603/14873/14381/21838/14609/109552/20856/18764/16453/17999/19056/18438/19225/12257/22393/20312/18798/11651/100503659/192176/15216/80982/19165/238871/20855/107589/18578/14682/108737/19057/20315/74777/12288/16819/229709/68312/18301/65973/234847/14693/109676/11421/16518/22333/12283/18754/108058/11735/12028/101118/78688/228071/11911/432442",-0.535189366863145,2.07393798887641,-2.60912735573956,0.535189366863145,2.07393798887641,2.60912735573956,"mixed or incomplete"
"mouse KO vs WT vs mouse het vs WT","GO_BP","GO:0032330","regulation of chondrocyte differentiation","either",0.05,"shared negative",-0.53006204448841,0.53006204448841,-1.46660926982,-1.99667131430841,0.473467257033734,0.00519348650015132,"14634/108153/21812/76566/17127/69890/19092/12387/20678/14633/18984/83925/22402/19411/94352/12006/239337/210719/20682/216616","16998/106522/83925/20682/19092/76566/12387/19411/12167/20678/18984/210719/12006/22402/239337","GO:0032330","GO:0032330","GO:0032330","regulation of chondrocyte differentiation","regulation of chondrocyte differentiation","regulation of chondrocyte differentiation",0.799507276382463,0.911083310883621,0.0404419086441871,-2.28454099293839,-0.324710049567275,FALSE,TRUE,FALSE,"19092/23892/12167/16998/20340",-0.53006204448841,2.26611654620246,-2.79617859069087,0.53006204448841,2.26611654620246,2.79617859069087,"mixed or incomplete"
"mouse KO vs WT vs mouse het vs WT","GO_BP","GO:2000833","positive regulation of steroid hormone secretion","either",0.05,"shared negative",-0.51621905088582,0.51621905088582,-1.21519135718168,-1.7314104080675,0.644888833685256,0.0495696314160349,"56745/20750/13132","13132/20750/56745","GO:2000833","GO:2000833","GO:2000833","positive regulation of steroid hormone secretion","positive regulation of steroid hormone secretion","positive regulation of steroid hormone secretion",1.46167622160302,0.337917703349282,0.471189055145781,-1.30478431035806,-0.190515142850006,FALSE,TRUE,FALSE,"20750/56745/12394",-0.51621905088582,2.6768675787847,-3.19308662967052,0.51621905088582,2.6768675787847,3.19308662967052,"mixed or incomplete"
"mouse KO vs WT vs mouse het vs WT","GO_BP","GO:1904062","regulation of monoatomic cation transmembrane transport","either",0.05,"shared negative",-0.50922821416123,0.50922821416123,-1.05378217101724,-1.56301038517847,0.704251034791364,0.0380556251871657,"19058/23967/20648/105722/21803/19736/11840/22627/70207/14467/52892/66894/14811/74777/100503659/12295/76854/545622/71111/381812/22333/238161/68312/13617/20614/94045/68073/17846/18439/17395/11622/110213/15165/20312/14168/217154/109676","20530/19056/116873/76854/16416/14814/18764/16534/19057/12028/66894/11977/52892/14381/12389/238871/100503659/16518/18301/66109/11735/109552/19058/11840/381812/70357/14811/23955/22333/53416/17846/74777/238161/21838/21808/12295/23967/19055/20266/12315/17999/108058/94045/20648/12293/68073/78688/17395/22228/105722/71111/68312/110213/18439/217154/14467/15165/80982/11622/14168/20312/13617/109676","GO:1904062","GO:1904062","GO:1904062","regulation of monoatomic cation transmembrane transport","regulation of monoatomic cation transmembrane transport","regulation of monoatomic cation transmembrane transport",0.942988243074136,0.809879561713303,0.091579560840306,-1.41958113896747,-0.152272506211058,FALSE,TRUE,FALSE,"26903/11603/14873/14381/21838/109552/18764/17999/19056/14467/18438/20312/11651/100503659/192176/68073/68020/80982/19165/238871/18578/108737/19057/56632/74777/12288/16819/68312/18301/65973/234847/14693/109676/16518/22333/12283/18754/108058/11735/12028/101118/78688/228071/432442",-0.50922821416123,1.99677041409138,-2.50599862825261,0.50922821416123,1.99677041409138,2.50599862825261,"mixed or incomplete"
"mouse KO vs WT vs mouse het vs WT","GO_BP","GO:0071674","mononuclear cell migration","either",0.05,"shared negative",-0.5067090004403,0.5067090004403,-1.43138664531093,-1.93809564575123,0.323643738869324,0.000467893163618693,"20304/12928/23790/18605/18591/15235/20737/319177/105722/21803/13609/20868/12261/16421/118453/70208/14462/230979/216892/17470/100952/102103/14042/380916/68279/18133/17965/22418/19271/18453/20315/83964/18810/11876/445007/20306/17395/18003/56532/13601/27226/109934/20312/19261/13123/14254/20296","216892/171486/12261/20563/18810/53416/14083/14462/239393/26417/68279/193385/16952/83433/17470/12520/17395/18787/105722/445007/18003/14042/12977/100952/22418/20315/18453/18133/17965/13123/27226/18605/13609/109934/11876/14254/20296/19261/20312/20306/56532/13601","GO:0071674","GO:0071674","GO:0071674","mononuclear cell migration","mononuclear cell migration","mononuclear cell migration",1.11730772608105,0.574641234551508,0.240603213541325,-3.32985330023284,-0.489932790317007,FALSE,TRUE,FALSE,"16859/20563/27226/16423/11815/17387/23892/18438/17250/20312/11651/12977/20085/16952/68585/108737/20315/13601/18003/18795/17698/11820/14082/11876/18081/20306/26417/13123/239393/100952/11350/12540/68667/71785/14345/54324/14083/14042/22121/230979/53416/16416/16189/19252/76088/13609/14462",-0.5067090004403,2.54869437139198,-3.05540337183228,0.5067090004403,2.54869437139198,3.05540337183228,"mixed or incomplete"
"mouse KO vs WT vs mouse het vs WT","GO_BP","GO:0045778","positive regulation of ossification","either",0.05,"shared negative",-0.50120890274301,0.50120890274301,-1.2914711908641,-1.79268009360711,0.539987046815833,0.0299411028636601,"57259/17127/22337/23967/105722/110789/71175/17260/22410/102657/18133/22418/20181/231633/14119/18439/20666/80752","20181/71175/110789/67972/57259/14119/22410/23967/106522/14758/102657/105722/231633/17260/18439/12167/22418/18133/80752/20666","GO:0045778","GO:0045778","GO:0045778","positive regulation of ossification","positive regulation of ossification","positive regulation of ossification",1.08689917281235,0.644639384284355,0.190683164764016,-1.52373220670571,-0.267616657887917,FALSE,TRUE,FALSE,"14119/100038882/22337/12167/19242/20516/20182/80752",-0.50120890274301,2.37837036367645,-2.87957926641946,0.50120890274301,2.37837036367645,2.87957926641946,"mixed or incomplete"
"mouse KO vs WT vs mouse het vs WT","GO_BP","GO:0071559","response to transforming growth factor beta","either",0.05,"shared negative",-0.49728418455092,0.49728418455092,-1.12929052303729,-1.62657470758821,0.607571236323211,0.00739102678573169,"12399/21803/20289/12193/65112/21809/14281/20678/64339/17260/12192/100952/216805/74777/20190/56320/50724/21417/235505/18133/54611/13433/22418/20848/66513/170749/114716/66214/21804/328365/216869/14119/18214/23939/20481/217351/69710/75788/16969/12825/17130/328572/58250/16948/12842/13132/320910/70673/27528/20666/241226/12843/170441/20682/20296","17129/14119/218952/170749/69710/114715/21807/328572/75788/22433/14083/20190/74777/12399/21808/68939/16998/216190/55994/20848/20289/17986/20682/16392/18619/16948/246154/21417/12192/65112/18787/16419/17130/66214/21809/12825/18214/64339/66513/17260/100952/12167/13132/20678/21804/22418/18133/12842/54611/56320/235505/27528/58250/70673/20666/12843/20296/170441/320910/241226","GO:0071559","GO:0071559","GO:0071559","response to transforming growth factor beta","response to transforming growth factor beta","response to transforming growth factor beta",0.961274906819254,0.793154216982879,0.100642362401113,-2.13129522379718,-0.216402794720048,FALSE,TRUE,FALSE,"11475/16859/14119/12842/12843/14118/21804/50527/53618/22793/241226/12825/434215/12827/12167/16419/21814/268977/16998/23988/108155/20340/16948/56213/12394/75788",-0.49728418455092,2.09056542985654,-2.58784961440746,0.49728418455092,2.09056542985654,2.58784961440746,"mixed or incomplete"
"mouse KO vs WT vs mouse het vs WT","GO_BP","GO:0090279","regulation of calcium ion import","either",0.05,"shared negative",-0.49645724519779,0.49645724519779,-1.36094380849218,-1.85740105368997,0.513020252372263,0.0473027030260895,"22368/16392/18764/18591/19058/12387/15205/246788/11421/20315/94045/18596/20296","19056/18591/18764/16534/19057/15205/12389/19058/12361/19055/94045/16392/12387/18787/20315/11421/20296/18596","GO:0090279","GO:0090279","GO:0090279","regulation of calcium ion import","regulation of calcium ion import","regulation of calcium ion import",1.2243550749393,0.510992030633854,0.291585873013488,-1.32511404159255,-0.289865490015068,FALSE,TRUE,FALSE,"12361/26903/18764/19056/20855/19057/20315",-0.49645724519779,2.58529888343148,-3.08175612862927,0.49645724519779,2.58529888343148,3.08175612862927,"mixed or incomplete"
"mouse KO vs WT vs mouse het vs WT","GO_BP","GO:0043270","positive regulation of monoatomic ion transport","either",0.05,"shared negative",-0.49117804011946,0.49117804011946,-1.30763964054442,-1.79881768066388,0.489190392983177,0.00514396788166717,"12028/16511/16438/234779/20266/22393/22368/80982/16392/20304/333433/18591/19058/105722/11840/14467/246788/75909/76854/71111/381812/238161/12257/13617/20614/20315/216869/94045/20393/68073/18439/11838/246198/15165/18596/20312/14168/217154/20296/109676","11977/14381/12389/67972/16518/18301/11735/109552/246198/19058/11840/381812/75909/53416/238161/21838/12361/19055/20266/83433/94045/12257/16392/12293/68073/18787/105722/71111/18439/20315/217154/14467/15165/80982/11838/14168/20393/20296/18596/20312/13617/109676","GO:0043270","GO:0043270","GO:0043270","positive regulation of monoatomic ion transport","positive regulation of monoatomic ion transport","positive regulation of monoatomic ion transport",0.977357873638217,0.775437867906039,0.110452994377212,-2.28870175175924,-0.310522080489723,FALSE,TRUE,FALSE,"12361/14873/14381/21838/109552/16453/19056/14467/18438/12257/22393/20312/11651/192176/68073/68020/80982/20855/107589/19057/75909/20315/12288/16819/229709/18301/65973",-0.49117804011946,2.28499751418264,-2.7761755543021,0.49117804011946,2.28499751418264,2.7761755543021,"mixed or incomplete"
"mouse KO vs WT vs mouse het vs WT","GO_BP","GO:0061035","regulation of cartilage development","either",0.05,"shared negative",-0.49032757287492,0.49032757287492,-1.38779228770025,-1.87811986057517,0.498400438266165,0.0149325573359564,"21812/76566/17127/69890/21803/20289/19092/12387/20678/14633/22418/18984/83925/14534/22402/19411/19401/94352/12006/239337/210719/20682/216616","94352/21808/14534/16998/106522/83925/20289/20682/19092/76566/12387/19411/12167/20678/18984/22418/210719/12006/22402/239337","GO:0061035","GO:0061035","GO:0061035","regulation of cartilage development","regulation of cartilage development","regulation of cartilage development",-0.91676389151882,0.81069474387656,-0.0911426427133342,-1.82586580903415,-0.302421584453836,FALSE,TRUE,FALSE,"69890/19227/67216/12168/73121/210719/69605/20682/12006/58994/17125/14634/14219/18984/17132/216795/17242/21808/12159/16007",-0.49032757287492,0.47102839618143,-0.96135596905635,0.49032757287492,0.47102839618143,0.96135596905635,"all negative"
"mouse KO vs WT vs mouse het vs WT","GO_BP","GO:0032964","collagen biosynthetic process","either",0.05,"shared negative",-0.48866157122956,0.48866157122956,-1.63647168944306,-2.12513326067262,0.29904365459523,0.00071607964973577,"16398/170829/18591/30951/21803/20289/21809/66180/14633/67557/100952/26427/66214/216869/18214/114886/12831/52377/328572/223701/11541/14268/12842/18596/210719/18128/20296","30951/16398/67557/11479/16194/328572/11541/12406/12831/20289/66180/18787/66214/114886/223701/21809/18214/100952/18128/14789/12842/26427/210719/52377/20296/18596","GO:0032964","GO:0032964","GO:0032964","collagen biosynthetic process","collagen biosynthetic process","collagen biosynthetic process",1.08675616610903,0.646905486586135,0.189159165471077,-3.14503866831107,-0.524265408445033,FALSE,TRUE,FALSE,"12842/74155/14789/268977/52377/18822/22352/14268/18214/27279/54683/66180/26432/109905/66214/100952/14633/11541/18596/12406/12831/16193/21803",-0.48866157122956,2.72322785555209,-3.21188942678165,0.48866157122956,2.72322785555209,3.21188942678165,"mixed or incomplete"
"mouse KO vs WT vs mouse het vs WT","GO_BP","GO:0180064","protein O-linked glycosylation via xylose","either",0.05,"shared negative",-0.48252591547755,0.48252591547755,-1.36684202654398,-1.84936794202153,0.513560010597898,0.0261646494004755,"212898/100910/338362/59031/93840/74241/93683/330671/12387/15531/233781/14042/83398/217119/58250/11600/50786","54616/212898/15531/93683/235534/269941/338362/60322/73836/15476/217119/233781/330671/23908/12387/14042/50786/11600/58250/83398","GO:0180064","GO:0180064","GO:0180064","protein O-linked glycosylation via xylose","protein O-linked glycosylation via xylose","protein O-linked glycosylation via xylose",1.39840641521463,0.297286466681933,0.526824860654246,-1.58228508031889,-0.289408800852006,FALSE,TRUE,FALSE,"234356/83398/54616/224143/195646/14043/76898/72136/117592/100910/11600/15476/73836/14042/233781/70484/50786/59031/22235/14425/15531/212898",-0.48252591547755,2.76524844175861,-3.24777435723616,0.48252591547755,2.76524844175861,3.24777435723616,"mixed or incomplete"
"mouse KO vs WT vs mouse het vs WT","GO_BP","GO:0071560","cellular response to transforming growth factor beta stimulus","either",0.05,"shared negative",-0.48058373041907,0.48058373041907,-1.13082577812057,-1.61140950853964,0.595322171759247,0.0105079230397061,"20289/12193/65112/21809/14281/20678/17260/12192/100952/216805/74777/20190/56320/50724/21417/235505/18133/54611/13433/22418/20848/66513/170749/114716/66214/21804/328365/216869/14119/18214/23939/20481/217351/69710/75788/16969/12825/17130/328572/58250/16948/12842/13132/320910/70673/27528/20666/241226/12843/170441/20682/20296","17129/14119/218952/170749/69710/114715/21807/328572/75788/22433/14083/20190/74777/21808/68939/16998/216190/55994/20848/20289/17986/20682/16392/18619/16948/246154/21417/12192/65112/18787/16419/17130/66214/21809/12825/18214/66513/17260/100952/12167/13132/20678/21804/22418/18133/12842/54611/56320/235505/27528/58250/70673/20666/12843/20296/170441/320910/241226","GO:0071560","GO:0071560","GO:0071560","cellular response to transforming growth factor beta stimulus","cellular response to transforming growth factor beta stimulus","cellular response to transforming growth factor beta stimulus",0.986736369198213,0.753878817573085,0.122698459288058,-1.97848311665808,-0.225247942589547,FALSE,TRUE,FALSE,"11475/16859/14119/12842/12843/14118/21804/50527/53618/22793/241226/12825/434215/12827/12167/16419/21814/268977/16998/23988/108155/20340/16948/56213/12394/75788/18214/74777/16971",-0.48058373041907,2.11756214731878,-2.59814587773785,0.48058373041907,2.11756214731878,2.59814587773785,"mixed or incomplete"
"mouse KO vs WT vs mouse het vs WT","GO_BP","GO:0050900","leukocyte migration","either",0.05,"shared negative",-0.47715244625466,0.47715244625466,-1.146794452659,-1.62394689891366,0.599083963593589,0.00834476334948204,"20304/12928/16398/23790/18605/217835/18591/15235/22341/16149/20737/319177/105722/21803/13609/20868/16399/12261/16421/17101/118453/70208/171095/14462/230979/268373/216892/17470/100952/20750/68992/102103/14042/380916/24067/68279/18133/109700/17965/22418/19271/13617/18453/20315/83964/18810/20851/11876/445007/227541/20306/17395/18003/56532/21930/20307/18750/13601/27226/109934/20312/54371/19261/13123/14254/20296","171095/216892/16177/171486/12261/20563/18810/53416/14083/14462/21838/239393/26417/68279/21808/21930/193385/20851/16952/13731/83433/17470/12266/12520/17395/18787/105722/445007/109700/18003/14042/12977/100952/22418/20315/18453/18133/17965/20750/18750/13123/27226/18605/13609/109934/11876/14254/20307/20296/19261/20312/13617/20306/56532/13601/54371","GO:0050900","GO:0050900","GO:0050900","leukocyte migration","leukocyte migration","leukocyte migration",1.2842706203954,0.292415644617531,0.533999395772631,-2.07858597503883,-0.22251230554071,FALSE,TRUE,FALSE,"16859/20563/12266/13731/20750/27226/16423/26903/11815/16177/21838/17387/54371/12490/23892/18438/17250/14158/12333/20312/171095/11651/20443/24088/16403/22388/12977/20085/238871/16952/19242/20254/68585/18578/266632/108737/20315/13601/18003/18795/17698/268373/19035/215999/117149/17874/11820/14082/11876/18081/20306/26417/74006/13123/22339/239393/100952/11350/68992/12540/68667/71785/14345/54324/14083/14042/109700/22121/230979/53416/16416/16189/13479/19252/76088/13609/14462",-0.47715244625466,2.4310650730544,-2.90821751930906,0.47715244625466,2.4310650730544,2.90821751930906,"mixed or incomplete"
"mouse KO vs WT vs mouse het vs WT","GO_BP","GO:0062009","secondary palate development","either",0.05,"shared negative",-0.47544900578445,0.47544900578445,-1.49638607653595,-1.9718350823204,0.46355009380433,0.0168512836584885,"110796/21809/22418/57265/14362/320910/20666/16842","21808/57265/21809/22418/14362/16842/20666/320910","GO:0062009","GO:0062009","GO:0062009","secondary palate development","secondary palate development","secondary palate development",-1.02927098322908,0.705937166794759,-0.151233952388273,-1.77336701084224,-0.333903326703416,FALSE,TRUE,FALSE,"16450/21808/20666/12815",-0.47544900578445,0.46711509330687,-0.94256409909132,0.47544900578445,0.46711509330687,0.94256409909132,"all negative"
"mouse KO vs WT vs mouse het vs WT","GO_BP","GO:0030166","proteoglycan biosynthetic process","either",0.05,"shared negative",-0.46718642417441,0.46718642417441,-1.56582084758579,-2.0330072717602,0.320201589515243,0.00465814721106952,"212898/100910/338362/59031/93840/74241/93683/330671/98388/12387/15531/230815/233781/14042/83398/76025/217119/58250/170441/50786","54616/212898/15531/93683/235534/269941/338362/60322/73836/15476/217119/233781/330671/23908/12387/14042/50786/12167/76025/98388/58250/83398/170441","GO:0030166","GO:0030166","GO:0030166","proteoglycan biosynthetic process","proteoglycan biosynthetic process","proteoglycan biosynthetic process",1.28896610173736,0.419331395348837,0.377442620743761,-2.33178679060921,-0.494576516526696,FALSE,TRUE,FALSE,"234356/12167/83398/54616/195646/14043/215015/76898/72136/117592/76025/100910/15476/73836/14042/233781/70484/14241/50786/59031/22235/14425/15531/212898",-0.46718642417441,2.85478694932315,-3.32197337349756,0.46718642417441,2.85478694932315,3.32197337349756,"mixed or incomplete"
"mouse KO vs WT vs mouse het vs WT","GO_BP","GO:0072132","mesenchyme morphogenesis","either",0.05,"shared negative",-0.46517403046016,0.46517403046016,-1.62343190445247,-2.08860593491263,0.275770436593381,0.00153050571203849,"21812/16392/17300/17127/23967/12387/233651/22418/21386/14182/15227/20613/19876/67888/268902/16842/18128/20682","17300/17869/14182/233651/21808/22160/23967/20682/16392/15227/12387/18128/20613/22418/21386/67888/268902/16842/19876","GO:0072132","GO:0072132","GO:0072132","mesenchyme morphogenesis","mesenchyme morphogenesis","mesenchyme morphogenesis",1.19450901717726,0.533072920887563,0.273213378266261,-2.81516504522237,-0.559452293318029,FALSE,TRUE,FALSE,"11475/19664/24075",-0.46517403046016,2.81794092162973,-3.28311495208989,0.46517403046016,2.81794092162973,3.28311495208989,"mixed or incomplete"
"mouse KO vs WT vs mouse het vs WT","GO_BP","GO:0071375","cellular response to peptide hormone stimulus","either",0.05,"shared negative",-0.46512911224476,0.46512911224476,-1.00966747274304,-1.4747965849878,0.746354444335028,0.0467270209146097,"12988/22318/17913/12702/23921/68328/16476/12703/192157/12877/18753/231070/12928/54721/18605/228775/108083/14118/22433/64898/18708/11655/21803/68303/93686/17118/14629/14245/12387/14281/12349/17755/24051/52892/56438/75747/12192/11421/14784/83431/76854/13924/15499/233016/19062/20848/67389/19271/13617/13631/19084/18984/66335/18214/22084/11898/20850/20393/20660/105787/18576/98496/16600/20787/216233/20851/23834/12833/16598/20913/209039/72508/16362/18750/26365/20296/14799","14784/16362/14245/20416/20787/22433/14083/74551/13924/108083/23834/26417/75747/56438/16600/20913/20851/19055/233016/15499/216190/20848/11512/231070/105787/93686/19084/20850/68303/12988/67389/18708/12192/12387/18576/22228/237542/12702/17118/18214/209039/18984/72508/12833/18750/20660/11421/98496/18605/20393/26365/11898/20296/13617/14799","GO:0071375","GO:0071375","GO:0071375","cellular response to peptide hormone stimulus","cellular response to peptide hormone stimulus","cellular response to peptide hormone stimulus",0.942669096425978,0.809637634363305,0.091709312736935,-1.33043190657655,-0.127054876734367,FALSE,TRUE,FALSE,"74551/74155/14118/12833/14799/16600/18576/16453/13685/20787/14158/13631/14600/11651/14870/11898/22628/20383/68303/107508/20852/108155/74142/79221/216233/26569/20430/67389/18214/29815/15499/18795/50721/228869/229709/26395/12702/15461/19084/14629/11421/19645/16451/93686/20416/210973/16598/18024/17755/26417/22084/66515/230514/17975/18706/15925/20779/20913/17913/227743/75717/231672/50915/18709/14281/11609/20588/56717/67856/16599/14083/14360/98496",-0.46512911224476,1.95233656916902,-2.41746568141378,0.46512911224476,1.95233656916902,2.41746568141378,"mixed or incomplete"
"mouse KO vs WT vs mouse het vs WT","GO_BP","GO:0071675","regulation of mononuclear cell migration","either",0.05,"shared negative",-0.46242924253376,0.46242924253376,-1.33051138021342,-1.79294062274718,0.49023680930619,0.0125126088180968,"20304/12928/15235/20737/105722/21803/20868/12261/118453/70208/230979/216892/17470/100952/102103/380916/18133/17965/22418/19271/18453/20315/83964/20306/18003/56532/13601/27226/109934/20312/20296","216892/171486/12261/20563/53416/14083/26417/193385/83433/17470/12520/18787/105722/18003/12977/100952/22418/20315/18453/18133/17965/27226/109934/20296/20312/20306/56532/13601","GO:0071675","GO:0071675","GO:0071675","regulation of mononuclear cell migration","regulation of mononuclear cell migration","regulation of mononuclear cell migration",1.15050241127828,0.536821469314519,0.270170123579798,-1.90265213257808,-0.309594082968905,FALSE,TRUE,FALSE,"16859/20563/27226/16423/11815/17387/23892/18438/20312/11651/12977/68585/108737/20315/13601/18003/18795/17698/11820/14082/18081/20306/26417/100952/11350/71785/14083/230979/53416/16416/16189/19252/76088",-0.46242924253376,2.4810137914917,-2.94344303402546,0.46242924253376,2.4810137914917,2.94344303402546,"mixed or incomplete"
"mouse KO vs WT vs mouse het vs WT","GO_BP","GO:0034767","positive regulation of monoatomic ion transmembrane transport","either",0.05,"shared negative",-0.45966058567128,0.45966058567128,-1.26455870397289,-1.72421928964417,0.52356968428397,0.0204379984885295,"75909/76854/71111/381812/238161/13617/20614/94045/68073/18439/11838/15165/20312/14168/217154/109676","19056/116873/76854/16534/19057/12028/11977/14381/12389/16518/18301/11735/109552/19058/11840/381812/75909/53416/238161/21838/19055/20266/94045/12293/68073/105722/71111/18439/217154/14467/15165/80982/11838/14168/20312/13617/109676","GO:0034767","GO:0034767","GO:0034767","positive regulation of monoatomic ion transmembrane transport","positive regulation of monoatomic ion transmembrane transport","positive regulation of monoatomic ion transmembrane transport",-1.28251932496812,0.330376187943385,-0.480991262251972,-1.68956163730194,-0.281025507899255,FALSE,TRUE,FALSE,"19091/245537/12389/22063/16573/76055/13614/20866/14062/11596/18607/16511/83814/105722/11977/69847/26941/11931/77574/12724/12159/217154/215748/20617/234779",-0.45966058567128,-0.0179606209952299,-0.44169996467605,0.45966058567128,0.0179606209952299,0.44169996467605,"all negative"
"mouse KO vs WT vs mouse het vs WT","GO_BP","GO:0048265","response to pain","either",0.05,"shared negative",-0.45939550713446,0.45939550713446,-1.35872372892557,-1.81811923606003,0.52356968428397,0.0489151181667381,"106068/12257/12287/12833/14528/14799","14528/106068/12257/12287/12833/14799","GO:0048265","GO:0048265","GO:0048265","response to pain","response to pain","response to pain",1.6337360219063,0.155798077121671,0.807437906744334,-1.31055689298983,-0.281025507899255,FALSE,TRUE,FALSE,"12833/14799/228139/12286/18438/12257/11651/12394",-0.45939550713446,2.99245975083187,-3.45185525796633,0.45939550713446,2.99245975083187,3.45185525796633,"mixed or incomplete"
"mouse KO vs WT vs mouse het vs WT","GO_BP","GO:0003203","endocardial cushion morphogenesis","either",0.05,"shared negative",-0.45557440313121,0.45557440313121,-1.47415807734254,-1.92973248047375,0.46355009380433,0.0187265598679408,"233651/21386/20613/19876/67888/268902/18128/20682","233651/21808/22160/20682/16392/18128/20613/21386/67888/268902/19876","GO:0003203","GO:0003203","GO:0003203","endocardial cushion morphogenesis","endocardial cushion morphogenesis","endocardial cushion morphogenesis",0.458152385232128,0.999201502383615,0.000346921635098655,-1.72754199665526,-0.333903326703416,FALSE,TRUE,FALSE,"19664/23794/21813/22160/12156/67888",-0.45557440313121,1.93231046257467,-2.38788486570588,0.45557440313121,1.93231046257467,2.38788486570588,"mixed or incomplete"
"mouse KO vs WT vs mouse het vs WT","GO_BP","GO:0050919","negative chemotaxis","either",0.05,"shared negative",-0.44914308572863,0.44914308572863,-1.32725949434085,-1.77640258006948,0.530946162801674,0.0445389818547093,"13841/22418/20346/20564/237847/18846/20351/19876/268902/22253","20356/71436/18846/20564/237847/20358/22418/20351/13841/268902/19876/22253","GO:0050919","GO:0050919","GO:0050919","negative chemotaxis","negative chemotaxis","negative chemotaxis",1.59619822185142,0.186103498450888,0.730245462744381,-1.35125971500597,-0.274949513539104,FALSE,TRUE,FALSE,"20563/20564/18846/399558/20356/20346/20361",-0.44914308572863,2.92345771619227,-3.3726008019209,0.44914308572863,2.92345771619227,3.3726008019209,"mixed or incomplete"
"mouse KO vs WT vs mouse het vs WT","GO_BP","GO:0015012","heparan sulfate proteoglycan biosynthetic process","either",0.05,"shared negative",-0.44798440652851,0.44798440652851,-1.42068103723867,-1.86866544376718,0.506264931012627,0.0273305846790913,"93840/93683/12387/15531/233781/14042/83398/217119/50786","93840/54616/212898/15531/93683/235534/15476/217119/233781/23908/12387/14042/50786/83398","GO:0015012","GO:0015012","GO:0015012","heparan sulfate proteoglycan biosynthetic process","heparan sulfate proteoglycan biosynthetic process","heparan sulfate proteoglycan biosynthetic process",1.21018062677935,0.535224385161421,0.271464108058263,-1.56335107741137,-0.295622155163407,FALSE,TRUE,FALSE,"83398/54616/195646/14043/117592/15476/14042/233781/70484/50786/22235/15531/212898",-0.44798440652851,2.63086166401802,-3.07884607054653,0.44798440652851,2.63086166401802,3.07884607054653,"mixed or incomplete"
"mouse KO vs WT vs mouse het vs WT","GO_BP","GO:0002691","regulation of cellular extravasation","either",0.05,"shared negative",-0.44254662007848,0.44254662007848,-1.39035121559512,-1.8328978356736,0.506264931012627,0.0247366778397616,"20315/83964/56532/109934/54371/20296","20443/83964/70208/11501/16177/171486/21838/193385/20315/109934/20296/56532/54371","GO:0002691","GO:0002691","GO:0002691","regulation of cellular extravasation","regulation of cellular extravasation","regulation of cellular extravasation",1.1746451051109,0.574542019779327,0.24067820319685,-1.606658626968,-0.295622155163407,FALSE,TRUE,FALSE,"16423/16177/21838/54371/12333/20443/20315/18795/14082",-0.44254662007848,2.56499632070602,-3.0075429407845,0.44254662007848,2.56499632070602,3.0075429407845,"mixed or incomplete"
"mouse KO vs WT vs mouse het vs WT","GO_BP","GO:0046847","filopodium assembly","either",0.05,"shared negative",-0.44206855991378,0.44206855991378,-1.32310482409104,-1.76517338400482,0.513020252372263,0.0286625961030075,"18708/76441/192897/21809/18483/56320/20401/69710/217124/18195/14432/224014/22379/108100/17909","192897/69710/20401/14163/214459/193385/216363/217124/18708/18195/14432/21809/18483/56320/22379/108100/224014/17909","GO:0046847","GO:0046847","GO:0046847","filopodium assembly","filopodium assembly","filopodium assembly",0.923359043945983,0.806857892939183,0.0932029482356694,-1.54268447611073,-0.289865490015068,FALSE,TRUE,FALSE,"14432/11603/18186/22240/16403/14739/22323",-0.44206855991378,2.24646386803702,-2.6885324279508,0.44206855991378,2.24646386803702,2.6885324279508,"mixed or incomplete"
"mouse KO vs WT vs mouse het vs WT","GO_BP","GO:0048814","regulation of dendrite morphogenesis","either",0.05,"shared negative",-0.44169312075936,0.44169312075936,-1.43635247660128,-1.87804559736064,0.406239643256026,0.00560168752949799,"12704/56320/18472/224617/13838/329152/22418/70237/13631/15529/20393/239217/19876/13385/13169/15901/108100","29819/76108/73181/12323/66713/54633/98733/18472/13631/74498/17295/68151/213084/70237/12361/19055/17999/239217/329152/15529/17118/13169/15901/13385/22418/665113/56320/108100/20393/19876","GO:0048814","GO:0048814","GO:0048814","regulation of dendrite morphogenesis","regulation of dendrite morphogenesis","regulation of dendrite morphogenesis",0.987078618211618,0.75117230454218,0.124260432731078,-2.25168112043205,-0.391217697850836,FALSE,TRUE,FALSE,"12361/15901/217692/13169/17999/13631/73181/15529/98733/56876/76454/18472/72162/74006/66515/245886/29819/70237/74117/231672/54633/64009/67414/76108",-0.44169312075936,2.4234310948129,-2.86512421557226,0.44169312075936,2.4234310948129,2.86512421557226,"mixed or incomplete"
"mouse KO vs WT vs mouse het vs WT","GO_BP","GO:0007179","transforming growth factor beta receptor signaling pathway","either",0.05,"shared negative",-0.42797713136175,0.42797713136175,-1.20314962697297,-1.63112675833472,0.560063161566921,0.0213507736396071,"100952/216805/74777/20190/50724/21417/235505/18133/20848/66513/170749/114716/66214/21804/328365/216869/14119/20481/217351/69710/75788/16969/12825/17130/328572/58250/16948/13132/320910/70673/27528/20666/241226/12843/170441/20296","17129/14119/218952/170749/69710/114715/21807/328572/75788/22433/14083/20190/74777/21808/68939/16998/216190/55994/20848/17986/16948/246154/21417/65112/16419/17130/66214/21809/12825/66513/100952/12167/13132/21804/18133/235505/27528/58250/70673/20666/12843/20296/170441/320910/241226","GO:0007179","GO:0007179","GO:0007179","transforming growth factor beta receptor signaling pathway","transforming growth factor beta receptor signaling pathway","transforming growth factor beta receptor signaling pathway",0.943782717922984,0.800548964522688,0.0966120998825008,-1.67058638380874,-0.251762992327436,FALSE,TRUE,FALSE,"16859/14119/12843/14118/21804/50527/53618/22793/241226/12825/434215/12167/16419/21814/268977/16998/23988/108155/20340/16948/56213/75788",-0.42797713136175,2.14693234489595,-2.5749094762577,0.42797713136175,2.14693234489595,2.5749094762577,"mixed or incomplete"
"mouse KO vs WT vs mouse het vs WT","GO_BP","GO:0052547","regulation of peptidase activity","either",0.05,"shared negative",-0.41265707284825,0.41265707284825,-1.56623660641038,-1.97889367925863,0.426117932279213,0.0103932951283683,"21857/21858/20725/52377/59083/20720/13601","18787/21858/20720/20725/21857/59083/52377/13601","GO:0052547","GO:0052547","GO:0052547","regulation of peptidase activity","regulation of peptidase activity","regulation of peptidase activity",1.21999430469211,0.535524007862993,0.271221054713164,-1.9832467402975,-0.370470189042824,FALSE,TRUE,FALSE,"20720/21857/12380/52377/59083/13601/14433/21858/69538/69982/69216",-0.41265707284825,2.78623091110249,-3.19888798395074,0.41265707284825,2.78623091110249,3.19888798395074,"mixed or incomplete"
"mouse KO vs WT vs mouse het vs WT","GO_BP","GO:0032965","regulation of collagen biosynthetic process","either",0.05,"shared negative",-0.4093414395345,0.4093414395345,-1.59006018436388,-1.99940162389838,0.320201589515243,0.00538671935467325,"16398/18591/30951/21803/20289/21809/14633/67557/100952/26427/66214/216869/18214/114886/328572/223701/11541/14268/18596/210719/18128/20296","30951/16398/67557/11479/16194/328572/11541/20289/18787/66214/114886/223701/21809/18214/100952/18128/26427/210719/20296/18596","GO:0032965","GO:0032965","GO:0032965","regulation of collagen biosynthetic process","regulation of collagen biosynthetic process","regulation of collagen biosynthetic process",-0.767877579883091,0.937272160625578,-0.0281342824362846,-2.26867565038531,-0.494576516526696,FALSE,TRUE,FALSE,"210719/328572/19015/20296/18591/216869/14219/14062/11596/18787/11479/12159/18816",-0.4093414395345,0.822182604480789,-1.23152404401529,0.4093414395345,0.822182604480789,1.23152404401529,"all negative"
"mouse KO vs WT vs mouse het vs WT","GO_BP","GO:0070509","calcium ion import","either",0.05,"shared negative",-0.40915415799014,0.40915415799014,-1.53129841460776,-1.9404525725979,0.323643738869324,0.0112104199366639,"13198/76137/22368/16392/18764/18591/19058/12291/12387/15205/246788/11421/74777/20315/94045/12287/239556/18596/20296","19056/18591/12568/18764/16534/19057/15205/12389/19058/74777/76137/12361/19055/94045/16392/12387/18787/12287/20315/239556/11421/20296/18596","GO:0070509","GO:0070509","GO:0070509","calcium ion import","calcium ion import","calcium ion import",1.26958110401146,0.465876253612103,0.331729425606848,-1.95037811864856,-0.489932790317007,FALSE,TRUE,FALSE,"12361/26903/12286/18764/19056/12568/20855/19057/20315/74777/12288/11421/72691",-0.40915415799014,2.80087951861922,-3.21003367660936,0.40915415799014,2.80087951861922,3.21003367660936,"mixed or incomplete"
"mouse KO vs WT vs mouse het vs WT","GO_BP","GO:0031214","biomineral tissue development","either",0.05,"shared negative",-0.40220273937885,0.40220273937885,-1.40502518671807,-1.80722792609692,0.414660255667936,0.00446804171030383,"76566/68667/17127/211401/18605/22337/23967/105722/21803/13609/11911/76737/110789/14183/12608/17260/235439/22410/237928/102657/20750/17313/20181/18032/231633/14119/18214/20535/208659/17966/14182/12833/16948/57810/18439/11732/12842/21847/12006/215798/13601/12843/18128/80752/20682","77583/237928/22160/23967/16998/106522/14758/102657/20682/20535/16948/76566/105722/18214/231633/17260/18439/76737/18128/12167/21847/20750/12842/12833/11732/18605/12006/13609/80752/215798/12843/13601/17313","GO:0031214","GO:0031214","GO:0031214","biomineral tissue development","biomineral tissue development","biomineral tissue development",1.31728586874481,0.328353962156779,0.483657738832932,-2.34988278128825,-0.382307588873453,FALSE,TRUE,FALSE,"14119/12842/100038882/12843/22337/20750/11732/243853/12833/14609/23892/94249/208659/17313/12167/19225/16998/57810/16948/19242/20516/13601/18214/20182/80752",-0.40220273937885,2.72231105546288,-3.12451379484173,0.40220273937885,2.72231105546288,3.12451379484173,"mixed or incomplete"
"mouse KO vs WT vs mouse het vs WT","GO_BP","GO:0002685","regulation of leukocyte migration","either",0.05,"shared negative",-0.39890933224413,0.39890933224413,-1.21612041799318,-1.61502975023731,0.54544021991298,0.0246754695897374,"20304/12928/16398/217835/15235/22341/16149/20737/105722/21803/20868/16399/12261/118453/70208/230979/216892/17470/100952/68992/102103/380916/18133/17965/22418/19271/13617/18453/20315/83964/227541/20306/17395/18003/56532/21930/13601/27226/109934/20312/54371/20296","216892/16177/171486/12261/20563/53416/14083/21838/26417/21930/193385/16952/83433/17470/12520/17395/18787/105722/18003/12977/100952/22418/20315/18453/18133/17965/27226/109934/20296/20312/13617/20306/56532/13601/54371","GO:0002685","GO:0002685","GO:0002685","regulation of leukocyte migration","regulation of leukocyte migration","regulation of leukocyte migration",1.26641817777371,0.366592789598109,0.435816081295649,-1.60773457368199,-0.263252841014395,FALSE,TRUE,FALSE,"16859/20563/27226/16423/26903/11815/16177/21838/17387/54371/23892/18438/12333/20312/11651/20443/24088/12977/16952/19242/68585/108737/20315/13601/18003/18795/17698/215999/117149/17874/11820/14082/18081/20306/26417/74006/22339",-0.39890933224413,2.48253859576689,-2.88144792801102,0.39890933224413,2.48253859576689,2.88144792801102,"mixed or incomplete"
"mouse KO vs WT vs mouse het vs WT","GO_BP","GO:0061448","connective tissue development","either",0.05,"shared negative",-0.39659800689247,0.39659800689247,-1.60514634826705,-2.00174435515952,0.0451519277102368,8.37173821270715e-06,"22433/71939/23967/77006/12399/21803/20289/19092/12387/15530/20678/14633/114679/14462/17260/13521/70235/666173/22410/12411/229534/22422/22187/21827/14042/17313/21417/18133/59056/22418/15434/72043/21857/18984/237859/71566/12111/13653/20660/105787/83925/14534/16969/12825/12831/12814/328572/15904/15982/14182/12833/268396/58250/216820/21833/16948/22402/20613/19411/12842/19401/230793/94352/320910/12006/18750/215798/13601/18596/239337/20204/210719/18128/20682/216616","17129/666173/13653/237859/15586/71939/14182/16194/269941/328572/14705/94352/12814/22433/22410/59056/12399/14462/26417/21827/21808/67041/14534/23967/12406/16998/55994/12831/106522/105787/240725/83925/20289/229534/20682/19092/16948/76566/21417/216820/12387/20204/268396/12825/15982/14042/71566/17260/19411/12977/18128/12167/20678/20613/18984/22418/18133/21833/12842/12833/21857/18750/210719/21810/20660/12111/18605/12006/58250/22402/72043/215798/15904/18596/320910/239337/13601/17313","GO:0061448","GO:0061448","GO:0061448","connective tissue development","connective tissue development","connective tissue development",1.244045882526,0.33772777293817,0.471433223824649,-5.07718436066712,-1.34532370324534,FALSE,TRUE,TRUE,"11475/12842/74155/19092/12111/243853/67800/214855/12833/11603/229534/18933/21857/12490/23892/59056/12825/234356/17313/12167/18740/15364/16998/21827/13038/71566/20204/12977/20340/15902/16948/20855/12394/77006/13601/21810/268396/110446/239337/15461/215798/59035/19645/67378/18763/114679/110006/13549/21898/14534/17386/94352/18295/666173/26417",-0.39659800689247,2.84919223079305,-3.24579023768552,0.39659800689247,2.84919223079305,3.24579023768552,"mixed or incomplete"
"mouse KO vs WT vs mouse het vs WT","GO_BP","GO:0048813","dendrite morphogenesis","either",0.05,"shared negative",-0.39356616293021,0.39356616293021,-1.3017713274163,-1.69533749034651,0.48476628533239,0.0149325573359564,"12704/56320/18472/224617/13838/329152/22418/70237/12569/13631/330914/218194/15529/20393/50932/228357/20346/239217/13845/13175/77097/19876/13385/13169/15901/11838/75409/210293/108100","77097/29819/52463/76108/73181/12323/12568/66713/94245/54633/58234/11977/98733/18472/18174/13631/74498/18186/17295/68151/213084/12569/70237/218194/330914/12361/59036/53972/19055/17999/93686/56376/13845/66725/239217/329152/15529/17118/13169/15901/13385/22418/210293/665113/56320/11838/109294/108100/20393/19876/75409","GO:0048813","GO:0048813","GO:0048813","dendrite morphogenesis","dendrite morphogenesis","dendrite morphogenesis",1.09413909867074,0.601091912261184,0.221059115458382,-1.82586580903415,-0.314467592231326,FALSE,TRUE,FALSE,"66725/12361/15901/20346/18186/19158/217692/71974/13169/12286/17999/228662/22359/12568/15452/13631/73181/15529/98733/56876/19242/76454/21983",-0.39356616293021,2.39591042608704,-2.78947658901725,0.39356616293021,2.39591042608704,2.78947658901725,"mixed or incomplete"
"mouse KO vs WT vs mouse het vs WT","GO_BP","GO:0051928","positive regulation of calcium ion transport","either",0.05,"shared negative",-0.39130980916128,0.39130980916128,-1.43359915115946,-1.82490896032074,0.46355009380433,0.0152502248946923,"12028/16438/22393/22368/80982/16392/20304/18591/19058/246788/76854/71111/381812/238161/12257/13617/20315/216869/94045/18439/18596/20312/20296/109676","19056/116873/76854/18591/19057/12028/14381/12389/67972/109552/19058/381812/238161/21838/12361/19055/94045/12257/16392/18787/71111/18439/20315/80982/20296/18596/20312/13617/109676","GO:0051928","GO:0051928","GO:0051928","positive regulation of calcium ion transport","positive regulation of calcium ion transport","positive regulation of calcium ion transport",1.44130776940066,0.241793787839277,0.616554861216271,-1.8167237517399,-0.333903326703416,FALSE,TRUE,FALSE,"12361/14873/14381/21838/109552/16453/19056/18438/12257/22393/20312/80982/20855/107589/19057/20315/12288/65973/109676",-0.39130980916128,2.87490692056012,-3.2662167297214,0.39130980916128,2.87490692056012,3.2662167297214,"mixed or incomplete"
"mouse KO vs WT vs mouse het vs WT","GO_BP","GO:0010712","regulation of collagen metabolic process","either",0.05,"shared negative",-0.38937454385147,0.38937454385147,-1.52159136036667,-1.91096590421814,0.373143912274714,0.0149325573359564,"16398/18591/30951/21803/20289/21809/14633/67557/100952/26427/66214/216869/18214/114886/328572/223701/11541/14268/18596/210719/18128/20296","30951/16398/67557/11479/16194/328572/11541/20289/18787/66214/114886/223701/21809/18214/100952/18128/26427/210719/20296/18596","GO:0010712","GO:0010712","GO:0010712","regulation of collagen metabolic process","regulation of collagen metabolic process","regulation of collagen metabolic process",-0.768057034078985,0.938536295013663,-0.0275489277103355,-1.82586580903415,-0.428123639363339,FALSE,TRUE,FALSE,"210719/328572/19015/20296/18591/216869/14184/14219/14062/11596/18787/11479/12159/18816",-0.38937454385147,0.753534326287685,-1.14290887013915,0.38937454385147,0.753534326287685,1.14290887013915,"all negative"
"mouse KO vs WT vs mouse het vs WT","GO_BP","GO:0051607","defense response to virus","either",0.05,"shared positive",0.38878886836661,0.38878886836661,1.05154782363782,1.44033669200443,0.685436576777651,0.0495696314160349,"13052/14063/15958/338467/74568/73945/207521/18983/252870/12675/93679/57444/19697/16193/226691/93762/58801/14190/80859/12043/74841/56213/66799/28185/80795/70796/19043/15975/224703/66700/26939/66369/434341/224647/209200/68493/19823/72935/15587/72162/54651/112419/103213/22670/319236/15519/54131/170742/80985/23947/244548/12421/67775/27406/23961/77040/230738/107652/17874/94094/26965/16168/14082/67065","13052/14063/14190/54445/58801/80985/15958/73945/74568/71586/231655/22670/16168/12043/224703/19106/246728/244548/15945/19697/12675/319236/338467/114643/23961/93762/93679/67526/22034/12177/70796/20821/18983/80859/78781/226691/66799/76952/70408/19043/15957/94088/234311/56045/252870/74841/246727/17858/77125/58185/170743/230738/224647/209200/27056/98999/56213/17472/26943/213211/16396/246730/15959/67775/67065/23962/667370/14349/94094","GO:0051607","GO:0051607","GO:0051607","defense response to virus","defense response to virus","defense response to virus",2.09753743642093,7.41857142857143e-08,7.1296797174192,1.30478431035806,0.164032724141845,TRUE,TRUE,FALSE,"23962/54123/24110/66141/15944/15959/246730/54396/100038882/67775/20128/230073/15957/58203/80285/69550/209387/229900/246728/71586/16145/26943/74747/14469/209200/667370/23960/246727/66854/20846/26939/12048/80861/20847/142980/234311/80287/80876/27998/12176/226691/319236/104721/17454/213002/70428/19106/78781/17858/217069/23961/56213/75788/52513/56491/74568/14468/94094/100689/58185/66700/78308/68713/28185/231655/17874/72162/67005/14082/66799/67040",0.38878886836661,1.04598961278311,-0.6572007444165,0.38878886836661,1.04598961278311,0.6572007444165,"all positive"
"mouse KO vs WT vs mouse het vs WT","GO_BP","GO:0051961","negative regulation of nervous system development","either",0.05,"shared negative",-0.38386174643844,0.38386174643844,-1.79212952706694,-2.17599127350538,0.0451519277102368,8.37173821270715e-06,"29869/20563/13643/235106/18109/230674/21648/213084/74498/20356/21803/76441/50849/56741/12387/15205/20983/217166/22422/12704/216858/94091/13841/74762/235472/12257/22418/20481/22084/20660/228357/20346/18846/15904/15982/235402/107503/19876/239667/17756/18015/15901/20666/14168/18128/103743","15205/68585/20187/50849/74498/18186/18015/14102/11820/213084/320840/20563/14083/21838/29869/19055/216190/20356/74762/83433/20983/217166/12257/56741/18846/12387/216858/15901/15982/107503/235106/18128/22418/239667/17756/235402/13841/20660/14168/19876/20666/15904/103743","GO:0051961","GO:0051961","GO:0051961","negative regulation of nervous system development","negative regulation of nervous system development","negative regulation of nervous system development",1.22562782046137,0.458848201503221,0.338330966212572,-5.07718436066712,-1.34532370324534,FALSE,TRUE,TRUE,"20563/235106/227292/18846/15901/20356/21838/20346/18186/29869/12568/15364/12257/73181/24088/15902/19242/68585/76893/16800/269951/11820/230674/20481/56741/19164/22084",-0.38386174643844,3.01775734752831,-3.40161909396675,0.38386174643844,3.01775734752831,3.40161909396675,"mixed or incomplete"
"mouse KO vs WT vs mouse het vs WT","GO_BP","GO:0022409","positive regulation of cell-cell adhesion","either",0.05,"shared negative",-0.38225485729234,0.38225485729234,-1.34154942425852,-1.72380428155086,0.381519273867096,0.00574494214780063,"22433/16149/20737/14252/12399/21803/107527/12387/15284/15205/14462/11492/230979/12479/100952/102657/14784/192656/83796/16161/13838/22418/15117/328365/77044/83797/78317/20850/57376/50723/105787/20851/16852/328572/19401/320404/269152/67916/16362/110351/13655/16842/20312/26365/54371/19261/17909/20296/246707","20586/19401/16149/20443/15205/16179/268564/12389/20674/27205/11501/20587/238871/83796/56468/11735/66993/83797/77044/16194/76365/14784/110351/16362/328572/22433/16161/14083/50723/11492/12399/14462/21838/16195/20851/19055/320404/16952/54167/105787/192656/57376/102657/20850/12520/12387/13641/15284/100952/16852/22418/78317/242122/246707/13655/269152/16842/26365/15117/17909/20296/19261/20312/67916/54371","GO:0022409","GO:0022409","GO:0022409","positive regulation of cell-cell adhesion","positive regulation of cell-cell adhesion","positive regulation of cell-cell adhesion",1.22686023496204,0.377788970032737,0.422750725937334,-2.24071434034688,-0.418483517151599,FALSE,TRUE,FALSE,"16859/15944/20587/16423/72057/21838/66923/54371/11492/16453/27050/12333/56048/67916/20312/13848/22628/20443/16403/11987/18793/107527/238871/16952/12394/13655/68094/11461/16179/14082/16451/13846/14726/81601/11735/14538/15510/20667/16852/223601/20586/14252/100952/67155/20677/60533/21813/11350/16818/12400/20588/56468/14345/211922/14083/12479/230979/330817/16189/224023/22433/26365/76088/14462/83797/12703/20304/16452/54721/108797/83945/16193/21803",-0.38225485729234,2.56840965922056,-2.9506645165129,0.38225485729234,2.56840965922056,2.9506645165129,"mixed or incomplete"
"mouse KO vs WT vs mouse het vs WT","GO_BP","GO:1903670","regulation of sprouting angiogenesis","either",0.05,"shared negative",-0.38064583301049,0.38064583301049,-1.67721025475722,-2.05785608776771,0.245306516085477,0.00362265819037246,"240185/72106/242705/14645/21817/26427/16600/16598/13855/30944/215798/26365/80837/14254","14173/240185/16402/14645/72106/16600/13855/21817/30944/20358/26427/14254/80837/26365/215798","GO:1903670","GO:1903670","GO:1903670","regulation of sprouting angiogenesis","regulation of sprouting angiogenesis","regulation of sprouting angiogenesis",-0.843946836586964,0.874708965549361,-0.0581364220413808,-2.44097264113468,-0.61029091546104,FALSE,TRUE,FALSE,"242705/18607/30944/20358/243362/74769/14254",-0.38064583301049,0.833263418170256,-1.21390925118075,0.38064583301049,0.833263418170256,1.21390925118075,"all negative"
"mouse KO vs WT vs mouse het vs WT","GO_BP","GO:0042182","ketone catabolic process","either",0.05,"shared positive",0.37832476474593,0.37832476474593,1.5428526281999,1.92117739294583,0.49023680930619,0.0477176711274975,"105349/12408/14651","105349/109857/14651","GO:0042182","GO:0042182","GO:0042182","ketone catabolic process","ketone catabolic process","ketone catabolic process",-0.921806702706255,0.781695474538724,-0.106962402292018,1.32132076033191,0.309594082968905,FALSE,TRUE,FALSE,"237320/67041/56695",0.37832476474593,-2.46465933090616,2.84298409565208,0.37832476474593,2.46465933090616,2.84298409565208,"KD opposite"
"mouse KO vs WT vs mouse het vs WT","GO_BP","GO:0050768","negative regulation of neurogenesis","either",0.05,"shared negative",-0.37495839223044,0.37495839223044,-1.81526065307045,-2.19021904530089,0.0451519277102368,2.01996679648235e-05,"29869/20563/13643/235106/18109/230674/21648/213084/74498/20356/21803/76441/50849/56741/12387/15205/20983/217166/22422/12704/216858/94091/13841/235472/12257/22418/20481/22084/20660/228357/20346/18846/15904/15982/235402/107503/239667/17756/18015/15901/20666/14168/18128/103743","15205/68585/20187/50849/74498/18186/18015/14102/213084/320840/20563/14083/21838/29869/19055/216190/20356/83433/20983/217166/12257/56741/18846/12387/216858/15901/15982/107503/235106/18128/22418/239667/17756/235402/13841/20660/14168/20666/15904/103743","GO:0050768","GO:0050768","GO:0050768","negative regulation of neurogenesis","negative regulation of neurogenesis","negative regulation of neurogenesis",1.23053306728203,0.44984002627979,0.346941904127038,-4.69465576927764,-1.34532370324534,FALSE,TRUE,TRUE,"20563/235106/227292/18846/15901/20356/21838/20346/18186/29869/12568/15364/12257/73181/15902/19242/68585/76893",-0.37495839223044,3.04579372035248,-3.42075211258292,0.37495839223044,3.04579372035248,3.42075211258292,"mixed or incomplete"
"mouse KO vs WT vs mouse het vs WT","GO_BP","GO:0060997","dendritic spine morphogenesis","either",0.05,"shared negative",-0.3692964692559,0.3692964692559,-1.452945541148,-1.8222420104039,0.486370023419204,0.0153448652275932,"17118/56376/94245/56320/18472/13838/70237/12569/13631/330914/13845/77097/13385/13169/11838/210293/108100","77097/29819/12323/12568/66713/94245/58234/18472/13631/12569/70237/330914/12361/53972/56376/13845/66725/17118/13169/13385/210293/56320/11838/108100","GO:0060997","GO:0060997","GO:0060997","dendritic spine morphogenesis","dendritic spine morphogenesis","dendritic spine morphogenesis",0.964979294887105,0.761715267657516,0.11820733941389,-1.81403692158013,-0.313033199904748,FALSE,TRUE,FALSE,"66725/12361/217692/71974/13169/12568/13631/64451/18472/72162/74006/56376/29819/70237/74117/12540",-0.3692964692559,2.4179248360351,-2.787221305291,0.3692964692559,2.4179248360351,2.787221305291,"mixed or incomplete"
"mouse KO vs WT vs mouse het vs WT","GO_BP","GO:0042471","ear morphogenesis","either",0.05,"shared negative",-0.36625317581466,0.36625317581466,-1.60247336632823,-1.96872654214289,0.195166295540244,0.00332841827920753,"110796/71175/14633/14183/14462/21417/216560/22418/21386/13617/67671/57265/20692/14461/216274/12814/14182/14451/68588/105782/241226/110253/109934/20204/13543/20682","14051/17869/13543/67671/14182/76365/12814/14462/26417/193385/23967/231070/20682/21417/20692/105782/15228/57265/20204/239250/22418/110253/21386/14461/18605/109934/68588/14451/13617/241226","GO:0042471","GO:0042471","GO:0042471","ear morphogenesis","ear morphogenesis","ear morphogenesis",-1.1288527342874,0.574523696474916,-0.24069205394513,-2.47776210157093,-0.709595181160866,FALSE,TRUE,FALSE,"72999/26413/20682/93840/320790/224796/216274/100503041/21385/73750/231070/26564/20471/21417/13614/110279/320398/18423/58235/14048/18124/26941/97031/17920/14461/20474/17910",-0.36625317581466,0.47362063204083,-0.83987380785549,0.36625317581466,0.47362063204083,0.83987380785549,"all negative"
"mouse KO vs WT vs mouse het vs WT","GO_BP","GO:0050773","regulation of dendrite development","either",0.05,"shared negative",-0.36598210396052,0.36598210396052,-1.29853619629185,-1.66451830025237,0.513020252372263,0.0210849475508756,"12704/56320/18472/224617/13838/329152/22418/70237/13631/15529/20393/382056/239217/227541/19876/13385/13169/15901/108100","606496/54673/170728/382056/100732/22359/16975/56637/20869/216344/11845/76574/14366/224617/12928/107995/29819/76108/73181/12323/66713/54633/63872/98733/18472/13631/74498/59035/17295/68151/213084/70237/12361/19055/17999/239217/329152/15529/17118/13169/15901/13385/22418/665113/56320/108100/20393/19876","GO:0050773","GO:0050773","GO:0050773","regulation of dendrite development","regulation of dendrite development","regulation of dendrite development",1.04361057800201,0.672899289465555,0.172049930281634,-1.67602747496183,-0.289865490015068,FALSE,TRUE,FALSE,"12361/15901/19158/217692/13169/17999/22359/13631/73181/15529/98733/56876/19242/76454/20430/59035/18472/72162/11845/74006/66515/245886/29819/70237/11350/74117/231672",-0.36598210396052,2.34214677429386,-2.70812887825438,0.36598210396052,2.34214677429386,2.70812887825438,"mixed or incomplete"
"mouse KO vs WT vs mouse het vs WT","GO_BP","GO:0141091","transforming growth factor beta receptor superfamily signaling pathway","either",0.05,"shared negative",-0.36539170450004,0.36539170450004,-1.23983288339566,-1.6052245878957,0.495766757909479,0.0103907417783647,"100952/216805/74777/18129/20190/14042/50724/21417/223642/235505/18133/17965/22418/20848/66513/170749/114716/66214/21804/231633/328365/216869/14119/20481/217351/13653/20660/14362/69710/75788/16969/12825/17130/217342/328572/58250/16948/13132/67888/320910/240025/70673/15901/27528/14463/21930/20666/241226/16842/12843/69640/18128/170441/20296","17129/14119/218952/170749/13653/268935/69710/11479/114715/21807/328572/75788/22433/14083/20190/74777/26417/18129/21808/68939/21930/16998/216190/55994/20848/240025/83453/240725/20289/17986/16948/246154/21417/65112/16419/17130/66214/21809/15901/12825/231633/14042/66513/69640/100952/18128/12167/13132/21804/22418/18133/17965/14314/20660/67888/235505/14362/27528/58250/70673/16842/20666/12843/20296/170441/320910/241226","GO:0141091","GO:0141091","GO:0141091","transforming growth factor beta receptor superfamily signaling pathway","transforming growth factor beta receptor superfamily signaling pathway","transforming growth factor beta receptor superfamily signaling pathway",0.916491641854121,0.852993123119923,0.0690544701256881,-1.98335344775067,-0.304722596851131,FALSE,TRUE,FALSE,"16859/14119/12843/14362/14118/21804/50527/53618/15901/22793/14314/19664/23892/241226/12825/434215/12167/16419/21814/21815/268977/16998/15216/23988/108155/20340/16948/56213/75788/74777/16971/269878/59007/108075/83453/114715/94187/14232/231633/18569/50523/20481/13207/26417/114249/268935/70673/224640/14538/65960/69260/66214/20779/100952/21813/66695/11350",-0.36539170450004,2.15632452524978,-2.52171622974982,0.36539170450004,2.15632452524978,2.52171622974982,"mixed or incomplete"
"mouse KO vs WT vs mouse het vs WT","GO_BP","GO:0060485","mesenchyme development","either",0.05,"shared negative",-0.36296005581037,0.36296005581037,-1.23142768685151,-1.59438774266188,0.499192615948978,0.0153448652275932,"21812/93840/20358/13207/16392/76566/22772/17300/17127/18764/114715/23790/17285/171463/11490/19058/20474/23967/20356/629378/21803/20289/12387/21809/15205/14183/14462/56438/21453/17260/12192/15384/22422/19052/18018/14042/13838/233651/242509/22418/15117/21386/20181/114716/13617/66214/21804/22084/20346/16950/20351/14182/14268/17967/15227/100182/20613/19876/12842/13132/67888/94352/268902/21859/14463/12006/192173/105782/16842/18128/20682","67898/14268/93840/20181/22772/15205/68585/106042/11501/216285/17300/18186/19052/17285/17869/19058/11490/218952/21677/14182/114715/233651/15384/629378/94352/14083/100182/14462/26417/56438/21808/22160/23967/20356/13731/17999/20289/20682/16392/76566/246154/12192/15227/12387/13641/105782/66214/21809/14042/17260/18128/13132/20358/20613/21804/22418/16950/21386/12842/20351/67888/12006/192173/268902/16842/19876/17967/15117/21859/13617","GO:0060485","GO:0060485","GO:0060485","mesenchyme development","mesenchyme development","mesenchyme development",1.23793315465161,0.362128173550587,0.441137685783436,-1.81403692158013,-0.301731847356744,FALSE,TRUE,FALSE,"11475/12842/13731/21804/20356/21859/14609/20346/18186/19664/24075/20361/20846/23892/20017/21677/18764/17999/71228/192173/16950/15364/21814/22601/192176/224143/14268/319757/18793/68585/384009/242509/114715/100182/18569/67040/94352/14726/13207/23794/26417/22084/22339/66515/14538/66214/20677/21813/629378/223332/15227/75717/18570/12540/11490/56717/15251/24064/21453/14083/14042",-0.36296005581037,2.46936084150312,-2.83232089731349,0.36296005581037,2.46936084150312,2.83232089731349,"mixed or incomplete"
"mouse KO vs WT vs mouse het vs WT","GO_BP","GO:0010714","positive regulation of collagen metabolic process","either",0.05,"shared negative",-0.36090078145832,0.36090078145832,-1.53991456442515,-1.90081534588347,0.404378137423532,0.0272104916861665,"16398/18591/30951/21803/20289/21809/14633/67557/26427/66214/216869/18214/328572/223701/18596/210719/20296","30951/16398/67557/11479/328572/20289/18787/66214/223701/21809/18214/26427/210719/20296/18596","GO:0010714","GO:0010714","GO:0010714","positive regulation of collagen metabolic process","positive regulation of collagen metabolic process","positive regulation of collagen metabolic process",-1.02631115827379,0.713775631044966,-0.146438283339396,-1.56526361056645,-0.393212332440537,FALSE,TRUE,FALSE,"21809/226551/223701/210719/328572/20296/18591/216869/14219/14062/18787/11479/12159/18816",-0.36090078145832,0.51360340615136,-0.87450418760968,0.36090078145832,0.51360340615136,0.87450418760968,"all negative"
"mouse KO vs WT vs mouse het vs WT","GO_BP","GO:0061001","regulation of dendritic spine morphogenesis","either",0.05,"shared negative",-0.36077688249391,0.36077688249391,-1.34302958967631,-1.70380647217022,0.506739913760596,0.0495696314160349,"17118/56376/94245/56320/18472/13838/70237/12569/13631/330914/77097/13169/11838/108100","77097/29819/12323/12568/66713/94245/58234/18472/13631/12569/70237/330914/12361/53972/56376/66725/17118/13169/56320/11838/108100","GO:0061001","GO:0061001","GO:0061001","regulation of dendritic spine morphogenesis","regulation of dendritic spine morphogenesis","regulation of dendritic spine morphogenesis",0.944239934033764,0.792113055181696,0.101212828842926,-1.30478431035806,-0.295214886821851,FALSE,TRUE,FALSE,"66725/12361/217692/13169/12568/13631/18472/72162/74006/56376/29819/70237/74117",-0.36077688249391,2.28726952371007,-2.64804640620398,0.36077688249391,2.28726952371007,2.64804640620398,"mixed or incomplete"
"mouse KO vs WT vs mouse het vs WT","GO_BP","GO:0001837","epithelial to mesenchymal transition","either",0.05,"shared negative",-0.3573116265972,0.3573116265972,-1.29162216659256,-1.64893379318976,0.494664634146341,0.0190470722982557,"56717/72103/218952/67898/67525/21812/93840/13207/16392/76566/17300/17127/114715/171463/11490/19058/629378/21803/12387/21809/14183/14462/56438/21453/15384/19052/18018/13838/22418/15117/21386/114716/13617/66214/21804/22084/16950/14182/17967/100182/20613/12842/13132/67888/94352/12006/192173/105782/16842/18128/20682","11501/216285/17300/19052/19058/11490/218952/14182/114715/15384/629378/94352/14083/100182/14462/56438/21808/22160/13731/20682/16392/76566/246154/12387/105782/66214/21809/18128/13132/20613/21804/22418/16950/21386/12842/67888/12006/192173/16842/17967/15117/13617","GO:0001837","GO:0001837","GO:0001837","epithelial to mesenchymal transition","epithelial to mesenchymal transition","epithelial to mesenchymal transition",1.13504399260935,0.543154197400773,0.265076859962435,-1.72017176972203,-0.305689138239273,FALSE,TRUE,FALSE,"12842/13731/21804/14609/19664/23892/20017/71228/192173/16950/15364/21814/192176/68585/384009/114715/100182/18569/67040/94352/14726/13207/22084/22339/66515/14538/66214/21813/629378/75717/18570/11490/56717/15251/24064/21453/14083/22160/246154/14462/12156/67888/16193/21803/24063/13617/226778",-0.3573116265972,2.42666615920191,-2.78397778579911,0.3573116265972,2.42666615920191,2.78397778579911,"mixed or incomplete"
"mouse KO vs WT vs mouse het vs WT","GO_BP","GO:0032967","positive regulation of collagen biosynthetic process","either",0.05,"shared negative",-0.35054290935969,0.35054290935969,-1.51376247363278,-1.86430538299247,0.416561235024872,0.0187265598679408,"16398/18591/30951/21803/20289/21809/14633/67557/26427/66214/216869/18214/328572/223701/18596/210719/20296","30951/16398/67557/11479/328572/20289/18787/66214/223701/21809/18214/26427/210719/20296/18596","GO:0032967","GO:0032967","GO:0032967","positive regulation of collagen biosynthetic process","positive regulation of collagen biosynthetic process","positive regulation of collagen biosynthetic process",-1.05313413358642,0.678455560983447,-0.168478593474725,-1.72754199665526,-0.380321147729877,FALSE,TRUE,FALSE,"21809/226551/223701/210719/328572/20296/18591/216869/14219/14062/18787/11479/12159/18816",-0.35054290935969,0.46062834004636,-0.81117124940605,0.35054290935969,0.46062834004636,0.81117124940605,"all negative"
"mouse KO vs WT vs mouse het vs WT","GO_BP","GO:0043062","extracellular structure organization","either",0.05,"shared negative",-0.35033325251126,0.35033325251126,-1.60272307786768,-1.95305633037894,0.0451519277102368,9.16846953696725e-06,"21817/100952/229534/219151/74777/14042/16949/107250/12841/15117/20848/26427/72043/12822/66214/545370/18073/18214/14230/58223/12825/12831/94216/16950/237759/229595/12814/102693/12833/268396/14268/71602/21938/224697/213945/15227/16948/195209/12305/12842/17395/107581/94352/18015/21859/12006/11568/241226/239337/17181/210719/12843/18858/18128/170441/216725/20682/241327","67896/11785/94216/12305/19288/23876/207596/94352/213945/12814/14083/241327/74777/14453/66548/69538/21808/26561/12406/20356/545370/20848/12831/240725/14758/20289/229534/21817/20682/16948/15227/66180/224697/17395/66214/14230/67547/268396/12825/18214/14042/56429/100952/107250/18128/219151/16950/18858/269959/12822/11568/12842/26427/195209/12833/16949/210719/229595/21810/50706/107581/12006/71602/58223/72043/12843/15117/21859/17181/170441/239337/216725/241226/237759","GO:0043062","GO:0043062","GO:0043062","extracellular structure organization","extracellular structure organization","extracellular structure organization",1.97234351381454,1.70501204877138e-06,5.76827254764132,-5.03770315365632,-1.34532370324534,TRUE,TRUE,TRUE,"12842/12843/23876/58859/269959/12826/243853/14118/12833/50527/399558/56348/20356/56693/21859/18451/229534/17181/17385/58223/19288/241327/207596/107581/16949/17387/23892/17384/101489/14251/241226/12832/12825/234356/12827/16950/234407/68273/21814/237360/216725/21937/18822/14268/18793/104799/17392/16948/14230/217734/18214/74777/12837/53614/16971/21810/268396/66180/108075/239337/69675/18595/11568/53381/19645/11820/56429/18073/26432/70779/16773/17386/219151/94352/14726/23794/114249/26561/14453/12306/66214/226519/72043/20586/100952/102058/11350/15227/13078/50706/53867/12814/14114",-0.35033325251126,3.57506659168222,-3.92539984419348,0.35033325251126,3.57506659168222,3.92539984419348,"mixed or incomplete"
"mouse KO vs WT vs mouse het vs WT","GO_BP","GO:0030198","extracellular matrix organization","either",0.05,"shared negative",-0.35014704785168,0.35014704785168,-1.60341140869587,-1.95355845654755,0.0515689692801224,8.37173821270715e-06,"21817/100952/229534/219151/74777/14042/16949/107250/12841/15117/20848/26427/72043/12822/66214/545370/18073/18214/14230/58223/12825/12831/94216/16950/237759/229595/12814/102693/12833/268396/14268/71602/21938/224697/213945/15227/16948/195209/12305/12842/17395/107581/94352/18015/21859/12006/11568/241226/239337/17181/210719/12843/18858/18128/170441/216725/20682/241327","67896/11785/94216/12305/19288/23876/207596/94352/213945/12814/14083/241327/74777/14453/66548/69538/21808/26561/12406/20356/545370/20848/12831/240725/14758/20289/229534/21817/20682/16948/15227/66180/224697/17395/66214/14230/67547/268396/12825/18214/14042/56429/100952/107250/18128/219151/16950/18858/269959/12822/11568/12842/26427/195209/12833/16949/210719/229595/21810/50706/107581/12006/71602/58223/72043/12843/15117/21859/17181/170441/239337/216725/241226/237759","GO:0030198","GO:0030198","GO:0030198","extracellular matrix organization","extracellular matrix organization","extracellular matrix organization",1.95419519714424,2.38446439452533e-06,5.62260915818571,-5.07718436066712,-1.28761154884205,TRUE,TRUE,FALSE,"12842/12843/23876/58859/269959/12826/243853/14118/12833/50527/399558/56348/20356/56693/21859/18451/229534/17181/17385/58223/19288/241327/207596/107581/16949/17387/23892/17384/101489/14251/241226/12832/12825/234356/12827/16950/234407/68273/21814/237360/216725/21937/18822/14268/18793/104799/17392/16948/14230/217734/18214/74777/12837/53614/16971/21810/268396/66180/108075/239337/69675/18595/11568/53381/19645/11820/56429/18073/26432/70779/16773/17386/219151/94352/14726/23794/114249/26561/14453/12306/66214/226519/72043/20586/100952/102058/11350/15227/13078/50706/53867/12814/14114",-0.35014704785168,3.55760660584011,-3.90775365369179,0.35014704785168,3.55760660584011,3.90775365369179,"mixed or incomplete"
"mouse KO vs WT vs mouse het vs WT","GO_BP","GO:0045229","external encapsulating structure organization","either",0.05,"shared negative",-0.35014704785168,0.35014704785168,-1.60341140869587,-1.95355845654755,0.0515689692801224,8.37173821270715e-06,"21817/100952/229534/219151/74777/14042/16949/107250/12841/15117/20848/26427/72043/12822/66214/545370/18073/18214/14230/58223/12825/12831/94216/16950/237759/229595/12814/102693/12833/268396/14268/71602/21938/224697/213945/15227/16948/195209/12305/12842/17395/107581/94352/18015/21859/12006/11568/241226/239337/17181/210719/12843/18858/18128/170441/216725/20682/241327","67896/11785/94216/12305/19288/23876/207596/94352/213945/12814/14083/241327/74777/14453/66548/69538/21808/26561/12406/20356/545370/20848/12831/240725/14758/20289/229534/21817/20682/16948/15227/66180/224697/17395/66214/14230/67547/268396/12825/18214/14042/56429/100952/107250/18128/219151/16950/18858/269959/12822/11568/12842/26427/195209/12833/16949/210719/229595/21810/50706/107581/12006/71602/58223/72043/12843/15117/21859/17181/170441/239337/216725/241226/237759","GO:0045229","GO:0045229","GO:0045229","external encapsulating structure organization","external encapsulating structure organization","external encapsulating structure organization",1.95419519714424,2.38446439452533e-06,5.62260915818571,-5.07718436066712,-1.28761154884205,TRUE,TRUE,FALSE,"12842/12843/23876/58859/269959/12826/243853/14118/12833/50527/399558/56348/20356/56693/21859/18451/229534/17181/17385/58223/19288/241327/207596/107581/16949/17387/23892/17384/101489/14251/241226/12832/12825/234356/12827/16950/234407/68273/21814/237360/216725/21937/18822/14268/18793/104799/17392/16948/14230/217734/18214/74777/12837/53614/16971/21810/268396/66180/108075/239337/69675/18595/11568/53381/19645/11820/56429/18073/26432/70779/16773/17386/219151/94352/14726/23794/114249/26561/14453/12306/66214/226519/72043/20586/100952/102058/11350/15227/13078/50706/53867/12814/14114",-0.35014704785168,3.55760660584011,-3.90775365369179,0.35014704785168,3.55760660584011,3.90775365369179,"mixed or incomplete"
"mouse KO vs WT vs mouse het vs WT","GO_BP","GO:0051216","cartilage development","either",0.05,"shared negative",-0.34756195725359,0.34756195725359,-1.71847587357855,-2.06603783083214,0.0515689692801224,8.37173821270715e-06,"23967/77006/12399/21803/20289/19092/12387/15530/20678/14633/14462/17260/13521/70235/22410/12411/229534/22422/21827/14042/17313/21417/18133/59056/22418/15434/72043/21857/18984/12111/83925/14534/16969/12825/12814/328572/14182/12833/58250/21833/22402/20613/19411/12842/19401/94352/320910/12006/18750/215798/13601/239337/20204/210719/20682/216616","15586/14182/269941/328572/94352/12814/22410/59056/12399/14462/26417/21827/21808/14534/23967/12406/16998/55994/106522/240725/83925/20289/229534/20682/19092/76566/21417/12387/20204/12825/14042/17260/19411/12167/20678/20613/18984/22418/18133/21833/12842/12833/21857/18750/210719/21810/12111/18605/12006/58250/22402/72043/215798/320910/239337/13601/17313","GO:0051216","GO:0051216","GO:0051216","cartilage development","cartilage development","cartilage development",1.27943600638299,0.324160584680481,0.489239792992822,-5.07718436066712,-1.28761154884205,FALSE,TRUE,FALSE,"12842/74155/19092/12111/214855/12833/11603/229534/18933/21857/23892/59056/12825/234356/17313/12167/18740/15364/16998/21827/13038/20204/20340/20855/12394/77006/13601/21810/239337/215798/59035/19645/67378/18763/110006/21898/14534/17386/94352/18295/26417",-0.34756195725359,2.99791187996154,-3.34547383721513,0.34756195725359,2.99791187996154,3.34547383721513,"mixed or incomplete"
"mouse KO vs WT vs mouse het vs WT","GO_BP","GO:0060326","cell chemotaxis","either",0.05,"shared negative",-0.34714953591359,0.34714953591359,-1.19512807709098,-1.54227761300457,0.552223591231595,0.0489151181667381,"68328/20563/101540/68667/18753/20304/12928/23790/217835/18591/15235/22341/16149/20356/105722/13609/12261/17101/118453/171095/268373/12777/20750/68992/102103/238130/24067/18133/109700/17965/22418/15507/20308/19271/13617/20315/216869/83964/269608/18810/14182/445007/227541/20306/16948/17395/18003/21930/20307/18750/13655/16842/27226/18596/20312/13123/18128/14254/20296","14173/11501/238871/12777/18186/17295/68328/14745/11820/269608/14182/171095/12261/20563/18810/53416/14083/26417/21808/18606/21930/193385/15234/16952/20356/12266/16948/17395/18787/238130/105722/445007/109700/18003/12977/18128/22418/20315/18133/17965/20750/13655/18750/13123/27226/13609/16842/14254/20307/20296/18596/20312/13617/20306","GO:0060326","GO:0060326","GO:0060326","cell chemotaxis","cell chemotaxis","cell chemotaxis",1.28681361479648,0.301832837556457,0.520233513421342,-1.31055689298983,-0.257885044051604,FALSE,TRUE,FALSE,"20563/12266/20750/27226/26903/20356/18186/15234/23892/18438/238130/12778/17250/20312/171095/19241/14870/20210/12977/20085/238871/16948/16952/19242/20254/23789/21983/18578/108737/13655/20315/18003/268373/57342/19035/18595/215999/117149/11820/18081/20306/14869/26417/74006/13123/22339",-0.34714953591359,2.48194169188746,-2.82909122780105,0.34714953591359,2.48194169188746,2.82909122780105,"mixed or incomplete"
"mouse KO vs WT vs mouse het vs WT","GO_BP","GO:0050803","regulation of synapse structure or activity","either",0.05,"shared negative",-0.34582167565225,0.34582167565225,-1.46614541642992,-1.81196709208217,0.149375662466728,6.04774124731163e-05,"12323/59036/18208/239250/229791/65945/105689/18190/27494/20563/93840/66713/13643/17127/235106/319387/243548/18693/19655/216856/20474/232227/223870/238205/13191/57138/18708/235604/15569/17118/56376/230775/94245/12387/14674/17755/66860/22142/17260/245666/76936/238130/18483/56320/18472/13841/13838/74762/80749/22418/13196/70237/12569/330662/77579/319504/13631/16981/330914/73728/218194/15529/22084/13602/20692/14362/50932/228357/217124/210094/545428/99633/22631/20351/14182/223701/53321/13845/13175/77097/19876/13385/18003/53413/18015/13169/11838/107065/18750/75409/210293/210274/217333/108100/64085","18002/77097/29819/76108/73181/12323/52398/12568/66713/74488/18190/17755/14735/93840/330814/94245/442801/319504/56212/58234/18472/68585/70178/106042/27205/13631/72621/230775/57028/11735/18015/21826/223870/11820/54216/545428/14182/12569/70237/19655/320840/235604/218194/330914/53328/20563/333605/14083/16180/229791/238205/22142/12361/59036/13196/53972/217333/80749/210274/17999/74762/83433/217124/104156/53413/56376/107065/13845/259302/66725/18708/20692/13602/12387/15529/238130/53321/17118/223701/13169/18003/330662/18483/239250/235106/17260/13385/22418/210094/22631/210293/20351/18750/16981/13841/56320/11838/14362/99633/108100/19876/319387/75409/64085","GO:0050803","GO:0050803","GO:0050803","regulation of synapse structure or activity","regulation of synapse structure or activity","regulation of synapse structure or activity",1.19869247428236,0.362128173550587,0.441137685783436,-4.21840679840445,-0.825720155649167,FALSE,TRUE,FALSE,"20692/26570/20563/66725/235106/14178/14362/12361/16423/11603/399558/52163/22154/64085/22142/53413/217692/20361/13169/17999/22359/71228/12568/238130/13631/99633/73181/11651/15529/24088/53321/170571/22192/14739/68404/19165/108155/19242/68585/20430/18003/223254/64451/21826/104156/13196/72621/22631/378937/18472/72162/11820/11845/208643/17755/19164/74006/11735/13640/22084/330662/56376",-0.34582167565225,2.66483789071228,-3.01065956636453,0.34582167565225,2.66483789071228,3.01065956636453,"mixed or incomplete"
"mouse KO vs WT vs mouse het vs WT","GO_BP","GO:0050920","regulation of chemotaxis","either",0.05,"shared negative",-0.34311255277007,0.34311255277007,-1.26053905292634,-1.60365160569641,0.507295466388744,0.0323562210627557,"105689/20563/101540/17127/20304/16398/217835/18591/15235/22341/16149/20356/105722/21803/13609/12261/118453/68992/102103/18133/17965/22418/15507/19271/13617/20315/83964/73710/20346/78560/18846/16564/11876/14182/227541/14268/20306/19876/18003/268902/21930/18750/27226/18596/20312/18128/20296","14268/68992/13043/16149/83964/14173/20187/16398/18186/17295/14745/11820/14182/78560/12261/20563/53416/14083/26417/21930/193385/20356/83433/16564/18846/18787/105722/20440/18003/12977/18128/22418/20315/18133/17965/73710/18750/27226/13609/11876/268902/19876/20296/18596/20312/13617/20306","GO:0050920","GO:0050920","GO:0050920","regulation of chemotaxis","regulation of chemotaxis","regulation of chemotaxis",1.36512206727313,0.219903826864766,0.657767212786597,-1.49004220607789,-0.294739018879421,FALSE,TRUE,FALSE,"20563/27226/26903/18846/11603/20356/20346/18186/23892/78560/18438/20312/19241/14870/14268/12977/19242/12554/20254/23789/21983/108737/20315/18003/269878/18595/215999/117149/11820/20909/11876/18081/20306/14869/26417/74006/22339",-0.34311255277007,2.62566112019947,-2.96877367296954,0.34311255277007,2.62566112019947,2.96877367296954,"mixed or incomplete"
"mouse KO vs WT vs mouse het vs WT","GO_BP","GO:0060996","dendritic spine development","either",0.05,"shared negative",-0.33887270999883,0.33887270999883,-1.27142014113316,-1.61029285113199,0.506739913760596,0.0438540826861125,"58234/14815/56717/12323/66713/17127/216963/216856/232227/57138/14824/11840/17118/56376/330222/94245/17260/18483/56320/18472/13838/13196/70237/12569/13631/330914/22084/13845/77097/13385/13169/11838/210293/108100","11845/216856/330222/77097/29819/12323/12568/66713/94245/58234/18472/14815/13631/14745/11840/12569/70237/330914/12361/13196/53972/17986/56376/13845/66725/17118/13169/18483/17260/13385/210293/56320/11838/108100","GO:0060996","GO:0060996","GO:0060996","dendritic spine development","dendritic spine development","dendritic spine development",0.952896082544277,0.791191490562311,0.101718392317988,-1.3579899688769,-0.295214886821851,FALSE,TRUE,FALSE,"66725/12361/52163/66923/217692/71974/13169/71228/12568/13631/13690/64451/13196/18472/72162/50772/11845/19164/74006/22084/56376/29819/70237/74117/12540/50790/56717",-0.33887270999883,2.22431622367744,-2.56318893367627,0.33887270999883,2.22431622367744,2.56318893367627,"mixed or incomplete"
"mouse KO vs WT vs mouse het vs WT","GO_BP","GO:0050807","regulation of synapse organization","either",0.05,"shared negative",-0.33720202155434,0.33720202155434,-1.47743339359748,-1.81463541515182,0.114967221761907,6.04774124731163e-05,"12323/59036/18208/239250/229791/65945/105689/18190/27494/20563/93840/66713/13643/17127/235106/319387/243548/19655/216856/20474/232227/223870/238205/13191/57138/18708/235604/15569/17118/56376/230775/94245/12387/14674/17755/66860/22142/17260/245666/76936/238130/18483/56320/18472/13841/13838/74762/80749/22418/13196/70237/12569/330662/77579/319504/13631/16981/330914/73728/218194/15529/22084/13602/20692/14362/50932/228357/217124/210094/545428/99633/22631/20351/14182/223701/53321/13845/13175/77097/19876/13385/18003/53413/18015/13169/11838/107065/18750/75409/210293/210274/217333/108100/64085","18002/77097/29819/76108/73181/12323/52398/12568/66713/74488/18190/17755/14735/93840/330814/94245/442801/319504/56212/58234/18472/68585/70178/106042/27205/13631/72621/230775/57028/11735/18015/21826/223870/11820/54216/545428/14182/12569/70237/19655/320840/235604/218194/330914/53328/20563/333605/14083/16180/229791/238205/22142/12361/59036/13196/53972/217333/80749/210274/17999/74762/83433/217124/104156/53413/56376/107065/13845/259302/66725/18708/20692/13602/12387/15529/238130/53321/17118/223701/13169/18003/330662/18483/239250/235106/17260/13385/22418/210094/22631/210293/20351/18750/16981/13841/56320/11838/14362/99633/108100/19876/319387/75409/64085","GO:0050807","GO:0050807","GO:0050807","regulation of synapse organization","regulation of synapse organization","regulation of synapse organization",1.20671881822034,0.358537922631739,0.44546490214771,-4.21840679840445,-0.939425963446927,FALSE,TRUE,FALSE,"20692/26570/20563/66725/235106/14178/14362/12361/16423/11603/399558/52163/22154/64085/22142/53413/217692/20361/13169/17999/22359/71228/12568/238130/13631/99633/73181/11651/15529/24088/53321/170571/22192/14739/68404/19165/108155/19242/68585/20430/18003/223254/64451/21826/104156/13196/72621/22631/378937/18472/72162/11820/11845/208643/17755/19164/74006/11735/13640/22084/330662/56376",-0.33720202155434,2.68415221181782,-3.02135423337216,0.33720202155434,2.68415221181782,3.02135423337216,"mixed or incomplete"
"mouse KO vs WT vs mouse het vs WT","GO_BP","GO:0008202","steroid metabolic process","either",0.05,"shared negative",-0.33321994706175,0.33321994706175,-1.22924637108378,-1.56246631814553,0.516919094495539,0.0210849475508756,"17777/28200/22259/11804/231070/170459/71720/30924/17855/56316/18605/18194/110460/19299/76483/114664/98388/14137/18559/29817/223455/14149/217166/192970/20750/12359/11303/12257/20775/14151/19014/59045/18984/12606/20850/13653/105787/71240/20787/20788/17117/20851/394432/14182/11541/234564/11370/20613/13132/105387/56448/109754/13123/18858","14151/76483/76524/20280/319554/71240/19017/244152/14149/69863/235674/18023/11305/192970/74754/65970/11303/66455/18514/170459/13360/14381/17777/18559/14815/13595/101476/56316/28200/11820/58520/13653/100198/235293/19014/14182/15490/15357/192156/20787/16987/11541/20851/19299/13121/231070/105787/110460/20850/223455/17117/217166/12257/17855/12606/14137/68603/110196/11370/71720/20788/208715/12167/13132/20613/18984/18858/234564/105387/18194/98388/20750/394432/20775/13123/56448/18605/109754","GO:0008202","GO:0008202","GO:0008202","steroid metabolic process","steroid metabolic process","steroid metabolic process",1.07984037749981,0.609969222534458,0.214692077809996,-1.67602747496183,-0.286577425114405,FALSE,TRUE,FALSE,"29817/74155/20750/67800/56453/11535/56348/106529/14381/72017/20787/22359/12167/17250/12257/11651/235623/15108/18194/68917/113868/231474/110196/100198/241452/11370/16971/244373/76524/58520/17855/28200/18595/18514/109754/17117/11820/56316",-0.33321994706175,2.30908674858359,-2.64230669564534,0.33321994706175,2.30908674858359,2.64230669564534,"mixed or incomplete"
"mouse KO vs WT vs mouse het vs WT","GO_BP","GO:0016055","Wnt signaling pathway","either",0.05,"shared negative",-0.33122501631082,0.33122501631082,-1.17947056986678,-1.5106955861776,0.513020252372263,0.0138400697442439,"21886/27373/407821/103583/93840/16392/68667/17127/18764/18605/22210/72357/59004/55978/29811/20356/104318/73827/629378/21803/76737/27041/76441/17342/76281/12387/77938/18230/14183/69217/14462/666048/76457/22410/229534/67181/22422/432940/19052/14042/13144/18133/14694/22418/17847/72043/13617/21804/14632/83675/22084/57265/13653/109901/84035/319478/14362/105787/228357/67457/78560/16600/217011/73739/56612/17240/328572/15982/12833/21833/21415/57810/22402/20613/12842/13132/21414/16480/67916/13649/65257/12006/68588/23805/16842/70790/15248/13543/18128/103743/20682","106042/12389/20674/14173/20187/68889/77578/17847/67943/19052/21415/14369/17869/12443/13543/17342/68151/11820/218952/233328/13653/69217/67181/21887/13144/76365/103583/217011/328572/23805/66241/104318/78560/65257/23955/84035/629378/27041/22410/666048/14462/83675/16600/59036/77583/73827/432940/27373/72780/73739/16469/20356/14797/105787/56612/240725/319478/76457/17986/229534/67457/20682/16392/66725/11865/18647/12387/57265/15982/14042/109901/76737/18128/13132/20613/21804/22418/18133/17240/21833/12842/12833/665113/16480/18605/70790/12006/14362/68588/16842/22402/72043/21414/103743/13617/67916","GO:0016055","GO:0016055","GO:0016055","Wnt signaling pathway","Wnt signaling pathway","Wnt signaling pathway",0.966509981195435,0.78632435068885,0.104398275006446,-1.85886172133418,-0.289865490015068,FALSE,TRUE,FALSE,"672511/12842/66725/14362/12833/21804/20356/229534/19664/72114/16600/23892/78560/18764/15364/14694/69217/76425/67916/73181/22601/26385/24088/20174/109901/23988/83675/13194/16469/18647/57810/70823/20439/56736/21983/14682/72357/56811/103236/235542/12443/217011/16348/53614/16971/67974/56515/16543/11820/21886/76281/233328/14368/18763/13726/432940/100503572/50523/11426/11865/19164/227210/22084/232334/23802/381259/55978/72043/20779/20586/103743/80707/20677/629378/11350",-0.33122501631082,2.14598055106222,-2.47720556737303,0.33122501631082,2.14598055106222,2.47720556737303,"mixed or incomplete"
"mouse KO vs WT vs mouse het vs WT","GO_BP","GO:0042092","type 2 immune response","either",0.05,"shared negative",-0.32503815795533,0.32503815795533,-1.44043613720983,-1.76547429516516,0.49023680930619,0.0443637846178967,"19401/16362/13601/12029","65113/19401/16149/12051/56468/16362/14462/16952/12520/15284/12029/13601","GO:0042092","GO:0042092","GO:0042092","type 2 immune response","type 2 immune response","type 2 immune response",0.723979202192182,0.941713878362661,0.0260810291853624,-1.35297141183401,-0.309594082968905,FALSE,TRUE,FALSE,"20852/16952/13601/12029/58185/103213/56468/16189/14462/16193",-0.32503815795533,2.16441533940201,-2.48945349735734,0.32503815795533,2.16441533940201,2.48945349735734,"mixed or incomplete"
"mouse KO vs WT vs mouse het vs WT","GO_BP","GO:0060021","roof of mouth development","either",0.05,"shared negative",-0.32407204963366,0.32407204963366,-1.41610241619609,-1.74017446582975,0.398915755318855,0.0253272433640243,"67661/105278/110796/21809/17260/66910/216560/242509/22418/21386/544696/20481/57265/14362/17168/16950/13845/20613/14451/320910/70673/73692/20666/16842","21808/23967/231070/106522/17168/13845/57265/21809/17260/20613/22418/16950/21386/14362/70673/16842/20666/14451/320910","GO:0060021","GO:0060021","GO:0060021","roof of mouth development","roof of mouth development","roof of mouth development",0.996690372157426,0.736260760399082,0.132968344975239,-1.59641207657116,-0.399118810737252,FALSE,TRUE,FALSE,"14451/14362/18933/17168/434215/67661/16950/110796/381694/21814",-0.32407204963366,2.41279278835352,-2.73686483798718,0.32407204963366,2.41279278835352,2.73686483798718,"mixed or incomplete"
"mouse KO vs WT vs mouse het vs WT","GO_BP","GO:0007178","cell surface receptor protein serine/threonine kinase signaling pathway","either",0.05,"shared negative",-0.31432444049369,0.31432444049369,-1.29331734978984,-1.60764179028353,0.46355009380433,0.00919891420873015,"100952/216805/74777/18129/20190/14042/50724/21417/223642/235505/18133/17965/22418/20848/66513/170749/114716/66214/21804/231633/328365/216869/14119/20481/217351/13653/20660/14362/56208/83925/69710/75788/16969/12825/17130/217342/328572/58250/20742/16948/13132/71093/67888/320910/240025/70673/15901/27528/14463/21930/20666/241226/16842/19663/12843/69640/18128/170441/20296","17129/14119/218952/170749/13653/93683/268935/69710/11479/114715/21807/328572/56208/75788/22433/14083/20190/74777/26417/18129/21808/68939/21930/16998/216190/55994/20848/240025/83453/240725/83925/20289/17986/16948/246154/21417/65112/16419/17130/66214/21809/15901/12825/231633/14042/66513/69640/100952/18128/12167/13132/21804/22418/18133/71093/17965/14314/20660/67888/235505/14362/27528/58250/70673/16842/20666/12843/20296/170441/320910/241226","GO:0007178","GO:0007178","GO:0007178","cell surface receptor protein serine/threonine kinase signaling pathway","cell surface receptor protein serine/threonine kinase signaling pathway","cell surface receptor protein serine/threonine kinase signaling pathway",0.936100617043348,0.837616139702392,0.0769549629956928,-2.03626343145724,-0.333903326703416,FALSE,TRUE,FALSE,"16859/14119/12843/14362/14118/21804/50527/53618/15901/22793/14314/19664/23892/241226/12825/434215/12167/16419/71093/21814/21815/268977/16998/15216/23988/108155/20340/16948/56213/75788/74777/16971/269878/59007/108075/83453/114715/94187/14232/231633/17874/18569/219181/50523/20481/13207/26417/114249/268935/70673/224640/14538/65960/69260/66214/20779/432442/100952/26419/21813/66695/11350",-0.31432444049369,2.22941796683319,-2.54374240732688,0.31432444049369,2.22941796683319,2.54374240732688,"mixed or incomplete"
"mouse KO vs WT vs mouse het vs WT","GO_BP","GO:0030279","negative regulation of ossification","either",0.05,"shared negative",-0.31403185350259,0.31403185350259,-1.70354098287116,-2.01757283637375,0.226912998519093,0.00834476334948204,"76566/68667/17127/18605/22337/21803/17260/84035/228357/75788/17130/13601/210719/18128/20682","11479/269941/75788/84035/16998/20682/18442/76566/17130/17260/18128/210719/18605/13601","GO:0030279","GO:0030279","GO:0030279","negative regulation of ossification","negative regulation of ossification","negative regulation of ossification",1.23266891998863,0.506893647338693,0.295083151552371,-2.07858597503883,-0.644140625210604,FALSE,TRUE,FALSE,"22337/18442/19664/23892/16998/75788/13601",-0.31403185350259,2.93620990285979,-3.25024175636238,0.31403185350259,2.93620990285979,3.25024175636238,"mixed or incomplete"
"mouse KO vs WT vs mouse het vs WT","GO_BP","GO:0002063","chondrocyte development","either",0.05,"shared negative",-0.31086063007622,0.31086063007622,-1.61000969970612,-1.92087032978234,0.237466687701839,0.0174174867879531,"70235/14042/72043/12814/58250/19411/12006/13601/20682","269941/12814/12406/240725/20682/76566/14042/19411/12167/12006/58250/72043/13601","GO:0002063","GO:0002063","GO:0002063","chondrocyte development","chondrocyte development","chondrocyte development",0.623583943925807,0.987239848073152,0.00557732347997682,-1.75901451022765,-0.624397305457967,FALSE,TRUE,FALSE,"12167/13601/110006/72043/21813/12814/240396/14042/12406/14425",-0.31086063007622,2.23359364363193,-2.54445427370815,0.31086063007622,2.23359364363193,2.54445427370815,"mixed or incomplete"
"mouse KO vs WT vs mouse het vs WT","GO_BP","GO:0060070","canonical Wnt signaling pathway","either",0.05,"shared negative",-0.31064937100572,0.31064937100572,-1.29445787430079,-1.60510724530651,0.461254527947178,0.0131518941369697,"20356/104318/73827/629378/21803/27041/76441/12387/77938/14183/69217/14462/22410/67181/22422/432940/19052/14042/13144/22418/17847/72043/13617/14632/83675/57265/13653/84035/14362/228357/67457/78560/16600/217011/73739/56612/328572/12833/21833/21415/57810/20613/12842/13132/21414/16480/13649/12006/68588/23805/16842/70790/13543/18128/103743/20682","106042/12389/20674/14173/68889/77578/17847/19052/21415/14369/13543/68151/11820/233328/13653/69217/67181/21887/13144/76365/217011/328572/23805/66241/104318/78560/23955/84035/629378/27041/22410/14462/83675/16600/59036/77583/73827/432940/27373/72780/73739/16469/20356/14797/56612/17986/67457/20682/16392/66725/11865/18647/12387/57265/14042/18128/13132/20613/22418/21833/12842/12833/16480/70790/12006/14362/68588/16842/72043/21414/103743/13617","GO:0060070","GO:0060070","GO:0060070","canonical Wnt signaling pathway","canonical Wnt signaling pathway","canonical Wnt signaling pathway",-0.88615815769838,0.936012977649603,-0.0287181298061912,-1.88101169553965,-0.336059357520533,FALSE,TRUE,FALSE,"14634/21951/14369/212398/58231/621976/56458/14184/12316/22410/26564/12389/107515/13614/70300/243272/13198/16973/67122/216795/59036/271457/68339/353310/269424/80288/26941/11789/67772/17242/14367/21415/228357/66241/213326/65114/70790/14632/11816/26401/70495",-0.31064937100572,0.40829971660241,-0.71894908760813,0.31064937100572,0.40829971660241,0.71894908760813,"all negative"
"mouse KO vs WT vs mouse het vs WT","GO_BP","GO:0030199","collagen fibril organization","either",0.05,"shared negative",-0.30690121088635,0.30690121088635,-1.85684442627385,-2.1637456371602,0.0565859700439121,0.000343980524583424,"53867/20289/66180/100952/219151/74777/14042/16949/18214/14230/12825/12831/94216/16950/12814/12833/213945/16948/195209/12842/94352/18015/11568/239337/210719/12843/216725","12306/11977/56693/108153/237360/17300/18015/94216/94352/213945/12814/74777/21808/12406/12831/20289/16948/66180/14230/12825/18214/14042/56429/100952/219151/16950/11568/12842/195209/12833/16949/210719/12843/239337/216725","GO:0030199","GO:0030199","GO:0030199","collagen fibril organization","collagen fibril organization","collagen fibril organization",2.10905192967385,0.000345987434925343,3.46093967300397,-3.46346614552552,-1.24729123467419,TRUE,TRUE,FALSE,"12842/12843/58859/12826/12833/50527/56693/18451/17385/16949/23892/12832/12825/12827/16950/234407/237360/216725/18822/104799/16948/14230/18214/74777/66180/239337/69675/11568/19645/56429/26432/219151/94352/12306/100952/13078/53867/12814",-0.30690121088635,3.9658963559477,-4.27279756683405,0.30690121088635,3.9658963559477,4.27279756683405,"mixed or incomplete"
"mouse KO vs WT vs mouse het vs WT","GO_BP","GO:0007405","neuroblast proliferation","either",0.05,"shared negative",0.30678952682204,0.30678952682204,-2.16352823328202,-1.85673870645998,0.00410838500899723,0.0149325573359564,"22341/21803/26934/12387/20678/14183/233064/216858/18472/140570/320265/18032/231871/15904/14182/216739/195018/100182/18015/68519/16842/20312/14168/18128","18472/20674/140570/18015/66993/67299/231871/195018/14182/26934/100182/66725/12387/216858/320265/15228/18128/20678/216739/14168/68519/16842/15904/20312","GO:0007405","GO:0007405","GO:0007405","neuroblast proliferation","neuroblast proliferation","neuroblast proliferation",0.787512518868356,0.92194259229143,0.0352961208414523,-1.82586580903415,-2.38632886413805,FALSE,TRUE,TRUE,"66725/20312/67299/319757/19242/16800/100182/67203/18472/22339/26419/15251/21678",0.30678952682204,2.95104075215038,-2.64425122532834,0.30678952682204,2.95104075215038,2.64425122532834,"mixed or incomplete"
"mouse KO vs WT vs mouse het vs WT","GO_BP","GO:0006935","chemotaxis","either",0.05,"shared negative",-0.30287298606136,0.30287298606136,-1.27903908300509,-1.58191206906645,0.46355009380433,0.0103907417783647,"20750/68992/102103/22422/238130/24067/18133/13841/109700/17965/22418/15507/20308/19271/13617/20315/216869/83964/22084/68545/269608/73710/20346/78560/20564/237847/18810/18846/16564/11876/20351/14182/445007/227541/14268/20306/16948/19876/17395/11600/18003/268902/21930/20307/18750/105782/13655/16842/27226/18596/20312/13123/22253/18128/20198/14254/20296","78560/12261/20563/18810/53416/14083/26417/21808/18606/21930/193385/15234/16952/20356/83433/16564/12266/16948/71436/18846/105782/20564/17395/237847/18787/238130/105722/20440/445007/109700/18003/12977/18128/20358/22418/20315/18133/17965/11600/20750/73710/13655/20351/18750/13123/13841/16985/27226/13609/11876/268902/16842/19876/14254/20307/20198/20296/18596/20312/13617/20306/22253","GO:0006935","GO:0006935","GO:0006935","chemotaxis","chemotaxis","chemotaxis",1.33661152635062,0.194105245460005,0.711962728168804,-1.98335344775067,-0.333903326703416,FALSE,TRUE,FALSE,"16859/20563/20564/12266/68119/20750/14178/27226/26903/18846/11603/399558/20356/20346/18186/15234/20361/23892/78560/18438/238130/12778/17250/14158/20312/171095/19241/14870/20210/14268/12977/20085/238871/16948/16952/19242/12554/20254/23789/21983/18578/108737/13655/20315/18003/16971/269878/268373/20198/57342/19035/18595/215999/117149/11820/20909/11876/18081/20306/14869/26417/74006/13123/13640/22084/22339",-0.30287298606136,2.61565060935571,-2.91852359541707,0.30287298606136,2.61565060935571,2.91852359541707,"mixed or incomplete"
"mouse KO vs WT vs mouse het vs WT","GO_BP","GO:0042330","taxis","either",0.05,"shared negative",-0.29640102317015,0.29640102317015,-1.2760040882923,-1.57240511146245,0.441472465669394,0.00858941130114058,"20750/68992/102103/22422/238130/24067/18133/13841/109700/17965/22418/15507/20308/19271/13617/20315/216869/83964/22084/68545/269608/73710/20346/78560/20564/237847/18810/18846/16564/11876/20351/14182/445007/227541/14268/20306/16948/19876/17395/11600/18003/268902/21930/20307/18750/105782/13655/16842/27226/18596/20312/13123/22253/18128/20198/14254/20296","78560/12261/20563/18810/53416/14083/26417/21808/18606/21930/193385/15234/16952/20356/83433/16564/12266/16948/71436/18846/105782/20564/17395/237847/18787/238130/105722/20440/445007/109700/18003/12977/18128/20358/22418/20315/18133/17965/11600/20750/73710/13655/20351/18750/13123/13841/16985/27226/13609/11876/268902/16842/19876/14254/20307/20198/20296/18596/20312/13617/20306/22253","GO:0042330","GO:0042330","GO:0042330","taxis","taxis","taxis",1.33833301926324,0.2159306449432,0.665685718085956,-2.06603660071211,-0.355096377886511,FALSE,TRUE,FALSE,"16859/20563/20564/12266/68119/20750/14178/27226/26903/18846/11603/399558/20356/20346/18186/15234/20361/23892/78560/18438/238130/12778/17250/14158/20312/171095/19241/14870/20210/14268/12977/20085/238871/16948/16952/19242/12554/20254/23789/21983/18578/108737/13655/20315/18003/16971/269878/268373/20198/57342/19035/18595/215999/117149/11820/20909/11876/18081/20306/14869/26417/74006/13123/13640/22084/22339",-0.29640102317015,2.61433710755554,-2.91073813072569,0.29640102317015,2.61433710755554,2.91073813072569,"mixed or incomplete"
"mouse KO vs WT vs mouse het vs WT","GO_BP","GO:0010466","negative regulation of peptidase activity","either",0.05,"shared negative",-0.29603712136102,0.29603712136102,-1.74209768333075,-2.03813480469177,0.178759013870999,0.00420371157620399,"21857/21858/20725/59083/20720/13601","18787/21858/20720/20725/21857/59083/13601","GO:0010466","GO:0010466","GO:0010466","negative regulation of peptidase activity","negative regulation of peptidase activity","negative regulation of peptidase activity",1.50657598306445,0.337359204379353,0.471907436222693,-2.37636708930415,-0.747732049802487,FALSE,TRUE,FALSE,"20720/21857/12380/59083/13601/14433/21858",-0.29603712136102,3.2486736663952,-3.54471078775622,0.29603712136102,3.2486736663952,3.54471078775622,"mixed or incomplete"
"mouse KO vs WT vs mouse het vs WT","GO_BP","GO:0030201","heparan sulfate proteoglycan metabolic process","either",0.05,"shared negative",-0.29317282142355,0.29317282142355,-1.67147363849324,-1.96464645991679,0.284360410202144,0.00858941130114058,"93840/14733/93683/27419/15442/12387/15531/233781/14042/72043/83398/217119/27029/50786","110006/93840/14733/54616/15442/212898/15531/93683/235534/15476/217119/27029/233781/240725/23908/12387/14042/50786/83398/72043","GO:0030201","GO:0030201","GO:0030201","heparan sulfate proteoglycan metabolic process","heparan sulfate proteoglycan metabolic process","heparan sulfate proteoglycan metabolic process",1.66289941811644,0.163196450374922,0.787289291656602,-2.06603660071211,-0.546130867954846,FALSE,TRUE,FALSE,"83398/54616/52120/195646/14043/27029/14733/27419/15442/110006/15931/117592/72043/15476/14042/233781/70484/50786/22235/15932/15531/212898/240725",-0.29317282142355,3.33437305660968,-3.62754587803323,0.29317282142355,3.33437305660968,3.62754587803323,"mixed or incomplete"
"mouse KO vs WT vs mouse het vs WT","GO_BP","GO:0003179","heart valve morphogenesis","either",0.05,"shared negative",-0.28968014676081,0.28968014676081,-1.49438692915762,-1.78406707591843,0.384256395155957,0.035697700118725,"20563/20897/27419/21803/68303/20289/14462/17260/100952/18129/18018/233651/20564/17130/19876/268902/14463/12006/18128/20682","116701/233651/20563/14462/18129/21808/22160/20289/20682/68303/20564/17130/17260/100952/18128/12006/268902/19876","GO:0003179","GO:0003179","GO:0003179","heart valve morphogenesis","heart valve morphogenesis","heart valve morphogenesis",-0.902741797689632,0.845941825005864,-0.0726595021473257,-1.4473597631013,-0.41537889583126,FALSE,TRUE,FALSE,"21808/13636/22761/12159/16007",-0.28968014676081,0.591645131467988,-0.881325278228798,0.28968014676081,0.591645131467988,0.881325278228798,"all negative"
"mouse KO vs WT vs mouse het vs WT","GO_BP","GO:0032331","negative regulation of chondrocyte differentiation","either",0.05,"shared negative",-0.28858553066014,0.28858553066014,-1.60552377623243,-1.89410930689257,0.369900561690138,0.0299411028636601,"22402/19411/239337/210719/20682/216616","16998/20682/76566/12387/19411/210719/22402/239337","GO:0032331","GO:0032331","GO:0032331","negative regulation of chondrocyte differentiation","negative regulation of chondrocyte differentiation","negative regulation of chondrocyte differentiation",0.648006776745871,0.9666769923621,0.0147186178187083,-1.52373220670571,-0.431915009212472,FALSE,TRUE,FALSE,"23892/16998/239337",-0.28858553066014,2.2535305529783,-2.54211608363844,0.28858553066014,2.2535305529783,2.54211608363844,"mixed or incomplete"
"mouse KO vs WT vs mouse het vs WT","GO_BP","GO:1905314","semi-lunar valve development","either",0.05,"shared negative",-0.28338037611294,0.28338037611294,-1.62655032325015,-1.90993069936309,0.234117753215077,0.0295381252637494,"14462/100952/18129/18018/20564/17130/21938/19876/268902/14463/12006/18128/20682","20563/14462/18129/21808/22160/20682/20564/17130/100952/18128/12006/268902/19876","GO:1905314","GO:1905314","GO:1905314","semi-lunar valve development","semi-lunar valve development","semi-lunar valve development",1.11544469953221,0.627700010485478,0.202247864094573,-1.52961707210618,-0.630565652381948,FALSE,TRUE,FALSE,"20563/20564/20897/19664/21937/19645/23794/100952/21813/22160/14462/12156",-0.28338037611294,2.74199502278236,-3.0253753988953,0.28338037611294,2.74199502278236,3.0253753988953,"mixed or incomplete"
"mouse KO vs WT vs mouse het vs WT","GO_BP","GO:0001649","osteoblast differentiation","either",0.05,"shared negative",-0.2809760405532,0.2809760405532,-1.61245049887468,-1.89342653942788,0.0919894471272337,0.000116883418000527,"56233/26399/230587/12387/14633/12608/15184/17260/22410/102657/20750/22422/18018/60530/320799/26427/231633/14632/14119/18214/20481/12606/14362/70152/17966/209011/17130/15904/14182/268396/68713/16948/22402/20613/12842/11622/18015/15901/215653/12006/21930/68588/20666/16842/15903/18128/80752/20682/16009","20674/14173/12609/320799/16905/114249/242253/18015/17129/14119/218952/268935/14182/15184/14083/22410/16195/21930/22160/60530/19055/55994/19094/102657/20682/18619/16948/225998/12387/17130/12606/16009/15901/268396/18214/231633/17260/18128/12167/20613/20750/12842/26427/11622/68713/18605/12006/14362/68588/16842/22402/80752/20666/15904/15903","GO:0001649","GO:0001649","GO:0001649","osteoblast differentiation","osteoblast differentiation","osteoblast differentiation",1.05238131745271,0.665868513095819,0.176611521091909,-3.93224709689354,-1.03626199132054,FALSE,TRUE,FALSE,"14119/12842/15951/20750/14362/15901/15903/14609/23892/71974/16009/12167/12609/21814/22601/11651/319757/15902/16948/18214/80752/268396/68713/19263/231633/208727/20481/13207/114249/268935/22339/65960/70315/11911/80707/223332/12608/14633/12400/68667/64075/14083/22160/11839/14173/71584/12156/13386/29806/21930",-0.2809760405532,2.66483181632739,-2.94580785688059,0.2809760405532,2.66483181632739,2.94580785688059,"mixed or incomplete"
"mouse KO vs WT vs mouse het vs WT","GO_BP","GO:0016358","dendrite development","either",0.05,"shared negative",-0.27653579459789,0.27653579459789,-1.34993635380648,-1.62647214840437,0.335232901900251,0.00739102678573169,"213084/74498/232227/57138/14824/93686/11840/17118/56376/330222/94245/12387/17755/17260/17475/12704/18483/56320/18472/224617/13838/18209/329152/22418/13196/70237/12569/13631/330914/218194/15529/22084/20393/382056/50932/228357/20346/217124/239217/227541/13845/13175/77097/19876/13385/17756/13169/15901/11838/75409/210293/17181/108100/17754","11845/216856/13175/330222/76574/14366/224617/12928/107995/77097/29819/52463/76108/73181/12323/12568/66713/17755/94245/54633/58234/63872/11977/98733/18472/17754/18174/106042/14815/13631/74498/18186/59035/17295/14102/14745/68151/11820/213084/11840/12569/70237/218194/330914/12361/59036/18209/13196/53972/19055/17999/17986/93686/217124/56376/13845/66725/239217/12387/329152/15529/17118/13169/15901/18483/17260/13385/22418/210293/17756/665113/56320/11838/109294/108100/20393/19876/75409/17181","GO:0016358","GO:0016358","GO:0016358","dendrite development","dendrite development","dendrite development",0.957360987608102,0.805518563552262,0.0939244466098601,-2.13129522379718,-0.47465336351286,FALSE,TRUE,FALSE,"66725/12361/15901/52163/17181/20346/66923/18186/19158/217692/71974/13169/12286/17999/228662/22359/71228/12568/15452/13631/73181/15529/98733/13690/56876/19242/76454/21983/67453/20430/223254/64451/13196/59035/18472/72162/11820/93686/50772/11845/625249/17755/19164/74006/22084/56376/66515/233489/245886/26419/29819/70237/11350/74117",-0.27653579459789,2.30729734141458,-2.58383313601247,0.27653579459789,2.30729734141458,2.58383313601247,"mixed or incomplete"
"mouse KO vs WT vs mouse het vs WT","GO_BP","GO:0032963","collagen metabolic process","either",0.05,"shared negative",-0.2757274449521,0.2757274449521,-1.68830402137534,-1.96403146632744,0.0726887768576353,0.000467893163618693,"18753/16398/170829/27419/18624/18591/11490/30951/21803/20289/118453/21809/66180/14633/67557/100952/26427/66214/216869/18214/114886/58223/12831/52377/67998/328572/223701/12833/11541/14268/18439/12842/17395/209039/17534/15901/18596/210719/12843/18128/216725/20296","67557/17534/11490/18624/11479/16194/328572/67998/26561/11541/12406/12831/20289/66180/17395/18787/66214/114886/223701/21809/15901/18214/209039/100952/18439/18128/14789/12842/26427/12833/210719/58223/52377/12843/20296/18596/216725","GO:0032963","GO:0032963","GO:0032963","collagen metabolic process","collagen metabolic process","collagen metabolic process",1.62996157947611,0.0614417569157312,1.21153637422821,-3.32985330023284,-1.13853263900428,FALSE,TRUE,FALSE,"12842/12843/74155/14789/12833/15901/17385/58223/17534/17387/17384/21814/210530/216725/268977/52377/13038/18822/22352/14268/104799/17392/18214/27279/54683/66180/13039/27419",-0.2757274449521,3.31826560085145,-3.59399304580355,0.2757274449521,3.31826560085145,3.59399304580355,"mixed or incomplete"
"mouse KO vs WT vs mouse het vs WT","GO_BP","GO:0046621","negative regulation of organ growth","either",0.05,"shared positive",-0.27524256230895,0.27524256230895,2.13122815526497,1.85598559295602,0.0451519277102368,0.0365920548588155,"13052/232334/211652/52357/14609/19211/108655/16526/19735/17684/14297/28185/15567/17283","13052/15567/17684/211652/52357/19211/19735/58231/232334","GO:0046621","GO:0046621","GO:0046621","negative regulation of organ growth","negative regulation of organ growth","negative regulation of organ growth",0.762388484177101,0.918317698362534,0.0370070456218908,1.43661320164247,1.34532370324534,FALSE,TRUE,TRUE,"14381/14609/19735/28185/232334/16526/108655/21813/14083",-0.27524256230895,-1.36883967108787,1.09359710877892,0.27524256230895,1.36883967108787,1.09359710877892,"all positive"
"mouse KO vs WT vs mouse het vs WT","GO_BP","GO:0003197","endocardial cushion development","either",0.05,"shared negative",-0.27477771808919,0.27477771808919,-1.51053108276257,-1.78530880085176,0.475754603901057,0.0472361966859233,"18018/233651/21386/15227/20613/19876/67888/268902/14463/18128/20682","21808/22160/17999/20682/16392/15227/18128/20613/21386/67888/268902/19876","GO:0003197","GO:0003197","GO:0003197","endocardial cushion development","endocardial cushion development","endocardial cushion development",-0.73556817828831,0.954373184803796,-0.0202817716169964,-1.32572507771415,-0.322617000331221,FALSE,TRUE,FALSE,"17128/11477/17246/268902/76166/17248/20613/21386/16449/14463/12168/17684/13867/20682/21385/18018/21808/12159",-0.27477771808919,0.77496290447426,-1.04974062256345,0.27477771808919,0.77496290447426,1.04974062256345,"all negative"
"mouse KO vs WT vs mouse het vs WT","GO_BP","GO:0014014","negative regulation of gliogenesis","either",0.05,"shared negative",-0.27477275668226,0.27477275668226,-1.82321397527501,-2.09798673195727,0.114127397016952,0.00299570292638361,"235106/18109/230674/76441/50849/12387/15205/217166/12257/20481/15904/235402/107503/18015/20666/18128/103743","15205/50849/18015/14102/320840/83433/217166/12257/12387/107503/235106/18128/235402/20666/15904/103743","GO:0014014","GO:0014014","GO:0014014","negative regulation of gliogenesis","negative regulation of gliogenesis","negative regulation of gliogenesis",-0.925518515880445,0.803690537847042,-0.0949111447553774,-2.52350125633613,-0.942610087877771,FALSE,TRUE,FALSE,"14184/13392/13389/14102/20666/12159/63953/217166",-0.27477275668226,0.897695459394565,-1.17246821607683,0.27477275668226,0.897695459394565,1.17246821607683,"all negative"
"mouse KO vs WT vs mouse het vs WT","GO_BP","GO:1901888","regulation of cell junction assembly","either",0.05,"shared negative",-0.26938756979969,0.26938756979969,-1.3258928762079,-1.59528044600759,0.367676439839335,0.0149325573359564,"218952/18208/17913/239250/65945/105689/18190/20563/13643/17127/235106/23790/319387/243548/244895/216856/20474/11465/232227/223870/238205/57138/18708/15569/56376/230775/12387/14674/67811/17755/108911/17260/245666/11421/238130/18483/13144/216560/13841/74762/80749/22418/70237/330662/19271/13631/16981/50768/330914/73728/15529/74318/14362/228357/17886/217124/210094/545428/99633/20351/14182/13845/13175/20613/19876/13385/53413/107581/107065/18750/75409/210293/77569/217333/64085","106042/12389/27205/13631/72621/108911/230775/18186/21826/223870/11820/218952/54216/545428/14182/13144/70237/320840/330914/20563/11465/14083/74318/16180/21838/17886/238205/18606/217333/11856/80749/105522/67811/14758/74762/217124/53413/56376/107065/13845/259302/18708/12387/15529/238130/330662/18483/239250/235106/17260/13385/20613/22418/210094/210293/20351/18750/16981/13841/11421/107581/14362/99633/19876/319387/77569/75409/64085","GO:1901888","GO:1901888","GO:1901888","regulation of cell junction assembly","regulation of cell junction assembly","regulation of cell junction assembly",1.07012183836553,0.629972294623642,0.200678549842688,-1.82586580903415,-0.434534198185502,FALSE,TRUE,FALSE,"20563/235106/14362/11603/399558/11815/21838/64085/14609/67811/18186/53413/107581/217692/108911/17387/23892/22359/71228/238130/13631/99633/244895/15529/24088/22192/14739/108155/68585/53885/16971/223254/21826/72621/378937/11421/11820/11845/208643/109905/11426/17755/105522/13640/330662/22339/56376/20779/17913/29819/70237/11350/74117/234664/75717/20104/320840/105827/225875/14083/259302/11465/19249",-0.26938756979969,2.39601471457343,-2.66540228437312,0.26938756979969,2.39601471457343,2.66540228437312,"mixed or incomplete"
"mouse KO vs WT vs mouse het vs WT","GO_BP","GO:0099173","postsynapse organization","either",0.05,"shared negative",-0.26736986610865,0.26736986610865,-1.23042214382574,-1.49779200993439,0.513020252372263,0.0380556251871657,"12928/94190/319387/216963/243548/83453/18693/19655/216856/11465/223870/57138/236915/11840/17118/56376/94245/14674/17755/66860/242687/76936/14811/12704/238130/319477/18483/56320/29816/18472/73340/13841/13838/223666/18164/80749/22418/13196/70237/12569/330662/77579/319504/13631/330914/73728/22084/50997/50932/228357/217124/18195/14182/53321/13845/13175/14432/77097/13385/18003/18015/13169/11838/107065/210293/210274/217333/108100","11845/216856/13175/268566/18693/77579/12928/26570/18002/77097/29819/14371/12323/16416/12568/66713/18190/18164/17755/60595/94245/442801/109711/319504/13043/56212/58234/18472/68585/70178/106042/13631/18186/67943/18015/223870/11820/54216/67299/11840/14182/12569/70237/19655/223666/330914/14811/11465/333605/16180/29816/229791/12361/59036/13196/53972/217333/80749/83453/210274/83433/217124/104156/56376/107065/13845/259302/319477/66725/18195/238130/53321/17118/13169/14432/18003/330662/18483/73340/13385/22418/210293/236915/14658/13841/56320/11838/108100/319387","GO:0099173","GO:0099173","GO:0099173","postsynapse organization","postsynapse organization","postsynapse organization",-0.957924811575807,0.805219858348117,-0.0940855230721823,-1.41958113896747,-0.289865490015068,FALSE,TRUE,FALSE,"231637/18015/22782/216831/54126/76936/268932/29816/106042/70729/77097/108100/18002/227580/53310/245537/12704/26564/18483/22350/241638/13841/19122/239027/12928/65079/67943/22215/75786/216963/16975/217124/59036/13845/208922/70178/381921/19246/19141/75415/243548/17356/240057/18222/12929/13636/228357/100732/68183/73728/65114/16776/11816/50997",-0.26736986610865,0.272497332249933,-0.539867198358583,0.26736986610865,0.272497332249933,0.539867198358583,"all negative"
"mouse KO vs WT vs mouse het vs WT","GO_BP","GO:0072676","lymphocyte migration","either",0.05,"shared negative",-0.26421194893196,0.26421194893196,-1.54162467429296,-1.80583662322492,0.323643738869324,0.0267550518434129,"20304/12928/20737/13609/20868/16421/70208/14462/230979/216892/17470/14042/380916/22418/18453/20315/18810/11876/20306/18003/56532/13601/20312/13123/20296","11820/216892/171486/18810/53416/14462/239393/193385/17470/18003/14042/22418/20315/18453/13123/13609/11876/20296/20312/20306/56532/13601","GO:0072676","GO:0072676","GO:0072676","lymphocyte migration","lymphocyte migration","lymphocyte migration",1.16343267940339,0.533072920887563,0.273213378266261,-1.57259420315408,-0.489932790317007,FALSE,TRUE,FALSE,"16859/11815/17250/20312/11651/108737/20315/13601/18003/17698/11820/14082/11876/20306/13123/239393/11350/14345/14042/230979/53416/16416/16189/76088/13609/14462/20304",-0.26421194893196,2.70505735369635,-2.96926930262831,0.26421194893196,2.70505735369635,2.96926930262831,"mixed or incomplete"
"mouse KO vs WT vs mouse het vs WT","GO_BP","GO:1990138","neuron projection extension","either",0.05,"shared negative",-0.24906442319593,0.24906442319593,-1.37630598534063,-1.62537040853656,0.452429715990414,0.0255556918266511,"12387/20983/17755/50706/16210/23999/76457/83431/12704/83767/56320/18472/70834/22418/13617/18844/20315/330914/20346/75788/20564/18846/328572/15982/14268/13175/12305/19876/239667/17756/16480/13169/319974/76901","213084/70834/12305/328572/382018/330914/75788/20563/29869/20356/11658/76457/20983/83767/71436/18846/18844/12387/20564/13169/15982/76901/22418/20315/239667/17756/16480/56320/50706/19876/13617/319974","GO:1990138","GO:1990138","GO:1990138","neuron projection extension","neuron projection extension","neuron projection extension",1.14442250149399,0.529386820819548,0.276226874739603,-1.59251235761893,-0.344448877957834,FALSE,TRUE,FALSE,"20563/20564/18846/20356/11658/20346/18186/29869/20361/13169/12568/13690/68404/22352/14268/319757/225348/75788/68585/20430/20315/16971/269878/27279/76901/23999/18472",-0.24906442319593,2.52072848683462,-2.76979291003055,0.24906442319593,2.52072848683462,2.76979291003055,"mixed or incomplete"
"mouse KO vs WT vs mouse het vs WT","GO_BP","GO:0001655","urogenital system development","either",0.05,"shared negative",-0.24260838959913,0.24260838959913,-1.61179850259954,-1.85440689219867,0.212334369362773,0.01801479436883,"12387/14633/14183/22418/20181/14632/20850/14461/15904/13845/19411/11622/19401/13123/18128/20682/20317","23967/240725/20850/20682/13845/12387/19411/18128/22418/11835/14461/11622/13123/15904/20317","GO:0001655","GO:0001655","GO:0001655","urogenital system development","urogenital system development","urogenital system development",-1.06652628083616,0.670186529761494,-0.17380430540114,-1.74437069079882,-0.672979703353993,FALSE,TRUE,FALSE,"107587/19401/14155/22411/497652/19211/14183/327826/23967/106389/14165/19206/20682/20869/14634/11705/22215/19156/13845/11789/14461/12929/12159/14632",-0.24260838959913,0.54527222176338,-0.78788061136251,0.24260838959913,0.54527222176338,0.78788061136251,"all negative"
"mouse KO vs WT vs mouse het vs WT","GO_BP","GO:0099175","regulation of postsynapse organization","either",0.05,"shared negative",-0.24149175956727,0.24149175956727,-1.36138721963602,-1.60287897920329,0.433545666557515,0.0299411028636601,"223870/57138/17118/56376/94245/14674/17755/66860/76936/238130/18483/56320/18472/13841/13838/80749/22418/13196/70237/12569/330662/319504/13631/330914/73728/22084/50932/228357/217124/14182/13175/77097/18003/18015/13169/11838/107065/210293/210274/217333/108100","18002/77097/29819/12323/12568/66713/18190/17755/94245/442801/319504/56212/58234/18472/68585/70178/106042/13631/18015/223870/11820/54216/14182/12569/70237/19655/330914/16180/229791/12361/59036/13196/53972/217333/80749/210274/217124/56376/107065/259302/66725/238130/17118/13169/18003/330662/18483/22418/210293/13841/56320/11838/108100","GO:0099175","GO:0099175","GO:0099175","regulation of postsynapse organization","regulation of postsynapse organization","regulation of postsynapse organization",-1.00110969190437,0.737882314065192,-0.1320128989191,-1.52373220670571,-0.362965150346061,FALSE,TRUE,FALSE,"74143/18223/268747/210274/382253/68942/21844/18015/22782/216831/76936/268932/106042/77097/108100/18002/245537/26564/18483/241638/13841/19122/239027/65079/22215/16975/217124/59036/208922/70178/381921/19246/75415/243548/17356/18222/13636/228357/100732/73728/65114/11816",-0.24149175956727,0.36027752773165,-0.60176928729892,0.24149175956727,0.36027752773165,0.60176928729892,"all negative"
"mouse KO vs WT vs mouse het vs WT","GO_BP","GO:0007416","synapse assembly","either",0.05,"shared negative",-0.23663752996775,0.23663752996775,-1.61928750140077,-1.85592503136852,0.0541493668187771,0.000632610869947787,"18208/239250/65945/105689/18190/20563/13643/235106/12928/319387/243548/18591/216856/20474/232227/223870/238205/57138/18708/236915/15569/56376/230775/330222/12387/14674/17755/17260/245666/235611/12217/238130/18483/140570/73340/13841/93887/18164/74762/80749/22418/70237/330662/13631/18844/16981/330914/73728/15529/14362/228357/217124/210094/545428/18846/99633/20351/14182/13845/13175/14432/67784/19876/13385/53413/13169/107065/18750/75409/210293/14168/210274/217333/64085/14799","21826/223870/11820/54216/545428/67299/14182/70237/320840/330914/20563/12217/14083/16180/238205/235611/219228/217333/80749/210274/74762/217124/53413/56376/107065/13845/259302/18708/71436/18846/18844/12387/13641/15529/238130/67784/13169/14432/330662/18483/239250/235106/17260/73340/13385/22418/210094/210293/236915/93887/20351/18750/16981/13841/14362/99633/14168/19876/319387/75409/64085/14799","GO:0007416","GO:0007416","GO:0007416","synapse assembly","synapse assembly","synapse assembly",1.05377758774248,0.655002731950776,0.183756888605663,-3.19886335001469,-1.26640661731602,FALSE,TRUE,FALSE,"20563/14432/235106/14362/18846/11603/399558/14799/64085/53413/217692/13169/12286/22359/71228/12568/238130/13631/99633/67299/15529/24088/93887/22192/14739/108155/14712/330790/68585/67453",-0.23663752996775,2.67306508914325,-2.909702619111,0.23663752996775,2.67306508914325,2.909702619111,"mixed or incomplete"
"mouse KO vs WT vs mouse het vs WT","GO_BP","GO:0050727","regulation of inflammatory response","either",0.05,"shared negative",-0.2363039383781,0.2363039383781,-1.36562480215562,-1.60192874053372,0.296110926944298,0.0077549430744208,"17127/22259/18753/12370/20304/17855/216963/20698/20737/22320/238205/14824/21803/74637/107527/242202/15442/18035/106025/22029/56310/64339/12608/14462/66259/17470/13032/217166/102657/432940/18018/76854/11690/18133/338364/22418/20848/211651/67389/231871/66827/68614/11920/100340/57783/12606/20850/72512/69146/209558/20851/16852/11541/14000/20306/21938/15227/78757/22402/100182/11622/21930/18750/109934/239337/11988/20312/19261/18858/19223/12029","72565/53416/106025/100182/14462/26417/238205/78757/11541/21930/15234/20851/432940/211651/16952/68614/20848/83433/17470/19223/102657/20850/217166/14000/100340/12266/12520/16392/66725/67389/15227/17855/18787/12606/12702/67547/64339/268857/16852/209558/22418/69146/18133/18858/11622/18750/109934/13032/22402/11988/19261/239337/20312/20306/12029","GO:0050727","GO:0050727","GO:0050727","regulation of inflammatory response","regulation of inflammatory response","regulation of inflammatory response",1.41987147972427,0.102467224052703,0.98941502913868,-2.11042138580082,-0.528545566187015,FALSE,TRUE,FALSE,"55932/16859/24110/15944/54396/12266/58203/66725/70110/16423/69146/16145/14469/66811/21923/17082/16177/64685/15234/20361/142980/17250/12364/54616/19225/12363/226691/20312/19241/14870/24088/21937/14154/20085/107527/16952/72565/67389/68614/12029/268857/14468/239337/17855/12702/100182/279766/15525/17874/19645/18569/11820/15442/72691/21898/18081/432940/20306/15937/11690",-0.2363039383781,2.78549628187989,-3.02180022025799,0.2363039383781,2.78549628187989,3.02180022025799,"mixed or incomplete"
"mouse KO vs WT vs mouse het vs WT","GO_BP","GO:0060512","prostate gland morphogenesis","either",0.05,"shared negative",-0.2355519020221,0.2355519020221,-1.6177250284239,-1.853276930446,0.404378137423532,0.0323169801131152,"14633/14183/22418/20181/20850/15904/19411/13123/18128/20682","240725/20850/20682/19411/18128/22418/11835/13123/15904","GO:0060512","GO:0060512","GO:0060512","prostate gland morphogenesis","prostate gland morphogenesis","prostate gland morphogenesis",0.575166649306385,0.985614160830211,0.00629306540059163,-1.49056922900779,-0.393212332440537,FALSE,TRUE,FALSE,"21923/11835/13123/14633",-0.2355519020221,2.19289167773028,-2.42844357975238,0.2355519020221,2.19289167773028,2.42844357975238,"mixed or incomplete"
"mouse KO vs WT vs mouse het vs WT","GO_BP","GO:0060740","prostate gland epithelium morphogenesis","either",0.05,"shared negative",-0.2355519020221,0.2355519020221,-1.6177250284239,-1.853276930446,0.404378137423532,0.0323169801131152,"14633/14183/22418/20181/20850/15904/19411/13123/18128/20682","240725/20850/20682/19411/18128/22418/11835/13123/15904","GO:0060740","GO:0060740","GO:0060740","prostate gland epithelium morphogenesis","prostate gland epithelium morphogenesis","prostate gland epithelium morphogenesis",0.575166649306385,0.985614160830211,0.00629306540059163,-1.49056922900779,-0.393212332440537,FALSE,TRUE,FALSE,"21923/11835/13123/14633",-0.2355519020221,2.19289167773028,-2.42844357975238,0.2355519020221,2.19289167773028,2.42844357975238,"mixed or incomplete"
"mouse KO vs WT vs mouse het vs WT","GO_BP","GO:0048705","skeletal system morphogenesis","either",0.05,"shared negative",-0.23406504894734,0.23406504894734,-1.46250557958261,-1.69657062852995,0.183118759309414,0.0064404465158732,"21812/76566/15586/17300/17127/18109/231070/18605/22337/270685/20474/23967/21803/53867/76737/106633/20289/12387/15530/21809/20678/15531/71175/14183/22658/17260/70235/22410/12411/237928/21827/66910/14042/21417/15434/15117/18032/231633/192170/14119/18984/20481/217011/12825/12831/12814/17240/268396/58250/21833/213945/18439/17937/19411/12842/19401/14451/12006/79456/20666/18596/20204/20682","216285/101476/17300/12411/15531/59035/17869/30791/14119/22658/15586/269941/217011/66910/213945/12814/22410/21827/21808/237928/22160/192170/23967/12406/16998/270685/12831/231070/240725/20289/20682/17937/79456/76566/21417/12387/21809/20204/268396/12825/231633/14042/17260/19411/18439/76737/12167/20678/18984/17240/21833/12842/18605/12006/58250/20666/14451/15117/18596","GO:0048705","GO:0048705","GO:0048705","skeletal system morphogenesis","skeletal system morphogenesis","skeletal system morphogenesis",0.936912438174497,0.812286034234523,0.090291013596903,-2.19108402197909,-0.737267162813312,FALSE,TRUE,FALSE,"14119/270685/12842/14451/22337/17937/18933/17387/23892/12825/234356/12167/16998/21827/18634/20204/20340/20855/217011/269878/106947/14043/268396/18595/59035/231633/79456/18763/110006/21898/17386/23850/20481/19164/22339",-0.23406504894734,2.39941801775711,-2.63348306670445,0.23406504894734,2.39941801775711,2.63348306670445,"mixed or incomplete"
"mouse KO vs WT vs mouse het vs WT","GO_BP","GO:0008038","neuron recognition","either",0.05,"shared negative",0.2337032069105,0.2337032069105,-2.03925059278377,-1.80554738587327,0.0451519277102368,0.0438540826861125,"14042/13838/235472/22418/12569/319504/20346/22631/13845/17967/14432/67784/19876/268902/13723","319504/68585/18186/11820/12569/20356/13845/67784/15228/14432/14042/22418/22631/13723/268902/19876/17967","GO:0008038","GO:0008038","GO:0008038","neuron recognition","neuron recognition","neuron recognition",1.18821414744126,0.570400662976361,0.243819978375672,-1.3579899688769,-1.34532370324534,FALSE,TRUE,TRUE,"14432/20356/20346/18186/68585/269878/22631/11820",0.2337032069105,3.22746474022503,-2.99376153331453,0.2337032069105,3.22746474022503,2.99376153331453,"mixed or incomplete"
"mouse KO vs WT vs mouse het vs WT","GO_BP","GO:0030856","regulation of epithelial cell differentiation","either",0.05,"shared negative",-0.2285169999231,0.2285169999231,-1.45083356739734,-1.67935056732044,0.319985275552549,0.0365920548588155,"12387/22344/15205/12608/14462/12192/22436/22410/21417/235505/21386/114716/19014/18103/20850/20851/223701/74370/71093/17395/13610/67888/15901/16842/18612/26365/18128/20682","12226/15205/54616/12389/20674/14173/55948/17300/329628/19014/114715/22436/22410/14462/21808/18612/23967/20851/20850/20682/74370/21417/12192/12387/17395/18787/223701/15901/18128/71093/13610/21386/16878/67888/235505/16842/26365","GO:0030856","GO:0030856","GO:0030856","regulation of epithelial cell differentiation","regulation of epithelial cell differentiation","regulation of epithelial cell differentiation",1.00092137106882,0.720484968917413,0.142375075202967,-1.43661320164247,-0.494870005721985,FALSE,TRUE,FALSE,"22436/74155/22337/15901/67996/20846/54616/71093/22601/21937/14739/17134/319757/74370/18795/50868/114715/13610/219181/11518/22339/16878/66515/108655/329628/18612",-0.2285169999231,2.45175493846616,-2.68027193838926,0.2285169999231,2.45175493846616,2.68027193838926,"mixed or incomplete"
"mouse KO vs WT vs mouse het vs WT","GO_BP","GO:0048771","tissue remodeling","either",0.05,"shared negative",-0.22551535174983,0.22551535174983,-1.4210291807093,-1.64654453245913,0.373843833832683,0.0222351689381046,"68813/13609/68303/17342/19340/12387/66180/12349/17260/235439/12578/12411/21817/353047/20750/18129/14042/13637/11548/13617/21857/231633/18214/22084/20850/12111/20535/319939/109901/69710/12833/12494/18439/17395/11622/18015/215653/13649/14463/18750/68588/109934/26365/13819/20296","18129/21808/19055/16998/72780/11548/17986/20850/21817/20535/68303/12988/78688/66180/12387/17395/18214/231633/14042/17260/18439/109901/20750/16878/12833/21857/11622/18750/12494/12111/18605/13609/109934/68588/26365/20296/13617/13819","GO:0048771","GO:0048771","GO:0048771","tissue remodeling","tissue remodeling","tissue remodeling",1.35899029816408,0.216569546581025,0.664402612722965,-1.65295956652501,-0.427309778196451,FALSE,TRUE,FALSE,"22337/12111/20750/243853/12833/75219/319939/14609/66923/21857/19664/17387/23892/68813/12333/21814/26362/192176/16998/109901/13038/68303/19242/18214/16971/66180/69660/231633/233328/110006/22084/22339/16878/12028/23854/78688/18669/20779/74117/71982/15551/15251/14042/16416/26365/13609/13386/18383/12494/230103/11548/17395/16193/13617/13819/15932/13649/215653/18854/17342/21817/56637",-0.22551535174983,2.78001947887338,-3.00553483062321,0.22551535174983,2.78001947887338,3.00553483062321,"mixed or incomplete"
"mouse KO vs WT vs mouse het vs WT","GO_BP","GO:0006790","sulfur compound metabolic process","either",0.05,"shared negative",-0.22299817440827,0.22299817440827,-1.29770671431924,-1.52070488872751,0.473467257033734,0.0471737110260532,"56318/192156/15488/14431/18023/208715/27402/67528/108652/65106/100705/73724/74205/56615/56451/67493/17855/18605/110460/12040/83429/71743/18102/18618/170789/171580/14629/66902/15531/211666/68021/14860/14854/12411/11666/104112/22021/14042/22333/108645/14863/68312/72043/18293/107476/13350/26363/67283/20850/75475/14104/104184/207182/20851/320878/246221/56369/246277/216739/52538/223921/110695/68087/54371/14862","67420/78038/14860/14381/59010/14874/72621/66902/210009/12411/15531/11666/56615/104184/14866/19212/171580/269941/60322/15357/65106/192156/22333/73836/14431/211666/107869/12041/18618/83603/20851/246221/26568/14865/240725/107476/17986/110460/20850/13350/170439/14104/17855/22021/52538/68603/14042/208715/14863/68312/68087/246277/104112/223921/216739/75475/14862/68021/320878/18605/72043/54371","GO:0006790","GO:0006790","GO:0006790","sulfur compound metabolic process","sulfur compound metabolic process","sulfur compound metabolic process",1.71218475350847,0.00281485564815373,2.55054387179584,-1.32629995765843,-0.324710049567275,TRUE,TRUE,FALSE,"107869/26570/12041/228026/20917/67800/232087/14873/14381/110695/69065/14782/54371/12286/74114/319518/14874/17250/211666/14600/14870/66885/236539/67096/104112/15926/14104/14431/107476/13171/71743/246277/171210/78038/56360/64451/14043/235339/232223/110446/229709/26897/17855/68312/12955/72621/433256/75475/269378/12039/22021/52538/14629/108156/18597/66812/17850/18618/68021/22333/110821/14854/109801/18024/14869/11666/105663/72043/73132/14630/56369/73836/236900/216443/50790/14863/104184/14042/110948/329910/29807/14775/13479/56318/68044/59010/74450",-0.22299817440827,3.00989146782771,-3.23288964223598,0.22299817440827,3.00989146782771,3.23288964223598,"mixed or incomplete"
"mouse KO vs WT vs mouse het vs WT","GO_BP","GO:1901342","regulation of vasculature development","either",0.05,"shared negative",-0.22165163070039,0.22165163070039,-1.55048058392481,-1.7721322146252,0.0818136256698288,0.00123055700155795,"22418/20848/15507/26427/66214/20315/23939/109901/20692/68545/18576/78560/16600/14461/15239/20351/16598/21413/12189/67784/13855/17395/30944/320910/18015/16480/15901/14463/18750/215798/13601/20312/26365/80837/19274/11826/19223/14254/20296/246707/20317","240185/230775/17300/15442/18186/13638/67154/18015/16402/21826/15586/11826/114715/78560/23876/20416/246703/22433/14886/14645/72106/21808/16600/69683/15234/13855/243912/20356/20848/13731/240725/19223/21817/12266/16392/20692/12387/18576/17395/18787/67784/66214/15901/21413/19274/100952/30944/109901/20358/22418/20315/26427/16878/246707/14461/20351/18750/16480/14254/80837/26365/215798/20296/320910/20312/13601/20317","GO:1901342","GO:1901342","GO:1901342","regulation of vasculature development","regulation of vasculature development","regulation of vasculature development",1.43597046818137,0.0685808655970003,1.16379703771585,-2.90989826421334,-1.0871743606267,FALSE,TRUE,FALSE,"20692/20317/12266/13731/23876/80837/20684/11535/15901/20356/18186/22375/15234/16600/20846/12490/23892/78560/70097/18576/16923/12827/142980/15364/20312/11745/246703/109901/21937/19242/12394/68585/21413/80898/20315/13601/53614/69683/50721/27279/21826/14886/20226/114715/215798/223780/240185/16451/20416/18176/11518/15442/18081/216527/16598/18024/22339/16878/11826/66214/17872/100952/21813/11350/13078/18570/19223/243912/15251/24064",-0.22165163070039,2.98645105210618,-3.20810268280657,0.22165163070039,2.98645105210618,3.20810268280657,"mixed or incomplete"
"mouse KO vs WT vs mouse het vs WT","GO_BP","GO:0048706","embryonic skeletal system development","either",0.05,"shared negative",-0.22144041687628,0.22144041687628,-1.4534661535752,-1.67490657045148,0.325353509922322,0.0431061389360289,"21812/15586/17127/18109/270685/20474/23967/103537/106633/20289/105278/12387/15530/21809/15531/71175/14183/22658/17260/233781/14042/21417/22418/15434/72043/13617/192170/12814/17240/58250/12842/14451/20666/20204/170441","15531/30791/22658/15586/15490/12814/21808/22160/192170/23967/233781/270685/240725/20289/21417/12387/21809/20204/14042/17260/22418/17240/12842/58250/72043/20666/14451/170441/13617","GO:0048706","GO:0048706","GO:0048706","embryonic skeletal system development","embryonic skeletal system development","embryonic skeletal system development",-1.03188257289607,0.67070037969294,-0.17347144779905,-1.36546087563539,-0.487644503724427,FALSE,TRUE,FALSE,"235626/98711/15586/20687/75302/329506/14634/20471/21417/242585/13392/17283/70300/216795/20683/103537/14048/54006/226844/15430/21808/20474/20666/12159",-0.22144041687628,0.42158358067913,-0.64302399755541,0.22144041687628,0.42158358067913,0.64302399755541,"all negative"
"mouse KO vs WT vs mouse het vs WT","GO_BP","GO:0070098","chemokine-mediated signaling pathway","either",0.05,"shared negative",-0.21972030399219,0.21972030399219,-1.5371250751411,-1.75684537913329,0.46355009380433,0.0481135352568319,"20308/20315/216869/20850/20564/20306/19876/20307/20312/20296","20563/53416/83433/20850/20564/20315/19876/20307/20296/20312/20306","GO:0070098","GO:0070098","GO:0070098","chemokine-mediated signaling pathway","chemokine-mediated signaling pathway","chemokine-mediated signaling pathway",1.25077364026363,0.502897956123507,0.298520129433928,-1.31773273110146,-0.333903326703416,FALSE,TRUE,FALSE,"20563/20564/16923/12778/20312/108737/20315",-0.21972030399219,2.78789871540473,-3.00761901939692,0.21972030399219,2.78789871540473,3.00761901939692,"mixed or incomplete"
"mouse KO vs WT vs mouse het vs WT","GO_BP","GO:0045667","regulation of osteoblast differentiation","either",0.05,"shared negative",-0.21954288630236,0.21954288630236,-1.51917439729552,-1.73871728359788,0.221311254217905,0.0121670637971579,"12608/15184/17260/22410/102657/22422/18018/320799/231633/14632/14119/18214/20481/12606/14362/17966/17130/14182/68713/22402/11622/15901/215653/12006/21930/68588/20666/15903/18128/80752/20682","20674/14173/12609/320799/16905/114249/242253/17129/14119/218952/268935/14182/15184/14083/22410/16195/21930/22160/19055/102657/20682/225998/12387/17130/12606/15901/18214/231633/17260/18128/12167/11622/68713/12006/14362/68588/22402/80752/20666/15903","GO:0045667","GO:0045667","GO:0045667","regulation of osteoblast differentiation","regulation of osteoblast differentiation","regulation of osteoblast differentiation",0.974408014250589,0.754197112386678,0.122515134721346,-1.91481421474816,-0.65499650057587,FALSE,TRUE,FALSE,"14119/15951/14362/15901/15903/23892/71974/12167/12609/22601/15902/18214/80752/68713/19263/231633/208727/20481/13207/114249/268935/22339/65960/70315/11911/223332/12608/68667/64075/14083/22160/11839/14173/71584/12156/13386/29806/21930",-0.21954288630236,2.49358241154611,-2.71312529784847,0.21954288630236,2.49358241154611,2.71312529784847,"mixed or incomplete"
"mouse KO vs WT vs mouse het vs WT","GO_BP","GO:0050678","regulation of epithelial cell proliferation","either",0.05,"shared negative",-0.21852031142807,0.21852031142807,-1.49419090820528,-1.71271121963335,0.15903784248006,0.00144991255097315,"18591/11819/15235/240185/22341/22337/22433/20474/23967/20356/12399/18102/14824/21803/404710/11799/54375/67661/13866/14645/12387/15530/21809/81896/15205/14183/14462/17260/12192/22410/12578/217166/68992/18129/15473/235505/22418/15117/20848/72043/13617/66214/19014/20315/14632/18103/22084/20850/20692/14461/353156/16568/14182/74370/11541/78757/20913/19876/13132/71093/11622/14451/18015/15901/13649/110351/18750/20666/13655/13601/18612/26365/13123/18128/19274/20682/14254/20296/20317","22433/22410/15473/12399/14462/18129/14645/21808/18612/78757/11541/12361/94275/22160/23967/20913/69683/20356/20848/404710/240725/20850/20682/217166/11799/74370/16392/12192/20692/54375/12387/66214/21809/15901/268857/17260/19274/18128/13132/22418/20315/71093/11835/353156/14461/11622/13655/18750/13123/235505/19876/14254/72043/20666/14451/26365/15117/20296/13617/13601/20317","GO:0050678","GO:0050678","GO:0050678","regulation of epithelial cell proliferation","regulation of epithelial cell proliferation","regulation of epithelial cell proliferation",1.11546359204867,0.533072920887563,0.273213378266261,-2.83865819071337,-0.798499524580063,FALSE,TRUE,FALSE,"20692/20317/14451/74155/22337/14178/12361/11819/19275/26903/15901/67996/20356/14609/12567/20846/73447/67661/15364/54616/245866/71093/21814/18148/22601/11651/70465/319757/56213/19242/12554/20254/13866/68585/74370/12443/13655/20315/13601/69683/12444/50721/268857/13039/15461/240185/19645/75605/18176/11835/81896/13123/21821/94275/22084/22339/12028/108655/66214/72043/18612/20913/23938/68992/16568/353156/18570/12540/67561",-0.21852031142807,2.60965450025395,-2.82817481168202,0.21852031142807,2.60965450025395,2.82817481168202,"mixed or incomplete"
"mouse KO vs WT vs mouse het vs WT","GO_BP","GO:0043491","phosphatidylinositol 3-kinase/protein kinase B signal transduction","either",0.05,"shared negative",-0.21791208202974,0.21791208202974,-1.34429282276173,-1.56220490479147,0.335791617363194,0.0156710260574876,"67154/109042/52892/14462/75747/12192/235611/12578/216805/17772/19052/12359/72446/76854/13841/19062/14694/22418/20848/67389/19271/66214/20315/216869/18214/22084/18673/209011/18576/16600/52377/12835/223499/328572/14182/12833/14268/235402/107449/20185/78757/16948/20720/12305/12834/108686/67888/19401/27280/11600/72508/18015/13649/18750/18596/20312/26365/14254","13866/68585/52892/54616/14173/104943/20187/11501/101476/15442/67154/19052/18015/218952/243300/14182/12305/12578/328572/16177/12261/22433/14083/18673/14462/75747/21808/235611/16600/78757/22160/15234/20185/223499/20356/20848/216505/17999/17986/83433/16948/67389/18708/12192/18576/54635/237542/66214/108686/18214/12835/268857/27280/22418/20315/20720/109042/11600/72508/16878/12833/235402/18750/13841/12834/67888/109294/14254/52377/26365/56745/18596/107449/20312","GO:0043491","GO:0043491","GO:0043491","phosphatidylinositol 3-kinase/protein kinase B signal transduction","phosphatidylinositol 3-kinase/protein kinase B signal transduction","phosphatidylinositol 3-kinase/protein kinase B signal transduction",1.28087278962762,0.261555329980706,0.582436425483137,-1.80490256725084,-0.473930149705859,FALSE,TRUE,FALSE,"74155/228026/20720/243853/12833/12835/12834/107449/56089/20356/16177/15234/16600/18576/17999/73182/18438/230784/16923/14158/54616/14694/26362/20312/11651/68943/52377/13194/75778/14268/56745/17392/16948/13866/21983/68585/68077/20315/22166/17772/67389/18214/268857/23897/15442/210973/109042/320664/19128/22084/22339/16878/224640/14538/56716/66214/104943/18706/20779/11600/74392/235611/227743/70527/18570/12540/18709/56717/24064/22325/71785/14083/64436/14360/19249/22160/14775/18596/22433/26365/14173/57320/14462/75747/28106/20304/16452/15361/67888/209012/16193/21803",-0.21791208202974,2.62516561238935,-2.84307769441909,0.21791208202974,2.62516561238935,2.84307769441909,"mixed or incomplete"
"mouse KO vs WT vs mouse het vs WT","GO_BP","GO:0060560","developmental growth involved in morphogenesis","either",0.05,"shared negative",-0.20637365523046,0.20637365523046,-1.40276529526196,-1.60913895049242,0.353571704483245,0.0158415734339268,"18080/20474/213084/20356/21803/13609/71751/12387/20983/14183/17755/50706/16210/23999/76457/22422/83431/12704/83767/56320/18472/13841/70834/22418/18032/13617/19014/18844/20315/330914/20346/75788/20564/18846/328572/15982/14268/13175/12305/19876/19411/11622/239667/17756/269152/16480/13169/319974/14168/76901/18128/20682","11820/18080/213084/70834/19014/12305/328572/382018/330914/75788/20563/29869/78908/20356/11658/76457/20983/20682/83767/71436/18846/18844/12387/20564/13169/15982/19411/76901/12977/18128/22418/20315/239667/17756/11622/269152/13841/16480/56320/50706/13609/14168/19876/13617/319974","GO:0060560","GO:0060560","GO:0060560","developmental growth involved in morphogenesis","developmental growth involved in morphogenesis","developmental growth involved in morphogenesis",0.961151569525348,0.783462786562495,0.105981627114194,-1.80020168513696,-0.451522497840213,FALSE,TRUE,FALSE,"20563/20564/18846/20356/21923/11658/20346/18186/29869/20361/13169/12568/22601/13690/68404/22352/14268/319757/225348/12977/75788/68585/235542/20430/20315/16971/269878/50721/27279/18080",-0.20637365523046,2.36391686478731,-2.57029052001777,0.20637365523046,2.36391686478731,2.57029052001777,"mixed or incomplete"
"mouse KO vs WT vs mouse het vs WT","GO_BP","GO:2000181","negative regulation of blood vessel morphogenesis","either",0.05,"shared negative",-0.20628542497049,0.20628542497049,-1.64937568543057,-1.85566111040106,0.167774937958336,0.00858941130114058,"26427/66214/20692/68545/18576/16600/15239/20351/16598/21413/13855/30944/18015/19274/14254/20296/20317","230775/17300/13638/18015/21826/114715/23876/20416/246703/14886/21808/16600/13855/240725/20692/12387/18576/18787/66214/21413/19274/100952/30944/20358/26427/16878/20351/14254/20296/20317","GO:2000181","GO:2000181","GO:2000181","negative regulation of blood vessel morphogenesis","negative regulation of blood vessel morphogenesis","negative regulation of blood vessel morphogenesis",1.10119260755719,0.602241306696453,0.220229460289368,-2.06603660071211,-0.775272913109836,FALSE,TRUE,FALSE,"20692/20317/23876/16600/20846/18576/16923/12827/246703/19242/21413/21826/14886/20226/114715",-0.20628542497049,2.75056829298776,-2.95685371795825,0.20628542497049,2.75056829298776,2.95685371795825,"mixed or incomplete"
"mouse KO vs WT vs mouse het vs WT","GO_BP","GO:0048588","developmental cell growth","either",0.05,"shared negative",-0.20581423899444,0.20581423899444,-1.45198931018542,-1.65780354917986,0.212243518740099,0.0119910402182398,"18080/213084/26398/20356/19736/71751/56376/12387/20983/17755/50706/16210/23999/76457/83431/12704/83767/56320/18472/14042/13841/11548/238161/381022/70834/22418/18032/13617/18844/20315/330914/20346/75788/20564/18846/223499/328572/15982/14268/13175/12305/22402/19876/19411/239667/17756/16480/13169/14463/319974/14168/76901/20682","381022/83431/12568/236732/26398/110006/17755/14268/13043/11640/18472/68585/14381/106042/14815/20187/18186/11546/11820/18080/213084/70834/12305/328572/382018/330914/75788/20563/238161/53817/29869/78908/223499/20356/11658/11548/76457/108058/20983/20682/83767/56376/71436/18846/18844/12387/20564/13169/110196/15982/14042/19411/76901/22418/20315/239667/17756/13841/16480/56320/50706/14168/19876/22402/13617/319974","GO:0048588","GO:0048588","GO:0048588","developmental cell growth","developmental cell growth","developmental cell growth",1.09283110999541,0.578174704160835,0.237940913155992,-1.92114314038356,-0.673165562890312,FALSE,TRUE,FALSE,"20563/20564/18846/20356/14381/11658/20346/18186/11739/29869/20361/13169/12568/23988/13690/68404/22352/14268/319757/225348/75788/68585/20430/110196/20315/16971/269878/19735/50721/27279/18080/76901/23999/26398/28185/18472/11820/110006/108058/11426/17755/13640/22339/56376/233489/108655",-0.20581423899444,2.54482042018083,-2.75063465917527,0.20581423899444,2.54482042018083,2.75063465917527,"mixed or incomplete"
"mouse KO vs WT vs mouse het vs WT","GO_BP","GO:0001936","regulation of endothelial cell proliferation","either",0.05,"shared negative",-0.19846453186587,0.19846453186587,-1.5789002252227,-1.77736475708857,0.210361142515509,0.0180109755313218,"22418/20848/66214/20315/22084/20850/20692/14461/353156/14182/74370/11541/78757/71093/18015/18750/13655/13601/19274/14254/20296","78757/11541/69683/20356/20848/240725/20850/74370/20692/66214/17260/19274/22418/20315/71093/353156/14461/13655/18750/14254/20296/13601","GO:0001936","GO:0001936","GO:0001936","regulation of endothelial cell proliferation","regulation of endothelial cell proliferation","regulation of endothelial cell proliferation",1.07021633661442,0.649252859938219,0.187586128641052,-1.74446276378257,-0.677034479107708,FALSE,TRUE,FALSE,"20692/11819/26903/20356/14609/20846/71093/11651/12554/20254/74370/13655/20315/13601/69683/50721/240185/18176/22084/22339/66214/68992/353156/18570/56717/11541/16416/14173/13386/69745/28106/18803",-0.19846453186587,2.64911656183712,-2.84758109370299,0.19846453186587,2.64911656183712,2.84758109370299,"mixed or incomplete"
"mouse KO vs WT vs mouse het vs WT","GO_BP","GO:0010721","negative regulation of cell development","either",0.05,"shared negative",-0.19823331538955,0.19823331538955,-1.67271528330028,-1.87094859868983,0.0451519277102368,0.000159672006186873,"12703/29869/20563/57259/76566/13643/235106/18109/230674/14118/16149/21648/213084/74498/20356/18708/12399/18102/21803/76441/13866/50849/56741/12387/15284/15205/20983/12578/217166/22422/12704/216858/94091/13841/235472/12257/22418/15507/72147/20481/22084/20850/20535/20660/228357/20346/14461/16950/18846/16852/15904/15982/235402/107503/107829/13610/19401/239667/17756/18015/70673/15901/16362/21930/20666/26365/14168/18128/103743/217154","19401/16149/15205/13866/68585/211770/50500/20187/50849/74498/18186/57259/56468/18015/17869/14102/213084/107829/21807/12578/16362/320840/20563/14083/12399/21838/29869/21930/19055/216190/16952/20356/83433/20983/20850/20535/217166/12257/18708/56741/76566/18846/12387/216858/15901/15284/15982/107503/235106/16852/18128/22418/239667/16950/217154/13610/17756/14461/235402/13841/20660/14168/70673/20666/26365/15904/103743","GO:0010721","GO:0010721","GO:0010721","negative regulation of cell development","negative regulation of cell development","negative regulation of cell development",1.11997162923493,0.559361841053249,0.252307163966036,-3.79677121801457,-1.34532370324534,FALSE,TRUE,TRUE,"15944/20563/235106/14118/227292/18846/15901/20356/93694/21838/20346/18186/29869/16453/12568/16950/15364/12257/73181/15902/16952/19242/229615/12394/13866/68585/99375/76893",-0.19823331538955,2.79268691253521,-2.99092022792476,0.19823331538955,2.79268691253521,2.99092022792476,"mixed or incomplete"
"mouse KO vs WT vs mouse het vs WT","GO_BP","GO:1901343","negative regulation of vasculature development","either",0.05,"shared negative",-0.19720214299021,0.19720214299021,-1.64937568543057,-1.84657782842078,0.167774937958336,0.00834476334948204,"26427/66214/20692/68545/18576/16600/15239/20351/16598/21413/13855/30944/18015/19274/14254/20296/20317","230775/17300/13638/18015/21826/114715/23876/20416/246703/14886/21808/16600/13855/240725/20692/12387/18576/18787/66214/21413/19274/100952/30944/20358/26427/16878/20351/14254/20296/20317","GO:1901343","GO:1901343","GO:1901343","negative regulation of vasculature development","negative regulation of vasculature development","negative regulation of vasculature development",1.10119260755719,0.602241306696453,0.220229460289368,-2.07858597503883,-0.775272913109836,FALSE,TRUE,FALSE,"20692/20317/23876/16600/20846/18576/16923/12827/246703/19242/21413/21826/14886/20226/114715",-0.19720214299021,2.75056829298776,-2.94777043597797,0.19720214299021,2.75056829298776,2.94777043597797,"mixed or incomplete"
"mouse KO vs WT vs mouse het vs WT","GO_BP","GO:0050767","regulation of neurogenesis","either",0.05,"shared negative",-0.19669760030985,0.19669760030985,-1.63935844148266,-1.83605604179251,0.0219203611794997,5.6027703347365e-05,"66713/13643/26396/235106/18627/18109/230674/11858/23879/22341/18080/21648/213084/74498/20356/20893/21803/71751/56381/76441/17118/69807/50849/56741/12387/15205/20983/17755/233064/23999/235611/217166/21817/11421/22422/83431/12704/216858/76854/56320/18472/224617/140570/94091/13841/13838/20238/235472/12257/22418/70237/13631/20315/216869/330914/20481/22084/20393/20660/17380/228357/20346/75788/18846/328572/15904/15982/14268/235402/21938/14375/20720/107503/67784/19876/13385/239667/17756/18015/16480/13169/268902/15901/13649/11484/20666/16842/20312/14168/76901/18128/103743/108100/14254/20317","58234/26396/12306/15205/98733/18472/68585/20674/13631/20187/140570/50849/74498/18186/18015/17869/17295/22596/14102/20238/66993/68151/18080/213084/67299/70237/328572/320840/330914/75788/20563/14083/21838/20893/16195/235611/29869/18606/12361/19055/216190/20356/83433/20983/21817/11484/104156/217166/12257/11865/56741/18846/12387/67784/216858/17118/15228/13169/15901/15982/107503/235106/76901/13385/18128/22418/20315/239667/20720/14375/16878/17756/235402/13841/665113/20660/16480/11421/56320/14168/108100/268902/16842/20393/17380/19876/14254/20666/15904/103743/20312/20317","GO:0050767","GO:0050767","GO:0050767","regulation of neurogenesis","regulation of neurogenesis","regulation of neurogenesis",1.06910550311717,0.596791556728232,0.224177329791884,-4.25159717949582,-1.65915229430394,FALSE,TRUE,TRUE,"20539/20563/20317/235106/12361/20720/227292/26396/18846/15901/20356/21838/20346/18186/29869/20361/13169/12568/15364/13631/12257/73181/20312/22601/67299/17158/22596/24088/98733/13690/22352/14268/319757/15902/19242/75788/76454/68585/76893/20430/20315/14375/16971/269878/27279/18080/104156/23966/16800/269951/26395/76901/23999/18472/72162/11421/230674/13555/20481/11426/56711/11865/17755/56741/19164/74006/13640/22084/22339/16878/66515/233489/53605/12306/245886/103743/26419/29819/70237/235611/74117",-0.19669760030985,2.70846394459983,-2.90516154490968,0.19669760030985,2.70846394459983,2.90516154490968,"mixed or incomplete"
"mouse KO vs WT vs mouse het vs WT","GO_BP","GO:0003180","aortic valve morphogenesis","either",0.05,"shared negative",-0.19552279536923,0.19552279536923,-1.72921174244363,-1.92473453781286,0.266677856151,0.0173426017827455,"14462/100952/18018/20564/17130/19876/268902/14463/12006/18128/20682","20563/14462/22160/20682/20564/17130/100952/18128/12006/268902/19876","GO:0003180","GO:0003180","GO:0003180","aortic valve morphogenesis","aortic valve morphogenesis","aortic valve morphogenesis",0.963421151137175,0.755745928175959,0.12162418404492,-1.76088574797129,-0.574013044867657,FALSE,TRUE,FALSE,"20563/20564/19645/23794/100952/21813/22160/14462/21803",-0.19552279536923,2.6926328935808,-2.88815568895004,0.19552279536923,2.6926328935808,2.88815568895004,"mixed or incomplete"
"mouse KO vs WT vs mouse het vs WT","GO_BP","GO:0045765","regulation of angiogenesis","either",0.05,"shared negative",-0.19458390102612,0.19458390102612,-1.56058371120997,-1.75516761223609,0.0919894471272337,0.0025215097614565,"22418/20848/15507/26427/66214/23939/109901/20692/68545/18576/78560/16600/14461/15239/20351/16598/21413/12189/67784/13855/17395/30944/320910/18015/16480/15901/14463/18750/215798/13601/20312/26365/80837/19274/11826/19223/14254/20296/246707/20317","240185/230775/17300/15442/18186/13638/67154/18015/16402/21826/15586/11826/114715/78560/23876/20416/246703/22433/14886/14645/72106/21808/16600/69683/15234/13855/243912/20356/20848/13731/240725/19223/21817/12266/16392/20692/12387/18576/17395/18787/67784/66214/15901/21413/19274/100952/30944/109901/20358/22418/26427/16878/246707/14461/20351/18750/16480/14254/80837/26365/215798/20296/320910/20312/13601/20317","GO:0045765","GO:0045765","GO:0045765","regulation of angiogenesis","regulation of angiogenesis","regulation of angiogenesis",1.43589181080331,0.0669922640997791,1.17397534435512,-2.59833934622843,-1.03626199132054,FALSE,TRUE,FALSE,"20692/20317/12266/13731/23876/80837/20684/11535/15901/20356/18186/22375/15234/16600/20846/12490/23892/78560/70097/18576/16923/12827/142980/15364/20312/11745/246703/109901/21937/19242/12394/68585/21413/80898/13601/53614/69683/50721/27279/21826/14886/20226/114715/215798/223780/240185/16451/20416/18176/11518/15442/18081/216527/16598/18024/22339/16878/11826/66214/17872/100952/21813/11350/13078/18570/19223/243912/15251/24064",-0.19458390102612,2.99647552201328,-3.1910594230394,0.19458390102612,2.99647552201328,3.1910594230394,"mixed or incomplete"
"mouse KO vs WT vs mouse het vs WT","GO_BP","GO:0048562","embryonic organ morphogenesis","either",0.05,"shared negative",-0.19042364220541,0.19042364220541,-1.53750377480109,-1.7279274170065,0.0771806536807191,0.00527594859142209,"21812/93840/15586/17127/18764/18109/231070/20897/18605/27419/14118/270685/20474/23967/106633/67661/12387/110796/15530/21809/15284/15531/15205/71175/14633/14183/22658/277939/14462/17260/18129/21417/216560/17150/22418/15434/21386/13617/14632/192170/14119/67671/57265/20692/14461/216274/12814/320878/16568/17240/14182/58250/15227/19411/21414/14451/14463/68588/105782/20666/241226/110253/109934/20204/13543/18128/20682/216616","15531/14051/17869/30791/13543/67671/14119/21677/22658/15586/14182/76365/12814/14462/26417/18129/21808/193385/22160/192170/23967/270685/231070/20682/21417/15227/20692/12387/105782/15228/57265/21809/20204/15284/239250/17260/19411/18128/22418/110253/17240/21386/14461/320878/18605/109934/58250/68588/20666/21414/14451/17150/13617/241226","GO:0048562","GO:0048562","GO:0048562","embryonic organ morphogenesis","embryonic organ morphogenesis","embryonic organ morphogenesis",0.97511897989283,0.782412574833729,0.10656417823961,-2.27769944484866,-1.11249154749659,FALSE,TRUE,FALSE,"20692/14119/270685/14451/14118/17150/18933/14609/20897/19664/17387/21677/18764/241226/15257/67661/110796/245866/22601/20204/319757/15902",-0.19042364220541,2.51262275469392,-2.70304639689933,0.19042364220541,2.51262275469392,2.70304639689933,"mixed or incomplete"
"mouse KO vs WT vs mouse het vs WT","GO_BP","GO:0042063","gliogenesis","either",0.05,"shared negative",-0.18750982415269,0.18750982415269,-1.35140900607899,-1.53891883023168,0.379772745227986,0.0153448652275932,"52615/192157/14733/26396/235106/18109/230674/13667/18605/27419/18693/18591/19058/14824/21803/76441/192897/13866/50849/12387/20678/15205/22142/217166/14784/18472/13003/13838/15979/20238/12799/51800/12257/12569/20848/19271/18032/328365/216869/20481/12825/18810/15904/12833/53321/14268/235402/21938/14432/20720/107503/17937/18015/67916/13649/11484/105782/20666/215798/16842/20312/17181/18858/18128/103743/20682/14254/20296/216616","12759/18023/14268/11305/20586/13853/209354/58234/668158/121021/26396/15205/14733/13866/18472/68585/56386/14815/14173/108067/50849/18015/17869/19058/14102/20238/14745/11820/192897/14784/12569/14766/320840/12799/18810/14083/74761/26417/21808/16195/18606/22142/20848/14758/17986/83433/11484/104156/20682/217166/17937/12257/12988/18619/15979/12387/105782/53321/15228/14432/12825/107503/235106/12977/13003/18128/20678/20720/18858/16878/12833/235402/18605/16842/14254/20666/215798/15904/20296/17181/103743/20312/67916","GO:0042063","GO:0042063","GO:0042063","gliogenesis","gliogenesis","gliogenesis",1.31754450897689,0.187370721711945,0.727298270397736,-1.81403692158013,-0.420476206059806,FALSE,TRUE,FALSE,"74761/20539/14432/235106/20720/243853/12833/26396/17937/17181/22142/13003/224045/17387/12799/12568/12825/18438/17250/15364/12257/67916/12176/13629/20312/11651/14870/236539/24088/21937/53321/22352/14268/319757/22388/12977/15902/19242/13866/68585/67453/59287/76893/16971/17988/223697/104156/23966/14733/269951/26395/15461/252875/27419/215798/18472/19263/17874/108067/11820/225608/230674/21898/13555/20481/56711/26417/19164",-0.18750982415269,2.66895351505588,-2.85646333920857,0.18750982415269,2.66895351505588,2.85646333920857,"mixed or incomplete"
"mouse KO vs WT vs mouse het vs WT","GO_BP","GO:0031346","positive regulation of cell projection organization","either",0.05,"shared negative",-0.18735682314085,0.18735682314085,-1.33172998913553,-1.51908681227638,0.278634807677965,0.0157376385082591,"230872/55978/20698/18080/213084/20356/18708/18102/14824/71751/11771/17118/11908/223593/21809/215445/17755/23999/235180/242687/235611/353047/83431/19230/18483/56320/18472/224617/140570/13838/56699/22418/70237/15507/52513/13631/20315/330914/18214/22084/20393/382056/14362/73710/14534/69710/75788/104445/67998/328572/64297/18195/14182/227541/14268/216739/20720/67784/12305/18439/19876/108686/13385/18003/18015/16480/13169/268902/192786/20312/319974/72844/13543/11826/108100/53860/23965/216616/20317","18015/17295/13543/14745/68151/18080/213084/56699/69710/11785/11826/14182/12305/70237/328572/320840/330914/75788/11881/67998/192786/214459/235611/18606/14534/12361/193385/15234/20266/20356/235180/18442/18708/104445/18195/11908/52513/19230/67784/17118/108686/13169/21809/18003/18214/18483/235106/18439/13385/22418/20315/20720/216739/98845/16878/64297/73710/53860/72844/665113/16480/56320/14362/108100/268902/20393/19876/23965/20312/319974/20317","GO:0031346","GO:0031346","GO:0031346","positive regulation of cell projection organization","positive regulation of cell projection organization","positive regulation of cell projection organization",1.19778328676996,0.360748332763338,0.442795667367817,-1.80306043460558,-0.55496463149347,FALSE,TRUE,FALSE,"20317/235106/11567/14362/12361/20720/26396/11603/52163/18442/20356/72844/18186/15234/20361/22240/13169/22359/13631/20312/11651/192176/24088/98733/16403/13690/22352/14268/74187/19242/18643/75788/76454/23789/68585/52906/20430/20315/18214/18003/235180/52513/16971/269878/19735/27279/18080/16819/26395/15461/23999/230872/18472/72162/23965/269254/11845/75974/208727/14534/192786/109905/260409/11426/18024/17755/74006/21821/13640/22084/22339/16878/242687/11826/66515/23854/233489/55978/245886/20779/104252/29819/11881/70237/235611/11350/74117",-0.18735682314085,2.52951327590549,-2.71687009904634,0.18735682314085,2.52951327590549,2.71687009904634,"mixed or incomplete"
"mouse KO vs WT vs mouse het vs WT","GO_BP","GO:0031290","retinal ganglion cell axon guidance","either",0.05,"shared negative",-0.18198630070597,0.18198630070597,-1.82614476132319,-2.00813106202916,0.17138220861636,0.00858941130114058,"104360/20563/16392/22772/13841/319504/13845/268902/19274","319504/22772/18186/20563/11658/17986/13845/16392/19274/12167/13841/268902","GO:0031290","GO:0031290","GO:0031290","retinal ganglion cell axon guidance","retinal ganglion cell axon guidance","retinal ganglion cell axon guidance",1.37839982379202,0.386705223834287,0.412619961190235,-2.06603660071211,-0.766034264681112,FALSE,TRUE,FALSE,"20563/11658/18186/12167",-0.18198630070597,3.20454458511521,-3.38653088582118,0.18198630070597,3.20454458511521,3.38653088582118,"mixed or incomplete"
"mouse KO vs WT vs mouse het vs WT","GO_BP","GO:0043542","endothelial cell migration","either",0.05,"shared negative",-0.18160714148316,0.18160714148316,-1.43525645672404,-1.6168635982072,0.215390912167223,0.0235367787719361,"14314/18591/11819/240185/22341/20356/14824/21803/22122/56233/14645/23970/15184/14462/17260/68992/18133/107321/22418/15507/66214/21804/56218/19245/20850/20401/20692/269608/17886/78560/16600/14461/105844/20351/192197/14182/11541/14268/67784/72630/19876/71093/11600/94352/18015/16480/67916/18750/13655/26365/18128/80837/19274/20317","14173/79221/11501/240185/18186/18015/17295/68328/192197/269608/14182/114715/78560/20401/56218/15184/20563/94352/22122/14083/14462/17886/14645/16600/23970/11541/69683/16952/20356/13731/20850/107321/20692/67784/66214/17260/19274/18128/21804/22418/18133/71093/11600/14461/14314/13655/20351/18750/16480/19876/19245/80837/26365/67916/20317","GO:0043542","GO:0043542","GO:0043542","endothelial cell migration","endothelial cell migration","endothelial cell migration",1.37067176366073,0.19906833547616,0.700997814917932,-1.62825297468287,-0.666772624524056,FALSE,TRUE,FALSE,"20692/20563/20317/13731/80837/11819/20684/21804/20356/14314/18186/16600/23892/78560/70097/14751/18438/56048/19225/71093/21814/67916/11745/11651/192197/19241/14268/16952/19242/12554/20855/23789/79221/72630/13655/69683/16819/19245/114715",-0.18160714148316,2.80592822038477,-2.98753536186793,0.18160714148316,2.80592822038477,2.98753536186793,"mixed or incomplete"
"mouse KO vs WT vs mouse het vs WT","GO_BP","GO:0045637","regulation of myeloid cell differentiation","either",0.05,"shared negative",0.17571145594731,0.17571145594731,-1.69588244958701,-1.5201709936397,0.0490718867667033,0.0790592233435816,"14118/16149/223870/18708/18102/21803/97086/93686/18035/17342/14645/12387/14281/12349/12608/17260/12192/18129/15499/20848/20308/170826/19014/72147/223690/20850/16969/14461/223770/20851/74370/16948/19411/107829/19401/320404/18003/217127/21847/18015/70673/215653/21930/18750/19659/16842/26365/217154/15511","14281/57259/18015/17869/14102/17342/223870/19014/11479/107829/217127/18129/223770/14645/223690/21930/20851/19055/15499/320404/20848/93686/83433/20850/74370/16948/18708/12192/12387/97086/18003/17260/19411/12977/217154/21847/16878/14461/18750/19659/70673/16842/26365","GO:0045637","GO:0045637","GO:0045637","regulation of myeloid cell differentiation","regulation of myeloid cell differentiation","regulation of myeloid cell differentiation",-1.16840136278663,0.427431153582606,-0.369133827197826,-1.10204745636357,-1.30916724349422,FALSE,FALSE,TRUE,"53621/320404/22083/14645/54624/16825/66193/233904/20851/17268/100201/50754/18015/15526/75302/217127/226421/12912/21847/14184/26564/229700/223690/19014/23871/22034/14102/17096/57259/83554/18035/11501/16969/11789/11479/193740/14461/16476/22761/21873/170826/217154/14159/15511",0.17571145594731,0.52748108680038,-0.35176963085307,0.17571145594731,0.52748108680038,0.35176963085307,"all negative"
"mouse KO vs WT vs mouse het vs WT","GO_BP","GO:0016525","negative regulation of angiogenesis","either",0.05,"shared negative",-0.17220727663733,0.17220727663733,-1.65724895650258,-1.82945623313991,0.168481365914708,0.00880182690076175,"26427/66214/20692/68545/18576/16600/15239/20351/16598/21413/13855/30944/18015/19274/14254/20296/20317","230775/17300/13638/18015/21826/114715/23876/20416/246703/14886/21808/16600/13855/240725/20692/12387/18576/18787/66214/21413/19274/100952/30944/20358/26427/16878/20351/14254/20296/20317","GO:0016525","GO:0016525","GO:0016525","negative regulation of angiogenesis","negative regulation of angiogenesis","negative regulation of angiogenesis",1.11397002706997,0.585604433236823,0.232395644171315,-2.05542717664824,-0.773448125225447,FALSE,TRUE,FALSE,"20692/20317/23876/16600/20846/18576/16923/12827/246703/19242/21413/21826/14886/20226/114715",-0.17220727663733,2.77121898357255,-2.94342626020988,0.17220727663733,2.77121898357255,2.94342626020988,"mixed or incomplete"
"mouse KO vs WT vs mouse het vs WT","GO_BP","GO:0051962","positive regulation of nervous system development","either",0.05,"shared negative",-0.17185001544904,0.17185001544904,-1.58593038680508,-1.75778040225412,0.0526727049135714,0.000531526948803791,"22341/216856/18080/213084/20356/232227/18708/21803/71751/56381/17118/69807/230775/12387/15205/17755/233064/23999/245666/235611/21817/11421/83431/76854/56320/18472/224617/140570/13838/20238/12257/22418/70237/13631/20315/16981/216869/330914/20393/17380/75788/99633/328572/20351/14268/13845/21938/14375/20720/67784/19876/13385/16480/13169/268902/13649/107065/11484/18750/20666/75409/20312/76901/18128/108100/14254/64085/20317","17869/17295/22596/20238/21826/66993/68151/18080/213084/70237/328572/330914/75788/20563/14083/16180/16195/235611/18606/12361/20356/21817/11484/104156/12257/107065/13845/18708/12387/67784/17118/15228/13169/239250/76901/13385/18128/22418/20315/20720/14375/16878/20351/18750/16981/665113/16480/11421/56320/99633/108100/268902/20393/17380/19876/14254/20666/319387/75409/20312/64085/20317","GO:0051962","GO:0051962","GO:0051962","positive regulation of nervous system development","positive regulation of nervous system development","positive regulation of nervous system development",1.13001496484766,0.502397977263784,0.298952117807774,-3.27447471153564,-1.27841437864509,FALSE,TRUE,FALSE,"20539/20563/20317/12361/20720/26396/11603/20356/64085/18186/20361/13169/71228/13631/99633/12257/20312/17158/22596/24088/98733/13690/22352/14268/319757/15902/19242/75788/76454/68585/20430/20315/14375/16971/269878/27279/18080/21826/104156/23966/26395/76901/23999/378937/18472/72162/11421/13555/11426/56711/17755/74006/13640/22339/16878/66515/233489/53605/245886/26419/29819/70237/235611/74117",-0.17185001544904,2.71594535165274,-2.88779536710178,0.17185001544904,2.71594535165274,2.88779536710178,"mixed or incomplete"
"mouse KO vs WT vs mouse het vs WT","GO_BP","GO:0051963","regulation of synapse assembly","either",0.05,"shared negative",-0.16867086181973,0.16867086181973,-1.65034765483631,-1.81901851665604,0.0768489790097497,0.00162191733452729,"18208/239250/65945/105689/18190/20563/13643/235106/319387/243548/216856/20474/232227/223870/238205/57138/18708/15569/56376/230775/12387/14674/17755/17260/245666/238130/18483/13841/74762/80749/22418/70237/330662/13631/16981/330914/73728/15529/14362/228357/217124/210094/545428/99633/20351/14182/13845/13175/19876/13385/53413/107065/18750/75409/210293/217333/64085","18002/29819/76108/74488/18190/17755/14735/330814/442801/56212/68585/106042/27205/13631/72621/230775/21826/223870/11820/54216/545428/14182/70237/320840/330914/20563/14083/16180/238205/217333/80749/74762/217124/53413/56376/107065/13845/259302/18708/12387/15529/238130/330662/18483/239250/235106/17260/13385/22418/210094/210293/20351/18750/16981/13841/14362/99633/19876/319387/75409/64085","GO:0051963","GO:0051963","GO:0051963","regulation of synapse assembly","regulation of synapse assembly","regulation of synapse assembly",0.950275750514593,0.796290318945477,0.0989285642613332,-2.78997128457217,-1.1143618980195,FALSE,TRUE,FALSE,"20563/235106/14362/11603/399558/64085/53413/217692/22359/71228/238130/13631/99633/15529/24088/22192/14739/108155/68585/223254/21826/72621/378937/11820/11845/208643/17755/13640/330662/56376/29819/70237/74117/234664/320840/105827/225875/14083/259302/19249",-0.16867086181973,2.6006234053509,-2.76929426717063,0.16867086181973,2.6006234053509,2.76929426717063,"mixed or incomplete"
"mouse KO vs WT vs mouse het vs WT","GO_BP","GO:0003176","aortic valve development","either",0.05,"shared negative",-0.16597307967017,0.16597307967017,-1.63744636479226,-1.80341944446243,0.335232901900251,0.0323106187209161,"14462/100952/18018/20564/17130/21938/19876/268902/14463/12006/18128/20682","20563/14462/22160/20682/20564/17130/100952/18128/12006/268902/19876","GO:0003176","GO:0003176","GO:0003176","aortic valve development","aortic valve development","aortic valve development",1.17415222350974,0.573389557088864,0.241550220946529,-1.49065472553213,-0.47465336351286,FALSE,TRUE,FALSE,"20563/20564/19664/21937/19645/23794/100952/21813/22160/14462/12156/21803",-0.16597307967017,2.811598588302,-2.97757166797217,0.16597307967017,2.811598588302,2.97757166797217,"mixed or incomplete"
"mouse KO vs WT vs mouse het vs WT","GO_BP","GO:0045686","negative regulation of glial cell differentiation","either",0.05,"shared negative",-0.16552110134613,0.16552110134613,-1.84531970415641,-2.01084080550254,0.152403274777865,0.00858941130114058,"18109/230674/76441/12387/15205/217166/15904/235402/107503/18015/18128/103743","83433/217166/12387/107503/18128/235402/15904/103743","GO:0045686","GO:0045686","GO:0045686","negative regulation of glial cell differentiation","negative regulation of glial cell differentiation","negative regulation of glial cell differentiation",-1.21218063019052,0.535524007862993,-0.271221054713164,-2.06603660071211,-0.817005700957861,FALSE,TRUE,FALSE,"14184/13392/13389/12159/63953/217166",-0.16552110134613,0.63313907396589,-0.79866017531202,0.16552110134613,0.63313907396589,0.79866017531202,"all negative"
"mouse KO vs WT vs mouse het vs WT","GO_BP","GO:0050673","epithelial cell proliferation","either",0.05,"shared negative",-0.16393201086578,0.16393201086578,-1.4406613175864,-1.60459332845218,0.158700412618992,0.0077549430744208,"18591/11819/15235/240185/22341/22337/22433/20474/23967/20356/80748/12399/18102/14824/21803/404710/11799/54375/67661/13866/14645/12387/15530/21809/81896/15205/14183/12608/14462/17260/12192/22410/12578/217166/68992/18129/15473/13924/235505/18133/106795/22418/15117/20848/72043/13617/66214/19014/20315/14632/18103/22084/20850/20692/14461/353156/16568/14182/74370/11541/78757/20913/19876/13132/71093/11622/14451/94352/18015/15901/13649/110351/18750/20666/13655/13601/18612/26365/13123/18128/19274/16010/20682/14254/16009/20296/20317","94352/22433/13924/22410/15473/12399/14462/18129/14645/21808/18612/78757/11541/12361/94275/22160/23967/20913/69683/15234/20356/20848/404710/240725/20850/20682/217166/11799/74370/80748/16392/12192/20692/54375/12387/66214/16009/21809/15901/268857/17260/19274/18128/13132/22418/20315/18133/71093/11835/353156/14461/11622/13655/18750/13123/16010/235505/19876/14254/72043/20666/14451/26365/15117/20296/13617/13601/20317","GO:0050673","GO:0050673","GO:0050673","epithelial cell proliferation","epithelial cell proliferation","epithelial cell proliferation",1.23934016263752,0.27987608490383,0.553034209922664,-2.11042138580082,-0.799421944083725,FALSE,TRUE,FALSE,"20692/20317/14451/74155/22337/16010/14178/12361/11819/19275/26396/26903/13874/15901/67996/20356/14609/15234/12567/17387/20846/12490/16009/73447/67661/15364/54616/245866/71093/21814/18148/22601/11651/70465/319757/20852/80748/15902/56213/19242/12554/20254/13866/68585/74370/59287/12443/13655/20315/13601/12837/69683/12444/50721/12050/268857/26395/13039/15461/240185/19645/75605/18176/11835/81896/94352/19164/13123/21821/94275/22084/22339/12028/108655/66214/72043/18612/20913/23938/68992/12608/16568/353156/18570/12540/67561",-0.16393201086578,2.68000148022392,-2.8439334910897,0.16393201086578,2.68000148022392,2.8439334910897,"mixed or incomplete"
"mouse KO vs WT vs mouse het vs WT","GO_BP","GO:0006805","xenobiotic metabolic process","either",0.05,"shared negative",-0.15725316674993,0.15725316674993,-1.66777095443462,-1.82502412118455,0.233110915726087,0.0386457036550229,"99586/74134/68021/14860/11761/14863/68312/11622/14923/13110/11669/56448/14862/269823","76654/12972/235674/14860/27973/14866/74134/11761/14865/99586/269823/14863/68312/14923/11669/14862/11622/68021/56448/13110","GO:0006805","GO:0006805","GO:0006805","xenobiotic metabolic process","xenobiotic metabolic process","xenobiotic metabolic process",1.58674332529086,0.139835313145183,0.854383140697198,-1.41289878072701,-0.632437389591348,FALSE,TRUE,FALSE,"14873/14870/67768/14923/12972/113868/69719/68312/28253/68021/269823/18754/14869/394435/13078/14863/26450/22017/14865/56448",-0.15725316674993,3.25451427972548,-3.41176744647541,0.15725316674993,3.25451427972548,3.41176744647541,"mixed or incomplete"
"mouse KO vs WT vs mouse het vs WT","GO_BP","GO:0060119","inner ear receptor cell development","either",0.05,"shared negative",-0.14694440424724,0.14694440424724,-1.70290608573069,-1.84985048997793,0.178759013870999,0.0208153027908516,"70615/109181/73750/239250/93840/27419/55978/110789/15205/18472/216560/57265/16568/14182/67042/68588/105782/110253","20971/218756/27419/76260/109181/70615/216560/55978/244152/93840/110789/16568/15205/18472/329628/14182/193385/67042/105782/57265/239250/110253/68588","GO:0060119","GO:0060119","GO:0060119","inner ear receptor cell development","inner ear receptor cell development","inner ear receptor cell development",-0.763263499278317,0.939263874747746,-0.0272123808460227,-1.68161726724468,-0.747732049802487,FALSE,TRUE,FALSE,"93840/224796/100503041/73750/20971/232089/26941/97031",-0.14694440424724,0.939642586452373,-1.08658699069961,0.14694440424724,0.939642586452373,1.08658699069961,"all negative"
"mouse KO vs WT vs mouse het vs WT","GO_BP","GO:0060033","anatomical structure regression","either",0.05,"shared negative",-0.14241937401035,0.14241937401035,-1.8194142870603,-1.96183366107065,0.185078496624603,0.0153448652275932,"14633/22422/14632/70445/16842/14254","17129/55994/16842/14254/70445","GO:0060033","GO:0060033","GO:0060033","anatomical structure regression","anatomical structure regression","anatomical structure regression",-1.60764303679204,0.201337269605136,-0.696075825281914,-1.81403692158013,-0.732644036891456,FALSE,TRUE,FALSE,"11705/16973/55994/14254/14632",-0.14241937401035,0.21177125026826,-0.35419062427861,0.14241937401035,0.21177125026826,0.35419062427861,"all negative"
"mouse KO vs WT vs mouse het vs WT","GO_BP","GO:0019395","fatty acid oxidation","either",0.05,"shared negative",-0.13612266493665,0.13612266493665,-1.55107991533158,-1.68720258026823,0.212334369362773,0.0323169801131152,"216190/71985/23986/338350/51798/20280/56357/15488/56717/14077/97212/52430/66948/100705/80911/13177/216188/19299/12896/11430/66841/110826/52665/216136/11666/72129/71767/13350/18984/114886/67460/105787/12894/11370/52538/20524/11529/26874/20682","11532/76574/11430/20280/56690/19017/110842/14077/66948/235674/53322/23986/12896/12894/110826/216188/11666/52665/52430/15107/216136/67460/22160/19299/216190/66841/105787/13350/20682/51798/114886/52538/11370/71767/18984/20524/26874/11529","GO:0019395","GO:0019395","GO:0019395","fatty acid oxidation","fatty acid oxidation","fatty acid oxidation",1.41292529520605,0.221883750181077,0.653874502477788,-1.49056922900779,-0.672979703353993,FALSE,TRUE,FALSE,"12870/67800/11529/74114/51798/11409/230784/216188/67460/11651/66885/18634/15108/231086/113868/11532/93747/11370/16922/23986/110842/110446/433256/52538/11666/20524/15107/52665/93732/216136/56717/19299/52430/22160/12896/26874/110826/68465/80911",-0.13612266493665,2.96400521053763,-3.10012787547428,0.13612266493665,2.96400521053763,3.10012787547428,"mixed or incomplete"
"mouse KO vs WT vs mouse het vs WT","GO_BP","GO:0042472","inner ear morphogenesis","either",0.05,"shared negative",-0.12949058592894,0.12949058592894,-1.64826262348882,-1.77775320941776,0.185078496624603,0.0323169801131152,"14633/14183/14462/21417/216560/22418/21386/57265/20692/14461/216274/12814/14182/68588/105782/241226/110253/109934/20204/13543/20682","13543/14182/76365/12814/14462/193385/231070/20682/21417/20692/105782/15228/57265/20204/239250/22418/110253/21386/14461/109934/68588/241226","GO:0042472","GO:0042472","GO:0042472","inner ear morphogenesis","inner ear morphogenesis","inner ear morphogenesis",-1.33127763456034,0.240370533154191,-0.61911877324545,-1.49056922900779,-0.732644036891456,FALSE,TRUE,FALSE,"72999/20682/93840/320790/224796/216274/100503041/21385/73750/231070/26564/20471/21417/110279/320398/18423/58235/14048/18124/26941/97031/17920/14461/20474/17910",-0.12949058592894,0.31698498892848,-0.44647557485742,0.12949058592894,0.31698498892848,0.44647557485742,"all negative"
"mouse KO vs WT vs mouse het vs WT","GO_BP","GO:0003007","heart morphogenesis","either",0.05,"shared negative",-0.12490228947716,0.12490228947716,-1.42353603620166,-1.54843832567882,0.261438421527421,0.031837380817192,"16476/13590/20563/21812/93840/16392/17300/17127/18764/63958/27419/11490/21803/13609/17069/22003/67661/12387/15205/71175/14183/277939/14462/17260/18129/18018/20190/14042/233651/22418/20602/15117/21386/20181/66513/13617/19014/328365/50768/77044/57265/14362/20564/12831/17130/12814/320878/14387/16568/15227/67784/77446/20613/19876/11622/67888/19401/11600/268902/14463/12006/20666/215798/13543/18128/20682","93840/20586/19401/20181/71175/16568/15205/68585/106042/22762/17300/18186/329628/13543/66993/11490/21677/77044/19014/116701/233651/20563/12814/17069/20190/14462/18129/21808/22160/12831/13731/17999/22003/20682/16392/15227/12387/14387/20564/77446/67784/17130/57265/14042/66513/17260/18128/20613/22418/11600/21386/11622/320878/67888/12006/14362/13609/268902/19876/20666/215798/15117/13617","GO:0003007","GO:0003007","GO:0003007","heart morphogenesis","heart morphogenesis","heart morphogenesis",1.10761767623977,0.565843532292786,0.247303643822688,-1.49706266780085,-0.582630587256003,FALSE,TRUE,FALSE,"20563/20564/13731/77446/14362/243853/399558/17069/14609/66923/18186/19664/21677/18764/17999/67661/245866/21814/22601/192176/319757/15902/68585/16971/269878/50721/76779/57342/27419/215798/18569/13846/23794/19164/21821/22339/224640/20586/329628/11600/20677/21813/20602/15227/16568/12540/12814/11490/56717/15251",-0.12490228947716,2.53115371244143,-2.65605600191859,0.12490228947716,2.53115371244143,2.65605600191859,"mixed or incomplete"
"mouse KO vs WT vs mouse het vs WT","GO_BP","GO:0022612","gland morphogenesis","either",0.05,"shared negative",-0.1192448967698,0.1192448967698,-1.59124073666835,-1.71048563343815,0.152403274777865,0.025563273417222,"18591/15235/22337/21803/21809/14633/14183/12578/21817/18129/22418/21386/20181/19014/18844/20850/20346/15904/14182/67784/12305/19876/19411/11622/13649/105782/18612/13123/18128/20682/20296","19014/14182/12305/12578/20563/18129/21808/18612/15234/240725/20850/21817/104156/20682/18844/105782/67784/21809/19411/12977/18128/22418/11835/21386/11622/13123/19876/15904/20296","GO:0022612","GO:0022612","GO:0022612","gland morphogenesis","gland morphogenesis","gland morphogenesis",0.952074539623546,0.776698386558826,0.109747597007596,-1.59238353486372,-0.817005700957861,FALSE,TRUE,FALSE,"20563/22337/14178/21923/20346/18186/15234/12333/20852/12977/17698/104156/75605/11835/56711/13123/12028/65960/20779/18612/21813",-0.1192448967698,2.5433152762919,-2.6625601730617,0.1192448967698,2.5433152762919,2.6625601730617,"mixed or incomplete"
"mouse KO vs WT vs mouse het vs WT","GO_BP","GO:0007611","learning or memory","either",0.05,"shared negative",-0.11804055435272,0.11804055435272,-1.39207356320475,-1.51011411755747,0.246673888338879,0.0391669014872904,"242202/98388/70207/94245/14281/20983/12608/18574/66860/22142/17260/76457/66259/666173/104111/14811/18472/108073/11548/22333/20238/70237/12038/18032/14266/20614/13653/20393/382056/20418/17380/14534/217124/218038/328572/17967/21833/195018/11622/223921/18003/18015/11838/13649/18750/241226/14168/104027/13123/210274/64085/17754/14799/20317","18472/17754/18174/56457/14815/16875/238871/14281/18015/16402/20238/11514/11820/666173/13653/11785/195018/70237/328572/53328/15357/14811/65106/22333/22142/14534/53418/19088/210274/11548/20418/76457/83433/20983/23821/217124/12038/104111/108073/110876/18574/18003/14266/17260/223921/21833/98388/11622/18750/13123/104027/11838/14168/20393/17380/17967/64085/241226/20317/14799","GO:0007611","GO:0007611","GO:0007611","learning or memory","learning or memory","learning or memory",0.900480712186367,0.867858151270238,0.0615512531124802,-1.40708078434181,-0.607876820313761,FALSE,TRUE,FALSE,"26570/20317/225870/14799/64085/22142/53418/20897/101489/22335/14751/241226/12568/17250/19224/19225/73181/24088/19165/238871/74653/19242/21983/59287/67979/18003/12444/18795/12288/16819/218038/12227/19088/18472/11820/22333/14534/104111/666173/19164/13123/16526/233489/23802/55978/70237/11350/12608/14281/68667/56717/15251/21333/104027/218461/18203/11838",-0.11804055435272,2.29255427539112,-2.41059482974384,0.11804055435272,2.29255427539112,2.41059482974384,"mixed or incomplete"
"mouse KO vs WT vs mouse het vs WT","GO_BP","GO:0030850","prostate gland development","either",0.05,"shared negative",-0.11783239551442,0.11783239551442,-1.70901427264628,-1.8268466681607,0.174595654431293,0.0339974816855872,"12387/14633/14183/22418/20181/14632/20850/15904/19411/11622/19401/13123/18128/20682/20317","240725/20850/20682/12387/19411/18128/22418/11835/11622/13123/15904/20317","GO:0030850","GO:0030850","GO:0030850","prostate gland development","prostate gland development","prostate gland development",-0.763423297700222,0.931174439193705,-0.0309689539457825,-1.4685532515036,-0.757966569794231,FALSE,TRUE,FALSE,"22215/19156/11789/12159/14632",-0.11783239551442,0.945590974946058,-1.06342337046048,0.11783239551442,0.945590974946058,1.06342337046048,"all negative"
"mouse KO vs WT vs mouse het vs WT","GO_BP","GO:0034440","lipid oxidation","either",0.05,"shared negative",-0.1009440285105,0.1009440285105,-1.59613872810958,-1.69708275662008,0.185923780228271,0.031837380817192,"216190/71985/23986/338350/51798/20280/56357/15488/109778/56717/14077/97212/52430/66948/100705/80911/13177/216188/19299/12896/11430/66841/110826/52665/216136/11666/72129/71767/13350/18984/114886/67460/105787/12894/11370/52538/20524/11529/27226/26874/20682","11532/76574/11430/20280/56690/19017/110842/14077/66948/235674/53322/23986/12896/12894/110826/216188/11666/52665/52430/15107/216136/67460/22160/19299/216190/66841/105787/13350/20682/51798/114886/52538/11370/71767/18984/20524/26874/27226/11529","GO:0034440","GO:0034440","GO:0034440","lipid oxidation","lipid oxidation","lipid oxidation",1.45965704481361,0.162149352014731,0.790084782525939,-1.49706266780085,-0.730665059063922,FALSE,TRUE,FALSE,"12870/67800/27226/11529/11815/74114/51798/11409/230784/216188/67460/11651/66885/18634/15108/231086/113868/11532/93747/11370/16922/23986/110842/110446/433256/52538/11666/20524/666704/15107/52665/93732/216136/56717/19299/52430/22160/12896/26874/110826/68465/80911",-0.1009440285105,3.05579577292319,-3.15673980143369,0.1009440285105,3.05579577292319,3.15673980143369,"mixed or incomplete"
"mouse KO vs WT vs mouse het vs WT","GO_BP","GO:0072001","renal system development","either",0.05,"shared negative",-0.09738490855587,0.09738490855587,-1.59003870401817,-1.68742361257404,0.0526727049135714,0.00208700219600283,"20563/21812/93840/17300/17127/18764/211401/20897/12125/18605/382985/18131/18591/107817/14118/55978/83429/20474/23967/231214/21803/94245/12387/15205/14633/12349/14183/15184/14462/17260/18541/11421/216805/243931/20750/22422/18129/12359/14042/13003/216560/13841/13838/233651/22418/15117/544696/72043/13617/18073/235041/83675/22084/11898/13653/17380/70350/228357/71770/217011/216274/17130/246221/16568/14182/445007/71602/21853/15227/218476/67784/19876/11764/17395/11622/209039/19401/11600/67042/240025/18015/269152/268902/73692/20666/241226/15903/67937/18596/75691/18128/11826/20682/20317/12931","216274/12349/12028/266781/60595/93840/94245/544696/19401/14013/16568/214133/15205/18514/106042/235041/14173/27205/382985/73692/17300/18186/114249/75691/329628/71770/18015/17869/17129/13653/243931/11826/14182/16194/103468/233651/76365/217011/218476/15184/20563/11764/14462/18129/83675/21808/94275/23967/13036/19055/246221/55994/240025/240725/20682/66725/67042/23908/15227/12387/17395/21853/67784/17130/445007/14042/209039/17260/13003/18128/22418/11600/20750/16878/11622/269152/13841/11421/18605/268902/17380/19876/71602/72043/20666/67937/15117/11898/18596/15903/13617/12931/241226/20317","GO:0072001","GO:0072001","GO:0072001","renal system development","renal system development","renal system development",1.13423184879163,0.526433382911808,0.278656578446733,-2.68047709395735,-1.27841437864509,FALSE,TRUE,FALSE,"11475/20563/20317/20750/66725/12826/14118/15903/18263/13003/20897/18186/12931/20846/12490/23892/218476/18764/241226/71228/22393/22601/11898/83675/319757/15902/76260/231214/217011/16348/110446/382985/18595/18514/72938/14585/11421/75691/14082/21853/18073/18763/114249/21821/94275/22084/22339/16878/12028/11826/55978/72043/329628/18004/11600/20677/13797/103213/15227/16568/14633/11609/226548/109674/71785",-0.09738490855587,2.7242705528098,-2.82165546136567,0.09738490855587,2.7242705528098,2.82165546136567,"mixed or incomplete"
"mouse KO vs WT vs mouse het vs WT","GO_BP","GO:0021537","telencephalon development","either",0.05,"shared negative",0.0916249957051001,0.0916249957051001,-1.64458809938076,-1.55296310367566,0.0451519277102368,0.0235998522696683,"12387/14281/15205/233064/22142/235180/235439/18541/666173/83431/18472/14042/13637/67760/74762/22418/20602/22594/12569/72129/77579/18032/18293/20315/328365/22151/218194/20481/17380/73710/14534/20346/76510/217124/12825/237847/52683/545428/18846/22272/16568/15904/14182/13845/16874/107503/57810/19876/19401/18015/268902/13649/105387/16842/75409/320165/14168/11826/14799","19401/58234/668158/16568/15205/18472/68585/20674/20187/16565/14281/329628/18015/71877/67760/22594/14745/666173/18080/545428/11826/14182/12569/14766/67263/218194/20563/59058/22142/14534/76510/74762/217124/22272/235180/13845/66725/18846/12387/237847/110876/15228/12825/107503/14042/52683/22151/22418/20315/105387/16874/73710/14168/268902/16842/17380/19876/75409/15904/14799","GO:0021537","GO:0021537","GO:0021537","telencephalon development","telencephalon development","telencephalon development",1.05068387131152,0.661402279819143,0.179534312429321,-1.62709071561755,-1.34532370324534,FALSE,TRUE,TRUE,"26570/20563/66725/18846/14799/22142/20346/20361/224045/20525/228662/12568/15452/12825/17250/68273/16565/12176/108147/57752/70223/319757/57810/15902/76260/217734/68585/76510/67760/20315/235180/18795/223697/18080/12227/67203/18472/19384/67378/59058/14534/666173/20481/19164/21821/12028/11826",0.0916249957051001,2.69527197069228,-2.60364697498718,0.0916249957051001,2.69527197069228,2.60364697498718,"mixed or incomplete"
"mouse KO vs WT vs mouse het vs WT","GO_BP","GO:0050680","negative regulation of epithelial cell proliferation","either",0.05,"shared negative",-0.0844682715637299,0.0844682715637299,-1.69720010096626,-1.78166837252999,0.0770544023287449,0.00858941130114058,"52615/21812/16392/211401/11819/22337/12399/21803/67661/81896/14183/14462/17260/22410/12578/15473/235505/22418/66214/19014/22084/20692/19876/13132/71093/11622/14451/18015/110351/18612/26365/19274/20682/14254/20296/20317","19014/110351/12578/22410/15473/12399/14462/21808/18612/12361/94275/240725/20682/16392/20692/66214/268857/17260/19274/13132/22418/71093/11835/11622/235505/19876/14254/14451/26365/20296/20317","GO:0050680","GO:0050680","GO:0050680","negative regulation of epithelial cell proliferation","negative regulation of epithelial cell proliferation","negative regulation of epithelial cell proliferation",1.15794334487007,0.521822436591796,0.28247725164721,-2.06603660071211,-1.11320254380521,FALSE,TRUE,FALSE,"20692/20317/14451/22337/12361/11819/14609/20846/73447/67661/245866/71093/21814/18148/70465/319757/19242",-0.0844682715637299,2.85514344583633,-2.93961171740006,0.0844682715637299,2.85514344583633,2.93961171740006,"mixed or incomplete"
"mouse KO vs WT vs mouse het vs WT","GO_BP","GO:0001822","kidney development","either",0.05,"shared negative",-0.08337590595152,0.08337590595152,-1.61462100215034,-1.69799690810186,0.0451519277102368,0.00175754258588763,"20563/21812/93840/17300/17127/18764/211401/20897/12125/18605/382985/18131/18591/107817/14118/55978/83429/20474/23967/231214/21803/94245/12387/15205/14633/12349/14183/14462/17260/18541/11421/216805/243931/20750/22422/18129/12359/14042/13003/216560/13841/13838/233651/22418/15117/544696/72043/13617/18073/235041/83675/22084/11898/13653/17380/70350/228357/71770/217011/216274/17130/246221/16568/14182/445007/71602/21853/218476/67784/19876/11764/17395/11622/209039/19401/11600/67042/240025/18015/269152/268902/73692/20666/241226/15903/67937/18596/75691/18128/11826/20682/20317/12931","216274/12349/12028/266781/60595/93840/94245/544696/19401/16568/214133/15205/18514/235041/14173/27205/382985/73692/17300/18186/114249/75691/329628/71770/18015/17869/17129/13653/243931/11826/14182/16194/103468/233651/217011/218476/20563/11764/14462/18129/83675/21808/94275/23967/13036/19055/246221/55994/240025/240725/20682/66725/67042/23908/12387/17395/21853/67784/17130/445007/14042/209039/17260/13003/18128/22418/11600/20750/16878/11622/269152/13841/11421/18605/268902/17380/19876/71602/72043/20666/67937/15117/11898/18596/15903/13617/12931/241226/20317","GO:0001822","GO:0001822","GO:0001822","kidney development","kidney development","kidney development",1.09038214360288,0.584797297297297,0.232994643183545,-2.75509414306948,-1.34532370324534,FALSE,TRUE,TRUE,"11475/20563/20317/20750/66725/14118/15903/18263/13003/20897/18186/12931/20846/12490/23892/218476/18764/241226/71228/22393/22601/11898/83675/319757/15902/231214/217011/16348/110446/382985/18595/18514/72938/14585/11421/75691/14082/21853/18073/18763/114249/21821/94275/22084/22339/16878/12028/11826/55978/72043/329628/18004/11600/20677/103213/16568/14633/11609/226548/109674/71785/14042/11746/266781/16416/18596/209039/14173/14462/12156",-0.08337590595152,2.70500314575322,-2.78837905170474,0.08337590595152,2.70500314575322,2.78837905170474,"mixed or incomplete"
"mouse KO vs WT vs mouse het vs WT","GO_BP","GO:0003205","cardiac chamber development","either",0.05,"shared negative",-0.0828026002875399,0.0828026002875399,-1.53497837296047,-1.61778097324801,0.178759013870999,0.0340023839638047,"20563/21812/93840/16392/17300/63958/20897/27419/21803/17069/22003/12387/15531/15205/14183/14462/17260/18129/18018/22418/21386/20181/66513/77579/13617/19014/103806/57265/14362/71770/20564/17168/17130/12814/15227/67784/77446/19876/11622/16576/19401/268902/14463/73692/20666/215798/18128/109676","266781/93840/20586/19401/20181/15205/73692/22762/17300/18186/15531/71770/66993/59288/19014/116701/74868/20563/12814/17069/14462/18129/21808/22003/17168/16392/15227/12387/20564/77446/67784/17130/57265/66513/17260/18128/22418/16576/21386/11622/14362/268902/19876/20666/215798/13617/109676","GO:0003205","GO:0003205","GO:0003205","cardiac chamber development","cardiac chamber development","cardiac chamber development",0.853238952253932,0.909143246723733,0.04136768293828,-1.4684906327804,-0.747732049802487,FALSE,TRUE,FALSE,"20563/20564/77446/14362/17069/20897/18186/19664/17168/21814/268977/319757/15902/16971/57342/27419/215798/109676/16911/21821/16526/20586/20677/21813/15227/12814/103806/15251",-0.0828026002875399,2.3882173252144,-2.47101992550194,0.0828026002875399,2.3882173252144,2.47101992550194,"mixed or incomplete"
"mouse KO vs WT vs mouse het vs WT","GO_BP","GO:0008347","glial cell migration","either",0.05,"shared negative",0.07861889711493,0.07861889711493,-1.82465122650226,-1.74603232938733,0.114967221761907,0.0323562210627557,"18472/13003/13838/12257/12569/328365/12825/14268/105782/20312/17181/18858/20296/216616","12568/328365/14268/121021/18472/68585/14102/12569/14766/21808/83433/12257/12387/105782/15228/12825/235106/12977/13003/18858/18605/20296/17181/20312","GO:0008347","GO:0008347","GO:0008347","glial cell migration","glial cell migration","glial cell migration",1.51202676565269,0.162530017130791,0.789066418867397,-1.49004220607789,-0.939425963446927,FALSE,TRUE,FALSE,"235106/17181/13003/17387/12568/12825/18438/12257/20312/22352/14268/12977/68585/76893/16971/223697/269951/18472/19263",0.07861889711493,3.33667799215495,-3.25805909504002,0.07861889711493,3.33667799215495,3.25805909504002,"mixed or incomplete"
"mouse KO vs WT vs mouse het vs WT","GO_BP","GO:0043583","ear development","either",0.05,"shared negative",-0.07853184612915,0.07853184612915,-1.46736862123375,-1.5459004673629,0.252010085008064,0.0395510200156403,"18208/239250/229791/17216/93840/216527/18109/231070/20897/12125/18605/27419/55978/20474/23967/21803/110789/110796/15205/71175/14633/14183/29817/14462/54722/18472/21417/216560/13838/233651/22418/21386/18032/13617/12606/67671/57265/20692/14461/216274/12814/16568/14182/12305/14451/67042/68588/105782/241226/110253/109934/20204/13543/18128/20682","93840/216527/71175/110789/16568/15205/18472/107650/20674/12609/19156/329628/14051/17869/13543/67671/14182/12305/233651/76365/12814/14462/26417/229791/21808/193385/23967/231070/20682/67042/21417/20692/105782/12606/15228/57265/20204/239250/18128/22418/110253/21386/14461/18605/109934/68588/14451/13617/241226","GO:0043583","GO:0043583","GO:0043583","ear development","ear development","ear development",0.938088219290365,0.811017144298926,0.0909699650296318,-1.40284231162391,-0.5985820791561,FALSE,TRUE,FALSE,"20692/29817/15040/15951/14451/18933/20897/19664/241226/12609/110796/20204/22785/76260/27419/16206/18472/14368/216527/17921/26417/14972/21821/54722/16526/55978/329628/16568/14051/14633/12814/15373/24064/16527/218756/65107",-0.07853184612915,2.40545684052412,-2.48398868665326,0.07853184612915,2.40545684052412,2.48398868665326,"mixed or incomplete"
"mouse KO vs WT vs mouse het vs WT","GO_BP","GO:0050769","positive regulation of neurogenesis","either",0.05,"shared negative",-0.0696715712138001,0.0696715712138001,-1.50353280593028,-1.57320437714408,0.127969500986959,0.0181973987755171,"18080/213084/20356/21803/71751/56381/17118/69807/12387/15205/17755/233064/23999/235611/21817/11421/83431/76854/56320/18472/224617/140570/13838/20238/12257/22418/70237/13631/20315/216869/330914/20393/17380/75788/328572/14268/21938/14375/20720/67784/19876/13385/16480/13169/268902/13649/11484/20666/20312/76901/18128/108100/14254/20317","58234/26396/15205/98733/18472/68585/20674/13631/140570/18186/17869/17295/22596/20238/66993/68151/18080/213084/70237/328572/330914/75788/14083/16195/235611/18606/12361/20356/21817/11484/104156/12257/12387/67784/17118/15228/13169/76901/13385/18128/22418/20315/20720/14375/16878/665113/16480/11421/56320/108100/268902/20393/17380/19876/14254/20666/20312/20317","GO:0050769","GO:0050769","GO:0050769","positive regulation of neurogenesis","positive regulation of neurogenesis","positive regulation of neurogenesis",1.04932294875766,0.649252859938219,0.187586128641052,-1.73999068773896,-0.892893523565806,FALSE,TRUE,FALSE,"20539/20317/12361/20720/26396/20356/18186/20361/13169/13631/12257/20312/17158/22596/24088/98733/13690/22352/14268/319757/15902/19242/75788/76454/68585/20430/20315/14375/16971/269878/27279/18080/104156/23966/26395/76901/23999/18472/72162/11421/13555/11426/56711/17755/74006/13640/22339/16878/66515/233489/53605/245886/26419/29819/70237/235611/74117",-0.0696715712138001,2.55285575468794,-2.62252732590174,0.0696715712138001,2.55285575468794,2.62252732590174,"mixed or incomplete"
"mouse KO vs WT vs mouse het vs WT","GO_BP","GO:0045063","T-helper 1 cell differentiation","either",0.05,"shared negative",-0.0666367404388799,0.0666367404388799,-1.79585284007029,-1.86248958050917,0.183118759309414,0.0323169801131152,"56717/19698/20737/23882/15284/192656/16161/381812/20351/16362/16842/103743","19698/56468/16362/381812/23882/16161/16952/192656/15284/20351/16842/103743","GO:0045063","GO:0045063","GO:0045063","T-helper 1 cell differentiation","T-helper 1 cell differentiation","T-helper 1 cell differentiation",-1.01175341258508,0.719650776053215,-0.142878201938829,-1.49056922900779,-0.737267162813312,FALSE,TRUE,FALSE,"15284/23882",-0.0666367404388799,0.78409942748521,-0.85073616792409,0.0666367404388799,0.78409942748521,0.85073616792409,"all negative"
"mouse KO vs WT vs mouse het vs WT","GO_BP","GO:0043200","response to amino acid","either",0.05,"shared negative",-0.0648198602924699,0.0648198602924699,-1.64709900890269,-1.71191886919516,0.121891613514597,0.0275669974710311,"20512/12608/22142/56438/75747/13435/14811/21417/17025/15499/13433/11898/217124/12825/94216/67579/328572/74370/12833/12842/110213/107581/13649/15165/12843/18104/108100/20296/14799","94216/328572/14811/22433/75747/56438/20512/22142/15499/18104/217124/74370/21417/54635/12825/110213/15165/12842/12833/107581/108100/12843/11898/20296/14799","GO:0043200","GO:0043200","GO:0043200","response to amino acid","response to amino acid","response to amino acid",1.66213892822396,0.038136374751926,1.41866059341021,-1.55961053359584,-0.914026174034015,TRUE,TRUE,FALSE,"20539/12842/20512/12843/12826/12833/232087/14799/22142/107581/107045/12832/12048/12825/76630/230784/14870/11898/17392/56876/68441/74370/66586/15499/16819/17025/18595/28185/14629/17874/28253",-0.0648198602924699,3.30923793712665,-3.37405779741912,0.0648198602924699,3.30923793712665,3.37405779741912,"mixed or incomplete"
"mouse KO vs WT vs mouse het vs WT","GO_BP","GO:0021889","olfactory bulb interneuron differentiation","either",0.05,"shared negative",-0.06153422285504,0.06153422285504,-1.74243481529931,-1.80396903815435,0.177934342744654,0.0336160140846247,"22418/14182/107503/19876/268902","14182/20563/107503/22418/268902/19876","GO:0021889","GO:0021889","GO:0021889","olfactory bulb interneuron differentiation","olfactory bulb interneuron differentiation","olfactory bulb interneuron differentiation",1.66593742389372,0.15674400686257,0.804809055513345,-1.47345378297496,-0.749740221533499,FALSE,TRUE,FALSE,"20563",-0.06153422285504,3.40837223919303,-3.46990646204807,0.06153422285504,3.40837223919303,3.46990646204807,"mixed or incomplete"
"mouse KO vs WT vs mouse het vs WT","GO_BP","GO:0040013","negative regulation of locomotion","either",0.05,"shared negative",-0.05209418177369,0.05209418177369,-1.5864562648145,-1.63855044658819,0.0526727049135714,0.00639208142308122,"12928/114715/23790/217835/18591/11819/11490/16149/20356/269003/14673/64652/21803/22003/17342/118453/14674/192662/66082/15184/14462/17260/17470/100952/110532/56320/76041/50724/380916/18133/13838/17965/22418/20848/19271/21857/66214/56218/20315/50768/77044/114886/17886/20346/78771/16600/12825/18846/353156/12552/105844/68713/19876/18003/18015/16480/268902/21930/109934/77569/20312/18128/19274/16009/20296/246707/20317","105352/16149/64652/70771/65970/66082/11819/211770/12389/18645/14173/20187/18186/242253/18015/14102/17342/11490/77044/14673/114715/14766/56218/15184/72881/20563/14083/192662/14462/21838/17886/16600/21930/193385/20356/20848/76041/240725/17470/22003/259302/18846/18787/237542/20440/66214/16009/114886/18003/12825/11857/17260/19274/100952/18128/22418/20315/78771/18133/17965/353156/246707/21857/68713/12552/16480/56320/109934/268902/19876/77569/20296/20312/20317","GO:0040013","GO:0040013","GO:0040013","negative regulation of locomotion","negative regulation of locomotion","negative regulation of locomotion",1.29004719128399,0.234897630395819,0.629121364283317,-2.1943577015649,-1.27841437864509,FALSE,TRUE,FALSE,"12552/20563/20317/69550/11819/20684/18846/20356/11815/21838/14609/20346/18186/21857/19664/29876/16600/23892/22240/16009/71228/19270/12825/21814/14673/20312/78771/11651/14870/23988/72065/14739/108155/19242/20855/242608/23789/14026/76893/11792/20315/18003/53614/16971/70420/18795",-0.05209418177369,2.87650345609849,-2.92859763787218,0.05209418177369,2.87650345609849,2.92859763787218,"mixed or incomplete"
"mouse KO vs WT vs mouse het vs WT","GO_BP","GO:0090596","sensory organ morphogenesis","either",0.05,"shared negative",-0.0484226265457099,0.0484226265457099,-1.45536368442845,-1.50378631097416,0.258161699637245,0.0495696314160349,"330222/12387/110796/81896/71175/14633/14183/14462/18129/21417/216560/17150/22418/20848/21386/13617/14119/20481/67671/57265/20692/14461/12831/216274/12814/14182/57810/19411/14451/18015/15165/68588/105782/20666/241226/110253/109934/20204/13543/18128/19274/11826/23965/20682/14254/216616","14051/18015/17869/13543/67671/14119/11826/14182/76365/12814/14462/21838/26417/59058/18129/193385/22160/23967/20848/12831/231070/17986/20682/225998/21417/20692/12387/105782/15228/57265/20204/239250/19411/19274/18128/22418/110253/15165/21386/14461/18605/109934/68588/14254/20666/14451/23965/17150/13617/241226","GO:0090596","GO:0090596","GO:0090596","sensory organ morphogenesis","sensory organ morphogenesis","sensory organ morphogenesis",-1.02586198061943,0.681158535344284,-0.166751797026617,-1.30478431035806,-0.588108188367062,FALSE,TRUE,FALSE,"72999/26413/20682/93840/17268/320790/224224/224796/216274/100503041/18015/67463/20687/15312/12803/21385/18591/73750/14634/100169/231070/110380/259172/13836/14184/26564/20471/21417/13614/70300/16973/387609/14561/20683/110279/320398/102774/19274/15258/18423/58235/108841/14048/18124/26941/97031/14367/380614/17920/14461/20474/17910/20666/12159/69743/14254",-0.0484226265457099,0.42950170380902,-0.47792433035473,0.0484226265457099,0.42950170380902,0.47792433035473,"all negative"
"mouse KO vs WT vs mouse het vs WT","GO_BP","GO:0009410","response to xenobiotic stimulus","either",0.05,"shared negative",-0.04720024393738,0.04720024393738,-1.62676578331627,-1.67396602725365,0.0451519277102368,0.00299570292638361,"19361/16398/27973/56615/21423/22210/19299/67702/22341/14118/22433/14673/57138/11655/18618/21803/19366/14629/17101/12387/99586/14281/20512/74134/17755/68021/15184/14462/216964/27364/17260/14860/13435/12578/14811/17711/12359/11761/17025/71111/54611/13433/217337/11303/12257/12038/14863/68312/170472/22059/18984/11898/14362/18673/56208/105787/12894/237823/104184/20787/217124/667034/22631/328572/74370/12833/11864/17967/16948/12494/18439/12842/17395/11622/14923/14463/13110/11669/56448/75409/14862/19274/210274/18104/269823/20296/14799","13433/11303/14860/106042/21423/11655/16398/12894/27364/14281/27973/17220/17869/12443/13435/56615/18577/104184/14866/14673/12578/328572/15107/56208/15184/14811/217337/74134/20787/67702/22433/18673/14462/11761/67041/20512/170472/18618/19299/18104/14865/105787/210274/217124/667034/74370/12257/99586/16948/269823/237823/218397/12038/12387/17395/18787/71111/14863/17260/11864/68312/19274/14923/18439/18984/11669/22631/12842/12833/14862/11622/12494/54611/68021/56448/14362/17967/75409/11898/20296/13110/14799","GO:0009410","GO:0009410","GO:0009410","response to xenobiotic stimulus","response to xenobiotic stimulus","response to xenobiotic stimulus",1.25043323837554,0.330376187943385,0.480991262251972,-2.52350125633613,-1.34532370324534,FALSE,TRUE,TRUE,"12842/20512/74155/14362/243853/14118/12833/14873/14799/11864/22059/12567/74114/20787/17250/20509/21423/12257/14673/13629/14870/11898/67768/14923/12972/67603/218397/16948/12554/107589/74370/18578/113868/18484/108737/12443/69719/16819/68312/17025/22631/78894/279766/67512/14629/19645/28253/18618/68021/67702/269823/208727/18754/13555/18024/14869/17755/11810/18104/18669/15288/15107/21813/13797/14630/103213/11350/394435/13078/15551/16818/11303/14281/18671/14863/15183/16527/104184/19299",-0.04720024393738,2.87719902169181,-2.92439926562919,0.04720024393738,2.87719902169181,2.92439926562919,"mixed or incomplete"
"mouse KO vs WT vs mouse het vs WT","GO_BP","GO:0097485","neuron projection guidance","either",0.05,"shared negative",-0.0425963555581601,0.0425963555581601,-1.73180144822605,-1.77439780378421,0.0451519277102368,0.00342745757093311,"14042/13924/13637/13841/13838/18209/235472/22418/12569/77579/319504/19271/13617/18844/20315/223435/73710/20346/20564/237847/18846/16564/11876/108699/20351/13845/17967/107449/14432/19876/14451/268902/226251/107448/18612/17181/22253/18128/19274/23965/13723","223435/18186/13639/75847/13638/11735/11820/11785/12569/53328/20563/13924/12399/14462/21808/29869/18612/18209/20266/20356/11658/17986/16564/13845/16392/71436/18846/18844/13641/20564/237847/15228/14432/14042/17260/19274/18128/12167/20358/22418/20315/226251/73710/20351/13841/13723/108699/11876/268902/19876/14451/17967/23965/17181/107449/13617/22253","GO:0097485","GO:0097485","GO:0097485","neuron projection guidance","neuron projection guidance","neuron projection guidance",1.17456829698631,0.477837368877672,0.320719889615945,-2.46502791270874,-1.34532370324534,FALSE,TRUE,TRUE,"20563/14451/20564/14432/18846/11603/107449/399558/20356/11658/17181/20346/18186/29869/20361/14251/12568/12167/13848/319757/76260/13866/22323/14026/20430/20315/16971/22152/269878/23966/11820/23965/16911/11876/16773/13639/11735/13640/22339/14009/108655/226519/18612",-0.0425963555581601,2.90636974521236,-2.94896610077052,0.0425963555581601,2.90636974521236,2.94896610077052,"mixed or incomplete"
"mouse KO vs WT vs mouse het vs WT","GO_BP","GO:0001101","response to acid chemical","either",0.05,"shared negative",0.04011723801518,0.04011723801518,-1.6982818072563,-1.65816456924112,0.0768489790097497,0.0281959120377194,"20512/12608/22142/56438/75747/13435/14811/20469/21417/17025/15499/13433/11898/217124/12825/18810/94216/67579/328572/74370/12833/16598/12842/110213/107581/13649/15165/12843/18104/108100/20296/14799","94216/328572/14811/18810/22433/75747/56438/20512/22142/15499/18104/217124/74370/21417/54635/12825/110213/15165/12842/12833/107581/108100/12843/11898/20296/14799","GO:0001101","GO:0001101","GO:0001101","response to acid chemical","response to acid chemical","response to acid chemical",1.62156780275321,0.0619907370766268,1.20767319980896,-1.54981385296275,-1.1143618980195,FALSE,TRUE,FALSE,"20539/12842/20512/12843/12826/12833/232087/14799/22142/107581/107045/18764/12832/12048/12825/76630/230784/14870/11898/17392/56876/68441/74370/66586/15499/16819/17025/18595/28185/14629/17874/28253",0.04011723801518,3.31984961000951,-3.27973237199433,0.04011723801518,3.31984961000951,3.27973237199433,"mixed or incomplete"
"mouse KO vs WT vs mouse het vs WT","GO_BP","GO:0061037","negative regulation of cartilage development","either",0.05,"shared negative",-0.0323894813566599,0.0323894813566599,-1.78392747026415,-1.81631695162081,0.212243518740099,0.0444267161144663,"22402/19411/19401/239337/210719/20682/216616","21808/16998/20682/76566/12387/19411/210719/22402/239337","GO:0061037","GO:0061037","GO:0061037","negative regulation of cartilage development","negative regulation of cartilage development","negative regulation of cartilage development",0.691253585379369,0.955605903470283,0.0197211759620838,-1.35235578727847,-0.673165562890312,FALSE,TRUE,FALSE,"23892/16998/13038/239337",-0.0323894813566599,2.47518105564352,-2.50757053700018,0.0323894813566599,2.47518105564352,2.50757053700018,"mixed or incomplete"
"mouse KO vs WT vs mouse het vs WT","GO_BP","GO:0048268","clathrin coat assembly","either",0.05,"shared negative",0.0275425042569202,0.0275425042569202,-1.89374924382637,-1.86620673956945,0.0822769542435047,0.0323169801131152,"29816/216705/20975/71770/215114/13132/11764/67300/14457/13429","71770/67300/216705/29816/11764/20975/14457/13132/13429/215114","GO:0048268","GO:0048268","GO:0048268","clathrin coat assembly","clathrin coat assembly","clathrin coat assembly",-0.73109022460653,0.931054365049736,-0.0310249594571337,-1.49056922900779,-1.08472179354175,FALSE,TRUE,FALSE,"12757/67300",0.0275425042569202,1.16265901921984,-1.13511651496292,0.0275425042569202,1.16265901921984,1.13511651496292,"all negative"
"mouse KO vs WT vs mouse het vs WT","GO_BP","GO:0007411","axon guidance","either",0.05,"shared negative",-0.0268336544588501,0.0268336544588501,-1.71817680480379,-1.74501045926264,0.0451519277102368,0.00550657495726987,"22422/14042/13924/13637/13841/13838/18209/235472/22418/12569/77579/319504/19271/13617/20315/223435/73710/20346/20564/237847/18846/16564/11876/108699/20351/13845/17967/107449/14432/19876/14451/268902/226251/107448/18612/17181/22253/18128/19274/23965/13723","223435/18186/13639/75847/13638/11735/11820/11785/12569/53328/20563/13924/12399/14462/21808/29869/18612/18209/20266/20356/11658/17986/16564/13845/16392/71436/18846/13641/20564/237847/15228/14432/14042/17260/19274/18128/12167/20358/22418/20315/226251/73710/20351/13841/13723/108699/11876/268902/19876/14451/17967/23965/17181/107449/13617/22253","GO:0007411","GO:0007411","GO:0007411","axon guidance","axon guidance","axon guidance",1.17896291965567,0.469194968771086,0.32864665351872,-2.25911844464389,-1.34532370324534,FALSE,TRUE,TRUE,"20563/14451/20564/14432/18846/11603/107449/399558/20356/11658/17181/20346/18186/29869/20361/14251/12568/12167/13848/319757/76260/13866/22323/14026/20430/20315/16971/22152/269878/23966/11820/23965/16911/11876/16773/13639/11735/13640/22339/14009/108655/226519/18612",-0.0268336544588501,2.89713972445946,-2.92397337891831,0.0268336544588501,2.89713972445946,2.92397337891831,"mixed or incomplete"
"mouse KO vs WT vs mouse het vs WT","GO_BP","GO:0071230","cellular response to amino acid stimulus","either",0.05,"shared negative",-0.0225005887804299,0.0225005887804299,-1.66272361172899,-1.68522420050942,0.152403274777865,0.0449128388992967,"12608/56438/75747/13435/14811/21417/15499/13433/11898/12825/94216/67579/328572/74370/12833/12842/107581/13649/12843/108100/14799","13433/11977/83409/13435/94216/328572/14811/22433/75747/56438/15499/74370/21417/54635/12825/12842/12833/107581/108100/12843/11898/14799","GO:0071230","GO:0071230","GO:0071230","cellular response to amino acid stimulus","cellular response to amino acid stimulus","cellular response to amino acid stimulus",1.65623571309934,0.0559419806966024,1.25226216094668,-1.34762949271434,-0.817005700957861,FALSE,TRUE,FALSE,"20539/12842/12843/12826/12833/232087/14799/107581/107045/12832/12048/12825/76630/230784/11898/17392/56876/68441/74370",-0.0225005887804299,3.31895932482833,-3.34145991360876,0.0225005887804299,3.31895932482833,3.34145991360876,"mixed or incomplete"
"mouse KO vs WT vs mouse het vs WT","GO_BP","GO:0071229","cellular response to acid chemical","either",0.05,"shared negative",0.0214761065509501,0.0214761065509501,-1.70059729110023,-1.67912118454928,0.114967221761907,0.0438540826861125,"12703/14814/12877/268706/18764/22433/14629/12608/56438/75747/13435/14811/20469/21417/15499/13433/11898/12825/18810/94216/67579/328572/74370/12833/16598/12842/107581/13649/12843/108100/14799","14814/66096/18764/12832/13433/11977/83409/13435/94216/328572/14811/18810/22433/75747/56438/15499/74370/21417/54635/12825/12842/12833/107581/108100/12843/11898/14799","GO:0071229","GO:0071229","GO:0071229","cellular response to acid chemical","cellular response to acid chemical","cellular response to acid chemical",1.67757547795786,0.0401899998031937,1.39588199593466,-1.3579899688769,-0.939425963446927,TRUE,TRUE,FALSE,"20539/12842/12843/12826/12833/232087/14799/107581/107045/18764/12832/12048/12825/76630/230784/11898/17392/56876/68441/74370/15499/18595/14629/16598/18024/22339/18706/14630/12608/56717/71785/66508/14360/224023/22433/94216/75747/12703",0.0214761065509501,3.37817276905809,-3.35669666250714,0.0214761065509501,3.37817276905809,3.35669666250714,"mixed or incomplete"
"mouse KO vs WT vs mouse het vs WT","GO_BP","GO:0030336","negative regulation of cell migration","either",0.05,"shared negative",-0.0214647103293699,0.0214647103293699,-1.51810618454427,-1.53957089487364,0.133753267430322,0.0252315287927006,"217835/18591/11819/11490/16149/269003/14673/64652/21803/22003/17342/118453/14674/192662/66082/15184/17260/17470/100952/110532/50724/380916/18133/13838/17965/20848/19271/21857/66214/56218/20315/50768/77044/114886/17886/20346/78771/16600/12825/353156/12552/105844/68713/19876/18003/18015/16480/21930/109934/77569/20312/18128/19274/16009/20296/246707/20317","105352/16149/64652/70771/65970/66082/11819/211770/12389/18645/14173/242253/18015/14102/17342/11490/77044/14673/114715/14766/56218/15184/72881/20563/14083/192662/21838/17886/16600/21930/193385/20848/240725/17470/22003/259302/18787/237542/66214/16009/114886/18003/12825/11857/17260/19274/100952/18128/20315/78771/18133/17965/353156/246707/21857/68713/12552/16480/109934/19876/77569/20296/20312/20317","GO:0030336","GO:0030336","GO:0030336","negative regulation of cell migration","negative regulation of cell migration","negative regulation of cell migration",1.24616395524467,0.314547972654408,0.502313109613742,-1.59805643453518,-0.873695599888968,FALSE,TRUE,FALSE,"12552/20563/20317/69550/11819/20684/11815/21838/14609/20346/21857/19664/29876/16600/23892/22240/16009/71228/19270/12825/21814/14673/20312/78771/11651/14870/72065/14739/108155/19242/20855/242608/23789/14026/76893/11792/20315/18003/53614/16971/70420/18795",-0.0214647103293699,2.76427013978894,-2.78573485011831,0.0214647103293699,2.76427013978894,2.78573485011831,"mixed or incomplete"
"mouse KO vs WT vs mouse het vs WT","GO_BP","GO:0008037","cell recognition","either",0.05,"shared negative",-0.01320467032355,0.01320467032355,-1.69094658090764,-1.70415125123119,0.114967221761907,0.031837380817192,"100689/14042/13838/235472/22418/140792/12569/319504/12464/20346/50935/59083/22631/13845/17967/14432/67784/19876/360013/18003/243653/268902/19261/15511/13723","100534273/11820/19288/12569/140792/11883/12465/20356/83433/12266/12520/13845/67784/15228/14432/18003/14042/22418/22631/13723/59083/268902/19876/17967/19261","GO:0008037","GO:0008037","GO:0008037","cell recognition","cell recognition","cell recognition",1.34837108914101,0.27987608490383,0.553034209922664,-1.49706266780085,-0.939425963446927,FALSE,TRUE,FALSE,"12266/14432/50908/16423/20356/19288/20346/18186/50909/73182/11674/59083/12464/68585/18003/269878/12466/17698/100689/22631/12468/140792/11820/12469/21454",-0.01320467032355,3.03931767004865,-3.0525223403722,0.01320467032355,3.03931767004865,3.0525223403722,"mixed or incomplete"
"mouse KO vs WT vs mouse het vs WT","GO_BP","GO:2000146","negative regulation of cell motility","either",0.05,"shared negative",0.00978920797332994,0.00978920797332994,-1.51389118233936,-1.50410197436603,0.116762953353472,0.0256133329288947,"12928/114715/23790/217835/18591/11819/11490/16149/269003/14673/64652/21803/22003/17342/118453/14674/192662/66082/15184/14462/17260/17470/100952/110532/76041/50724/380916/18133/13838/17965/20848/19271/21857/66214/56218/20315/50768/77044/114886/17886/20346/78771/16600/12825/353156/12552/105844/68713/19876/18003/18015/16480/21930/109934/77569/20312/18128/19274/16009/20296/246707/20317","105352/16149/64652/70771/65970/66082/11819/211770/12389/18645/14173/242253/18015/14102/17342/11490/77044/14673/114715/14766/56218/15184/72881/20563/14083/192662/14462/21838/17886/16600/21930/193385/20848/76041/240725/17470/22003/259302/18787/237542/66214/16009/114886/18003/12825/11857/17260/19274/100952/18128/20315/78771/18133/17965/353156/246707/21857/68713/12552/16480/109934/19876/77569/20296/20312/20317","GO:2000146","GO:2000146","GO:2000146","negative regulation of cell motility","negative regulation of cell motility","negative regulation of cell motility",1.24368415025253,0.330376187943385,0.480991262251972,-1.59153390538759,-0.932694928681499,FALSE,TRUE,FALSE,"12552/20563/20317/69550/11819/20684/11815/21838/14609/20346/21857/19664/29876/16600/23892/22240/16009/71228/19270/12825/21814/14673/20312/78771/11651/14870/23988/72065/14739/108155/19242/20855/242608/23789/14026/76893/11792/20315/18003/53614/16971/70420/18795",0.00978920797332994,2.75757533259189,-2.74778612461856,0.00978920797332994,2.75757533259189,2.74778612461856,"mixed or incomplete"
"mouse KO vs WT vs mouse het vs WT","GO_BP","GO:0072537","fibroblast activation","either",0.05,"shared negative",0.000225127812959913,0.000225127812959913,-1.84942874023114,-1.84920361241818,0.110898396287787,0.035697700118725,"18591/68303/14629/217166/66214/13350/18214/114886/83397/14182/223701/18596","14182/83397/13350/217166/68303/66214/114886/223701/18214/18596","GO:0072537","GO:0072537","GO:0072537","fibroblast activation","fibroblast activation","fibroblast activation",1.20668797728303,0.55262004951756,0.25757336256666,-1.4473597631013,-0.955074734179069,FALSE,TRUE,FALSE,"11475/319757/68303/18214/14629/66214/14630",0.000225127812959913,3.05611671751417,-3.05589158970121,0.000225127812959913,3.05611671751417,3.05589158970121,"mixed or incomplete"
