"comparison","database","pathway_key","pathway_name","filter_mode_used","fdr_cutoff_used","direction_class","delta_NES","abs_delta_NES","NES_x","NES_y","padj_x","padj_y","leading_edge_x","leading_edge_y","pathway_id_mouse_KD","pathway_id_mouse_KO","pathway_id_mouse_het","pathway_name_mouse_KD","pathway_name_mouse_KO","pathway_name_mouse_het","NES_mouse_KO","padj_mouse_KO","signed_log10padj_mouse_KD","signed_log10padj_mouse_KO","signed_log10padj_mouse_het","significant_mouse_KD","significant_mouse_KO","significant_mouse_het","leading_edge_mouse_KO","delta_NES_KO_minus_het","delta_NES_KD_minus_het","delta_NES_KO_minus_KD","abs_delta_NES_KO_minus_het","abs_delta_NES_KD_minus_het","abs_delta_NES_KO_minus_KD","direction_pattern"
"mouse KD vs control vs mouse het vs WT","GO_BP","GO:0030199","collagen fibril organization","either",0.05,"opposite direction",3.9658963559477,3.9658963559477,-1.85684442627385,2.10905192967385,0.0565859700439121,0.000345987434925343,"53867/20289/66180/100952/219151/74777/14042/16949/18214/14230/12825/12831/94216/16950/12814/12833/213945/16948/195209/12842/94352/18015/11568/239337/210719/12843/216725","12842/12843/58859/12826/12833/50527/56693/18451/17385/16949/23892/12832/12825/12827/16950/234407/237360/216725/18822/104799/16948/14230/18214/74777/66180/239337/69675/11568/19645/56429/26432/219151/94352/12306/100952/13078/53867/12814","GO:0030199","GO:0030199","GO:0030199","collagen fibril organization","collagen fibril organization","collagen fibril organization",-2.1637456371602,0.000343980524583424,3.46093967300397,-3.46346614552552,-1.24729123467419,TRUE,TRUE,FALSE,"12306/11977/56693/108153/237360/17300/18015/94216/94352/213945/12814/74777/21808/12406/12831/20289/16948/66180/14230/12825/18214/14042/56429/100952/219151/16950/11568/12842/195209/12833/16949/210719/12843/239337/216725",-0.30690121088635,3.9658963559477,-4.27279756683405,0.30690121088635,3.9658963559477,4.27279756683405,"mixed or incomplete"
"mouse KD vs control vs mouse het vs WT","GO_BP","GO:0071359","cellular response to dsRNA","either",0.05,"opposite direction",3.66841656693189,3.66841656693189,-1.53079548522482,2.13762108170707,0.46355009380433,0.00269070929563585,"72512/18439/14799","246730/230073/71586/14799/23960/246727/142980/18148/78781/23961","GO:0071359","GO:0071359","GO:0071359","cellular response to dsRNA","cellular response to dsRNA","cellular response to dsRNA",-1.19402842416722,0.544407839104875,2.57013322089885,-0.264075629876713,-0.333903326703416,TRUE,FALSE,FALSE,"18439/14799",0.3367670610576,3.66841656693189,-3.33164950587429,0.3367670610576,3.66841656693189,3.33164950587429,"mixed or incomplete"
"mouse KD vs control vs mouse het vs WT","GO_BP","GO:0035456","response to interferon-beta","either",0.05,"opposite direction",3.66634922083343,3.66634922083343,-0.89957220456368,2.76677701626975,0.828166768734265,7.41857142857143e-08,"15953/71701/72512/68713/16362/15165","55932/66141/15944/15959/246730/15951/54396/60440/15957/15950/381308/100040462/69550/327959/229900/16145/236312/15953/14469/23960/102639543/20846/80876/240327/226691/213002/100039796/226695/23961/71701/21822/64704/100033459/68713/240328","GO:0035456","GO:0035456","GO:0035456","response to interferon-beta","response to interferon-beta","response to interferon-beta",0.785013857723439,0.959898420494502,7.1296797174192,0.0177747229529804,-0.0818822001133871,TRUE,FALSE,FALSE,"15951/381308/114643/23961/236312/226691/15957/94088/246730/15959/21822/60440/69550/72935/216150/12314/100702/80290/16145/327959/67184",1.68458606228712,3.66634922083343,-1.98176315854631,1.68458606228712,3.66634922083343,1.98176315854631,"het opposite"
"mouse KD vs control vs mouse het vs WT","GO_BP","GO:0043062","extracellular structure organization","either",0.05,"opposite direction",3.57506659168222,3.57506659168222,-1.60272307786768,1.97234351381454,0.0451519277102368,1.70501204877138e-06,"21817/100952/229534/219151/74777/14042/16949/107250/12841/15117/20848/26427/72043/12822/66214/545370/18073/18214/14230/58223/12825/12831/94216/16950/237759/229595/12814/102693/12833/268396/14268/71602/21938/224697/213945/15227/16948/195209/12305/12842/17395/107581/94352/18015/21859/12006/11568/241226/239337/17181/210719/12843/18858/18128/170441/216725/20682/241327","12842/12843/23876/58859/269959/12826/243853/14118/12833/50527/399558/56348/20356/56693/21859/18451/229534/17181/17385/58223/19288/241327/207596/107581/16949/17387/23892/17384/101489/14251/241226/12832/12825/234356/12827/16950/234407/68273/21814/237360/216725/21937/18822/14268/18793/104799/17392/16948/14230/217734/18214/74777/12837/53614/16971/21810/268396/66180/108075/239337/69675/18595/11568/53381/19645/11820/56429/18073/26432/70779/16773/17386/219151/94352/14726/23794/114249/26561/14453/12306/66214/226519/72043/20586/100952/102058/11350/15227/13078/50706/53867/12814/14114","GO:0043062","GO:0043062","GO:0043062","extracellular structure organization","extracellular structure organization","extracellular structure organization",-1.95305633037894,9.16846953696725e-06,5.76827254764132,-5.03770315365632,-1.34532370324534,TRUE,TRUE,TRUE,"67896/11785/94216/12305/19288/23876/207596/94352/213945/12814/14083/241327/74777/14453/66548/69538/21808/26561/12406/20356/545370/20848/12831/240725/14758/20289/229534/21817/20682/16948/15227/66180/224697/17395/66214/14230/67547/268396/12825/18214/14042/56429/100952/107250/18128/219151/16950/18858/269959/12822/11568/12842/26427/195209/12833/16949/210719/229595/21810/50706/107581/12006/71602/58223/72043/12843/15117/21859/17181/170441/239337/216725/241226/237759",-0.35033325251126,3.57506659168222,-3.92539984419348,0.35033325251126,3.57506659168222,3.92539984419348,"mixed or incomplete"
"mouse KD vs control vs mouse het vs WT","GO_BP","GO:0030198","extracellular matrix organization","either",0.05,"opposite direction",3.55760660584011,3.55760660584011,-1.60341140869587,1.95419519714424,0.0515689692801224,2.38446439452533e-06,"21817/100952/229534/219151/74777/14042/16949/107250/12841/15117/20848/26427/72043/12822/66214/545370/18073/18214/14230/58223/12825/12831/94216/16950/237759/229595/12814/102693/12833/268396/14268/71602/21938/224697/213945/15227/16948/195209/12305/12842/17395/107581/94352/18015/21859/12006/11568/241226/239337/17181/210719/12843/18858/18128/170441/216725/20682/241327","12842/12843/23876/58859/269959/12826/243853/14118/12833/50527/399558/56348/20356/56693/21859/18451/229534/17181/17385/58223/19288/241327/207596/107581/16949/17387/23892/17384/101489/14251/241226/12832/12825/234356/12827/16950/234407/68273/21814/237360/216725/21937/18822/14268/18793/104799/17392/16948/14230/217734/18214/74777/12837/53614/16971/21810/268396/66180/108075/239337/69675/18595/11568/53381/19645/11820/56429/18073/26432/70779/16773/17386/219151/94352/14726/23794/114249/26561/14453/12306/66214/226519/72043/20586/100952/102058/11350/15227/13078/50706/53867/12814/14114","GO:0030198","GO:0030198","GO:0030198","extracellular matrix organization","extracellular matrix organization","extracellular matrix organization",-1.95355845654755,8.37173821270715e-06,5.62260915818571,-5.07718436066712,-1.28761154884205,TRUE,TRUE,FALSE,"67896/11785/94216/12305/19288/23876/207596/94352/213945/12814/14083/241327/74777/14453/66548/69538/21808/26561/12406/20356/545370/20848/12831/240725/14758/20289/229534/21817/20682/16948/15227/66180/224697/17395/66214/14230/67547/268396/12825/18214/14042/56429/100952/107250/18128/219151/16950/18858/269959/12822/11568/12842/26427/195209/12833/16949/210719/229595/21810/50706/107581/12006/71602/58223/72043/12843/15117/21859/17181/170441/239337/216725/241226/237759",-0.35014704785168,3.55760660584011,-3.90775365369179,0.35014704785168,3.55760660584011,3.90775365369179,"mixed or incomplete"
"mouse KD vs control vs mouse het vs WT","GO_BP","GO:0045229","external encapsulating structure organization","either",0.05,"opposite direction",3.55760660584011,3.55760660584011,-1.60341140869587,1.95419519714424,0.0515689692801224,2.38446439452533e-06,"21817/100952/229534/219151/74777/14042/16949/107250/12841/15117/20848/26427/72043/12822/66214/545370/18073/18214/14230/58223/12825/12831/94216/16950/237759/229595/12814/102693/12833/268396/14268/71602/21938/224697/213945/15227/16948/195209/12305/12842/17395/107581/94352/18015/21859/12006/11568/241226/239337/17181/210719/12843/18858/18128/170441/216725/20682/241327","12842/12843/23876/58859/269959/12826/243853/14118/12833/50527/399558/56348/20356/56693/21859/18451/229534/17181/17385/58223/19288/241327/207596/107581/16949/17387/23892/17384/101489/14251/241226/12832/12825/234356/12827/16950/234407/68273/21814/237360/216725/21937/18822/14268/18793/104799/17392/16948/14230/217734/18214/74777/12837/53614/16971/21810/268396/66180/108075/239337/69675/18595/11568/53381/19645/11820/56429/18073/26432/70779/16773/17386/219151/94352/14726/23794/114249/26561/14453/12306/66214/226519/72043/20586/100952/102058/11350/15227/13078/50706/53867/12814/14114","GO:0045229","GO:0045229","GO:0045229","external encapsulating structure organization","external encapsulating structure organization","external encapsulating structure organization",-1.95355845654755,8.37173821270715e-06,5.62260915818571,-5.07718436066712,-1.28761154884205,TRUE,TRUE,FALSE,"67896/11785/94216/12305/19288/23876/207596/94352/213945/12814/14083/241327/74777/14453/66548/69538/21808/26561/12406/20356/545370/20848/12831/240725/14758/20289/229534/21817/20682/16948/15227/66180/224697/17395/66214/14230/67547/268396/12825/18214/14042/56429/100952/107250/18128/219151/16950/18858/269959/12822/11568/12842/26427/195209/12833/16949/210719/229595/21810/50706/107581/12006/71602/58223/72043/12843/15117/21859/17181/170441/239337/216725/241226/237759",-0.35014704785168,3.55760660584011,-3.90775365369179,0.35014704785168,3.55760660584011,3.90775365369179,"mixed or incomplete"
"mouse KD vs control vs mouse het vs WT","GO_BP","GO:0085029","extracellular matrix assembly","either",0.05,"opposite direction",3.51685239366119,3.51685239366119,-1.72626672850445,1.79058566515674,0.183862836509615,0.0427950853852533,"21812/17127/69538/14118/21803/207596/100952/15117/66214/14230/12825/12833/16948/12843/18128/20682","12843/23876/58859/14118/12833/207596/12825/21814/16948/14230/12837/108075/69675","GO:0085029","GO:0085029","GO:0085029","extracellular matrix assembly","extracellular matrix assembly","extracellular matrix assembly",-1.6606792759524,0.109547122310166,1.36860610277696,-0.960399026421217,-0.735506044170517,TRUE,FALSE,FALSE,"23876/207596/69538/14758/20682/16948/66214/14230/12825/100952/18128/12833/12843/15117",0.0655874525520499,3.51685239366119,-3.45126494110914,0.0655874525520499,3.51685239366119,3.45126494110914,"mixed or incomplete"
"mouse KD vs control vs mouse het vs WT","GO_BP","GO:0035458","cellular response to interferon-beta","either",0.05,"opposite direction",3.47483228925933,3.47483228925933,-0.768225072130611,2.70660721712872,0.924391179640828,7.41857142857143e-08,"15953/71701/72512/16362/15165","55932/15944/15959/246730/15951/54396/60440/15957/15950/381308/100040462/229900/16145/236312/15953/14469/23960/102639543/20846/80876/240327/226691/100039796/226695/23961/71701/21822/64704/100033459","GO:0035458","GO:0035458","GO:0035458","cellular response to interferon-beta","cellular response to interferon-beta","cellular response to interferon-beta",0.945273564691366,0.793027852650494,7.1296797174192,0.100711559164122,-0.0341442071258495,TRUE,FALSE,FALSE,"15951/381308/114643/23961/236312/226691/15957/94088/246730/15959/21822/60440/72935/216150/12314/100702/16145/67184/15950/229900/12334",1.71349863682198,3.47483228925933,-1.76133365243735,1.71349863682198,3.47483228925933,1.76133365243735,"het opposite"
"mouse KD vs control vs mouse het vs WT","GO_BP","GO:0097401","synaptic vesicle lumen acidification","either",0.05,"opposite direction",-3.46924933588532,3.46924933588532,1.2642467051156,-2.20500263076972,0.590757896706905,0.000674279017852924,"12725/11964/70495/108664/66144/11966/66290","11984/11973/11966/11964/66335/73834/11972/70495","GO:0097401","GO:0097401","GO:0097401","synaptic vesicle lumen acidification","synaptic vesicle lumen acidification","synaptic vesicle lumen acidification",1.5311224546298,0.259398706603676,-3.17116035444537,0.586032193696375,0.228590464408564,TRUE,FALSE,FALSE,"12725/66144/70495/11966/11972/108664/11973/66290",0.2668757495142,-3.46924933588532,3.73612508539952,0.2668757495142,3.46924933588532,3.73612508539952,"KD opposite"
"mouse KD vs control vs mouse het vs WT","GO_BP","GO:0048846","axon extension involved in axon guidance","either",0.05,"opposite direction",3.4590873246459,3.4590873246459,-1.37347903197123,2.08560829267467,0.52356968428397,0.0106623115539623,"20563/20356/22418/20315/20346/20564/18846","20563/20564/18846/20356/11658/20346/18186/319757/20315/269878","GO:0048846","GO:0048846","GO:0048846","axon extension involved in axon guidance","axon extension involved in axon guidance","axon extension involved in axon guidance",-1.96474454336566,0.0149325573359564,1.97214863149125,-1.82586580903415,-0.281025507899255,TRUE,TRUE,FALSE,"20187/18186/20563/20356/11658/18846/20564/22418/20315",-0.59126551139443,3.4590873246459,-4.05035283604033,0.59126551139443,3.4590873246459,4.05035283604033,"mixed or incomplete"
"mouse KD vs control vs mouse het vs WT","GO_BP","GO:0006760","folic acid-containing compound metabolic process","either",0.05,"opposite direction",3.44493254360877,3.44493254360877,-1.5814075332835,1.86352501032527,0.448414315506866,0.0381664965085761,"100039707/108037/107885/216188/270685/52466/22171/20425/107747/14528/192166","270685/17768/192166/108037/107747/216188/108147/108156/22171/20425/14287","GO:0006760","GO:0006760","GO:0006760","folic acid-containing compound metabolic process","folic acid-containing compound metabolic process","folic acid-containing compound metabolic process",-1.46403188803371,0.298478379923934,1.41831770425907,-0.525087121217312,-0.348320531120784,TRUE,FALSE,FALSE,"107885/108037/108156/22171/100039707/210009/20425/216188/14528/270685/107747/192166",0.11737564524979,3.44493254360877,-3.32755689835898,0.11737564524979,3.44493254360877,3.32755689835898,"mixed or incomplete"
"mouse KD vs control vs mouse het vs WT","GO_BP","GO:0070670","response to interleukin-4","either",0.05,"opposite direction",3.38389064998758,3.38389064998758,-1.40737906298683,1.97651158700075,0.496113300518054,0.0189345590243146,"22433/74637/14462/17025/20850/14104/20851/21414/16842","547253/12567/18030/16453/23918/22143/20852/14104/27367/50868/16898/17025/16451/11837","GO:0070670","GO:0070670","GO:0070670","response to interleukin-4","response to interleukin-4","response to interleukin-4",-1.47945075361361,0.291730860554563,1.72274480491004,-0.535017626895959,-0.304419129617379,TRUE,FALSE,FALSE,"17216/16189/12567/50868/22143/17025/74637/16190/22433/14462/20851/20850/14104/16842/21414",-0.07207169062678,3.38389064998758,-3.45596234061436,0.07207169062678,3.38389064998758,3.45596234061436,"mixed or incomplete"
"mouse KD vs control vs mouse het vs WT","GO_BP","GO:0071229","cellular response to acid chemical","either",0.05,"opposite direction",3.37817276905809,3.37817276905809,-1.70059729110023,1.67757547795786,0.114967221761907,0.0401899998031937,"12703/14814/12877/268706/18764/22433/14629/12608/56438/75747/13435/14811/20469/21417/15499/13433/11898/12825/18810/94216/67579/328572/74370/12833/16598/12842/107581/13649/12843/108100/14799","20539/12842/12843/12826/12833/232087/14799/107581/107045/18764/12832/12048/12825/76630/230784/11898/17392/56876/68441/74370/15499/18595/14629/16598/18024/22339/18706/14630/12608/56717/71785/66508/14360/224023/22433/94216/75747/12703","GO:0071229","GO:0071229","GO:0071229","cellular response to acid chemical","cellular response to acid chemical","cellular response to acid chemical",-1.67912118454928,0.0438540826861125,1.39588199593466,-1.3579899688769,-0.939425963446927,TRUE,TRUE,FALSE,"14814/66096/18764/12832/13433/11977/83409/13435/94216/328572/14811/18810/22433/75747/56438/15499/74370/21417/54635/12825/12842/12833/107581/108100/12843/11898/14799",0.0214761065509501,3.37817276905809,-3.35669666250714,0.0214761065509501,3.37817276905809,3.35669666250714,"mixed or incomplete"
"mouse KD vs control vs mouse het vs WT","GO_BP","GO:0016188","synaptic vesicle maturation","either",0.05,"opposite direction",-3.35386406332405,3.35386406332405,1.4225337250457,-1.93133033827835,0.480765873925798,0.0247314613141203,"70546/12725/11964/70495/233489/108664/66144/11966/66290","11984/11973/11966/11964/66335/73834/11972/70495","GO:0016188","GO:0016188","GO:0016188","synaptic vesicle maturation","synaptic vesicle maturation","synaptic vesicle maturation",1.52865022818813,0.277579960217624,-1.60675022161247,0.556611890814653,0.318066367319193,TRUE,FALSE,FALSE,"70546/12725/66144/70495/11966/20910/11972/108664/11973/19339/66290",0.10611650314243,-3.35386406332405,3.45998056646648,0.10611650314243,3.35386406332405,3.45998056646648,"KD opposite"
"mouse KD vs control vs mouse het vs WT","GO_BP","GO:0006730","one-carbon metabolic process","either",0.05,"opposite direction",3.33374386439099,3.33374386439099,-1.45604610464858,1.87769775974241,0.49023680930619,0.044588786461861,"100039707/108037/107885/216188/270685/22171/108645/20425/107747/192166","270685/94280/17768/192166/232087/108037/107747/216188/229709/269378/108156/22171/20425/14287","GO:0006730","GO:0006730","GO:0006730","one-carbon metabolic process","one-carbon metabolic process","one-carbon metabolic process",-1.31327845024182,0.421515661441266,1.35077434734291,-0.375186284500305,-0.309594082968905,TRUE,FALSE,FALSE,"108645/229709/107885/108037/108156/22171/100039707/20425/216188/270685/107747/192166",0.14276765440676,3.33374386439099,-3.19097620998423,0.14276765440676,3.33374386439099,3.19097620998423,"mixed or incomplete"
"mouse KD vs control vs mouse het vs WT","GO_BP","GO:0043200","response to amino acid","either",0.05,"opposite direction",3.30923793712665,3.30923793712665,-1.64709900890269,1.66213892822396,0.121891613514597,0.038136374751926,"20512/12608/22142/56438/75747/13435/14811/21417/17025/15499/13433/11898/217124/12825/94216/67579/328572/74370/12833/12842/110213/107581/13649/15165/12843/18104/108100/20296/14799","20539/12842/20512/12843/12826/12833/232087/14799/22142/107581/107045/12832/12048/12825/76630/230784/14870/11898/17392/56876/68441/74370/66586/15499/16819/17025/18595/28185/14629/17874/28253","GO:0043200","GO:0043200","GO:0043200","response to amino acid","response to amino acid","response to amino acid",-1.71191886919516,0.0275669974710311,1.41866059341021,-1.55961053359584,-0.914026174034015,TRUE,TRUE,FALSE,"94216/328572/14811/22433/75747/56438/20512/22142/15499/18104/217124/74370/21417/54635/12825/110213/15165/12842/12833/107581/108100/12843/11898/20296/14799",-0.0648198602924699,3.30923793712665,-3.37405779741912,0.0648198602924699,3.30923793712665,3.37405779741912,"mixed or incomplete"
"mouse KD vs control vs mouse het vs WT","GO_BP","GO:0043648","dicarboxylic acid metabolic process","either",0.05,"opposite direction",3.29705767961005,3.29705767961005,-1.18378207883357,2.11327560077648,0.601353085320682,0.000322912843491872,"56451/216188/270685/98314/170789/14629/14645/104112/20425/18293/11898/107747/17449/12833/239017/11484","74551/26570/270685/108682/56454/20917/12833/11566/14194/107747/216188/108147/14661/76238/11898/104112/15926/257633/17436/16922/239017/269951/14629/52633/108156","GO:0043648","GO:0043648","GO:0043648","dicarboxylic acid metabolic process","dicarboxylic acid metabolic process","dicarboxylic acid metabolic process",-1.56725321317796,0.121268818793368,3.49091468106918,-0.916250852610748,-0.220870456483421,TRUE,FALSE,FALSE,"13382/20917/56451/269951/71832/14629/18293/78920/26570/108156/214579/98314/17448/17449/66945/100039707/210009/20425/216188/257633/74551/14645/270685/11484/107747/11565/104112/12833/239017/11898",-0.38347113434439,3.29705767961005,-3.68052881395444,0.38347113434439,3.29705767961005,3.68052881395444,"mixed or incomplete"
"mouse KD vs control vs mouse het vs WT","GO_BP","GO:0071353","cellular response to interleukin-4","either",0.05,"opposite direction",3.29350668343961,3.29350668343961,-1.31432284208845,1.97918384135116,0.554967666078777,0.011800762110898,"22433/74637/14462/17025/20850/14104/21414/16842","547253/12567/18030/16453/23918/22143/20852/14104/27367/50868/16898/17025/16451/11837","GO:0071353","GO:0071353","GO:0071353","cellular response to interleukin-4","cellular response to interleukin-4","cellular response to interleukin-4",-1.44962495128358,0.310055080935252,1.92808994439983,-0.508561147387301,-0.2557323193145,TRUE,FALSE,FALSE,"17216/16189/12567/50868/22143/17025/74637/16190/22433/14462/20850/14104/16842/21414",-0.13530210919513,3.29350668343961,-3.42880879263474,0.13530210919513,3.29350668343961,3.42880879263474,"mixed or incomplete"
"mouse KD vs control vs mouse het vs WT","GO_BP","GO:0042558","pteridine-containing compound metabolic process","either",0.05,"opposite direction",3.28774277579423,3.28774277579423,-1.22310249653502,2.06464027925921,0.601353085320682,0.00460853812244319,"100039707/108037/107885/216188/270685/52466/22171/20425/107747/14528/192166","270685/17768/192166/108037/107747/216188/17250/108147/72562/20751/108156/19286/22171/20425/14287","GO:0042558","GO:0042558","GO:0042558","pteridine-containing compound metabolic process","pteridine-containing compound metabolic process","pteridine-containing compound metabolic process",-1.38938203118204,0.350630354130565,2.33643681561723,-0.455150489666127,-0.220870456483421,TRUE,FALSE,FALSE,"107885/20751/108037/108156/22171/100039707/210009/20425/216188/14528/72562/270685/107747/192166",-0.16627953464702,3.28774277579423,-3.45402231044125,0.16627953464702,3.28774277579423,3.45402231044125,"mixed or incomplete"
"mouse KD vs control vs mouse het vs WT","GO_BP","GO:0009262","deoxyribonucleotide metabolic process","either",0.05,"opposite direction",3.27164878727109,3.27164878727109,-1.43198516127854,1.83966362599255,0.469224307199647,0.038939590225408,"382985/18102/99586/21915/22436/22171/14544/21877/20425/103850/18103/56248/50773/14923","22436/22169/20135/320685/14923/50773/66588/382985/27369/232449/381101/22271/76952/22171/20425/56045","GO:0009262","GO:0009262","GO:0009262","deoxyribonucleotide metabolic process","deoxyribonucleotide metabolic process","deoxyribonucleotide metabolic process",-1.21015564998548,0.517878709454796,1.40960862302093,-0.285771942923717,-0.328619498241837,TRUE,FALSE,FALSE,"18103/76654/22171/18102/27369/382985/20425/21915/22436/50773/99586/103850/14923/21877/14544",0.22182951129306,3.27164878727109,-3.04981927597803,0.22182951129306,3.27164878727109,3.04981927597803,"mixed or incomplete"
"mouse KD vs control vs mouse het vs WT","GO_BP","GO:0046628","positive regulation of insulin receptor signaling pathway","either",0.05,"opposite direction",-3.26892291913069,3.26892291913069,1.3256327190245,-1.94329020010619,0.506264931012627,0.0163725618291495,"15925/11964/69178/20779/74143/22724/108664/227358/66144/20411/66290/93759/72674","21871/74143/56278/237542/108664/66144/18479/11984/19246/114143/16367/11964/66335/13033/73834/11972","GO:0046628","GO:0046628","GO:0046628","positive regulation of insulin receptor signaling pathway","positive regulation of insulin receptor signaling pathway","positive regulation of insulin receptor signaling pathway",1.12226736299977,0.576297223739183,-1.7858833608315,0.239353472588794,0.295622155163407,TRUE,FALSE,FALSE,"15925/11606/66144/20779/11972/114143/108664/20411/22724/93759/66290/16367/69178",-0.20336535602473,-3.26892291913069,3.06555756310596,0.20336535602473,3.26892291913069,3.06555756310596,"KD opposite"
"mouse KD vs control vs mouse het vs WT","GO_BP","GO:0046479","glycosphingolipid catabolic process","either",0.05,"opposite direction",-3.24858859479758,3.24858859479758,1.32379412461834,-1.92479447017924,0.578427259259259,0.0271960256733169,"14420/18010/14667/19156/15211/14466","50877/230101/15212/18010/19156/14420/14466/11605/15211","GO:0046479","GO:0046479","GO:0046479","glycosphingolipid catabolic process","glycosphingolipid catabolic process","glycosphingolipid catabolic process",1.39543766936514,0.383984939657781,-1.56549455751945,0.415685808840243,0.23775124844707,TRUE,FALSE,FALSE,"14667/18010",0.0716435447468,-3.24858859479758,3.32023213954438,0.0716435447468,3.24858859479758,3.32023213954438,"KD opposite"
"mouse KD vs control vs mouse het vs WT","GO_BP","GO:0034341","response to type II interferon","either",0.05,"opposite direction",3.23919334397978,3.23919334397978,-1.27147858830948,1.9677147556703,0.506739913760596,0.00051046150224012,"16161/13144/15979/56699/22418/55943/22059/19014/11898/68713/56517/20913/14528/360013/72508/16362/19261/20296","55932/66141/15944/547253/54396/236573/80285/69550/229900/109168/16423/20684/16145/14469/22793/22059/20846/17250/80876/213002/11898/24088/22352/107508/12332/21822/14026/14468/68713/52055/53330/16451/14433/21898/434341/17472/20913/104252/17913/74117/20821/16558/12540","GO:0034341","GO:0034341","GO:0034341","response to type II interferon","response to type II interferon","response to type II interferon",-1.24891891024896,0.40112281424635,3.29203700577126,-0.396722636398989,-0.295214886821851,TRUE,FALSE,FALSE,"56699/14528/19014/13144/16362/11465/16161/12332/20913/12315/15980/17470/15979/56517/22418/72508/68713/11898/20296/19261",0.02255967806052,3.23919334397978,-3.21663366591926,0.02255967806052,3.23919334397978,3.21663366591926,"mixed or incomplete"
"mouse KD vs control vs mouse het vs WT","GO_BP","GO:0008038","neuron recognition","either",0.05,"opposite direction",3.22746474022503,3.22746474022503,-2.03925059278377,1.18821414744126,0.0451519277102368,0.570400662976361,"14042/13838/235472/22418/12569/319504/20346/22631/13845/17967/14432/67784/19876/268902/13723","14432/20356/20346/18186/68585/269878/22631/11820","GO:0008038","GO:0008038","GO:0008038","neuron recognition","neuron recognition","neuron recognition",-1.80554738587327,0.0438540826861125,0.243819978375672,-1.3579899688769,-1.34532370324534,FALSE,TRUE,TRUE,"319504/68585/18186/11820/12569/20356/13845/67784/15228/14432/14042/22418/22631/13723/268902/19876/17967",0.2337032069105,3.22746474022503,-2.99376153331453,0.2337032069105,3.22746474022503,2.99376153331453,"mixed or incomplete"
"mouse KD vs control vs mouse het vs WT","GO_BP","GO:1900078","positive regulation of cellular response to insulin stimulus","either",0.05,"opposite direction",-3.21806715468713,3.21806715468713,1.3377071823813,-1.88035997230583,0.506264931012627,0.0242887945400043,"15925/11964/69178/20779/74143/22724/26379/108664/227358/66144/20411/66290/93759/72674","21871/74143/239126/17918/56278/237542/108664/66144/18479/11984/19246/114143/16367/11964/66335/13033/73834/11972","GO:1900078","GO:1900078","GO:1900078","positive regulation of cellular response to insulin stimulus","positive regulation of cellular response to insulin stimulus","positive regulation of cellular response to insulin stimulus",1.15583914843043,0.557376964366552,-1.61459403882251,0.253850984053324,0.295622155163407,TRUE,FALSE,FALSE,"15925/11606/66144/26379/20779/11972/114143/108664/20411/22724/93759/66290/16367/69178",-0.18186803395087,-3.21806715468713,3.03619912073626,0.18186803395087,3.21806715468713,3.03619912073626,"KD opposite"
"mouse KD vs control vs mouse het vs WT","GO_BP","GO:0019079","viral genome replication","either",0.05,"opposite direction",3.21126890067075,3.21126890067075,-0.81175447226555,2.3995144284052,0.923401996177532,7.41857142857143e-08,"73683/18521/21357/268373/110532/19062/52513/21973/73158/80287/18673/68713/20307/18128","23962/66141/246730/100038882/20587/20568/69550/229900/246728/71586/19358/23960/246727/21974/15364/80287/80876/226691/213002/19106/78781/17858/13194/23961/52513/56491/268373/30960/58185/68713/231655","GO:0019079","GO:0019079","GO:0019079","viral genome replication","viral genome replication","viral genome replication",1.05210664726821,0.664927475738287,7.1296797174192,0.177225721019153,-0.034609190941527,TRUE,FALSE,FALSE,"80750/226026/71586/107373/231655/12043/19106/246728/110355/114643/23961/18983/78781/226691/94088/246727/17858/58185/230738/98999/269523/13194/19358/72179/246730/23962",1.86386111953376,3.21126890067075,-1.34740778113699,1.86386111953376,3.21126890067075,1.34740778113699,"het opposite"
"mouse KD vs control vs mouse het vs WT","GO_BP","GO:0038020","insulin receptor recycling","either",0.05,"opposite direction",-3.18788926633176,3.18788926633176,1.10991792553871,-2.07797134079305,0.696218535688288,0.0125989231512072,"15925/11964/108664/66144/66290","108664/66144/11984/19246/114143/11964/66335/13033/73834/11972","GO:0038020","GO:0038020","GO:0038020","insulin receptor recycling","insulin receptor recycling","insulin receptor recycling",1.14740092736466,0.589557223036005,-1.89966657309467,0.229474035449855,0.157254418512256,TRUE,FALSE,FALSE,"15925/66144/11972/114143/108664/66290",0.03748300182595,-3.18788926633176,3.22537226815771,0.03748300182595,3.18788926633176,3.22537226815771,"KD opposite"
"mouse KD vs control vs mouse het vs WT","GO_BP","GO:0006575","modified amino acid metabolic process","either",0.05,"opposite direction",3.14028987915349,3.14028987915349,-1.26036646005072,1.87992341910277,0.506739913760596,0.000408766823158109,"14431/18023/108037/54381/107885/20520/218442/112406/213696/65106/56615/216188/12896/83429/270685/18618/107375/14629/193742/211666/14462/14860/52466/14854/22171/240334/20425/14863/68312/18453/19014/18984/11898/75475/18452/12894/107747/207182/218476/14528/223921/110695/14862/192166","107869/26570/270685/243853/17768/50527/192166/14873/66811/56693/14381/110695/18451/69065/108037/14782/218476/74114/14874/107747/216188/17250/211666/108147/14870/54381/11898/112406/13038/67096/15926/193742/14431/232223/68312/12955/13039/75475/269378/53381/14629/108156/18618/14854/78070/22171/109801/18024/14869/19210/27388/20425/14287","GO:0006575","GO:0006575","GO:0006575","modified amino acid metabolic process","modified amino acid metabolic process","modified amino acid metabolic process",-1.47331392049914,0.113929774714634,3.38852436019249,-0.943362761395806,-0.295214886821851,TRUE,FALSE,FALSE,"67096/26570/13039/108156/14854/207182/112406/22171/100039707/18023/107375/27388/12896/14860/14381/14874/56693/12894/210009/20425/216188/78070/56615/14866/54381/14528/19014/240334/218476/65106/14431/211666/107869/14462/18618/14865/270685/17986/193742/107747/72472/14863/68312/18452/18984/18453/223921/75475/14862/11898/192166",-0.21294746044842,3.14028987915349,-3.35323733960191,0.21294746044842,3.14028987915349,3.35323733960191,"mixed or incomplete"
"mouse KD vs control vs mouse het vs WT","GO_BP","GO:0019377","glycolipid catabolic process","either",0.05,"opposite direction",-3.13928191965734,3.13928191965734,1.15525953432937,-1.98402238532797,0.663560411311054,0.0131079100101473,"14420/18010/14667/19156/15211/14466","50877/230101/15212/18010/17939/19156/14420/14466/11605/15211","GO:0019377","GO:0019377","GO:0019377","glycolipid catabolic process","glycolipid catabolic process","glycolipid catabolic process",1.26590510042773,0.506304135834337,-1.88246654884525,0.295588524987849,0.178119532325231,TRUE,FALSE,FALSE,"14667/18010",0.11064556609836,-3.13928191965734,3.2499274857557,0.11064556609836,3.13928191965734,3.2499274857557,"KD opposite"
"mouse KD vs control vs mouse het vs WT","GO_BP","GO:0071346","cellular response to type II interferon","either",0.05,"opposite direction",3.13244147496017,3.13244147496017,-1.19524922796305,1.93719224699712,0.591879175619563,0.00109736664179797,"16161/13144/15979/56699/22418/55943/22059/19014/11898/20913/360013/72508/16362/19261/20296","55932/15944/547253/54396/236573/80285/229900/109168/16423/16145/14469/22793/22059/20846/17250/11898/24088/22352/107508/12332/14026/14468/52055/53330/16451/14433/21898/434341/17472/20913/104252/17913/74117/16558/12540/227753/11465/22121","GO:0071346","GO:0071346","GO:0071346","cellular response to type II interferon","cellular response to type II interferon","cellular response to type II interferon",-1.28245761843503,0.383684893608177,2.95964824580138,-0.416025299451046,-0.22776693975886,TRUE,FALSE,FALSE,"56699/19014/13144/16362/11465/16161/12332/20913/12315/15980/17470/15979/22418/72508/11898/20296/19261",-0.08720839047198,3.13244147496017,-3.21964986543215,0.08720839047198,3.13244147496017,3.21964986543215,"mixed or incomplete"
"mouse KD vs control vs mouse het vs WT","GO_BP","GO:0140888","interferon-mediated signaling pathway","either",0.05,"opposite direction",3.13239282929496,3.13239282929496,-0.804710335137714,2.32768249415725,0.919226889200016,5.79630247270525e-07,"193670/15979/338364/22418/22059/19014/211007/72512/68713/16362","23962/54123/24110/66141/15944/246730/547253/54396/100038882/58203/80285/246728/71586/16145/23960/246727/22059/20846/20847/80876/213002/13194/23961/99375/26987/78308/68713/231655/16179/17874/14082/16451/208727/434341","GO:0140888","GO:0140888","GO:0140888","interferon-mediated signaling pathway","interferon-mediated signaling pathway","interferon-mediated signaling pathway",0.736643404364429,0.991459043350607,6.23684895950189,0.0037252215637864,-0.0365772801635612,TRUE,FALSE,FALSE,"71586/231655/246728/338467/114643/23961/18983/99375/94088/56045/246727/13194/66743/547253/246730/23962/268721/54123/17874/100502841/24110/56417/100038882/208727/20847/227331/56480/66520",1.54135373950214,3.13239282929496,-1.59103908979282,1.54135373950214,3.13239282929496,1.59103908979282,"het opposite"
"mouse KD vs control vs mouse het vs WT","GO_BP","GO:0070206","protein trimerization","either",0.05,"opposite direction",3.09366073100833,3.09366073100833,-1.16533149358437,1.92832923742396,0.656565373663819,0.0403814104010516,"16149/71701/11690/20481/18439/12843","12843/228139/20514/71701/74568/69675/11820/11690/20481/69634","GO:0070206","GO:0070206","GO:0070206","protein trimerization","protein trimerization","protein trimerization",-1.28600621778732,0.49241394404387,1.39381851652916,-0.307669657333809,-0.182722025084088,TRUE,FALSE,FALSE,"16149/11690/11820/18439/12843",-0.12067472420295,3.09366073100833,-3.21433545521128,0.12067472420295,3.09366073100833,3.21433545521128,"mixed or incomplete"
"mouse KD vs control vs mouse het vs WT","GO_BP","GO:0060333","type II interferon-mediated signaling pathway","either",0.05,"opposite direction",3.07176450273198,3.07176450273198,-1.14674053833977,1.92502396439221,0.679625378644453,0.029230504233604,"225326/54721/15979/22059/19014/16362","15944/547253/54396/80285/16145/22059/20846","GO:0060333","GO:0060333","GO:0060333","type II interferon-mediated signaling pathway","type II interferon-mediated signaling pathway","type II interferon-mediated signaling pathway",-1.28015320193307,0.4691493330846,1.5341636928881,-0.328688896705566,-0.167730412028635,TRUE,FALSE,FALSE,"19014/16362/15980/15979",-0.1334126635933,3.07176450273198,-3.20517716632528,0.1334126635933,3.07176450273198,3.20517716632528,"mixed or incomplete"
"mouse KD vs control vs mouse het vs WT","GO_BP","GO:0050768","negative regulation of neurogenesis","either",0.05,"opposite direction",3.04579372035248,3.04579372035248,-1.81526065307045,1.23053306728203,0.0451519277102368,0.44984002627979,"29869/20563/13643/235106/18109/230674/21648/213084/74498/20356/21803/76441/50849/56741/12387/15205/20983/217166/22422/12704/216858/94091/13841/235472/12257/22418/20481/22084/20660/228357/20346/18846/15904/15982/235402/107503/239667/17756/18015/15901/20666/14168/18128/103743","20563/235106/227292/18846/15901/20356/21838/20346/18186/29869/12568/15364/12257/73181/15902/19242/68585/76893","GO:0050768","GO:0050768","GO:0050768","negative regulation of neurogenesis","negative regulation of neurogenesis","negative regulation of neurogenesis",-2.19021904530089,2.01996679648235e-05,0.346941904127038,-4.69465576927764,-1.34532370324534,FALSE,TRUE,TRUE,"15205/68585/20187/50849/74498/18186/18015/14102/213084/320840/20563/14083/21838/29869/19055/216190/20356/83433/20983/217166/12257/56741/18846/12387/216858/15901/15982/107503/235106/18128/22418/239667/17756/235402/13841/20660/14168/20666/15904/103743",-0.37495839223044,3.04579372035248,-3.42075211258292,0.37495839223044,3.04579372035248,3.42075211258292,"mixed or incomplete"
"mouse KD vs control vs mouse het vs WT","GO_BP","GO:0042742","defense response to bacterium","either",0.05,"opposite direction",3.03691233474199,3.03691233474199,-0.9391802606515,2.09773207409049,0.820252715164389,2.54952789498714e-06,"20737/19946/14824/17101/106025/19376/12608/230979/100952/100689/106869/192656/18129/240334/67067/71856/140792/19324/331004/69146/22631/14000/21425/18439/269855/11826/246707","55932/672511/16859/15944/246730/54396/100038882/236573/60440/20568/229900/246728/69146/16145/11535/14469/23960/246727/231507/19664/19056/331004/24105/17250/12363/11745/56174/24088/21937/19946/58809/20085/23961/15439/18805/68024/14468/16819/100689/22631/140792/117149/19376/17874/11820/20416/21898/23794/17472/14972/12369/14000/11826/107607/108655","GO:0042742","GO:0042742","GO:0042742","defense response to bacterium","defense response to bacterium","defense response to bacterium",1.1618825874905,0.452007091300494,5.59354023195196,0.34485475171845,-0.0860523233570808,TRUE,FALSE,FALSE,"14063/11535/17948/17952/381677/18712/13836/58809/19211/53603/224703/14109/246728/240518/114643/268749/23961/14991/24088/74256/22034/97165/229521/80859/108655/12363/319190/246727/16859/231507/77125/98999/11727/17472/81702",2.101062848142,3.03691233474199,-0.93584948659999,2.101062848142,3.03691233474199,0.93584948659999,"het opposite"
"mouse KD vs control vs mouse het vs WT","GO_BP","GO:0046394","carboxylic acid biosynthetic process","either",0.05,"opposite direction",3.02457164503361,3.02457164503361,-1.36409131742166,1.66048032761195,0.355391132325328,0.00622491043687038,"22259/18627/231070/74205/170459/71720/102115/228775/19299/223722/20698/270685/16149/57875/18102/170789/16993/11430/66902/14645/99586/20512/108099/211666/52892/27364/12411/216136/217166/68041/11666/104112/11690/26922/20425/14863/68312/231871/107476/18103/19082/11898/26420/105787/71240/14104/20787/17117/56369/66194/234564/11370/12189/68588/19659/26365/14862/13123/26874/19223/192166","74551/107869/270685/20512/56454/60527/74155/100678/17768/192166/14873/56348/106529/108037/54447/71974/76267/20787/17250/67452/19224/19225/211666/12035/14870/11898/236539/27053/107272/57875/104112/235623/16828/16952/15108/14104/14431/107476/113868/257633/56473/241452/69719/11370/244373/72562/26374/68312/68041/234309/66775/26378/17117/108156/26420/22276/11690/14869/11666/13123/52023/20425/70316/26922/18783/233912/53415/56369/93732/20250/19223/216136/50790/109079/223722/14863/19299/213350","GO:0046394","GO:0046394","GO:0046394","carboxylic acid biosynthetic process","carboxylic acid biosynthetic process","carboxylic acid biosynthetic process",-1.45176796665178,0.0747539737880203,2.20586689275476,-1.12636571606924,-0.449293412856615,TRUE,FALSE,FALSE,"74205/58810/54608/11430/108037/18627/20250/18103/20280/56690/108156/71240/19079/12036/50798/18102/235674/16149/12189/52892/170459/66902/210009/27364/20425/12411/26420/11666/11690/12035/231871/257633/20787/14431/74551/211666/107869/16993/19082/216136/14645/18242/20512/72562/83603/19299/16952/14865/270685/231070/105787/107476/223722/19223/66194/17117/217166/99586/57875/170439/26922/14104/11370/71720/14863/68312/104112/234564/68041/14862/13123/26874/19659/68588/26365/11898/192166",-0.08767664923012,3.02457164503361,-3.11224829426373,0.08767664923012,3.02457164503361,3.11224829426373,"mixed or incomplete"
"mouse KD vs control vs mouse het vs WT","GO_BP","GO:0060348","bone development","either",0.05,"opposite direction",3.02122768905351,3.02122768905351,-1.44230447635047,1.57892321270304,0.210361142515509,0.018119436594263,"105722/21803/97086/76737/20289/67661/26399/15530/14183/17260/216892/70235/235611/12411/237928/21817/18129/233781/21827/20190/66910/18472/14042/212627/59056/233016/233651/242509/15117/18032/72043/22059/231633/18984/18214/20481/94045/12111/20692/56208/14534/12825/12833/268396/68964/16948/22402/17937/19411/12842/19401/72055/21859/12006/13601/239337/80752/20682","20692/12842/12111/23876/14118/12833/17937/21859/14609/22059/17387/23892/59056/12825/234356/67661/12167/16998/21827/18634/69190/20340/16948/20855/13601/18214/242509/269878/80752/14043/268396/108958/72055/239337/19035/59035/18472/270106/231633/56316/233328/212627/110006/21898/14534/17386/23850/18081/18295/20481/16878/108655/12306/72043/20779/329628/15485/21813/235611/223332","GO:0060348","GO:0060348","GO:0060348","bone development","bone development","bone development",-1.98797212129804,1.96059906796713e-05,1.7418553104013,-4.70761120815366,-0.677034479107708,TRUE,TRUE,FALSE,"108153/13595/212627/17300/56316/27973/12411/329628/59035/17129/233328/233651/216892/102866/269941/66910/229644/56208/23876/20190/59056/18129/21827/235611/14534/77583/237928/22160/233781/233016/12406/16998/55994/19094/231070/240725/20289/21817/94045/20682/17937/16948/76566/20692/54635/105722/97086/68964/268396/12825/18214/72055/231633/14042/17260/19411/76737/12167/18984/12842/16878/12833/12111/18605/12006/22402/80752/72043/15117/21859/239337/13601",-0.54566764494757,3.02122768905351,-3.56689533400108,0.54566764494757,3.02122768905351,3.56689533400108,"mixed or incomplete"
"mouse KD vs control vs mouse het vs WT","GO_BP","GO:0016053","organic acid biosynthetic process","either",0.05,"opposite direction",3.01919995052854,3.01919995052854,-1.37739527631372,1.64180467421482,0.305573763313245,0.00619761328950037,"22259/18627/231070/74205/170459/71720/102115/228775/19299/223722/20698/270685/16149/57875/18102/170789/16993/11430/66902/14645/99586/20512/108099/211666/52892/27364/12411/216136/217166/68041/11666/104112/11690/26922/20425/14863/68312/231871/107476/18103/19082/11898/26420/105787/71240/14104/20787/17117/56369/66194/246277/234564/11370/12189/68588/19659/26365/14862/13123/26874/19223/192166","74551/107869/270685/20512/56454/60527/74155/100678/17768/192166/14873/56348/106529/108037/54447/71974/76267/20787/17250/67452/19224/19225/211666/12035/14870/11898/236539/27053/107272/57875/104112/235623/16828/16952/15108/14104/14431/107476/113868/257633/56473/246277/241452/69719/11370/244373/72562/26374/68312/68041/234309/66775/26378/17117/108156/26420/22276/11690/14869/11666/13123/52023/20425/70316/26922/18783/233912/53415/56369/93732/20250/19223/216136/50790/109079/223722/14863/19299/213350","GO:0016053","GO:0016053","GO:0016053","organic acid biosynthetic process","organic acid biosynthetic process","organic acid biosynthetic process",-1.48066228823515,0.0639254974043979,2.20777552578561,-1.19432588404242,-0.514883937195278,TRUE,FALSE,FALSE,"74205/58810/54608/11430/108037/18627/20250/18103/20280/56690/108156/71240/19079/12036/50798/18102/235674/16149/12189/52892/170459/66902/210009/27364/20425/12411/26420/11666/11690/12035/231871/257633/20787/14431/74551/211666/107869/16993/19082/216136/14645/18242/20512/72562/83603/19299/16952/14865/270685/231070/105787/107476/223722/19223/66194/17117/217166/99586/57875/170439/26922/14104/11370/71720/14863/68312/246277/104112/234564/68041/14862/13123/26874/19659/68588/26365/11898/192166",-0.10326701192143,3.01919995052854,-3.12246696244997,0.10326701192143,3.01919995052854,3.12246696244997,"mixed or incomplete"
"mouse KD vs control vs mouse het vs WT","GO_BP","GO:0016054","organic acid catabolic process","either",0.05,"opposite direction",3.01838932910059,3.01838932910059,-1.48886417293325,1.52952515616734,0.184126365843473,0.0473463655931892,"12039/71562/26384/78038/67880/58810/71985/23986/15356/338350/110959/66904/51798/20280/70266/56357/66514/100039707/227095/15488/76282/56717/97212/12623/52430/67528/71776/66948/100705/80911/13177/216188/19299/12040/26912/50880/12896/64898/170789/11430/66841/14245/110826/52665/12411/216136/11666/20425/72129/71767/11898/67460/12894/107747/104184/246277/234564/11370/330260/52538/20524/67980/110695/26874/19125/269823/192166","108682/12041/192166/26912/110695/66253/74114/51798/11409/230784/14874/107747/216188/330260/67460/14661/11651/12035/11898/66885/66904/56174/18634/16828/15108/231086/113868/13171/257633/26569/246277/93747/78038/11370/16922/23986/110842/235339/110446/433256/269378/12039/26378/52538/269823/11666/20524/20425/15107/52665/93732/216136/58875/56717/68631/14085/104184/19299/67980/52430/18242/22160/19125/13479/80879/12896/110959/26874/231327/110826/80911/67880/227095/229211/214579","GO:0016054","GO:0016054","GO:0016054","organic acid catabolic process","organic acid catabolic process","organic acid catabolic process",-1.45853843364793,0.099372300770262,1.32471335274101,-1.00273465482857,-0.734884018554834,TRUE,FALSE,FALSE,"76574/58810/54608/11430/78920/12623/20280/56690/229517/74091/214579/12036/110842/66948/26912/100039707/235674/50880/23986/78038/12896/14874/67880/12894/110826/210009/20425/216188/66904/12411/11666/52665/104184/12035/52430/330260/257633/14245/15107/216136/12041/67460/18242/22160/19299/66841/66514/107747/269823/67980/51798/52538/11370/71767/246277/234564/20524/26874/19125/11898/192166",0.03032573928532,3.01838932910059,-2.98806358981527,0.03032573928532,3.01838932910059,2.98806358981527,"mixed or incomplete"
"mouse KD vs control vs mouse het vs WT","GO_BP","GO:0046395","carboxylic acid catabolic process","either",0.05,"opposite direction",3.01838932910059,3.01838932910059,-1.48886417293325,1.52952515616734,0.184126365843473,0.0473463655931892,"12039/71562/26384/78038/67880/58810/71985/23986/15356/338350/110959/66904/51798/20280/70266/56357/66514/100039707/227095/15488/76282/56717/97212/12623/52430/67528/71776/66948/100705/80911/13177/216188/19299/12040/26912/50880/12896/64898/170789/11430/66841/14245/110826/52665/12411/216136/11666/20425/72129/71767/11898/67460/12894/107747/104184/246277/234564/11370/330260/52538/20524/67980/110695/26874/19125/269823/192166","108682/12041/192166/26912/110695/66253/74114/51798/11409/230784/14874/107747/216188/330260/67460/14661/11651/12035/11898/66885/66904/56174/18634/16828/15108/231086/113868/13171/257633/26569/246277/93747/78038/11370/16922/23986/110842/235339/110446/433256/269378/12039/26378/52538/269823/11666/20524/20425/15107/52665/93732/216136/58875/56717/68631/14085/104184/19299/67980/52430/18242/22160/19125/13479/80879/12896/110959/26874/231327/110826/80911/67880/227095/229211/214579","GO:0046395","GO:0046395","GO:0046395","carboxylic acid catabolic process","carboxylic acid catabolic process","carboxylic acid catabolic process",-1.45853843364793,0.099372300770262,1.32471335274101,-1.00273465482857,-0.734884018554834,TRUE,FALSE,FALSE,"76574/58810/54608/11430/78920/12623/20280/56690/229517/74091/214579/12036/110842/66948/26912/100039707/235674/50880/23986/78038/12896/14874/67880/12894/110826/210009/20425/216188/66904/12411/11666/52665/104184/12035/52430/330260/257633/14245/15107/216136/12041/67460/18242/22160/19299/66841/66514/107747/269823/67980/51798/52538/11370/71767/246277/234564/20524/26874/19125/11898/192166",0.03032573928532,3.01838932910059,-2.98806358981527,0.03032573928532,3.01838932910059,2.98806358981527,"mixed or incomplete"
"mouse KD vs control vs mouse het vs WT","GO_BP","GO:0051961","negative regulation of nervous system development","either",0.05,"opposite direction",3.01775734752831,3.01775734752831,-1.79212952706694,1.22562782046137,0.0451519277102368,0.458848201503221,"29869/20563/13643/235106/18109/230674/21648/213084/74498/20356/21803/76441/50849/56741/12387/15205/20983/217166/22422/12704/216858/94091/13841/74762/235472/12257/22418/20481/22084/20660/228357/20346/18846/15904/15982/235402/107503/19876/239667/17756/18015/15901/20666/14168/18128/103743","20563/235106/227292/18846/15901/20356/21838/20346/18186/29869/12568/15364/12257/73181/24088/15902/19242/68585/76893/16800/269951/11820/230674/20481/56741/19164/22084","GO:0051961","GO:0051961","GO:0051961","negative regulation of nervous system development","negative regulation of nervous system development","negative regulation of nervous system development",-2.17599127350538,8.37173821270715e-06,0.338330966212572,-5.07718436066712,-1.34532370324534,FALSE,TRUE,TRUE,"15205/68585/20187/50849/74498/18186/18015/14102/11820/213084/320840/20563/14083/21838/29869/19055/216190/20356/74762/83433/20983/217166/12257/56741/18846/12387/216858/15901/15982/107503/235106/18128/22418/239667/17756/235402/13841/20660/14168/19876/20666/15904/103743",-0.38386174643844,3.01775734752831,-3.40161909396675,0.38386174643844,3.01775734752831,3.40161909396675,"mixed or incomplete"
"mouse KD vs control vs mouse het vs WT","GO_BP","GO:0006790","sulfur compound metabolic process","either",0.05,"opposite direction",3.00989146782771,3.00989146782771,-1.29770671431924,1.71218475350847,0.473467257033734,0.00281485564815373,"56318/192156/15488/14431/18023/208715/27402/67528/108652/65106/100705/73724/74205/56615/56451/67493/17855/18605/110460/12040/83429/71743/18102/18618/170789/171580/14629/66902/15531/211666/68021/14860/14854/12411/11666/104112/22021/14042/22333/108645/14863/68312/72043/18293/107476/13350/26363/67283/20850/75475/14104/104184/207182/20851/320878/246221/56369/246277/216739/52538/223921/110695/68087/54371/14862","107869/26570/12041/228026/20917/67800/232087/14873/14381/110695/69065/14782/54371/12286/74114/319518/14874/17250/211666/14600/14870/66885/236539/67096/104112/15926/14104/14431/107476/13171/71743/246277/171210/78038/56360/64451/14043/235339/232223/110446/229709/26897/17855/68312/12955/72621/433256/75475/269378/12039/22021/52538/14629/108156/18597/66812/17850/18618/68021/22333/110821/14854/109801/18024/14869/11666/105663/72043/73132/14630/56369/73836/236900/216443/50790/14863/104184/14042/110948/329910/29807/14775/13479/56318/68044/59010/74450","GO:0006790","GO:0006790","GO:0006790","sulfur compound metabolic process","sulfur compound metabolic process","sulfur compound metabolic process",-1.52070488872751,0.0471737110260532,2.55054387179584,-1.32629995765843,-0.324710049567275,TRUE,TRUE,FALSE,"67420/78038/14860/14381/59010/14874/72621/66902/210009/12411/15531/11666/56615/104184/14866/19212/171580/269941/60322/15357/65106/192156/22333/73836/14431/211666/107869/12041/18618/83603/20851/246221/26568/14865/240725/107476/17986/110460/20850/13350/170439/14104/17855/22021/52538/68603/14042/208715/14863/68312/68087/246277/104112/223921/216739/75475/14862/68021/320878/18605/72043/54371",-0.22299817440827,3.00989146782771,-3.23288964223598,0.22299817440827,3.00989146782771,3.23288964223598,"mixed or incomplete"
"mouse KD vs control vs mouse het vs WT","GO_BP","GO:0170041","non-proteinogenic amino acid metabolic process","either",0.05,"opposite direction",2.99674856237042,2.99674856237042,-1.08967120588662,1.9070773564838,0.685436576777651,0.00906804305939055,"18618/99586/20512/68021/27364/12411/18453/11898/18452/104184/246221/192166","107869/20512/56454/50527/192166/56693/18451/11898/112406/236539/14431/69719/269378/53381/108156/17850/18618/68021","GO:0170041","GO:0170041","GO:0170041","non-proteinogenic amino acid metabolic process","non-proteinogenic amino acid metabolic process","non-proteinogenic amino acid metabolic process",-1.37759111213396,0.312159687235997,2.04248642630343,-0.50562318308458,-0.164032724141845,TRUE,FALSE,FALSE,"56693/210009/27364/12411/242669/104184/14431/107869/20512/18618/246221/99586/18452/18453/68021/11898/192166",-0.28791990624734,2.99674856237042,-3.28466846861776,0.28791990624734,2.99674856237042,3.28466846861776,"mixed or incomplete"
"mouse KD vs control vs mouse het vs WT","GO_BP","GO:0170039","proteinogenic amino acid metabolic process","either",0.05,"opposite direction",2.9925503726166,2.9925503726166,-1.14488739774149,1.84766297487511,0.624576815868073,0.006630064403503,"11911/54375/66902/14645/27364/12411/216136/20425/11898/246221/56369/66194/246277/110695/56448/19125/192166","107869/108682/56454/100678/239273/12041/192166/26912/110695/18263/226518/108037/14874/14661/12035/11898/66885/236539/27053/107272/15108/246277/93747/78038/72562/110446","GO:0170039","GO:0170039","GO:0170039","proteinogenic amino acid metabolic process","proteinogenic amino acid metabolic process","proteinogenic amino acid metabolic process",-1.43116297445809,0.23566670307594,2.17848225289988,-0.627701773826531,-0.204414140706902,TRUE,FALSE,FALSE,"20751/67026/78920/108037/108156/12036/66948/26912/11911/11977/78038/14874/66902/210009/27364/20425/12411/242669/12035/107869/216136/12041/14645/18242/72562/246221/17986/66514/66194/54375/246277/56448/19125/11898/192166",-0.2862755767166,2.9925503726166,-3.2788259493332,0.2862755767166,2.9925503726166,3.2788259493332,"mixed or incomplete"
"mouse KD vs control vs mouse het vs WT","GO_BP","GO:0032728","positive regulation of interferon-beta production","either",0.05,"opposite direction",2.97732040427824,2.97732040427824,-0.758033996818745,2.21928640745949,0.92863976900932,0.000272171163198671,"27056/338364/72512/71956/16362","54123/246730/100038882/230073/246728/71586/23960/246727/66412/142980/70428/78781/24088/23961","GO:0032728","GO:0032728","GO:0032728","positive regulation of interferon-beta production","positive regulation of interferon-beta production","positive regulation of interferon-beta production",1.21851270240686,0.481111969111969,3.56515789062099,0.317753838577333,-0.0321527216051582,TRUE,FALSE,FALSE,"71586/246728/114643/23961/24088/97165/71609/78781/70408/246727/170743/27056/246730/67065/21898/54123/230073/100038882",1.9765466992256,2.97732040427824,-1.00077370505263,1.9765466992256,2.97732040427824,1.00077370505263,"het opposite"
"mouse KD vs control vs mouse het vs WT","GO_BP","GO:0051259","protein complex oligomerization","either",0.05,"opposite direction",2.97437914823254,2.97437914823254,-1.28159908534232,1.69278006289022,0.489547413793103,0.00631146143430443,"21817/66839/70382/192656/216858/106931/20190/17025/11690/233107/21877/338364/51800/67991/20425/22059/107476/20481/50997/382056/72512/70350/233529/69146/71956/239217/73739/16506/328572/56369/18195/12833/18439/11838/15165/12843/13429/72844","107869/246730/100038882/12843/243853/12833/109168/71586/69146/20135/232087/72844/23960/233107/56520/228139/20514/108037/22059/23874/18764/15452/14319/67991/52120/69089/66592/228983/12972/11674/13429/331623/241296/69228/23961/71701/15108/22323/107476/14026/17436/74568/69675/17025/233908/234309/215999/11820/16518/18763/18081/66628/11690/20481/74006/229937/666704/20425/78688/69634/70796/432508/56045/66388/56369/56384/382571/381760/114643/68667/27410","GO:0051259","GO:0051259","GO:0051259","protein complex oligomerization","protein complex oligomerization","protein complex oligomerization",-1.10195445120555,0.574189860759774,2.19987006716378,-0.240944480691758,-0.310205239404236,TRUE,FALSE,FALSE,"72512/17025/338364/18764/330171/16534/12972/18102/52551/106931/16149/66628/268564/20425/16518/22781/11690/11514/16506/11820/328572/20190/107869/76137/193385/216190/73739/71956/192656/107476/233529/70382/21817/18195/78688/239217/216858/233107/21877/18439/69146/15165/13429/67991/12833/72844/11838/12843",0.17964463413677,2.97437914823254,-2.79473451409577,0.17964463413677,2.97437914823254,2.79473451409577,"mixed or incomplete"
"mouse KD vs control vs mouse het vs WT","GO_BP","GO:0097696","cell surface receptor signaling pathway via STAT","either",0.05,"opposite direction",2.95980253901415,2.95980253901415,-1.22612333043214,1.73367920858201,0.540952123495587,0.0176764182501999,"14184/16194/18016/14312/228812/217039/22083/16195/19229/58523/13019/107895/12702/12703/16392/18764/20897/20304/54721/56469/27419/59004/15235/54394/21803/15205/16161/15979/12569/20848/20850/216233/16950/20851/15239/328572/18128/14586/12931","547253/80285/229900/20897/12931/20846/18764/16453/12568/20847/16923/16950/15364/14158/14600/24088/21937/20852/229615/216233/12702/16164/27419/107566/16451/18763/110006/52023/16878/230514/14586/13078/15976/16818/67561/56468/15975/14360/230484/16189/12703/20304/228812/16452/54721/16193/21803/18099","GO:0097696","GO:0097696","GO:0097696","cell surface receptor signaling pathway via STAT","cell surface receptor signaling pathway via STAT","cell surface receptor signaling pathway via STAT",-1.19571732430206,0.46895349404016,1.75260573093839,-0.328870223986793,-0.266841170053807,TRUE,FALSE,FALSE,"56469/18099/21937/217039/15239/22083/12568/54394/67561/110006/18764/15205/13019/12051/12389/56468/16194/16164/16190/12569/328572/16161/16195/20851/12315/20848/20850/16392/15979/12702/18128/16950/16878/14586/12931",0.0304060061300799,2.95980253901415,-2.92939653288407,0.0304060061300799,2.95980253901415,2.92939653288407,"mixed or incomplete"
"mouse KD vs control vs mouse het vs WT","GO_BP","GO:0007405","neuroblast proliferation","either",0.05,"opposite direction",2.95104075215038,2.95104075215038,-2.16352823328202,0.787512518868356,0.00410838500899723,0.92194259229143,"22341/21803/26934/12387/20678/14183/233064/216858/18472/140570/320265/18032/231871/15904/14182/216739/195018/100182/18015/68519/16842/20312/14168/18128","66725/20312/67299/319757/19242/16800/100182/67203/18472/22339/26419/15251/21678","GO:0007405","GO:0007405","GO:0007405","neuroblast proliferation","neuroblast proliferation","neuroblast proliferation",-1.85673870645998,0.0149325573359564,0.0352961208414523,-1.82586580903415,-2.38632886413805,FALSE,TRUE,TRUE,"18472/20674/140570/18015/66993/67299/231871/195018/14182/26934/100182/66725/12387/216858/320265/15228/18128/20678/216739/14168/68519/16842/15904/20312",0.30678952682204,2.95104075215038,-2.64425122532834,0.30678952682204,2.95104075215038,2.64425122532834,"mixed or incomplete"
"mouse KD vs control vs mouse het vs WT","GO_BP","GO:0170033","L-amino acid metabolic process","either",0.05,"opposite direction",2.9464587969331,2.9464587969331,-1.02674335715606,1.91971543977704,0.734326381992718,0.00103696129930366,"70266/56357/66514/227095/14431/76282/108037/112406/71776/66948/26912/18618/11911/54375/66902/14645/27364/12411/216136/20425/18453/11898/18452/104184/246221/56369/66194/246277/110695/56448/19125","107869/108682/56454/100678/239273/12041/50527/26912/56693/110695/18263/18451/226518/108037/14874/14661/12035/11898/112406/66885/236539/27053/107272/15108/14431/246277/93747/78038/72562/110446/269378/53381/20751/108156/18618","GO:0170033","GO:0170033","GO:0170033","L-amino acid metabolic process","L-amino acid metabolic process","L-amino acid metabolic process",-1.40812952182927,0.19964836228708,2.9842374517233,-0.69973424796702,-0.134110868703475,TRUE,FALSE,FALSE,"18451/20751/67026/78920/108037/108156/12036/112406/66948/26912/11911/11977/78038/14874/56693/66902/210009/27364/20425/12411/242669/104184/12035/14431/107869/216136/12041/14645/18242/18618/72562/246221/17986/66514/66194/54375/246277/18452/18453/56448/19125/11898",-0.38138616467321,2.9464587969331,-3.32784496160631,0.38138616467321,2.9464587969331,3.32784496160631,"mixed or incomplete"
"mouse KD vs control vs mouse het vs WT","GO_BP","GO:0002833","positive regulation of response to biotic stimulus","either",0.05,"opposite direction",2.94261133931358,2.94261133931358,-1.0974741399594,1.84513719935418,0.636510040400422,3.21176023747127e-06,"27419/64296/217069/223664/18624/16149/19094/78308/224897/18708/14824/108089/22627/69807/18035/379043/12261/26399/19376/217365/18521/56310/27056/21357/223752/76457/54722/217166/100952/53791/192656/432940/19052/94091/193670/338364/22418/192231/226791/67313/52513/66513/19014/68614/216869/18807/100340/57783/20850/211007/74136/72512/18673/56208/105787/20877/12894/20787/69146/71956/209558/20851/77777/14375/78757/18439/16362/13649/66873/18750/18412/15511/246707","55932/54123/16859/15944/246730/15951/54396/20128/108089/230073/15950/381308/58203/80285/100040462/209387/229900/70110/71586/69146/16145/13874/236312/18828/14469/23960/246727/64685/102639543/70097/20787/80861/142980/234311/20509/12363/226691/319236/217365/70428/11651/19106/217718/22628/78781/14283/56174/22596/24088/16174/76438/108155/20085/226695/217069/23961/225913/69035/68585/224897/266632/68077/74998/14375/52513/68614/100033459/268857/14468/58185/27419/78308/28185/231655/117149/16179/79554/19376/17874/11820/14082/319277/19294/11845/110006/226791/21898/18754/434341/18081/432940/73945/50523/68278/81601/54722/107607/15510/71514/223664/379043/20779/57783/216877/66220/100952/26419/70796/625530/60533/66873","GO:0002833","GO:0002833","GO:0002833","positive regulation of response to biotic stimulus","positive regulation of response to biotic stimulus","positive regulation of response to biotic stimulus",0.957150079476271,0.824185436994856,5.49325688289203,0.083975063541897,-0.196194741333016,TRUE,FALSE,FALSE,"14063/54445/320019/54698/16174/215707/73945/52065/12475/19294/68278/74998/71586/231655/20779/67857/52118/16783/15951/60533/381308/12368/19106/69104/50523/19697/13982/240518/12675/319236/114643/17096/11765/23961/14991/24088/22034/236312/97165/52440/70796/234779/26419/76438/108960/170737/80859/78781/226691/70408/17164/64685/170750/69368/12363/94088/66220/234311/246727/16859/58185/170743/27056/98999/71268/69601/81702/66743/21929/16396/12122/72179/246730/13874/67065",2.05462421943567,2.94261133931358,-0.887987119877909,2.05462421943567,2.94261133931358,0.887987119877909,"het opposite"
"mouse KD vs control vs mouse het vs WT","GO_BP","GO:0006520","amino acid metabolic process","either",0.05,"opposite direction",2.94020415407415,2.94020415407415,-0.930851106197773,2.00935304787638,0.831453635560789,5.92808781379215e-06,"11565/11977/14287/20751/71984/26570/12039/71562/78038/230577/107271/27053/69955/15356/15194/102436/70266/56357/66514/100039707/227095/14431/70791/384281/76282/108037/226539/112406/71776/66948/102115/12040/26912/50880/18618/11911/14629/54375/66902/14645/110826/99586/20512/68021/27364/12411/216136/20425/18453/11898/110960/18452/104184/246221/56369/66194/246277/110695/11484/56448/19125/192166","107869/26570/20512/108682/56454/100678/239273/12041/50527/192166/26912/381314/353172/56693/11566/110695/14194/18263/18451/226518/22375/108037/107045/23874/12286/110960/14874/22321/14661/12035/70223/11898/112406/66885/236539/27053/107272/68915/226414/107508/15108/15115/14431/13171/27267/246277/93747/78038/69719/110842/72562/110446/20226/50493/269378/12039/53381/14629/20751/108156/17850/18618/68021","GO:0006520","GO:0006520","GO:0006520","amino acid metabolic process","amino acid metabolic process","amino acid metabolic process",-1.35805211257364,0.170587302481087,5.22708537170165,-0.768053298301115,-0.0801619633795352,TRUE,FALSE,FALSE,"14629/70791/70560/107271/18451/20751/67026/78920/108037/26570/104458/108156/15115/229517/226539/214579/12036/110842/112406/66948/26912/100039707/50880/11911/109093/11977/78038/22375/14874/56693/66902/110826/210009/27364/20425/105148/12411/71984/242669/104184/12035/14431/107869/216136/12041/14645/18242/20512/18618/72562/246221/71807/110960/17986/66514/66194/11484/99586/11565/54375/67547/246277/18452/18453/68021/56448/19125/11898/192166",-0.427201006375867,2.94020415407415,-3.36740516045002,0.427201006375867,2.94020415407415,3.36740516045002,"mixed or incomplete"
"mouse KD vs control vs mouse het vs WT","GO_BP","GO:1901605","alpha-amino acid metabolic process","either",0.05,"opposite direction",2.93899635208121,2.93899635208121,-1.00876370348607,1.93023264859514,0.749247976984777,0.000408766823158109,"70266/56357/66514/100039707/227095/14431/76282/108037/112406/71776/66948/102115/26912/50880/18618/11911/14629/54375/66902/14645/68021/27364/12411/216136/20425/18453/11898/18452/104184/246221/56369/66194/246277/110695/11484/56448/19125/192166","107869/26570/108682/56454/100678/239273/12041/50527/192166/26912/56693/11566/110695/14194/18263/18451/226518/108037/12286/14874/14661/12035/11898/112406/66885/236539/27053/107272/15108/14431/246277/93747/78038/69719/72562/110446/50493/269378/53381/14629/20751/108156/17850/18618/68021/20425/14287/11911/14630/53415/56369/216443/216136/109079/58875/14085/104184/11484/18242/330817/19125/13479","GO:1901605","GO:1901605","GO:1901605","alpha-amino acid metabolic process","alpha-amino acid metabolic process","alpha-amino acid metabolic process",-1.4312170688775,0.171001356652113,3.38852436019249,-0.767000444086271,-0.125374421002317,TRUE,FALSE,FALSE,"18451/20751/67026/78920/108037/26570/108156/214579/12036/112406/66948/26912/100039707/50880/11911/11977/78038/14874/56693/66902/210009/27364/20425/12411/242669/104184/12035/14431/107869/216136/12041/14645/18242/18618/72562/246221/17986/66514/66194/11484/11565/54375/67547/246277/18452/18453/68021/56448/19125/11898/192166",-0.42245336539143,2.93899635208121,-3.36144971747264,0.42245336539143,2.93899635208121,3.36144971747264,"mixed or incomplete"
"mouse KD vs control vs mouse het vs WT","GO_BP","GO:0002218","activation of innate immune response","either",0.05,"opposite direction",2.92127100146158,2.92127100146158,-1.00661715149294,1.91465384996864,0.75243199510395,4.56081105017279e-06,"27419/64296/217069/223664/18624/19094/78308/224897/18708/108089/22627/69807/18035/12261/26399/217365/18521/56310/27056/21357/223752/76457/217166/53791/192656/432940/19052/94091/193670/338364/192231/226791/67313/52513/66513/68614/216869/18807/100340/57783/74136/72512/18673/56208/20877/12894/69146/71956/209558/14375/78757/18439/16362/13649/66873/18412/15511","55932/54123/15944/246730/15951/54396/20128/108089/230073/15950/381308/58203/100040462/209387/229900/70110/71586/69146/16145/236312/14469/23960/246727/64685/102639543/80861/142980/234311/20509/12363/226691/319236/217365/11651/19106/217718/78781/14283/56174/22596/24088/76438/108155/226695/217069/23961/225913/69035/68585/224897/266632/68077/74998/14375/52513/68614/100033459/268857/14468/58185/27419/78308/28185/231655/117149/16179/79554/17874/11820/319277/11845/110006/226791/21898/18754/18081/432940/73945/50523/68278/81601/107607/15510/71514/223664/20779/57783/216877/66220/26419/70796/625530/60533/66873","GO:0002218","GO:0002218","GO:0002218","activation of innate immune response","activation of innate immune response","activation of innate immune response",0.976939136271221,0.782934741852921,5.34095791977115,0.106274435176123,-0.123532745549012,TRUE,FALSE,FALSE,"14063/54445/320019/215707/73945/52065/12475/68278/74998/71586/231655/20779/67857/15951/60533/381308/12368/19106/69104/50523/19697/13982/240518/12675/319236/114643/17096/23961/24088/22034/236312/52440/70796/234779/26419/76438/108960/170737/80859/78781/226691/17164/64685/170750/69368/12363/66220/234311",1.98355628776416,2.92127100146158,-0.937714713697419,1.98355628776416,2.92127100146158,0.937714713697419,"het opposite"
"mouse KD vs control vs mouse het vs WT","GO_BP","GO:0097485","neuron projection guidance","either",0.05,"opposite direction",2.90636974521236,2.90636974521236,-1.73180144822605,1.17456829698631,0.0451519277102368,0.477837368877672,"14042/13924/13637/13841/13838/18209/235472/22418/12569/77579/319504/19271/13617/18844/20315/223435/73710/20346/20564/237847/18846/16564/11876/108699/20351/13845/17967/107449/14432/19876/14451/268902/226251/107448/18612/17181/22253/18128/19274/23965/13723","20563/14451/20564/14432/18846/11603/107449/399558/20356/11658/17181/20346/18186/29869/20361/14251/12568/12167/13848/319757/76260/13866/22323/14026/20430/20315/16971/22152/269878/23966/11820/23965/16911/11876/16773/13639/11735/13640/22339/14009/108655/226519/18612","GO:0097485","GO:0097485","GO:0097485","neuron projection guidance","neuron projection guidance","neuron projection guidance",-1.77439780378421,0.00342745757093311,0.320719889615945,-2.46502791270874,-1.34532370324534,FALSE,TRUE,TRUE,"223435/18186/13639/75847/13638/11735/11820/11785/12569/53328/20563/13924/12399/14462/21808/29869/18612/18209/20266/20356/11658/17986/16564/13845/16392/71436/18846/18844/13641/20564/237847/15228/14432/14042/17260/19274/18128/12167/20358/22418/20315/226251/73710/20351/13841/13723/108699/11876/268902/19876/14451/17967/23965/17181/107449/13617/22253",-0.0425963555581601,2.90636974521236,-2.94896610077052,0.0425963555581601,2.90636974521236,2.94896610077052,"mixed or incomplete"
"mouse KD vs control vs mouse het vs WT","GO_BP","GO:0060760","positive regulation of response to cytokine stimulus","either",0.05,"opposite direction",2.90450458081101,2.90450458081101,-1.0615843230479,1.84292025776311,0.708953254714109,0.0201223061159958,"192656/18472/193670/22418/12569/19014/211007/72512/15511","54123/15944/547253/54396/230073/58203/80285/71586/16145/16177/12363/26362/24088/12977","GO:0060760","GO:0060760","GO:0060760","positive regulation of response to cytokine stimulus","positive regulation of response to cytokine stimulus","positive regulation of response to cytokine stimulus",0.717817849981105,0.991383054154844,1.69632224846407,0.00375850882197183,-0.149382399357116,TRUE,FALSE,FALSE,"80985/22350/71586/53603/24088/77128/12363/94088/66743/547253/13614/21898/54123",1.779402173029,2.90450458081101,-1.12510240778201,1.779402173029,2.90450458081101,1.12510240778201,"het opposite"
"mouse KD vs control vs mouse het vs WT","GO_BP","GO:0046496","nicotinamide nucleotide metabolic process","either",0.05,"opposite direction",2.89955067931478,2.89955067931478,-1.16924481125734,1.73030586805744,0.590757896706905,0.006630064403503,"56717/230125/17425/11428/14430/21351/100198/100705/17777/333433/78373/18605/216963/216188/19428/68837/72106/16548/74637/209692/20512/108099/216805/19052/11761/20848/18293/22059/19082/14635/67863/105787/74080/107747/16969/18642/667034/328572/17449/74370/12833/20185/18439/239017/13808/18104","18641/547253/20512/192185/243853/66171/12833/14635/74747/14381/110208/226518/22059/14751/107747/216188/67863/19895/22601/66129/246703/11674/108155/225913/15926/74370/56327/100198/17436/18113/50721/239017/72141/269951/69225/11820/19384/14433/13808/208727/21351/15937/107029/66646/19164/16548/18104/56428/68646/56716/21991/20779","GO:0046496","GO:0046496","GO:0046496","nicotinamide nucleotide metabolic process","nicotinamide nucleotide metabolic process","nicotinamide nucleotide metabolic process",-1.24661498204448,0.350609195402299,2.17848225289988,-0.455176697882532,-0.228590464408564,TRUE,FALSE,FALSE,"14381/17777/67880/216188/19052/21351/17869/11820/100198/328572/16548/78373/246703/14635/19082/11761/72106/20512/20185/18104/18642/20848/105787/667034/74370/107747/22228/74080/68837/18439/74747/67863/12833/239017/18605/13808",-0.0773701707871401,2.89955067931478,-2.97692085010192,0.0773701707871401,2.89955067931478,2.97692085010192,"mixed or incomplete"
"mouse KD vs control vs mouse het vs WT","GO_BP","GO:0007411","axon guidance","either",0.05,"opposite direction",2.89713972445946,2.89713972445946,-1.71817680480379,1.17896291965567,0.0451519277102368,0.469194968771086,"22422/14042/13924/13637/13841/13838/18209/235472/22418/12569/77579/319504/19271/13617/20315/223435/73710/20346/20564/237847/18846/16564/11876/108699/20351/13845/17967/107449/14432/19876/14451/268902/226251/107448/18612/17181/22253/18128/19274/23965/13723","20563/14451/20564/14432/18846/11603/107449/399558/20356/11658/17181/20346/18186/29869/20361/14251/12568/12167/13848/319757/76260/13866/22323/14026/20430/20315/16971/22152/269878/23966/11820/23965/16911/11876/16773/13639/11735/13640/22339/14009/108655/226519/18612","GO:0007411","GO:0007411","GO:0007411","axon guidance","axon guidance","axon guidance",-1.74501045926264,0.00550657495726987,0.32864665351872,-2.25911844464389,-1.34532370324534,FALSE,TRUE,TRUE,"223435/18186/13639/75847/13638/11735/11820/11785/12569/53328/20563/13924/12399/14462/21808/29869/18612/18209/20266/20356/11658/17986/16564/13845/16392/71436/18846/13641/20564/237847/15228/14432/14042/17260/19274/18128/12167/20358/22418/20315/226251/73710/20351/13841/13723/108699/11876/268902/19876/14451/17967/23965/17181/107449/13617/22253",-0.0268336544588501,2.89713972445946,-2.92397337891831,0.0268336544588501,2.89713972445946,2.92397337891831,"mixed or incomplete"
"mouse KD vs control vs mouse het vs WT","GO_BP","GO:0008652","amino acid biosynthetic process","either",0.05,"opposite direction",2.88473037015341,2.88473037015341,-1.1136906037513,1.77103976640211,0.657498613839698,0.0379189023216678,"66902/14645/99586/20512/27364/12411/216136/20425/11898/56369/66194/192166","107869/20512/56454/100678/192166/108037/12035/11898/236539/27053/107272/69719/72562/108156/20425/53415/56369/216136/109079/18242/330817/57320/66902/17769/238505/66194/209027/70396","GO:0008652","GO:0008652","GO:0008652","amino acid biosynthetic process","amino acid biosynthetic process","amino acid biosynthetic process",-1.39466109877335,0.303292501593146,1.42114424313098,-0.518138326771352,-0.182105158431216,TRUE,FALSE,FALSE,"66902/210009/27364/20425/12411/12035/107869/216136/14645/18242/20512/72562/66194/99586/11898/192166",-0.28097049502205,2.88473037015341,-3.16570086517546,0.28097049502205,2.88473037015341,3.16570086517546,"mixed or incomplete"
"mouse KD vs control vs mouse het vs WT","GO_BP","GO:0009410","response to xenobiotic stimulus","either",0.05,"opposite direction",2.87719902169181,2.87719902169181,-1.62676578331627,1.25043323837554,0.0451519277102368,0.330376187943385,"19361/16398/27973/56615/21423/22210/19299/67702/22341/14118/22433/14673/57138/11655/18618/21803/19366/14629/17101/12387/99586/14281/20512/74134/17755/68021/15184/14462/216964/27364/17260/14860/13435/12578/14811/17711/12359/11761/17025/71111/54611/13433/217337/11303/12257/12038/14863/68312/170472/22059/18984/11898/14362/18673/56208/105787/12894/237823/104184/20787/217124/667034/22631/328572/74370/12833/11864/17967/16948/12494/18439/12842/17395/11622/14923/14463/13110/11669/56448/75409/14862/19274/210274/18104/269823/20296/14799","12842/20512/74155/14362/243853/14118/12833/14873/14799/11864/22059/12567/74114/20787/17250/20509/21423/12257/14673/13629/14870/11898/67768/14923/12972/67603/218397/16948/12554/107589/74370/18578/113868/18484/108737/12443/69719/16819/68312/17025/22631/78894/279766/67512/14629/19645/28253/18618/68021/67702/269823/208727/18754/13555/18024/14869/17755/11810/18104/18669/15288/15107/21813/13797/14630/103213/11350/394435/13078/15551/16818/11303/14281/18671/14863/15183/16527/104184/19299","GO:0009410","GO:0009410","GO:0009410","response to xenobiotic stimulus","response to xenobiotic stimulus","response to xenobiotic stimulus",-1.67396602725365,0.00299570292638361,0.480991262251972,-2.52350125633613,-1.34532370324534,FALSE,TRUE,TRUE,"13433/11303/14860/106042/21423/11655/16398/12894/27364/14281/27973/17220/17869/12443/13435/56615/18577/104184/14866/14673/12578/328572/15107/56208/15184/14811/217337/74134/20787/67702/22433/18673/14462/11761/67041/20512/170472/18618/19299/18104/14865/105787/210274/217124/667034/74370/12257/99586/16948/269823/237823/218397/12038/12387/17395/18787/71111/14863/17260/11864/68312/19274/14923/18439/18984/11669/22631/12842/12833/14862/11622/12494/54611/68021/56448/14362/17967/75409/11898/20296/13110/14799",-0.04720024393738,2.87719902169181,-2.92439926562919,0.04720024393738,2.87719902169181,2.92439926562919,"mixed or incomplete"
"mouse KD vs control vs mouse het vs WT","GO_BP","GO:0007035","vacuolar acidification","either",0.05,"opposite direction",-2.87228166433216,2.87228166433216,0.982960401690549,-1.88932126264161,0.771479292054364,0.0400884565895731,"16783/70495/12752/108664/11966/16784","11984/69668/12752/16784/66241/11966/16783/73834/11972/70495","GO:0007035","GO:0007035","GO:0007035","vacuolar acidification","vacuolar acidification","vacuolar acidification",1.23190634320571,0.4864478534627,-1.39698066381769,0.31296370866843,0.112675726719717,TRUE,FALSE,FALSE,"16783/70495/11966/27060/11972/12752/71900/433375/108664/240283/69668/19063/16784/11984/14824/211286",0.248945941515161,-2.87228166433216,3.12122760584732,0.248945941515161,2.87228166433216,3.12122760584732,"KD opposite"
"mouse KD vs control vs mouse het vs WT","GO_BP","GO:0051262","protein tetramerization","either",0.05,"opposite direction",2.86867108974086,2.86867108974086,-1.07749236011029,1.79117872963057,0.698083148142511,0.0327393139455347,"228607/432508/56045/15898/108037/16438/66069/66628/100705/68667/18764/69089/20190/21877/20425/22059/107476/382056/73739/56369/12833/15165/13429","107869/243853/12833/20135/108037/22059/23874/18764/15452/69089/228983/12972/11674/13429/15108/22323/107476/14026/17436/234309/11820/16518/18763/66628/20425/432508/56045/66388/56369/381760/68667","GO:0051262","GO:0051262","GO:0051262","protein tetramerization","protein tetramerization","protein tetramerization",-1.04697618643613,0.677524199425606,1.484930425498,-0.169075188292207,-0.156092845816919,TRUE,FALSE,FALSE,"20133/243853/432508/23874/382056/66069/69089/14026/108037/22059/18764/16534/12972/66628/20425/16518/11820/20190/107869/216190/73739/107476/21877/15165/13429/12833",0.0305161736741599,2.86867108974086,-2.8381549160667,0.0305161736741599,2.86867108974086,2.8381549160667,"mixed or incomplete"
"mouse KD vs control vs mouse het vs WT","GO_BP","GO:1901292","nucleoside phosphate catabolic process","either",0.05,"opposite direction",2.86595902632264,2.86595902632264,-1.21932996675162,1.64662905957102,0.522350173353145,0.0186513494005835,"56045/238871/18577/18113/56490/381101/56012/56717/17425/14430/67528/74167/17777/78373/18605/216963/19428/68837/72106/16548/18102/209692/242202/99586/108099/23984/22436/12496/14544/216805/11666/19052/11761/12799/20848/18293/103850/19082/14635/105787/16969/18642/15254/209558/76025/328572/50773/74370/12833/20185/18439/239017/13808","18641/547253/22436/18573/243853/12833/14635/74747/15254/12799/14751/15452/22601/12499/66129/11674/108155/238871/225913/74370/56327/18578/50773/171210/18113/71207/50721/239017/72141/110446/23984/232449/53893/381101/11820/19384/22271/14433/13808/208727/56409/15937/76952/11666/19164/16548/56428/56716/76025/21991/20779","GO:1901292","GO:1901292","GO:1901292","nucleoside phosphate catabolic process","nucleoside phosphate catabolic process","nucleoside phosphate catabolic process",-1.22264588854562,0.38391008577344,1.72928974208439,-0.415770478301418,-0.282038256828377,TRUE,FALSE,FALSE,"19052/11666/17869/18577/11820/328572/16548/78373/12799/15254/22436/14635/19082/11761/72106/50773/20185/18642/20848/105787/74370/99586/103850/22228/68837/18439/14544/209558/76025/74747/12833/239017/18605/13808",-0.00331592179399998,2.86595902632264,-2.86927494811664,0.00331592179399998,2.86595902632264,2.86927494811664,"mixed or incomplete"
"mouse KD vs control vs mouse het vs WT","GO_BP","GO:0061448","connective tissue development","either",0.05,"opposite direction",2.84919223079305,2.84919223079305,-1.60514634826705,1.244045882526,0.0451519277102368,0.33772777293817,"22433/71939/23967/77006/12399/21803/20289/19092/12387/15530/20678/14633/114679/14462/17260/13521/70235/666173/22410/12411/229534/22422/22187/21827/14042/17313/21417/18133/59056/22418/15434/72043/21857/18984/237859/71566/12111/13653/20660/105787/83925/14534/16969/12825/12831/12814/328572/15904/15982/14182/12833/268396/58250/216820/21833/16948/22402/20613/19411/12842/19401/230793/94352/320910/12006/18750/215798/13601/18596/239337/20204/210719/18128/20682/216616","11475/12842/74155/19092/12111/243853/67800/214855/12833/11603/229534/18933/21857/12490/23892/59056/12825/234356/17313/12167/18740/15364/16998/21827/13038/71566/20204/12977/20340/15902/16948/20855/12394/77006/13601/21810/268396/110446/239337/15461/215798/59035/19645/67378/18763/114679/110006/13549/21898/14534/17386/94352/18295/666173/26417","GO:0061448","GO:0061448","GO:0061448","connective tissue development","connective tissue development","connective tissue development",-2.00174435515952,8.37173821270715e-06,0.471433223824649,-5.07718436066712,-1.34532370324534,FALSE,TRUE,TRUE,"17129/666173/13653/237859/15586/71939/14182/16194/269941/328572/14705/94352/12814/22433/22410/59056/12399/14462/26417/21827/21808/67041/14534/23967/12406/16998/55994/12831/106522/105787/240725/83925/20289/229534/20682/19092/16948/76566/21417/216820/12387/20204/268396/12825/15982/14042/71566/17260/19411/12977/18128/12167/20678/20613/18984/22418/18133/21833/12842/12833/21857/18750/210719/21810/20660/12111/18605/12006/58250/22402/72043/215798/15904/18596/320910/239337/13601/17313",-0.39659800689247,2.84919223079305,-3.24579023768552,0.39659800689247,2.84919223079305,3.24579023768552,"mixed or incomplete"
"mouse KD vs control vs mouse het vs WT","GO_BP","GO:0050830","defense response to Gram-positive bacterium","either",0.05,"opposite direction",2.84137850819775,2.84137850819775,-0.939455022658383,1.90192348553937,0.795998741642475,0.0139803094281883,"230979/106869/192656/67067/69146/14000/18439/269855","55932/236573/229900/69146/11535/14469/17250/12363/24088/58809/18805/14468/117149/17874/11820/17472/14000/107607","GO:0050830","GO:0050830","GO:0050830","defense response to Gram-positive bacterium","defense response to Gram-positive bacterium","defense response to Gram-positive bacterium",0.930810047830342,0.796149944561089,1.85448321618207,0.0990051308014983,-0.09908761881781,TRUE,FALSE,FALSE,"11535/13836/58809/14109/24088/97165/12363/319190/11727/17472",1.87026507048872,2.84137850819775,-0.971113437709028,1.87026507048872,2.84137850819775,0.971113437709028,"het opposite"
"mouse KD vs control vs mouse het vs WT","GO_BP","GO:0072524","pyridine-containing compound metabolic process","either",0.05,"opposite direction",2.81700813241399,2.81700813241399,-1.18540705740251,1.63160107501148,0.564655907741649,0.018119436594263,"56717/230125/103711/17425/11428/14430/21351/100198/100705/17777/333433/78373/18605/216963/216188/19428/68837/72106/16548/74637/209692/20512/108099/216805/19052/11761/20848/18293/22059/19082/14635/67863/105787/74080/107747/16969/18642/667034/328572/17449/74370/12833/20185/18439/239017/13808/216134/18104","18641/547253/20512/192185/243853/66171/12833/14635/74747/14381/110208/226518/22059/14751/107747/216188/67863/19895/22601/66129/246703/11674/108155/225913/15926/74370/56327/100198/17436/18113/50721/239017/72141/269951/69225/11820/19384/14433/13808/208727/21351/15937/107029/66646/19164/16548/18104/56428/68646/56716/21991/20779","GO:0072524","GO:0072524","GO:0072524","pyridine-containing compound metabolic process","pyridine-containing compound metabolic process","pyridine-containing compound metabolic process",-1.28295297167526,0.328774062816616,1.7418553104013,-0.483102451533249,-0.248216123671163,TRUE,FALSE,FALSE,"14381/17777/67880/216188/19052/57028/21351/17869/216134/11820/100198/328572/16548/78373/246703/14635/19082/11761/72106/20512/20185/18104/18642/20848/105787/667034/74370/107747/22228/74080/68837/18439/74747/67863/12833/239017/18605/13808",-0.09754591427275,2.81700813241399,-2.91455404668674,0.09754591427275,2.81700813241399,2.91455404668674,"mixed or incomplete"
"mouse KD vs control vs mouse het vs WT","GO_BP","GO:0009743","response to carbohydrate","either",0.05,"opposite direction",2.81567133911378,2.81567133911378,-1.19079814874926,1.62487319036452,0.561540125459658,0.0201223061159958,"68667/109689/17127/16398/13667/27419/22433/67177/16548/21803/97086/11799/14629/14645/19376/20983/223527/17755/24051/12192/66259/94353/217166/12359/63959/76854/71111/18164/14694/67389/13653/105787/18576/17886/20787/328572/74370/20913/12842/217127/65257/18750/20296/14799/20317","74551/18641/12842/20317/20587/192185/19275/20112/14799/18555/109552/228139/72114/224045/18576/20787/19056/230784/54616/14694/11651/14870/11674/63959/19326/108155/80976/74370/66294/74998/67389/16971/18795/50868/12288/16819/54598/13039/27419/78894/52055/14629/19376/108067/20909/18754/109905/17755/81601/13640/16548/18706/20586/20913/68845/20677/14630","GO:0009743","GO:0009743","GO:0009743","response to carbohydrate","response to carbohydrate","response to carbohydrate",-1.34933252093264,0.168730452891889,1.69632224846407,-0.772806527788196,-0.25061920530975,TRUE,FALSE,FALSE,"54616/108067/63959/16398/20587/19276/109552/11514/223527/13653/94353/328572/217127/16548/65257/15357/20787/22433/74551/17886/14645/67041/20913/19055/105787/83433/20983/19376/217166/11799/74370/67389/12293/12192/18576/22228/71111/97086/12842/18750/20296/20317/14799",-0.15853437218338,2.81567133911378,-2.97420571129716,0.15853437218338,2.81567133911378,2.97420571129716,"mixed or incomplete"
"mouse KD vs control vs mouse het vs WT","GO_BP","GO:0045089","positive regulation of innate immune response","either",0.05,"opposite direction",2.81487536603242,2.81487536603242,-0.96871466226473,1.84616070376769,0.80996737482981,3.4352647624302e-06,"27419/64296/217069/223664/18624/16149/19094/78308/224897/18708/108089/22627/69807/18035/379043/12261/26399/217365/18521/56310/27056/21357/223752/76457/217166/53791/192656/432940/19052/94091/193670/338364/22418/192231/226791/67313/52513/66513/19014/68614/216869/18807/100340/57783/20850/211007/74136/72512/18673/56208/20877/12894/20787/69146/71956/209558/20851/77777/14375/78757/18439/16362/13649/66873/18412/15511","55932/54123/16859/15944/246730/15951/54396/20128/108089/230073/15950/381308/58203/80285/100040462/209387/229900/70110/71586/69146/16145/13874/236312/18828/14469/23960/246727/64685/102639543/20787/80861/142980/234311/20509/12363/226691/319236/217365/70428/11651/19106/217718/78781/14283/56174/22596/24088/16174/76438/108155/20085/226695/217069/23961/225913/69035/68585/224897/266632/68077/74998/14375/52513/68614/100033459/268857/14468/58185/27419/78308/28185/231655/117149/16179/79554/17874/11820/14082/319277/19294/11845/110006/226791/21898/18754/434341/18081/432940/73945/50523/68278/81601/107607/15510/71514/223664/379043/20779/57783/216877/66220/26419/70796/625530/60533/66873","GO:0045089","GO:0045089","GO:0045089","positive regulation of innate immune response","positive regulation of innate immune response","positive regulation of innate immune response",1.05087095063108,0.614808657929794,5.46403978540755,0.211260025257103,-0.0915324739815235,TRUE,FALSE,FALSE,"14063/54445/320019/54698/16174/215707/73945/52065/12475/19294/68278/74998/71586/231655/20779/67857/52118/16783/15951/60533/381308/12368/19106/69104/50523/19697/13982/240518/12675/319236/114643/17096/11765/23961/14991/24088/22034/236312/97165/52440/70796/234779/26419/76438/108960/170737/80859/78781/226691/70408/17164/64685/170750/69368/12363/94088/66220/234311/246727/16859/58185/170743/27056/98999/71268/69601/81702/66743/21929/16396/12122/72179/246730/13874/67065",2.01958561289581,2.81487536603242,-0.79528975313661,2.01958561289581,2.81487536603242,0.79528975313661,"het opposite"
"mouse KD vs control vs mouse het vs WT","GO_BP","GO:0034340","response to type I interferon","either",0.05,"opposite direction",2.80069362958795,2.80069362958795,-0.552870340057268,2.24782328953068,0.99991845843526,4.56081105017279e-06,"228607/70312/69116/77772/56045/108037/54721/78308/223723/56438/193670/338364/22418/211007/72512/68713","23962/54123/24110/66141/246730/100038882/58203/246728/71586/20684/23960/246727/108037/20846/20847/80876/213002/17858/13194/23961/99375/26987/78308/68713/231655/16179/17874/14082/16451/208727/434341","GO:0034340","GO:0034340","GO:0034340","response to type I interferon","response to type I interferon","response to type I interferon",1.0139009383377,0.720577116996631,5.34095791977115,0.142319533664863,-3.54144955086734e-05,TRUE,FALSE,FALSE,"71586/231655/246728/338467/114643/23961/20684/18983/99375/94088/56045/246727/17858/13194/66743/246730/23962/268721/54123/17874/24110/56417/100038882/208727/20847/227331/56480/66520",1.56677127839497,2.80069362958795,-1.23392235119298,1.56677127839497,2.80069362958795,1.23392235119298,"het opposite"
"mouse KD vs control vs mouse het vs WT","GO_BP","GO:0006749","glutathione metabolic process","either",0.05,"opposite direction",2.7984685245673,2.7984685245673,-0.947396521988559,1.85107200257874,0.800887362397305,0.0176764182501999,"65106/56615/83429/14629/211666/14860/14854/14863/68312/75475/207182/223921/14862","107869/26570/14873/14381/69065/14782/14874/17250/211666/14870/67096/15926/232223/68312/12955/75475/14629/14854/109801/18024/14869","GO:0006749","GO:0006749","GO:0006749","glutathione metabolic process","glutathione metabolic process","glutathione metabolic process",-1.20663562599386,0.497374704693863,1.75260573093839,-0.303316305699014,-0.096428559232959,TRUE,FALSE,FALSE,"67096/26570/14854/207182/18023/14860/14381/14874/56615/14866/65106/211666/107869/14865/17986/14863/68312/223921/75475/14862",-0.259239104005301,2.7984685245673,-3.0577076285726,0.259239104005301,2.7984685245673,3.0577076285726,"mixed or incomplete"
"mouse KD vs control vs mouse het vs WT","GO_BP","GO:0010721","negative regulation of cell development","either",0.05,"opposite direction",2.79268691253521,2.79268691253521,-1.67271528330028,1.11997162923493,0.0451519277102368,0.559361841053249,"12703/29869/20563/57259/76566/13643/235106/18109/230674/14118/16149/21648/213084/74498/20356/18708/12399/18102/21803/76441/13866/50849/56741/12387/15284/15205/20983/12578/217166/22422/12704/216858/94091/13841/235472/12257/22418/15507/72147/20481/22084/20850/20535/20660/228357/20346/14461/16950/18846/16852/15904/15982/235402/107503/107829/13610/19401/239667/17756/18015/70673/15901/16362/21930/20666/26365/14168/18128/103743/217154","15944/20563/235106/14118/227292/18846/15901/20356/93694/21838/20346/18186/29869/16453/12568/16950/15364/12257/73181/15902/16952/19242/229615/12394/13866/68585/99375/76893","GO:0010721","GO:0010721","GO:0010721","negative regulation of cell development","negative regulation of cell development","negative regulation of cell development",-1.87094859868983,0.000159672006186873,0.252307163966036,-3.79677121801457,-1.34532370324534,FALSE,TRUE,TRUE,"19401/16149/15205/13866/68585/211770/50500/20187/50849/74498/18186/57259/56468/18015/17869/14102/213084/107829/21807/12578/16362/320840/20563/14083/12399/21838/29869/21930/19055/216190/16952/20356/83433/20983/20850/20535/217166/12257/18708/56741/76566/18846/12387/216858/15901/15284/15982/107503/235106/16852/18128/22418/239667/16950/217154/13610/17756/14461/235402/13841/20660/14168/70673/20666/26365/15904/103743",-0.19823331538955,2.79268691253521,-2.99092022792476,0.19823331538955,2.79268691253521,2.99092022792476,"mixed or incomplete"
"mouse KD vs control vs mouse het vs WT","GO_BP","GO:0060337","type I interferon-mediated signaling pathway","either",0.05,"opposite direction",2.78206438682579,2.78206438682579,-0.544767508342895,2.23729687848289,1,1.52637196881032e-05,"228607/70312/69116/77772/56045/54721/78308/223723/56438/193670/338364/22418/211007/72512/68713","23962/54123/24110/66141/246730/100038882/58203/246728/71586/23960/246727/20846/20847/80876/213002/13194/23961/99375/26987/78308/68713/231655/16179/17874/14082/16451/208727/434341","GO:0060337","GO:0060337","GO:0060337","type I interferon-mediated signaling pathway","type I interferon-mediated signaling pathway","type I interferon-mediated signaling pathway",0.98252447917535,0.767783203796685,4.81633961820522,0.114761392841438,0,TRUE,FALSE,FALSE,"71586/231655/246728/338467/114643/23961/18983/99375/94088/56045/246727/13194/66743/246730/23962/268721/54123/17874/24110/56417/100038882/208727/20847/227331/56480/66520",1.52729198751824,2.78206438682579,-1.25477239930754,1.52729198751824,2.78206438682579,1.25477239930754,"het opposite"
"mouse KD vs control vs mouse het vs WT","GO_BP","GO:0071357","cellular response to type I interferon","either",0.05,"opposite direction",2.78206438682579,2.78206438682579,-0.544767508342895,2.23729687848289,1,1.52637196881032e-05,"228607/70312/69116/77772/56045/54721/78308/223723/56438/193670/338364/22418/211007/72512/68713","23962/54123/24110/66141/246730/100038882/58203/246728/71586/23960/246727/20846/20847/80876/213002/13194/23961/99375/26987/78308/68713/231655/16179/17874/14082/16451/208727/434341","GO:0071357","GO:0071357","GO:0071357","cellular response to type I interferon","cellular response to type I interferon","cellular response to type I interferon",0.98252447917535,0.767783203796685,4.81633961820522,0.114761392841438,0,TRUE,FALSE,FALSE,"71586/231655/246728/338467/114643/23961/18983/99375/94088/56045/246727/13194/66743/246730/23962/268721/54123/17874/24110/56417/100038882/208727/20847/227331/56480/66520",1.52729198751824,2.78206438682579,-1.25477239930754,1.52729198751824,2.78206438682579,1.25477239930754,"het opposite"
"mouse KD vs control vs mouse het vs WT","GO_BP","GO:0032608","interferon-beta production","either",0.05,"opposite direction",2.78175056554556,2.78175056554556,-0.849056746474877,1.93269381907068,0.876720646156058,0.00612869560363853,"338364/72512/71956/19696/16362/19261","54123/246730/100038882/230073/246728/71586/23960/246727/64685/66412/142980/70428/78781/24088/23961/268857/28185/117149","GO:0032608","GO:0032608","GO:0032608","interferon-beta production","interferon-beta production","interferon-beta production",0.903370598276534,0.845394647943658,2.21263194838896,0.0729405059461929,-0.0571387659949153,TRUE,FALSE,FALSE,"71586/246728/338467/114643/23961/24088/97165/71609/78781/70408/64685/19043/246727/170743/27056/245860/246730/67065",1.75242734475141,2.78175056554556,-1.02932322079415,1.75242734475141,2.78175056554556,1.02932322079415,"het opposite"
"mouse KD vs control vs mouse het vs WT","GO_BP","GO:0032648","regulation of interferon-beta production","either",0.05,"opposite direction",2.78175056554556,2.78175056554556,-0.849056746474877,1.93269381907068,0.876720646156058,0.00612869560363853,"338364/72512/71956/19696/16362/19261","54123/246730/100038882/230073/246728/71586/23960/246727/64685/66412/142980/70428/78781/24088/23961/268857/28185/117149","GO:0032648","GO:0032648","GO:0032648","regulation of interferon-beta production","regulation of interferon-beta production","regulation of interferon-beta production",0.903370598276534,0.845394647943658,2.21263194838896,0.0729405059461929,-0.0571387659949153,TRUE,FALSE,FALSE,"71586/246728/338467/114643/23961/24088/97165/71609/78781/70408/64685/19043/246727/170743/27056/245860/246730/67065",1.75242734475141,2.78175056554556,-1.02932322079415,1.75242734475141,2.78175056554556,1.02932322079415,"het opposite"
"mouse KD vs control vs mouse het vs WT","GO_BP","GO:0002753","cytoplasmic pattern recognition receptor signaling pathway","either",0.05,"opposite direction",2.77885900808147,2.77885900808147,-1.15348191047415,1.62537709760732,0.599083963593589,0.0154324195513777,"64296/217069/18624/19094/224897/108089/22627/18035/12261/26399/217365/18521/27056/21357/223752/192656/432940/19052/94091/193670/338364/226791/67313/52513/66513/18807/74136/72512/18673/56208/20877/12894/69146/71956/209558/78757/18439/16362/13649/15511","54123/15944/246730/54396/20128/108089/230073/71586/69146/16145/14469/23960/246727/80861/142980/234311/20509/12363/226691/217365/11651/19106/217718/78781/56174/76438/108155/217069/23961/225913/69035/68585/224897/68077/52513/268857/58185/231655/117149/79554/17874/319277/226791/21898/432940/50523/68278/81601/107607/20779/216877/66220/26419/70796/625530","GO:0002753","GO:0002753","GO:0002753","cytoplasmic pattern recognition receptor signaling pathway","cytoplasmic pattern recognition receptor signaling pathway","cytoplasmic pattern recognition receptor signaling pathway",0.883050402026411,0.947196108079679,1.81156597831574,0.0235600950837736,-0.22251230554071,TRUE,FALSE,FALSE,"14063/54445/215707/68278/71586/231655/20779/67857/19106/69104/50523/19697/240518/114643/17096/23961/22034/52440/70796/234779/26419/76438/170737/78781/226691/170750/69368/12363/66220/234311/246727/58185/170743/27056/81702/21929/16396/72179/246730",2.03653231250056,2.77885900808147,-0.742326695580909,2.03653231250056,2.77885900808147,0.742326695580909,"het opposite"
"mouse KD vs control vs mouse het vs WT","GO_BP","GO:0046597","host-mediated suppression of symbiont invasion","either",0.05,"opposite direction",2.77780681840144,2.77780681840144,-0.80720489275588,1.97060192564556,0.881939736072515,0.0092319228502396,"217069/16149/17069/94091/19360/68713","66141/20128/209387/17069/19288/80876/319236/213002/217069","GO:0046597","GO:0046597","GO:0046597","host-mediated suppression of symbiont invasion","host-mediated suppression of symbiont invasion","host-mediated suppression of symbiont invasion",-0.965152660753437,0.76193853427896,2.03470783350542,-0.118080061862708,-0.0545610896814854,TRUE,FALSE,FALSE,"66141/94091/74488/80876/16149/19360/23947/19288/17069/68713",-0.157947767997557,2.77780681840144,-2.935754586399,0.157947767997557,2.77780681840144,2.935754586399,"mixed or incomplete"
"mouse KD vs control vs mouse het vs WT","GO_BP","GO:0034599","cellular response to oxidative stress","either",0.05,"opposite direction",2.77024230254618,2.77024230254618,-1.07688437913392,1.69335792341226,0.680404144410837,0.00215496893658129,"170719/56615/27419/217069/74772/74347/50880/30951/22433/20698/103737/26398/216850/67305/11911/93686/14281/71701/22658/56438/268373/67689/12578/11666/74777/68992/12359/72446/224617/69922/15499/67067/14694/72129/15507/211651/13617/22059/11920/18214/23939/26420/114886/56208/105787/16600/328572/16598/17309/14528/56532/18596/19261/11826/18104","26570/23876/66725/68015/53618/14381/15234/22059/16600/14782/76251/21974/230784/27050/67452/14158/12333/14694/26362/12176/11651/68943/18779/16174/20852/74142/217069/17392/16952/26408/71701/76454/18484/56473/11792/22166/18214/74777/15499/64704/50721/50868/76650/104156/268373/54683/16819/20657/27419/18595/26398/69568/14088/26420/93686/20909/269254/226090/269356/625249/16598/18024/11865/11666/170719/18294/18104/11826/108655/20779/11911/26419/29819/11350/68992/227743/13078/18477/59041/211651/14281/229731/67689/15251/71785","GO:0034599","GO:0034599","GO:0034599","cellular response to oxidative stress","cellular response to oxidative stress","cellular response to oxidative stress",-1.16034402131486,0.46339819560111,2.66655898572068,-0.334045661616407,-0.167233049719557,TRUE,FALSE,FALSE,"26570/22059/29819/52463/23939/68031/19017/26398/11920/268373/50880/12850/68992/11911/74347/11977/18174/14381/19060/30951/19156/101476/14281/26420/11666/17295/56615/68015/22658/14528/67689/11826/12578/328572/56208/23876/65106/22433/74777/56438/67305/16600/93692/15234/211651/15499/26408/18104/16952/105787/93686/104156/18779/18619/66725/11865/114886/18214/17309/18596/19261/13617/56532",-0.0834596421809399,2.77024230254618,-2.85370194472712,0.0834596421809399,2.77024230254618,2.85370194472712,"mixed or incomplete"
"mouse KD vs control vs mouse het vs WT","GO_BP","GO:0061762","CAMKK-AMPK signaling cascade","either",0.05,"opposite direction",2.75875938100154,2.75875938100154,-0.80446766467506,1.95429171632648,0.87292454381062,0.00918334315976121,"66725/15944/230709/83433/207565/15194/52892/105787","12870/15944/54396/66725/16145/207565","GO:0061762","GO:0061762","GO:0061762","CAMKK-AMPK signaling cascade","CAMKK-AMPK signaling cascade","CAMKK-AMPK signaling cascade",-1.36392433808916,0.392349157836404,2.03699918682466,-0.406327275251502,-0.0590232953814541,TRUE,FALSE,FALSE,"52892/207565/105787/83433/66725",-0.5594566734141,2.75875938100154,-3.31821605441564,0.5594566734141,2.75875938100154,3.31821605441564,"mixed or incomplete"
"mouse KD vs control vs mouse het vs WT","GO_BP","GO:0009166","nucleotide catabolic process","either",0.05,"opposite direction",2.74185746874103,2.74185746874103,-1.15535261029625,1.58650485844478,0.607300228350361,0.0442426534928472,"56045/238871/18577/18113/56490/381101/56012/56717/17425/14430/74167/17777/78373/18605/216963/19428/68837/72106/16548/209692/242202/99586/108099/23984/22436/14544/216805/19052/11761/12799/20848/18293/103850/19082/14635/105787/16969/18642/15254/328572/50773/74370/12833/20185/18439/239017/13808","18641/547253/22436/18573/243853/12833/14635/74747/15254/12799/14751/15452/22601/12499/66129/11674/108155/238871/225913/74370/56327/18578/50773/18113/71207/50721/239017/72141/23984/232449/381101/11820/19384/22271/14433/13808/208727/56409/15937/76952/19164/16548/56428/56716/21991/20779/56045/23959/56717/15251/218461/11717","GO:0009166","GO:0009166","GO:0009166","nucleotide catabolic process","nucleotide catabolic process","nucleotide catabolic process",-1.22185064973979,0.429868092436014,1.35415883372093,-0.366664789805639,-0.216596555578765,TRUE,FALSE,FALSE,"19052/17869/18577/11820/328572/16548/78373/12799/15254/22436/14635/19082/11761/72106/50773/20185/18642/20848/105787/74370/99586/103850/22228/68837/18439/14544/74747/12833/239017/18605/13808",-0.0664980394435402,2.74185746874103,-2.80835550818457,0.0664980394435402,2.74185746874103,2.80835550818457,"mixed or incomplete"
"mouse KD vs control vs mouse het vs WT","GO_BP","GO:0002221","pattern recognition receptor signaling pathway","either",0.05,"opposite direction",2.7113614495189,2.7113614495189,-1.0684867586773,1.6428746908416,0.685436576777651,0.0041763273566838,"27419/64296/217069/223664/18624/19094/78308/224897/18708/108089/22627/69807/18035/12261/26399/217365/18521/56310/27056/21357/223752/76457/217166/53791/192656/432940/19052/94091/193670/338364/226791/67313/52513/66513/68614/216869/18807/100340/57783/74136/72512/18673/56208/20877/12894/69146/71956/209558/78757/18439/16362/13649/66873/18412/15511","54123/15944/246730/54396/20128/108089/230073/70110/71586/69146/16145/14469/23960/246727/64685/80861/142980/234311/20509/12363/226691/217365/11651/19106/217718/78781/14283/56174/24088/76438/108155/217069/23961/225913/69035/68585/224897/266632/68077/74998/52513/68614/268857/58185/27419/78308/231655/117149/16179/79554/17874/11820/319277/11845/110006/226791/21898/18754/18081/432940/73945/50523/68278/81601/107607/15510/223664/20779/57783/216877/66220/26419/70796/625530/60533/66873","GO:0002221","GO:0002221","GO:0002221","pattern recognition receptor signaling pathway","pattern recognition receptor signaling pathway","pattern recognition receptor signaling pathway",0.928256376837424,0.873121956723634,2.3792054669911,0.058925090277389,-0.164032724141845,TRUE,FALSE,FALSE,"14063/54445/320019/215707/73945/52065/12475/68278/74998/71586/231655/20779/67857/60533/19106/69104/50523/19697/13982/240518/12675/114643/17096/23961/24088/22034/52440/70796/234779/26419/76438/108960/170737/80859/78781/226691/17164/64685/170750/69368/12363/66220/234311",1.99674313551472,2.7113614495189,-0.714618314004176,1.99674313551472,2.7113614495189,0.714618314004176,"het opposite"
"mouse KD vs control vs mouse het vs WT","GO_BP","GO:0002758","innate immune response-activating signaling pathway","either",0.05,"opposite direction",2.7113614495189,2.7113614495189,-1.0684867586773,1.6428746908416,0.685436576777651,0.0041763273566838,"27419/64296/217069/223664/18624/19094/78308/224897/18708/108089/22627/69807/18035/12261/26399/217365/18521/56310/27056/21357/223752/76457/217166/53791/192656/432940/19052/94091/193670/338364/226791/67313/52513/66513/68614/216869/18807/100340/57783/74136/72512/18673/56208/20877/12894/69146/71956/209558/78757/18439/16362/13649/66873/18412/15511","54123/15944/246730/54396/20128/108089/230073/70110/71586/69146/16145/14469/23960/246727/64685/80861/142980/234311/20509/12363/226691/217365/11651/19106/217718/78781/14283/56174/24088/76438/108155/217069/23961/225913/69035/68585/224897/266632/68077/74998/52513/68614/268857/58185/27419/78308/231655/117149/16179/79554/17874/11820/319277/11845/110006/226791/21898/18754/18081/432940/73945/50523/68278/81601/107607/15510/223664/20779/57783/216877/66220/26419/70796/625530/60533/66873","GO:0002758","GO:0002758","GO:0002758","innate immune response-activating signaling pathway","innate immune response-activating signaling pathway","innate immune response-activating signaling pathway",0.928256376837424,0.873121956723634,2.3792054669911,0.058925090277389,-0.164032724141845,TRUE,FALSE,FALSE,"14063/54445/320019/215707/73945/52065/12475/68278/74998/71586/231655/20779/67857/60533/19106/69104/50523/19697/13982/240518/12675/114643/17096/23961/24088/22034/52440/70796/234779/26419/76438/108960/170737/80859/78781/226691/17164/64685/170750/69368/12363/66220/234311",1.99674313551472,2.7113614495189,-0.714618314004176,1.99674313551472,2.7113614495189,0.714618314004176,"het opposite"
"mouse KD vs control vs mouse het vs WT","GO_BP","GO:0006949","syncytium formation","either",0.05,"opposite direction",2.7091891251002,2.7091891251002,-0.932205847775719,1.77698327732448,0.815297558534182,0.0154324195513777,"65019/235505/18209/13433/330662/19941/20315/19942/19921/67671/17886/19221/26961/12450/57810/20307","52163/20846/68813/13870/57810/19946/26961/54217/20315/67945/268449/319195/76808/19896/270106/27176/56040/67115/269261/13549/67281/19981/23794/67891/11837/68436/330662/12508/19944/20586/66489/259300/19982/22121/19943/19951/16189/100503670/67025/66480/19942/56637/20307/19988/102791/114641/193385/12633/20005/110954/19989/11502/18022","GO:0006949","GO:0006949","GO:0006949","syncytium formation","syncytium formation","syncytium formation",-1.06545913497547,0.6551824310913,1.81156597831574,-0.183637756825174,-0.0886838581993598,TRUE,FALSE,FALSE,"65019/19921/67671/100534273/19946/17886/26961/18209/193385/83433/12520/259300/67220/330662/20315/235505/20307/19221",-0.133253287199751,2.7091891251002,-2.84244241229995,0.133253287199751,2.7091891251002,2.84244241229995,"mixed or incomplete"
"mouse KD vs control vs mouse het vs WT","GO_BP","GO:0050767","regulation of neurogenesis","either",0.05,"opposite direction",2.70846394459983,2.70846394459983,-1.63935844148266,1.06910550311717,0.0219203611794997,0.596791556728232,"66713/13643/26396/235106/18627/18109/230674/11858/23879/22341/18080/21648/213084/74498/20356/20893/21803/71751/56381/76441/17118/69807/50849/56741/12387/15205/20983/17755/233064/23999/235611/217166/21817/11421/22422/83431/12704/216858/76854/56320/18472/224617/140570/94091/13841/13838/20238/235472/12257/22418/70237/13631/20315/216869/330914/20481/22084/20393/20660/17380/228357/20346/75788/18846/328572/15904/15982/14268/235402/21938/14375/20720/107503/67784/19876/13385/239667/17756/18015/16480/13169/268902/15901/13649/11484/20666/16842/20312/14168/76901/18128/103743/108100/14254/20317","20539/20563/20317/235106/12361/20720/227292/26396/18846/15901/20356/21838/20346/18186/29869/20361/13169/12568/15364/13631/12257/73181/20312/22601/67299/17158/22596/24088/98733/13690/22352/14268/319757/15902/19242/75788/76454/68585/76893/20430/20315/14375/16971/269878/27279/18080/104156/23966/16800/269951/26395/76901/23999/18472/72162/11421/230674/13555/20481/11426/56711/11865/17755/56741/19164/74006/13640/22084/22339/16878/66515/233489/53605/12306/245886/103743/26419/29819/70237/235611/74117","GO:0050767","GO:0050767","GO:0050767","regulation of neurogenesis","regulation of neurogenesis","regulation of neurogenesis",-1.83605604179251,5.6027703347365e-05,0.224177329791884,-4.25159717949582,-1.65915229430394,FALSE,TRUE,TRUE,"58234/26396/12306/15205/98733/18472/68585/20674/13631/20187/140570/50849/74498/18186/18015/17869/17295/22596/14102/20238/66993/68151/18080/213084/67299/70237/328572/320840/330914/75788/20563/14083/21838/20893/16195/235611/29869/18606/12361/19055/216190/20356/83433/20983/21817/11484/104156/217166/12257/11865/56741/18846/12387/67784/216858/17118/15228/13169/15901/15982/107503/235106/76901/13385/18128/22418/20315/239667/20720/14375/16878/17756/235402/13841/665113/20660/16480/11421/56320/14168/108100/268902/16842/20393/17380/19876/14254/20666/15904/103743/20312/20317",-0.19669760030985,2.70846394459983,-2.90516154490968,0.19669760030985,2.70846394459983,2.90516154490968,"mixed or incomplete"
"mouse KD vs control vs mouse het vs WT","GO_BP","GO:0071360","cellular response to exogenous dsRNA","either",0.05,"opposite direction",2.70703406373574,2.70703406373574,-0.679127804803154,2.02790625893259,0.942318817564119,0.0105521340812905,"72512","246730/230073/71586/23960/246727/142980/78781/23961","GO:0071360","GO:0071360","GO:0071360","cellular response to exogenous dsRNA","cellular response to exogenous dsRNA","cellular response to exogenous dsRNA",1.30187039881657,0.451920958951804,1.97665969903915,0.344937516721377,-0.0258021361845384,TRUE,FALSE,FALSE,"71586/114643/23961/78781/246727/246730/230073/68350/142980/214763/228607/13211",1.98099820361972,2.70703406373574,-0.72603586011602,1.98099820361972,2.70703406373574,0.72603586011602,"het opposite"
"mouse KD vs control vs mouse het vs WT","GO_BP","GO:0006163","purine nucleotide metabolic process","either",0.05,"opposite direction",2.70639548078785,2.70639548078785,-1.07326296737541,1.63313251341244,0.671115414475004,0.00141011158184477,"56045/238871/18577/18113/56490/66114/66945/381101/17720/56012/56717/230125/17425/11428/66043/14430/228033/69875/21351/100198/68342/74167/100705/17777/68197/17705/333433/78373/18605/216963/216188/19428/68837/83429/72106/16548/18102/21803/74637/209692/104110/242202/69802/20512/108099/23984/22436/14544/104111/216805/74777/18160/19052/11761/212627/12257/60530/20848/18293/22059/103850/68614/18103/19082/14635/67863/68073/105787/74080/98496/107747/237823/11564/67763/11951/16969/18642/15254/71679/67942/209558/667034/14904/56248/328572/17449/50773/74370/12833/11541/20185/18439/239017/67130/14923/13808/66218/18104/66355/15511","23962/18641/246730/547253/20512/22436/18573/66725/192185/243853/66171/12833/14635/74747/14381/11566/110208/56520/226518/22059/15254/23918/14751/12048/15452/229949/107747/216188/67863/19895/12257/108147/22601/19241/66129/66592/14923/68073/11639/11674/67942/331623/108155/238871/11951/225913/15926/74370/56327/67273/18578/66218/50773/66294/56632/100198/74777/17436/18113/71207/50721/68614/239017/72141/269951/26395/27369/23984/53893/381101/11820/108156/19384/14433/13808/212627/208727/56409/104111/21351/15937/66114/76952/107029/66646/19164/74006/225887/72900/16548/18104/56428/68646/56716/67680/67130/21991/20779/66416/70316/75406/14450","GO:0006163","GO:0006163","GO:0006163","purine nucleotide metabolic process","purine nucleotide metabolic process","purine nucleotide metabolic process",-1.25626328168561,0.231303289489092,2.85074652035021,-0.635818190848912,-0.173202786001835,TRUE,FALSE,FALSE,"19017/66043/68202/242202/17448/74637/17449/66945/18102/68197/16969/75406/67273/11977/74167/27369/68342/14381/17777/67880/212627/238871/216188/11515/19052/21351/17869/11514/18577/11820/100198/71679/328572/16548/78373/15254/22436/74777/14635/19082/11761/67763/72106/50773/20512/11541/60530/20185/18104/68614/18642/20848/18160/11512/105787/83433/667034/74370/12257/107747/103850/66725/14904/237823/11951/68073/11565/11564/104111/22228/74080/66218/67130/14923/66355/68837/18439/14544/229949/104110/209558/67942/74747/67863/12833/11636/98496/239017/18605/13808",-0.1830003143102,2.70639548078785,-2.88939579509805,0.1830003143102,2.70639548078785,2.88939579509805,"mixed or incomplete"
"mouse KD vs control vs mouse het vs WT","GO_BP","GO:0001822","kidney development","either",0.05,"opposite direction",2.70500314575322,2.70500314575322,-1.61462100215034,1.09038214360288,0.0451519277102368,0.584797297297297,"20563/21812/93840/17300/17127/18764/211401/20897/12125/18605/382985/18131/18591/107817/14118/55978/83429/20474/23967/231214/21803/94245/12387/15205/14633/12349/14183/14462/17260/18541/11421/216805/243931/20750/22422/18129/12359/14042/13003/216560/13841/13838/233651/22418/15117/544696/72043/13617/18073/235041/83675/22084/11898/13653/17380/70350/228357/71770/217011/216274/17130/246221/16568/14182/445007/71602/21853/218476/67784/19876/11764/17395/11622/209039/19401/11600/67042/240025/18015/269152/268902/73692/20666/241226/15903/67937/18596/75691/18128/11826/20682/20317/12931","11475/20563/20317/20750/66725/14118/15903/18263/13003/20897/18186/12931/20846/12490/23892/218476/18764/241226/71228/22393/22601/11898/83675/319757/15902/231214/217011/16348/110446/382985/18595/18514/72938/14585/11421/75691/14082/21853/18073/18763/114249/21821/94275/22084/22339/16878/12028/11826/55978/72043/329628/18004/11600/20677/103213/16568/14633/11609/226548/109674/71785/14042/11746/266781/16416/18596/209039/14173/14462/12156","GO:0001822","GO:0001822","GO:0001822","kidney development","kidney development","kidney development",-1.69799690810186,0.00175754258588763,0.232994643183545,-2.75509414306948,-1.34532370324534,FALSE,TRUE,TRUE,"216274/12349/12028/266781/60595/93840/94245/544696/19401/16568/214133/15205/18514/235041/14173/27205/382985/73692/17300/18186/114249/75691/329628/71770/18015/17869/17129/13653/243931/11826/14182/16194/103468/233651/217011/218476/20563/11764/14462/18129/83675/21808/94275/23967/13036/19055/246221/55994/240025/240725/20682/66725/67042/23908/12387/17395/21853/67784/17130/445007/14042/209039/17260/13003/18128/22418/11600/20750/16878/11622/269152/13841/11421/18605/268902/17380/19876/71602/72043/20666/67937/15117/11898/18596/15903/13617/12931/241226/20317",-0.08337590595152,2.70500314575322,-2.78837905170474,0.08337590595152,2.70500314575322,2.78837905170474,"mixed or incomplete"
"mouse KD vs control vs mouse het vs WT","GO_BP","GO:0044703","multi-organism reproductive process","either",0.05,"opposite direction",2.7011776223483,2.7011776223483,-1.06829559863886,1.63288202370944,0.698083148142511,0.0142577946477134,"17127/16398/245000/11819/15235/22337/14824/21803/192897/12261/14281/70248/27206/12411/75909/68510/15499/67760/20181/21857/19014/14119/20850/20851/223499/20720/12305/16157/17395/19401/56448/18858/19223/20296","16859/14119/13731/74155/22337/20720/11819/12946/14609/21857/20017/20525/20856/20509/19225/11651/21824/19242/20855/67760/80884/75909/56632/53614/20182/69719/15499/19735/13039/16157/11835/11865/26417/22339/16878/245000/18783/19223/14114/14281/50790/56717/15373","GO:0044703","GO:0044703","GO:0044703","multi-organism reproductive process","multi-organism reproductive process","multi-organism reproductive process",-1.32215605070593,0.30268978232512,1.84594764463826,-0.519002238953284,-0.156092845816919,TRUE,FALSE,FALSE,"19401/20181/11819/66313/16398/14281/11546/12411/67760/16402/192897/14119/75564/331487/19014/11479/12305/80884/70248/12261/75909/26417/20851/223499/15499/13731/17986/19223/20850/11865/17395/16157/11857/20720/18858/11835/16878/21857/56448/20296/27206",-0.25386045206707,2.7011776223483,-2.95503807441537,0.25386045206707,2.7011776223483,2.95503807441537,"mixed or incomplete"
"mouse KD vs control vs mouse het vs WT","GO_BP","GO:0060759","regulation of response to cytokine stimulus","either",0.05,"opposite direction",2.6999062338794,2.6999062338794,-0.834934434004966,1.86497179987443,0.915778529361744,0.00049888654150234,"78688/20563/67338/22036/20304/59004/20698/16149/223723/71966/69807/106025/56310/192656/432940/18472/14042/69922/193670/22418/12569/19014/23939/211007/20660/72512/16600/20564/19876/11600/13601/15511","54123/24110/15944/246730/20563/547253/54396/100038882/20564/230073/58203/80285/71586/16145/23960/246727/16177/16600/15257/20847/16923/12363/26362/24088/21937/12977/24058/23961/229615","GO:0060759","GO:0060759","GO:0060759","regulation of response to cytokine stimulus","regulation of response to cytokine stimulus","regulation of response to cytokine stimulus",1.18688717402102,0.388710039679569,3.30199821189587,0.41037424218034,-0.0382095428229809,TRUE,FALSE,FALSE,"14063/12484/17948/17952/80985/22350/21873/73945/71586/19053/53603/263876/240518/114643/23961/24088/74256/52440/77128/12700/108960/11746/18983/21353/12363/94088/319190/56045/252870/246727",2.02182160802599,2.6999062338794,-0.67808462585341,2.02182160802599,2.6999062338794,0.67808462585341,"het opposite"
"mouse KD vs control vs mouse het vs WT","GO_BP","GO:0032496","response to lipopolysaccharide","either",0.05,"opposite direction",2.69973518995675,2.69973518995675,-1.05066366923047,1.64907152072628,0.703819044177951,0.00534064410093469,"74637/235527/18035/14281/211666/78334/67154/12608/27364/17260/17470/217166/11421/100689/192656/70310/17025/15499/11303/12257/22418/13617/68614/57783/11898/211007/83397/17130/20851/12833/19222/21938/18439/14528/19401/192159/18750/109934/20312/19261/18128/18104/20296","55932/16859/15944/20539/54396/20128/70310/20568/209387/214855/12833/22169/16145/11535/18828/14469/12567/20846/19220/70097/14158/21423/54616/19225/12363/12257/211666/26362/319236/20312/11651/19106/14870/11898/21937/22352/108155/238871/231086/18578/266632/11532/15499/68614/268857/14468/16819/100689/17025/27419/117149/16179/17874/11421/18569/28253/21898/67553/77134/18754/13555/625249/26417/54196/12369/18104/108655/17975/57783/26419/60533/11350/12608/11303/14281/26400/21333/15975/235527/214498/22121/21672/110651","GO:0032496","GO:0032496","GO:0032496","response to lipopolysaccharide","response to lipopolysaccharide","response to lipopolysaccharide",-1.2301446659875,0.350609195402299,2.27240636233233,-0.455176697882532,-0.152538986052264,TRUE,FALSE,FALSE,"22083/21938/17025/320472/59079/74637/57783/211007/266632/19401/11303/16179/211770/54616/21423/93684/238871/27364/14281/20364/67154/217304/56615/14528/70310/235527/22433/83397/211666/26417/67454/20851/15499/18104/68614/192656/83433/17470/217166/12257/18619/18787/17130/268857/17260/18439/18128/22418/19222/12833/18750/11421/109934/20568/11898/20296/19261/20312/13617",-0.17948099675703,2.69973518995675,-2.87921618671378,0.17948099675703,2.69973518995675,2.87921618671378,"mixed or incomplete"
"mouse KD vs control vs mouse het vs WT","GO_BP","GO:0021537","telencephalon development","either",0.05,"opposite direction",2.69527197069228,2.69527197069228,-1.64458809938076,1.05068387131152,0.0451519277102368,0.661402279819143,"12387/14281/15205/233064/22142/235180/235439/18541/666173/83431/18472/14042/13637/67760/74762/22418/20602/22594/12569/72129/77579/18032/18293/20315/328365/22151/218194/20481/17380/73710/14534/20346/76510/217124/12825/237847/52683/545428/18846/22272/16568/15904/14182/13845/16874/107503/57810/19876/19401/18015/268902/13649/105387/16842/75409/320165/14168/11826/14799","26570/20563/66725/18846/14799/22142/20346/20361/224045/20525/228662/12568/15452/12825/17250/68273/16565/12176/108147/57752/70223/319757/57810/15902/76260/217734/68585/76510/67760/20315/235180/18795/223697/18080/12227/67203/18472/19384/67378/59058/14534/666173/20481/19164/21821/12028/11826","GO:0021537","GO:0021537","GO:0021537","telencephalon development","telencephalon development","telencephalon development",-1.55296310367566,0.0235998522696683,0.179534312429321,-1.62709071561755,-1.34532370324534,FALSE,TRUE,TRUE,"19401/58234/668158/16568/15205/18472/68585/20674/20187/16565/14281/329628/18015/71877/67760/22594/14745/666173/18080/545428/11826/14182/12569/14766/67263/218194/20563/59058/22142/14534/76510/74762/217124/22272/235180/13845/66725/18846/12387/237847/110876/15228/12825/107503/14042/52683/22151/22418/20315/105387/16874/73710/14168/268902/16842/17380/19876/75409/15904/14799",0.0916249957051001,2.69527197069228,-2.60364697498718,0.0916249957051001,2.69527197069228,2.60364697498718,"mixed or incomplete"
"mouse KD vs control vs mouse het vs WT","GO_BP","GO:0002237","response to molecule of bacterial origin","either",0.05,"opposite direction",2.69464291271947,2.69464291271947,-1.0605532043749,1.63408970834457,0.696218535688288,0.00619761328950037,"14281/21355/211666/78334/67154/12608/27056/27364/17260/17470/217166/11421/100689/192656/70310/17025/15499/11303/12257/22418/67313/13617/68614/57783/11898/211007/83397/17130/20851/12833/19222/21938/18439/14528/269855/11622/19401/192159/18750/109934/20312/19261/18128/18104/20296","55932/16859/15944/20539/54396/20128/70310/20568/209387/214855/12833/22169/16145/11535/18828/14469/12567/20846/19220/70097/14158/21423/54616/19225/12363/12257/211666/26362/319236/20312/11651/19106/14870/11898/24088/21937/22352/108155/238871/231086/18578/266632/11532/15499/68614/268857/14468/16819/100689/17025/27419/117149/16179/17874/11421/18569/28253/21898/67553/77134/18754/13555/625249/26417/54196/12369/18104/108655/17975/223601/57783/26419/60533/11350","GO:0002237","GO:0002237","GO:0002237","response to molecule of bacterial origin","response to molecule of bacterial origin","response to molecule of bacterial origin",-1.20304925652618,0.372145049265062,2.20777552578561,-0.429287754157442,-0.157254418512256,TRUE,FALSE,FALSE,"16179/211770/54616/21423/21355/93684/238871/27364/14281/20364/67154/217304/56615/14528/67313/70310/235527/22433/83397/211666/26417/67454/20851/15499/18104/68614/192656/83433/17470/217166/12257/18619/18787/17130/268857/17260/18439/18128/22418/269855/19222/12833/11622/18750/11421/109934/20568/11898/20296/19261/20312/13617",-0.14249605215128,2.69464291271947,-2.83713896487075,0.14249605215128,2.69464291271947,2.83713896487075,"mixed or incomplete"
"mouse KD vs control vs mouse het vs WT","GO_BP","GO:0009165","nucleotide biosynthetic process","either",0.05,"opposite direction",2.69009478031036,2.69009478031036,-0.852429786482493,1.83766499382787,0.927239033531974,0.000196556364217019,"21915/22171/104111/18160/212627/21877/20425/20848/68614/18103/68073/74080/98496/237823/11564/67763/11951/71679/67942/667034/56248/11541/67130/14923/66218/66355","23962/246730/192185/22169/20135/353172/14381/11566/56520/226518/320685/23918/12048/15452/229949/108147/19241/66592/14923/68073/11639/11674/67942/55936/11951/67273/66218/66294/56632/69719/68614/66588/269951/382985/26395/27369/108156/22271/212627/104111/66114/22171/225887/72900/68646/20425/67680/67130/66416/70316/75406/14450/319945/80914/68556/67054/109674/11717/218756/11541/230125/98496/214917/85305/68349/16189/107197/67126/13806/231327/230103/21803/331487/237823/13618/68194/11534/51797/20848/54369/239790/11821/66377/23972/66091/56749/23917/17991/11486/28080/66355/23971/21877/105446/17995/110074/50799/66826/11949/18162","GO:0009165","GO:0009165","GO:0009165","nucleotide biosynthetic process","nucleotide biosynthetic process","nucleotide biosynthetic process",-1.15167980039802,0.481667560554887,3.70651288977528,-0.317252601654027,-0.0328082943754252,TRUE,FALSE,FALSE,"69802/66592/22247/11513/17705/66414/18103/108156/11983/76654/66043/68202/22171/66945/18102/68197/75406/67273/27369/68342/14381/382985/212627/20425/55936/11515/17869/21915/11514/331487/71679/67763/11541/68614/20848/18160/11512/83433/667034/237823/11951/68073/11565/11564/104111/74080/66218/67130/14923/66355/21877/229949/104110/67942/11636/98496",-0.299250013915527,2.69009478031036,-2.98934479422589,0.299250013915527,2.69009478031036,2.98934479422589,"mixed or incomplete"
"mouse KD vs control vs mouse het vs WT","GO_BP","GO:0050777","negative regulation of immune response","either",0.05,"opposite direction",2.68227419070184,2.68227419070184,-0.914398378572072,1.76787581212977,0.847120248001305,0.00333556582282573,"20737/223723/14824/21803/15284/21355/230979/237782/14784/216869/100340/20850/105787/20877/12825/16950/209558/16852/22631/11622/16362/109934/26365","16859/24110/15944/246730/547253/54396/100038882/16145/12946/23960/246727/17082/93694/64685/218460/16453/19056/80861/12825/20847/16950/14158/226691/22628/15216/20852/20085/23961/16952/22225/66294/21354/268857/26987","GO:0050777","GO:0050777","GO:0050777","negative regulation of immune response","negative regulation of immune response","negative regulation of immune response",-0.961947780062726,0.782609033904371,2.47683048471971,-0.106455143207414,-0.0720549375597973,TRUE,FALSE,FALSE,"16952/223723/105787/83433/20850/100340/15284/12825/268857/16852/209558/22631/16950/11622/109934/26365",-0.047549401490654,2.68227419070184,-2.7298235921925,0.047549401490654,2.68227419070184,2.7298235921925,"mixed or incomplete"
"mouse KD vs control vs mouse het vs WT","GO_BP","GO:0034614","cellular response to reactive oxygen species","either",0.05,"opposite direction",2.67807468981662,2.67807468981662,-1.08611073051151,1.59196395930511,0.674954094151676,0.0442426534928472,"30951/20698/103737/26398/216850/93686/14281/22658/12578/68992/12359/15499/67067/14694/72129/13617/11920/18214/23939/26420/114886/56208/105787/16600/328572/16598/14528/56532/18596/19261/11826/18104","23876/66725/68015/15234/16600/76251/21974/27050/14158/12333/14694/26362/12176/11651/68943/16174/20852/17392/16952/26408/11792/22166/18214/15499/50721/54683/16819/20657/18595/26398/14088/26420/93686/269254/16598/18024/18294/18104/11826/108655/20779/26419/11350/68992/13078/18477/59041/14281","GO:0034614","GO:0034614","GO:0034614","cellular response to reactive oxygen species","cellular response to reactive oxygen species","cellular response to reactive oxygen species",-1.11688558652424,0.573717948717949,1.35415883372093,-0.241301563038549,-0.170725763960942,TRUE,FALSE,FALSE,"11977/19060/30951/19156/101476/14281/26420/17295/68015/22658/14528/11826/12578/328572/56208/23876/16600/93692/15234/15499/26408/18104/16952/105787/93686/66725/114886/18214/18596/19261/13617/56532",-0.0307748560127299,2.67807468981662,-2.70884954582935,0.0307748560127299,2.67807468981662,2.70884954582935,"mixed or incomplete"
"mouse KD vs control vs mouse het vs WT","GO_BP","GO:0044706","multi-multicellular organism process","either",0.05,"opposite direction",2.66457850457264,2.66457850457264,-1.03890169539186,1.62567680918078,0.723449782484831,0.0186763397514667,"17127/16398/245000/11819/15235/22337/14824/21803/192897/12261/14281/70248/27206/12411/75909/68510/15499/67760/20181/21857/19014/14119/20850/20851/223499/268396/20720/12305/16157/17395/19401/56448/19223/20296","16859/14119/13731/74155/22337/20720/11819/12946/14609/21857/20017/20525/20856/20509/19225/11651/21824/19242/20855/67760/80884/19057/75909/56632/53614/20182/69719/15499/19735/268396/13039/16157/11835/11865/26417/22339/16878/245000/18783/19223/14114/14281/50790/56717/15373","GO:0044706","GO:0044706","GO:0044706","multi-multicellular organism process","multi-multicellular organism process","multi-multicellular organism process",-1.31149241214779,0.298478379923934,1.72870823418195,-0.525087121217312,-0.140591609599051,TRUE,FALSE,FALSE,"19401/20181/11819/66313/16398/14281/11546/12411/67760/16402/192897/14119/331487/19014/11479/12305/80884/70248/12261/75909/26417/20851/223499/15499/13731/17986/19223/20850/11865/17395/268396/16157/11857/20720/11835/16878/21857/56448/20296/27206",-0.27259071675593,2.66457850457264,-2.93716922132857,0.27259071675593,2.66457850457264,2.93716922132857,"mixed or incomplete"
"mouse KD vs control vs mouse het vs WT","GO_BP","GO:0034375","high-density lipoprotein particle remodeling","either",0.05,"opposite direction",-2.66386393898375,2.66386393898375,0.671120634823994,-1.99274330415976,0.947669050226545,0.0186763397514667,"16891/16816","20778/217265/16816/11816/16891","GO:0034375","GO:0034375","GO:0034375","high-density lipoprotein particle remodeling","high-density lipoprotein particle remodeling","high-density lipoprotein particle remodeling",0.767114321003727,0.901093545216252,-1.72870823418195,0.0452301212713349,0.0233433026983016,TRUE,FALSE,FALSE,"16891/16816/18830",0.095993686179733,-2.66386393898375,2.75985762516349,0.095993686179733,2.66386393898375,2.75985762516349,"KD opposite"
"mouse KD vs control vs mouse het vs WT","GO_BP","GO:0007565","female pregnancy","either",0.05,"opposite direction",2.65541212886727,2.65541212886727,-1.02362114271703,1.63179098615024,0.743145336780932,0.0289207886370191,"21812/17127/16398/245000/11819/15235/22337/14824/21803/192897/12261/14281/70248/12411/75909/68510/15499/67760/20181/21857/19014/14119/20850/20851/223499/12305/16157/17395/19401/56448/19223/20296","16859/14119/13731/74155/22337/11819/12946/14609/21857/20017/20525/20856/20509/19225/11651/21824/19242/20855/67760/80884/75909/56632/53614/20182/69719/15499/19735/13039/16157/11835/26417/22339/16878/245000/18783/19223/14114/14281/50790/56717/15373","GO:0007565","GO:0007565","GO:0007565","female pregnancy","female pregnancy","female pregnancy",-1.16889684089666,0.47349761556438,1.53878986849937,-0.324682203671985,-0.128926243050336,TRUE,FALSE,FALSE,"19401/20181/11819/66313/16398/14281/11546/12411/67760/16402/192897/14119/331487/19014/11479/12305/80884/70248/12261/75909/26417/20851/223499/15499/13731/17986/19223/20850/17395/16157/11857/11835/16878/21857/56448/20296",-0.14527569817963,2.65541212886727,-2.8006878270469,0.14527569817963,2.65541212886727,2.8006878270469,"mixed or incomplete"
"mouse KD vs control vs mouse het vs WT","GO_BP","GO:0051452","intracellular pH reduction","either",0.05,"opposite direction",-2.64178570259825,2.64178570259825,0.724730906455116,-1.91705479614313,0.959638177754711,0.018119436594263,"16783/70495/12752/108664/12043/11966/16784","240283/108664/19063/52898/22215/11984/69668/19332/19349/12752/16784/66241/11966/16783/73834/11972/70495","GO:0051452","GO:0051452","GO:0051452","intracellular pH reduction","intracellular pH reduction","intracellular pH reduction",1.07188679375687,0.645433977275553,-1.7418553104013,0.190148175971352,0.0178924826108501,TRUE,FALSE,FALSE,"16783/12043/19332/70495/11966/27060/11972/211499/12752/71900/433375/108664",0.347155887301754,-2.64178570259825,2.9889415899,0.347155887301754,2.64178570259825,2.9889415899,"KD opposite"
"mouse KD vs control vs mouse het vs WT","GO_BP","GO:0099003","vesicle-mediated transport in synapse","either",0.05,"opposite direction",-2.63959896647322,2.63959896647322,1.11851994586581,-1.52107902060741,0.576177750584114,0.029680780689876,"13052/12725/54525/20908/108012/17274/20619/229521/433485/20974/11964/15551/171180/70495/19211/214084/13642/53869/233489/109905/19085/11765/67979/208898/215449/66616/80751/11773/18166/108664/53330/66144/11777/52055/11966/16443/17246/13017/73205/74006/380714/50791/67602/268882/66290/19877/20403","66144/231602/67602/12367/56149/108800/224617/13367/216963/13642/20964/19085/229227/83814/20974/11765/211323/271457/12330/234729/11984/11973/108086/19349/64933/18752/74732/268882/74325/12757/20907/67474/17920/67300/18222/11966/20908/17957/11964/29873/78808/66335/69938/104015/13033/73834/11972/20617/70495","GO:0099003","GO:0099003","GO:0099003","vesicle-mediated transport in synapse","vesicle-mediated transport in synapse","vesicle-mediated transport in synapse",1.05990926305347,0.581801882563873,-1.52752468004914,0.235224877819487,0.239443516248437,TRUE,FALSE,FALSE,"13052/19085/54525/20908/12725/20619/80976/20974/66144/108012/15551/19211/17274/70495/12367/11966/111173/20910/213760/13002/234729/11765/11777/11972/78808/208898/30948/13642/229521/19877/64009/171180/73205/214084/66616/224671/108664/109880/271457/11973/52055",-0.0586106828123398,-2.63959896647322,2.58098828366088,0.0586106828123398,2.63959896647322,2.58098828366088,"KD opposite"
"mouse KD vs control vs mouse het vs WT","GO_BP","GO:0042593","glucose homeostasis","either",0.05,"opposite direction",2.63398544067518,2.63398544067518,-1.09779573665404,1.53618970402114,0.649765647418933,0.0328273640639123,"56490/20586/18709/16971/109778/74551/56484/17425/107723/22393/23921/20747/68667/109689/17127/18605/68837/14118/22433/18708/21803/97086/11799/14629/19376/20983/223527/24051/75747/66259/94353/12578/217166/70310/63959/76854/13924/68938/71111/11548/19062/18164/14694/20602/20848/67389/19271/14119/12606/105787/18576/17886/18642/64297/74370/20913/22402/12842/20296/20317","74551/12870/14119/246730/12842/20317/70310/20587/192185/14118/19275/23960/18555/109552/12286/18576/68938/19056/230784/102093/14694/22393/11651/11674/63959/19326/241296/108155/80976/23961/68441/74370/74998/67389/16971/50721/228869/12288/78894/52055/215999/14629/19376","GO:0042593","GO:0042593","GO:0042593","glucose homeostasis","glucose homeostasis","glucose homeostasis",-1.31215464046696,0.239629860400273,1.4837639883781,-0.620459065251654,-0.187243253179972,TRUE,FALSE,FALSE,"109552/17295/11514/20747/14119/223527/94353/68938/12578/15357/70310/22433/74551/13924/17886/75747/67041/20913/19055/216190/18642/20848/105787/11548/83433/20983/19376/217166/11799/74370/67389/12293/18708/18576/22228/12606/71111/97086/68837/12842/64297/18605/22402/20296/20317",-0.21435890381292,2.63398544067518,-2.8483443444881,0.21435890381292,2.63398544067518,2.8483443444881,"mixed or incomplete"
"mouse KD vs control vs mouse het vs WT","GO_BP","GO:0072522","purine-containing compound biosynthetic process","either",0.05,"opposite direction",2.6318905601478,2.6318905601478,-0.961967961016934,1.66992259913087,0.811488151274965,0.00371343346070912,"104111/20750/18160/104112/212627/22333/20425/20848/18293/107476/68614/18103/68073/74080/14104/98496/237823/11564/67763/11951/71679/67942/667034/56248/11541/216739/67130/14923/66218/68087/66355","23962/246730/20750/12041/228026/192185/14381/11566/56520/226518/23918/12048/15452/319518/108147/19241/66592/14923/68073/11639/11674/67942/104112/11951/14104/67273/66218/107476/66294/71743/56632/64451/68614/235339/110446/269951/26395/27369/433256/108156/18597/66812/17850/212627/22333/110821/104111/66114/225887/72900/68646/20425/67680/67130/66416/70316/75406/73132/14450/23959/236900/67054/50790/109674/11717/218756/11541/230125/98496/29807/214917/68349/16189/107197/67126/13806/75894/74450/66902/231327/230103","GO:0072522","GO:0072522","GO:0072522","purine-containing compound biosynthetic process","purine-containing compound biosynthetic process","purine-containing compound biosynthetic process",-1.12682106864404,0.514230476673428,2.43022435359994,-0.28884218778871,-0.0907178170250172,TRUE,FALSE,FALSE,"66114/16189/269951/68801/218756/110821/18293/69802/66592/11513/17705/66414/78920/18103/56690/108156/11983/66043/68202/71743/66945/18102/68197/73132/75406/67273/27369/68342/14381/66902/212627/20425/11515/17869/11514/71679/22333/12041/67763/11541/83603/68614/20848/18160/11512/107476/83433/667034/170439/237823/11951/68073/11565/11564/14104/104111/74080/66218/67130/14923/66355/68087/104112/104110/67942/216739/20750/11636/98496",-0.164853107627106,2.6318905601478,-2.79674366777491,0.164853107627106,2.6318905601478,2.79674366777491,"mixed or incomplete"
"mouse KD vs control vs mouse het vs WT","GO_BP","GO:0006164","purine nucleotide biosynthetic process","either",0.05,"opposite direction",2.62279193874121,2.62279193874121,-0.90032040256256,1.72247153617865,0.855790844145728,0.00461046292216457,"66592/14381/19219/11637/11949/17991/68055/67126/17706/17717/83433/11946/66052/68646/595136/17718/11545/67273/11983/11565/72900/67680/66401/71562/66108/104130/27369/68375/17719/66414/17869/11636/17993/11512/68202/75406/66114/66945/17720/230125/66043/228033/69875/68342/68197/17705/18102/21803/104110/69802/104111/18160/212627/20848/68614/18103/68073/74080/98496/237823/11564/67763/11951/71679/67942/667034/56248/11541/67130/14923/66218/66355","23962/246730/192185/14381/11566/56520/226518/23918/12048/15452/108147/19241/66592/14923/68073/11639/11674/67942/11951/67273/66218/66294/56632/68614/269951/26395/27369/108156/212627/104111/66114/225887/72900/68646/67680/67130/66416/70316/75406/14450/67054/109674/11717/218756/11541/230125/98496/214917/68349/16189/107197/67126/13806/231327/230103/21803/237823/13618/68194/11534/20848/54369/239790/11821/66377/23972/66091/23917/17991/11486/28080/66355/23971/105446/17995/50799/66826/11949/18162","GO:0006164","GO:0006164","GO:0006164","purine nucleotide biosynthetic process","purine nucleotide biosynthetic process","purine nucleotide biosynthetic process",-1.12451932964317,0.53968053472277,2.33625546627019,-0.267863245849816,-0.0676323642160241,TRUE,FALSE,FALSE,"66114/16189/269951/218756/69802/66592/11513/17705/66414/18103/108156/11983/66043/68202/66945/18102/68197/75406/67273/27369/68342/14381/212627/11515/17869/11514/71679/67763/11541/68614/20848/18160/11512/83433/667034/237823/11951/68073/11565/11564/104111/74080/66218/67130/14923/66355/104110/67942/11636/98496",-0.22419892708061,2.62279193874121,-2.84699086582182,0.22419892708061,2.62279193874121,2.84699086582182,"mixed or incomplete"
"mouse KD vs control vs mouse het vs WT","GO_BP","GO:1901293","nucleoside phosphate biosynthetic process","either",0.05,"opposite direction",2.62091539644825,2.62091539644825,-0.922067928496983,1.69884746795127,0.855790844145728,0.000674279017852924,"21915/22171/104111/18160/104112/212627/22333/21877/20425/20848/18293/107476/68614/18103/68073/74080/14104/98496/237823/11564/67763/11951/71679/67942/667034/56248/11541/216739/67130/14923/67980/66218/68087/14584/66355","23962/246730/12041/228026/192185/22169/20135/353172/14381/11566/56520/226518/320685/54342/23918/12048/15452/319518/229949/108147/19241/66592/14923/56174/68073/11639/11674/67942/104112/55936/11951/14104/67273/66218/107476/66294/71743/56632/69719/54128/64451/68614/235339/110446/66588/269951/382985/26395/27369/433256/108156/18597/22271/66812/17850/212627/22333/110821/104111/66114/22171/225887/72900/68646/20425/67680/67130/66416/70316/22122/75406/73132/14450/319945/80914/68556/236900/67054/50790/109674/69080/11717/218756/11541/230125/98496/67980/331026/29807/214917/85305/68349/16189/107197/67126/13806","GO:1901293","GO:1901293","GO:1901293","nucleoside phosphate biosynthetic process","nucleoside phosphate biosynthetic process","nucleoside phosphate biosynthetic process",-1.13971286401903,0.46895349404016,3.17116035444537,-0.328870223986793,-0.0676323642160241,TRUE,FALSE,FALSE,"66114/16189/269951/68801/218756/110821/18293/69802/66592/69080/22247/11513/17705/66414/78920/18103/56690/108156/11983/76654/66043/68202/50798/22171/71743/66945/18102/68197/73132/75406/67273/75540/29858/27369/68342/14381/382985/212627/20425/55936/11515/17869/21915/11514/14583/331487/71679/22122/22333/12041/67763/11541/83603/68614/20848/18160/11512/107476/83433/667034/170439/237823/11951/68073/11565/11564/67980/14104/104111/74080/66218/67130/14923/66355/68087/21877/104112/229949/104110/67942/216739/11636/98496/14584",-0.217644935522047,2.62091539644825,-2.8385603319703,0.217644935522047,2.62091539644825,2.8385603319703,"mixed or incomplete"
"mouse KD vs control vs mouse het vs WT","GO_BP","GO:0001959","regulation of cytokine-mediated signaling pathway","either",0.05,"opposite direction",2.61948796025481,2.61948796025481,-0.818604329020018,1.80088363123479,0.936350271836231,0.006630064403503,"78688/20563/67338/22036/20304/59004/20698/16149/223723/71966/69807/106025/56310/192656/432940/18472/14042/69922/193670/22418/12569/19014/211007/20660/72512/20564/19876/11600/13601/15511","54123/24110/15944/246730/20563/547253/54396/100038882/20564/58203/80285/16145/23960/246727/16177/15257/20847/16923/12363/26362/21937/12977/24058/23961/229615","GO:0001959","GO:0001959","GO:0001959","regulation of cytokine-mediated signaling pathway","regulation of cytokine-mediated signaling pathway","regulation of cytokine-mediated signaling pathway",1.19562666670652,0.392349157836404,2.17848225289988,0.406327275251502,-0.0285616590939452,TRUE,FALSE,FALSE,"14063/12484/17948/17952/80985/22350/21873/73945/19053/53603/263876/240518/114643/23961/74256/52440/77128/12700/108960/11746/18983/21353/12363/94088/319190/56045/252870/246727",2.01423099572654,2.61948796025481,-0.60525696452827,2.01423099572654,2.61948796025481,0.60525696452827,"het opposite"
"mouse KD vs control vs mouse het vs WT","GO_BP","GO:0007259","cell surface receptor signaling pathway via JAK-STAT","either",0.05,"opposite direction",2.61059966357248,2.61059966357248,-0.90656145045666,1.70403821311582,0.842353886655983,0.0313485988028819,"14184/16194/18016/14312/228812/217039/22083/16195/19229/58523/13019/12702/12703/16392/18764/20897/54721/56469/59004/15235/54394/15205/16161/15979/12569/20848/20850/216233/16950/20851/15239/328572/18128","547253/80285/229900/20897/20846/18764/16453/12568/20847/16923/16950/15364/14158/14600/24088/21937/20852/229615/216233/12702/16164/107566/16451/18763/110006/52023/16878/230514/13078/15976/16818/67561/56468/15975/14360/230484/16189/12703/228812/16452/54721","GO:0007259","GO:0007259","GO:0007259","cell surface receptor signaling pathway via JAK-STAT","cell surface receptor signaling pathway via JAK-STAT","cell surface receptor signaling pathway via JAK-STAT",-1.10469120497927,0.607584522675316,1.50378186618179,-0.216393297683374,-0.0745054159429471,TRUE,FALSE,FALSE,"56469/21937/217039/15239/22083/12568/54394/67561/110006/18764/15205/13019/12051/12389/56468/16194/16164/16190/12569/328572/16161/16195/20851/12315/20848/20850/16392/15979/12702/18128/16950/16878",-0.19812975452261,2.61059966357248,-2.80872941809509,0.19812975452261,2.61059966357248,2.80872941809509,"mixed or incomplete"
"mouse KD vs control vs mouse het vs WT","GO_BP","GO:0071219","cellular response to molecule of bacterial origin","either",0.05,"opposite direction",2.59612214150368,2.59612214150368,-0.96438488334209,1.63173725816159,0.797552319438007,0.0154324195513777,"74637/235527/18035/78334/67154/12608/27056/17260/17470/217166/100689/192656/70310/11303/12257/22418/57783/11898/211007/21938/14528/11622/19401/192159/18750/20312/19261/20296","55932/15944/20539/54396/20128/70310/209387/214855/22169/16145/18828/14469/12567/20846/70097/12257/26362/319236/20312/11651/14870/11898/24088/21937/22352/108155/238871/231086/18578/266632/14468/16819/100689/117149/16179/17874/18569/21898/18754/26417/54196/12369/17975/223601/57783/26419/60533/11350/12608","GO:0071219","GO:0071219","GO:0071219","cellular response to molecule of bacterial origin","cellular response to molecule of bacterial origin","cellular response to molecule of bacterial origin",-0.939531373725626,0.804609843937575,1.81156597831574,-0.0944146583896434,-0.098240817615078,TRUE,FALSE,FALSE,"22083/21938/320472/74637/57783/211007/266632/19401/11303/16179/211770/238871/67154/217304/14528/70310/235527/22433/26417/192656/83433/17470/217166/12257/18787/17260/22418/11622/18750/11898/20296/19261/20312",0.024853509616464,2.59612214150368,-2.57126863188722,0.024853509616464,2.59612214150368,2.57126863188722,"mixed or incomplete"
"mouse KD vs control vs mouse het vs WT","GO_BP","GO:0033500","carbohydrate homeostasis","either",0.05,"opposite direction",2.59348351734633,2.59348351734633,-1.09553625288717,1.49794726445916,0.653287197231834,0.0427950853852533,"56490/20586/18709/16971/109778/74551/56484/17425/107723/22393/23921/20747/68667/109689/17127/18605/68837/14118/22433/18708/21803/97086/56368/11799/14629/19376/20983/223527/24051/73649/75747/66259/94353/12578/217166/70310/63959/76854/13924/68938/71111/11548/19062/18164/14694/20602/20848/67389/19271/14119/12606/105787/18576/17886/18642/64297/74370/20913/22402/12842/20296/20317","74551/12870/14119/246730/12842/20317/70310/20587/192185/14118/19275/23960/18555/109552/12286/18576/68938/19056/230784/102093/14694/22393/11651/11674/63959/19326/241296/108155/80976/23961/68441/74370/74998/67389/16971/50721/228869/12288/78894/52055/215999/14629/19376","GO:0033500","GO:0033500","GO:0033500","carbohydrate homeostasis","carbohydrate homeostasis","carbohydrate homeostasis",-1.27346079542899,0.271363612606491,1.36860610277696,-0.566448387714135,-0.184895852794498,TRUE,FALSE,FALSE,"109552/17295/11514/20747/14119/223527/94353/68938/12578/15357/70310/22433/74551/13924/17886/75747/67041/20913/19055/216190/18642/20848/105787/11548/83433/20983/19376/217166/11799/74370/67389/12293/18708/18576/22228/12606/71111/97086/68837/12842/64297/18605/22402/20296/20317",-0.17792454254182,2.59348351734633,-2.77140805988815,0.17792454254182,2.59348351734633,2.77140805988815,"mixed or incomplete"
"mouse KD vs control vs mouse het vs WT","GO_BP","GO:0071222","cellular response to lipopolysaccharide","either",0.05,"opposite direction",2.58065004034185,2.58065004034185,-0.969627943855172,1.61102209648668,0.791345662481484,0.0227692354778655,"74637/235527/18035/78334/67154/12608/17260/17470/217166/100689/192656/70310/11303/12257/22418/57783/11898/211007/21938/14528/19401/192159/18750/20312/19261/20296","55932/15944/20539/54396/20128/70310/209387/214855/22169/16145/18828/14469/12567/20846/70097/12257/26362/319236/20312/11651/14870/11898/21937/22352/108155/238871/231086/18578/266632/14468/16819/100689/16179/17874/18569/21898/18754/26417/54196/12369/17975/57783/26419/60533/11350/12608/11303/26400","GO:0071222","GO:0071222","GO:0071222","cellular response to lipopolysaccharide","cellular response to lipopolysaccharide","cellular response to lipopolysaccharide",-0.968804553226754,0.778001734034753,1.64265155143661,-0.109019435040021,-0.10163377374983,TRUE,FALSE,FALSE,"22083/21938/320472/74637/57783/211007/266632/19401/11303/16179/211770/238871/67154/217304/14528/70310/235527/22433/26417/192656/83433/17470/217166/12257/18787/17260/22418/18750/11898/20296/19261/20312",0.000823390628418075,2.58065004034185,-2.57982664971343,0.000823390628418075,2.58065004034185,2.57982664971343,"mixed or incomplete"
"mouse KD vs control vs mouse het vs WT","GO_BP","GO:0006739","NADP+ metabolic process","either",0.05,"opposite direction",2.56788926901405,2.56788926901405,-0.716239791885332,1.85164947712872,0.946808321882498,0.0337797077662345,"56717/11428/21351/100198/100705/78373/216188/74637/22059/107747/17449/74370","192185/66171/14381/110208/226518/22059/107747/216188/19895/15926/74370/100198/17436/269951/21351/107029/66646/68646/56716","GO:0006739","GO:0006739","GO:0006739","NADP+ metabolic process","NADP+ metabolic process","NADP+ metabolic process",-0.7166443111839,0.96752316325703,1.47134411190121,-0.0143386288369147,-0.0237379335357677,TRUE,FALSE,FALSE,"22059/74637/17449/14381/67880/216188/21351/100198/78373/74370/107747",-0.000404519298567996,2.56788926901405,-2.56829378831262,0.000404519298567996,2.56788926901405,2.56829378831262,"mixed or incomplete"
"mouse KD vs control vs mouse het vs WT","GO_BP","GO:0032640","tumor necrosis factor production","either",0.05,"opposite direction",2.49927048023618,2.49927048023618,-0.900895549995874,1.59837493024031,0.85356810725792,0.0442426534928472,"19357/53791/100689/192656/15499/15979/12257/22418/20848/15507/19271/216869/67457/83397/19401/11600/20312/19261/20296","16859/246730/20128/74155/230073/66725/214855/246728/71586/16423/23960/246727/142980/12257/73181/26362/20312/14870/24088/21937/23961/56632/15499/268857/16800/100689/117149/17874/11820/14082/21898/14869/19164/107607/108655/17975/11600","GO:0032640","GO:0032640","GO:0032640","tumor necrosis factor production","tumor necrosis factor production","tumor necrosis factor production",-1.19877428928182,0.457266156954054,1.35415883372093,-0.33983094030311,-0.0687618202713284,TRUE,FALSE,FALSE,"22160/15499/20848/192656/83433/19357/67457/12257/16392/66725/18708/15979/53791/268857/22418/11600/20296/19261/20312",-0.297878739285946,2.49927048023618,-2.79714921952213,0.297878739285946,2.49927048023618,2.79714921952213,"mixed or incomplete"
"mouse KD vs control vs mouse het vs WT","GO_BP","GO:0032680","regulation of tumor necrosis factor production","either",0.05,"opposite direction",2.49927048023618,2.49927048023618,-0.900895549995874,1.59837493024031,0.85356810725792,0.0442426534928472,"19357/53791/100689/192656/15499/15979/12257/22418/20848/15507/19271/216869/67457/83397/19401/11600/20312/19261/20296","16859/246730/20128/74155/230073/66725/214855/246728/71586/16423/23960/246727/142980/12257/73181/26362/20312/14870/24088/21937/23961/56632/15499/268857/16800/100689/117149/17874/11820/14082/21898/14869/19164/107607/108655/17975/11600","GO:0032680","GO:0032680","GO:0032680","regulation of tumor necrosis factor production","regulation of tumor necrosis factor production","regulation of tumor necrosis factor production",-1.19877428928182,0.457266156954054,1.35415883372093,-0.33983094030311,-0.0687618202713284,TRUE,FALSE,FALSE,"22160/15499/20848/192656/83433/19357/67457/12257/16392/66725/18708/15979/53791/268857/22418/11600/20296/19261/20312",-0.297878739285946,2.49927048023618,-2.79714921952213,0.297878739285946,2.49927048023618,2.79714921952213,"mixed or incomplete"
"mouse KD vs control vs mouse het vs WT","GO_BP","GO:0016050","vesicle organization","either",0.05,"opposite direction",-2.4919758404057,2.4919758404057,1.04723891503973,-1.44473692536597,0.677204141658098,0.0318439229712457,"70546/12725/54525/20908/12490/68942/108012/17274/20661/18783/20619/229521/19294/20194/11964/110380/69178/84095/320714/70495/14339/387524/78610/12752/235627/53869/233489/107305/11765/208518/20479/170737/18759/170833/116733/11773/192236/20844/108664/12043/73689/53330/66144/67727/19158/12488/69982/11777/66226/76303/53611/21968/11966/67028/117150/107338/73205/380714/21787/11767/66700/53378/67073/59005/66290/83435/12912/76893/102058/320191/22088/53331/67141/212139/20932/66682/71801/27054/19349/111173/15247/99683/20334/234852/60409/57257/20170/30960","17101/77371/56440/56334/226421/380714/228545/231070/110380/108664/207352/19725/12912/12390/77573/20333/20971/52898/66144/21787/56324/245884/53331/54198/16573/54137/107338/216131/57257/66629/229593/11765/330192/19324/27054/70450/170833/11984/11973/78610/210789/21968/68767/217310/19332/19349/12752/64933/74732/75964/246694/18711/71732/20661/20907/73122/67474/66241/67166/11966/20908/74018/107305/11964/117150/66335/72287/104015/73834/11816/11972/20617/231801/70495","GO:0016050","GO:0016050","GO:0016050","vesicle organization","vesicle organization","vesicle organization",1.20478372490886,0.275217926081256,-1.49697343528687,0.560323282120302,0.169280394488446,TRUE,FALSE,FALSE,"70546/54525/20908/12725/20661/20619/80976/14339/66144/108012/19294/235627/320714/12490/252903/18783/209086/17274/71801/21968/12043/78610/74018/19332/70495/170833/117150/11966/111173/20910/56324/19725/11765/387524/11777/80743/73689/20844/107305/11972/20479/330277/107338/84095/27054/229521/69982/12752/102058/170737/269338/66682/73205/12912/20194/76303/26903/108664/192236/58244/212139/11973/217517/226422/53378/17858/67231/75608/232664/19339/67727/18718/237465/213211/12488/75763/227648/228545/66290/66371/73122/53611/76959/53330/74349/11767/20907/68365/59005/18711/67028",0.15754480986913,-2.4919758404057,2.64952065027483,0.15754480986913,2.4919758404057,2.64952065027483,"KD opposite"
"mouse KD vs control vs mouse het vs WT","GO_BP","GO:0071706","tumor necrosis factor superfamily cytokine production","either",0.05,"opposite direction",2.45784655714583,2.45784655714583,-0.889164326807752,1.56868223033808,0.866444755028027,0.0442426534928472,"19357/53791/100689/192656/15499/15979/12257/22418/20848/15507/19271/216869/67457/83397/19401/11600/20312/19261/20296","16859/246730/20128/74155/230073/66725/214855/246728/71586/16423/23960/246727/142980/12257/73181/26362/20312/14870/24088/21937/23961/56632/15499/268857/16800/100689/117149/17874/11820/14082/21898/14869/19164/107607/108655/17975/11600/60533","GO:0071706","GO:0071706","GO:0071706","tumor necrosis factor superfamily cytokine production","tumor necrosis factor superfamily cytokine production","tumor necrosis factor superfamily cytokine production",-1.17151999945149,0.47349761556438,1.35415883372093,-0.324682203671985,-0.062259122911235,TRUE,FALSE,FALSE,"22160/15499/20848/192656/83433/19357/67457/12257/16392/66725/18708/15979/53791/268857/22418/11600/20296/19261/20312",-0.282355672643738,2.45784655714583,-2.74020222978957,0.282355672643738,2.45784655714583,2.74020222978957,"mixed or incomplete"
"mouse KD vs control vs mouse het vs WT","GO_BP","GO:1903555","regulation of tumor necrosis factor superfamily cytokine production","either",0.05,"opposite direction",2.45784655714583,2.45784655714583,-0.889164326807752,1.56868223033808,0.866444755028027,0.0442426534928472,"19357/53791/100689/192656/15499/15979/12257/22418/20848/15507/19271/216869/67457/83397/19401/11600/20312/19261/20296","16859/246730/20128/74155/230073/66725/214855/246728/71586/16423/23960/246727/142980/12257/73181/26362/20312/14870/24088/21937/23961/56632/15499/268857/16800/100689/117149/17874/11820/14082/21898/14869/19164/107607/108655/17975/11600/60533","GO:1903555","GO:1903555","GO:1903555","regulation of tumor necrosis factor superfamily cytokine production","regulation of tumor necrosis factor superfamily cytokine production","regulation of tumor necrosis factor superfamily cytokine production",-1.17151999945149,0.47349761556438,1.35415883372093,-0.324682203671985,-0.062259122911235,TRUE,FALSE,FALSE,"22160/15499/20848/192656/83433/19357/67457/12257/16392/66725/18708/15979/53791/268857/22418/11600/20296/19261/20312",-0.282355672643738,2.45784655714583,-2.74020222978957,0.282355672643738,2.45784655714583,2.74020222978957,"mixed or incomplete"
"mouse KD vs control vs mouse het vs WT","GO_BP","GO:0046390","ribose phosphate biosynthetic process","either",0.05,"opposite direction",2.45406089451212,2.45406089451212,-0.830026386298965,1.62403450821315,0.923289490232553,0.0258343675164577,"331487/66592/14381/19219/11637/11949/17991/68055/67126/17706/17717/83433/76654/11946/66052/595136/17718/11545/67273/11983/11565/72900/67680/66401/66108/104130/68375/17719/72269/66414/17869/11636/17993/11512/68202/75406/66114/66945/17720/55936/66043/228033/69875/68342/68197/17705/18102/21803/104110/69802/104111/18160/212627/20848/68614/18103/68073/98496/237823/11564/67763/11951/71679/67942/56248/67130/14923/66218/66355","14381/11566/56520/23918/12048/15452/108147/19241/66592/14923/68073/11639/11674/67942/55936/11951/67273/66218/66294/56632/69719/68614/66588/26395/108156/22271/212627/104111/66114/225887/72900/67680/67130/66416/70316/75406/14450/80914/68556/67054/109674/11717/98496/214917/68349/16189/107197/67126/13806/231327/230103/21803/331487/237823/13618/68194/11534/51797/14380/20848/54369/239790/11821/66377/23972/66091/56749/23917/17991/11486/28080/66355/23971/105446/17995/50799/66826/11949/18162","GO:0046390","GO:0046390","GO:0046390","ribose phosphate biosynthetic process","ribose phosphate biosynthetic process","ribose phosphate biosynthetic process",-1.12036254735312,0.540566745241198,1.5878021664959,-0.267150674883077,-0.03466210796801,TRUE,FALSE,FALSE,"69802/66592/22247/11513/17705/66414/18103/108156/11983/76654/66043/68202/66945/18102/68197/75406/67273/68342/14381/212627/55936/11515/17869/11514/331487/71679/67763/68614/20848/18160/11512/83433/237823/11951/68073/11565/11564/104111/66218/67130/14923/66355/104110/67942/11636/98496",-0.290336161054155,2.45406089451212,-2.74439705556627,0.290336161054155,2.45406089451212,2.74439705556627,"mixed or incomplete"
"mouse KD vs control vs mouse het vs WT","GO_BP","GO:0043038","amino acid activation","either",0.05,"opposite direction",2.44959350347773,2.44959350347773,-0.596104431652529,1.8534890718252,0.998601632322315,0.0307043428089537,"224805/72946/104458/353172/22375/107508/70223/27267/15115/69684/231326/109093/71984/230577/107271/69955/102436/70791/384281/226539/110960","381314/353172/22375/107045/23874/110960/22321/70223/68915/226414/107508/15115/27267/20226/105148/216443/104458/107271/85305/109093/97541/71941/71984/102436/244141/70560","GO:0043038","GO:0043038","GO:0043038","amino acid activation","amino acid activation","amino acid activation",-0.906546839761088,0.813389436234264,1.51280019375484,-0.0897014722252089,-0.000607728379051759,TRUE,FALSE,FALSE,"107508/70223/230577/381314/384281/20226/353172/69955/67789/23874/231326/216443/70791/70560/107271/104458/15115/226539/109093/22375/105148/71984/71807/110960",-0.310442408108559,2.44959350347773,-2.76003591158629,0.310442408108559,2.44959350347773,2.76003591158629,"mixed or incomplete"
"mouse KD vs control vs mouse het vs WT","GO_BP","GO:0043039","tRNA aminoacylation","either",0.05,"opposite direction",2.43261182872545,2.43261182872545,-0.561382819345982,1.87122900937947,0.999428477778274,0.0332636198640547,"224805/72946/104458/353172/22375/107508/70223/27267/15115/69684/109093/71984/230577/107271/69955/102436/70791/384281/226539/110960","381314/353172/22375/107045/23874/110960/22321/70223/68915/226414/107508/15115/27267/20226/105148/216443/104458/107271/85305/109093/97541/71941/71984/102436/244141/70560","GO:0043039","GO:0043039","GO:0043039","tRNA aminoacylation","tRNA aminoacylation","tRNA aminoacylation",-0.874462306257422,0.856258746053124,1.47803049109241,-0.0673949794782492,-0.00024827990268153,TRUE,FALSE,FALSE,"107508/70223/230577/381314/384281/20226/353172/69955/67789/23874/216443/70791/70560/107271/104458/15115/226539/109093/22375/105148/71984/71807/110960",-0.31307948691144,2.43261182872545,-2.74569131563689,0.31307948691144,2.43261182872545,2.74569131563689,"mixed or incomplete"
"mouse KD vs control vs mouse het vs WT","GO_BP","GO:0009100","glycoprotein metabolic process","either",0.05,"opposite direction",2.40568977182039,2.40568977182039,-0.885971021106873,1.51971875071352,0.903394658018329,0.0180941383678868,"50917/93840/14733/15586/27403/20454/74241/76051/93683/68563/27419/76483/218989/74498/29858/170789/330671/15442/98388/12387/233824/15531/20446/380959/76457/230815/233781/14042/78754/56321/171212/72043/13617/83398/57783/19324/109901/223774/50935/233552/12814/76025/328572/217119/27029/271786/58250/17309/11600/239337/26877/230145/170441/50786/16431","243853/53618/18553/19288/244745/66059/16453/268880/66248/234356/12167/234407/72050/68273/83398/381694/54616/13478/52120/12499/17158/224143/140484/20443/102580/109901/97440/108155/70551/381903/74653/217734/97884/217664/59287/195646/328370/20444/68304/53614/54128/18795/14043/27029/14733/59007/218989/239337/13039/20442/215015/27419/50762/76898/57357/17160/66357/14376/50917/73068/15442/80286/320438/110006/14426/15931/76483/72136/56321/231050/19164/232313/117592/14538/216395/76025/72043/100910/57783/11600/11881/15476/73836/319901/12814/208211/15251/14345/69080/14042/212996/331026/233781/20448/70827/70484/239528/140481/17308/21982/12156/14241/12091/50786/14423/59031/22235/14425/57377/53627/13617/13618/75847/171212/72297/15932/15531/246179/11593/380959/16432/212898/20652/240725/233733/66789","GO:0009100","GO:0009100","GO:0009100","glycoprotein metabolic process","glycoprotein metabolic process","glycoprotein metabolic process",-1.61190567674131,0.00857707355684996,1.74246209290846,-2.06666086540363,-0.0441224818508051,TRUE,TRUE,FALSE,"50935/80294/13039/52463/26433/13200/208624/53374/268880/110006/18553/57783/93840/11305/103963/50917/68304/110173/20443/214133/432486/14733/11977/26879/66629/103534/29858/54616/20454/21664/108153/20442/68563/328370/70551/74498/17156/15442/75847/212898/67943/16430/15531/140481/102580/93683/235534/15586/171212/19288/13478/269941/328572/338362/19324/60322/20441/12814/56321/73836/11881/15476/233824/217119/50760/27029/233781/330671/216395/240725/76457/244745/223774/66059/23908/12387/380959/117148/218989/20440/67547/14042/50786/233552/109901/12167/26877/76025/98388/11600/271786/17309/58250/83398/72043/170441/239337/13617/16431",-0.725934655634437,2.40568977182039,-3.13162442745483,0.725934655634437,2.40568977182039,3.13162442745483,"mixed or incomplete"
"mouse KD vs control vs mouse het vs WT","GO_BP","GO:0060338","regulation of type I interferon-mediated signaling pathway","either",0.05,"opposite direction",2.35002605000216,2.35002605000216,-0.559931163479762,1.7900948865224,0.996194489332542,0.0427950853852533,"193670/22418/211007/72512","54123/24110/246730/100038882/58203/23960/246727/20847","GO:0060338","GO:0060338","GO:0060338","regulation of type I interferon-mediated signaling pathway","regulation of type I interferon-mediated signaling pathway","regulation of type I interferon-mediated signaling pathway",0.891818083131842,0.84163631096565,1.36860610277696,0.0748755358901555,-0.00165586499179846,TRUE,FALSE,FALSE,"114643/23961/18983/94088/56045/246727/66743/246730/54123/24110/56417/100038882/20847/227331/56480/66520",1.4517492466116,2.35002605000216,-0.898276803390558,1.4517492466116,2.35002605000216,0.898276803390558,"het opposite"
"mouse KD vs control vs mouse het vs WT","GO_BP","GO:0048525","negative regulation of viral process","either",0.05,"shared positive",1.77379073214895,1.77379073214895,0.707160605623013,2.48095133777196,0.984227577583267,6.03278412325056e-07,"107373/80750/93679/57444/226691/84505/23825/12914","23962/66141/246730/100038882/15957/20568/69550/246728/71586/20684/23960/246727/19288/20846/15364/80287/80876/226691/213002/19106/78781/17858/23961/56491/268373/58185/68713/231655","GO:0048525","GO:0048525","GO:0048525","negative regulation of viral process","negative regulation of viral process","negative regulation of viral process",1.29706562025355,0.336896966110449,6.21948221517066,0.472502899993719,0.00690447040898585,TRUE,FALSE,FALSE,"80750/71586/107373/231655/19106/246728/114643/23961/93679/20684/20821/78781/226691/74735/15957/94088/246727/17858/58185/98999/246730/23962",0.589905014630537,1.77379073214895,-1.18388571751841,0.589905014630537,1.77379073214895,1.18388571751841,"all positive"
"mouse KD vs control vs mouse het vs WT","GO_BP","GO:0045071","negative regulation of viral genome replication","either",0.05,"shared positive",1.67609742488015,1.67609742488015,0.826013675108976,2.50211109998913,0.883763419264135,6.03278412325056e-07,"107373/80750/57444/226691/84505/23825","23962/66141/246730/100038882/20568/69550/246728/71586/23960/246727/15364/80287/80876/226691/213002/19106/78781/17858/23961/58185/68713/231655","GO:0045071","GO:0045071","GO:0045071","negative regulation of viral genome replication","negative regulation of viral genome replication","negative regulation of viral genome replication",1.37334661145764,0.333111694371537,6.21948221517066,0.477410120500425,0.0536639787190966,TRUE,FALSE,FALSE,"80750/71586/107373/231655/19106/246728/114643/23961/78781/226691/94088/246727/17858/58185/98999/246730/23962",0.547332936348664,1.67609742488015,-1.12876448853149,0.547332936348664,1.67609742488015,1.12876448853149,"all positive"
"mouse KD vs control vs mouse het vs WT","GO_BP","GO:0045069","regulation of viral genome replication","either",0.05,"shared positive",1.66872943434441,1.66872943434441,0.942731522278824,2.61146095662323,0.814949572908723,7.41857142857143e-08,"18983/107373/67846/80750/13194/57444/226691/19358/84505/12043/23825/109333","23962/66141/246730/100038882/20568/69550/229900/246728/71586/19358/23960/246727/21974/15364/80287/80876/226691/213002/19106/78781/17858/13194/23961/56491/268373/58185/68713/231655","GO:0045069","GO:0045069","GO:0045069","regulation of viral genome replication","regulation of viral genome replication","regulation of viral genome replication",1.24485951137068,0.418194599027591,7.1296797174192,0.378621580384107,0.0888692635115961,TRUE,FALSE,FALSE,"80750/71586/107373/231655/12043/19106/246728/114643/23961/18983/78781/226691/94088/246727/17858/58185/98999/13194/19358/246730/23962",0.302127989091856,1.66872943434441,-1.36660144525255,0.302127989091856,1.66872943434441,1.36660144525255,"all positive"
"mouse KD vs control vs mouse het vs WT","GO_BP","GO:1903900","regulation of viral life cycle","either",0.05,"shared positive",1.5529338997545,1.5529338997545,0.879046195171249,2.43198009492575,0.886193670836024,7.41857142857143e-08,"18983/107373/67846/80750/19294/13194/18550/57444/226691/19358/84505/116733/12043/23825/109333","23962/66141/246730/100038882/20128/20568/69550/209387/229900/246728/71586/19358/23960/246727/22088/21974/15364/80287/80876/26362/226691/319236/213002/19106/78781/17858/76681/13194/217069/23961/56491/268373/58185/68713/231655","GO:1903900","GO:1903900","GO:1903900","regulation of viral life cycle","regulation of viral life cycle","regulation of viral life cycle",1.0332694366066,0.678486374440952,7.1296797174192,0.168458869543707,0.0524713560092201,TRUE,FALSE,FALSE,"80750/19294/71586/107373/231655/12043/19106/246728/319236/114643/23961/18983/78781/226691/94088/18550/246727/17858/58185/98999/76681/13194/19358/246730/23962",0.154223241435351,1.5529338997545,-1.39871065831915,0.154223241435351,1.5529338997545,1.39871065831915,"all positive"
"mouse KD vs control vs mouse het vs WT","GO_BP","GO:0042832","defense response to protozoan","either",0.05,"shared positive",1.48196680552267,1.48196680552267,0.676337517118344,2.15830432264101,0.958754929677706,0.00158101856754771,"18176/16193","55932/54396/236573/60440/229900/16145/14469/16391/100039796/21822/14468/15461/17874/18176/17472","GO:0042832","GO:0042832","GO:0042832","defense response to protozoan","defense response to protozoan","defense response to protozoan",-1.02679725642323,0.721558139420365,2.80106302966541,-0.141728669959016,0.0182923900037749,TRUE,FALSE,FALSE,"78317/18605",-1.70313477354157,1.48196680552267,-3.18510157906424,1.70313477354157,1.48196680552267,3.18510157906424,"KO opposite"
"mouse KD vs control vs mouse het vs WT","GO_BP","GO:0050792","regulation of viral process","either",0.05,"shared positive",1.37868772818894,1.37868772818894,0.851050657762003,2.22973838595094,0.910082107399601,6.03278412325056e-07,"18983/107373/67846/80750/19294/13194/93679/18550/13830/57444/226691/19358/84505/116733/12043/23825/109333/12914","23962/66141/246730/100038882/20128/15957/20568/69550/209387/229900/246728/71586/20684/19358/23960/246727/19288/22088/20846/21974/15364/80287/80876/26362/226691/319236/213002/19106/78781/17858/76681/13194/217069/23961/18643/56491/268373/58185/16543/68713/231655","GO:0050792","GO:0050792","GO:0050792","regulation of viral process","regulation of viral process","regulation of viral process",1.20663792034462,0.386618106984742,6.21948221517066,0.412717809957213,0.0409194239624692,TRUE,FALSE,FALSE,"13830/80750/19294/71586/107373/231655/12043/19106/246728/319236/114643/23961/93679/20684/67526/20821/18983/78781/226691/74735/15957/94088/26401/18550/246727/17858/67231/58185/98999/76681/13194/19358/246730/23962",0.355587262582617,1.37868772818894,-1.02310046560632,0.355587262582617,1.37868772818894,1.02310046560632,"all positive"
"mouse KD vs control vs mouse het vs WT","GO_BP","GO:0046621","negative regulation of organ growth","either",0.05,"shared positive",-1.36883967108787,1.36883967108787,2.13122815526497,0.762388484177101,0.0451519277102368,0.918317698362534,"13052/232334/211652/52357/14609/19211/108655/16526/19735/17684/14297/28185/15567/17283","14381/14609/19735/28185/232334/16526/108655/21813/14083","GO:0046621","GO:0046621","GO:0046621","negative regulation of organ growth","negative regulation of organ growth","negative regulation of organ growth",1.85598559295602,0.0365920548588155,0.0370070456218908,1.43661320164247,1.34532370324534,FALSE,TRUE,TRUE,"13052/15567/17684/211652/52357/19211/19735/58231/232334",-0.27524256230895,-1.36883967108787,1.09359710877892,0.27524256230895,1.36883967108787,1.09359710877892,"all positive"
"mouse KD vs control vs mouse het vs WT","GO_BP","GO:0032607","interferon-alpha production","either",0.05,"shared positive",1.33014122269904,1.33014122269904,0.72565044907434,2.05579167177338,0.936350271836231,0.00682377035484091,"12675/21898/72162/54131/170743/71586/15510/54123/17381/20846/235626/78781/13211","54123/230073/71586/64685/20846/142980/78781/268857/72162/21898/17472/15510","GO:0032607","GO:0032607","GO:0032607","interferon-alpha production","interferon-alpha production","interferon-alpha production",1.10202154628957,0.654233870967742,2.16597559721327,0.184266975353809,0.0285616590939452,TRUE,FALSE,FALSE,"71586/12675/78781/64685/170743/27056/17472/21898/54123/230073",0.37637109721523,1.33014122269904,-0.95377012548381,0.37637109721523,1.33014122269904,0.95377012548381,"all positive"
"mouse KD vs control vs mouse het vs WT","GO_BP","GO:0032647","regulation of interferon-alpha production","either",0.05,"shared positive",1.33014122269904,1.33014122269904,0.72565044907434,2.05579167177338,0.936350271836231,0.00682377035484091,"12675/21898/72162/54131/170743/71586/15510/54123/17381/20846/235626/78781/13211","54123/230073/71586/64685/20846/142980/78781/268857/72162/21898/17472/15510","GO:0032647","GO:0032647","GO:0032647","regulation of interferon-alpha production","regulation of interferon-alpha production","regulation of interferon-alpha production",1.10202154628957,0.654233870967742,2.16597559721327,0.184266975353809,0.0285616590939452,TRUE,FALSE,FALSE,"71586/12675/78781/64685/170743/27056/17472/21898/54123/230073",0.37637109721523,1.33014122269904,-0.95377012548381,0.37637109721523,1.33014122269904,0.95377012548381,"all positive"
"mouse KD vs control vs mouse het vs WT","GO_BP","GO:0035455","response to interferon-alpha","either",0.05,"shared positive",1.26695212834495,1.26695212834495,0.872061037867716,2.13901316621267,0.85356810725792,0.00133925874264523,"15958/20822/15975/20845/15951/112419/23961/15957/69550/26362","66141/246730/15951/15957/69550/23960/80876/26362/213002/19106/23961/21822","GO:0035455","GO:0035455","GO:0035455","response to interferon-alpha","response to interferon-alpha","response to interferon-alpha",1.27330029748857,0.457327153969157,2.87313550988309,0.339773011458027,0.0687618202713284,TRUE,FALSE,FALSE,"15958/15951/19106/20845/114643/23961/20822/15957/246730/21822/69550/56417",0.401239259620854,1.26695212834495,-0.8657128687241,0.401239259620854,1.26695212834495,0.8657128687241,"all positive"
"mouse KD vs control vs mouse het vs WT","GO_BP","GO:0060330","regulation of response to type II interferon","either",0.05,"shared positive",1.26545893553936,1.26545893553936,0.59779090170526,1.86324983724462,0.965377965130956,0.0323874740960577,"83945/434341","15944/547253/54396/80285/16145","GO:0060330","GO:0060330","GO:0060330","regulation of response to type II interferon","regulation of response to type II interferon","regulation of response to type II interferon",-0.43909114093536,1,1.48962292136061,0,0.0153026182283775,TRUE,FALSE,FALSE,"19014",-1.03688204264062,1.26545893553936,-2.30234097817998,1.03688204264062,1.26545893553936,2.30234097817998,"KO opposite"
"mouse KD vs control vs mouse het vs WT","GO_BP","GO:0060334","regulation of type II interferon-mediated signaling pathway","either",0.05,"shared positive",1.26545893553936,1.26545893553936,0.59779090170526,1.86324983724462,0.965377965130956,0.0323874740960577,"83945/434341","15944/547253/54396/80285/16145","GO:0060334","GO:0060334","GO:0060334","regulation of type II interferon-mediated signaling pathway","regulation of type II interferon-mediated signaling pathway","regulation of type II interferon-mediated signaling pathway",-0.43909114093536,1,1.48962292136061,0,0.0153026182283775,TRUE,FALSE,FALSE,"19014",-1.03688204264062,1.26545893553936,-2.30234097817998,1.03688204264062,1.26545893553936,2.30234097817998,"KO opposite"
"mouse KD vs control vs mouse het vs WT","GO_BP","GO:0098792","xenophagy","either",0.05,"shared positive",1.20237062160173,1.20237062160173,0.741225973196741,1.94359659479847,0.923664946951498,0.0350228464966668,"24088/74781/77040/227738/268749","672511/15944/54396/16145/56048/74781/24088","GO:0098792","GO:0098792","GO:0098792","xenophagy","xenophagy","xenophagy",-0.624283496462732,0.988405091311566,1.45564855935032,-0.005065026197089,0.0344855375229631,TRUE,FALSE,FALSE,"26417/192656",-1.36550946965947,1.20237062160173,-2.5678800912612,1.36550946965947,1.20237062160173,2.5678800912612,"KO opposite"
"mouse KD vs control vs mouse het vs WT","GO_BP","GO:0070106","interleukin-27-mediated signaling pathway","either",0.05,"shared positive",1.14889229680333,1.14889229680333,0.866406133291272,2.0152984300946,0.819463898670958,0.00730167883159235,"23961/246727/20846/231655/23962/246730/114643","23962/246730/246728/23960/246727/20846/23961","GO:0070106","GO:0070106","GO:0070106","interleukin-27-mediated signaling pathway","interleukin-27-mediated signaling pathway","interleukin-27-mediated signaling pathway",1.55163112650009,0.257251007407816,2.1365772736507,0.589642915843279,0.0864701744343562,TRUE,FALSE,FALSE,"231655/246728/114643/23961/246727/246730/23962",0.685224993208818,1.14889229680333,-0.46366730359451,0.685224993208818,1.14889229680333,0.46366730359451,"all positive"
"mouse KD vs control vs mouse het vs WT","GO_BP","GO:0043330","response to exogenous dsRNA","either",0.05,"shared positive",1.14299595678667,1.14299595678667,0.698446445437137,1.84144240222381,0.955203929970853,0.0305015230349745,"76438/26413/17254/74013/72162/54131/23961","246730/230073/71586/23960/246727/20846/142980/104721/17254/78781/76438/23961","GO:0043330","GO:0043330","GO:0043330","response to exogenous dsRNA","response to exogenous dsRNA","response to exogenous dsRNA",0.776106875276933,0.948835619990786,1.51567847445089,0.0228090199377904,0.0199038994044628,TRUE,FALSE,FALSE,"71586/114643/23961/76438/78781/246727/246730/17254/230073/74013/26413/68350/106759/73914/142980",0.077660429839796,1.14299595678667,-1.06533552694688,0.077660429839796,1.14299595678667,1.06533552694688,"all positive"
"mouse KD vs control vs mouse het vs WT","GO_BP","GO:0098586","cellular response to virus","either",0.05,"shared positive",1.14166821532419,1.14166821532419,0.791408270127589,1.93307648545178,0.936295624574926,0.0133603204157991,"12675/16193/18033/28185/107338/12914/12317/15519/54131/14265/230738/99899/26416/94088/170743/72462/15251","99899/16859/15944/54396/71586/16145/142980/56048/78781","GO:0098586","GO:0098586","GO:0098586","cellular response to virus","cellular response to virus","cellular response to virus",0.806048965171115,0.942893463868848,1.87418312620592,0.0255373747787517,0.0285870061220065,TRUE,FALSE,FALSE,"71586/15945/12675/107338/78781/94088/16859/170743/230738/27056",0.0146406950435261,1.14166821532419,-1.12702752028066,0.0146406950435261,1.14166821532419,1.12702752028066,"all positive"
"mouse KD vs control vs mouse het vs WT","GO_BP","GO:0001562","response to protozoan","either",0.05,"shared positive",1.11871457998184,1.11871457998184,1.01538667595882,2.13410125594066,0.746354444335028,0.00141011158184477,"15937/18176/16193","55932/54396/236573/60440/229900/16145/14469/16391/100039796/21822/14468/15461/17874/18176/15937/17472","GO:0001562","GO:0001562","GO:0001562","response to protozoan","response to protozoan","response to protozoan",-1.03716141070031,0.720354641128896,2.85074652035021,-0.142453641393334,0.127054876734367,TRUE,FALSE,FALSE,"78317/242122/18605",-2.05254808665913,1.11871457998184,-3.17126266664097,2.05254808665913,1.11871457998184,3.17126266664097,"KO opposite"
"mouse KD vs control vs mouse het vs WT","GO_BP","GO:0032479","regulation of type I interferon production","either",0.05,"shared positive",1.10498194588402,1.10498194588402,0.667812788823439,1.77279473470746,0.99991845843526,0.0101590355815088,"12475/338467/12675/97165/21898/19317/28185/23825/19043/15975/56637/12914/11798/224647/72935/72162/22230/24088/15519/54131/240518/23961/51797/107652/17874/16179/67065/170743/213211/224023/106759/22632/67773/14433/21353/26554/105203","54123/15944/246730/54396/100038882/230073/327959/229900/246728/71586/16145/23960/246727/64685/20846/66412/80861/142980/217365/70428/78781/24088/23961/52513/268857/28185/117149/16179/17874/72162/14433","GO:0032479","GO:0032479","GO:0032479","regulation of type I interferon production","regulation of type I interferon production","regulation of type I interferon production",0.881717709905392,0.90539042185522,1.99314751857859,0.0431641042271457,3.54144955086734e-05,TRUE,FALSE,FALSE,"12475/71586/246728/240518/12675/338467/114643/23961/24088/67526/19317/22034/97165/234779/71609/78781/21353/70408/64685/19043/246727/170743/224647/27056/17472/213211/245860/246730/67065",0.213904921081953,1.10498194588402,-0.891077024802068,0.213904921081953,1.10498194588402,0.891077024802068,"all positive"
"mouse KD vs control vs mouse het vs WT","GO_BP","GO:0032606","type I interferon production","either",0.05,"shared positive",1.10498194588402,1.10498194588402,0.667812788823439,1.77279473470746,0.99991845843526,0.0101590355815088,"12475/338467/12675/97165/21898/19317/28185/23825/19043/15975/56637/12914/11798/224647/72935/72162/22230/24088/15519/54131/240518/23961/51797/107652/17874/16179/67065/170743/213211/224023/106759/22632/67773/14433/21353/26554/105203","54123/15944/246730/54396/100038882/230073/327959/229900/246728/71586/16145/23960/246727/64685/20846/66412/80861/142980/217365/70428/78781/24088/23961/52513/268857/28185/117149/16179/17874/72162/14433","GO:0032606","GO:0032606","GO:0032606","type I interferon production","type I interferon production","type I interferon production",0.881717709905392,0.90539042185522,1.99314751857859,0.0431641042271457,3.54144955086734e-05,TRUE,FALSE,FALSE,"12475/71586/246728/240518/12675/338467/114643/23961/24088/67526/19317/22034/97165/234779/71609/78781/21353/70408/64685/19043/246727/170743/224647/27056/17472/213211/245860/246730/67065",0.213904921081953,1.10498194588402,-0.891077024802068,0.213904921081953,1.10498194588402,0.891077024802068,"all positive"
"mouse KD vs control vs mouse het vs WT","GO_BP","GO:0051607","defense response to virus","either",0.05,"shared positive",1.04598961278311,1.04598961278311,1.05154782363782,2.09753743642093,0.685436576777651,7.41857142857143e-08,"13052/14063/15958/338467/74568/73945/207521/18983/252870/12675/93679/57444/19697/16193/226691/93762/58801/14190/80859/12043/74841/56213/66799/28185/80795/70796/19043/15975/224703/66700/26939/66369/434341/224647/209200/68493/19823/72935/15587/72162/54651/112419/103213/22670/319236/15519/54131/170742/80985/23947/244548/12421/67775/27406/23961/77040/230738/107652/17874/94094/26965/16168/14082/67065","23962/54123/24110/66141/15944/15959/246730/54396/100038882/67775/20128/230073/15957/58203/80285/69550/209387/229900/246728/71586/16145/26943/74747/14469/209200/667370/23960/246727/66854/20846/26939/12048/80861/20847/142980/234311/80287/80876/27998/12176/226691/319236/104721/17454/213002/70428/19106/78781/17858/217069/23961/56213/75788/52513/56491/74568/14468/94094/100689/58185/66700/78308/68713/28185/231655/17874/72162/67005/14082/66799/67040","GO:0051607","GO:0051607","GO:0051607","defense response to virus","defense response to virus","defense response to virus",1.44033669200443,0.0495696314160349,7.1296797174192,1.30478431035806,0.164032724141845,TRUE,TRUE,FALSE,"13052/14063/14190/54445/58801/80985/15958/73945/74568/71586/231655/22670/16168/12043/224703/19106/246728/244548/15945/19697/12675/319236/338467/114643/23961/93762/93679/67526/22034/12177/70796/20821/18983/80859/78781/226691/66799/76952/70408/19043/15957/94088/234311/56045/252870/74841/246727/17858/77125/58185/170743/230738/224647/209200/27056/98999/56213/17472/26943/213211/16396/246730/15959/67775/67065/23962/667370/14349/94094",0.38878886836661,1.04598961278311,-0.6572007444165,0.38878886836661,1.04598961278311,0.6572007444165,"all positive"
"mouse KD vs control vs mouse het vs WT","GO_BP","GO:0009615","response to virus","either",0.05,"shared positive",1.02269871453732,1.02269871453732,1.06889741391892,2.09159612845624,0.634990521616829,7.41857142857143e-08,"13052/14063/15958/338467/74568/18263/73945/207521/18983/252870/12675/93679/12571/12631/67160/57444/105440/19697/16193/226691/93762/18033/16819/58801/14190/80859/12043/74841/56213/66799/28185/12488/80795/70796/19043/15975/107338/12914/224703/66700/22070/26939/66369/434341/71617/224647/209200/68493/19823/72935/15587/117198/67736/12317/72162/54651/112419/103213/22670/19775/319236/15519/54131/267019/170742/14265/15364/80985/23947/320351/244548/12421/67775/27406/23961/77040/230738/19777/107652/17874/99899/94094/26416/26965/16168","99899/11475/23962/54123/16859/24110/66141/15944/15959/246730/54396/100038882/67775/20128/230073/15957/58203/80285/69550/209387/229900/246728/71586/16145/26943/74747/14469/209200/667370/23960/246727/18263/76933/64685/66854/20846/26939/12048/80861/20847/142980/234311/15364/56048/80287/80876/27998/12176/226691/319236/104721/17454/213002/70428/19106/19777/78781/17858/100039796/217069/23961/56213/75788/21822/52513/56491/74568/14468/16819/94094/100689/58185/66700/78308/68713/28185/231655/17874/16765/72162/67005/14082/67160/66799/67040/434341/73945/76952/668661/11993/17472/11810/54722/12028","GO:0009615","GO:0009615","GO:0009615","response to virus","response to virus","response to virus",1.34300069945249,0.0934595019246999,7.1296797174192,1.02937653779845,0.197232757291065,TRUE,FALSE,FALSE,"13052/14063/14190/54445/58801/80985/12571/15958/73945/74568/71586/231655/22670/105440/16168/12043/233490/224703/19106/18263/246728/244548/15945/19697/12631/12675/319236/338467/114643/23961/93762/93679/16765/67526/22034/12177/107338/70796/20821/18983/80859/78781/226691/66799/76952/16172/70408/64685/19043/15957/94088/234311/56045/252870/74841/246727/18715/16859/17858/77125/58185/170743/230738/224647/209200/27056/98999/56213/17472/26943/67160/213211/16396/12488/246730/15959/67775/67065/19775/23962/67736/667370/14349/94094",0.27410328553357,1.02269871453732,-0.74859542900375,0.27410328553357,1.02269871453732,0.74859542900375,"all positive"
"mouse KD vs control vs mouse het vs WT","GO_BP","GO:0018126","protein hydroxylation","either",0.05,"shared positive",1.0209830996144,1.0209830996144,0.931110151866775,1.95209325148118,0.799199820060039,0.0242887945400043,"50527/210530/65973/112407/67475","14789/50527/56693/18451/210530/112406/18822/104799/14230/66180/65973/53381","GO:0018126","GO:0018126","GO:0018126","protein hydroxylation","protein hydroxylation","protein hydroxylation",-1.16304157559312,0.583253161275456,1.61459403882251,-0.234142898619481,0.0973446225635317,TRUE,FALSE,FALSE,"66180/14230/18452/18453/14789",-2.0941517274599,1.0209830996144,-3.1151348270743,2.0941517274599,1.0209830996144,3.1151348270743,"KO opposite"
"mouse KD vs control vs mouse het vs WT","GO_BP","GO:0032481","positive regulation of type I interferon production","either",0.05,"shared positive",0.993472947993917,0.993472947993917,0.806899535362063,1.80037248335598,0.941813586280135,0.00997803271761336,"12475/12675/97165/21898/28185/23825/15975/56637/11798/72935/72162/24088/15519/54131/23961/107652/17874/16179/67065/170743/224023/106759/67773/14433/21353/26554/71586/15510/54123/26409/19247/17381/246727/74414/19720","54123/246730/100038882/230073/327959/246728/71586/23960/246727/20846/66412/80861/142980/70428/78781/24088/23961/28185/16179/17874/72162/14433/21898/15510/71609/216877","GO:0032481","GO:0032481","GO:0032481","positive regulation of type I interferon production","positive regulation of type I interferon production","positive regulation of type I interferon production",0.940227228230348,0.804991930051978,2.00095507635839,0.0942084733606562,0.0260350488646988,TRUE,FALSE,FALSE,"12475/71586/246728/12675/114643/23961/24088/22034/97165/234779/71609/78781/21353/70408/246727/170743/27056/246730/67065",0.133327692868285,0.993472947993917,-0.860145255125632,0.133327692868285,0.993472947993917,0.860145255125632,"all positive"
"mouse KD vs control vs mouse het vs WT","GO_BP","GO:0019058","viral life cycle","either",0.05,"shared positive",0.989051847359457,0.989051847359457,0.976962628393243,1.9660144757527,0.788143960660562,2.17199475906016e-05,"52118/67778/68942/18983/107373/67846/80750/226026/19294/13194/110355/18550/76308/16337/57444/78610/226691/107305/19358/208884/20479/84505/116733/12043/23825/73711/109333/17254/66700/58998/15587/16410/20516/15516/18145/22088/19775/319236/13858/12215/14265/15364/19349/234852/23961/77040/30960/230738/227738","23962/66141/246730/100038882/20128/20587/20568/69550/209387/229900/246728/71586/18828/19358/23960/246727/22088/18186/67778/52009/17999/22359/21974/15364/80287/80876/26362/226691/319236/213002/17254/19106/78781/17858/76681/13194/11987/217069/23961/13858/20516/233979/52513/16971/208092/56491/268373/30960/58185/66700/68713/231655","GO:0019058","GO:0019058","GO:0019058","viral life cycle","viral life cycle","viral life cycle",0.991267048550942,0.766839558300971,4.66314122701781,0.115295491635532,0.103394447979808,TRUE,FALSE,FALSE,"80750/226026/19294/71586/107373/231655/52118/18145/73711/12043/78610/16337/19106/246728/110355/319236/114643/23961/80743/107305/20479/76308/18983/78781/226691/252972/16410/94088/18550/246727/17858/67231/58185/230738/98999/269523/67778/76681/13194/98910/19358/72179/246730/228545/19775/23962/66371/76959/15516/20128/17254/18711",0.0143044201576991,0.989051847359457,-0.974747427201758,0.0143044201576991,0.989051847359457,0.974747427201758,"all positive"
"mouse KD vs control vs mouse het vs WT","GO_BP","GO:0060142","regulation of syncytium formation by plasma membrane fusion","either",0.05,"shared positive",0.96963996319532,0.96963996319532,1.09973182951657,2.06937179271189,0.667619558096599,0.00109736664179797,"57808/76808/12508/22121/11502/114641/67248/12633/100503670/270106/22186/19951/269261/13660/20005/19981/19989/66480/66489/19933/110954/19982/26416/19988/67115/67891","52163/20846/19946/26961/54217/20315/67945/268449/319195/76808/19896/270106/27176/56040/67115/269261/67281/19981/67891/11837/68436/12508/19944/20586/66489/259300/19982/22121/19943/19951/16189/100503670/67025/66480/19942/20307/19988/114641/193385/12633/20005/110954/19989/11502/18022","GO:0060142","GO:0060142","GO:0060142","regulation of syncytium formation by plasma membrane fusion","regulation of syncytium formation by plasma membrane fusion","regulation of syncytium formation by plasma membrane fusion",-0.86723688450209,0.863362895493768,2.95964824580138,-0.0638066198314478,0.175470949031419,TRUE,FALSE,FALSE,"65019/19921/67671/19946/26961/193385/83433/259300/67220/20315/20307",-1.96696871401866,0.96963996319532,-2.93660867721398,1.96696871401866,0.96963996319532,2.93660867721398,"KO opposite"
"mouse KD vs control vs mouse het vs WT","GO_BP","GO:0140374","antiviral innate immune response","either",0.05,"shared positive",0.96851443638496,0.96851443638496,1.03038261414771,1.99889705053267,0.708953254714109,0.00165489276048687,"15958/338467/73945/207521/252870/19697/93762/74841/66799/70796/224703/66369","23962/24110/15959/246730/230073/15957/58203/246728/71586/26943/667370/23960/246727/80861/80287/19106/217069/23961","GO:0140374","GO:0140374","GO:0140374","antiviral innate immune response","antiviral innate immune response","antiviral innate immune response",1.8677871524618,0.0134808865991751,2.78123014390505,1.87028154456127,0.149382399357116,TRUE,TRUE,FALSE,"15958/73945/71586/231655/224703/19106/246728/15945/19697/338467/114643/23961/93762/22034/70796/20821/66799/76952/15957/94088/252870/74841/246727/26943/246730/15959/23962/667370",0.83740453831409,0.96851443638496,-0.13110989807087,0.83740453831409,0.96851443638496,0.13110989807087,"all positive"
"mouse KD vs control vs mouse het vs WT","GO_BP","GO:0032727","positive regulation of interferon-alpha production","either",0.05,"shared positive",0.967210610468463,0.967210610468463,0.879817925675897,1.84702853614436,0.834738232385747,0.0429164023815384,"12675/21898/72162/54131/170743/71586/15510/54123/17381/20846/235626/78781/13211","54123/230073/71586/20846/142980/78781/72162/21898/15510","GO:0032727","GO:0032727","GO:0032727","positive regulation of interferon-alpha production","positive regulation of interferon-alpha production","positive regulation of interferon-alpha production",1.35205595216561,0.394858924633052,1.36737669144355,0.403558041581309,0.0784496946407173,TRUE,FALSE,FALSE,"71586/12675/78781/170743/27056/21898/54123/230073/56480/142980/228607/13211/235626/68039/20846/54131",0.472238026489713,0.967210610468463,-0.49497258397875,0.472238026489713,0.967210610468463,0.49497258397875,"all positive"
"mouse KD vs control vs mouse het vs WT","GO_BP","GO:0045824","negative regulation of innate immune response","either",0.05,"shared positive",0.959634911362557,0.959634911362557,0.918176574327793,1.87781148569035,0.843346585071693,0.00257889366738514,"52118/207521/18983/68278/19294/226691/18712/229096/20085/83945/74841/23825","16859/24110/15944/246730/547253/54396/100038882/16145/23960/246727/93694/64685/19056/80861/20847/226691/20085/23961/66294/21354/268857/26987/22631","GO:0045824","GO:0045824","GO:0045824","negative regulation of innate immune response","negative regulation of innate immune response","negative regulation of innate immune response",1.13036809621471,0.536754628954658,2.58856656426761,0.270224201533919,0.0739939093008064,TRUE,FALSE,FALSE,"100043314/18712/19294/68278/52118/114643/23961/67526/20821/18983/226691/64685/56045/74841/246727/16859/93694/21929/21354/547253/246730",0.212191521886917,0.959634911362557,-0.74744338947564,0.212191521886917,0.959634911362557,0.74744338947564,"all positive"
"mouse KD vs control vs mouse het vs WT","GO_BP","GO:0098534","centriole assembly","either",0.05,"shared negative",-0.891840934645091,0.891840934645091,-0.928394212053319,-1.82023514669841,0.815325768065657,0.0387981871855532,"18148/381077/225659/56275/245902/74477/106618/71276/246102/232933/70799/214444/233064/277939/58251/68729/216846/14534","74477/67463/232933/56275/246102/225659/245902/72776/70012/17245/20460/12566/106618/20620/101565/233064/99100/71276","GO:0098534","GO:0098534","GO:0098534","centriole assembly","centriole assembly","centriole assembly",0.768844201376653,0.96581886465829,-1.41118856599609,0.0151043160852007,-0.088668831744558,TRUE,FALSE,FALSE,"104394/20479/99100/219103/70012/236266/20460/382010",1.69723841342997,-0.891840934645091,2.58907934807506,1.69723841342997,0.891840934645091,2.58907934807506,"mixed or incomplete"
"mouse KD vs control vs mouse het vs WT","GO_BP","GO:1901739","regulation of myoblast fusion","either",0.05,"shared positive",0.88690163674754,0.88690163674754,1.17548489228221,2.06238652902975,0.603514461706355,0.00190394897568952,"57808/76808/12508/22121/114641/67248/12633/100503670/270106/22186/19951/269261/13660/20005/19981/19989/66480/66489/19933/110954/19982/26416/19988/67115/67891","19946/26961/54217/20315/67945/268449/319195/76808/19896/270106/27176/56040/67115/269261/67281/19981/67891/11837/68436/12508/19944/66489/259300/19982/22121/19943/19951/16189/100503670/67025/66480/19942/20307/19988/114641/193385/12633/20005/110954/19989","GO:1901739","GO:1901739","GO:1901739","regulation of myoblast fusion","regulation of myoblast fusion","regulation of myoblast fusion",-0.861628132394459,0.868260931088156,2.72034469454052,-0.0613497403737981,0.21931231866685,TRUE,FALSE,FALSE,"65019/19921/67671/19946/26961/193385/259300/67220/20315/20307",-2.03711302467667,0.88690163674754,-2.92401466142421,2.03711302467667,0.88690163674754,2.92401466142421,"KO opposite"
"mouse KD vs control vs mouse het vs WT","GO_BP","GO:0060339","negative regulation of type I interferon-mediated signaling pathway","either",0.05,"shared positive",0.88453527967337,0.88453527967337,1.00887816152775,1.89341344120112,0.749247976984777,0.0404566387469507,"18983/229096/434341/23961/66520/26987/24110/17381/246727/20847/56417/213541/68350/246730/114643/227331","24110/246730/100038882/23960/246727/20847/23961/26987/434341/56045/114643","GO:0060339","GO:0060339","GO:0060339","negative regulation of type I interferon-mediated signaling pathway","negative regulation of type I interferon-mediated signaling pathway","negative regulation of type I interferon-mediated signaling pathway",1.32453738589986,0.398267725930984,1.39301020249183,0.399824885702111,0.125374421002317,TRUE,FALSE,FALSE,"114643/23961/18983/56045/246727/246730/24110/56417/100038882/20847/227331/66520",0.31565922437211,0.88453527967337,-0.56887605530126,0.31565922437211,0.88453527967337,0.56887605530126,"all positive"
"mouse KD vs control vs mouse het vs WT","GO_BP","GO:0034242","negative regulation of syncytium formation by plasma membrane fusion","either",0.05,"shared positive",0.87414146472023,0.87414146472023,1.30835202266753,2.18249348738776,0.518123782885264,0.00049888654150234,"57808/76808/22121/114641/67248/12633/100503670/270106/22186/19951/269261/20005/19981/19989/66480/66489/19933/110954/19982/19988/67115/67891","20846/19946/26961/54217/67945/268449/319195/76808/19896/270106/27176/56040/67115/269261/67281/19981/67891/11837/68436/19944/66489/19982/22121/19943/19951/100503670/67025/66480/19942/19988/114641/12633/20005/110954/19989/18022/67248","GO:0034242","GO:0034242","GO:0034242","negative regulation of syncytium formation by plasma membrane fusion","negative regulation of syncytium formation by plasma membrane fusion","negative regulation of syncytium formation by plasma membrane fusion",1.04891642597407,0.661501252483372,3.30199821189587,0.179469329184565,0.285566472297371,TRUE,FALSE,FALSE,"269261/270106/66489/15945/19951/76808/100503670/66480/20005/22186/27176/114641/319195/19989/54217/67025/57808",-0.25943559669346,0.87414146472023,-1.13357706141369,0.25943559669346,0.87414146472023,1.13357706141369,"all positive"
"mouse KD vs control vs mouse het vs WT","GO_BP","GO:0002832","negative regulation of response to biotic stimulus","either",0.05,"shared positive",0.868656583314705,0.868656583314705,0.875138047267775,1.74379463058248,0.88278872011199,0.0139803094281883,"52118/207521/18983/68278/19294/19211/21672/226691/18712/229096/14190/20085/83945/74841/56213/23825/19043","16859/24110/15944/246730/547253/54396/100038882/16145/23960/246727/93694/64685/19056/80861/20847/226691/22628/20085/23961/56213/22225/66294/21354/268857/26987/22631/19294/434341/76952/68278/26417","GO:0002832","GO:0002832","GO:0002832","negative regulation of response to biotic stimulus","negative regulation of response to biotic stimulus","negative regulation of response to biotic stimulus",1.12384345770365,0.528225103191675,1.85448321618207,0.277180963374148,0.0541432246997985,TRUE,FALSE,FALSE,"14190/100043314/18712/19294/68278/19211/52118/60533/114643/23961/67526/20821/18983/226691/76952/64685/19043/56045/74841/246727/16859/21672/224647/56213/93694/21929/213211/16396/21354/547253/246730",0.248705410435875,0.868656583314705,-0.61995117287883,0.248705410435875,0.868656583314705,0.61995117287883,"all positive"
"mouse KD vs control vs mouse het vs WT","GO_BP","GO:0051310","metaphase chromosome alignment","either",0.05,"shared negative",-0.852521793486152,0.852521793486152,-0.862501142533948,-1.7150229360201,0.880623733980953,0.011800762110898,"22137/381293/16211/73139/270058/69737/17120/219114/101706/56742/67177/17350/26934/66140/11799/67052/108911/67629/67139/70385/54141/56208/20877/208092","13424/67139/381293/101706/67177/101994/66371/18221/68942/66977/26951/26934/54204/12237/218914/228421/66934/219114/52696/100502766/14579/54141/268697/13605/229841/110033/12534/16580/66140/11799/11789/70385/18005/381318/52276/16319/108000","GO:0051310","GO:0051310","GO:0051310","metaphase chromosome alignment","metaphase chromosome alignment","metaphase chromosome alignment",-0.613087167639998,1,-1.92808994439983,0,-0.0552096139048154,TRUE,FALSE,FALSE,"12237/66140/22137/67037/108911/56742/54141/67139/217449/26934/73139/17120/56208/67629/11799/70385/208092",0.24941397489395,-0.852521793486152,1.1019357683801,0.24941397489395,0.852521793486152,1.1019357683801,"all negative"
"mouse KD vs control vs mouse het vs WT","GO_BP","GO:0016032","viral process","either",0.05,"shared positive",0.85112077916165,0.85112077916165,1.03236096225853,1.88348174142018,0.724343664455917,5.95263526004744e-05,"52118/67778/68942/76687/18983/107373/67846/80750/226026/19294/13194/93679/110355/18550/76308/13830/16337/57444/78610/229663/226691/68995/107305/19358/208884/20479/84505/116733/12043/23825/73711/109333/12914/17254/13669/66700/58998/15587/16410/22278/20516/15516/18145/18245/270096/22088/19775/319236/13858/12215/14265/15364/19349/23947/234852/23961/77040/30960/230738/229906/227738","23962/66141/246730/100038882/20128/15957/20587/20568/69550/209387/229900/246728/71586/20684/18828/19358/23960/246727/19288/22088/18186/22059/20846/67778/52009/17999/22359/27979/21974/15364/80287/80876/26362/226691/319236/213002/17254/19106/78781/17858/76681/13194/11987/217069/23961/18643/13858/20516/233979/52513/16971/208092/56491/268373/30960/16865/58185/16543/66700/68713","GO:0016032","GO:0016032","GO:0016032","viral process","viral process","viral process",1.05133172211922,0.65616556868857,4.22529072746028,0.182986562308518,0.140055334127348,TRUE,FALSE,FALSE,"13830/80750/270096/226026/19294/71586/107373/231655/52118/18145/73711/12043/78610/76687/16337/19106/246728/110355/319236/114643/23961/93679/20684/80743/67526/107305/20479/76308/20821/18983/78781/226691/252972/13669/74735/16410/15957/94088/26401/20823/18550/246727/17858/67231/58185/230738/98999/269523/67778/72949/76681/13194/98910/19358/72179/246730/228545/19775/23962/66371/76959/15516/20128/17254/18711",0.0189707598606901,0.85112077916165,-0.83215001930096,0.0189707598606901,0.85112077916165,0.83215001930096,"all positive"
"mouse KD vs control vs mouse het vs WT","GO_BP","GO:0044786","cell cycle DNA replication","either",0.05,"shared negative",-0.81815522930304,0.81815522930304,-1.01015553330365,-1.82831076260669,0.75243199510395,0.039109402682032,"17216/16881/19361/69270/67177/17215/21877/170472/14182/237877","57441/327762/75826/22589/108961/67177/13134/12566/18968/12545/12534/237877/52679/17217/17215/19704","GO:0044786","GO:0044786","GO:0044786","cell cycle DNA replication","cell cycle DNA replication","cell cycle DNA replication",-0.760430539919474,0.939911637611751,-1.40771881697751,-0.0269129731039451,-0.123532745549012,TRUE,FALSE,FALSE,"18968/17216/12544/56371/17215/16881/17220/14182/170472/237877/21877",0.249724993384176,-0.81815522930304,1.06788022268722,0.249724993384176,0.81815522930304,1.06788022268722,"all negative"
"mouse KD vs control vs mouse het vs WT","GO_BP","GO:0003341","cilium movement","either",0.05,"shared negative",-0.81232386479064,0.81232386479064,-0.7096678897636,-1.52199175455424,0.991752672744944,0.0381664965085761,"233899/232286/17295/71233/243538/207607/102774/69697/75472/242253/229658/72873/13424/66573/27356/69297/252967/71276/67119/68708/68097/75216/233865/68121/232943/22210/16330/97086/70918/320244/22142/18830/104111/432611/327951/319953/235330/110012/16568/12009","101100/72349/109065/233865/269701/78801/381229/70997/319953/17427/271564/114602/74895/14894/74288/102774/73721/68097/15502/68339/192195/24084/19726/26941/53883/77505/56087/71276/100048534/20322","GO:0003341","GO:0003341","GO:0003341","cilium movement","cilium movement","cilium movement",1.21859753061393,0.374464844155694,-1.41831770425907,0.426588948874709,-0.00359662044109029,TRUE,FALSE,FALSE,"69260/68339/271564/59030/20322/19726/207686/211482/14894/227736/101100/226162/75051/213402/51938/22335/546143/74895/52028/67378/93730/71177/110350/72349/75533/320869/70997/237465",1.92826542037753,-0.81232386479064,2.74058928516817,1.92826542037753,0.81232386479064,2.74058928516817,"mixed or incomplete"
"mouse KD vs control vs mouse het vs WT","GO_BP","GO:1901740","negative regulation of myoblast fusion","either",0.05,"shared positive",0.7876647207785,0.7876647207785,1.3599468749372,2.1476115957157,0.526534610237875,0.00051046150224012,"57808/76808/22121/114641/67248/12633/100503670/270106/22186/19951/269261/20005/19981/19989/66480/66489/19933/110954/19982/19988/67115/67891","19946/26961/54217/67945/268449/319195/76808/19896/270106/27176/56040/67115/269261/67281/19981/67891/11837/68436/19944/66489/19982/22121/19943/19951/100503670/67025/66480/19942/19988/114641/12633/20005/110954/19989","GO:1901740","GO:1901740","GO:1901740","negative regulation of myoblast fusion","negative regulation of myoblast fusion","negative regulation of myoblast fusion",1.06588557236188,0.666110719096799,3.29203700577126,0.176453577592001,0.278573076441829,TRUE,FALSE,FALSE,"269261/270106/66489/15945/19951/76808/100503670/66480/20005/22186/27176/114641/319195/19989/54217/67025/57808",-0.29406130257532,0.7876647207785,-1.08172602335382,0.29406130257532,0.7876647207785,1.08172602335382,"all positive"
"mouse KD vs control vs mouse het vs WT","GO_BP","GO:0050000","chromosome localization","either",0.05,"shared negative",-0.785864985109986,0.785864985109986,-0.945660548257674,-1.73152553336766,0.811122683368763,0.0133603204157991,"22137/381293/16211/73139/270058/16905/69737/66713/17120/219114/22210/101706/56742/67177/17350/26934/66140/11799/67052/108911/67629/83431/67139/11920/70385/54141/56208/20877/208092","13424/269966/67139/381293/101706/67177/101994/66371/18221/68942/66977/26951/26934/54204/83431/12237/218914/228421/66934/219114/52696/16905/100502766/77053/14579/54141/268697/13605/229841/110033/21749/12534/16580/320678/66140/11799/11789/70385/18005/381318/52276/16319/108000","GO:0050000","GO:0050000","GO:0050000","chromosome localization","chromosome localization","chromosome localization",-0.660243524397764,1,-1.87418312620592,0,-0.0909134532111827,TRUE,FALSE,FALSE,"83431/66713/12237/11920/66140/22137/67037/108911/16905/56742/54141/67139/217449/26934/73139/17120/56208/67629/11799/70385/208092",0.28541702385991,-0.785864985109986,1.0712820089699,0.28541702385991,0.785864985109986,1.0712820089699,"all negative"
"mouse KD vs control vs mouse het vs WT","GO_BP","GO:0046330","positive regulation of JNK cascade","either",0.05,"shared negative",-0.77973127175436,0.77973127175436,-1.08427555677158,-1.86400682852594,0.68957410534691,0.00631146143430443,"13866/22032/23882/27206/22422/192656/13838/381812/22418/245527/216965/50932/13132/215653/224014/19099/26365/13543","332579/52065/52521/22026/14219/26403/269881/13614/12928/11596/22034/211323/59009/26412/15258/68339/381921/19246/26390/330177/30957/18816/19099/26401/17873/23882","GO:0046330","GO:0046330","GO:0046330","positive regulation of JNK cascade","positive regulation of JNK cascade","positive regulation of JNK cascade",1.09169341646334,0.583358869073155,-2.19987006716378,0.234064194967939,-0.161419055356337,TRUE,FALSE,FALSE,"14063/17948/17952/21987/330938/21934/68339/52065/59009/26403/68235",2.17596897323492,-0.77973127175436,2.95570024498928,2.17596897323492,0.77973127175436,2.95570024498928,"mixed or incomplete"
"mouse KD vs control vs mouse het vs WT","GO_BP","GO:0031640","killing of cells of another organism","either",0.05,"shared positive",0.77170487627273,0.77170487627273,1.12735423372273,1.89905910999546,0.652426077662985,0.0259917744363202,"14063/14825/17174/18712/14190/20085/319190","55932/54396/12266/229900/50908/16145/14469/50909/15331/19946/20085/20315/14468/17874/14433/18081","GO:0031640","GO:0031640","GO:0031640","killing of cells of another organism","killing of cells of another organism","killing of cells of another organism",1.45448750176693,0.272456686103869,1.58516407057222,0.564702530015749,0.185468688406144,TRUE,FALSE,FALSE,"14063/14190/18712/14825/18158/20300/15945/12125",0.3271332680442,0.77170487627273,-0.44457160822853,0.3271332680442,0.77170487627273,0.44457160822853,"all positive"
"mouse KD vs control vs mouse het vs WT","GO_BP","GO:0141061","disruption of cell in another organism","either",0.05,"shared positive",0.77170487627273,0.77170487627273,1.12735423372273,1.89905910999546,0.652426077662985,0.0259917744363202,"14063/14825/17174/18712/14190/20085/319190","55932/54396/12266/229900/50908/16145/14469/50909/15331/19946/20085/20315/14468/17874/14433/18081","GO:0141061","GO:0141061","GO:0141061","disruption of cell in another organism","disruption of cell in another organism","disruption of cell in another organism",1.45448750176693,0.272456686103869,1.58516407057222,0.564702530015749,0.185468688406144,TRUE,FALSE,FALSE,"14063/14190/18712/14825/18158/20300/15945/12125",0.3271332680442,0.77170487627273,-0.44457160822853,0.3271332680442,0.77170487627273,0.44457160822853,"all positive"
"mouse KD vs control vs mouse het vs WT","GO_BP","GO:0007520","myoblast fusion","either",0.05,"shared positive",0.75769656959378,0.75769656959378,1.07975060824336,1.83744717783714,0.681623601010882,0.00906804305939055,"18007/57808/16412/76808/12508/22121/12527/114641/18741/67248/12633/100503670/270106/22186/19951/56637/269261/13660/20005/19981/19989/66480/66489/19933/110954/19982/26416/19988/67115/67891","68813/57810/19946/26961/54217/20315/67945/268449/319195/76808/19896/270106/27176/56040/67115/269261/13549/67281/19981/23794/67891/11837/68436/330662/12508/19944/66489/259300/19982/22121/19943/19951/16189/100503670/67025/66480/19942/56637/20307/19988/114641/193385/12633/20005","GO:0007520","GO:0007520","GO:0007520","myoblast fusion","myoblast fusion","myoblast fusion",-1.09321244903574,0.627110845258363,2.04248642630343,-0.202655688468576,0.166455380666028,TRUE,FALSE,FALSE,"65019/19921/67671/100534273/19946/17886/26961/18209/193385/12520/259300/67220/330662/20315/20307/19221",-2.1729630572791,0.75769656959378,-2.93065962687288,2.1729630572791,0.75769656959378,2.93065962687288,"KO opposite"
"mouse KD vs control vs mouse het vs WT","GO_BP","GO:0140014","mitotic nuclear division","either",0.05,"shared negative",-0.72472883056076,0.72472883056076,-1.09607175777842,-1.82080058833918,0.636510040400422,2.63406057066442e-05,"22137/18140/381293/18023/66515/16211/68053/229776/76044/12537/68298/108907/232933/17120/66591/70799/219114/19428/18591/14841/101706/20698/56742/67177/21803/26934/66140/11799/71175/67811/214444/14183/67052/19357/67629/83431/12704/67139/12223/66156/105837/18032/66214/11920/216810/70385/208628/70218/54141/105988/56208/20877/66176/52683/78309/68501/13494/208092/103733/223921/67300/18596/15511","13006/103768/21802/99412/50850/67139/218294/381293/214444/101706/67177/101994/76044/74201/72549/66371/18221/52683/68942/71819/58994/66977/12537/232933/26951/26934/18591/16569/106042/66591/74335/14211/107995/83431/12390/76499/12237/218914/12704/24010/228421/14184/16571/70012/215387/219114/52696/83946/13614/22629/100502766/16973/105988/54141/328440/12235/17345/268697/16551/108912/229841/110033/22385/20399/108907/12534/67655/16580/72119/66140/11799/11789/193740/67300/70385/18005/229776/70218/381318/70466/52276/16319/68501/12159/12236/233406/20878/78906/15511","GO:0140014","GO:0140014","GO:0140014","mitotic nuclear division","mitotic nuclear division","mitotic nuclear division",-0.696813898048678,1,-4.57937424258499,0,-0.196194741333016,TRUE,FALSE,FALSE,"18591/83431/78267/12237/70218/11920/12649/66140/18023/20399/22137/71175/98733/106042/57028/17295/56742/67300/54141/67139/208628/26934/105988/17120/56208/68501/66176/67629/103733/193385/105837/66156/67811/19357/13494/11799/70385/12223/66214/208092/52683/223921/18596",0.399257859729742,-0.72472883056076,1.1239866902905,0.399257859729742,0.72472883056076,1.1239866902905,"all negative"
"mouse KD vs control vs mouse het vs WT","GO_BP","GO:0000768","syncytium formation by plasma membrane fusion","either",0.05,"shared positive",0.72097434992747,0.72097434992747,1.0264892992946,1.74746364922207,0.727162546505424,0.0120090925049019,"18007/57808/16412/76808/12508/22121/12527/11502/114641/18741/67248/12633/100503670/270106/22186/19951/56637/12505/269261/13660/20005/19981/19989/66480/66489/19933/110954/19982/26416/19988/67115/67891","52163/20846/68813/57810/19946/26961/54217/20315/67945/268449/319195/76808/19896/270106/27176/56040/67115/269261/13549/67281/19981/23794/67891/11837/68436/330662/12508/19944/20586/66489/259300/19982/22121/19943/19951/16189/100503670/67025/66480/19942/56637/20307/19988/102791/114641/193385/12633/20005/110954/19989/11502/18022","GO:0000768","GO:0000768","GO:0000768","syncytium formation by plasma membrane fusion","syncytium formation by plasma membrane fusion","syncytium formation by plasma membrane fusion",-1.10109401407381,0.629815639050692,1.9204898098331,-0.200786559531341,0.138368498137179,TRUE,FALSE,FALSE,"65019/19921/67671/100534273/19946/17886/26961/18209/193385/83433/12520/259300/67220/330662/20315/235505/20307/19221",-2.12758331336841,0.72097434992747,-2.84855766329588,2.12758331336841,0.72097434992747,2.84855766329588,"KO opposite"
"mouse KD vs control vs mouse het vs WT","GO_BP","GO:0140253","cell-cell fusion","either",0.05,"shared positive",0.72097434992747,0.72097434992747,1.0264892992946,1.74746364922207,0.727162546505424,0.0120090925049019,"18007/57808/16412/76808/12508/22121/12527/11502/114641/18741/67248/12633/100503670/270106/22186/19951/56637/12505/269261/13660/20005/19981/19989/66480/66489/19933/110954/19982/26416/19988/67115/67891","52163/20846/68813/57810/19946/26961/54217/20315/67945/268449/319195/76808/19896/270106/27176/56040/67115/269261/13549/67281/19981/23794/67891/11837/68436/330662/12508/19944/20586/66489/259300/19982/22121/19943/19951/16189/100503670/67025/66480/19942/56637/20307/19988/102791/114641/193385/12633/20005/110954/19989/11502/18022","GO:0140253","GO:0140253","GO:0140253","cell-cell fusion","cell-cell fusion","cell-cell fusion",-1.10109401407381,0.629815639050692,1.9204898098331,-0.200786559531341,0.138368498137179,TRUE,FALSE,FALSE,"65019/19921/67671/100534273/19946/17886/26961/18209/193385/83433/12520/259300/67220/330662/20315/235505/20307/19221",-2.12758331336841,0.72097434992747,-2.84855766329588,2.12758331336841,0.72097434992747,2.84855766329588,"KO opposite"
"mouse KD vs control vs mouse het vs WT","GO_BP","GO:0009636","response to toxic substance","either",0.05,"shared positive",0.71181312540968,0.71181312540968,1.04840771761265,1.76022084302233,0.696641274238227,0.00324312320528057,"19225/20657/12554/12892/22785/14873/14782/69227/13614/75605/14651/18227/21672/20655/214084/18712/26413/16819/19224/114584/69675/17250/12460/12846/12043/11757/15567/54683/17246/20845/18671/15439/68214","26570/12870/23876/12833/14873/14799/11864/14782/12799/17750/230784/14874/17250/20509/330260/19224/19225/211666/68943/19106/14870/11898/22785/12554/76983/15439/22166/11532/21743/64704/76650/232223/54683/16819/69675/68312/50493/17025/20657/53381/14088/28253/75605/19765/269823/14768/18754/11690/625249/109801/18024/14869/17755/26417/18104/12028/18669/11911/69634/110198/13078/18477/11758/14281/18671/15251/12892/104184/213350/21672/14775/57320/75894/20269/18230/226422","GO:0009636","GO:0009636","GO:0009636","response to toxic substance","response to toxic substance","response to toxic substance",-0.981589085305402,0.76686800495633,2.48903655229616,-0.115279381360343,0.15699079826296,TRUE,FALSE,FALSE,"17252/11977/14874/11655/50500/93684/14281/20364/11690/13435/14102/56615/104184/14866/14528/330260/23876/12799/211666/26417/67305/20266/18104/18619/269823/67547/114886/11864/68312/11669/12833/11622/11898/13617/14799",-2.02999680291805,0.71181312540968,-2.74180992832773,2.02999680291805,0.71181312540968,2.74180992832773,"KO opposite"
"mouse KD vs control vs mouse het vs WT","GO_BP","GO:0032465","regulation of cytokinesis","either",0.05,"shared negative",-0.70427037999036,0.70427037999036,-1.02425093818931,-1.72852131817967,0.743145336780932,0.0337797077662345,"12211/57028/211978/381293/72008/73139/229776/225326/66196/216963/75669/26934/11799/54138/215445/67811/12704/56208/20877/23834/53413/225115/67455","50850/108961/211660/218294/381293/109333/66371/83770/268451/71819/235626/232341/16553/26934/16569/12704/227937/23834/101565/216963/102774/13605/78610/19348/240641/11799/211978/229776/52276/16319/52679/233406/20878","GO:0032465","GO:0032465","GO:0032465","regulation of cytokinesis","regulation of cytokinesis","regulation of cytokinesis",-0.995303202947139,0.754120897497234,-1.47134411190121,-0.122559024280094,-0.128926243050336,TRUE,FALSE,FALSE,"26934/73139/56208/23834/12315/54138/67811/53413/11799/225115/67455",0.0289477352421709,-0.70427037999036,0.733218115232531,0.0289477352421709,0.70427037999036,0.733218115232531,"all negative"
"mouse KD vs control vs mouse het vs WT","GO_BP","GO:0032609","type II interferon production","either",0.05,"shared positive",0.66592013697283,0.66592013697283,1.10870459272468,1.77462472969751,0.65980764929546,0.0338834489875552,"14063/14367/12475/18578/54698/18176/21898/19122/214855/20539/16452/15975/66155/11352/16423/22761/223601","16859/15944/20539/100038882/214855/16423/17082/16177/142980/26362/238871/12394/18578/15461/11820/14082/18176/21898/12611/15510/223601/60533/11350/15975/66155/12479","GO:0032609","GO:0032609","GO:0032609","type II interferon production","type II interferon production","type II interferon production",-0.969127624188996,0.76686800495633,1.4700123893677,-0.115279381360343,0.180582653889869,TRUE,FALSE,FALSE,"12051/66663/238871/11820/16177/12261/77777/16161/14462/192656/102657/16392/105782/22418/19261/56532",-2.07783221691368,0.66592013697283,-2.74375235388651,2.07783221691368,0.66592013697283,2.74375235388651,"KO opposite"
"mouse KD vs control vs mouse het vs WT","GO_BP","GO:0032649","regulation of type II interferon production","either",0.05,"shared positive",0.66592013697283,0.66592013697283,1.10870459272468,1.77462472969751,0.65980764929546,0.0338834489875552,"14063/14367/12475/18578/54698/18176/21898/19122/214855/20539/16452/15975/66155/11352/16423/22761/223601","16859/15944/20539/100038882/214855/16423/17082/16177/142980/26362/238871/12394/18578/15461/11820/14082/18176/21898/12611/15510/223601/60533/11350/15975/66155/12479","GO:0032649","GO:0032649","GO:0032649","regulation of type II interferon production","regulation of type II interferon production","regulation of type II interferon production",-0.969127624188996,0.76686800495633,1.4700123893677,-0.115279381360343,0.180582653889869,TRUE,FALSE,FALSE,"12051/66663/238871/11820/16177/12261/77777/16161/14462/192656/102657/16392/105782/22418/19261/56532",-2.07783221691368,0.66592013697283,-2.74375235388651,2.07783221691368,0.66592013697283,2.74375235388651,"KO opposite"
"mouse KD vs control vs mouse het vs WT","GO_BP","GO:0051225","spindle assembly","either",0.05,"shared negative",-0.65169209531123,0.65169209531123,-1.0292835783244,-1.68097567363563,0.724343664455917,0.0142577946477134,"209737/107995/18817/193385/13424/212307/70681/12316/100502766/231123/74237/66468/18140/225745/16211/73139/232933/68767/70799/219114/101706/73738/104318/17350/26934/66140/11799/223593/67811/67052/54141/20877/66176/223499/13494/20185/208092/223921/328580/67300/15511","74201/66371/68942/71819/76478/232933/26934/16569/106042/54204/76123/107995/76499/218914/12316/16571/72776/219114/20460/100502766/54141/212307/16551/229841/16580/68767/72119/66140/11799/193740/67300/18005/70466/52276/100732/68183/16319/233406/20878/78906/15511","GO:0051225","GO:0051225","GO:0051225","spindle assembly","spindle assembly","spindle assembly",-0.788371128727106,0.971144973439409,-1.84594764463826,-0.012715933361745,-0.140055334127348,TRUE,FALSE,FALSE,"67300/54141/73738/26934/73139/104318/66176/193385/20185/223499/67811/74237/13494/11799/328580/208092/223921",0.240912449597294,-0.65169209531123,0.892604544908524,0.240912449597294,0.65169209531123,0.892604544908524,"all negative"
"mouse KD vs control vs mouse het vs WT","GO_BP","GO:0090307","mitotic spindle assembly","either",0.05,"shared negative",-0.64693242323777,0.64693242323777,-1.00107394143478,-1.64800636467255,0.753575966895833,0.0495801449313759,"20877/66176/13494/208092/223921/67300/15511","74201/66371/68942/71819/232933/26934/16569/106042/107995/76499/16571/100502766/16551/16580/72119/11799/193740/67300/18005/70466/52276/16319/233406/78906/15511","GO:0090307","GO:0090307","GO:0090307","mitotic spindle assembly","mitotic spindle assembly","mitotic spindle assembly",-0.717007529706421,0.988863627298472,-1.30469220804813,-0.00486359717475843,-0.12287296054819,TRUE,FALSE,FALSE,"67300/26934/66176/193385/67811/13494/11799/208092/223921",0.284066411728359,-0.64693242323777,0.930998834966129,0.284066411728359,0.64693242323777,0.930998834966129,"all negative"
"mouse KD vs control vs mouse het vs WT","GO_BP","GO:0140241","translation at synapse","either",0.05,"shared positive",0.63991414328652,0.63991414328652,1.52667966458925,2.16659380787577,0.323643738869324,0.000550787776568407,"57808/20042/20088/57294/22121/20103/100503670/270106/22186/19951/269261/20005/19981/19989/66480/54127/19934/267019/66489/110954/19982/19988/67115/67891","27207/27370/13629/26961/20103/54217/19934/268449/319195/19896/270106/27176/67115/269261/67281/19981/67891/68436/19944/66489/19982/67097/22121/19943/19951/100503670/66480/19942/19988/54127/20005/57294/78294/110954/19989","GO:0140241","GO:0140241","GO:0140241","translation at synapse","translation at synapse","translation at synapse",1.12899290271618,0.574800967554613,3.2590157064467,0.240482509495231,0.489932790317007,TRUE,FALSE,FALSE,"269261/270106/66489/20088/19951/100503670/20044/66480/20005/22186/20042/27176/67097/319195/19989/54217/57808/267019/54127",-0.39768676187307,0.63991414328652,-1.03760090515959,0.39768676187307,0.63991414328652,1.03760090515959,"all positive"
"mouse KD vs control vs mouse het vs WT","GO_BP","GO:0140242","translation at postsynapse","either",0.05,"shared positive",0.63991414328652,0.63991414328652,1.52667966458925,2.16659380787577,0.323643738869324,0.000550787776568407,"57808/20042/20088/57294/22121/20103/100503670/270106/22186/19951/269261/20005/19981/19989/66480/54127/19934/267019/66489/110954/19982/19988/67115/67891","27207/27370/13629/26961/20103/54217/19934/268449/319195/19896/270106/27176/67115/269261/67281/19981/67891/68436/19944/66489/19982/67097/22121/19943/19951/100503670/66480/19942/19988/54127/20005/57294/78294/110954/19989","GO:0140242","GO:0140242","GO:0140242","translation at postsynapse","translation at postsynapse","translation at postsynapse",1.12899290271618,0.574800967554613,3.2590157064467,0.240482509495231,0.489932790317007,TRUE,FALSE,FALSE,"269261/270106/66489/20088/19951/100503670/20044/66480/20005/22186/20042/27176/67097/319195/19989/54217/57808/267019/54127",-0.39768676187307,0.63991414328652,-1.03760090515959,0.39768676187307,0.63991414328652,1.03760090515959,"all positive"
"mouse KD vs control vs mouse het vs WT","GO_BP","GO:0062197","cellular response to chemical stress","either",0.05,"shared positive",0.62422300710438,0.62422300710438,1.02900668406153,1.65322969116591,0.711048070309515,0.00109736664179797,"19225/20657/19272/108737/16174/20708/12876/11677/71785/14782/13614/100604/18706/279561/18484/12631/12062/20779/29819/12333/211329/229731/108655/56426/12159/18227/21672/19697/12752/14360/16193/20655/93692/13605/16819/19305/17392/26419/14297/12283/12460/20525/26400/11757/54683/234371/17246/20541/11352/19365/27050/56349","26570/74155/23876/66725/68015/26903/53618/14381/15234/22059/16600/14782/20525/18764/76251/21974/230784/27050/67452/14158/12333/19225/14694/12257/26362/12176/11651/68943/22596/18779/16174/20852/74142/217069/17392/16952/26408/71701/76454/107589/74370/18484/108737/56473/11792/22166/14375/18214/74777/15499/64704/50721/50868/76650/104156/268373/54683/16819/20657/27419/18595/26398/69568/14088/26420/93686/20909/269254/226090/12283/269356/18081/625249/16598/18024/11865/11666/170719/18294/18104/11826/56716/108655/18706/20779/11911/26419/29819/11350/68992/56384/227743/13078/18477/59041/211651/14281/229731/26400/67689/56717/15251/71785","GO:0062197","GO:0062197","GO:0062197","cellular response to chemical stress","cellular response to chemical stress","cellular response to chemical stress",-1.05907653397845,0.625581921478412,2.95964824580138,-0.203715810324828,0.14810103785748,TRUE,FALSE,FALSE,"231549/29819/52463/23939/68031/19017/26398/11920/18764/268373/50880/12850/68992/11911/74347/19698/11977/18174/14381/19060/12389/30951/19156/101476/14281/26420/11666/17295/22596/14102/56615/68015/22658/14528/67689/11826/12578/328572/56208/23876/65106/18810/53416/22433/74777/56438/67305/16600/93692/15234/211651/15499/26408/18104/16952/105787/93686/104156/74370/12257/18779/18619/66725/11865/12192/110876/114886/18214/14375/17309/18596/19261/13617/56532",-2.08808321803998,0.62422300710438,-2.71230622514436,2.08808321803998,0.62422300710438,2.71230622514436,"KO opposite"
"mouse KD vs control vs mouse het vs WT","GO_BP","GO:0000070","mitotic sister chromatid segregation","either",0.05,"shared negative",-0.62214176194242,0.62214176194242,-1.18190047704554,-1.80404223898796,0.576168678041337,0.000506908376325918,"68298/108907/232933/17120/66591/70799/219114/19428/14841/101706/56742/67177/26934/66140/11799/71175/67811/214444/67052/19357/67629/12704/67139/66156/11920/70385/208628/70218/54141/105988/56208/20877/66176/52683/68501/13494/208092/103733/223921/67300/15511","73420/68953/70099/93762/13006/103768/99412/67139/381293/214444/101706/67177/101994/76044/74201/66371/18221/52683/68942/71819/66977/232933/26951/26934/16569/106042/66591/74335/14211/107995/76499/12237/218914/12704/24010/228421/16571/215387/219114/52696/100502766/105988/54141/12235/268697/16551/229841/110033/22385/108907/12534/16580/72119/66140/11799/11789/193740/67300/70385/18005/70218/381318/70466/52276/16319/68501/12236/233406/78906/15511","GO:0000070","GO:0000070","GO:0000070","mitotic sister chromatid segregation","mitotic sister chromatid segregation","mitotic sister chromatid segregation",-0.778939761308642,0.991459043350607,-3.295070532288,-0.0037252215637864,-0.239450354739306,TRUE,FALSE,FALSE,"56742/67300/54141/67139/208628/26934/105988/17120/56208/68501/66176/67629/103733/193385/66156/67811/19357/13494/11799/70385/208092/52683/223921",0.402960715736898,-0.62214176194242,1.02510247767932,0.402960715736898,0.62214176194242,1.02510247767932,"all negative"
"mouse KD vs control vs mouse het vs WT","GO_BP","GO:0046328","regulation of JNK cascade","either",0.05,"shared negative",-0.61818909978381,0.61818909978381,-1.16296366665493,-1.78115276643874,0.601353085320682,0.00371343346070912,"13866/22032/23882/56310/27206/12411/22422/192656/18472/13838/381812/22418/245527/26420/216965/50932/17240/20185/13132/215653/224014/19099/26365/19261/13543","332579/52065/22030/72349/52521/22026/14219/14013/26403/98432/269881/81877/13614/17283/12928/11596/22034/59036/211323/59009/26412/15502/15258/68339/381921/19246/26390/65020/330177/30957/63953/18816/19099/18626/26401/17873/23882","GO:0046328","GO:0046328","GO:0046328","regulation of JNK cascade","regulation of JNK cascade","regulation of JNK cascade",1.04747957585651,0.639164348614145,-2.43022435359994,0.194387457148309,-0.220870456483421,TRUE,FALSE,FALSE,"14063/17948/14806/17952/21987/330938/21934/68339/52065/98432/59009/19735/26403/68235/74256/81877/22034/237353",2.21044324251144,-0.61818909978381,2.82863234229525,2.21044324251144,0.61818909978381,2.82863234229525,"mixed or incomplete"
"mouse KD vs control vs mouse het vs WT","GO_BP","GO:0002181","cytoplasmic translation","either",0.05,"shared positive",0.60837270911772,0.60837270911772,1.18727536272523,1.79564807184295,0.506739913760596,0.000760733674532928,"13682/57808/14109/20042/11991/217869/226518/224045/20088/67427/14359/76808/231207/22121/101148/229663/68995/114641/24015/19653/67248/20085/20103/66855/20091/20115/100503670/68098/270106/75617/22186/19951/110616/68028/56637/66475/16898/18746/70047/13669/27050/20102/58988/66481/269261/20090/329384/20005/26905/67204/68441/234734/19981/72162/19989/16785/218693/108155/66480/54127/12785/19934/267019/66489/14265/19933","226518/224045/13685/27207/27979/27050/27370/14694/56726/13629/54709/18148/20091/11651/13681/19106/22628/13494/66855/68028/13495/80280/329384/19946/26961/108155/20085/22258/67427/20103/218343/56736/68441/74370/77006/54217/27367/19934/16898/67945/16865/26987/73830/20226/268449/319195/68092/75452/76808/19896/16341/270106/27176/72162/108067/56040/67115/269261/16785/20102/67281/77987/19981/67891/11837/68436/22084/55944/20090/19944/68052/66489/20116/66085/19982/51810/20104/67097/56717/66508/22121/19943/19951/232187/20084/100503670/14265/98221/75617/67025/76784/68995/70047/66480/217331/19942/53356/229663/56637/19988/20115/114641/76846/54127/213541/192169/69113/231659/20005","GO:0002181","GO:0002181","GO:0002181","cytoplasmic translation","cytoplasmic translation","cytoplasmic translation",0.697788406963689,1,3.11876735889926,0,0.295214886821851,TRUE,FALSE,FALSE,"269261/11991/231207/270106/66489/19653/101148/14109/19106/67204/66481/98221/110616/13682/24015/66405/20088/19951/76808/13669/234734/100503670/66855/78655/70047/11727/73162/208922/52231/20044/16898/217869/66480/14359/20005/22186/20042/67427/100042807/20084/77987/268933/27176/54170/329384/114641/192169/67097/319195/56055/13685/22224/75786/19989/108155/68441/54217/67025/227331/57808/56480/20104/56032/51810/75617/267019/68526/226518/54127/225363",-0.489486955761541,0.60837270911772,-1.09785966487926,0.489486955761541,0.60837270911772,1.09785966487926,"all positive"
"mouse KD vs control vs mouse het vs WT","GO_BP","GO:0141060","disruption of anatomical structure in another organism","either",0.05,"shared positive",0.60560749554658,0.60560749554658,1.21148436813744,1.81709186368402,0.607571236323211,0.0403814104010516,"14063/14825/252870/17174/18712/14190/20085/319190","55932/54396/12266/229900/50908/16145/14469/50909/15331/19946/20085/20315/14468/17874/14433/18081","GO:0141060","GO:0141060","GO:0141060","disruption of anatomical structure in another organism","disruption of anatomical structure in another organism","disruption of anatomical structure in another organism",1.41014511896435,0.277208458454561,1.39381851652916,0.557193522241701,0.216402794720048,TRUE,FALSE,FALSE,"14063/14190/18712/14825/18158/20300/15945/12125",0.19866075082691,0.60560749554658,-0.40694674471967,0.19866075082691,0.60560749554658,0.40694674471967,"all positive"
"mouse KD vs control vs mouse het vs WT","GO_BP","GO:0035457","cellular response to interferon-alpha","either",0.05,"shared positive",0.59504130511749,0.59504130511749,1.28782730654485,1.88286861166234,0.599083963593589,0.0473463655931892,"15958/20822/15975/20845/15951/112419/23961","246730/15951/15957/23960/26362/23961","GO:0035457","GO:0035457","GO:0035457","cellular response to interferon-alpha","cellular response to interferon-alpha","cellular response to interferon-alpha",1.6228312739643,0.249289720987834,1.32471335274101,0.60329562847696,0.22251230554071,TRUE,FALSE,FALSE,"15958/15951/20845/114643/23961/20822/15957/246730",0.33500396741945,0.59504130511749,-0.26003733769804,0.33500396741945,0.59504130511749,0.26003733769804,"all positive"
"mouse KD vs control vs mouse het vs WT","GO_BP","GO:0140236","translation at presynapse","either",0.05,"shared positive",0.57714651842651,0.57714651842651,1.56950131858945,2.14664783701596,0.35421921730565,0.00051046150224012,"57808/20042/20088/57294/22121/20103/100503670/270106/22186/19951/269261/20005/19981/19989/66480/54127/19934/267019/66489/110954/19982/19988/67115/67891","27207/27370/26961/20103/54217/19934/268449/319195/19896/270106/27176/67115/269261/67281/19981/67891/68436/19944/66489/19982/67097/22121/19943/19951/100503670/66480/19942/19988/54127/20005/57294/78294/110954/19989","GO:0140236","GO:0140236","GO:0140236","translation at presynapse","translation at presynapse","translation at presynapse",1.12275990488834,0.591346068287544,3.29203700577126,0.228158286359039,0.450727880911609,TRUE,FALSE,FALSE,"269261/270106/66489/20088/19951/100503670/20044/66480/20005/22186/20042/27176/67097/319195/19989/54217/57808/267019/54127",-0.44674141370111,0.57714651842651,-1.02388793212762,0.44674141370111,0.57714651842651,1.02388793212762,"all positive"
"mouse KD vs control vs mouse het vs WT","GO_BP","GO:0044406","adhesion of symbiont to host","either",0.05,"shared positive",0.57298101277148,0.57298101277148,1.31291927324336,1.88590028601484,0.591142694836852,0.0303425742462488,"19294/208884/15516","55932/236573/229900/14469","GO:0044406","GO:0044406","GO:0044406","adhesion of symbiont to host","adhesion of symbiont to host","adhesion of symbiont to host",0.739578131854373,0.923989891636008,1.51794757669645,0.0343327798953866,0.228307672925789,TRUE,FALSE,FALSE,"19294",-0.573341141388987,0.57298101277148,-1.14632215416047,0.573341141388987,0.57298101277148,1.14632215416047,"all positive"
"mouse KD vs control vs mouse het vs WT","GO_BP","GO:1902850","microtubule cytoskeleton organization involved in mitosis","either",0.05,"shared negative",-0.55876730672059,0.55876730672059,-1.04124862008882,-1.60001592680941,0.729274237824743,0.032053186177092,"101706/18080/21648/56742/13191/26934/11799/67811/214444/233064/67052/18541/70235/83431/18472/67839/70385/26886/20877/66176/13494/208092/103733/223921/68519/67300/320165/15511","14165/13006/103768/13424/99412/50850/214444/101706/74201/66371/18221/68942/320165/71819/66977/235626/232933/26951/26934/16569/106042/76123/107995/83431/76499/16571/72776/20460/100502766/20620/66711/15194/75786/268697/16551/229841/16332/108907/12534/16580/233064/72119/11799/193740/218977/67300/70385/18005/70466/52276/16319/233406/20878/78906/15511","GO:1902850","GO:1902850","GO:1902850","microtubule cytoskeleton organization involved in mitosis","microtubule cytoskeleton organization involved in mitosis","microtubule cytoskeleton organization involved in mitosis",0.669927321804104,1,-1.49412879390325,0,-0.137109127953761,TRUE,FALSE,FALSE,"234915/17865/12795/66442/16765/14165/20479/18763/13006/24063/102124/219103/16319/244329/73420/16551/16569/16412/76789/270058/269523/20460/66371/59002/225898/76959/72080/320234/56150/20843/73847/81601/18005/67064/213582/68953/234094/75786",1.71117594189292,-0.55876730672059,2.26994324861351,1.71117594189292,0.55876730672059,2.26994324861351,"mixed or incomplete"
"mouse KD vs control vs mouse het vs WT","GO_BP","GO:0045637","regulation of myeloid cell differentiation","either",0.05,"shared negative",0.52748108680038,0.52748108680038,-1.69588244958701,-1.16840136278663,0.0490718867667033,0.427431153582606,"14118/16149/223870/18708/18102/21803/97086/93686/18035/17342/14645/12387/14281/12349/12608/17260/12192/18129/15499/20848/20308/170826/19014/72147/223690/20850/16969/14461/223770/20851/74370/16948/19411/107829/19401/320404/18003/217127/21847/18015/70673/215653/21930/18750/19659/16842/26365/217154/15511","53621/320404/22083/14645/54624/16825/66193/233904/20851/17268/100201/50754/18015/15526/75302/217127/226421/12912/21847/14184/26564/229700/223690/19014/23871/22034/14102/17096/57259/83554/18035/11501/16969/11789/11479/193740/14461/16476/22761/21873/170826/217154/14159/15511","GO:0045637","GO:0045637","GO:0045637","regulation of myeloid cell differentiation","regulation of myeloid cell differentiation","regulation of myeloid cell differentiation",-1.5201709936397,0.0790592233435816,-0.369133827197826,-1.10204745636357,-1.30916724349422,FALSE,FALSE,TRUE,"14281/57259/18015/17869/14102/17342/223870/19014/11479/107829/217127/18129/223770/14645/223690/21930/20851/19055/15499/320404/20848/93686/83433/20850/74370/16948/18708/12192/12387/97086/18003/17260/19411/12977/217154/21847/16878/14461/18750/19659/70673/16842/26365",0.17571145594731,0.52748108680038,-0.35176963085307,0.17571145594731,0.52748108680038,0.35176963085307,"all negative"
"mouse KD vs control vs mouse het vs WT","GO_BP","GO:0000302","response to reactive oxygen species","either",0.05,"shared positive",0.51886132426129,0.51886132426129,1.09562989357058,1.61449121783187,0.63602917550286,0.018119436594263,"20657/19272/16174/12955/12876/71785/19252/19053/13614/12631/20779/16649/12333/12368/108655/56426/21672/19697/14360/11502/16193/20655/12795/93692/13605/16819/19305/17392/26419/18124/14297/12460/12043/19275/11757/54683/17246/20541/20845/27050/56349","12842/23876/66725/12833/68015/19275/11815/15234/16600/76251/21974/230784/27050/14158/12333/14694/26362/12176/13629/11651/68943/14870/68020/16174/20852/17392/16952/26408/11792/22166/18214/15499/50721/54683/16819/12955/20657/18595/26398/108954/14088/26420/93686/269254/16598/18024/18294/18104/11826/108655/20779/26419/11350/68992/13078/18477/11758/59041/16881/16818/14281/15251/71785/14360/21672/14775/11839/18596/19252/57320","GO:0000302","GO:0000302","GO:0000302","response to reactive oxygen species","response to reactive oxygen species","response to reactive oxygen species",-0.968533858678085,0.783244826583143,1.7418553104013,-0.106102464998844,0.196522962230073,TRUE,FALSE,FALSE,"19060/30951/19156/101476/14281/26420/17295/68015/22658/15586/14528/11826/12578/328572/56208/23876/75747/16600/93692/15234/15499/26408/18104/16952/105787/93686/66725/22228/114886/18214/12842/12833/18750/18596/19261/13617/56532",-2.06416375224866,0.51886132426129,-2.58302507650995,2.06416375224866,0.51886132426129,2.58302507650995,"KO opposite"
"mouse KD vs control vs mouse het vs WT","GO_BP","GO:0006979","response to oxidative stress","either",0.05,"shared positive",0.51849685347027,0.51849685347027,1.13967828402673,1.658175137497,0.528113291189205,0.000760733674532928,"19225/54720/20657/19272/108737/16174/54338/15925/12955/12876/50527/71785/14782/19252/19053/13614/18484/13870/110355/12631/15112/21898/20779/16649/29819/12333/19122/12368/67116/30940/211329/229731/108655/56426/12159/18227/26395/21672/19697/14360/11502/16193/20655/12795/93692/13605/18033/16819/19224/19305/17392/69675/26419/17250/18124/14297/19167/15369/12460/72774/12846/12043/12488/80795/19275/16452/23825/26442/11757/54683/234371/17246/20541/11352/74287/20845/19365/27050/56349","26570/12842/23876/66725/14118/12833/68015/19275/50527/53618/14381/11815/15234/320183/22059/16600/14782/17387/20856/76251/21974/26444/230784/27050/17250/67452/14158/12333/19224/19225/14694/71712/26362/12176/13629/331374/78771/11651/68943/14870/13870/68020/18779/16174/20852/74142/217069/17392/16952/26408/15926/71701/76454/18484/108737/56473/11792/22166/18214/74777/15499/64704/50721/50868/76650/104156/268373/54683/16819/69675/382985/26395/12955/50493/17025/20657/27419/18595/26398/108954/69568/53381/14629/11820/14088/26420/93686/59047/20909/269254/226090/21898/269356/66628/625249/16598/18024/11865/11666/19164/170719/18294/18104/11826/108655/15925/20779/11911/26419/50883/29819/14630/11350/68992/227743/13078/18477/11758/59041/16881/19167/16818/211651/14281/229731/67689/22427/15251","GO:0006979","GO:0006979","GO:0006979","response to oxidative stress","response to oxidative stress","response to oxidative stress",-1.05253601277759,0.629815639050692,3.11876735889926,-0.200786559531341,0.277272902351512,TRUE,FALSE,FALSE,"268373/16881/50880/12850/68992/11911/74347/12226/11977/18174/14381/66628/19060/30951/382985/19156/101476/14281/71712/26420/11666/17295/22594/56615/12325/68015/11820/22658/15586/14528/67689/11826/26446/19175/12578/328572/56208/23876/65106/22433/74777/75747/56438/67305/16600/93692/15234/211651/15499/26408/18104/16952/320183/66841/105787/93686/104156/18779/18619/66725/11865/11927/17395/22228/114886/18214/78771/223921/12842/12833/18750/12494/70790/17309/18596/19261/13617/56532/13819/331374",-2.19221429680432,0.51849685347027,-2.71071115027459,2.19221429680432,0.51849685347027,2.71071115027459,"KO opposite"
"mouse KD vs control vs mouse het vs WT","GO_BP","GO:0051304","chromosome separation","either",0.05,"shared negative",-0.50406024846172,0.50406024846172,-1.20244870156923,-1.70650895003095,0.5936079025767,0.0293062920454483,"76044/68298/17120/66591/70799/219114/14841/101706/11799/214444/67052/19357/67629/21975/66156/170472/21973/11920/70385/208628/105988/20877/52683/68501","214444/101706/76044/52683/66977/26951/66591/74335/14211/107995/12237/218914/24010/21975/215387/382073/219114/52696/105988/12235/268697/229841/11799/11789/70385/52276/16319/68501/12236","GO:0051304","GO:0051304","GO:0051304","chromosome separation","chromosome separation","chromosome separation",-0.872362956942763,0.878023716790243,-1.53303912683862,-0.0564937529640349,-0.226500326019783,TRUE,FALSE,FALSE,"21973/208628/105988/17120/68501/67629/170472/66156/19357/11799/70385/52683",0.330085744626467,-0.50406024846172,0.834145993088187,0.330085744626467,0.50406024846172,0.834145993088187,"all negative"
"mouse KD vs control vs mouse het vs WT","GO_BP","GO:0044403","biological process involved in symbiotic interaction","either",0.05,"shared positive",0.50292090290426,0.50292090290426,1.18598671020792,1.68890761311218,0.554967666078777,0.0234755033783698,"14063/52118/14825/67778/68942/19294/13194/110355/18550/16337/78610/208884/20479/116733/17254/66700/58998/15587/16410/12015/20516/15516/18145/22088/19775/319236/13858/12215/14265/19349/234852/30960","55932/20128/236573/69550/209387/229900/18828/14469/22088/18186/53413/67778/52009/22359/26362/319236/17254/76681/13194/11987/14268/217069/13858/20516/233979/16971/208092/56491/30960","GO:0044403","GO:0044403","GO:0044403","biological process involved in symbiotic interaction","biological process involved in symbiotic interaction","biological process involved in symbiotic interaction",0.999036130669567,0.721198002436706,1.62938508651214,0.141945484850242,0.2557323193145,TRUE,FALSE,FALSE,"14063/14114/14825/19294/52118/18145/78610/16337/12125/110355/319236/80743/20479/252972/16410/18550/67778/76681/13194/228545/19775/66371/76959/15516/20128/17254/18711/116733",-0.186950579538353,0.50292090290426,-0.689871482442613,0.186950579538353,0.50292090290426,0.689871482442613,"all positive"
"mouse KD vs control vs mouse het vs WT","GO_BP","GO:0007059","chromosome segregation","either",0.05,"shared negative",-0.50059734490014,0.50059734490014,-1.01565590057851,-1.51625324547865,0.745727353859884,0.00471487293894476,"22137/18140/381293/66385/381306/225745/16211/67733/73139/72787/76044/270058/68298/69737/108907/232933/66713/12877/17120/68767/66591/70799/219114/69928/22210/19428/14841/101706/68617/73738/104318/56742/217232/67177/17350/26934/66140/11799/223593/71175/67811/214444/67052/108911/19357/67629/83431/12704/21975/83796/67139/66156/329152/237911/20892/211651/170472/21973/11920/77044/83797/70385/26886/208628/70218/54141/57376/105988/56208/209011/20877/66176/52683/68501/23834/223499/19183/13494/20185/208092/12189/103733/223921/328580/67300/66570/15511","101706/67177/101994/227707/52504/76044/72199/74201/66371/18221/52683/68942/66385/71819/66977/71846/76478/232933/26951/26934/68549/16569/106042/66591/66578/74335/68724/209011/54204/76123/14211/20892/71988/107995/83431/76499/57261/12237/218914/68523/12704/24010/228421/12316/26371/16571/72776/70012/21975/23834/320706/215387/66934/382073/219114/52696/20460/100502766/77053/105988/14579/22196/54141/226026/12235/212307/17345/268697/16551/13605/108912/229841/110033/21749/22385/108907/12534/29861/78610/213389/16580/68767/72119/66140/11799/11789/12189/193740/218977/67300/70385/18005/70218/381318/70466/52276/67166/100732/68183/16319/108000/68501/12236/233406/20878/78906/15511","GO:0007059","GO:0007059","GO:0007059","chromosome segregation","chromosome segregation","chromosome segregation",-0.71242628259865,1,-2.32653000656583,0,-0.127419926357482,TRUE,FALSE,FALSE,"83431/66713/78267/12237/12055/70218/11920/66140/71709/22137/20586/71175/67037/21976/12189/106042/24086/108911/20587/71846/83796/56742/66993/67300/21973/83797/54141/67139/77044/217449/73738/208628/26934/105988/73139/104318/17120/56208/68501/217232/66176/67629/72787/23834/103733/381678/170472/193385/20185/223499/211651/26886/66156/67811/19357/57376/20892/74237/13494/11799/70385/329152/328580/19183/208092/52683/223921/66570",0.30322961797986,-0.50059734490014,0.80382696288,0.30322961797986,0.50059734490014,0.80382696288,"all negative"
"mouse KD vs control vs mouse het vs WT","GO_BP","GO:0007052","mitotic spindle organization","either",0.05,"shared negative",-0.50033638258086,0.50033638258086,-1.16574705804086,-1.66608344062172,0.596373862499876,0.0220585793284091,"101706/18080/56742/13191/26934/11799/67811/233064/67052/18541/70235/26886/20877/66176/13494/208092/103733/223921/68519/67300/320165/15511","13006/103768/13424/99412/50850/101706/74201/66371/18221/68942/320165/71819/66977/232933/26934/16569/106042/76123/107995/76499/16571/72776/20460/100502766/20620/66711/75786/268697/16551/229841/16580/233064/72119/11799/193740/218977/67300/18005/70466/52276/16319/233406/20878/78906/15511","GO:0007052","GO:0007052","GO:0007052","mitotic spindle organization","mitotic spindle organization","mitotic spindle organization",-0.679207705069098,1,-1.65642246151054,0,-0.224481398788495,TRUE,FALSE,FALSE,"71877/56742/18080/67300/26934/66176/103733/193385/26886/67811/13494/11799/208092/223921/68519",0.486539352971762,-0.50033638258086,0.986875735552622,0.486539352971762,0.50033638258086,0.986875735552622,"all negative"
"mouse KD vs control vs mouse het vs WT","GO_BP","GO:0007254","JNK cascade","either",0.05,"shared negative",-0.47590211901349,0.47590211901349,-1.12999182769843,-1.60589394671192,0.607571236323211,0.020072723793574,"53608/71751/13866/22032/23882/56310/27206/12411/22422/192656/18472/13838/381812/70834/22418/245527/26420/216965/50932/56208/26404/17240/20185/13132/215653/224014/19099/26365/19261/13543","332579/52065/22030/70834/72349/52521/22026/14219/26564/14013/26403/98432/269881/81877/13614/17283/12928/11596/22034/59036/211323/59009/26412/15502/15258/68339/381921/19246/26390/65020/330177/30957/16476/63953/18816/19099/18626/26401/17873/23882","GO:0007254","GO:0007254","GO:0007254","JNK cascade","JNK cascade","JNK cascade",0.978777379961248,0.76004684418146,-1.6973936913762,0.119159639900044,-0.216402794720048,TRUE,FALSE,FALSE,"14063/17948/14806/17952/21987/330938/21934/68339/52065/98432/59009/19735/13163/26403/66734/68235/74256/81877/22034/237353",2.10876920765968,-0.47590211901349,2.58467132667317,2.10876920765968,0.47590211901349,2.58467132667317,"mixed or incomplete"
"mouse KD vs control vs mouse het vs WT","GO_BP","GO:0000280","nuclear division","either",0.05,"shared negative",-0.46095003817535,0.46095003817535,-1.08994135059894,-1.55089138877429,0.635434543454345,0.00213058129257243,"22137/18140/381293/18023/66515/16211/68053/12323/73139/72787/229776/76044/234396/12537/68298/108907/232933/66713/12877/17120/68767/66591/19361/70799/219114/69928/22210/19428/18591/14841/101706/20698/56742/19355/67177/17350/21803/26934/66140/19366/11799/223593/71175/67811/214444/14183/67052/104806/19357/114714/67629/83431/12704/22187/67139/12223/66156/15499/54611/237911/22418/20892/60530/105837/211651/18032/66214/21973/11920/216810/70385/208628/70218/54141/105988/56208/209011/20877/66176/52683/268465/78309/68501/223499/19183/13494/208092/54427/103733/19364/223921/67300/18596/15511","93759/19362/71678/50505/73420/68953/70099/93762/26428/67121/13006/103768/21802/99412/50850/67139/218294/381293/214444/101706/67177/101994/230700/227707/76044/74201/72549/66371/18221/52683/68942/71819/58994/66977/23997/12537/71846/232933/26951/26934/68549/74666/18591/16569/106042/66591/74335/209011/71711/54204/14211/20892/107995/83431/12390/76499/12237/52864/218914/12704/24010/228421/14184/12316/16571/60611/70012/215387/57746/219114/52696/66197/83946/13614/17864/22629/100502766/16973/77053/105988/54141/328440/12235/17345/268697/16551/235559/108912/229841/110033/21749/22385/20399/108907/12534/67655/213389/16580/68767/72119/66140/11799/11789/193740/22697/67300/70385/18005/229776/70218/381318/70466/52276/12317/16319/68501/12159/12236/233406/20878/78906/15511","GO:0000280","GO:0000280","GO:0000280","nuclear division","nuclear division","nuclear division",-0.790978005838146,0.996256773672441,-2.67150189059186,-0.00162871276414982,-0.196929179776686,TRUE,FALSE,FALSE,"67300/21973/54141/67139/208628/26934/105988/73139/17120/56208/68501/66176/268465/67629/72787/103733/381678/193385/19355/60530/223499/211651/15499/105837/66156/67811/19357/20892/13494/11799/70385/12223/66214/19183/19364/208092/52683/22418/223921/16878/54611/54427/18596",0.298963344760794,-0.46095003817535,0.759913382936144,0.298963344760794,0.46095003817535,0.759913382936144,"all negative"
"mouse KD vs control vs mouse het vs WT","GO_BP","GO:0005996","monosaccharide metabolic process","either",0.05,"shared positive",0.44967633006292,0.44967633006292,1.09984954962426,1.54952587968718,0.640361786319955,0.0179406133269238,"16592/54338/28146/50527/11677/14873/18563/18648/14718/18706/19045/252870/11910/12952/13194/18655/20779/228026/16337/14595/14571/384783/225913/16193/15275/69181/16332/58801/319801/18166/15277/227358/140858/18597/11674/18746/20411/68214/236900/170768/74246/93759/21991/12912/18639/70974/67800/22278/12015/74155/72674/108155/16828/68734","74551/14119/18641/246730/108682/74155/12041/16010/228026/243853/67800/14118/14635/68401/50527/14873/14381/23960/11815/110208/16009/14751/230784/67863/381694/102093/19895/22601/11651/17158/140484/75578/11674/13194/108155/16828/56745/23961/225913/66294/100198/67389/74777/18113/77590/54128/50721/235339/72141/72157/78653/73744/14629/53893/17160/105651/18597/14433/13808/210973/14534","GO:0005996","GO:0005996","GO:0005996","monosaccharide metabolic process","monosaccharide metabolic process","monosaccharide metabolic process",1.12571157583875,0.467939110639435,1.74616271402629,0.329810654690188,0.193574592564029,TRUE,FALSE,FALSE,"11677/58801/18563/54338/19883/319625/18113/14873/320706/20779/12952/329506/20322/319801/11910/228026/17159/16337/56421/236900/14118/19045/14718/114643/170768/23961/14571/50527/16592/17160/74577/22591/18648/15277/12912/384783/140858/252870/20411/74246/212980/16889/68734/269952/75805/13194/28146/93759/246730/74155/15275/225913/110524/18640/16367",0.02586202621449,0.44967633006292,-0.42381430384843,0.02586202621449,0.44967633006292,0.42381430384843,"all positive"
"mouse KD vs control vs mouse het vs WT","GO_BP","GO:0098869","cellular oxidant detoxification","either",0.05,"shared positive",0.44959121667782,0.44959121667782,1.30617082076776,1.75576203744558,0.513020252372263,0.0473463655931892,"19225/20657/14873/14782/69227/21672/20655/19224/114584/69675/12460/11757/54683/15439/68214","12870/23876/14873/14782/230784/19224/19225/211666/14870/15439/22166/76650/232223/54683/69675/68312/50493/20657/53381/14088/11690/625249/18024/14869/18104","GO:0098869","GO:0098869","GO:0098869","cellular oxidant detoxification","cellular oxidant detoxification","cellular oxidant detoxification",1.28699151351625,0.374464844155694,1.32471335274101,0.426588948874709,0.289865490015068,TRUE,FALSE,FALSE,"20657/19225/19224/64292/14782/14873/54683/22166/12359/11757/21672/12460/140742/70564/18115/60599/76650",-0.0191793072515101,0.44959121667782,-0.46877052392933,0.0191793072515101,0.44959121667782,0.46877052392933,"all positive"
"mouse KD vs control vs mouse het vs WT","GO_BP","GO:0007088","regulation of mitotic nuclear division","either",0.05,"shared negative",-0.37557062766896,0.37557062766896,-1.27582440534993,-1.65139503301889,0.513020252372263,0.0430838744290564,"22680/74335/20399/12649/52563/107995/14184/18817/24010/98733/12236/107047/66468/83946/17345/57028/22137/18023/66515/12537/108907/17120/66591/70799/219114/18591/14841/20698/11799/214444/14183/67052/19357/67629/12223/66156/105837/11920/216810/70385/208628/20877/78309/68501/103733/18596","58994/66977/12537/26951/18591/66591/74335/107995/12390/12237/24010/14184/219114/52696/83946/13614/22629/16973/12235/17345/268697/108912/229841/20399/108907/11799/11789/70385/52276/16319/68501/12159/12236","GO:0007088","GO:0007088","GO:0007088","regulation of mitotic nuclear division","regulation of mitotic nuclear division","regulation of mitotic nuclear division",-0.946840999054318,0.798679019701767,-1.36568524856116,-0.0976277237901725,-0.289865490015068,TRUE,FALSE,FALSE,"18591/12237/11920/12649/18023/20399/22137/98733/57028/17295/208628/17120/68501/67629/103733/105837/66156/19357/11799/70385/12223/18596",0.328983406295612,-0.37557062766896,0.704554033964572,0.328983406295612,0.37557062766896,0.704554033964572,"all negative"
"mouse KD vs control vs mouse het vs WT","GO_BP","GO:0000819","sister chromatid segregation","either",0.05,"shared negative",-0.27848341932577,0.27848341932577,-1.1829974749556,-1.46148089428137,0.547950736927115,0.0404566387469507,"68298/108907/232933/17120/66591/70799/219114/19428/14841/101706/56742/217232/67177/26934/66140/11799/71175/67811/214444/67052/19357/67629/12704/83796/67139/66156/329152/21973/11920/77044/83797/70385/208628/70218/54141/57376/105988/56208/20877/66176/52683/68501/23834/13494/208092/103733/223921/67300/15511","13006/103768/99412/67139/381293/214444/101706/67177/101994/76044/74201/66371/18221/52683/68942/71819/66977/232933/26951/26934/16569/106042/66591/74335/14211/107995/76499/12237/218914/12704/24010/228421/16571/23834/215387/219114/52696/100502766/105988/54141/12235/268697/16551/229841/110033/22385/108907/12534/29861/16580/72119/66140/11799/11789/193740/67300/70385/18005/70218/381318/70466/52276/16319/68501/12236/233406/78906/15511","GO:0000819","GO:0000819","GO:0000819","sister chromatid segregation","sister chromatid segregation","sister chromatid segregation",-0.879343871932201,0.906078177982482,-1.39301020249183,-0.0428343290322088,-0.261258484658738,TRUE,FALSE,FALSE,"12237/12055/70218/11920/66140/22137/20586/71175/106042/20587/83796/56742/66993/67300/21973/83797/54141/67139/77044/208628/26934/105988/17120/56208/68501/217232/66176/67629/23834/103733/193385/66156/67811/19357/57376/13494/11799/70385/329152/208092/52683/223921",0.303653603023399,-0.27848341932577,0.582137022349169,0.303653603023399,0.27848341932577,0.582137022349169,"all negative"
"mouse KD vs control vs mouse het vs WT","GO_BP","GO:0031110","regulation of microtubule polymerization or depolymerization","either",0.05,"shared negative",-0.0461601326465699,0.0461601326465699,-1.57071376379241,-1.61687389643898,0.185078496624603,0.0430838744290564,"219114/216963/101706/56742/13191/72205/66140/214444/17755/14544/68041/108903/20393/216965/20877/16564/13494/76686/78926/17756/23805/14168/15511/17754","75991/50850/328108/214444/101706/13548/56430/230101/54126/140810/76499/70997/12389/18479/219114/75786/216963/212307/68339/72119/66140/99512/11789/193740/16564/70466/100732/20617/14159/15511","GO:0031110","GO:0031110","GO:0031110","regulation of microtubule polymerization or depolymerization","regulation of microtubule polymerization or depolymerization","regulation of microtubule polymerization or depolymerization",-1.05285875104391,0.665719058644237,-1.36568524856116,-0.176709009601517,-0.732644036891456,TRUE,FALSE,FALSE,"17755/66140/83679/229589/17754/12389/17295/56742/216965/23805/76686/108903/78926/16564/13494/14544/68041/17756/14168/20393",0.5178550127485,-0.0461601326465699,0.56401514539507,0.5178550127485,0.0461601326465699,0.56401514539507,"all negative"
"mouse KD vs control vs mouse het vs WT","GO_BP","GO:0031109","microtubule polymerization or depolymerization","either",0.05,"shared negative",-0.03232705544656,0.03232705544656,-1.56929481103517,-1.60162186648173,0.132190624835972,0.0215598631839383,"70799/219114/216963/101706/18080/104318/56742/13191/72205/66140/214444/17755/22142/18541/14544/68041/83431/108903/70218/286942/319953/20393/216965/20877/16564/110012/13494/76686/78926/103733/17756/380969/328580/23805/14168/15511/17754","75991/103768/99412/50850/328108/214444/101706/210356/13548/56430/230101/54126/140810/67971/83431/76499/228421/70997/319953/14219/12389/18479/219114/232944/15194/75786/216963/212307/68339/12534/20595/72119/66140/99512/11789/193740/16564/70218/70466/100732/71276/20617/14159/15511","GO:0031109","GO:0031109","GO:0031109","microtubule polymerization or depolymerization","microtubule polymerization or depolymerization","microtubule polymerization or depolymerization",-1.01143359270265,0.721143936290284,-1.66635399945233,-0.141978043882784,-0.878799344596085,TRUE,FALSE,FALSE,"71276/18541/66648/56327/16801/15511/260315/319953/83431/70218/17755/66140/83679/229589/17754/110012/12389/17295/56742/18080/216965/23805/104318/76686/103733/108903/22142/78926/16564/74237/13494/328580/380969/14544/68041/17756/14168/20393",0.55786121833252,-0.03232705544656,0.59018827377908,0.55786121833252,0.03232705544656,0.59018827377908,"all negative"
