"database","pathway_key","pathway_id_human_KD","pathway_id_mouse_KD","pathway_name_human_KD","pathway_name_mouse_KD","NES_human_KD","NES_mouse_KD","padj_human_KD","padj_mouse_KD","signed_log10padj_human_KD","signed_log10padj_mouse_KD","significant_human_KD","significant_mouse_KD","leading_edge_human_KD","leading_edge_mouse_KD","pathway_name","delta_NES_human_minus_mouse","abs_delta_NES_human_minus_mouse","direction_pattern"
"Reactome","Microtubule-dependent trafficking of connexons from Golgi to the plasma membrane","R-HSA-190840","R-MMU-190840","Microtubule-dependent trafficking of connexons from Golgi to the plasma membrane","Microtubule-dependent trafficking of connexons from Golgi to the plasma membrane",-1.88039735273384,1.98607271075239,0.0194674273359285,0.00363018354294996,-1.71069143767531,2.44007141637568,TRUE,TRUE,"80086/10382/347688/7277","14609/22142/67951/22143/227613/22146/22152","Microtubule-dependent trafficking of connexons from Golgi to the plasma membrane",-3.86647006348623,3.86647006348623,"opposite direction"
"Reactome","Gluconeogenesis","R-HSA-70263","R-MMU-70263","Gluconeogenesis","Gluconeogenesis",-1.96426273610022,1.79756550572888,0.00438770856212244,0.0429840204022832,-2.35776222659993,1.36669296630227,TRUE,TRUE,"5230/2026/5091/230/2027","74551/68401/14751/11674/14433/13808/21991","Gluconeogenesis",-3.7618282418291,3.7618282418291,"opposite direction"
"Reactome","Cross-presentation of soluble exogenous antigens (endosomes)","R-HSA-1236978","R-MMU-1236978","Cross-presentation of soluble exogenous antigens (endosomes)","Cross-presentation of soluble exogenous antigens (endosomes)",-2.27704366093387,1.48348017979168,6.00506037821972e-05,0.272448362285023,-4.22148262160065,0.564715798340585,TRUE,FALSE,"5702/5699/5692/5687/5704/5690/10213/9902/5719/5685/5720/5684/5718/11047/7979/5694/5717/5689/5701/5686/5709/5691/5707","19171/17534/19186/26444/16913/19188/59029/19181/16912/19167/19173/67089/17463/22123/26441/19170/70247","Cross-presentation of soluble exogenous antigens (endosomes)",-3.76052384072555,3.76052384072555,"opposite direction"
"Reactome","Transport of connexons to the plasma membrane","R-HSA-190872","R-MMU-190872","Transport of connexons to the plasma membrane","Transport of connexons to the plasma membrane",-1.7528308511138,1.98607271075239,0.0255257622805653,0.00363018354294996,-1.59302127963087,2.44007141637568,TRUE,TRUE,"80086/10382/347688/7277","14609/22142/67951/22143/227613/22146/22152","Transport of connexons to the plasma membrane",-3.73890356186619,3.73890356186619,"opposite direction"
"Reactome","Amplification of signal from the kinetochores","R-HSA-141424","R-MMU-141424","Amplification of signal from the kinetochores","Amplification of signal from the kinetochores",1.92026048812139,-1.66587398827837,0.0003233651264945,0.0368310977635968,3.49030681865242,-1.43378533665506,TRUE,TRUE,"54908/11130/701/1063/8379/80152/348235/332/55746/147841/57082/55143/79172/699/6232/25936/25909/79980/151246/55055/83540/348995/79682/5527/220134/2491/57405/1060/64946/55839/1058/57122/3619/991/9735/55166/5905/23421/81930/151648/91687/1062/23279/4085/54820/9212","13424/269966/67139/103573/236930/52504/18221/56430/66977/26951/68549/107995/83431/76499/12237/228421/66934/52696/75786/12235/229841/68097/21770/26932/66140/70385/52276/16319/108000/12236/19387","Amplification of signal from the kinetochores",3.58613447639976,3.58613447639976,"opposite direction"
"Reactome","Amplification of signal from unattached kinetochores via a MAD2 inhibitory signal","R-HSA-141444","R-MMU-141444","Amplification  of signal from unattached  kinetochores via a MAD2  inhibitory signal","Amplification  of signal from unattached  kinetochores via a MAD2  inhibitory signal",1.92026048812139,-1.66587398827837,0.0003233651264945,0.0368310977635968,3.49030681865242,-1.43378533665506,TRUE,TRUE,"54908/11130/701/1063/8379/80152/348235/332/55746/147841/57082/55143/79172/699/6232/25936/25909/79980/151246/55055/83540/348995/79682/5527/220134/2491/57405/1060/64946/55839/1058/57122/3619/991/9735/55166/5905/23421/81930/151648/91687/1062/23279/4085/54820/9212","13424/269966/67139/103573/236930/52504/18221/56430/66977/26951/68549/107995/83431/76499/12237/228421/66934/52696/75786/12235/229841/68097/21770/26932/66140/70385/52276/16319/108000/12236/19387","Amplification  of signal from unattached  kinetochores via a MAD2  inhibitory signal",3.58613447639976,3.58613447639976,"opposite direction"
"Reactome","Metabolism of polyamines","R-HSA-351202","R-MMU-351202","Metabolism of polyamines","Metabolism of polyamines",-2.32493067514805,1.20628034186498,2.49570661479088e-05,0.538982829251286,-4.6028064698976,0.268425070212518,TRUE,FALSE,"5687/4953/4947/5704/51582/5690/10213/5719/5685/5684/6303/5718/11047/7979/5694/5717/5689/5701/196743/113451/5686/5709/54498/5691/5707","18263/26444/228608/59029/20810/18247/19181/18104/19167/19173/67089/17463/22123/26441/19170/70247","Metabolism of polyamines",-3.53121101701303,3.53121101701303,"opposite direction"
"Reactome","Regulation of ornithine decarboxylase (ODC)","R-HSA-350562","R-MMU-350562","Regulation of ornithine decarboxylase (ODC)","Regulation of ornithine decarboxylase (ODC)",-2.34360405307854,1.18313853366364,2.5128020267419e-05,0.59719790779971,-4.59984172632204,0.22388172243501,TRUE,FALSE,"5687/4953/4947/5704/51582/5690/10213/5719/5685/5684/5718/11047/7979/5694/5717/5689/5701/5686/5709/5691/5707","18263/26444/59029/18247/19181/18104/19167/19173/67089/17463/22123/26441/19170/70247","Regulation of ornithine decarboxylase (ODC)",-3.52674258674218,3.52674258674218,"opposite direction"
"Reactome","Gap junction assembly","R-HSA-190861","R-MMU-190861","Gap junction assembly","Gap junction assembly",-1.60964804609168,1.87574388491157,0.0756090175029796,0.0223778755942561,-1.12142640531573,1.65018114486236,FALSE,TRUE,"81027/10376/2705/2697/7278/7846/2709/127534/7280/80086/10382/347688/7277","14609/22142/67951/22143/227613/22146/22152","Gap junction assembly",-3.48539193100325,3.48539193100325,"opposite direction"
"Reactome","Antigen processing: Ub, ATP-independent proteasomal degradation","R-HSA-9912633","R-MMU-9912633","Antigen processing: Ub, ATP-independent proteasomal degradation","Antigen processing: Ub, ATP-independent proteasomal degradation",-1.82597897317011,1.64413587593451,0.0127493782769375,0.203327404905738,-1.8945109930715,0.691804082270825,TRUE,FALSE,"5699/5692/5687/5690/5685/5720/5684/5694/5689/5686/5691","19171/19186/26444/16913/19188/16912/19167/19173","Antigen processing: Ub, ATP-independent proteasomal degradation",-3.47011484910462,3.47011484910462,"opposite direction"
"Reactome","Cellular response to starvation","R-HSA-9711097","R-MMU-9711097","Cellular response to starvation","Cellular response to starvation",1.54513398181295,-1.90523437119928,0.0150834723974126,0.00798655001263218,1.82149866712426,-2.09764078439639,TRUE,TRUE,"6187/6130/6128/6228/6146/3921/6159/6129/6171/116832/6133/23677/6218/6231/6230/6136/6224/6144/23521/6232/51121/6124/9045/6158/6189/6122/6233/6201/6170/57761/6173/6235/6210/440275/6204/1968/6234/58528","56032/11984/11973/80909/54170/114143/329679/11966/11964/66335/56692/73834/11972/52187","Cellular response to starvation",3.45036835301223,3.45036835301223,"opposite direction"
"Reactome","Removal of the Flap Intermediate from the C-strand","R-HSA-174437","R-MMU-174437","Removal of the Flap Intermediate from the C-strand","Removal of the Flap Intermediate from the C-strand",2.03770716096943,-1.39929372244378,0.00116707245985759,0.387690988305238,2.93290217913939,-0.411514293846527,TRUE,FALSE,"5425/54386/6118/2237/7486/1763/7013/25913/6119/26277","18538/497652/21750/327762/68275/67967/21749/19891/57321","Removal of the Flap Intermediate from the C-strand",3.43700088341321,3.43700088341321,"opposite direction"
"Reactome","Activation of STAT3 by cadherin engagement","R-HSA-9958825","R-MMU-9958825","Activation of STAT3 by cadherin engagement","Activation of STAT3 by cadherin engagement",-2.15474742169946,1.28132772066071,3.63461033967609e-05,0.482176255304871,-4.43954214227384,0.316794180196591,TRUE,FALSE,"998/5687/5704/1495/1009/3716/5690/10213/5719/5685/5684/5718/72/1500/11047/7979/9844/5694/5717/6774/5689/5701/4790/6714/5686/5709/3717/5691/5707/1499/127544/58/59","11475/12552/13039/11461/227377/330662/20779/12540/22325/11465/16452/54721/16193","Activation of STAT3 by cadherin engagement",-3.43607514236017,3.43607514236017,"opposite direction"
"Reactome","HDR through Homologous Recombination (HRR)","R-HSA-5685942","R-MMU-5685942","HDR through Homologous Recombination (HRR)","HDR through Homologous Recombination (HRR)",2.14669752335859,-1.2194063718981,1.7668273273717e-05,0.549528155460359,4.75280589216498,-0.260010051288143,TRUE,FALSE,"5425/348654/9156/5889/197342/83695/63979/7517/6118/79728/6233/7516/7486/1763/672/23514/54107/10635/84464/6119/3364/5984/4683/5982/4361/83990/5429/146956/641/5426/7156/5892/5932/84126/11073/116028/580/675/56655/5810/5111/80198/51750/1111","69263/381306/59001/193838/18538/11920/327762/19362/26909/19687/22186/68275/80905/74335/71711/233826/52864/67967/21975/22190/19891/12189/12144/27015","HDR through Homologous Recombination (HRR)",3.36610389525669,3.36610389525669,"opposite direction"
"Reactome","DARPP-32 events","R-HSA-180024","R-MMU-180024","DARPP-32 events","DARPP-32 events",-2.32309666311958,1.0422484560069,8.16049941269372e-05,0.785948165824963,-4.08828326213582,0.104606095230947,TRUE,FALSE,"801/5532/5142/5568/5528/5518/1020/5519/5141/5144/5530/5515/5499/5577","12568/238871/18578/19088/19084","DARPP-32 events",-3.36534511912648,3.36534511912648,"opposite direction"
"Reactome","Gap junction trafficking and regulation","R-HSA-157858","R-MMU-157858","Gap junction trafficking and regulation","Gap junction trafficking and regulation",-1.96904841522622,1.38558823656904,0.00259406806758616,0.362048372648552,-2.58601863234245,0.441233400265565,TRUE,FALSE,"80086/1601/10382/6714/347688/1759/1213/7277","14609/22142/67951/22143/227613/13429/22146/22152/11461","Gap junction trafficking and regulation",-3.35463665179526,3.35463665179526,"opposite direction"
"Reactome","Processive synthesis on the C-strand of the telomere","R-HSA-174414","R-MMU-174414","Processive synthesis on the C-strand of the telomere","Processive synthesis on the C-strand of the telomere",1.88859987810988,-1.43558350346236,0.00503979178128074,0.356479690522244,2.29758740603638,-0.447965207874868,TRUE,FALSE,"5425/54386/6118/2237/7486/1763/7013/25913/6119/26277","18538/497652/21750/327762/68275/67967/21749/19891/12144/57321","Processive synthesis on the C-strand of the telomere",3.32418338157224,3.32418338157224,"opposite direction"
"Reactome","Regulation of CDH1 Function","R-HSA-9764561","R-MMU-9764561","Regulation of CDH1 Function","Regulation of CDH1 Function",-2.24631709178719,1.07263496543987,2.85078959373655e-05,0.723492962056304,-4.54503483518133,0.140565689223558,TRUE,FALSE,"5690/10213/5719/5685/5684/5718/2534/72/1500/11047/7979/5694/5717/5689/5701/6714/5686/5709/5691/5707/1499/58/59","11475/26444/14694/13858/59029/105837/13039/11461/19181/20779/19167/19173/11465/14360/67089","Regulation of CDH1 Function",-3.31895205722706,3.31895205722706,"opposite direction"
"Reactome","Proteasome assembly","R-HSA-9907900","R-MMU-9907900","Proteasome assembly","Proteasome assembly",-1.84165422162362,1.45041273099981,0.00475649820832507,0.270390253974809,-2.32271266250699,0.568008966285288,TRUE,FALSE,"5690/10213/5710/5719/5685/5720/5684/5718/23198/11047/7979/5694/5717/5689/5701/5686/5709/5691/5707","19171/19186/26444/16913/19188/59029/19192/107047/19181/16912/69666/19167/19173/67089/17463/56088/22123/26441/19170/70247","Proteasome assembly",-3.29206695262343,3.29206695262343,"opposite direction"
"Reactome","Gap junction trafficking","R-HSA-190828","R-MMU-190828","Gap junction trafficking","Gap junction trafficking",-1.86853873499305,1.40591454368609,0.00740896574243909,0.387690988305238,-2.1302424133029,0.411514293846527,TRUE,FALSE,"80086/1601/10382/347688/1759/1213/7277","14609/22142/67951/22143/227613/13429/22146/22152/11461","Gap junction trafficking",-3.27445327867914,3.27445327867914,"opposite direction"
"Reactome","Fanconi Anemia Pathway","R-HSA-6783310","R-MMU-6783310","Fanconi Anemia Pathway","Fanconi Anemia Pathway",2.21449514155564,-1.0494590099034,5.33204035007886e-05,0.731281627594754,4.27310657273337,-0.13591533746656,TRUE,FALSE,"201254/2175/55215/2189/197342/199990/29089/22909/6118/2176/2177/6233/2067/84464/80233/2178/6119/2188/146956/64858/2187/84126","193838/67513/104806/237211/50505/272158/235610/60534/22186/68275/71711/20892/71885/52864/67196/22190/19891","Fanconi Anemia Pathway",3.26395415145904,3.26395415145904,"opposite direction"
"Reactome","Autodegradation of Cdh1 by Cdh1:APC/C","R-HSA-174084","R-MMU-174084","Autodegradation of Cdh1 by Cdh1:APC/C","Autodegradation of Cdh1 by Cdh1:APC/C",-2.18237222017324,1.0783665126127,9.0563768417823e-05,0.728952545145105,-4.04304551450148,0.1373007433589,TRUE,FALSE,"5690/10213/5719/5685/5684/10393/5718/8881/51433/11047/64682/7321/29882/7979/5694/5717/5689/5701/5686/5709/5691/29945/5707","26444/59008/52206/59029/69957/216080/19181/217232/19167/19173/67089/52717/17222/17463/22123/26441/19170/70247/78294/56371","Autodegradation of Cdh1 by Cdh1:APC/C",-3.26073873278594,3.26073873278594,"opposite direction"
"Reactome","Dectin-1 mediated noncanonical NF-kB signaling","R-HSA-5607761","R-MMU-5607761","Dectin-1 mediated noncanonical NF-kB signaling","Dectin-1 mediated noncanonical NF-kB signaling",-2.30789913136949,0.943993727894708,3.2628487562523e-05,0.894084129378247,-4.48640305672005,0.0486216140836093,TRUE,FALSE,"5687/5704/9040/5971/1147/5690/10213/5719/5685/5684/5718/11047/8454/7979/4791/5694/5717/9039/5689/5701/5686/5709/5691/5707","26444/22192/59029/19181/19167/19173/67089/22200/26965/17463/19698/22123/26441/19170/70247/78294","Dectin-1 mediated noncanonical NF-kB signaling",-3.2518928592642,3.2518928592642,"opposite direction"
"Reactome","NIK-->noncanonical NF-kB signaling","R-HSA-5676590","R-MMU-5676590","NIK-->noncanonical NF-kB signaling","NIK-->noncanonical NF-kB signaling",-2.29731719797113,0.943993727894708,3.68003241515305e-05,0.894084129378247,-4.43414835587537,0.0486216140836093,TRUE,FALSE,"5687/5704/9040/5971/1147/5690/10213/5719/5685/5684/5718/11047/8454/7979/4791/5694/5717/9039/5689/5701/5686/5709/5691/5707","26444/22192/59029/19181/19167/19173/67089/22200/26965/17463/19698/22123/26441/19170/70247/78294","NIK-->noncanonical NF-kB signaling",-3.24131092586584,3.24131092586584,"opposite direction"
"Reactome","Integration of energy metabolism","R-HSA-163685","R-MMU-163685","Integration of energy metabolism","Integration of energy metabolism",-1.83780441788568,1.39645455317136,0.00130540055489741,0.356479690522244,-2.88425620703086,0.447965207874868,TRUE,FALSE,"2778/6844/32/111/23236/3747/51094/31/5568/5528/777/2771/5518/5313/5207/5331/2783/5906/6888/10411/196883/2740/5519/150/6812/112/3710/47/2181/10768/5515/775/3708/784/5577","20525/12286/14682/14701/18795/12288/19088/19084/14693/14708/21351/109905/14672/14688/50790/14696/14706/16439/68465/14702/18797/12296","Integration of energy metabolism",-3.23425897105704,3.23425897105704,"opposite direction"
"Reactome","Signaling by ERBB4","R-HSA-1236394","R-MMU-1236394","Signaling by ERBB4","Signaling by ERBB4",-1.63264260160022,1.60100023570547,0.0251847543214528,0.117567014780821,-1.59886228135016,0.92971450911087,TRUE,FALSE,"10718/6654/9542/2566/2065/23385/2554/5241/6285/23118/2567/11059/3084/51107/3265/6868/9611/6776/2099/6714/5295/5290/6387/55851/4734","13874/17999/22601/19165/59287/107568/15461/20416/19164/18706/20779/80707/226548","Signaling by ERBB4",-3.23364283730569,3.23364283730569,"opposite direction"
"Reactome","Activation of the pre-replicative complex","R-HSA-68962","R-MMU-68962","Activation of the pre-replicative complex","Activation of the pre-replicative complex",1.61915510488881,-1.60767694487339,0.0578285900425153,0.131722545762478,1.2378573963912,-0.880339884398693,FALSE,FALSE,"84515/4173/81620/6118/990/51053/54107/6119/23594/55388/5426/4998/4174/1017/4176/56655","57441/26428/19075/66634/67177/68275/23834/12566/18968/70024/12545/18969/19891/17217/17215","Activation of the pre-replicative complex",3.2268320497622,3.2268320497622,"opposite direction"
"Reactome","SPOP-mediated proteasomal degradation of PD-L1(CD274)","R-HSA-9929491","R-MMU-9929491","SPOP-mediated proteasomal degradation of PD-L1(CD274)","SPOP-mediated proteasomal degradation of PD-L1(CD274)",-2.18008138167235,1.04529997094891,0.000168061600721765,0.782577614379085,-3.77453150428607,0.1064725792448,TRUE,FALSE,"5690/10213/1460/5719/5685/5684/5718/8452/11047/7979/5694/5717/5689/5701/9978/5686/5709/8405/5691/5707","12567/26444/22628/59029/12443/19181/60533/19167/19173/67089/12995/17463/22123/20747/26441/19170/70247/78294","SPOP-mediated proteasomal degradation of PD-L1(CD274)",-3.22538135262126,3.22538135262126,"opposite direction"
"Reactome","COPI-independent Golgi-to-ER retrograde traffic","R-HSA-6811436","R-MMU-6811436","COPI-independent Golgi-to-ER retrograde traffic","COPI-independent Golgi-to-ER retrograde traffic",-1.96686280601826,1.25259834949498,0.00136511543010045,0.515426436370145,-2.86483062442091,0.287833310124978,TRUE,FALSE,"7846/51143/140735/7280/5050/5049/5048/55860/10540/23299/10121/80086/830/10382/22931/347688/832/5321/8398/7277","22142/67951/22143/235661/227613/18476/22146/22152/69654/18472/234663","COPI-independent Golgi-to-ER retrograde traffic",-3.21946115551324,3.21946115551324,"opposite direction"
"Reactome","RAF/MAP kinase cascade","R-HSA-5673001","R-MMU-5673001","RAF/MAP kinase cascade","RAF/MAP kinase cascade",-2.23656952705686,0.968313087090486,1.17833333333333e-08,0.878811014404235,-7.92873183658675,0.0561045085733251,TRUE,FALSE,"2249/3667/5604/8649/5687/2906/5778/5704/1847/801/1852/115727/5291/5786/673/3561/3716/2902/9986/3084/4254/5690/10213/818/5528/5719/5685/5684/3265/5518/1741/5718/8452/2255/1843/8831/2534/1439/5147/5159/2668/408/11047/2260/5906/7979/817/1740/5900/5694/5921/5717/28956/2675/3718/5689/8036/5526/5519/5701/8315/5037/9978/5747/6714/51104/5295/10048/5686/5709/5501/3717/5290/4763/58489/284/5691/5593/5707/5515/2263/23179/11221/5525/5595/5156/57731/3082/2252","14178/26396/23859/13874/15234/16453/12048/26444/19731/19414/67603/18777/14268/14272/75590/218397/11836/13866/56327/59029/231474/240672/26395/114715/15461/18595/11461/14585/20416/11876/216148/19181/108058/109905/26417/16706/14586/18706/20779/13537/11600/19167/18709/54401/14083/225849/208884/19173/11465/14360/67089/11839/16416/110606/18596/14173/19252/19671/54519","RAF/MAP kinase cascade",-3.20488261414735,3.20488261414735,"opposite direction"
"Reactome","ER-Phagosome pathway","R-HSA-1236974","R-MMU-1236974","ER-Phagosome pathway","ER-Phagosome pathway",-1.63427946049084,1.56933279624843,0.0122842099042503,0.182143149896075,-1.91065277123591,0.739587157215236,TRUE,FALSE,"1147/929/5690/10952/10213/5719/5685/5720/5684/5718/55176/11047/7979/6810/5694/5717/3134/5689/5701/23480/5686/5709/5691/8673/5707/3135","19171/19186/26444/16913/19188/15039","ER-Phagosome pathway",-3.20361225673927,3.20361225673927,"opposite direction"
"Reactome","RMTs methylate histone arginines","R-HSA-3214858","R-MMU-3214858","RMTs methylate histone arginines","RMTs methylate histone arginines",-1.52177954913926,1.6638692684462,0.0714029555996786,0.0733249397335036,-1.14628381099603,1.13474828529821,FALSE,FALSE,"8337/8294/1019/8359/10498/8355/51412/333932/6604/8362/6599/85235/8368/8363/55193/8332/55170/653604/79084/10196/8331/8338/6601/5931/8329/3717/196528/92815","20587/12567/71974/70465/214572/12443/16898/68094/59035/20586/67155/20588","RMTs methylate histone arginines",-3.18564881758546,3.18564881758546,"opposite direction"
"Reactome","Regulation of insulin secretion","R-HSA-422356","R-MMU-422356","Regulation of insulin secretion","Regulation of insulin secretion",-1.71038678693918,1.47353996554429,0.00703878949595541,0.246037017559627,-2.15250202273708,0.608999546098164,TRUE,FALSE,"2778/6844/111/23236/3747/5568/777/2771/5331/2783/5906/10411/2740/150/6812/112/3710/2181/10768/775/3708/784/5577","20525/12286/14682/14701/18795/12288/14693/14708/109905/14672/14688/50790/14696/14706/16439/14702/18797/12296","Regulation of insulin secretion",-3.18392675248347,3.18392675248347,"opposite direction"
"Reactome","Intraflagellar transport","R-HSA-5620924","R-MMU-5620924","Intraflagellar transport","Intraflagellar transport",-1.57816465609373,1.59488357855235,0.0371148823725438,0.103383470186651,-1.43045191150995,0.985548894323291,TRUE,FALSE,"140735/26160/7280/83658/90410/51098/80173/3797/28981/64792/56912/51626/11127/10382/22920/7277","22142/67951/22143/67661/245866/213575/227613/22146/22152/71820/76779/72421/76568/72938/12589/81896/67068/67286/21821/55978","Intraflagellar transport",-3.17304823464608,3.17304823464608,"opposite direction"
"Reactome","SUMOylation of DNA damage response and repair proteins","R-HSA-3108214","R-MMU-3108214","SUMOylation of DNA damage response and repair proteins","SUMOylation of DNA damage response and repair proteins",1.7043154353497,-1.46096185165149,0.0118394731983147,0.197834154135897,1.92666762127483,-0.703698729562407,TRUE,FALSE,"10762/9883/9656/6672/84733/142/55746/7508/165918/5371/23636/11097/348995/6612/7486/672/56160/6015/23225/57122/8535/6996/641/1911/51588/23279","107939/19821/69482/240087/227720/22196/226026/22218/241915/12189/59004/12144/68501/18141","SUMOylation of DNA damage response and repair proteins",3.16527728700119,3.16527728700119,"opposite direction"
"Reactome","Unblocking of NMDA receptors, glutamate binding and activation","R-HSA-438066","R-MMU-438066","Unblocking of NMDA receptors, glutamate binding and activation","Unblocking of NMDA receptors, glutamate binding and activation",-1.81395489154874,1.35036560626844,0.0213149080981111,0.453242996241299,-1.67131653552772,0.343668898136496,TRUE,FALSE,"2906/801/2903/2902/818/1741/2891/817/1740","23859/14799","Unblocking of NMDA receptors, glutamate binding and activation",-3.16432049781718,3.16432049781718,"opposite direction"
"Reactome","GSK3B and BTRC:CUL1-mediated-degradation of NFE2L2","R-HSA-9762114","R-MMU-9762114","GSK3B and BTRC:CUL1-mediated-degradation of NFE2L2","GSK3B and BTRC:CUL1-mediated-degradation of NFE2L2",-2.31231972325304,0.839687398205772,5.37808334864643e-05,0.988974242052217,-4.2693724714365,0.00481501950521023,TRUE,FALSE,"5690/10213/5719/5685/5684/5718/11047/8454/7979/4780/5694/5717/5689/5701/9978/5686/5709/5691/5707","26444/59029/19181/18024/19167/19173/67089/26965/17463/56637/22123/26441/19170/70247/78294","GSK3B and BTRC:CUL1-mediated-degradation of NFE2L2",-3.15200712145881,3.15200712145881,"opposite direction"
"Reactome","Carboxyterminal post-translational modifications of tubulin","R-HSA-8955332","R-MMU-8955332","Carboxyterminal post-translational modifications of tubulin","Carboxyterminal post-translational modifications of tubulin",-1.53444526696496,1.60226210656133,0.0771690742298239,0.204218957300029,-1.11255670979658,0.689903945556393,FALSE,FALSE,"23170/91978/164395/23287/25809/80086/10382/347688/79805/7277","22142/67951/22143/227613/22146/22152","Carboxyterminal post-translational modifications of tubulin",-3.13670737352629,3.13670737352629,"opposite direction"
"Reactome","Autodegradation of the E3 ubiquitin ligase COP1","R-HSA-349425","R-MMU-349425","Autodegradation of the E3 ubiquitin ligase COP1","Autodegradation of the E3 ubiquitin ligase COP1",-2.17957974167182,0.946415334364778,0.000313674037601297,0.894084129378247,-3.50352142581326,0.0486216140836093,TRUE,FALSE,"5690/10213/5719/5685/5684/5718/11047/7979/5694/5717/5689/5701/5686/5709/5691/5707/64326","22059/26444/59029/26374/19181/19167/19173/67089/17463/22123/26441/19170/70247/78294","Autodegradation of the E3 ubiquitin ligase COP1",-3.1259950760366,3.1259950760366,"opposite direction"
"Reactome","Fcgamma receptor (FCGR) dependent phagocytosis","R-HSA-2029480","R-MMU-2029480","Fcgamma receptor (FCGR) dependent phagocytosis","Fcgamma receptor (FCGR) dependent phagocytosis",-2.03434963001516,1.09123991208487,0.00020313051847496,0.701705174577397,-3.69222482297838,0.153845320845955,TRUE,FALSE,"1072/10787/5580/10096/2534/4627/5058/10006/4641/10109/9844/10092/1398/5747/6714/5295/10458/3710/5290/4644/10768/8398/10095/10451/5595/3708","71910/11867/68089/67771/20430/11461/18754/26417/330662/242687/18706/20779/17913/11350/74117/12540/18709/22325/14083/11465/14360","Fcgamma receptor (FCGR) dependent phagocytosis",-3.12558954210003,3.12558954210003,"opposite direction"
"Reactome","Cargo trafficking to the periciliary membrane","R-HSA-5620920","R-MMU-5620920","Cargo trafficking to the periciliary membrane","Cargo trafficking to the periciliary membrane",-1.46991505829757,1.65436532679182,0.0457308401885668,0.0661416277422151,-1.33979081948295,1.1795251213249,TRUE,FALSE,"166379/6753/7278/10576/1260/117177/2847/7846/1258/22948/7280/11336/6950/79969/5311/6608/4218/5147/60412/55763/50807/10382/347688/403/7277","22142/53413/18764/67951/22143/227613/319757/76260/12464/22146/22152/13196/67378/18763/12469/21454/100503572","Cargo trafficking to the periciliary membrane",-3.12428038508939,3.12428038508939,"opposite direction"
"Reactome","Recycling pathway of L1","R-HSA-437239","R-MMU-437239","Recycling pathway of L1","Recycling pathway of L1",-1.85787299118142,1.26037118545123,0.00590611562075961,0.536440845348607,-2.2286980553448,0.270478161778377,TRUE,FALSE,"80086/161/10382/6714/347688/1759/1213/285643/9252/7277","22142/67951/22143/227613/13429/22146/22152/17698/11461","Recycling pathway of L1",-3.11824417663265,3.11824417663265,"opposite direction"
"Reactome","Glutathione conjugation","R-HSA-156590","R-MMU-156590","Glutathione conjugation","Glutathione conjugation",-1.23217853773501,1.88440994222982,0.345447046132369,0.0231770015780794,-0.46161851655339,1.63494274966336,FALSE,TRUE,"2098/2730/26873/119391/10327/2949","14873/69065/14874/211666/14870/68312/75475/14629/14854/14630/14863/68044/14865/13885/110175","Glutathione conjugation",-3.11658847996483,3.11658847996483,"opposite direction"
"Reactome","Fatty acid metabolism","R-HSA-8978868","R-MMU-8978868","Fatty acid metabolism","Fatty acid metabolism",-1.3922688993411,1.72165378064758,0.0604938047898728,0.00501523604919284,-1.21828909945229,2.29970862147719,FALSE,TRUE,"23305/215/1376/5444/401494/4051/55289/246/11283/79777/58526/11332/51144/8529/32/9200/83401/2876/2879/57834/31/30/241/134526/1573/1384/5446/788/3293/3992/22949/51703/4048/6342/7923/10478/9524/5743/79071/51/376497/80221/9536/47/2181/5321/35/11000/79993/5742/33","56348/106529/74114/76267/11409/17250/330260/19224/19225/67460/66904/75778/104112/231086/14104/107476/257633/56473/171210/93747/11370/16922/56360/23986/26897/68041/433256/234309/66775/26378/52538/17117/17850/269823/110821/11690/625249/11666/20524/70316/26922/18783/15107/93732/13078/19223/50790/223722/111175/329910/57279/14775/13479/12896","Fatty acid metabolism",-3.11392267998868,3.11392267998868,"opposite direction"
"Reactome","ABC-family protein mediated transport","R-HSA-382556","R-MMU-382556","ABC-family protein mediated transport","ABC-family protein mediated transport",-2.04460927151672,1.0624877348748,8.01112473537023e-05,0.716601682741637,-4.09630650612878,0.144722176347763,TRUE,FALSE,"5687/91319/5704/64137/10350/23461/5825/5690/10213/5719/10057/5685/5684/22/5718/10347/11047/5243/7979/5694/5717/5689/5701/21/225/1080/20/5686/5709/79139/7415/5691/5707","239273/26444/17250/74610/217262/11306/59029/19298/66753/244373/19181/11666/224742/19167/18671/27410/19299/19173/67089","ABC-family protein mediated transport",-3.10709700639152,3.10709700639152,"opposite direction"
"Reactome","SUMOylation of DNA replication proteins","R-HSA-4615885","R-MMU-4615885","SUMOylation of DNA replication proteins","SUMOylation of DNA replication proteins",1.62746024948008,-1.47916413549701,0.0294819588954439,0.256948197124299,1.53044366364819,-0.590154425193112,TRUE,FALSE,"10762/9883/332/55746/55143/23636/11097/6790/348995/6612/23225/57122/3619/5905/51588/23279/9212/9818/7153","107939/69482/227720/22196/22218/59004/52276/16319/19387/18141","SUMOylation of DNA replication proteins",3.10662438497709,3.10662438497709,"opposite direction"
"Reactome","Signaling by Hedgehog","R-HSA-5358351","R-MMU-5358351","Signaling by Hedgehog","Signaling by Hedgehog",-1.88773202618096,1.21390649039907,0.000279099909231829,0.443887067437469,-3.55424030475151,0.35272750787475,TRUE,FALSE,"51098/5690/5568/10213/147111/5719/5685/5684/6868/91653/5718/8452/2622/6608/51684/3549/408/11047/84447/11127/8454/7979/196883/5694/5717/5689/5701/9978/10382/112/5686/5709/8405/7415/5691/5707/50937/5577/2619/7277","14451/22142/67951/59056/26444/22143/67661/245866/227613/319757/57810/75788/59029/66753/22146/22152/19088/19084/81896/226861/104111/19181/21821/237222/16568/14633/19167/93687/214498/19173/67089","Signaling by Hedgehog",-3.10163851658003,3.10163851658003,"opposite direction"
"Reactome","Biological oxidations","R-HSA-211859","R-MMU-211859","Biological oxidations","Biological oxidations",-1.41069205474443,1.68630143188797,0.0384016651745866,0.0188996970627219,-1.41564994332896,1.72354515694012,TRUE,TRUE,"10/4051/54996/11283/2328/54577/6783/1066/494143/2729/8529/54578/9420/22977/57834/66002/2950/1573/5443/131/7360/5447/2098/405/10499/2730/8639/218/196743/8460/7358/80146/26873/9049/119391/55902/54498/10327/2949/8459/5742/4128/2052/217","232087/14873/11529/11864/69065/14874/19224/211666/14870/67768/228608/11532/18113/68312/75475/269378/22021/14629/109754/68021/14854/13123/109652/110198/14630/18105/13078/19223/14863/13479/22017/68044/67674/67883/22235/14865/22022/56448/13885/238505/110175","Biological oxidations",-3.0969934866324,3.0969934866324,"opposite direction"
"Reactome","MAPK1/MAPK3 signaling","R-HSA-5684996","R-MMU-5684996","MAPK1/MAPK3 signaling","MAPK1/MAPK3 signaling",-2.16499735790135,0.921438204460604,1.17833333333333e-08,0.94084996636017,-7.92873183658675,0.0264796262825296,TRUE,FALSE,"2249/3667/5604/8649/5687/2906/5778/5704/1847/801/1852/115727/5291/5786/673/3561/3716/2902/9986/3084/4254/5690/10213/818/5528/5719/5685/5684/3265/5518/1741/5718/8452/2255/1843/8831/2534/1439/5147/5159/2668/408/11047/2260/5906/7979/817/1740/5900/5694/5921/5717/28956/2675/3718/5689/8036/5526/5519/5701/8315/5037/9978/5747/6714/51104/5295/10048/5686/5709/5501/3717/5290/4763/58489/284/5691/5593/5707/5515/2263/23179/11221/5525/5595/5156/57731/3082/2252","14178/26396/23859/13874/15234/16453/12048/26444/19731/19414/67603/18777/14268/14272/75590/218397/11836/13866/56327/59029/231474/240672/26395/114715/15461/18595/11461/14585/20416/11876/216148/19181/108058/109905/26417/16706/14586/18706/20779/13537/11600/19167/18709/54401/14083/225849/208884/19173/11465/14360/67089/11839/16416/110606/18596/14173/19252/19671/54519/16452/54721/17463/16193/19262/114713/83409","MAPK1/MAPK3 signaling",-3.08643556236195,3.08643556236195,"opposite direction"
"Reactome","Homology Directed Repair","R-HSA-5693538","R-MMU-5693538","Homology Directed Repair","Homology Directed Repair",1.90225574200708,-1.18361897349112,0.00013316512840044,0.490676453084705,3.87560948782354,-0.309204782737951,TRUE,FALSE,"5425/9656/142/165918/348654/9156/5889/197342/83695/63979/85236/7517/6118/2237/79728/7158/7468/6233/10038/7516/2067/3017/7486/1763/672/23514/54107/10635/84464/63967/6119/3364/5984/4683/5982/4361/83990/5429/8914/146956/641/5426/79184/7156/5892/5932/84142/7515/10721/51588/84126/11073/116028/1017/580/675/5893/56655/5810/5111/8349/80198/51750","68275/80905/19367/74335/71711/233826/93765/20184/52864/240087/67967/21975/12566/22190/22196/235559/77782/269582/19891/12428/12189/59004/12144/27015","Homology Directed Repair",3.0858747154982,3.0858747154982,"opposite direction"
"Reactome","RHO GTPases activate IQGAPs","R-HSA-5626467","R-MMU-5626467","RHO GTPases activate IQGAPs","RHO GTPases activate IQGAPs",-1.65955749915372,1.4210325808461,0.047647845319339,0.362048372648552,-1.32195673378912,0.441233400265565,TRUE,FALSE,"7280/998/801/1495/4221/6249/80086/10382/347688/1499/7277","22142/67951/22143/227613/22146/22152/11461","RHO GTPases activate IQGAPs",-3.08059007999982,3.08059007999982,"opposite direction"
"Reactome","Synthesis of Leukotrienes (LT) and Eoxins (EX)","R-HSA-2142691","R-MMU-2142691","Synthesis of Leukotrienes (LT) and Eoxins (EX)","Synthesis of Leukotrienes (LT) and Eoxins (EX)",-1.78662126685313,1.292305482482,0.035987862059265,0.542689037398634,-1.44384395283147,0.265448951306773,TRUE,FALSE,"1580/64174/126410/4051/246/11283/8529/57834/241/22949/4048","17250/11690/13479/631304","Synthesis of Leukotrienes (LT) and Eoxins (EX)",-3.07892674933513,3.07892674933513,"opposite direction"
"Reactome","Aggrephagy","R-HSA-9646399","R-MMU-9646399","Aggrephagy","Aggrephagy",-1.64811749454463,1.42800127812099,0.0401090507431578,0.362048372648552,-1.39675761630025,0.441233400265565,TRUE,FALSE,"80086/7431/10382/1080/347688/7415/7277","22142/67951/22143/235661/227613/22352/22146/22152/234663/21821","Aggrephagy",-3.07611877266562,3.07611877266562,"opposite direction"
"Reactome","Opioid Signalling","R-HSA-111885","R-MMU-111885","Opioid Signalling","Opioid Signalling",-1.78775426977015,1.28483074670886,0.00204944411995969,0.416235287707062,-2.68836391863755,0.380661103829309,TRUE,FALSE,"5332/801/111/23236/5532/5142/5568/5443/818/5528/2771/2773/5518/5580/5331/2783/196883/817/1020/5519/5141/112/3710/5321/5144/10768/5530/5515/5499/3708/5577","18573/12568/18798/207565/238871/18578/14682/14701/18795/19088/19084/14693/14708/104111/18783/14672/14688/14696/14706","Opioid Signalling",-3.07258501647901,3.07258501647901,"opposite direction"
"Reactome","Signaling by TGFBR3","R-HSA-9839373","R-MMU-9839373","Signaling by TGFBR3","Signaling by TGFBR3",-1.52057230551543,1.54602173637492,0.107553856956449,0.241150319003953,-0.968374010893738,0.617712159238408,FALSE,FALSE,"3623/27327/4089/408/4323/6938/26523/2033/27161/23112/55851/6925/7049","21857/17387/21814/19165/59287/19164/21813/226548/17389/67903/14173/21803","Signaling by TGFBR3",-3.06659404189035,3.06659404189035,"opposite direction"
"Reactome","Mitotic Spindle Checkpoint","R-HSA-69618","R-MMU-69618","Mitotic Spindle Checkpoint","Mitotic Spindle Checkpoint",1.74205615488804,-1.32305578330512,0.00217626698229788,0.248459841761903,2.66228782688461,-0.6047437957056,TRUE,FALSE,"54908/11130/701/1063/8379/80152/348235/332/55746/147841/57082/55143/79172/699/6232/25936/25909/79980/151246/55055/83540/348995/79682/5527/220134/2491/57405/27338/1060/64946/55839/246184/11065/1058/57122/3619/991/9735/55166/5905/23421/81930/151648/91687/1062/23279/4085/54820/9212","13424/269966/67139/103573/236930/52504/18221/56430/66977/26951/68549/107995/83431/76499/12237/228421/66934/52696/75786/12235/229841/68097/21770/26932/66140/70385/52276/16319/108000/12236/19387","Mitotic Spindle Checkpoint",3.06511193819316,3.06511193819316,"opposite direction"
"Reactome","Mitotic Prometaphase","R-HSA-68877","R-MMU-68877","Mitotic Prometaphase","Mitotic Prometaphase",1.66656278196216,-1.38026336573862,0.00116707245985759,0.0980352137439252,2.93290217913939,-1.00861789994284,TRUE,FALSE,"54908/11130/5116/701/1063/8379/80152/348235/332/55746/653784/147841/57082/22995/10783/55835/55143/79172/699/113130/3320/6232/55755/22994/25936/55142/25909/93323/79980/22981/10142/151246/9738/55055/83540/23354/348995/79682/5527/220134/54801/2491/57405/8481/1060/84131/64946/55839/9662/10806/85378/1058/80097/57122/3619/991/9735/55166/5905/23421/11190/80321/9918/7840/80254/81930/1454/151648/55722/91687/1062/23279/4085/54820/11064/9212/23397/7514/55125/64105/121441/11243/64151/115106","13006/103768/13424/269966/67139/18747/214444/72083/103573/101706/236930/52504/18221/56430/66977/216274/76478/26951/68549/78177/18286/74360/14211/225659/107995/83431/76499/12237/218914/228421/13001/215387/66934/53598/52696/101565/75786/15519/75296/12235/268697/229841/68097/12534/21770/100710/22627/26932/67849/66140/70385/18005/52276/99100/16319/108000/12236/19387","Mitotic Prometaphase",3.04682614770078,3.04682614770078,"opposite direction"
"Reactome","The role of GTSE1 in G2/M progression after G2 checkpoint","R-HSA-8852276","R-MMU-8852276","The role of GTSE1 in G2/M progression after G2 checkpoint","The role of GTSE1 in G2/M progression after G2 checkpoint",-1.80747743284571,1.23761315745703,0.00467126964141247,0.482176255304871,-2.33056506304884,0.316794180196591,TRUE,FALSE,"5690/10213/5719/5685/5684/5718/11047/7979/80086/5694/5717/5689/5701/10382/5686/347688/5709/5691/5707/7277","22142/22059/67951/26444/22143/12442/227613/59029/22146/22152","The role of GTSE1 in G2/M progression after G2 checkpoint",-3.04509059030274,3.04509059030274,"opposite direction"
"Reactome","Ubiquitin-dependent degradation of Cyclin D","R-HSA-75815","R-MMU-75815","Ubiquitin-dependent degradation of Cyclin D","Ubiquitin-dependent degradation of Cyclin D",-2.05276354094957,0.990705681047903,0.00117413047285652,0.843206800333115,-2.93028364031737,0.0740658995992257,TRUE,FALSE,"5687/5704/5690/10213/5719/5685/5684/5718/11047/7979/5694/5717/5689/5701/5686/5709/5691/5707","12567/26444/59029/12443/19181/19167/19173/67089/17463/22123/26441/19170/70247/78294","Ubiquitin-dependent degradation of Cyclin D",-3.04346922199747,3.04346922199747,"opposite direction"
"Reactome","Regulation of PTEN stability and activity","R-HSA-8948751","R-MMU-8948751","Regulation of PTEN stability and activity","Regulation of PTEN stability and activity",-2.33798065670502,0.701634792931169,1.50164315051228e-05,1,-4.82343326052515,0,TRUE,FALSE,"5687/5704/80243/5690/10213/1460/5719/5685/5684/5718/2444/11047/11060/7979/5694/5717/5689/5701/5686/5709/10273/5691/5707/80351/5728/4734","17999/26444/11651/59029/19181/19167/19720/19173/67089/12995/66894/17463/14302/22123/26441/19170/70247/78294","Regulation of PTEN stability and activity",-3.03961544963619,3.03961544963619,"opposite direction"
"Reactome","APC/C:Cdc20 mediated degradation of Securin","R-HSA-174154","R-MMU-174154","APC/C:Cdc20 mediated degradation of Securin","APC/C:Cdc20 mediated degradation of Securin",-2.03545569727591,0.99882942340406,0.000879323996355038,0.835442314600137,-3.05585107497976,0.0780835317858316,TRUE,FALSE,"5690/10213/5719/5685/5684/10393/5718/8881/51433/11047/64682/7321/29882/7979/5694/5717/5689/5701/5686/5709/5691/29945/5707","26444/59008/52206/59029/69957/216080/19181/217232/19167/19173/67089/52717/17222/17463/22123/26441/19170/70247/78294","APC/C:Cdc20 mediated degradation of Securin",-3.03428512067997,3.03428512067997,"opposite direction"
"Reactome","Regulation of RAS by GAPs","R-HSA-5658442","R-MMU-5658442","Regulation of RAS by GAPs","Regulation of RAS by GAPs",-2.21548630941478,0.816543536950651,9.26178170269973e-05,0.996985357450474,-4.03330545940671,0.00131122004858297,TRUE,FALSE,"5690/10213/5719/5685/5684/3265/5718/8452/8831/11047/7979/5694/5921/5717/5689/5701/9978/5686/5709/4763/5691/5707","26444/19414/218397/59029/114715/15461/19181/19167/19173/67089/17463/114713/22123/26441/19170/70247/78294","Regulation of RAS by GAPs",-3.03202984636543,3.03202984636543,"opposite direction"
"Reactome","Resolution of D-loop Structures through Holliday Junction Intermediates","R-HSA-5693568","R-MMU-5693568","Resolution of D-loop Structures through Holliday Junction Intermediates","Resolution of D-loop Structures through Holliday Junction Intermediates",2.08214039983861,-0.945697367755687,0.000459396647211013,0.885259640413209,3.33781217871668,-0.052929335108724,TRUE,FALSE,"348654/9156/5889/197342/63979/7517/79728/7516/7486/1763/672/23514/10635/84464/4683/4361/83990/146956/641/7156/5892/5932/116028/580/675","11920/327762/19362/26909/74335/71711/233826/52864/21975/12189/12144","Resolution of D-loop Structures through Holliday Junction Intermediates",3.0278377675943,3.0278377675943,"opposite direction"
"Reactome","Oxygen-dependent proline hydroxylation of Hypoxia-inducible Factor Alpha","R-HSA-1234176","R-MMU-1234176","Oxygen-dependent proline hydroxylation of Hypoxia-inducible Factor Alpha","Oxygen-dependent proline hydroxylation of Hypoxia-inducible Factor Alpha",-2.0043699848077,1.01724088272428,0.000523412650510739,0.803758748964228,-3.28115578498117,0.094874286719408,TRUE,FALSE,"7323/5687/5704/8453/6923/5690/10213/5719/5685/5684/5718/54583/11047/7321/7979/7322/5694/5717/5689/5701/9978/5686/5709/5691/5707","26444/112406/59029/216080/19181/67673/19167/15251/71745/19173/67089/29806/17463/56550/66105/13819/22123/26441/19170/70247/78294","Oxygen-dependent proline hydroxylation of Hypoxia-inducible Factor Alpha",-3.02161086753198,3.02161086753198,"opposite direction"
"Reactome","Regulation of RUNX2 expression and activity","R-HSA-8939902","R-MMU-8939902","Regulation of RUNX2 expression and activity","Regulation of RUNX2 expression and activity",-2.37421321031401,0.641973950645132,3.74457339994386e-06,1,-5.42659765209092,0,TRUE,FALSE,"5687/5704/11059/579/5690/865/10213/5719/5685/5684/860/5718/11047/8454/7979/5694/5717/5689/5701/2099/9978/5686/5709/10273/5691/650/5707/7291","26444/59029/19181/19167/19173/67089/26965/17463/22123/26441/19170/70247/78294","Regulation of RUNX2 expression and activity",-3.01618716095914,3.01618716095914,"opposite direction"
"Reactome","Telomere C-strand (Lagging Strand) Synthesis","R-HSA-174417","R-MMU-174417","Telomere C-strand (Lagging Strand) Synthesis","Telomere C-strand (Lagging Strand) Synthesis",1.84523663898148,-1.16751373704934,0.00999942458720343,0.619503807418325,2.00002499057924,-0.207956020142336,TRUE,FALSE,"5425/63922/54386/6118/2237/7486/1763/7013/25913/6119/26277/5984/5982/641","67967/18968/21749/18969/19891/12144/57321","Telomere C-strand (Lagging Strand) Synthesis",3.01275037603082,3.01275037603082,"opposite direction"
"Reactome","DNA Double-Strand Break Repair","R-HSA-5693532","R-MMU-5693532","DNA Double-Strand Break Repair","DNA Double-Strand Break Repair",1.81841721036682,-1.19406011341247,0.000363795923439827,0.429393536963258,3.43914217178575,-0.367144496654118,TRUE,FALSE,"2547/7520/5591/5425/9656/142/165918/348654/9156/5889/197342/2139/55183/83695/63979/85236/7517/8314/6118/2237/79728/7158/7468/3838/6233/10038/7516/2067/51567/3017/7486/1763/672/23514/54107/10635/84464/63967/6119/3364/5984/55775/4683/5982/4361/83990/5429/8914/146956/641/5426/79184/7156/5892/5932/84142/7515/10721/51588/27434/84126/11073/116028/1017/580/675/5893/23030/56655/5810/7157/5111/8349/80198/51750/64421/9031","227525/327762/19362/50505/93762/26909/19687/55982/235610/319583/22186/11785/68275/80905/19367/74335/71711/233826/93765/20184/54125/52864/14050/240087/67967/21975/12566/22190/22196/235559/22218/22385/77782/269582/19891/14048/12428/12189/59004/12144/27015/56196","DNA Double-Strand Break Repair",3.01247732377929,3.01247732377929,"opposite direction"
"Reactome","Processing of SMDT1","R-HSA-8949664","R-MMU-8949664","Processing of SMDT1","Processing of SMDT1",-1.66889202976409,1.33569853673704,0.0944848182039954,0.462059711506206,-1.02463796820939,0.335301897383329,FALSE,FALSE,"23203/10367/9512/91689","66592/68514/381038/234847/215999/66865/69597/12034/66815","Processing of SMDT1",-3.00459056650113,3.00459056650113,"opposite direction"
"Reactome","Fatty acyl-CoA biosynthesis","R-HSA-75105","R-MMU-75105","Fatty acyl-CoA biosynthesis","Fatty acyl-CoA biosynthesis",-1.4722462475617,1.52568242427484,0.119283255677347,0.246555393224728,-0.923420515904736,0.608085493144519,FALSE,FALSE,"2182/6319/23305/401494/51144/9200/83401/31/3293/51703/7923/9524/79071/47/2181/11000/79993","56348/106529/104112/14104/107476/257633/433256/234309/66775","Fatty acyl-CoA biosynthesis",-2.99792867183654,2.99792867183654,"opposite direction"
"Reactome","Sealing of the nuclear envelope (NE) by ESCRT-III","R-HSA-9668328","R-MMU-9668328","Sealing of the nuclear envelope (NE) by ESCRT-III","Sealing of the nuclear envelope (NE) by ESCRT-III",-1.30121539736854,1.68576479886337,0.224619148226398,0.111498528636867,-0.648553223966836,0.95273086363919,FALSE,FALSE,"6683/79643/80086/10382/347688/7277","22142/319965/67951/22143/227613/22146/22152/208092/66700","Sealing of the nuclear envelope (NE) by ESCRT-III",-2.98698019623191,2.98698019623191,"opposite direction"
"Reactome","Activation of ATR in response to replication stress","R-HSA-176187","R-MMU-176187","Activation of ATR in response to replication stress","Activation of ATR in response to replication stress",1.52839858654821,-1.45805668196669,0.0879468940068483,0.235166408772671,1.05577949377907,-0.628624712895776,FALSE,FALSE,"84515/4173/6118/990/63967/6119/3364/5984/995/23594/55388/5982/4998/84126/4174/1017/4176/5810","26428/66634/235610/68275/19367/23834/12566/70024/12545/269582/19891/17217/17215","Activation of ATR in response to replication stress",2.9864552685149,2.9864552685149,"opposite direction"
"Reactome","Formation of the polybromo-BAF (pBAF) complex","R-HSA-9933939","R-MMU-9933939","Formation of the polybromo-BAF (pBAF) complex","Formation of the polybromo-BAF (pBAF) complex",-1.24399531289012,1.73416159345984,0.347749040693463,0.0661416277422151,-0.458734059386556,1.1795251213249,FALSE,FALSE,"6604/6599/55193/55274/6601/196528","20587/72057/68094/20586/67155/20588/11465/83797","Formation of the polybromo-BAF (pBAF) complex",-2.97815690634996,2.97815690634996,"opposite direction"
"Reactome","Phase II - Conjugation of compounds","R-HSA-156580","R-MMU-156580","Phase II - Conjugation of compounds","Phase II - Conjugation of compounds",-1.0803806717452,1.88549634183508,0.506097761198931,0.00658275982132337,-0.295765583855213,2.18159199029404,FALSE,TRUE,"2098/2730/8460/7358/80146/26873/119391/10327/2949/8459","232087/14873/69065/14874/211666/14870/67768/18113/68312/75475/269378/22021/14629/14854/14630/14863/22017/68044/67674/67883/22235/14865/22022/13885/238505/110175","Phase II - Conjugation of compounds",-2.96587701358028,2.96587701358028,"opposite direction"
"Reactome","Hedgehog ligand biogenesis","R-HSA-5358346","R-MMU-5358346","Hedgehog ligand biogenesis","Hedgehog ligand biogenesis",-2.23807093587789,0.727573303856909,6.17635948889762e-05,1,-4.20926743425572,0,TRUE,FALSE,"5687/5034/5704/5690/10213/147111/5719/5685/5684/6868/5718/3549/11047/84447/7979/5694/5717/5689/5701/5686/5709/7415/5691/5707","26444/59029/66753/226861/19181/19167/19173/67089/17463/22123/18453/26441/19170/70247/78294","Hedgehog ligand biogenesis",-2.9656442397348,2.9656442397348,"opposite direction"
"Reactome","Regulation of Homotypic Cell-Cell Adhesion","R-HSA-9759476","R-MMU-9759476","Regulation of Homotypic Cell-Cell Adhesion","Regulation of Homotypic Cell-Cell Adhesion",-1.86112470258847,1.09637393727792,2.07270328553458e-05,0.647806522952955,-4.68346286417631,0.188554683265929,TRUE,FALSE,"5687/8348/5704/4609/8344/154796/1495/27319/8368/3065/1487/8363/1009/687/288/5690/10213/6663/1460/5719/5685/5684/8341/7088/653604/5718/27327/2534/72/1500/6935/11047/3703/7979/8331/6938/5694/8338/5717/9314/5689/5701/5931/6714/26523/5686/5709/5691/746/27161/283106/23512/5707/23112/1499/6615/117581/7291/5595/58/59","11475/12552/18553/11492/26444/13016/15270/14694/57875/217734/13858/59029/105837/68024/13039/11461/66357/14376","Regulation of Homotypic Cell-Cell Adhesion",-2.95749863986639,2.95749863986639,"opposite direction"
"Reactome","Glycosphingolipid catabolism","R-HSA-9840310","R-MMU-9840310","Glycosphingolipid catabolism","Glycosphingolipid catabolism",1.36485886404326,-1.59214390177817,0.228990580978578,0.136217156371121,0.640182381036343,-0.865768190161332,FALSE,FALSE,"55627/57704/2720/2760/414/10825/25870/79642/5660/412/415/3074/22901","17113/50877/58994/230101/15212/77626/18010/19156/20597/58911/14420/14466/15211","Glycosphingolipid catabolism",2.95700276582143,2.95700276582143,"opposite direction"
"Reactome","RHO GTPases Activate WASPs and WAVEs","R-HSA-5663213","R-MMU-5663213","RHO GTPases Activate WASPs and WAVEs","RHO GTPases Activate WASPs and WAVEs",-1.48527092508258,1.46792404755011,0.148959745326832,0.263078287174673,-0.826931078865727,0.579914994367174,FALSE,FALSE,"25/23191/3071/998/644150/4690/10787/10096/10006/10109/10092/5747/10458/10095/5595","11867/68089/67771/20430/11461/26417/242687/11350/74117/12540/14083/11465/76709/66713/215280","RHO GTPases Activate WASPs and WAVEs",-2.95319497263269,2.95319497263269,"opposite direction"
"Reactome","Elastic fibre formation","R-HSA-1566948","R-MMU-1566948","Elastic fibre formation","Elastic fibre formation",-0.981830837278842,1.97001094127151,0.692672798895387,0.0063066155120564,-0.159471866674674,2.2002036453159,FALSE,TRUE,"84171/4054/84034/2006/11117/7043/650/4052/30008","14119/23876/58859/14118/17150/16949/241226/16950/16419/268977/16998/14268/16948/108075/14115/94352/16997","Elastic fibre formation",-2.95184177855035,2.95184177855035,"opposite direction"
"Reactome","Molecules associated with elastic fibres","R-HSA-2129379","R-MMU-2129379","Molecules associated with elastic fibres","Molecules associated with elastic fibres",-1.0516320130838,1.89431685116762,0.562229976736457,0.0218067804694193,-0.250086002584574,1.661408448478,FALSE,TRUE,"4054/84034/2006/11117/7043/650/4052/30008","14119/23876/58859/14118/17150/241226/16419/268977/16998/14268/108075/14115/16997","Molecules associated with elastic fibres",-2.94594886425142,2.94594886425142,"opposite direction"
"Reactome","Arachidonate metabolism","R-HSA-2142753","R-MMU-2142753","Arachidonate metabolism","Arachidonate metabolism",-1.46516062885024,1.47768703623234,0.0766573452076302,0.256948197124299,-1.11544622528048,0.590154425193112,FALSE,FALSE,"5444/4051/246/11283/8529/2876/2879/57834/241/1573/5446/22949/4048/5743/376497/9536/5321/5742","17250/330260/19224/19225/269823/11690/625249/18783/13078/19223/14775/13479","Arachidonate metabolism",-2.94284766508258,2.94284766508258,"opposite direction"
"Reactome","Antigen processing-Cross presentation","R-HSA-1236975","R-MMU-1236975","Antigen processing-Cross presentation","Antigen processing-Cross presentation",-1.59011565048748,1.35269140067722,0.0164653140964343,0.356479690522244,-1.7834299801633,0.447965207874868,TRUE,FALSE,"1515/1147/929/5690/10952/10213/9902/5719/5685/5720/5684/5718/4689/4012/55176/11047/7979/6810/5694/5717/3134/5689/5701/23480/5686/5709/5691/8673/5707/3135","19171/17534/19186/26444/16419/16913/19188/59029/15039/19181/16912/19167/19173/67089","Antigen processing-Cross presentation",-2.9428070511647,2.9428070511647,"opposite direction"
"Reactome","Resolution of D-Loop Structures","R-HSA-5693537","R-MMU-5693537","Resolution of D-Loop Structures","Resolution of D-Loop Structures",1.99289326331692,-0.945697367755687,0.00104288874553954,0.885259640413209,2.98176201925841,-0.052929335108724,TRUE,FALSE,"348654/9156/5889/197342/63979/7517/79728/7516/7486/1763/672/23514/10635/84464/4683/4361/83990/146956/641/7156/5892/5932/116028/580/675/80198/51750","11920/327762/19362/26909/74335/71711/233826/52864/21975/12189/12144","Resolution of D-Loop Structures",2.93859063107261,2.93859063107261,"opposite direction"
"Reactome","Regulation of TP53 Activity through Phosphorylation","R-HSA-6804756","R-MMU-6804756","Regulation of TP53 Activity through Phosphorylation","Regulation of TP53 Activity through Phosphorylation",1.43001947476445,-1.49899164166677,0.0847175788048709,0.0980352137439252,1.07202646468893,-1.00861789994284,FALSE,FALSE,"11198/22974/6879/6882/9156/83695/6790/6118/9891/26155/6233/6878/7486/1763/672/4193/6119/3364/5984/4683/51616/5982/4361/83990/5563/8445/641/5565/7156/5932/84126/11073/9212/116028/51422/112858/1017/580","108143/235610/108099/99730/24074/22186/114741/66464/68275/19367/20869/77976/17165/13001/108079/21975/226182/12566/22190/235559/69181/15258/209361/19891/19079/72119/12428/12189/228980/12144/20878","Regulation of TP53 Activity through Phosphorylation",2.92901111643122,2.92901111643122,"opposite direction"
"Reactome","Telomere Extension By Telomerase","R-HSA-171319","R-MMU-171319","Telomere Extension By Telomerase","Telomere Extension By Telomerase",1.48343156371192,-1.44322603641001,0.131412639405204,0.356479690522244,0.881362861869491,-0.447965207874868,FALSE,FALSE,"54386/1736/7013/25913/26277/80119/55505/10856/1017/51750/54433/55164/8900/65057/55135","67857/208084/12566/21749/12428/57321","Telomere Extension By Telomerase",2.92665760012193,2.92665760012193,"opposite direction"
"Reactome","HDR through Homologous Recombination (HRR) or Single Strand Annealing (SSA)","R-HSA-5693567","R-MMU-5693567","HDR through Homologous Recombination (HRR) or Single Strand Annealing (SSA)","HDR through Homologous Recombination (HRR) or Single Strand Annealing (SSA)",1.80949720538436,-1.11416269560167,0.000464814492646829,0.629621552010635,3.33272033935606,-0.200920414449666,TRUE,FALSE,"5425/9656/165918/348654/9156/5889/197342/83695/63979/85236/7517/6118/79728/7158/7468/6233/7516/2067/3017/7486/1763/672/23514/54107/10635/84464/63967/6119/3364/5984/4683/5982/4361/83990/5429/8914/146956/641/5426/79184/7156/5892/5932/84142/51588/84126/11073/116028/1017/580/675/5893/56655/5810/5111/8349/80198/51750","68275/80905/19367/74335/71711/233826/93765/20184/52864/240087/67967/21975/12566/22190/22196/235559/269582/19891/12428/12189/59004/12144/27015","HDR through Homologous Recombination (HRR) or Single Strand Annealing (SSA)",2.92365990098603,2.92365990098603,"opposite direction"
"Reactome","MAPK family signaling cascades","R-HSA-5683057","R-MMU-5683057","MAPK family signaling cascades","MAPK family signaling cascades",-2.05158436690575,0.866204656795027,1.17833333333333e-08,1,-7.92873183658675,0,TRUE,FALSE,"2249/998/3667/5604/8649/5687/2906/5778/5704/1847/4609/801/1852/115727/5291/5786/673/3561/3716/2902/9986/3084/4254/5690/5568/10213/818/5528/5719/5685/5684/3265/5518/1741/5718/8452/2255/27327/1843/8831/2534/5058/148170/1439/5147/5159/2668/408/11047/2260/5906/7979/817/1740/5900/5694/5921/5717/28956/2675/3718/5689/8036/5526/5519/5701/8315/5037/9978/5747/2308/6714/51104/26523/5295/10048/5686/5709/5501/3717/5290/4763/58489/284/5691/27161/5593/5707/23112/5515/2263/23179/11221/5525/5595/5156/57731/8997/3082/2252","14178/26396/23859/13874/15234/16453/12048/26444/19731/19414/67603/18777/14268/14272/75590/218397/11836/13866/56327/59029/231474/240672/26395/114715/15461/18595/11461/14585/20416/11876/50772/216148/19181/108058/109905/260409/26417/16706/14586/18706/20779/18612/104252/13537/11600/12540/19167/18709/54401/14083/225849/208884/19173/11465/14360/67089/11839/16416/110606/18596/14173/19252/19671/54519","MAPK family signaling cascades",-2.91778902370078,2.91778902370078,"opposite direction"
"Reactome","EPH-Ephrin signaling","R-HSA-2682334","R-MMU-2682334","EPH-Ephrin signaling","EPH-Ephrin signaling",-1.89213492957008,1.02227400359506,0.000761737332473443,0.805184024849045,-3.11819475926824,0.0941048502621863,TRUE,FALSE,"160/10398/103910/2902/2046/102/51107/2041/1211/3265/1072/10096/2051/2534/4627/5058/10109/4313/10092/4318/161/5921/5747/6714/1942/3985/1759/1213/55851/10095/10451/2049/8997/4629","11867/68089/13848/67771/15529/19165/218397/110596/59287/15461/11461/13639/13846/19164/13640/20779/74117/12540/226548/22325/14083/11465/14360","EPH-Ephrin signaling",-2.91440893316514,2.91440893316514,"opposite direction"
"Reactome","EPHB-mediated forward signaling","R-HSA-3928662","R-MMU-3928662","EPHB-mediated forward signaling","EPHB-mediated forward signaling",-1.55718088803826,1.34633760199882,0.0800088307887573,0.416235287707062,-1.09686207611841,0.380661103829309,FALSE,FALSE,"3265/1072/10096/2051/2534/5058/10109/10092/5921/5747/6714/3985/10095/2049/8997","11867/68089/13848/67771/15529/218397/110596/15461/11461/13846/20779/74117/12540/14083/11465/14360","EPHB-mediated forward signaling",-2.90351849003708,2.90351849003708,"opposite direction"
"Reactome","Homologous DNA Pairing and Strand Exchange","R-HSA-5693579","R-MMU-5693579","Homologous DNA Pairing and Strand Exchange","Homologous DNA Pairing and Strand Exchange",1.90878897835202,-0.987623401687634,0.00160474982364585,0.835442314600137,2.79459266337052,-0.0780835317858316,TRUE,FALSE,"9156/5889/83695/7517/6118/79728/7516/7486/1763/672/10635/6119/3364/5984/4683/5982/4361/83990/641/7156/5892/5932/84126/11073/116028/580/675/5810","11920/327762/19362/26909/74335/233826/21975/12189/12144","Homologous DNA Pairing and Strand Exchange",2.89641238003965,2.89641238003965,"opposite direction"
"Reactome","Nuclear events mediated by NFE2L2","R-HSA-9759194","R-MMU-9759194","Nuclear events mediated by NFE2L2","Nuclear events mediated by NFE2L2",-2.06755826783468,0.828166474166722,7.12520350419668e-05,0.996844603983326,-4.14720272718085,0.00137253766881647,TRUE,FALSE,"5690/10213/5719/5685/5684/5718/3162/596/140809/11047/6888/8454/8878/10061/7979/4780/2730/5694/5717/5689/5701/4790/9978/5052/5686/5709/2033/3417/4199/5691/5707","26444/59029/76650/19181/18024/18477/19167/19173/67089/26965/17463/56637/22123/26441/19170/70247/78294","Nuclear events mediated by NFE2L2",-2.8957247420014,2.8957247420014,"opposite direction"
"Reactome","Chaperonin-mediated protein folding","R-HSA-390466","R-MMU-390466","Chaperonin-mediated protein folding","Chaperonin-mediated protein folding",-1.31457803281339,1.58058255841437,0.122573264007854,0.136217156371121,-0.911604248904942,0.865768190161332,FALSE,FALSE,"10693/22948/7280/2629/6950/26985/10564/1460/55294/26234/84261/5204/8841/2783/80086/6774/10382/26272/7277/8786","12464/14682/12466/14701/12468/14693/14708/12469/21454/14672/14688/14696/12465/14706/12995","Chaperonin-mediated protein folding",-2.89516059122776,2.89516059122776,"opposite direction"
"Reactome","Regulation of CDH1 Expression and Function","R-HSA-9764265","R-MMU-9764265","Regulation of CDH1 Expression and Function","Regulation of CDH1 Expression and Function",-1.9807250000472,0.912630028099354,2.62070605916998e-06,0.938049969069171,-5.58158168719505,0.0277740265324574,TRUE,FALSE,"5687/8348/5704/4609/8344/1495/8368/3065/1487/8363/687/288/5690/10213/1460/5719/5685/5684/8341/7088/653604/5718/27327/2534/72/1500/6935/11047/3703/7979/8331/6938/5694/8338/5717/9314/5689/5701/5931/6714/26523/5686/5709/5691/746/27161/283106/23512/5707/23112/1499/6615/117581/7291/5595/58/59","11475/18553/26444/13016/15270/14694/217734/13858/59029/105837/68024/13039/11461/66357/14376/19181/20779/20586/19167/19173/11465/14360/67089/22160/12995/232440/17463/57377/76687/22123/665433/12385/26441/19170/70247/13200/78294","Regulation of CDH1 Expression and Function",-2.89335502814655,2.89335502814655,"opposite direction"
"Reactome","Regulation of Expression and Function of Type I Classical Cadherins","R-HSA-9764274","R-MMU-9764274","Regulation of Expression and Function of Type I Classical Cadherins","Regulation of Expression and Function of Type I Classical Cadherins",-1.9807250000472,0.912630028099354,2.62070605916998e-06,0.938049969069171,-5.58158168719505,0.0277740265324574,TRUE,FALSE,"5687/8348/5704/4609/8344/1495/8368/3065/1487/8363/687/288/5690/10213/1460/5719/5685/5684/8341/7088/653604/5718/27327/2534/72/1500/6935/11047/3703/7979/8331/6938/5694/8338/5717/9314/5689/5701/5931/6714/26523/5686/5709/5691/746/27161/283106/23512/5707/23112/1499/6615/117581/7291/5595/58/59","11475/18553/26444/13016/15270/14694/217734/13858/59029/105837/68024/13039/11461/66357/14376/19181/20779/20586/19167/19173/11465/14360/67089/22160/12995/232440/17463/57377/76687/22123/665433/12385/26441/19170/70247/13200/78294","Regulation of Expression and Function of Type I Classical Cadherins",-2.89335502814655,2.89335502814655,"opposite direction"
"Reactome","AUF1 (hnRNP D0) binds and destabilizes mRNA","R-HSA-450408","R-MMU-450408","AUF1 (hnRNP D0) binds and destabilizes mRNA","AUF1 (hnRNP D0) binds and destabilizes mRNA",-2.00256178438272,0.884696820277747,0.00117511306522725,0.938049969069171,-2.92992034510124,0.0277740265324574,TRUE,FALSE,"5690/10213/5719/5685/5684/5718/11047/7979/5694/5717/26986/5689/5701/5686/5709/5691/5707","26444/18458/59029/208643/19181/19167/19173/67089/17463/15481/22123/26441/19170/70247/78294","AUF1 (hnRNP D0) binds and destabilizes mRNA",-2.88725860466047,2.88725860466047,"opposite direction"
"Reactome","Extension of Telomeres","R-HSA-180786","R-MMU-180786","Extension of Telomeres","Extension of Telomeres",1.59597868057719,-1.28900011930524,0.0240077782565824,0.44236787981758,1.61964802884559,-0.354216414534301,TRUE,FALSE,"5425/63922/54386/6118/2237/1736/7486/1763/7013/25913/6119/26277/5984/80119/5982/55505","67967/67857/208084/12566/18968/21749/18969/19891/12428/12144/57321","Extension of Telomeres",2.88497879988243,2.88497879988243,"opposite direction"
"Reactome","Activation of NMDA receptors and postsynaptic events","R-HSA-442755","R-MMU-442755","Activation of NMDA receptors and postsynaptic events","Activation of NMDA receptors and postsynaptic events",-1.58110920965349,1.30145433656374,0.0222073609161587,0.485677392152212,-1.65350304918,0.313652112075778,TRUE,FALSE,"26960/5573/8573/7280/2906/6197/801/55327/2903/2902/3084/5568/818/3265/1741/2891/5571/53632/817/80086/1740/5562/10382/6714/347688/8536/5595/5577/7277","23859/20112/52163/14799/207565/19088/19084/108058","Activation of NMDA receptors and postsynaptic events",-2.88256354621723,2.88256354621723,"opposite direction"
"Reactome","GLI3 is processed to GLI3R by the proteasome","R-HSA-5610785","R-MMU-5610785","GLI3 is processed to GLI3R by the proteasome","GLI3 is processed to GLI3R by the proteasome",-2.28357176760768,0.594130013472653,5.14435439042575e-05,1,-4.28866912085661,0,TRUE,FALSE,"5690/5568/10213/5719/5685/5684/5718/51684/11047/8454/7979/5694/5717/5689/5701/9978/5686/5709/5691/5707","26444/59029/19181/19167/93687/19173/67089/26965/17463/56637/22123/26441/19170/70247/78294","GLI3 is processed to GLI3R by the proteasome",-2.87770178108033,2.87770178108033,"opposite direction"
"Reactome","Ub-specific processing proteases","R-HSA-5689880","R-MMU-5689880","Ub-specific processing proteases","Ub-specific processing proteases",-1.96281281814764,0.913214499394487,1.31273174296476e-05,0.938049969069171,-4.88182401302171,0.0277740265324574,TRUE,FALSE,"5687/8348/5704/4609/8344/63891/85235/4792/9986/9868/5690/10213/23358/5719/5685/8332/57695/5684/8341/57599/5718/8295/29761/4089/9958/408/11047/8078/9736/84749/6881/7979/4086/8331/55611/10868/27005/5694/8338/5717/4303/5689/55031/5701/8678/2648/1080/10869/5686/8329/5709/8239/3416/5691/5707/80351/5728/92815","24110/230073/71586/24075/22059/22335/26444/107260/22258/20439/217057/22225/59029/50868/28185/14232/13531/11835/22333/14534/19181","Ub-specific processing proteases",-2.87602731754213,2.87602731754213,"opposite direction"
"Reactome","Resolution of Sister Chromatid Cohesion","R-HSA-2500257","R-MMU-2500257","Resolution of Sister Chromatid Cohesion","Resolution of Sister Chromatid Cohesion",1.52045585262886,-1.35292703431509,0.019975802072284,0.246555393224728,1.6994957737875,-0.608085493144519,TRUE,FALSE,"54908/11130/701/1063/8379/80152/348235/332/55746/147841/57082/55143/79172/699/113130/6232/25936/25909/79980/151246/55055/83540/348995/79682/5527/220134/2491/57405/1060/64946/55839","13006/13424/269966/67139/103573/236930/52504/18221/56430/66977/26951/68549/107995/83431/76499/12237/218914/228421/66934/52696/75786/12235/268697/229841/68097/12534/21770/100710/26932/67849/66140/70385/52276/16319/108000/12236/19387","Resolution of Sister Chromatid Cohesion",2.87338288694395,2.87338288694395,"opposite direction"
"Reactome","Ubiquitin-Mediated Degradation of Phosphorylated Cdc25A","R-HSA-69601","R-MMU-69601","Ubiquitin-Mediated Degradation of Phosphorylated Cdc25A","Ubiquitin-Mediated Degradation of Phosphorylated Cdc25A",-2.07028151082738,0.803000837471632,0.000451619107921929,0.996985357450474,-3.34522769143817,0.00131122004858297,TRUE,FALSE,"5687/5704/1263/5690/10213/5719/5685/5684/5718/11047/8454/7979/5694/5717/5689/5701/9978/5686/5709/5691/5707","26444/59029/19181/50883/19167/93687/19173/67089/26965/17463/56637/22123/26441/19170/70247/78294","Ubiquitin-Mediated Degradation of Phosphorylated Cdc25A",-2.87328234829901,2.87328234829901,"opposite direction"
"Reactome","p53-Independent G1/S DNA Damage Checkpoint","R-HSA-69613","R-MMU-69613","p53-Independent G1/S DNA Damage Checkpoint","p53-Independent G1/S DNA Damage Checkpoint",-2.07028151082738,0.803000837471632,0.000451619107921929,0.996985357450474,-3.34522769143817,0.00131122004858297,TRUE,FALSE,"5687/5704/1263/5690/10213/5719/5685/5684/5718/11047/8454/7979/5694/5717/5689/5701/9978/5686/5709/5691/5707","26444/59029/19181/50883/19167/93687/19173/67089/26965/17463/56637/22123/26441/19170/70247/78294","p53-Independent G1/S DNA Damage Checkpoint",-2.87328234829901,2.87328234829901,"opposite direction"
"Reactome","Regulation of pyruvate metabolism","R-HSA-9861718","R-MMU-9861718","Regulation of pyruvate metabolism","Regulation of pyruvate metabolism",-1.62407316780252,1.24686606001312,0.0409123430582982,0.520237414187643,-1.38814564765512,0.283798417632383,TRUE,FALSE,"5163/23409/5161/1737/4750/10296/1738/4289/79018/5166/80232/10048/4199/5160/5165","228026/319518/14874/76425/16828/17436/235339/18597/18004/74125/236900","Regulation of pyruvate metabolism",-2.87093922781564,2.87093922781564,"opposite direction"
"Reactome","CDK-mediated phosphorylation and removal of Cdc6","R-HSA-69017","R-MMU-69017","CDK-mediated phosphorylation and removal of Cdc6","CDK-mediated phosphorylation and removal of Cdc6",-2.06464615217777,0.805345461516812,0.000377870426404534,1,-3.42265709631242,0,TRUE,FALSE,"5690/10213/5719/5685/5684/10393/5718/8881/51433/11047/64682/7321/29882/7979/5694/5717/5689/5701/5686/5709/5691/29945/5707","26444/59008/52206/59029/69957/216080/19181/217232/19167/19173/67089/52717/17222/17463/22123/26441/19170/70247/78294/56371","CDK-mediated phosphorylation and removal of Cdc6",-2.86999161369458,2.86999161369458,"opposite direction"
"Reactome","EML4 and NUDC in mitotic spindle formation","R-HSA-9648025","R-MMU-9648025","EML4 and NUDC in mitotic spindle formation","EML4 and NUDC in mitotic spindle formation",1.62300058259081,-1.24580963922979,0.00681636008648695,0.386762360446571,2.16644747524787,-0.412555797892434,TRUE,FALSE,"54908/11130/701/1063/8379/80152/348235/332/55746/147841/57082/10783/55143/79172/699/6232/25936/25909/79980/151246/55055/83540/348995/79682/5527/220134/2491/57405/1060/64946/55839/1058/57122/3619/991/9735/55166/5905/23421/81930/151648/91687/1062/23279/4085/54820/9212","13424/269966/67139/103573/236930/52504/18221/56430/66977/26951/68549/107995/83431/76499/12237/228421/66934/52696/75786/12235/229841/68097/21770/26932/66140/70385/52276/16319/108000/12236/19387","EML4 and NUDC in mitotic spindle formation",2.8688102218206,2.8688102218206,"opposite direction"
"Reactome","Hedgehog 'off' state","R-HSA-5610787","R-MMU-5610787","Hedgehog 'off' state","Hedgehog 'off' state",-1.79633965394191,1.06632746050353,0.00180858082068206,0.723492962056304,-2.7426620789997,0.140565689223558,TRUE,FALSE,"5573/5692/26160/7280/5687/5704/2778/111/23322/51098/5690/5568/10213/5719/5685/5684/5718/6608/51684/11047/11127/8454/7979/196883/5694/5717/5689/5701/9978/10382/112/5686/5709/5691/5707/5577/7277","22142/67951/26444/22143/67661/245866/227613/319757/59029/22146/22152/19088/19084/81896/104111/19181/21821/237222/16568/14633/19167/93687/19173/67089","Hedgehog 'off' state",-2.86266711444544,2.86266711444544,"opposite direction"
"Reactome","Stabilization of p53","R-HSA-69541","R-MMU-69541","Stabilization of p53","Stabilization of p53",-2.05796852105642,0.803211367823882,0.000520876811349365,0.996985357450474,-3.28326497627277,0.00131122004858297,TRUE,FALSE,"5687/5704/51230/5690/10213/5719/5685/5684/5718/11047/7979/5694/5717/5689/5701/5686/5709/5691/5707/64326","22059/26444/59029/26374/19181/50883/19167/19173/67089/17463/22123/26441/19170/70247/78294","Stabilization of p53",-2.8611798888803,2.8611798888803,"opposite direction"
"Reactome","Smooth Muscle Contraction","R-HSA-445355","R-MMU-445355","Smooth Muscle Contraction","Smooth Muscle Contraction",-1.30442302524134,1.55464407735493,0.223726406538828,0.241150319003953,-0.650282752884716,0.617712159238408,FALSE,FALSE,"801/10398/103910/8911/25802/5058/301/72/58498/217/4629/59","11475/98932/16419/22004","Smooth Muscle Contraction",-2.85906710259627,2.85906710259627,"opposite direction"
"Reactome","Regulation of RUNX3 expression and activity","R-HSA-8941858","R-MMU-8941858","Regulation of RUNX3 expression and activity","Regulation of RUNX3 expression and activity",-1.92746954590814,0.91987907014004,0.000879323996355038,0.928718464263488,-3.05585107497976,0.0321159199650165,TRUE,FALSE,"5690/865/10213/5719/5685/5684/5718/11047/7979/5694/5717/5689/5701/6714/5686/5709/2033/5691/5707","26444/75788/59029/19181/20779/19167/12400/19173/67089/17463/21803/22123/26441/19170/70247/78294","Regulation of RUNX3 expression and activity",-2.84734861604818,2.84734861604818,"opposite direction"
"Reactome","Cellular responses to mechanical stimuli","R-HSA-9855142","R-MMU-9855142","Cellular responses to mechanical stimuli","Cellular responses to mechanical stimuli",-1.3771848955785,1.46719731185539,0.107051541316014,0.182143149896075,-0.970407075401576,0.739587157215236,FALSE,FALSE,"5586/5029/2778/801/5291/111/4792/1147/5027/5568/5518/2534/2783/4323/3339/196883/253260/5519/4790/5747/112/5290/5144/5515/1499/784/5577/6696","11535/18442/22601/11651/14268/238871/14682/14701/54598/19088/19084/14693/14708/56716/12306/12336/11350/227743/14672/14688/56717/14083/14696/14706/16416","Cellular responses to mechanical stimuli",-2.84438220743389,2.84438220743389,"opposite direction"
"Reactome","Synthesis of very long-chain fatty acyl-CoAs","R-HSA-75876","R-MMU-75876","Synthesis of very long-chain fatty acyl-CoAs","Synthesis of very long-chain fatty acyl-CoAs",-1.45588570804514,1.38803187975341,0.156575366414906,0.429393536963258,-0.805276563297192,0.367144496654118,FALSE,FALSE,"23305/401494/51144/9200/83401/3293/51703/9524/79071/2181/11000/79993","56348/106529/257633/433256/66775","Synthesis of very long-chain fatty acyl-CoAs",-2.84391758779855,2.84391758779855,"opposite direction"
"Reactome","Protein folding","R-HSA-391251","R-MMU-391251","Protein folding","Protein folding",-1.26324936348847,1.58058255841437,0.194133702379579,0.136217156371121,-0.711899062824388,0.865768190161332,FALSE,FALSE,"10693/22948/7280/2629/6950/26985/10564/1460/55294/26234/84261/5204/8841/2783/80086/6774/10382/26272/7277/8786","12464/14682/12466/14701/12468/14693/14708/12469/21454/14672/14688/14696/12465/14706/12995","Protein folding",-2.84383192190284,2.84383192190284,"opposite direction"
"Reactome","Immunoregulatory interactions between a Lymphoid and a non-Lymphoid cell","R-HSA-198933","R-MMU-198933","Immunoregulatory interactions between a Lymphoid and a non-Lymphoid cell","Immunoregulatory interactions between a Lymphoid and a non-Lymphoid cell",-1.14506066701366,1.68748602805553,0.375314826793653,0.0733249397335036,-0.425604278466011,1.13474828529821,FALSE,FALSE,"1280/3134/56654/196500/3135/3695/7412/718/947","66141/12266/12490/80876/18146/15039/68713/19294/379043","Immunoregulatory interactions between a Lymphoid and a non-Lymphoid cell",-2.83254669506919,2.83254669506919,"opposite direction"
"Reactome","GSK3B-mediated proteasomal degradation of PD-L1(CD274)","R-HSA-9929356","R-MMU-9929356","GSK3B-mediated proteasomal degradation of PD-L1(CD274)","GSK3B-mediated proteasomal degradation of PD-L1(CD274)",-2.18205670534659,0.633869196436299,0.00011638290279252,1,-3.93411081494591,0,TRUE,FALSE,"5690/10213/5719/5685/5684/5718/11047/8454/7979/5694/5717/10987/5689/5701/9978/5686/5709/5691/5707","26444/59029/19181/60533/19167/19173/67089/26965/17463/56637/22123/26441/19170/70247/78294","GSK3B-mediated proteasomal degradation of PD-L1(CD274)",-2.81592590178289,2.81592590178289,"opposite direction"
"Reactome","Fatty acids","R-HSA-211935","R-MMU-211935","Fatty acids","Fatty acids",-1.61761845029734,1.18335536788994,0.124605992962091,0.654733424470267,-0.904461069652962,0.183935487560568,FALSE,FALSE,"1580/126410/4051/11283/8529/57834/66002/1573/131","11529","Fatty acids",-2.80097381818728,2.80097381818728,"opposite direction"
"Reactome","Myogenesis","R-HSA-525793","R-MMU-525793","Myogenesis","Myogenesis",-1.73558073953558,1.06457983010687,0.0409123430582982,0.76544531683718,-1.38814564765512,0.116085829713129,TRUE,FALSE,"4756/5608/998/4205/1495/4917/1496/91653/4209/9043/6938/1499/6925/50937","21423/57810/21413/12175/11350/12540/21406/12385/12558/117606","Myogenesis",-2.80016056964245,2.80016056964245,"opposite direction"
"Reactome","KEAP1-NFE2L2 pathway","R-HSA-9755511","R-MMU-9755511","KEAP1-NFE2L2 pathway","KEAP1-NFE2L2 pathway",-1.96122729379615,0.834118579449004,6.76603678016751e-05,0.992097137429153,-4.16966564571736,0.00344580346664124,TRUE,FALSE,"5690/10213/1460/5584/5719/5685/5684/64839/5580/5718/8452/139285/3162/596/10072/140809/11047/6888/8454/8878/10061/7979/4780/2730/5694/5717/5689/5701/4790/9978/5052/5686/5709/2033/3417/4199/7415/5691/5707","26444/230784/217365/11651/59029/50868/76650/19181/18024/18477/19167/19173/67089/26965/17463/18412/56637/22123/26441/19170/70247/78294","KEAP1-NFE2L2 pathway",-2.79534587324515,2.79534587324515,"opposite direction"
"Reactome","Pyruvate metabolism","R-HSA-70268","R-MMU-70268","Pyruvate metabolism","Pyruvate metabolism",-1.5280718790997,1.26452826083559,0.0753123834164634,0.494428639165481,-1.12313360803219,0.305896381221618,FALSE,FALSE,"5161/1737/4750/10296/51660/1738/4289/3029/5313/160287/79018/5166/80232/10048/10873/4199/5160/5165/5091","228026/319518/14874/76425/16828/17436/235339/18597/22333/107029/109801/18004/74125/236900","Pyruvate metabolism",-2.79260013993529,2.79260013993529,"opposite direction"
"Reactome","HSP90 chaperone cycle for steroid hormone receptors (SHR) in the presence of ligand","R-HSA-3371497","R-MMU-3371497","HSP90 chaperone cycle for steroid hormone receptors (SHR) in the presence of ligand","HSP90 chaperone cycle for steroid hormone receptors (SHR) in the presence of ligand",-1.64111151333519,1.15142132776585,0.028389965938196,0.647806522952955,-1.54683512853305,0.188554683265929,TRUE,FALSE,"10121/80086/830/10382/347688/10294/832/3305/7277","22142/67951/22143/235661/227613/22146/22152/69654/234663/11835","HSP90 chaperone cycle for steroid hormone receptors (SHR) in the presence of ligand",-2.79253284110104,2.79253284110104,"opposite direction"
"Reactome","Biosynthesis of specialized proresolving mediators (SPMs)","R-HSA-9018678","R-MMU-9018678","Biosynthesis of specialized proresolving mediators (SPMs)","Biosynthesis of specialized proresolving mediators (SPMs)",-1.38203383387351,1.40433726718868,0.217551522793113,0.416235287707062,-0.662437872434094,0.380661103829309,FALSE,FALSE,"246/2879/241/22949/4048/5743","19225/11690/625249/14865/56448","Biosynthesis of specialized proresolving mediators (SPMs)",-2.78637110106219,2.78637110106219,"opposite direction"
"Reactome","Signaling by FGFR1","R-HSA-5654736","R-MMU-5654736","Signaling by FGFR1","Signaling by FGFR1",-1.63182663152822,1.15369990604563,0.0381718861595643,0.63708122439142,-1.41825638004429,0.195805193950067,TRUE,FALSE,"3265/5518/2255/2260/6714/5295/5290/5515/23767/5595/7049","399558/21814/17346/114715/15461/20416/26417/18706/20779/24064/67903/14173/396184/18803","Signaling by FGFR1",-2.78552653757385,2.78552653757385,"opposite direction"
"Reactome","Regulation of PD-L1(CD274) Post-translational modification","R-HSA-9909615","R-MMU-9909615","Regulation of PD-L1(CD274) Post-translational modification","Regulation of PD-L1(CD274) Post-translational modification",-2.01709888088372,0.763868297022277,5.49343791911653e-05,1,-4.26015577904616,0,TRUE,FALSE,"3716/5690/10213/1460/5719/5685/5684/5718/8452/5571/53632/11047/3703/8454/7979/5694/5717/10987/5689/5562/5701/9978/5686/5709/79139/8405/7415/5691/746/5707","12567/26444/22628/59029/12443/66753/244373/66357/80286/19181/60533/76580/19167/19173/67089/12995/26965/17463/72297/56637/22123/20747/26441/19170/70247/13200/78294","Regulation of PD-L1(CD274) Post-translational modification",-2.780967177906,2.780967177906,"opposite direction"
"Reactome","Cellular response to hypoxia","R-HSA-1234174","R-MMU-1234174","Cellular response to hypoxia","Cellular response to hypoxia",-1.96072340543789,0.819953694025377,0.00133816695395792,0.996985357450474,-2.87348969922937,0.00131122004858297,TRUE,FALSE,"7323/5687/5704/8453/6923/7422/5690/10213/5719/5685/5684/5718/54583/11047/7321/7979/10370/405/7322/5694/5717/5689/5701/9978/5686/5709/2033/5691/5707","26444/112406/59029/216080/19181/67673/19167/15251/71745/19173/67089/29806/17463/56550/66105/13819/22123/26441/19170/70247/78294","Cellular response to hypoxia",-2.78067709946327,2.78067709946327,"opposite direction"
"Reactome","Co-inhibition by PD-1","R-HSA-389948","R-MMU-389948","Co-inhibition by PD-1","Co-inhibition by PD-1",-1.96719948488901,0.808079266502524,5.436620051055e-06,1,-5.26467101746658,0,TRUE,FALSE,"5687/8348/91319/5704/4609/4297/8344/8368/8363/3716/5690/10213/1460/5719/5685/5684/8341/653604/5718/8452/27327/5571/53632/11047/3703/8454/7979/84661/4791/4780/3659/8331/5694/8338/5717/6774/5777/10987/6934/5689/5562/5701/4790/9978/5931/26523/5686/5709/79139/2033/3127/8405/7415/5691/746/27161/23512/5707/23112/1499","12567/26444/15270/22628/59029/12443/66753/244373/68024/66357/80286/19181/60533/76580/19167/16818/19173/67089/12995/26965/232440/17463/72297/56637/22123/665433/12988/20747/26441/19170/70247/13200/78294/54197/245688","Co-inhibition by PD-1",-2.77527875139153,2.77527875139153,"opposite direction"
"Reactome","G alpha (i) signalling events","R-HSA-418594","R-MMU-418594","G alpha (i) signalling events","G alpha (i) signalling events",-1.62561346734167,1.14224892001523,0.00181512126725449,0.593290135045116,-2.74109435468289,0.226732872850965,TRUE,FALSE,"5582/2357/2781/6001/5173/2792/846/4283/2776/6753/2779/84152/2790/6376/8698/5995/2587/1524/2847/9628/156/3627/108/3827/26960/2918/5573/80834/3354/353299/4988/2778/29899/3577/5332/6352/801/111/23236/5532/5142/10663/5568/5443/818/5528/2771/51083/2773/5518/9170/5580/9283/301/5331/2783/196883/817/26575/6004/1020/5519/150/5141/6714/112/3710/6387/5321/5144/9294/10768/5530/5515/5499/718/3708/5577/8786","12266/18573/12568/12778/71729/20312/18798/207565/14739/238871/16952/56470/18578/14682/20315/14701/18795/19088/19084/13610/14693/14708/11820/104111/20779/18783/14672/15551/14688/11609/14696/20606/14706","G alpha (i) signalling events",-2.7678623873569,2.7678623873569,"opposite direction"
"Reactome","Interleukin-1 family signaling","R-HSA-446652","R-MMU-446652","Interleukin-1 family signaling","Interleukin-1 family signaling",-1.66555921164774,1.10212106269578,0.00359180350673503,0.667058534261522,-2.44468742987635,0.175836055151817,TRUE,FALSE,"57162/5608/5604/5687/23118/5778/5704/7334/4792/1147/29110/84867/64127/5690/10213/5719/5685/5684/5718/8807/25930/11047/8454/8878/6416/7979/4791/5694/5717/6774/5777/5689/5701/4790/9978/5686/5709/5691/5707/9173","24110/69146/17082/16177/26444/16174/107527/59029/266632/16179/17874/11820/26406/434341/19181/80750/223664/26419/19167/19173/67089/16180/26965/12370/17463/16151/18412/26399/20848/22123/26441/71966/19170/70247/78294/270151","Interleukin-1 family signaling",-2.76768027434352,2.76768027434352,"opposite direction"
"Reactome","Regulation of actin dynamics for phagocytic cup formation","R-HSA-2029482","R-MMU-2029482","Regulation of actin dynamics for phagocytic cup formation","Regulation of actin dynamics for phagocytic cup formation",-1.62280255492632,1.14325803443965,0.03194641593665,0.647806522952955,-1.49557785820187,0.188554683265929,TRUE,FALSE,"1072/10787/10096/4627/5058/10006/4641/10109/9844/10092/1398/5747/10458/4644/10095/10451/5595","11867/68089/67771/20430/11461/26417/330662/242687/17913/11350/74117/12540/22325/14083/11465","Regulation of actin dynamics for phagocytic cup formation",-2.76606058936597,2.76606058936597,"opposite direction"
"Reactome","Degradation of AXIN","R-HSA-4641257","R-MMU-4641257","Degradation of AXIN","Degradation of AXIN",-2.13238110956602,0.62922057501966,0.000489257663640701,1,-3.310462362909,0,TRUE,FALSE,"5690/10213/5719/5685/5684/5718/11047/7979/5694/5717/5689/5701/5686/5709/5691/5707/80351","26444/59029/19181/19167/12005/19173/67089/17463/22123/26441/19170/70247/78294","Degradation of AXIN",-2.76160168458568,2.76160168458568,"opposite direction"
"Reactome","APC/C:Cdh1 mediated degradation of Cdc20 and other APC/C:Cdh1 targeted proteins in late mitosis/early G1","R-HSA-174178","R-MMU-174178","APC/C:Cdh1 mediated degradation of Cdc20 and other APC/C:Cdh1 targeted proteins in late mitosis/early G1","APC/C:Cdh1 mediated degradation of Cdc20 and other APC/C:Cdh1 targeted proteins in late mitosis/early G1",-1.88569986900813,0.874414594954977,0.00285134894979853,0.960450770041743,-2.54494963021829,0.0175248909242579,TRUE,FALSE,"5690/10213/5719/5685/5684/10393/5718/8881/51433/11047/64682/7321/29882/7979/5694/5717/5689/5701/5686/5709/5691/29945/5707","26444/59008/52206/59029/69957/216080/19645/19181/217232/19167/19173/67089/52717/17222/17463/22123/26441/19170/70247/78294/56371","APC/C:Cdh1 mediated degradation of Cdc20 and other APC/C:Cdh1 targeted proteins in late mitosis/early G1",-2.76011446396311,2.76011446396311,"opposite direction"
"Reactome","HDR through Single Strand Annealing (SSA)","R-HSA-5685938","R-MMU-5685938","HDR through Single Strand Annealing (SSA)","HDR through Single Strand Annealing (SSA)",1.85187711743302,-0.902775978268694,0.00410123454325806,0.938049969069171,2.38708539337283,-0.0277740265324574,TRUE,FALSE,"9156/83695/6118/2067/7486/1763/672/6119/3364/5984/4683/5982/4361/83990/641/7156/5932/84126/11073/116028/580/5893/5810","11920/327762/50505/26909/235610/68275/19367/21975/235559/19891/12189/12144","HDR through Single Strand Annealing (SSA)",2.75465309570171,2.75465309570171,"opposite direction"
"Reactome","RAF activation","R-HSA-5673000","R-MMU-5673000","RAF activation","RAF activation",-2.01435910483891,0.737495113808044,0.00418315248609961,1,-2.37849630403888,0,TRUE,FALSE,"5604/801/673/818/5528/3265/5518/817/8036/5526/5519/8315/6714/5501/3717/5515/5525","26396/11836/26395/15461/108058/16706/20779/54401/225849","RAF activation",-2.75185421864695,2.75185421864695,"opposite direction"
"Reactome","Regulation of PD-L1(CD274) expression","R-HSA-9909648","R-MMU-9909648","Regulation of PD-L1(CD274) expression","Regulation of PD-L1(CD274) expression",-1.96914047718253,0.782224759627032,1.54673673823139e-05,1,-4.81058359894631,0,TRUE,FALSE,"5687/8348/91319/5704/4609/4297/8344/8368/8363/3716/5690/10213/1460/5719/5685/5684/8341/653604/5718/8452/27327/5571/53632/11047/3703/8454/7979/84661/4791/4780/3659/8331/5694/8338/5717/6774/10987/6934/5689/5562/5701/4790/9978/5931/26523/5686/5709/79139/2033/8405/7415/5691/746/27161/23512/5707/23112/1499","12567/26444/15270/22628/59029/12443/66753/244373/68024/66357/80286/19181/60533/76580/19167/19173/67089/12995/26965/232440/17463/72297/56637/22123/665433/20747/26441/19170/70247/13200/78294/54197/245688","Regulation of PD-L1(CD274) expression",-2.75136523680956,2.75136523680956,"opposite direction"
"Reactome","Nuclear Events (kinase and transcription factor activation)","R-HSA-198725","R-MMU-198725","Nuclear Events (kinase and transcription factor activation)","Nuclear Events (kinase and transcription factor activation)",-1.93489266670251,0.814530587288105,0.00168206570778579,0.980169256031325,-2.77415704303786,0.00869892368152369,TRUE,FALSE,"6197/4205/6446/1960/5528/4664/5518/1108/4665/4209/6722/6457/3726/3398/6938/1020/5519/1386/6236/466/2033/5515/5595/9252","17937/20112/67603","Nuclear Events (kinase and transcription factor activation)",-2.74942325399061,2.74942325399061,"opposite direction"
"Reactome","Adherens junctions interactions","R-HSA-418990","R-MMU-418990","Adherens junctions interactions","Adherens junctions interactions",-1.66732956218452,1.07981430748021,0.000453553254038463,0.683740601503759,-3.34337171284379,0.165108630301085,TRUE,FALSE,"5687/8348/5704/4609/8344/154796/1495/27319/8368/3065/1487/8363/1009/687/3716/288/5690/10213/6663/1460/5719/5685/5684/8341/7088/653604/5718/4301/27327/2534/72/1500/6935/11047/3703/7979/1010/8331/9844/6938/5694/8338/5717/6774/9314/5689/5701/4790/5931/6714/26523/5686/5709/3717/253559/5691/746/27161/283106/23512/5707/23112/1499/6615/117581/127544/7291/5595/58/59","11475/12552/12563/18553/11492/26444/13016/15270/14694/57875/217734/12554/13858/59029/105837/68024/13039/11461/66357/14376/19294/19181/227377/330662/20779/20586/12540/19167/22325/19173/11465/14360/67089/22160/12995/232440/16452/54721/17463/16193/57377","Adherens junctions interactions",-2.74714386966473,2.74714386966473,"opposite direction"
"Reactome","Transcriptional regulation by RUNX3","R-HSA-8878159","R-MMU-8878159","Transcriptional regulation by RUNX3","Transcriptional regulation by RUNX3",-1.60086520230329,1.13333350358584,0.00814107284826371,0.645845196898681,-2.08931835906919,0.18987156588922,TRUE,FALSE,"5690/865/10213/5719/5685/5684/5718/4089/11047/7979/5694/5717/6934/5689/5701/2648/6714/9759/5686/5709/2033/5691/5707/1499/8850/3516/6696","19664/22059/21677/26444/22601/75788/59029/12443/208727/14534/19181/20779/19167/12400/103806/21678/19173/67089/17463/21803/21679/22123/21676/26441/19170/70247/78294","Transcriptional regulation by RUNX3",-2.73419870588913,2.73419870588913,"opposite direction"
"Reactome","Termination of O-glycan biosynthesis","R-HSA-977068","R-MMU-977068","Termination of O-glycan biosynthesis","Termination of O-glycan biosynthesis",-1.29423608952299,1.42901721567361,0.301065602303567,0.404997430626927,-0.521338861169795,0.392547732015176,FALSE,FALSE,"10071/283463/4586/6487/140453/4585/94025/727897/56667/4583/6484/6483","20443/20444/20442/20448","Termination of O-glycan biosynthesis",-2.7232533051966,2.7232533051966,"opposite direction"
"Reactome","L1CAM interactions","R-HSA-373760","R-MMU-373760","L1CAM interactions","L1CAM interactions",-1.35111741069278,1.36599833572099,0.0831610091188646,0.331264758113303,-1.08008024935385,0.479824764453181,FALSE,FALSE,"6324/2260/80086/161/10382/6714/10048/347688/1759/1213/285643/5595/8828/57731/9252/7277","14432/26396/22142/18186/67951/11733/22143/227613/13429/22146/22152/17698/26395/11461","L1CAM interactions",-2.71711574641377,2.71711574641377,"opposite direction"
"Reactome","Response of endothelial cells to shear stress","R-HSA-9860931","R-MMU-9860931","Response of endothelial cells to shear stress","Response of endothelial cells to shear stress",-1.2435851849547,1.46719731185539,0.164715475566428,0.182143149896075,-0.783265595503189,0.739587157215236,FALSE,FALSE,"5586/5029/2778/801/5291/111/4792/1147/5568/5518/2534/2783/4323/196883/253260/5519/4790/5747/112/5290/5144/5515/1499/5577","11535/18442/22601/11651/14268/238871/14682/14701/54598/19088/19084/14693/14708/56716/12306/12336/11350/227743/14672/14688/56717/14083/14696/14706/16416","Response of endothelial cells to shear stress",-2.71078249681009,2.71078249681009,"opposite direction"
"Reactome","Antigen processing: Ubiquitination & Proteasome degradation","R-HSA-983168","R-MMU-983168","Antigen processing: Ubiquitination & Proteasome degradation","Antigen processing: Ubiquitination & Proteasome degradation",-1.73145767413114,0.979096201403292,3.2628487562523e-05,0.867844055249838,-4.48640305672005,0.0615583071150086,TRUE,FALSE,"7323/51529/51676/79791/5687/80204/5704/64320/11275/9040/7334/63891/8453/63893/11059/23304/6923/4591/7174/84676/5690/140461/23352/10213/5719/27246/5685/5684/55294/10393/26234/5718/8452/8881/114907/10075/84261/10422/51433/29116/4012/11047/64682/65264/9820/7321/29882/8454/10489/7317/7979/9354/25897/54926/7322/89910/55175/5694/5717/84937/55585/9039/7320/51320/5689/55958/5701/25831/3093/25898/9978/84861/84961/84727/26272/9520/5686/5709/10273/5691/9320/29945/5707/127544/4734","672511/209200/74153/17999/26444/208650/24105/30839/22192/59008/50492/52206/20439/75788/76454/56736/107568/59029/78889/100763/83962/69957/56791/50868/76375/56515/12702/50762/216080/66799/399566/19181/217232/67673/66515/67455/76580/67731/75717/231672/19167/240396/17237/68729/71745/387524/104184/19173/67089/224170/69010/22200/224023/142688/17222/170823/67128/26965/12703/68431/17463/70348/71778/67138/72194/56550/109161/66105/22193/20437/101358/66743","Antigen processing: Ubiquitination & Proteasome degradation",-2.71055387553443,2.71055387553443,"opposite direction"
"Reactome","Hedgehog 'on' state","R-HSA-5632684","R-MMU-5632684","Hedgehog 'on' state","Hedgehog 'on' state",-1.86433815186977,0.84525015145247,0.00150685137984417,0.991121133112536,-2.82192957986619,0.00387326354961486,TRUE,FALSE,"5690/10213/5719/5685/5684/91653/5718/8452/2622/6608/51684/3549/408/11047/11127/7979/5694/5717/5689/5701/9978/5686/5709/8405/5691/5707/50937/2619","14451/59056/26444/319757/57810/75788/59029/19181/16568/14633/19167/93687/214498/19173/67089","Hedgehog 'on' state",-2.70958830332224,2.70958830332224,"opposite direction"
"Reactome","Activation of Matrix Metalloproteinases","R-HSA-1592389","R-MMU-1592389","Activation of Matrix Metalloproteinases","Activation of Matrix Metalloproteinases",-0.965652070136544,1.74141530315366,0.691426209177346,0.0626561897718013,-0.160254162130376,1.20303601882863,FALSE,FALSE,"1515/1991/4314/4320/4323/4313/4318/4319/4322","17385/21857/17387/17384/13038/17392","Activation of Matrix Metalloproteinases",-2.7070673732902,2.7070673732902,"opposite direction"
"Reactome","Formation of the dystrophin-glycoprotein complex (DGC)","R-HSA-9913351","R-MMU-9913351","Formation of the dystrophin-glycoprotein complex (DGC)","Formation of the dystrophin-glycoprotein complex (DGC)",-1.14445893138119,1.5625679365245,0.454677270007056,0.241150319003953,-0.342296756279279,0.617712159238408,FALSE,FALSE,"72/3339/1838/1605/58/59","11475/16775/11603/13528/11461/24052","Formation of the dystrophin-glycoprotein complex (DGC)",-2.70702686790569,2.70702686790569,"opposite direction"
"Reactome","RHO GTPases Activate Formins","R-HSA-5663220","R-MMU-5663220","RHO GTPases Activate Formins","RHO GTPases Activate Formins",1.50906482172455,-1.19754301781566,0.026004394841464,0.435019986350785,1.58495324840985,-0.361490789568438,TRUE,FALSE,"54908/11130/701/5217/1063/8379/80152/348235/332/55746/147841/57082/5879/55143/79172/699/6232/25936/25909/79980/151246/55055/83540/348995/79682/5527/220134/2491/57405/1060/64946/55839/1729/1058/81624/57122/3619/1857/991/9735/55166/5905/3688/388/23421/81930/151648/91687/1062/23279/4085/54820/9212","13424/269966/67139/14270/103573/236930/52504/18221/56430/66977/26951/68549/18645/107995/83431/76499/12237/228421/208846/20807/66934/52696/13367/75786/12235/229841/68097/21770/26932/66140/70385/52276/16319/108000/11852/12236/19387","RHO GTPases Activate Formins",2.70660783954021,2.70660783954021,"opposite direction"
"Reactome","Processing of DNA double-strand break ends","R-HSA-5693607","R-MMU-5693607","Processing of DNA double-strand break ends","Processing of DNA double-strand break ends",1.54483973812324,-1.16071926645993,0.0213149080981111,0.555636234549973,1.67131653552772,-0.25520944048664,TRUE,FALSE,"9656/165918/9156/83695/85236/6118/7158/7468/6233/3017/7486/1763/672/63967/6119/3364/5984/4683/5982/4361/83990/8914/641/79184/7156/5932/84142/51588/84126/11073/116028/1017/580","68275/19367/93765/20184/240087/21975/12566/22190/22196/235559/269582/19891/12428/12189/59004/12144","Processing of DNA double-strand break ends",2.70555900458317,2.70555900458317,"opposite direction"
"Reactome","Cell Cycle Checkpoints","R-HSA-69620","R-MMU-69620","Cell Cycle Checkpoints","Cell Cycle Checkpoints",1.38451054158613,-1.32063775425477,0.0430146211453747,0.0980352137439252,1.36638389782889,-1.00861789994284,TRUE,FALSE,"54908/1026/11130/701/9656/51512/1063/8379/80152/348235/84515/332/55746/147841/57082/165918/55143/79172/699/9156/6232/25936/25909/83695/79980/4173/85236/151246/6118/55055/83540/348995/990/79682/7158/7468/5527/220134/2491/6233/57405/27338/3017/1060/7486/1763/672/64946/55839/4193/246184/63967/6119/3364/5984/11065/4683/995/1058/23594/7529/55388/5982/57122/4361/83990/3619/991/79858/9735/55166/641/5905/23421/79184/4998/81930/7156/1454/151648/5932/84142/51588/9088/91687/84126/1062/23279/4085/54820/11073/9212","29813/26909/13424/269966/66634/67139/235610/103573/236930/52504/22186/18221/56430/66977/23997/68275/19367/26951/68549/56438/93765/20184/107995/83431/76499/12237/228421/240087/21975/23834/66934/52696/22629/57296/12566/70024/22190/75786/12235/268697/235559/229841/29870/68097/12545/12534/21770/22390/22627/26932/269582/19891/66140/228829/12428/12189/59004/70385/52276/16319/108000/12144/17217/12236/19387/17215","Cell Cycle Checkpoints",2.7051482958409,2.7051482958409,"opposite direction"
"Reactome","Class I MHC mediated antigen processing & presentation","R-HSA-983169","R-MMU-983169","Class I MHC mediated antigen processing & presentation","Class I MHC mediated antigen processing & presentation",-1.6010267693604,1.10090344784115,9.43144889104895e-05,0.629621552010635,-4.02542158435158,0.200920414449666,TRUE,FALSE,"7323/51529/51676/79791/5687/80204/5704/64320/11275/9040/9632/7334/63891/8453/63893/11059/1515/23304/1147/6923/4591/929/7174/84676/5690/140461/23352/10952/10213/10427/9902/5719/27246/5685/5720/5684/55294/10393/26234/5718/4689/8452/8881/114907/10075/84261/10422/51433/29116/4012/55176/11047/64682/65264/9820/7321/29882/8454/10489/7317/7979/9354/25897/54926/7322/89910/55175/6810/22872/5694/5717/84937/3134/55585/9039/7320/51320/5689/55958/5701/25831/8678/3093/25898/9978/84861/84961/84727/23480/26272/9520/5686/5709/10273/5691/9320/29945/8673/5707/3135/127544/4734","672511/209200/74153/19171/17534/17999/19186/26444/208650/24105/16419/16913/30839/22192/59008/50492/69162/52206/20439/19188/75788/76454/56736/107568/59029/78889/80898/100763/83962/21354/69957/15039/56791/50868/76375/56515/12702/50762/216080/66799/399566/19181/110379/217232/67673/66515/67455/76580/67731/75717/16912/231672/19167/240396/17237/68729/71745/387524/104184/19173/67089/224170/69608/69010/22200/224023/142688/17222/170823/67128/26965/12703/68431/17463/70348/71778/67138/72194/56550/109161/66105/22193/20437/101358/20334/66743","Class I MHC mediated antigen processing & presentation",-2.70193021720155,2.70193021720155,"opposite direction"
"Reactome","Signaling by TGFB family members","R-HSA-9006936","R-MMU-9006936","Signaling by TGFB family members","Signaling by TGFB family members",-1.60334896772088,1.09613689711002,0.00485452877121516,0.663306253480525,-2.31385292064649,0.178285908265799,TRUE,FALSE,"4054/4221/51592/904/3623/27327/4089/9958/3726/408/4323/50855/7321/5494/9611/4086/6938/1024/7050/26523/7043/5501/9110/2033/8239/10273/27161/650/23112/55851/6925/4052/5595/5499/3625/7049","14118/14314/21857/17387/241226/12167/16419/21814/21815/268977/16998/22192/19165/75788/59287/218441/13559/108075/83453","Signaling by TGFB family members",-2.6994858648309,2.6994858648309,"opposite direction"
"Reactome","Mismatch Repair","R-HSA-5358508","R-MMU-5358508","Mismatch Repair","Mismatch Repair",1.56219628455191,-1.13605602930896,0.0831607049312741,0.658825403070927,1.08008183792565,-0.181229663599385,FALSE,FALSE,"5425/9156/5395/6118/6119/4292","17688/26909/68275/17686/67967/18861/19891","Mismatch Repair",2.69825231386087,2.69825231386087,"opposite direction"
"Reactome","Regulation of T cell activation by CD28 family","R-HSA-388841","R-MMU-388841","Regulation of T cell activation by CD28 family","Regulation of T cell activation by CD28 family",-1.92357043667446,0.77443053457521,1.92320740062805e-06,1,-5.71597387848053,0,TRUE,FALSE,"5687/8348/91319/5704/4609/4297/8344/5291/8368/8363/3716/5690/10213/5528/1460/5719/5685/5684/8341/5518/653604/5718/8452/27327/2534/5058/5571/53632/11047/3703/8454/7979/84661/4791/4780/3659/8331/5694/8338/5717/6774/5777/10987/253260/6934/5689/5562/5526/5519/5701/4790/9978/5931/6714/26523/5295/5686/5709/79139/5290/2033/3127/8405/7415/5691/746/27161/23512/5707/23112/5515/1499/5525","12567/26444/15270/11651/22628/75778/59029/12443/66753/244373/68024/66357/80286/19181/56716/18706/20779/60533/227743/76580/12540/19167/18709/16818/56717/225849/19173/14360/67089/230979/12995/26965/232440/17463/72297/56637/22123/665433/228775/12988/20747/224105/26441/19170/70247/13200/78294","Regulation of T cell activation by CD28 family",-2.69800097124967,2.69800097124967,"opposite direction"
"Reactome","DNA Repair","R-HSA-73894","R-MMU-73894","DNA Repair","DNA Repair",1.73312153889632,-0.964046610770919,4.53837315981219e-05,0.899667395229497,4.34309979787715,-0.0459180184654554,TRUE,FALSE,"2547/328/7520/5591/5425/201254/1643/9656/142/2175/7508/55215/165918/348654/7374/9156/2189/5889/197342/199990/94239/29089/9100/22909/5395/2139/55183/54386/83695/63979/85236/4350/11284/7517/8314/6118/8930/2237/79728/7158/7468/2176/3838/2068/2177/9557/6233/10038/7516/2067/6612/51567/3017/2073/79661/7486/1763/672/7706/23514/54107/4595/7013/10635/84464/283899/80233/25913/63967/2178/6119/3364/26277/5984/55775/57461/4683/9636/121642/5439/8334/5982/2188/252969/4361/83990/5429/5886/6996/8914/146956/4292/641/5426/5433/79184/56852/7156/5892/5932/84142/64858/7515/10721/51588/2187/27434/84126/2074/11073/55666","11920/319955/17193/209357/26447/237211/227525/21750/327762/69241/19362/50505/28000/107986/18970/93762/272158/13871/17688/26909/19687/55982/235610/66467/69714/12848/60534/319583/268420/22186/11785/22230/68275/80905/19367/14884/74335/56438/17686/71711/233826/93765/20184/20892/17420/54125/71885/71101/52864/14050/240087/67967/67196/21975/12566/22190/22196/231329/18861/235559/19359/235134/22218/21749/227195/22385/67710/77782/76843/269582/19891/14048/244666/12428/22256/12189/59004/12144/27015/56196/57321","DNA Repair",2.69716814966724,2.69716814966724,"opposite direction"
"Reactome","Degradation of CDH1","R-HSA-9766229","R-MMU-9766229","Degradation of CDH1","Degradation of CDH1",-1.92497443243156,0.76414263621474,0.00128823920523789,1,-2.89000348800934,0,TRUE,FALSE,"5687/5704/1495/5690/10213/5719/5685/5684/5718/2534/1500/11047/7979/5694/5717/5689/5701/6714/5686/5709/5691/5707/1499","26444/14694/13858/59029/105837/13039/19181/20779/19167/19173/14360/67089/17463/22123/12385/26441/19170/70247/78294","Degradation of CDH1",-2.6891170686463,2.6891170686463,"opposite direction"
"Reactome","Glycosphingolipid metabolism","R-HSA-1660662","R-MMU-1660662","Glycosphingolipid metabolism","Glycosphingolipid metabolism",1.21929396448954,-1.46981711424574,0.324167209101441,0.235166408772671,0.489230918008604,-0.628624712895776,FALSE,FALSE,"55627/57704/64781/2720/2760/414/10825/25870/79642/5660/412/9334/84002/415/3074/22901/7368/4758/8869/9331","17113/50877/58994/56386/230101/53897/15212/77626/18010/19156/20597/20454/58911/14420/14466/15211","Glycosphingolipid metabolism",2.68911107873528,2.68911107873528,"opposite direction"
"Reactome","SUMO E3 ligases SUMOylate target proteins","R-HSA-3108232","R-MMU-3108232","SUMO E3 ligases SUMOylate target proteins","SUMO E3 ligases SUMOylate target proteins",1.4363355251037,-1.25108169397279,0.043363473811162,0.356479690522244,1.36287593411292,-0.447965207874868,TRUE,FALSE,"10762/4869/9883/9656/6672/84733/142/332/6294/55746/5610/7508/165918/55143/5371/23636/11097/1789/1387/7428/6790/9612/348995/3183/7158/5468/6612/7486/672/4193/7020/4152/5465/56160/1788/59348/6015/23225/9189/57122/6304/8535/3619/10155/6996/1786/641/5905","107939/19821/69482/240087/109113/227720/13433/224903/22196/226026/17977/22218/214669/15258/18035/241915/12189/59004/52276/16319/12144/68501/19387/18141","SUMO E3 ligases SUMOylate target proteins",2.68741721907649,2.68741721907649,"opposite direction"
"Reactome","G alpha (s) signalling events","R-HSA-418555","R-MMU-418555","G alpha (s) signalling events","G alpha (s) signalling events",-1.12461583013845,1.56090448115845,0.376352099480453,0.111016724469507,-0.424405656910876,0.954611590603547,FALSE,FALSE,"2778/5138/50940/111/796/5568/5443/6344/2771/2773/5150/155/2783/408/10268/196883/2740/5141/6714/112/2870/5151/5144/5140/5577","18573/11535/56089/18576/26385/14268/238871/14701/381413/54598/23984/19088/19084/223780/14693/14708/20416","G alpha (s) signalling events",-2.6855203112969,2.6855203112969,"opposite direction"
"Reactome","NCAM signaling for neurite out-growth","R-HSA-375165","R-MMU-375165","NCAM signaling for neurite out-growth","NCAM signaling for neurite out-growth",-1.13160784563746,1.55018353458676,0.393145846420002,0.235266824571552,-0.405446308288198,0.628439309208616,FALSE,FALSE,"8911/1297/3265/2534/2668/2260/1285/1280/2675/5747/6714/775/5595/57731/784/9252","12826/12833/12834/12832/12825/12827","NCAM signaling for neurite out-growth",-2.68179138022422,2.68179138022422,"opposite direction"
"Reactome","Azathioprine ADME","R-HSA-9748787","R-MMU-9748787","Azathioprine ADME","Azathioprine ADME",-0.989183977275335,1.69244932078312,0.675816662705076,0.0788441598084826,-0.170171104612533,1.10323047046297,FALSE,FALSE,"10451/7498","22436/239273/23918/15452/14923/63959","Azathioprine ADME",-2.68163329805845,2.68163329805845,"opposite direction"
"Reactome","PLC beta mediated events","R-HSA-112043","R-MMU-112043","PLC beta mediated events","PLC beta mediated events",-1.4040255562151,1.27552052153544,0.111072806892409,0.504744413835323,-0.954392253049306,0.296928478830919,FALSE,FALSE,"5332/801/111/23236/5568/818/5580/5331/196883/817/112/3710/5321/10768/3708/5577","18573/18798/207565/14682/18795/19088/19084/104111/18783/14672","PLC beta mediated events",-2.67954607775054,2.67954607775054,"opposite direction"
"Reactome","Signaling by PDGF","R-HSA-186797","R-MMU-186797","Signaling by PDGF","Signaling by PDGF",-1.10228143473238,1.5766185705146,0.438819362455726,0.125071107356379,-0.357714217874547,0.902843004974254,FALSE,FALSE,"1297/7058/3265/2889/5159/1285/5921/6774/1280/7059/1398/6776/6714/5295/5290/5156/6696","20750/12826/12833/12834/12832/12825/12827/21827/20852/218397/21826/15461/18595/18791/18706/20779/53867/18709/71785/18596/19248/18803/12831","Signaling by PDGF",-2.67890000524698,2.67890000524698,"opposite direction"
"Reactome","Cell-Cell communication","R-HSA-1500931","R-MMU-1500931","Cell-Cell communication","Cell-Cell communication",-1.54016480141717,1.13703896390588,0.00126663848982455,0.573793021032505,-2.89734731903692,0.241244738323385,TRUE,FALSE,"154796/1495/27319/5291/8368/3065/1487/8363/1009/687/3716/4690/288/5690/10213/6663/1460/5584/5719/5685/5684/8341/29780/7088/653604/5718/6251/7016/4301/27327/2534/72/1500/6935/11047/50855/3703/55742/89/7979/1010/2185/8331/9844/6938/5694/8338/5717/6774/9314/5777/5689/5701/4790/5931/5747/6714/26523/5295/5686/5709/3717/5290/253559/5691/746/27161/283106/23512/5707/23112/1499/6615/117581/1365/127544/7291/5595/58/59","11475/12552/12563/16423/18553/11492/26444/13016/15270/14694/192176/57875/16403/217734/12554/12476/22323/13858/59029/105837/68024/57342/13039/11461/66357/14376/13518/19294/19181/227377/330662/20779/20586/170643/12540/19167/22325/19173/11465/14360/21754/67089/22160/12995/110829/232440/16452/54721/17463/16193/57377","Cell-Cell communication",-2.67720376532305,2.67720376532305,"opposite direction"
"Reactome","TNFR2 non-canonical NF-kB pathway","R-HSA-5668541","R-MMU-5668541","TNFR2 non-canonical NF-kB pathway","TNFR2 non-canonical NF-kB pathway",-1.69072326347534,0.979808471913884,0.00923720653402365,0.848096548560945,-2.0344593459101,0.0715547042050218,TRUE,FALSE,"8784/5687/5704/9040/5971/8740/10913/1147/5690/10213/1896/5719/5685/5684/5718/11047/8454/7979/4791/5694/5717/9039/5689/5701/3604/5686/5709/5691/5707","26444/21937/22192/59029/27279/19181/21942/19167/19173/67089/230979/21944/22200/26965/18383/17463/19698/245527/22123/26441/19170/70247/78294/11796/21934","TNFR2 non-canonical NF-kB pathway",-2.67053173538922,2.67053173538922,"opposite direction"
"Reactome","Metabolism of steroids","R-HSA-8957322","R-MMU-8957322","Metabolism of steroids","Metabolism of steroids",-1.40989633300225,1.25949566389779,0.0493226202791163,0.416235287707062,-1.30695385943776,0.380661103829309,TRUE,FALSE,"231/22937/10858/26119/6667/8029/4800/6256/4597/10654/10498/7421/3837/4036/6319/1595/9971/1585/7329/6604/6716/114876/8720/570/6770/3284/2224/57678/4520/5469/4802/9632/51144/9256/32/9420/31/706/39/6907/5443/441282/10427/3293/51141/866/6720/114883/3156/5007/6342/10499/80270/7108/6721/79071/4598/50814/3157/6713/3638","170460/22337/56453/56348/20787/76205/12257/228983/235623/18194/110196/17855/57357/17117/19384/28253/13123/100273/15485/93732/14137/74411/170461","Metabolism of steroids",-2.66939199690004,2.66939199690004,"opposite direction"
"Reactome","TP53 Regulates Transcription of DNA Repair Genes","R-HSA-6796648","R-MMU-6796648","TP53 Regulates Transcription of DNA Repair Genes","TP53 Regulates Transcription of DNA Repair Genes",1.24635283638524,-1.41390669412397,0.278225286875969,0.256948197124299,0.555603401117415,-0.590154425193112,FALSE,FALSE,"11198/1643/9656/55215/5395/51497/2176/2068/2177/672/6921/5439/25920/3725/4292/5433/2963/5892","69833/209357/69241/13871/27224/66467/114741/20922/14884/24116/17420/72949/98053/231329/20924/12455/67710/67655/13716","TP53 Regulates Transcription of DNA Repair Genes",2.66025953050921,2.66025953050921,"opposite direction"
"Reactome","DNA strand elongation","R-HSA-69190","R-MMU-69190","DNA strand elongation","DNA strand elongation",1.56205740474046,-1.09512310459946,0.0833145397932629,0.685028248587571,1.07927920026245,-0.164291519087505,FALSE,FALSE,"5425/84515/4173/6118/9837/2237/1763/6119/5984/5982/64785/84296/51659","327762/19075/19687/68275/67967/18968/18969/19891/78833","DNA strand elongation",2.65718050933992,2.65718050933992,"opposite direction"
"Reactome","G-protein mediated events","R-HSA-112040","R-MMU-112040","G-protein mediated events","G-protein mediated events",-1.42541066177493,1.23164649216919,0.101050258816989,0.580450041510777,-0.995462569801857,0.236235153410108,FALSE,FALSE,"5332/801/111/23236/5568/818/2771/2773/5580/5331/196883/817/112/3710/5321/10768/3708/5577","18573/18798/207565/14682/18795/19088/19084/104111/18783/14672","G-protein mediated events",-2.65705715394412,2.65705715394412,"opposite direction"
"Reactome","SUMOylation","R-HSA-2990846","R-MMU-2990846","SUMOylation","SUMOylation",1.43090204111424,-1.22380521108806,0.0347627695342329,0.387690988305238,1.45888563079873,-0.411514293846527,TRUE,FALSE,"10762/4869/9883/9656/6672/84733/142/332/6294/55746/5610/7508/165918/55143/5371/23636/11097/1789/1387/7428/6790/9612/348995/10055/3183/7158/5468/6612/7486/672/4193/7020/4152/5465/56160/1788/59348/6015/23225/9189/57122/6304/8535/3619/10155/6996","107939/19821/69482/240087/109113/56459/227720/13433/224903/22196/226026/17977/22218/214669/15258/18035/241915/12189/59004/52276/16319/12144/68501/19387/18141","SUMOylation",2.6547072522023,2.6547072522023,"opposite direction"
"Reactome","Regulation of pyruvate dehydrogenase (PDH) complex","R-HSA-204174","R-MMU-204174","Regulation of pyruvate dehydrogenase (PDH) complex","Regulation of pyruvate dehydrogenase (PDH) complex",-1.52063775975497,1.12952043069032,0.16253068763774,0.687028175583464,-0.78906462721763,0.163025451805799,FALSE,FALSE,"5163/23409/5161/1737/1738/5166/5160/5165","228026/319518/14874/235339/18597","Regulation of pyruvate dehydrogenase (PDH) complex",-2.65015819044529,2.65015819044529,"opposite direction"
"Reactome","Cdc20:Phospho-APC/C mediated degradation of Cyclin A","R-HSA-174184","R-MMU-174184","Cdc20:Phospho-APC/C mediated degradation of Cyclin A","Cdc20:Phospho-APC/C mediated degradation of Cyclin A",-1.97475238551047,0.674848485036144,0.00117922582028256,1,-2.92840302008588,0,TRUE,FALSE,"5690/10213/5719/5685/5684/10393/5718/8881/51433/11047/64682/7321/29882/7979/5694/5717/5689/5701/5686/5709/5691/29945/5707","26444/59008/52206/59029/69957/216080/19181/217232/19167/19173/67089/52717/17222/56150/17463/22123/26441/19170/70247/78294","Cdc20:Phospho-APC/C mediated degradation of Cyclin A",-2.64960087054661,2.64960087054661,"opposite direction"
"Reactome","SLC-mediated transport of neurotransmitters","R-HSA-442660","R-MMU-442660","SLC-mediated transport of neurotransmitters","SLC-mediated transport of neurotransmitters",-1.23710400859684,1.39628839208568,0.364440214913063,0.416235287707062,-0.438373705927399,0.380661103829309,FALSE,FALSE,"6530/54716/6540/6536/83733/6582/9152/340024/140679/6534/6532/6531","14664","SLC-mediated transport of neurotransmitters",-2.63339240068252,2.63339240068252,"opposite direction"
"Reactome","Epigenetic regulation of adipogenesis genes by MLL3 and MLL4 complexes","R-HSA-9851695","R-MMU-9851695","Epigenetic regulation of adipogenesis genes by MLL3 and MLL4 complexes","Epigenetic regulation of adipogenesis genes by MLL3 and MLL4 complexes",-1.30719043186697,1.32547855138244,0.102662984397526,0.416235287707062,-0.988586115016437,0.380661103829309,FALSE,FALSE,"9443/5929/8355/6319/333932/25/3020/3991/8362/57678/8348/5469/8344/8368/8363/1050/6907/8085/84246/51003/8341/653604/7403/63924/8841/9969/123/9611/84661/8331/10499/5166/8338/90390/1024/1020/9968/2033/9282/2167","15270/68024/21372/20602/11350/15183/232440/665433/319171/319166/56310/319187/69386/20181/319159/319169/319151","Epigenetic regulation of adipogenesis genes by MLL3 and MLL4 complexes",-2.63266898324941,2.63266898324941,"opposite direction"
"Reactome","MLL4 and MLL3 complexes regulate expression of PPARG target genes in adipogenesis and hepatic steatosis","R-HSA-9841922","R-MMU-9841922","MLL4 and MLL3 complexes regulate expression of PPARG target genes in adipogenesis and hepatic steatosis","MLL4 and MLL3 complexes regulate expression of PPARG target genes in adipogenesis and hepatic steatosis",-1.30719043186697,1.32547855138244,0.102662984397526,0.416235287707062,-0.988586115016437,0.380661103829309,FALSE,FALSE,"9443/5929/8355/6319/333932/25/3020/3991/8362/57678/8348/5469/8344/8368/8363/1050/6907/8085/84246/51003/8341/653604/7403/63924/8841/9969/123/9611/84661/8331/10499/5166/8338/90390/1024/1020/9968/2033/9282/2167","15270/68024/21372/20602/11350/15183/232440/665433/319171/319166/56310/319187/69386/20181/319159/319169/319151","MLL4 and MLL3 complexes regulate expression of PPARG target genes in adipogenesis and hepatic steatosis",-2.63266898324941,2.63266898324941,"opposite direction"
"Reactome","Transcriptional Regulation by TP53","R-HSA-3700989","R-MMU-3700989","Transcriptional Regulation by TP53","Transcriptional Regulation by TP53",1.24220719731635,-1.38689062634602,0.143874643874644,0.0432176230541043,0.842015738347162,-1.36433912275758,FALSE,TRUE,"4514/4513/4512/8795/4869/1026/8793/3486/11198/22974/64065/54205/1643/9656/6879/1349/332/144455/55215/55835/5371/1345/6882/9156/835/9540/5395/83695/1387/7161/25824/51497/1347/1820/6790/6118/9891/53615/26155/5527/2176/2068/2177/1337/6233/6878/7486/1763/672/55615/4193/7832/5325/6119/27154/3364/5984/7295/4683/51616/637/995/6921/5439/58528/55367/7529/5982/6009/54815/4361/125965/83990/2936/5563/355/25920/124446/3725/4292/8445/641/5565/7296/51499/5433/2963/5366/7156/5892/29883/84289/5932/79813/57103/29117/84126/639/79109/11073/5305/9212","12866/216456/223770/11920/209357/19052/19352/23942/327762/21374/69241/270627/69125/13871/13197/57913/53621/29813/26909/27224/328572/268706/21981/108961/108143/235610/66467/108099/67338/99730/216848/24074/22186/114741/219024/20922/69076/66464/68275/234366/19367/20869/233058/14884/77976/68428/17165/333654/24116/17420/13001/108079/72949/64930/21975/226182/98053/234594/209456/22629/12566/225655/20620/110323/107932/22190/18607/231329/20924/268697/235559/78783/69181/12455/15258/67710/12534/67655/209361/22627/54170/19891/19079/72119/228829/12428/12189/229542/319801/228980/12144/52679/117150/20878/13716/56692/53325/52187","Transcriptional Regulation by TP53",2.62909782366237,2.62909782366237,"opposite direction"
"Reactome","RUNX1 regulates transcription of genes involved in differentiation of HSCs","R-HSA-8939236","R-MMU-8939236","RUNX1 regulates transcription of genes involved in differentiation of HSCs","RUNX1 regulates transcription of genes involved in differentiation of HSCs",-1.68857519914069,0.94002318198047,0.00458048841946388,0.898117424372,-2.33908821051829,0.0466668777838432,TRUE,FALSE,"2625/8355/5702/333932/25/3020/5692/8362/5687/8348/5704/4297/8344/902/8368/8363/5690/865/10213/5719/5685/4005/5684/8341/653604/5718/11047/7979/8331/6938/5694/8338/5717/5689/5701/5686/5709/5691/5707/8861","26444/21423/22601/59029/12572/19181/11350/19167/12400/19173/67089/14462/21406/17463/22123/26441/19170/70247/78294","RUNX1 regulates transcription of genes involved in differentiation of HSCs",-2.62859838112116,2.62859838112116,"opposite direction"
"Reactome","Reproduction","R-HSA-1474165","R-MMU-1474165","Reproduction","Reproduction",1.14588971452779,-1.47966133471205,0.376352099480453,0.362027706426047,0.424405656910876,-0.441258191103593,FALSE,FALSE,"23353/11083/5889/94239/54386/63979/85236/6118/3017/672/7013/25913/4001/6119/26277/4683/64321/8334/3306/2683/54790/4439/4361/4292/641/117144/7156/5932/23224/7022/639","106757/381306/56622/71078/74096/14595/12659","Reproduction",2.62555104923984,2.62555104923984,"opposite direction"
"Reactome","SUMOylation of ubiquitinylation proteins","R-HSA-3232142","R-MMU-3232142","SUMOylation of ubiquitinylation proteins","SUMOylation of ubiquitinylation proteins",1.44589478147629,-1.17717304368849,0.118500574283073,0.607769423558897,0.926279544950373,-0.216261152748466,FALSE,FALSE,"10762/9883/55746/5371/23636/11097/7428/348995/4193/23225/57122","107939/69482/227720/22196/22218/59004/18141","SUMOylation of ubiquitinylation proteins",2.62306782516478,2.62306782516478,"opposite direction"
"Reactome","SUMOylation of RNA binding proteins","R-HSA-4570464","R-MMU-4570464","SUMOylation of RNA binding proteins","SUMOylation of RNA binding proteins",1.56454202831287,-1.05503001198583,0.0683138952095803,0.723492962056304,1.16549095079758,-0.140565689223558,FALSE,FALSE,"10762/9883/84733/55746/23636/11097/348995/3183/6015/23225/57122/8535","107939/19821/69482/227720/22196/22218/241915/18141","SUMOylation of RNA binding proteins",2.6195720402987,2.6195720402987,"opposite direction"
"Reactome","SUMOylation of SUMOylation proteins","R-HSA-4085377","R-MMU-4085377","SUMOylation of SUMOylation proteins","SUMOylation of SUMOylation proteins",1.327692097982,-1.28852052604499,0.244340763780888,0.470030716667488,0.612004072902667,-0.327873759844509,FALSE,FALSE,"10762/9883/55746/23636/11097/348995/23225/57122","107939/69482/227720/22196/22218/59004/18141","SUMOylation of SUMOylation proteins",2.61621262402699,2.61621262402699,"opposite direction"
"Reactome","Protein localization","R-HSA-9609507","R-MMU-9609507","Protein localization","Protein localization",-1.33171679495879,1.28200613501406,0.0851555349461156,0.385345051238812,-1.06978711847727,0.414150214032265,FALSE,FALSE,"7323/25813/131118/5191/6844/9381/506/1610/8604/9218/27230/30/5195/9868/5825/439/1384/10952/7917/10651/26517/1537/401505/819/516/219743/6811/3162/23203/5830/7321/6342/7322/10478/51024/1528/51/50/196743/498/225/23480/3417/8239/3416/9512/291","71883/74114/51798/18634/14712/15926/19298/67979/171210/16922/23986/30960/26897/28200/26378/216080/17117/11820/13726/11666/20524/15510/93732/19299/111175/56389/110959/26874/80911/18633/228061/56550/66105/11671/20335/18632/56273/66887/78294/66212/22284/56794/100900/15112","Protein localization",-2.61372292997285,2.61372292997285,"opposite direction"
"Reactome","Presynaptic phase of homologous DNA pairing and strand exchange","R-HSA-5693616","R-MMU-5693616","Presynaptic phase of homologous DNA pairing and strand exchange","Presynaptic phase of homologous DNA pairing and strand exchange",1.83050773802485,-0.77997703383053,0.00675855480294867,0.996844603983326,2.17014616030168,-0.00137253766881647,TRUE,FALSE,"9156/5889/83695/6118/7516/7486/1763/672/6119/3364/5984/4683/5982/4361/83990/641/7156/5892/5932/84126/11073/116028/580/675/5810","21975/12189/12144","Presynaptic phase of homologous DNA pairing and strand exchange",2.61048477185538,2.61048477185538,"opposite direction"
"Reactome","Regulation of HSF1-mediated heat shock response","R-HSA-3371453","R-MMU-3371453","Regulation of HSF1-mediated heat shock response","Regulation of HSF1-mediated heat shock response",1.00779567129249,-1.60206782961344,0.648378917839996,0.0697494235818626,0.188171114759067,-1.15645937710455,FALSE,FALSE,"10762/9883/55746/3304/23636/11097/3337/6118/348995/57805/9529/91582/6119/23225/3306/9530/57122","26413/70699/67384/110920/68275/15526/81489/107939/69482/23950/227720/14828/29810/73442/70356/22627/19891/18141/15505/18415","Regulation of HSF1-mediated heat shock response",2.60986350090593,2.60986350090593,"opposite direction"
"Reactome","G2/M DNA damage checkpoint","R-HSA-69473","R-MMU-69473","G2/M DNA damage checkpoint","G2/M DNA damage checkpoint",1.42050522058844,-1.18885143964325,0.0763276334271083,0.490416474815597,1.11731820290703,-0.309434948764268,FALSE,FALSE,"9656/165918/9156/83695/85236/6118/7158/7468/3017/7486/1763/672/6119/3364/5984/4683/995/7529/5982/4361/83990/641/79184/7156/5932/84142/51588/84126/11073/116028","68275/19367/93765/20184/240087/21975/22629/268697/235559/12534/22390/22627/19891/12428/12189/59004/12144","G2/M DNA damage checkpoint",2.60935666023169,2.60935666023169,"opposite direction"
"Reactome","Metabolism of carbohydrates and carbohydrate derivatives","R-HSA-71387","R-MMU-71387","Metabolism of carbohydrates and carbohydrate derivatives","Metabolism of carbohydrates and carbohydrate derivatives",-1.0748724441453,1.52811306230731,0.351136943273645,0.0177876920002175,-0.454523475815634,1.74988039911089,FALSE,TRUE,"1462/5568/4958/5528/10057/729020/11041/5518/3101/5313/8480/7360/5207/4669/30815/6484/51363/2821/79411/9061/3339/6888/81929/178/9957/3073/2817/2548/6483/5519/2584/5255/221823/3098/80146/5236/50515/10327/92370/5515/5230/4969/2026/5091/230/2027","74551/18641/12111/66171/14635/68401/11603/14381/110208/53418/54371/20525/14936/14751/234356/83398/102093/19895/52120/20443/15529/11674/80982/72787/225913/195646/20444/77590/14043/27029/14733/72141/72157/13039/20442/215015/27419/76898/232449/73744/17160/50917/14433/13808/15442/110006/21351/110379/15931/56043/18295/72136/66646/16548/117592/66679/21991/100910/11881/23888/15476/73836/319901/74185/68631/14345/14042/67980/233781/70484/14387/71805/12091/50786/54563/59031/110094/67883","Metabolism of carbohydrates and carbohydrate derivatives",-2.60298550645261,2.60298550645261,"opposite direction"
"Reactome","COPI-mediated anterograde transport","R-HSA-6807878","R-MMU-6807878","COPI-mediated anterograde transport","COPI-mediated anterograde transport",-1.35515772362083,1.23858689919398,0.127373018233413,0.46013501185915,-0.894922560017812,0.337114719835137,FALSE,FALSE,"5861/8615/372/288/91949/55860/57511/10540/25839/6811/1315/9382/10121/80086/830/51226/26958/10382/9276/347688/381/1314/832/57731/7277","22142/228998/67951/11733/22143/59042/235661/66111/227613/54160/50797/22146/22152/69654/97484/238123/77038/16834/234663","COPI-mediated anterograde transport",-2.59374462281481,2.59374462281481,"opposite direction"
"Reactome","Nuclear Envelope Breakdown","R-HSA-2980766","R-MMU-2980766","Nuclear Envelope Breakdown","Nuclear Envelope Breakdown",1.57993929204445,-1.0098432444554,0.0431256878522991,0.802747548309679,1.36526396489083,-0.095421012148509,TRUE,FALSE,"10762/9883/2010/55746/8815/10783/23636/11097/5578/348995/221496/4001/23225/57122/23592","107939/69482/227720/16905/64898/268697/12534/18141","Nuclear Envelope Breakdown",2.58978253649985,2.58978253649985,"opposite direction"
"Reactome","Chromosome Maintenance","R-HSA-73886","R-MMU-73886","Chromosome Maintenance","Chromosome Maintenance",1.69524234963264,-0.879207279443637,0.001973163639106,0.995507669831994,2.7048368961904,-0.00195538962664651,TRUE,FALSE,"4869/5425/201254/55355/80152/57082/79172/63922/94239/55320/54386/54069/85236/6118/2237/79682/2491/1736/3017/1060/7486/1763/387103/64946/55839/7013/25913/6119/26277/5984/5439/1058/8334/80119/5982/55505","67967/67857/208084/12566/233532/18968/21749/18969/19891/12428/12144/57321","Chromosome Maintenance",2.57444962907628,2.57444962907628,"opposite direction"
"Reactome","Regulation of TP53 Activity","R-HSA-5633007","R-MMU-5633007","Regulation of TP53 Activity","Regulation of TP53 Activity",0.987903108911529,-1.58144345075331,0.691426209177346,0.024198253453371,0.160254162130376,-1.616215978769,FALSE,TRUE,"11198/22974/6879/5371/6882/9156/83695/7161/6790/6118/9891/53615/26155/5527/6233/6878/7486/1763/672/55615/4193/6119/27154/3364/5984/4683/51616/5982/54815/4361/83990/5563/8445/641/5565/7156/84289/5932/79813/29117/84126/639/79109/11073/5305/9212/116028/51422/112858/1017/580","29813/26909/328572/21981/108143/235610/108099/67338/99730/216848/24074/22186/114741/219024/66464/68275/234366/19367/20869/77976/17165/333654/13001/108079/21975/226182/209456/12566/107932/22190/18607/235559/78783/69181/15258/12534/209361/19891/19079/72119/228829/12428/12189/229542/228980/12144/117150/20878/53325","Regulation of TP53 Activity",2.56934655966484,2.56934655966484,"opposite direction"
"Reactome","Cell junction organization","R-HSA-446728","R-MMU-446728","Cell junction organization","Cell junction organization",-1.47745032924146,1.08986568418288,0.00259406806758616,0.654733424470267,-2.58601863234245,0.183935487560568,TRUE,FALSE,"154796/1495/27319/8368/3065/1487/8363/1009/687/3716/288/5690/10213/6663/1460/5584/5719/5685/5684/8341/29780/7088/653604/5718/6251/7016/4301/27327/2534/72/1500/6935/11047/50855/3703/55742/7979/1010/8331/9844/6938/5694/8338/5717/6774/9314/5689/5701/4790/5931/6714/26523/5686/5709/3717/253559/5691/746/27161/283106/23512/5707/23112/1499/6615/117581/1365/127544/7291/5595/58/59","11475/12552/12563/18553/11492/26444/13016/15270/14694/192176/57875/16403/217734/12554/12476/22323/13858/59029/105837/68024/57342/13039/11461/66357/14376/13518/19294/19181/227377/330662/20779/20586/12540/19167/22325/19173/11465/14360/21754/67089/22160/12995/110829/232440/16452/54721/17463/16193/57377","Cell junction organization",-2.56731601342434,2.56731601342434,"opposite direction"
"Reactome","Metabolism of non-coding RNA","R-HSA-194441","R-MMU-194441","Metabolism of non-coding RNA","Metabolism of non-coding RNA",1.50449603703855,-1.05956200865773,0.0826074626234231,0.731281627594754,1.0829807174523,-0.13591533746656,FALSE,FALSE,"10762/9883/55746/6637/23636/11097/348995/96764/23225/57122/79833/1207/22916/6606/51808/23279/50628/54960/9818","269966/66069/70699/107939/69482/67332/227720/20595/20641/53975/18141","Metabolism of non-coding RNA",2.56405804569628,2.56405804569628,"opposite direction"
"Reactome","snRNP Assembly","R-HSA-191859","R-MMU-191859","snRNP Assembly","snRNP Assembly",1.50449603703855,-1.05956200865773,0.0826074626234231,0.731281627594754,1.0829807174523,-0.13591533746656,FALSE,FALSE,"10762/9883/55746/6637/23636/11097/348995/96764/23225/57122/79833/1207/22916/6606/51808/23279/50628/54960/9818","269966/66069/70699/107939/69482/67332/227720/20595/20641/53975/18141","snRNP Assembly",2.56405804569628,2.56405804569628,"opposite direction"
"Reactome","Cellular response to chemical stress","R-HSA-9711123","R-MMU-9711123","Cellular response to chemical stress","Cellular response to chemical stress",-1.44146922531377,1.11459849905809,0.0215286682682079,0.644354570853604,-1.66698283416428,0.190875086382992,TRUE,FALSE,"81502/5687/5034/5469/5704/4609/9973/2729/2876/2950/318/5690/6907/10213/1460/5584/5719/5685/5684/64839/1351/5580/5718/4689/8452/139285/3162/596/645/8841/9167/10072/140809/11047/6888/8454/8878/10061/9611/7979/4780/10499/2730/5694/5717/6774/5689/5701/4790/538/9978/5052/10628/25828/5686/5709/2033/3417/4199/7415/5691/5707/7001","50527/14782/26444/230784/17250/217365/11651/14870/59029/22166/12862/50868/76650/54683/14950/50493/20657/59035/21372/19181/18024/20602/18477/11758/19167/229003/15183/19173/67089/21672/14775/26965/17463/18412/11757/56637/22123/14778/20655/26462/18453/26441/20463/19170/70247/78294/50490","Cellular response to chemical stress",-2.55606772437186,2.55606772437186,"opposite direction"
"Reactome","Cell-cell junction organization","R-HSA-421270","R-MMU-421270","Cell-cell junction organization","Cell-cell junction organization",-1.55950538827589,0.995354895433639,0.00149625440319947,0.835442314600137,-2.82499455853546,0.0780835317858316,TRUE,FALSE,"5687/8348/5704/4609/8344/154796/1495/27319/8368/3065/1487/8363/1009/687/3716/288/5690/10213/6663/1460/5584/5719/5685/5684/8341/7088/653604/5718/4301/27327/2534/72/1500/6935/11047/50855/3703/7979/1010/8331/9844/6938/5694/8338/5717/6774/9314/5689/5701/4790/5931/6714/26523/5686/5709/3717/253559/5691/746/27161/283106/23512/5707/23112/1499/6615/117581/1365/127544/7291/5595/58/59","11475/12552/12563/18553/11492/26444/13016/15270/14694/57875/217734/12554/13858/59029/105837/68024/13039/11461/66357/14376/19294/19181/227377/330662/20779/20586/12540/19167/22325/19173/11465/14360/67089/22160/12995/232440/16452/54721/17463/16193/57377","Cell-cell junction organization",-2.55486028370953,2.55486028370953,"opposite direction"
"Reactome","Signaling by Interleukins","R-HSA-449147","R-MMU-449147","Signaling by Interleukins","Signaling by Interleukins",-1.59989467820059,0.954272989342957,8.96001356712805e-05,0.898117424372,-4.04769133273471,0.0466668777838432,TRUE,FALSE,"5702/8651/5898/3627/836/3587/3568/3965/759/1278/333932/3684/6285/10538/116379/942/375/5692/5598/8835/1441/3313/6647/246/6813/54014/4988/57162/5608/998/5602/3667/5604/5687/23118/5778/5034/6950/5704/6844/4609/6197/4205/6352/1265/7334/1436/5291/6097/4792/58480/1147/5803/3561/7422/1052/3716/29110/3574/84867/64127/5690/3603/5443/10213/5657/5528/5719/5685/4314/5684/5518/1072/653604/5718/2889/8807/2534/301/1439/23529/3162/596/6935/3726/25930/11047/6888/8454/29760/8878/7184/6416/7979/4791/11009/2185/1901/4313/7431/4318/6810/5743/6657/5694/5717/6774/5777/3718/5689/1398/5519/5701/6776/4790/1386/9978/2308/5295/466/5686/5709/3717/1435/5290/9049/3185/5691/5707/5515/5306/9173/7412/7291/5595/4128/3082/9252","24110/18414/69146/20112/17082/16177/12931/16156/16453/26444/16174/67603/20852/12977/107527/59029/266632/109658/12702/16164/22631/26398/16179/17874/11820/26406/16157/26420/20416/20909/434341/19181/80750/26417/16878/107607/223664/18706/20586/26419/19167/18709/16818/14281/26400/56468/19173/14360/67089/110651/16180/16189/102626/26965/12370/12703/16452/54721","Signaling by Interleukins",-2.55416766754355,2.55416766754355,"opposite direction"
"Reactome","Cyclin A/B1/B2 associated events during G2/M transition","R-HSA-69273","R-MMU-69273","Cyclin A/B1/B2 associated events during G2/M transition","Cyclin A/B1/B2 associated events during G2/M transition",1.07517991274026,-1.47353287755052,0.516787237989241,0.241150319003953,0.286688219740692,-0.617712159238408,FALSE,FALSE,"55355/2305/55320/994/995/151648/90381/9088/7514/1017/79866/51451/9133/891/5347/8900/7465/79596/28227/993","77011/17420/12566/72590/268697/12534/22390/12428","Cyclin A/B1/B2 associated events during G2/M transition",2.54871279029078,2.54871279029078,"opposite direction"
"Reactome","Interleukin-1 signaling","R-HSA-9020702","R-MMU-9020702","Interleukin-1 signaling","Interleukin-1 signaling",-1.66778231890106,0.879415936798999,0.00800518310810663,0.970603199728645,-2.0966287297121,0.0129582813061201,TRUE,FALSE,"57162/5608/5604/5687/23118/5704/7334/4792/1147/64127/5690/10213/5719/5685/5684/5718/11047/8454/8878/6416/7979/4791/5694/5717/5689/5701/4790/9978/5686/5709/5691/5707","24110/16177/26444/59029/266632/16179/17874/11820/26406/434341/19181/80750/223664/19167/19173/67089/16180/26965/12370/17463/16151/18412/26399/22123/26441/71966/19170/70247/78294/270151","Interleukin-1 signaling",-2.54719825570006,2.54719825570006,"opposite direction"
"Reactome","Deubiquitination","R-HSA-5688426","R-MMU-5688426","Deubiquitination","Deubiquitination",-1.70115105488808,0.843315066302928,0.000235170450029924,1,-3.62861724975232,0,TRUE,FALSE,"5887/9986/64127/9929/9868/5690/10213/23358/10445/5719/5685/8332/57695/5684/8341/57599/9577/5718/8295/29761/54891/8473/4089/57559/9958/408/11047/8078/9736/7321/84749/6881/7979/324/4086/8331/55611/10868/27005/5694/8338/5717/4303/5689/55031/5701/8678/2648/2099/80124/1080/10869/5686/8329/5709/2033/8239/3416/7415/5691/5707/56957/80351/8850/5728/92815","24110/230073/71586/19358/24075/22059/22335/26444/76630/74158/107976/66124/107260/68149/108155/22258/20439/68251/217057/22225/59029/50868/28185/14232/216080/13531/11835/22333/14534/51812/19181/107607/236733/68142/57783/59040/70527/19167/67561/15251/12005/19173/11465/67089","Deubiquitination",-2.54446612119101,2.54446612119101,"opposite direction"
"Reactome","High laminar flow shear stress activates signaling by PIEZO1 and PECAM1:CDH5:KDR in endothelial cells","R-HSA-9856530","R-MMU-9856530","High laminar flow shear stress activates signaling by PIEZO1 and PECAM1:CDH5:KDR in endothelial cells","High laminar flow shear stress activates signaling by PIEZO1 and PECAM1:CDH5:KDR in endothelial cells",-1.009000592075,1.53367874437275,0.63696492924321,0.189073825706932,-0.195884478897689,0.723368588224374,FALSE,FALSE,"5586/5029/2778/801/5291/111/5568/2534/2783/4323/196883/253260/112/5290/1499/5577","11535/18442/11651/14682/14701/54598/19088/19084/14693/14708/56716/12336/227743/14672/14688/56717/14696/14706","High laminar flow shear stress activates signaling by PIEZO1 and PECAM1:CDH5:KDR in endothelial cells",-2.54267933644775,2.54267933644775,"opposite direction"
"Reactome","Mitochondrial calcium ion transport","R-HSA-8949215","R-MMU-8949215","Mitochondrial calcium ion transport","Mitochondrial calcium ion transport",-1.33166214771051,1.20890510717122,0.227980468030219,0.644354570853604,-0.642102359096283,0.190875086382992,FALSE,FALSE,"23203/10367/9512/91689","66592/68514/381038/234847/215999/66865/69597/12034/66815","Mitochondrial calcium ion transport",-2.54056725488173,2.54056725488173,"opposite direction"
"Reactome","Downstream signaling events of B Cell Receptor (BCR)","R-HSA-1168372","R-MMU-1168372","Downstream signaling events of B Cell Receptor (BCR)","Downstream signaling events of B Cell Receptor (BCR)",-1.96213366979113,0.575258119960367,0.000479116303607056,1,-3.31955905050251,0,TRUE,FALSE,"84433/5687/5704/801/4792/5532/1147/5690/10213/5719/5685/4772/5684/3265/5718/11047/8454/7979/5694/5717/5689/5701/4790/5686/5709/4775/5691/5530/5707","19056/26444/59029/15461/19181/19167/19173/67089/26965/17463/16151/22123/26441/19170/70247/78294","Downstream signaling events of B Cell Receptor (BCR)",-2.5373917897515,2.5373917897515,"opposite direction"
"Reactome","Lagging Strand Synthesis","R-HSA-69186","R-MMU-69186","Lagging Strand Synthesis","Lagging Strand Synthesis",1.45816218388494,-1.07446104829936,0.138910807941563,0.74856213750091,0.857263962708926,-0.125772143412188,FALSE,FALSE,"5425/6118/2237/1763/6119/5984/5982","69263/18538/327762/19075/19687/68275/67967/18968/18969/19891","Lagging Strand Synthesis",2.5326232321843,2.5326232321843,"opposite direction"
"Reactome","Negative regulation of FGFR2 signaling","R-HSA-5654727","R-MMU-5654727","Negative regulation of FGFR2 signaling","Negative regulation of FGFR2 signaling",-1.75525464024424,0.773112974265236,0.0367310203470713,1,-1.43496700726734,0,TRUE,FALSE,"5518/2255/6714/5515/2263/5595/2252","14178/17346/26417/20779/24064/14173","Negative regulation of FGFR2 signaling",-2.52836761450948,2.52836761450948,"opposite direction"
"Reactome","Polymerase switching on the C-strand of the telomere","R-HSA-174411","R-MMU-174411","Polymerase switching on the C-strand of the telomere","Polymerase switching on the C-strand of the telomere",1.53476537541992,-0.992873230374976,0.0911335644202296,0.82947250194637,1.04032164324825,-0.0811980068076768,FALSE,FALSE,"5425/63922/54386/7013/25913/26277/5984/5982","67967/18968/21749/18969/57321","Polymerase switching on the C-strand of the telomere",2.5276386057949,2.5276386057949,"opposite direction"
"Reactome","M Phase","R-HSA-68886","R-MMU-68886","M Phase","M Phase",1.39475216898285,-1.13067150311283,0.0121590945670273,0.416235287707062,1.91509876381199,-0.380661103829309,TRUE,FALSE,"54908/10762/9883/11130/5116/701/2010/1063/8379/80152/23141/348235/332/55746/8815/653784/147841/57082/22995/9232/10783/55835/55143/79172/699/113130/26271/3320/2801/23636/51652/11097/6232/94239/5578/55755/64689/22994/10776/23310/25936/27183/55142/79648/25909/93323/79980/22981/6418/85236/10142/151246/9738/54892/55055/3930/83540/23354/348995/79682/5527/220134/54801/2491/6233/57405/8481/27338/3017/1060/84131/64946/55839/246184/9798/221496","74498/13006/103768/13424/269966/99412/50850/67139/18747/214444/59046/72083/103573/101706/236930/26413/52504/76044/22186/66371/18221/52683/68942/56430/71819/70699/66977/23997/216274/76478/26951/68549/78177/18286/74360/14211/107939/225659/107995/83431/76499/12237/218914/69482/228421/13001/215387/66934/53598/227720/52696/16905/57296/64898/105988/22190/22196/101565/75786/15519/75296/12235/71955/268697/229841/22218/68097/19324/12534/21770/100710/22627/26932/19348/67849/66140/70385/18005/52276/99100/16319/108000/12236/19387/18141","M Phase",2.52542367209568,2.52542367209568,"opposite direction"
"Reactome","Transcriptional and post-translational regulation of MITF-M expression and activity","R-HSA-9856649","R-MMU-9856649","Transcriptional and post-translational regulation of MITF-M expression and activity","Transcriptional and post-translational regulation of MITF-M expression and activity",-1.37445742586554,1.14994164020547,0.148394876872949,0.657645696206108,-0.828581092212076,0.18200801766895,FALSE,FALSE,"4254/5443/3735/6663/7533/7531/3094/1615/6657/5917/5077/1435/2033/1499/5595","107045/15254/226414/107508/12977/26417/105148/216443/104458/85305/97541/17342/56637","Transcriptional and post-translational regulation of MITF-M expression and activity",-2.52439906607101,2.52439906607101,"opposite direction"
"Reactome","Asymmetric localization of PCP proteins","R-HSA-4608870","R-MMU-4608870","Asymmetric localization of PCP proteins","Asymmetric localization of PCP proteins",-1.85016224021238,0.673514137053158,0.00452925894548226,1,-2.34397284924876,0,TRUE,FALSE,"5690/10213/5719/5685/5684/5718/8321/11047/50855/7979/7855/5694/5717/5689/5701/8324/5686/5709/5691/5707","14362/26444/75788/59029/19181/19167/19173/67089/17463/22123/26441/19170/70247/78294/57265/14370/19184","Asymmetric localization of PCP proteins",-2.52367637726554,2.52367637726554,"opposite direction"
"Reactome","Transport to the Golgi and subsequent modification","R-HSA-948021","R-MMU-948021","Transport to the Golgi and subsequent modification","Transport to the Golgi and subsequent modification",-1.29010614931804,1.22941144098211,0.0794283857506858,0.406791125541126,-1.1000242636711,0.390628530111532,FALSE,FALSE,"8615/372/25834/288/91949/2153/55860/10427/57511/4121/10540/25839/6811/27095/6484/1315/10113/9382/10121/4122/80086/830/51226/83696/22872/26958/10382/51399/2517/9276/347688/381/1314/57134/832/1522/4248/57731/7277","53618/14799/22142/338320/53418/228998/67951/11733/22143/59042/235661/66111/89867/227613/17158/20443/69162/54160/76983/217664/76510/50797/22146/22152/69654/242362/97484/238123/77038/16834/234663/110379/105522/54161/68137/56494/59005/13191/66682/66913/50907/69608/56389/11839/12793/140481/17308","Transport to the Golgi and subsequent modification",-2.51951759030015,2.51951759030015,"opposite direction"
"Reactome","Deadenylation of mRNA","R-HSA-429947","R-MMU-429947","Deadenylation of mRNA","Deadenylation of mRNA",-1.61390034562367,0.903225155114083,0.0732572548062388,0.933912521450538,-1.13514935982982,0.0296938017469615,FALSE,FALSE,"1977/55571/1981/85456/1975/23318/4848/9125/79670/4850/9337/25904/23019/26986/246175/57472","13681/18458/208643/78893/228140/75705/192170/104625/72068","Deadenylation of mRNA",-2.51712550073775,2.51712550073775,"opposite direction"
"Reactome","DAG1 glycosylations","R-HSA-8931838","R-MMU-8931838","DAG1 glycosylations","DAG1 glycosylations",-0.815680964370645,1.69540527255068,0.841323269413845,0.0935000441224483,-0.0750370991525275,1.0291881841849,FALSE,FALSE,"9215/1605","243853/68273/24060/74653/217734/97884","DAG1 glycosylations",-2.51108623692132,2.51108623692132,"opposite direction"
"Reactome","Phase I - Functionalization of compounds","R-HSA-211945","R-MMU-211945","Phase I - Functionalization of compounds","Phase I - Functionalization of compounds",-1.43433589753604,1.07655106620815,0.0806870133641,0.723492962056304,-1.09319635967903,0.140565689223558,FALSE,FALSE,"4051/54996/11283/2328/1066/8529/9420/57834/66002/1573/5443/131/5447/405/10499/8639/218/196743/9049/55902/54498/5742/4128/2052/217","11529/11864/19224/228608/11532/109754/68021/13123/18105/13078/19223","Phase I - Functionalization of compounds",-2.51088696374419,2.51088696374419,"opposite direction"
"Reactome","VxPx cargo-targeting to cilium","R-HSA-5620916","R-MMU-5620916","VxPx cargo-targeting to cilium","VxPx cargo-targeting to cilium",-1.29124807206949,1.21479466024398,0.320806864120122,0.632498695878978,-0.493756347938996,0.198940365603761,FALSE,FALSE,"1260/117177/1258/11336/5311/4218/60412/55763/50807","53413/18764/13196/18763/102058","VxPx cargo-targeting to cilium",-2.50604273231347,2.50604273231347,"opposite direction"
"Reactome","Transcriptional regulation by RUNX1","R-HSA-8878171","R-MMU-8878171","Transcriptional regulation by RUNX1","Transcriptional regulation by RUNX1",-1.5937657106779,0.91000728617995,0.0035327415394578,0.938049969069171,-2.45188813502292,0.0277740265324574,TRUE,FALSE,"57678/8784/5687/8348/5704/4297/8344/902/8368/3065/8013/8363/10398/1515/6045/55193/5690/865/8085/10213/3958/1460/5719/5685/4005/5684/8341/55170/860/653604/5718/27327/23429/11047/7979/84661/8331/6938/5694/8338/5717/6601/5689/5701/2099/6714/26523/5686/5709/10138/2033/1998/5691/27161/5707/23112/8861/8850/196528","20587/54383/23808/26444/15270/21423/22601/13038/59029/12443/12444/68024/68094/13039/12572/19181/20586/67155/19763/11350/19167/12400/20588/19173/67089/12995/14462/83797/232440/21406/17463","Transcriptional regulation by RUNX1",-2.50377299685785,2.50377299685785,"opposite direction"
"Reactome","Base Excision Repair","R-HSA-73884","R-MMU-73884","Base Excision Repair","Base Excision Repair",1.77535602789802,-0.719623831693909,0.00596863233260585,1,2.22412517279845,0,TRUE,FALSE,"328/5425/142/7374/94239/54386/85236/4350/11284/6118/8930/2237/10038/3017/79661/54107/4595/7013/25913/6119/26277/5984/8334/5982/252969/6996","21749/19891/22256/57321","Base Excision Repair",2.49497985959193,2.49497985959193,"opposite direction"
"Reactome","Gap-filling DNA repair synthesis and ligation in GG-NER","R-HSA-5696397","R-MMU-5696397","Gap-filling DNA repair synthesis and ligation in GG-NER","Gap-filling DNA repair synthesis and ligation in GG-NER",1.44200824449444,-1.05256570066019,0.141699235444262,0.782771638034796,0.848632493035771,-0.106364918410215,FALSE,FALSE,"5425/6118/6233/54107/6119/5984/5982/5426/7515/56655/5111","69263/59001/18538/19687/22186/68275/67967/22190/19891/27015","Gap-filling DNA repair synthesis and ligation in GG-NER",2.49457394515463,2.49457394515463,"opposite direction"
"Reactome","Degradation of DVL","R-HSA-4641258","R-MMU-4641258","Degradation of DVL","Degradation of DVL",-1.99392851399298,0.500496625061235,0.000992961865340885,1,-3.00306743024585,0,TRUE,FALSE,"5690/10213/5719/5685/5684/5718/8452/11047/7979/5694/5717/5689/5701/9978/5686/5709/5691/5707","26444/59029/19181/19167/19173/67089/17463/22123/26441/19170/70247/78294","Degradation of DVL",-2.49442513905421,2.49442513905421,"opposite direction"
"Reactome","Translesion synthesis by POLK","R-HSA-5655862","R-MMU-5655862","Translesion synthesis by POLK","Translesion synthesis by POLK",1.2688327203728,-1.21862151427315,0.3193315266486,0.63516315617156,0.495758202745804,-0.197114701915124,FALSE,FALSE,"6118/6233/6119/5984/5982/10459/5111","69263/18538/56210/19687/22186/68275/22190/19891/27015","Translesion synthesis by POLK",2.48745423464595,2.48745423464595,"opposite direction"
"Reactome","Nuclear Pore Complex (NPC) Disassembly","R-HSA-3301854","R-MMU-3301854","Nuclear Pore Complex (NPC) Disassembly","Nuclear Pore Complex (NPC) Disassembly",1.44526356840607,-1.03874490990538,0.119283255677347,0.772148788757309,0.923420515904736,-0.112299005480207,FALSE,FALSE,"10762/9883/55746/10783/23636/11097/348995","107939/69482/227720/268697/12534/18141","Nuclear Pore Complex (NPC) Disassembly",2.48400847831145,2.48400847831145,"opposite direction"
"Reactome","Asparagine N-linked glycosylation","R-HSA-446203","R-MMU-446203","Asparagine N-linked glycosylation","Asparagine N-linked glycosylation",-1.29315714215612,1.18962945087707,0.0415576578836331,0.416365314846502,-1.38134893649687,0.380525456390568,TRUE,FALSE,"372/25834/5887/288/5476/91949/54344/2153/55860/80267/10427/57511/144245/4121/10540/25839/30815/55741/6811/27095/6484/1315/3703/84447/10113/9382/10121/4122/80086/830/51226/83696/9695/22872/6483/26958/10382/56886/3098/51399/2517/9276/347688/381/79139/1314/11236/57134/832/7415/746/2762/267/5973/51005/1522/4248/57731/7277","53618/14799/22142/338320/53418/54342/228998/67951/11733/66248/22143/59042/235661/66111/13478/89867/24060/227613/17158/20443/56174/102580/69162/381903/54160/76983/217664/76510/50797/20444/22146/22152/54128/69654/59007/242362/20442/57357/97484/238123/77038/16834/234663/320438/110379/105522/23802/22122/54161/208211/68137/56494/59005/69080/13191/66682/66913/50907/66174/331026/69608/20448/56389/11839/12793/140481","Asparagine N-linked glycosylation",-2.48278659303319,2.48278659303319,"opposite direction"
"Reactome","Glucose metabolism","R-HSA-70326","R-MMU-70326","Glucose metabolism","Glucose metabolism",-1.30355306146913,1.17811665935762,0.193285240581346,0.600876309427881,-0.71380130778627,0.221214918449012,FALSE,FALSE,"132789/9631/7175/5232/5568/5528/5518/3101/5313/8480/5207/2821/81929/5519/3098/5515/5230/2026/5091/230/2027","74551/18641/68401/14751/11674/72787/72141/14433/13808/110379/66679/21991","Glucose metabolism",-2.48166972082675,2.48166972082675,"opposite direction"
"Reactome","RNA polymerase II transcribes snRNA genes","R-HSA-6807505","R-MMU-6807505","RNA polymerase II transcribes snRNA genes","RNA polymerase II transcribes snRNA genes",1.0239530120249,-1.45602131341133,0.61602588066986,0.210261053064498,0.210401041738173,-0.677241164810688,FALSE,FALSE,"6882/79664/26173/6617/10302/6878/2961/22936/55197/5439/2957/6618/84524/54973/22916/79871/5433/2963/51808/23379/58490/2958","102209/70422/69920/69917/68991/71957/74197/69833/210925/21374/69241/75627/433702/108143/229543/192657/99730/70470/20922/227644/72949/226182/98053/225283/231329/20924/20683/71793/12455/67710/74737/13716","RNA polymerase II transcribes snRNA genes",2.47997432543623,2.47997432543623,"opposite direction"
"Reactome","Selective autophagy","R-HSA-9663891","R-MMU-9663891","Selective autophagy","Selective autophagy",-1.49662736555014,0.981538722389051,0.0388209801268119,0.848096548560945,-1.41093350402513,0.0715547042050218,TRUE,FALSE,"29110/9868/84557/55669/1460/401505/65018/139341/5571/53632/5830/84749/8878/123/7322/80086/7431/10382/6714/1080/347688/7415/7277","22142/22335/67951/22143/235661/68943/227613/22352/22146/22152/28185/234663/22333/21821/20779","Selective autophagy",-2.47816608793919,2.47816608793919,"opposite direction"
"Reactome","MAP2K and MAPK activation","R-HSA-5674135","R-MMU-5674135","MAP2K and MAPK activation","MAP2K and MAPK activation",-1.36035404105012,1.11128080598018,0.198227023461015,0.684451596929933,-0.702837140264493,0.164657258895233,FALSE,FALSE,"5604/8649/673/3265/408/5906/28956/5037/6714/5595","26396/14268/11836/26395/15461/11461/109905/26417/16706/20779/54401/11465/16416/54519/83409/23980/21894/110157/12988","MAP2K and MAPK activation",-2.4716348470303,2.4716348470303,"opposite direction"
"Reactome","Synthesis of Prostaglandins (PG) and Thromboxanes (TX)","R-HSA-2162123","R-MMU-2162123","Synthesis of Prostaglandins (PG) and Thromboxanes (TX)","Synthesis of Prostaglandins (PG) and Thromboxanes (TX)",-1.24938830135615,1.21453227003585,0.371107982264379,0.621252731402245,-0.430499704190452,0.206731688833557,FALSE,FALSE,"5743/9536/5742","19224/19225","Synthesis of Prostaglandins (PG) and Thromboxanes (TX)",-2.463920571392,2.463920571392,"opposite direction"
"Reactome","Neurotransmitter receptors and postsynaptic signal transmission","R-HSA-112314","R-MMU-112314","Neurotransmitter receptors and postsynaptic signal transmission","Neurotransmitter receptors and postsynaptic signal transmission",-1.28702909380473,1.17495924990748,0.0833145397932629,0.53840872905742,-1.07927920026245,0.268887907642292,FALSE,FALSE,"10369/26960/2899/5573/3765/8573/1135/7280/2906/2567/6197/801/160/111/23236/55327/2903/2902/3084/5568/818/27020/3265/2771/2773/1741/9463/1137/2891/5331/5571/53632/2783/2901/196883/817/3759/80086/1740/161/5562/10382/6714/112/347688/2036/8536/5595/5577/7277","23859/20112/52163/14799/207565/14701/18795/14806/19088/19084/14693/14708/16518/104111/13821/108058/14688/14696/14802/14706/110651","Neurotransmitter receptors and postsynaptic signal transmission",-2.46198834371221,2.46198834371221,"opposite direction"
"Reactome","p53-Dependent G1 DNA Damage Response","R-HSA-69563","R-MMU-69563","p53-Dependent G1 DNA Damage Response","p53-Dependent G1 DNA Damage Response",-1.9068562320752,0.553065202451346,0.00172863833461312,1,-2.76229586023196,0,TRUE,FALSE,"5687/5704/51230/5690/10213/5719/5685/5684/5718/11047/7979/5694/5717/5689/5701/5686/5709/25946/5691/57060/5707/64326","22059/26444/59029/26374/19181/50883/19167/19173/67089/17463/22123/26441/19170/70247/78294","p53-Dependent G1 DNA Damage Response",-2.45992143452655,2.45992143452655,"opposite direction"
"Reactome","p53-Dependent G1/S DNA damage checkpoint","R-HSA-69580","R-MMU-69580","p53-Dependent G1/S DNA damage checkpoint","p53-Dependent G1/S DNA damage checkpoint",-1.9068562320752,0.553065202451346,0.00172863833461312,1,-2.76229586023196,0,TRUE,FALSE,"5687/5704/51230/5690/10213/5719/5685/5684/5718/11047/7979/5694/5717/5689/5701/5686/5709/25946/5691/57060/5707/64326","22059/26444/59029/26374/19181/50883/19167/19173/67089/17463/22123/26441/19170/70247/78294","p53-Dependent G1/S DNA damage checkpoint",-2.45992143452655,2.45992143452655,"opposite direction"
"Reactome","SCF(Skp2)-mediated degradation of p27/p21","R-HSA-187577","R-MMU-187577","SCF(Skp2)-mediated degradation of p27/p21","SCF(Skp2)-mediated degradation of p27/p21",-1.69603372750163,0.756709488978007,0.016709866135925,1,-1.77702702926053,0,TRUE,FALSE,"5690/10213/5719/5685/5684/5718/11047/8454/7979/5694/5717/5689/5701/5686/5709/5691/5707","12567/26444/59029/12443/19181/19167/19173/67089/26965/17463/22123/26441/19170/70247/78294","SCF(Skp2)-mediated degradation of p27/p21",-2.45274321647964,2.45274321647964,"opposite direction"
"Reactome","Platelet activation, signaling and aggregation","R-HSA-76002","R-MMU-76002","Platelet activation, signaling and aggregation","Platelet activation, signaling and aggregation",-1.10242729126958,1.34781372010615,0.305477188969373,0.162252990427051,-0.515021214470862,0.789807290126986,FALSE,FALSE,"5627/7423/2771/2773/1072/5099/308/5580/51571/2534/6414/7873/2783/408/26090/5906/9002/10411/1893/6810/5777/1398/150/5747/7273/6714/5295/7043/3710/5290/51706/14/928/51368/5321/2277/10451/5595/3708/3082/7277","19039/20692/12843/239273/21859/21857/67988/15234/72017/14673/11651/192176/19241/21346/11674/14268/22388/14682/80884/13601/14701/22631/14693/14708/11820/20416/20909/18754/268936/14726/109905/26417/19128/22339/68117/18706/20779/223601/18783/380921/68038/21767/14672/227333/227612/12540/18709/16818/14688/22325/14083/14696/11465/14360/14706/26968","Platelet activation, signaling and aggregation",-2.45024101137573,2.45024101137573,"opposite direction"
"Reactome","Transcriptional regulation by the AP-2 (TFAP2) family of transcription factors","R-HSA-8864260","R-MMU-8864260","Transcriptional regulation by the AP-2 (TFAP2) family of transcription factors","Transcriptional regulation by the AP-2 (TFAP2) family of transcription factors",1.53175094475712,-0.918106790617253,0.0840168412651355,0.904140502354788,1.07563365042132,-0.0437640754361826,FALSE,FALSE,"4869/1026/1956/4605/1387/79047/3815/7020/7039/163732/5308","106931/17684/328572/110052/70472/22196/22218","Transcriptional regulation by the AP-2 (TFAP2) family of transcription factors",2.44985773537437,2.44985773537437,"opposite direction"
"Reactome","Beta-catenin independent WNT signaling","R-HSA-3858494","R-MMU-3858494","Beta-catenin independent WNT signaling","Beta-catenin independent WNT signaling",-1.83539011743832,0.614245930875279,0.000198304970810257,1,-3.70266639941846,0,TRUE,FALSE,"801/160/23236/5532/5690/10213/1211/5719/5685/4772/5684/54361/5718/27327/23002/5331/8321/2783/11047/2775/50855/7979/7855/161/5694/5717/6934/5689/5701/4920/8324/26523/5686/5709/3710/6259/5691/27161/1213/5593/5530/5707/23112/1499/3708","14362/19056/26444/18643/75788/59029/14701/18795/14693/14708/14368/19181/19167/14688/14696/19173/67089/14706/17463/18099/14702/18797/11773/22123/26441/19170/70247/78294","Beta-catenin independent WNT signaling",-2.4496360483136,2.4496360483136,"opposite direction"
"Reactome","RAC3 GTPase cycle","R-HSA-9013423","R-MMU-9013423","RAC3 GTPase cycle","RAC3 GTPase cycle",1.3766444811291,-1.07087822224099,0.121447405715071,0.713682636175037,0.915611757891892,-0.146494869454507,FALSE,FALSE,"10652/2010/64411/397/1829/11135/1969/7074/57580/55619/1535/9341/5062/55971/3930/182/6510/55114/10152/347902/7037/5881/7410/81624/23592/3998/4162","71435/16449/170758/75739/26431/223666/14270/233103/70497/223435/17969/26934/66898/83767/108100/13836/12389/71893/216963/110279/84004/19349/56418/330177","RAC3 GTPase cycle",2.44752270337009,2.44752270337009,"opposite direction"
"Reactome","Phosphorylation of the APC/C","R-HSA-176412","R-MMU-176412","Phosphorylation of the APC/C","Phosphorylation of the APC/C",-1.44383358260841,1.00151894518975,0.15355570592019,0.810318936282359,-0.813734041131615,0.0913440119791715,FALSE,FALSE,"10393/8881/51433/64682/7321/29882/29945","59008/52206/69957/216080/217232/52717/17222","Phosphorylation of the APC/C",-2.44535252779816,2.44535252779816,"opposite direction"
"Reactome","TGF-beta receptor signaling activates SMADs","R-HSA-2173789","R-MMU-2173789","TGF-beta receptor signaling activates SMADs","TGF-beta receptor signaling activates SMADs",-1.24182663855831,1.20334283463041,0.276230517688028,0.580450041510777,-0.558728342660509,0.236235153410108,FALSE,FALSE,"7043/5501/9110/10273/4052/5499/7049","14118/241226/16419/21814/268977/16998/22192","TGF-beta receptor signaling activates SMADs",-2.44516947318872,2.44516947318872,"opposite direction"
"Reactome","RHOBTB2 GTPase cycle","R-HSA-9013418","R-MMU-9013418","RHOBTB2 GTPase cycle","RHOBTB2 GTPase cycle",1.60853798214024,-0.835276320822815,0.0847175788048709,0.977044078264856,1.07202646468893,-0.0100858431232066,FALSE,FALSE,"7919/3320/23221/908/27316/3183/29766/1627/10574","15519/51796/17920","RHOBTB2 GTPase cycle",2.44381430296305,2.44381430296305,"opposite direction"
"Reactome","Formation of the cornified envelope","R-HSA-6809371","R-MMU-6809371","Formation of the cornified envelope","Formation of the cornified envelope",1.19006214346962,-1.24886583424816,0.355911152190867,0.580450041510777,0.44865840351323,-0.236235153410108,FALSE,FALSE,"3875/64065/1829/1832/3856/2312/144501/3872/3858/1825/823/3887/3728/3855/5046","16480/14027/21816/99681/74127/227937/67451","Formation of the cornified envelope",2.43892797771778,2.43892797771778,"opposite direction"
"Reactome","VEGFA-VEGFR2 Pathway","R-HSA-4420097","R-MMU-4420097","VEGFA-VEGFR2 Pathway","VEGFA-VEGFR2 Pathway",-1.51005292849082,0.927671960926846,0.0426321766340047,0.938049969069171,-1.37026249339075,0.0277740265324574,TRUE,FALSE,"801/1495/5291/7422/4690/5568/3265/10787/5580/4689/2534/5058/1500/10006/2185/9844/5921/253260/1398/5747/6714/5295/10458/3710/5290/10768/1499/10451/3708","26362/11651/75778/218397/20430/15461/11461/216148/330662/22339/242687/56716/18706/20779/227743/12540/18709/56717/22325/14083/11465/14360/16416/102626/18803","VEGFA-VEGFR2 Pathway",-2.43772488941767,2.43772488941767,"opposite direction"
"Reactome","AMPK-induced ERAD and lysosome mediated degradation of PD-L1(CD274)","R-HSA-9931269","R-MMU-9931269","AMPK-induced ERAD and lysosome mediated degradation of PD-L1(CD274)","AMPK-induced ERAD and lysosome mediated degradation of PD-L1(CD274)",-1.93564853553808,0.499335397935337,0.00275531491450419,1,-2.55982875695178,0,TRUE,FALSE,"5687/91319/5704/5690/10213/5719/5685/5684/5718/5571/53632/11047/7979/5694/5717/5689/5562/5701/5686/5709/79139/7415/5691/5707","26444/59029/66753/244373/19181/60533/19167/19173/67089/17463/22123/26441/19170/70247/78294/54197","AMPK-induced ERAD and lysosome mediated degradation of PD-L1(CD274)",-2.43498393347342,2.43498393347342,"opposite direction"
"Reactome","Signaling by VEGF","R-HSA-194138","R-MMU-194138","Signaling by VEGF","Signaling by VEGF",-1.56524476515728,0.866271393380712,0.00812700632314793,0.973423912806349,-2.09006940234792,0.0116979892284447,TRUE,FALSE,"801/1495/5291/7422/4690/5568/7423/3265/10787/5580/4689/2534/5058/1500/10006/2185/9844/5921/253260/1398/5747/6714/5295/10458/3710/5290/14/10768/2277/1499/10451/8828/3708","18186/26362/11651/75778/218397/20430/15461/11461/216148/330662/22339/242687/56716/18706/20779/227743/12540/18709/56717/22325/14083/11465/14360/16416/102626/18803","Signaling by VEGF",-2.43151615853799,2.43151615853799,"opposite direction"
"Reactome","Transport of the SLBP independent Mature mRNA","R-HSA-159227","R-MMU-159227","Transport of the SLBP independent Mature mRNA","Transport of the SLBP independent Mature mRNA",1.4449480343112,-0.986137034015386,0.14070811808223,0.835442314600137,0.851680845446496,-0.0780835317858316,FALSE,FALSE,"10762/9883/55746/23636/11097/348995/23225/10189/57122/22916","269966/13684/53319/433702/70699/107939/69482/227720/18141","Transport of the SLBP independent Mature mRNA",2.43108506832659,2.43108506832659,"opposite direction"
"Reactome","Epigenetic regulation of gene expression by MLL3 and MLL4 complexes","R-HSA-9818564","R-MMU-9818564","Epigenetic regulation of gene expression by MLL3 and MLL4 complexes","Epigenetic regulation of gene expression by MLL3 and MLL4 complexes",-1.30719043186697,1.12067078245819,0.102662984397526,0.667297274056239,-0.988586115016437,0.17568064926095,FALSE,FALSE,"9443/5929/8355/6319/333932/25/3020/3991/8362/57678/8348/5469/8344/8368/8363/1050/6907/8085/84246/51003/8341/653604/7403/63924/8841/9969/123/9611/84661/8331/10499/5166/8338/90390/1024/1020/9968/2033/9282/2167","23808/15270/68024/21372/20602/11350/15183/232440","Epigenetic regulation of gene expression by MLL3 and MLL4 complexes",-2.42786121432516,2.42786121432516,"opposite direction"
"Reactome","Peroxisomal protein import","R-HSA-9033241","R-MMU-9033241","Peroxisomal protein import","Peroxisomal protein import",-1.274776230895,1.14936737839471,0.238781583175113,0.629621552010635,-0.62199917265935,0.200920414449666,FALSE,FALSE,"189/570/7323/5191/1610/30/5195/1384/219743/5830/7321/6342/7322/51/196743/3417/8239/3416","74114/51798/18634/14712/15926/171210/16922/23986/26897/28200/26378/216080/17117","Peroxisomal protein import",-2.42414360928971,2.42414360928971,"opposite direction"
"Reactome","Translesion synthesis by POLI","R-HSA-5656121","R-MMU-5656121","Translesion synthesis by POLI","Translesion synthesis by POLI",1.31970999260503,-1.09316020137206,0.258276314880088,0.751138229586505,0.587915418791908,-0.124280133804707,FALSE,FALSE,"6118/6233/6119/5984/5982/10459/5111/11201","69263/18538/56210/26447/19687/22186/68275/22190/19891","Translesion synthesis by POLI",2.41287019397709,2.41287019397709,"opposite direction"
"Reactome","PI-3K cascade:FGFR2","R-HSA-5654695","R-MMU-5654695","PI-3K cascade:FGFR2","PI-3K cascade:FGFR2",-1.6788283558926,0.731612137596748,0.0867023781811799,1,-1.06196898998863,0,FALSE,FALSE,"5295/5290/2263/2252","14178","PI-3K cascade:FGFR2",-2.41044049348935,2.41044049348935,"opposite direction"
"Reactome","Signaling by FGFR","R-HSA-190236","R-MMU-190236","Signaling by FGFR","Signaling by FGFR",-1.50149045051282,0.907242939230659,0.0342023175700795,0.938049969069171,-1.46594446488552,0.0277740265324574,TRUE,FALSE,"6714/5295/5290/3185/5515/23767/2263/5595/7049/2252","14178/399558/21814/17346/114715/68092/15461/15382/20416/26417/18706/20779/24064/67903/14173/396184/18803/14425","Signaling by FGFR",-2.40873338974348,2.40873338974348,"opposite direction"
"Reactome","Signaling by BMP","R-HSA-201451","R-MMU-201451","Signaling by BMP","Signaling by BMP",-1.14325864311232,1.26418280455877,0.437383065303242,0.511248897021811,-0.35913803608515,0.291367615938847,FALSE,FALSE,"3623/4089/7321/4086/650/7049","14314/12167/21814/75788/218441/83453/216080","Signaling by BMP",-2.40744144767109,2.40744144767109,"opposite direction"
"Reactome","G1/S DNA Damage Checkpoints","R-HSA-69615","R-MMU-69615","G1/S DNA Damage Checkpoints","G1/S DNA Damage Checkpoints",-1.82768327951369,0.579301067149988,0.00226984405592135,1,-2.64400397892109,0,TRUE,FALSE,"5687/5704/51230/1263/5690/10213/5719/5685/5684/5718/11047/8454/7979/5694/5717/5689/5701/9978/5686/5709/25946/5691/57060/5707/64326","22059/26444/59029/26374/19181/50883/19167/93687/19173/67089/26965/17463/56637/22123/26441/19170/70247/78294","G1/S DNA Damage Checkpoints",-2.40698434666368,2.40698434666368,"opposite direction"
"Reactome","Metalloprotease DUBs","R-HSA-5689901","R-MMU-5689901","Metalloprotease DUBs","Metalloprotease DUBs",-1.59972770682856,0.799530273032463,0.0561261037450062,0.996844603983326,-1.25083510530885,0.00137253766881647,FALSE,FALSE,"23172/85235/10213/8332/9577/57559/8331/8338/8329/2033/8850/92815","76630/107976/68251/59029","Metalloprotease DUBs",-2.39925797986102,2.39925797986102,"opposite direction"
"Reactome","Transmission across Chemical Synapses","R-HSA-112315","R-MMU-112315","Transmission across Chemical Synapses","Transmission across Chemical Synapses",-1.38628709378372,1.01026796425518,0.026133288014539,0.82300197181091,-1.58280594516224,0.0845991242706321,TRUE,FALSE,"783/7846/108/140679/10369/26960/2899/5573/3765/8573/1135/10815/6511/774/7280/2906/2567/8497/6844/6197/801/9256/160/111/23236/55327/1103/2903/2902/3084/6539/5568/6532/818/777/5864/27020/3265/2771/2773/1741/9463/1137/2891/27163/5331/5571/55799/53632/6531/2783/2901/196883/817/3759/80086/1740/161/5562/6812/10382/6714/112/347688/2036/8536/5595/4128/784/5577/217/7277","20512/12361/23859/20112/52163/14799/12286/207565/67760/14701/18795/14806/19088/19084/14693/14708/16518/104111/13821/108058","Transmission across Chemical Synapses",-2.3965550580389,2.3965550580389,"opposite direction"
"Reactome","Cholesterol biosynthesis","R-HSA-191273","R-MMU-191273","Cholesterol biosynthesis","Cholesterol biosynthesis",-1.40427001460158,0.991738613867884,0.21097137509238,0.82300197181091,-0.675776466421539,0.0845991242706321,FALSE,FALSE,"39/6720/3156/7108/6721/4598/50814/3157/6713","20787/18194/110196/17855/14137/74411/68865/74754/14593/13595/98386","Cholesterol biosynthesis",-2.39600862846946,2.39600862846946,"opposite direction"
"Reactome","AURKA Activation by TPX2","R-HSA-8854518","R-MMU-8854518","AURKA Activation by TPX2","AURKA Activation by TPX2",1.3582208789763,-1.03633267222194,0.134924399805888,0.784338759442494,0.869909505162476,-0.105496323054331,FALSE,FALSE,"5116/22974/22995/55835/3320/55755/22994/55142/93323/22981/10142/9738/6790/23354/54801/8481/84131/9662/10806","216274/76478/78177/18286/74360/225659/53598/101565/75786/15519/75296/12534/22627/72119/18005/99100/20878","AURKA Activation by TPX2",2.39455355119824,2.39455355119824,"opposite direction"
"Reactome","Signaling by TGF-beta Receptor Complex","R-HSA-170834","R-MMU-170834","Signaling by TGF-beta Receptor Complex","Signaling by TGF-beta Receptor Complex",-1.47036627476678,0.923875492027281,0.0381718861595643,0.921843116538744,-1.41825638004429,0.0353429828713615,TRUE,FALSE,"1025/4054/4221/51592/904/4089/9958/3726/50855/7321/5494/9611/1024/7050/7043/5501/9110/2033/8239/10273/4052/5595/5499/7049","14118/241226/16419/21814/21815/268977/16998/22192/75788/13559/108075/216080/16997/26417/21813/20602","Signaling by TGF-beta Receptor Complex",-2.39424176679406,2.39424176679406,"opposite direction"
"Reactome","Ca2+ pathway","R-HSA-4086398","R-MMU-4086398","Ca2+ pathway","Ca2+ pathway",-1.50249713091373,0.887572407387701,0.0793417901926161,0.938049969069171,-1.1004980047441,0.0277740265324574,FALSE,FALSE,"27327/5331/2783/2775/7855/6934/26523/3710/27161/5593/5530/23112/1499/3708","19056/14701/18795/14693/14708/14368/14688/14696/14706/18099/14702/18797","Ca2+ pathway",-2.39006953830143,2.39006953830143,"opposite direction"
"Reactome","Cooperation of PDCL (PhLP1) and TRiC/CCT in G-protein beta folding","R-HSA-6814122","R-MMU-6814122","Cooperation of PDCL (PhLP1) and TRiC/CCT in G-protein beta folding","Cooperation of PDCL (PhLP1) and TRiC/CCT in G-protein beta folding",-0.77714093801683,1.61017385314385,0.921906693711968,0.131974744276669,-0.0353130317192436,0.879509170845012,FALSE,FALSE,"8786","12464/14682/12466/14701/12468/14693/14708/12469/21454/14672/14688/14696/12465/14706/12995","Cooperation of PDCL (PhLP1) and TRiC/CCT in G-protein beta folding",-2.38731479116068,2.38731479116068,"opposite direction"
"Reactome","ER to Golgi Anterograde Transport","R-HSA-199977","R-MMU-199977","ER to Golgi Anterograde Transport","ER to Golgi Anterograde Transport",-1.20340218104007,1.17883942881352,0.25127386935644,0.504744413835323,-0.59985267250715,0.296928478830919,FALSE,FALSE,"5861/8615/372/288/91949/2153/55860/10427/57511/10540/25839/6811/27095/1315/10113/9382/10121/80086/830/51226/83696/22872/26958/10382/51399/9276/347688/381/1314/832/1522/57731/7277","14799/22142/338320/228998/67951/11733/22143/59042/235661/66111/89867/227613/69162/54160/76983/76510/50797/22146/22152/69654/97484/238123/77038/16834/234663/110379/105522/54161/68137/56494/59005/13191/66682/66913/50907/69608/56389/11839/12793/224139/67727/12847/104318/20334/60409/56358/53857/78232/56455/76332/22428/66251/317717/233824","ER to Golgi Anterograde Transport",-2.38224160985359,2.38224160985359,"opposite direction"
"Reactome","RHOA GTPase cycle","R-HSA-8980692","R-MMU-8980692","RHOA GTPase cycle","RHOA GTPase cycle",1.184328900915,-1.1949755392496,0.304157743289778,0.446338933137006,0.516901122731501,-0.350335228980442,FALSE,FALSE,"54443/10652/64411/3895/397/57522/25894/9824/64283/9414/9411/7074/57580/23526/2040/9341/55701/3930/65124/84986/5924/84317/10395/128239/4650/7037/9639/1729/10211/7410/85415/81624/3998/4162/3728/6793/93663/116985/23370","109333/14787/16480/223435/216831/54126/71704/26934/228482/75547/73910/12704/208846/12389/404710/52428/268301/239027/102098/13367/57257/110279/13605/71085/243362/84004/69668/231532/56418/13830/213522/21873","RHOA GTPase cycle",2.3793044401646,2.3793044401646,"opposite direction"
"Reactome","Adrenaline,noradrenaline inhibits insulin secretion","R-HSA-400042","R-MMU-400042","Adrenaline,noradrenaline inhibits insulin secretion","Adrenaline,noradrenaline inhibits insulin secretion",-1.22102341275549,1.15716470682058,0.302364522021514,0.654981549815498,-0.519469168178085,0.183770933483293,FALSE,FALSE,"2771/2783/150/112/775/784","14701/14693/14708/14688/14696/14706/14702","Adrenaline,noradrenaline inhibits insulin secretion",-2.37818811957607,2.37818811957607,"opposite direction"
"Reactome","Base-Excision Repair, AP Site Formation","R-HSA-73929","R-MMU-73929","Base-Excision Repair, AP Site Formation","Base-Excision Repair, AP Site Formation",1.39823148915613,-0.977951544377219,0.143715415019763,0.848096548560945,0.842496646625888,-0.0715547042050218,FALSE,FALSE,"7374/94239/54386/85236/4350/8930/3017/79661/4595/7013/25913/26277/8334/252969/6996","21749/22256/57321","Base-Excision Repair, AP Site Formation",2.37618303353335,2.37618303353335,"opposite direction"
"Reactome","Dual Incision in GG-NER","R-HSA-5696400","R-MMU-5696400","Dual Incision in GG-NER","Dual Incision in GG-NER",1.47271808995178,-0.90126118173294,0.091321990615461,0.938049969069171,1.03942463042876,-0.0277740265324574,FALSE,FALSE,"5425/1643/142/6118/2068/9557/6233/10038/2067/2073/54107/6119/5984/5982","69263/72584/59001/18538/209357/50505/107986/13871/19687/66467/22186/68275/14884/56438/67967/22190/19891/27015","Dual Incision in GG-NER",2.37397927168472,2.37397927168472,"opposite direction"
"Reactome","SHC-mediated cascade:FGFR2","R-HSA-5654699","R-MMU-5654699","SHC-mediated cascade:FGFR2","SHC-mediated cascade:FGFR2",-1.35717589215543,1.01173706133215,0.23756992573076,0.82300197181091,-0.624208538084165,0.0845991242706321,FALSE,FALSE,"3265/2255/2263/2252","14178/15461/20416","SHC-mediated cascade:FGFR2",-2.36891295348758,2.36891295348758,"opposite direction"
"Reactome","COPII-mediated vesicle transport","R-HSA-204005","R-MMU-204005","COPII-mediated vesicle transport","COPII-mediated vesicle transport",1.28686885461581,-1.07769194403045,0.229792935058346,0.688128591954023,0.638663327746696,-0.162330396709801,FALSE,FALSE,"1294/966/90411/10652/1075/2801/149111/64689/9117/22870","240667/74498/21802/99412/66890/27096/13032/77371/56334/21787/67857/12794/216131/12836/235416/19324/108123/64138/56418/17957","COPII-mediated vesicle transport",2.36456079864626,2.36456079864626,"opposite direction"
"Reactome","Downstream signaling of activated FGFR2","R-HSA-5654696","R-MMU-5654696","Downstream signaling of activated FGFR2","Downstream signaling of activated FGFR2",-1.5339499180634,0.829172111984638,0.118036729378578,0.955449570438204,-0.927982832656613,0.0197922304911118,FALSE,FALSE,"3265/2255/5295/5290/2263/2252","14178/15461/20416/18706/14173/18803","Downstream signaling of activated FGFR2",-2.36312203004804,2.36312203004804,"opposite direction"
"Reactome","Processing of Capped Intron-Containing Pre-mRNA","R-HSA-72203","R-MMU-72203","Processing of Capped Intron-Containing Pre-mRNA","Processing of Capped Intron-Containing Pre-mRNA",0.595259916142105,-1.76716419280381,1,8.2878577444323e-05,0,-4.08155771191089,FALSE,TRUE,"10762/7919/9883/55746/6637/3178/23636/11097/51634/9128/56339/27316/10921/348995/3183/23658/6233/6936/27336/57461/8175/9939/5439/23225/6429/10189/57122/6631/6627/22916/11066/51645/55702/7884/26017/5433/2963/84081/84321/10081/10212/23279/22985/6638/53981/84248/84950/9818/5441/6625/51690/163859/1477/23020/10946/199746","67197/28035/210529/53317/66070/69833/56194/68598/67958/101943/21681/69241/108121/20630/28000/70052/83410/66354/64340/73666/68592/269966/66101/75210/13684/69192/53319/433702/66642/67480/83486/67285/227707/68816/60321/22186/320632/209416/70699/192160/67039/19826/53379/94315/71713/27967/69757/69207/67465/212880/20220/18949/107939/54188/70044/237859/13204/76479/56258/69482/54723/24010/73826/98758/192159/209003/330361/67337/193116/67332/19205/227720/98053/67418/69823/67797/66801/22190/231329/60365/66118/19647/74255/67678/545085/67710/74320/66877/51796/72198/20641/238831/17149/208768/108160/70767/27366/68879/74737/228410/68183/18141","Processing of Capped Intron-Containing Pre-mRNA",2.36242410894592,2.36242410894592,"opposite direction"
"Reactome","Transport of the SLBP Dependant Mature mRNA","R-HSA-159230","R-MMU-159230","Transport of the SLBP Dependant Mature mRNA","Transport of the SLBP Dependant Mature mRNA",1.41147790579011,-0.948729024498916,0.146789775156023,0.885259640413209,0.833304194746731,-0.052929335108724,FALSE,FALSE,"10762/9883/55746/23636/11097/348995/23225/10189/57122/22916/7884","269966/13684/53319/433702/70699/107939/69482/227720/18141","Transport of the SLBP Dependant Mature mRNA",2.36020693028903,2.36020693028903,"opposite direction"
"Reactome","ADP signalling through P2Y purinoceptor 1","R-HSA-418592","R-MMU-418592","ADP signalling through P2Y purinoceptor 1","ADP signalling through P2Y purinoceptor 1",-0.824299339036058,1.53507859759338,0.845448720303323,0.256948197124299,-0.0729127288878622,0.590154425193112,FALSE,FALSE,"2783/6714/5321","14682/14701/14693/14708/20779/18783/14672/14688/14696/14706/14702","ADP signalling through P2Y purinoceptor 1",-2.35937793662944,2.35937793662944,"opposite direction"
"Reactome","Mitotic Metaphase and Anaphase","R-HSA-2555396","R-MMU-2555396","Mitotic Metaphase and Anaphase","Mitotic Metaphase and Anaphase",1.31788712218183,-1.03603379987424,0.10247705917498,0.732559237232134,0.989373346206424,-0.135157251024571,FALSE,FALSE,"54908/9883/11130/701/2010/1063/8379/80152/23141/348235/332/55746/8815/147841/57082/9232/55143/79172/699/113130/26271/23636/51652/6232/25936/27183/25909/79980/151246/55055/3930/83540/348995/79682/5527/220134/2491/6233/57405/27338/1060/64946/55839/246184/9798/221496","13006/13424/269966/50850/67139/103573/236930/52504/22186/66371/18221/68942/56430/70699/66977/23997/26951/68549/107939/107995/83431/76499/12237/218914/69482/228421/66934/52696/16905/57296/105988/22190/22196/75786/12235/71955/268697/229841/22218/68097/12534/21770/100710/26932/67849/66140/70385/52276/16319/108000/12236/19387","Mitotic Metaphase and Anaphase",2.35392092205607,2.35392092205607,"opposite direction"
"Reactome","Platelet homeostasis","R-HSA-418346","R-MMU-418346","Platelet homeostasis","Platelet homeostasis",-1.54489577775854,0.807414049717623,0.0298505462407066,1,-1.52504771722627,0,TRUE,FALSE,"2778/5138/338/50940/801/490/10335/5027/5528/5518/5025/488/487/2783/492/7804/5777/5526/5519/3710/5321/5593/5515/27345/5525/3708","18573/109552/228139/53313/14701/23984/14693/14708/18783/14688/14696/225849/14706","Platelet homeostasis",-2.35230982747616,2.35230982747616,"opposite direction"
"Reactome","Epigenetic regulation by WDR5-containing histone modifying complexes","R-HSA-9917777","R-MMU-9917777","Epigenetic regulation by WDR5-containing histone modifying complexes","Epigenetic regulation by WDR5-containing histone modifying complexes",-1.50096820246488,0.850152293968144,0.0191863524283227,0.996844603983326,-1.71700758236839,0.00137253766881647,TRUE,FALSE,"57678/8348/5469/4297/8344/51230/8368/26009/8363/284058/51105/1050/6907/8085/84246/10445/51003/8341/4221/653604/55617/8473/7403/63924/8841/9969/123/9611/84661/8331/10499/5166/8338/90390/1024/1020/2648/9968/2033/9282/8850/2167/54934","23808/15270/108155/68024/228714/21372/14534/51812/108946/20602/11350/75812/75565/15183/217031/232440","Epigenetic regulation by WDR5-containing histone modifying complexes",-2.35112049643302,2.35112049643302,"opposite direction"
"Reactome","Conversion from APC/C:Cdc20 to APC/C:Cdh1 in late anaphase","R-HSA-176407","R-MMU-176407","Conversion from APC/C:Cdc20 to APC/C:Cdh1 in late anaphase","Conversion from APC/C:Cdc20 to APC/C:Cdh1 in late anaphase",-1.41153676305317,0.938033464742801,0.170260930294164,0.885259640413209,-0.7688849979816,0.052929335108724,FALSE,FALSE,"10393/8881/51433/64682/7321/29882/29945","59008/52206/69957/216080/217232/52717/17222","Conversion from APC/C:Cdc20 to APC/C:Cdh1 in late anaphase",-2.34957022779597,2.34957022779597,"opposite direction"
"Reactome","Glucagon-like Peptide-1 (GLP1) regulates insulin secretion","R-HSA-381676","R-MMU-381676","Glucagon-like Peptide-1 (GLP1) regulates insulin secretion","Glucagon-like Peptide-1 (GLP1) regulates insulin secretion",-1.42998334474718,0.918753527437435,0.140532119211768,0.90115198810851,-0.852224404568592,0.045201954825472,FALSE,FALSE,"2778/111/3747/5568/2783/5906/10411/2740/112/3710/3708/5577","14701/14693/14708/109905/14688/14696/14706/16439/14702","Glucagon-like Peptide-1 (GLP1) regulates insulin secretion",-2.34873687218461,2.34873687218461,"opposite direction"
"Reactome","Citric acid cycle (TCA cycle)","R-HSA-71403","R-MMU-71403","Citric acid cycle (TCA cycle)","Citric acid cycle (TCA cycle)",-0.858068216484194,1.48901469176515,0.832813647639241,0.225022831120873,-0.0794521664876159,0.647773415547405,FALSE,FALSE,"3418/1738/3419/6390/4191/50/38/23530","20917/68015/14194/380840/15929/110446/269951","Citric acid cycle (TCA cycle)",-2.34708290824934,2.34708290824934,"opposite direction"
"Reactome","Signal amplification","R-HSA-392518","R-MMU-392518","Signal amplification","Signal amplification",-0.997047057829918,1.34361836434709,0.624959258856878,0.406403162055336,-0.204148293424496,0.391042921644803,FALSE,FALSE,"2771/2773/2783/6714/14/5321","14682/14701/14693/14708/20779/18783/14672/14688/14696/14706/14674/14702","Signal amplification",-2.34066542217701,2.34066542217701,"opposite direction"
"Reactome","Protein-protein interactions at synapses","R-HSA-6794362","R-MMU-6794362","Protein-protein interactions at synapses","Protein-protein interactions at synapses",-1.04599350805443,1.29429456147891,0.54493291464459,0.435019986350785,-0.263656959361806,0.361490789568438,FALSE,FALSE,"10313/8573/57502/2906/8497/55327/2903/2902/2319/9229/9066/1741/8496/10611/78999/5802/1740/57555/26037/2035/6812/22941/23136/2036","12361/23859/14799/14251/227700/67533/13821/14252/225875/14802/16180","Protein-protein interactions at synapses",-2.34028806953334,2.34028806953334,"opposite direction"
"Reactome","Transport of Mature mRNAs Derived from Intronless Transcripts","R-HSA-159234","R-MMU-159234","Transport of Mature mRNAs Derived from Intronless Transcripts","Transport of Mature mRNAs Derived from Intronless Transcripts",1.27956623628041,-1.06053709751911,0.250445829582704,0.715735104224313,0.601286195774422,-0.145247681686387,FALSE,FALSE,"10762/9883/55746/23636/11097/348995/23225/10189/57122/22916/7884/23279/53981/9818","269966/13684/53319/433702/70699/107939/54188/69482/227720/74320/18141","Transport of Mature mRNAs Derived from Intronless Transcripts",2.34010333379952,2.34010333379952,"opposite direction"
"Reactome","TP53 Regulates Metabolic Genes","R-HSA-5628897","R-MMU-5628897","TP53 Regulates Metabolic Genes","TP53 Regulates Metabolic Genes",-1.3033004233051,1.0354495287802,0.156575366414906,0.797788610800948,-0.805276563297192,0.0981121679529877,FALSE,FALSE,"1351/7533/7531/27327/5571/2821/53632/9167/28956/5562/5052/26523/10670/143686/64121/8626/55004/27161/23112/5728/7001","74747/14381/14782/14751/230784/11651/22628/68441/22166/12862/54683/50493/22631","TP53 Regulates Metabolic Genes",-2.3387499520853,2.3387499520853,"opposite direction"
"Reactome","Regulation of Glucokinase by Glucokinase Regulatory Protein","R-HSA-170822","R-MMU-170822","Regulation of Glucokinase by Glucokinase Regulatory Protein","Regulation of Glucokinase by Glucokinase Regulatory Protein",1.44766031776134,-0.889833205849757,0.129770408553467,0.938049969069171,0.886824328083239,-0.0277740265324574,FALSE,FALSE,"10762/9883/55746/23636/11097/348995/23225/57122","269966/70699/107939/69482/227720/18141","Regulation of Glucokinase by Glucokinase Regulatory Protein",2.3374935236111,2.3374935236111,"opposite direction"
"Reactome","Drug ADME","R-HSA-9748784","R-MMU-9748784","Drug ADME","Drug ADME",-0.717230046844837,1.61952468661212,0.977602569830681,0.108530980939989,-0.00983766546709253,0.964446271670685,FALSE,FALSE,"1571/10864/124975/3251/2944/9376/22978/5444/10/54577/6783/1066/11309/54578/2950/5446/10057/866/5243/132/10451/7498","22436/239273/23918/15452/17250/14870/14923/63959/71279/28253/269823/76952/109652/18671/22325/22017/75894","Drug ADME",-2.33675473345696,2.33675473345696,"opposite direction"
"Reactome","Biosynthesis of DHA-derived SPMs","R-HSA-9018677","R-MMU-9018677","Biosynthesis of DHA-derived SPMs","Biosynthesis of DHA-derived SPMs",-1.05577969289588,1.28029163691318,0.547916389885302,0.573793021032505,-0.261285708270741,0.241244738323385,FALSE,FALSE,"246/2879/4048/5743","19225/625249/14865/56448","Biosynthesis of DHA-derived SPMs",-2.33607132980906,2.33607132980906,"opposite direction"
"Reactome","DAG and IP3 signaling","R-HSA-1489509","R-MMU-1489509","DAG and IP3 signaling","DAG and IP3 signaling",-1.25607656435703,1.07978423614699,0.281553121888778,0.722827036152995,-0.550439652796236,0.140965611738573,FALSE,FALSE,"801/111/5568/818/5580/196883/817/112/3710/10768/3708/5577","18573/207565/19088/19084/104111/18754","DAG and IP3 signaling",-2.33586080050402,2.33586080050402,"opposite direction"
"Reactome","Neurexins and neuroligins","R-HSA-6794361","R-MMU-6794361","Neurexins and neuroligins","Neurexins and neuroligins",-1.24000111062205,1.09304145427498,0.290547945205479,0.705992973511002,-0.536782191603895,0.151199621300299,FALSE,FALSE,"55327/2903/2902/9229/9066/1741/10611/1740/57555/26037/2035/6812/22941/23136/2036","12361/23859/227700/13821","Neurexins and neuroligins",-2.33304256489703,2.33304256489703,"opposite direction"
"Reactome","Mitotic Anaphase","R-HSA-68882","R-MMU-68882","Mitotic Anaphase","Mitotic Anaphase",1.27935308665595,-1.05074106596321,0.133318827966348,0.704341390529652,0.875108512968191,-0.152216789599361,FALSE,FALSE,"54908/9883/11130/701/2010/1063/8379/80152/23141/348235/332/55746/8815/147841/57082/9232/55143/79172/699/113130/23636/51652/6232/25936/27183/25909/79980/151246/55055/3930/83540/348995/79682/5527/220134/2491/6233/57405/27338/1060/64946/55839/246184/9798/221496","13006/13424/269966/50850/67139/103573/236930/52504/22186/66371/18221/68942/56430/70699/66977/23997/26951/68549/107939/107995/83431/76499/12237/218914/69482/228421/66934/52696/16905/57296/105988/22190/22196/75786/12235/71955/268697/229841/22218/68097/12534/21770/100710/26932/67849/66140/70385/52276/16319/108000/12236/19387","Mitotic Anaphase",2.33009415261916,2.33009415261916,"opposite direction"
"Reactome","Notch-HLH transcription pathway","R-HSA-350054","R-MMU-350054","Notch-HLH transcription pathway","Notch-HLH transcription pathway",-1.28379642844549,1.04434820959661,0.289171749938296,0.782577614379085,-0.538844136844942,0.1064725792448,FALSE,FALSE,"8841/9611/2648/10014/9759/8850/3516","19664/21372/208727/14534/70315/20602/103806/15183","Notch-HLH transcription pathway",-2.3281446380421,2.3281446380421,"opposite direction"
"Reactome","FGFR2 ligand binding and activation","R-HSA-190241","R-MMU-190241","FGFR2 ligand binding and activation","FGFR2 ligand binding and activation",-1.39647867058587,0.931298021674481,0.241668933860718,0.885259640413209,-0.616779173837301,0.052929335108724,FALSE,FALSE,"2249/83888/2255/2263/2252","14178","FGFR2 ligand binding and activation",-2.32777669226035,2.32777669226035,"opposite direction"
"Reactome","O-glycosylation of TSR domain-containing proteins","R-HSA-5173214","R-MMU-5173214","O-glycosylation of TSR domain-containing proteins","O-glycosylation of TSR domain-containing proteins",-0.904703354827956,1.42041101162835,0.768807670614777,0.362048372648552,-0.114182292237207,0.441233400265565,FALSE,FALSE,"56999/9507/221981/54507","269959/207596/381694/216725/21826/239337/100689/23794","O-glycosylation of TSR domain-containing proteins",-2.32511436645631,2.32511436645631,"opposite direction"
"Reactome","Switching of origins to a post-replicative state","R-HSA-69052","R-MMU-69052","Switching of origins to a post-replicative state","Switching of origins to a post-replicative state",-1.76053012121616,0.564132704229333,0.00349193955351279,1,-2.45693328266494,0,TRUE,FALSE,"5690/10213/5719/5685/5684/10393/5718/8881/51433/11047/64682/7321/29882/8454/7979/4175/5694/5717/5689/5701/9978/5686/5709/5691/29945/5707","26444/59008/52206/50793/59029/69957/18393/216080/19181/217232/19167/19173/67089/52717/17222/26965/17463/17220/22123/26441/19170/70247/78294/56371","Switching of origins to a post-replicative state",-2.32466282544549,2.32466282544549,"opposite direction"
"Reactome","Formation of the embryonic stem cell BAF (esBAF) complex","R-HSA-9933946","R-MMU-9933946","Formation of the embryonic stem cell BAF (esBAF) complex","Formation of the embryonic stem cell BAF (esBAF) complex",-0.750957536633707,1.57098606406434,0.884572858472998,0.235266824571552,-0.0532663903069569,0.628439309208616,FALSE,FALSE,"5977/6760/6603/6605/6604/6599/55274/6601","20587/72057/68094/20586/20588/11465/83797","Formation of the embryonic stem cell BAF (esBAF) complex",-2.32194360069805,2.32194360069805,"opposite direction"
"Reactome","Negative Regulation of CDH1 Gene Transcription","R-HSA-9764725","R-MMU-9764725","Negative Regulation of CDH1 Gene Transcription","Negative Regulation of CDH1 Gene Transcription",-1.40801148585088,0.910115426675728,0.0823337452172367,0.938049969069171,-1.08442212884713,0.0277740265324574,FALSE,FALSE,"387893/7750/8337/8294/5928/8359/3021/8355/8726/333932/3020/8362/8348/8344/8368/3065/1487/8363/8341/7088/653604/6935/8331/6938/8338/5931/23512/6615/117581/7291/5595","13016/15270/68024/20586/22160/232440/665433/245688/15182/319171/433759/76233/13017/319166/319187/52615/67956/69386","Negative Regulation of CDH1 Gene Transcription",-2.31812691252661,2.31812691252661,"opposite direction"
"Reactome","Beta defensins","R-HSA-1461957","R-MMU-1461957","Beta defensins","Beta defensins",-1.04627993544901,1.26444160124162,0.650627166719193,0.416235287707062,-0.186667806855095,0.380661103829309,FALSE,FALSE,"7097/7096","24088","Beta defensins",-2.31072153669063,2.31072153669063,"opposite direction"
"Reactome","Formation of Incision Complex in GG-NER","R-HSA-5696395","R-MMU-5696395","Formation of Incision Complex in GG-NER","Formation of Incision Complex in GG-NER",1.38474267747804,-0.923035887477506,0.145511283674412,0.920862762968026,0.837103328000922,-0.0358050882903345,FALSE,FALSE,"1643/142/7508/6118/2068/9557/6233/10038/2067/6612/2073/6119","56469/170930/209357/50505/107986/13871/66467/22186/68275/14884/56438/93765/17420/22190/22196/19359/22218/19891","Formation of Incision Complex in GG-NER",2.30777856495555,2.30777856495555,"opposite direction"
"Reactome","Programmed Cell Death","R-HSA-5357801","R-MMU-5357801","Programmed Cell Death","Programmed Cell Death",-1.28142661336659,1.02528352443419,0.0831610091188646,0.791441754404717,-1.08008024935385,0.101581041220343,FALSE,FALSE,"2319/5690/4000/10213/1991/3009/5719/5685/5684/581/5580/7533/5718/7531/8473/23604/596/9500/11047/10015/7979/3659/79643/324/7431/5694/5717/6774/5689/5701/2934/4836/5747/5686/5709/3008/8626/10273/5691/5707/1499/5595/79658","69146/74268/14251/12048/12363/22628/22352/108155/14272/19057/208092/74568/227700/22631/66700/14082/11518/21898/26417/74006/12369/54722/12028/14453/71609/14252/26419/56369/227753/54401/14083","Programmed Cell Death",-2.30671013780078,2.30671013780078,"opposite direction"
"Reactome","Ion transport by P-type ATPases","R-HSA-936837","R-MMU-936837","Ion transport by P-type ATPases","Ion transport by P-type ATPases",-1.38829713163423,0.918157721499123,0.125087083367356,0.920862762968026,-0.902787533727044,0.0358050882903345,FALSE,FALSE,"477/5349/23200/801/490/480/84239/57194/476/53822/818/483/488/487/79895/9914/492/817/538/374868","109552/50771/53313/11982/72621/170759/108058","Ion transport by P-type ATPases",-2.30645485313335,2.30645485313335,"opposite direction"
"Reactome","Transport of Mature mRNA derived from an Intron-Containing Transcript","R-HSA-159236","R-MMU-159236","Transport of Mature mRNA derived from an Intron-Containing Transcript","Transport of Mature mRNA derived from an Intron-Containing Transcript",1.12065261389603,-1.18130983233086,0.438132617227846,0.570496711757472,0.358394414124327,-0.243746854435426,FALSE,FALSE,"10762/7919/9883/55746/23636/11097/10921/348995/9939/23225/6429/10189/57122/22916/84321/10212/23279","21681/108121/64340/73666/269966/53319/433702/70699/192160/19826/71713/69207/107939/69482/73826/193116/227720/69823/60365/66118/51796/17149/18141","Transport of Mature mRNA derived from an Intron-Containing Transcript",2.30196244622689,2.30196244622689,"opposite direction"
"Reactome","Spry regulation of FGF signaling","R-HSA-1295596","R-MMU-1295596","Spry regulation of FGF signaling","Spry regulation of FGF signaling",-1.60935004194325,0.692203757250118,0.125087083367356,1,-0.902787533727044,0,FALSE,FALSE,"673/5518/6714/5515/5595","17346/26417/20779/24064","Spry regulation of FGF signaling",-2.30155379919337,2.30155379919337,"opposite direction"
"Reactome","Muscle contraction","R-HSA-397014","R-MMU-397014","Muscle contraction","Muscle contraction",-1.50043262705408,0.798779561091569,0.0109260388349602,1,-1.96153726018434,0,TRUE,FALSE,"801/490/480/10398/476/7134/103910/53822/4882/8911/338567/6261/818/25802/1674/483/5058/51305/301/488/72/487/10089/6324/89/492/817/3759/7431/4881/7273/58498/3710/204851/10768/775/8850/3708/217/4311/58/4629/59","11475/98932/109552/16419/22004/22352/53313/12288/229709/65973","Muscle contraction",-2.29921218814565,2.29921218814565,"opposite direction"
"Reactome","N-glycan antennae elongation in the medial/trans-Golgi","R-HSA-975576","R-MMU-975576","N-glycan antennae elongation in the medial/trans-Golgi","N-glycan antennae elongation in the medial/trans-Golgi",-0.969927055031814,1.32867676105653,0.701739279047143,0.435019986350785,-0.153824213657874,0.361490789568438,FALSE,FALSE,"6484/4122/2517/4248","53618/53418/17158/20443/217664","N-glycan antennae elongation in the medial/trans-Golgi",-2.29860381608834,2.29860381608834,"opposite direction"
"Reactome","Caspase activation via Death Receptors in the presence of ligand","R-HSA-140534","R-MMU-140534","Caspase activation via Death Receptors in the presence of ligand","Caspase activation via Death Receptors in the presence of ligand",1.644952907842,-0.652158604421545,0.0714029555996786,1,1.14628381099603,0,FALSE,FALSE,"8795/148022/7099/355/8837/8737/23643","22030/21933/14102","Caspase activation via Death Receptors in the presence of ligand",2.29711151226355,2.29711151226355,"opposite direction"
"Reactome","IP3 and IP4 transport between cytosol and nucleus","R-HSA-1855196","R-MMU-1855196","IP3 and IP4 transport between cytosol and nucleus","IP3 and IP4 transport between cytosol and nucleus",1.40653577792856,-0.889833205849757,0.164715475566428,0.938049969069171,0.783265595503189,-0.0277740265324574,FALSE,FALSE,"10762/9883/55746/23636/11097/348995/23225/57122","269966/70699/107939/69482/227720/18141","IP3 and IP4 transport between cytosol and nucleus",2.29636898377832,2.29636898377832,"opposite direction"
"Reactome","IP6 and IP7 transport between cytosol and nucleus","R-HSA-1855229","R-MMU-1855229","IP6 and IP7 transport between cytosol and nucleus","IP6 and IP7 transport between cytosol and nucleus",1.40653577792856,-0.889833205849757,0.164715475566428,0.938049969069171,0.783265595503189,-0.0277740265324574,FALSE,FALSE,"10762/9883/55746/23636/11097/348995/23225/57122","269966/70699/107939/69482/227720/18141","IP6 and IP7 transport between cytosol and nucleus",2.29636898377832,2.29636898377832,"opposite direction"
"Reactome","IPs transport between nucleus and cytosol","R-HSA-1855170","R-MMU-1855170","IPs transport between nucleus and cytosol","IPs transport between nucleus and cytosol",1.40653577792856,-0.889833205849757,0.164715475566428,0.938049969069171,0.783265595503189,-0.0277740265324574,FALSE,FALSE,"10762/9883/55746/23636/11097/348995/23225/57122","269966/70699/107939/69482/227720/18141","IPs transport between nucleus and cytosol",2.29636898377832,2.29636898377832,"opposite direction"
"Reactome","Transport of Mature mRNA Derived from an Intronless Transcript","R-HSA-159231","R-MMU-159231","Transport of Mature mRNA Derived from an Intronless Transcript","Transport of Mature mRNA Derived from an Intronless Transcript",1.22404117884574,-1.06768343577862,0.32505602028336,0.723492962056304,0.48804178608772,-0.140565689223558,FALSE,FALSE,"10762/9883/55746/23636/11097/348995/23225/10189/57122/22916","269966/13684/53319/433702/70699/107939/54188/69482/227720/74320/18141","Transport of Mature mRNA Derived from an Intronless Transcript",2.29172461462436,2.29172461462436,"opposite direction"
"Reactome","Paracetamol ADME","R-HSA-9753281","R-MMU-9753281","Paracetamol ADME","Paracetamol ADME",-0.857774834901512,1.42853042615001,0.813872109396317,0.404997430626927,-0.0894438341122049,0.392547732015176,FALSE,FALSE,"9429/1571/124975/2944/10/6783/54578/2950/10057","239273/17250/14870","Paracetamol ADME",-2.28630526105152,2.28630526105152,"opposite direction"
"Reactome","Tie2 Signaling","R-HSA-210993","R-MMU-210993","Tie2 Signaling","Tie2 Signaling",-1.18320652183783,1.10244999602323,0.414221619204736,0.688128591954023,-0.382767237996173,0.162330396709801,FALSE,FALSE,"5291/3265/5295/5290/284","15461/20416/18706/11600/50915/18709","Tie2 Signaling",-2.28565651786106,2.28565651786106,"opposite direction"
"Reactome","Translesion synthesis by REV1","R-HSA-110312","R-MMU-110312","Translesion synthesis by REV1","Translesion synthesis by REV1",1.27890077268073,-1.00668225002844,0.342392126849053,0.835442314600137,0.465476230283796,-0.0780835317858316,FALSE,FALSE,"6118/6233/6119/5984/5982/10459/5111","69263/18538/56210/19687/22186/68275/22190/19891","Translesion synthesis by REV1",2.28558302270917,2.28558302270917,"opposite direction"
"Reactome","Transport of Mature Transcript to Cytoplasm","R-HSA-72202","R-MMU-72202","Transport of Mature Transcript to Cytoplasm","Transport of Mature Transcript to Cytoplasm",1.05341333068534,-1.23117167065007,0.54493291464459,0.435019986350785,0.263656959361806,-0.361490789568438,FALSE,FALSE,"10762/7919/9883/55746/23636/11097/10921/348995/9939/23225/6429/10189/57122/22916/7884/84321/10212/23279/53981/84248","64340/73666/269966/13684/53319/433702/70699/192160/19826/71713/69207/107939/54188/69482/73826/193116/227720/69823/60365/66118/74320/51796/17149/18141","Transport of Mature Transcript to Cytoplasm",2.28458500133541,2.28458500133541,"opposite direction"
"Reactome","Phospholipase C-mediated cascade; FGFR2","R-HSA-5654221","R-MMU-5654221","Phospholipase C-mediated cascade; FGFR2","Phospholipase C-mediated cascade; FGFR2",-1.3865690951038,0.897706083023141,0.229792935058346,0.904140502354788,-0.638663327746696,0.0437640754361826,FALSE,FALSE,"2263/2252","14178","Phospholipase C-mediated cascade; FGFR2",-2.28427517812694,2.28427517812694,"opposite direction"
"Reactome","Signaling by Nuclear Receptors","R-HSA-9006931","R-MMU-9006931","Signaling by Nuclear Receptors","Signaling by Nuclear Receptors",-1.4540849786641,0.829944249203702,0.00696847358408204,1,-2.15686234193202,0,TRUE,FALSE,"8337/6667/7391/8294/6256/57690/8359/8204/2790/64240/3021/8312/27329/1655/5440/857/10498/5914/4846/2625/1105/8355/1027/4343/9249/6319/5163/5241/333932/5438/3020/8362/5161/1737/64241/2171/57678/8348/5469/4609/5435/8344/5430/801/8368/5431/3065/1738/8363/6258/7376/10524/865/6907/9682/1025/5481/4314/3265/8341/2771/2773/653604/904/6720/27327/3169/6722/596/5885/29116/10735/8841/2783/10170/9611/55818/9166/8331/10499/4313/4318/5166/8338/2099/1386/5747/6714/26523/5295/5290/2033/5160/6387/27161/5165/23112/8850/5595/5916","228026/13874/11651/12903/17392/20182/241452/14701/68024/235339/28200/15461/59035/13610/14693/14708/18597/20416/21372/26417/81601/235459/18706/20779/20602/18709/11303/236900/14688/12400/15183/14083/14696/68268/14706/11839","Signaling by Nuclear Receptors",-2.2840292278678,2.2840292278678,"opposite direction"
"Reactome","RHOB GTPase cycle","R-HSA-9013026","R-MMU-9013026","RHOB GTPase cycle","RHOB GTPase cycle",1.17861479448993,-1.10284663723418,0.345934499701898,0.654981549815498,0.461006124071168,-0.183770933483293,FALSE,FALSE,"54443/64283/9414/57580/2040/9341/65124/10395/128239/4650/7037/9639/1729/10211/7410/85415/81624/4162/3728/6793/388/4983","71704/26934/75547/12704/208846/12389/404710/52428/268301/13367/110279/13605/243362/84004/13830/11852/21873","RHOB GTPase cycle",2.28146143172411,2.28146143172411,"opposite direction"
"Reactome","Regulation of PLK1 Activity at G2/M Transition","R-HSA-2565942","R-MMU-2565942","Regulation of PLK1 Activity at G2/M Transition","Regulation of PLK1 Activity at G2/M Transition",1.19333550213181,-1.08803226454125,0.312654256431709,0.668758126385245,0.504935654518189,-0.17473092762817,FALSE,FALSE,"5116/22995/55835/3320/55755/22994/55142/93323/22981/10142/9738/6790/23354/54801/6233/8481/84131/9662/10806/10133/11190/84962/80321/7840/80254/1454/55722/54820/11064/55125/121441/115106/79866/10383/203068/54930/7283/9793/1781/9133/891/5347/55559/9702","13424/18747/214444/22186/216274/76478/78177/18286/74360/225659/53598/22190/101565/75786/15519/75296/329251/268697/71648/12534/22627/18005/99100/20878","Regulation of PLK1 Activity at G2/M Transition",2.28136776667306,2.28136776667306,"opposite direction"
"Reactome","Class I peroxisomal membrane protein import","R-HSA-9603798","R-MMU-9603798","Class I peroxisomal membrane protein import","Class I peroxisomal membrane protein import",-0.857609394147923,1.417067752533,0.813872109396317,0.369403188074642,-0.0894438341122049,0.432499360771115,FALSE,FALSE,"5195/5825/10478/51024/225","19298/67979/11666/20524/19299/26874/18633/11671/18632/56273","Class I peroxisomal membrane protein import",-2.27467714668092,2.27467714668092,"opposite direction"
"Reactome","Inactivation of CSF3 (G-CSF) signaling","R-HSA-9705462","R-MMU-9705462","Inactivation of CSF3 (G-CSF) signaling","Inactivation of CSF3 (G-CSF) signaling",-1.3060274203502,0.967725960900889,0.273541666666667,0.848096548560945,-0.562976511286107,0.0715547042050218,FALSE,FALSE,"8651/8065/1441/7323/6923/3716/7321/7322/6774/6776/3717","12702/216080/67673/75717/12703/16452/54721/56550/66105","Inactivation of CSF3 (G-CSF) signaling",-2.27375338125109,2.27375338125109,"opposite direction"
"Reactome","Cyclin E associated events during G1/S transition","R-HSA-69202","R-MMU-69202","Cyclin E associated events during G1/S transition","Cyclin E associated events during G1/S transition",-1.51101460674464,0.761654679888907,0.0426321766340047,1,-1.37026249339075,0,TRUE,FALSE,"5687/5704/4609/902/5690/10213/5719/5685/5684/5718/11047/8454/7979/5694/5717/4149/5689/5701/5686/5709/5691/5707","12567/26444/11651/59029/12443/19645/12572/19181/19167/19173/67089/26965/17463/22123/26441/19170/70247/78294","Cyclin E associated events during G1/S transition",-2.27266928663355,2.27266928663355,"opposite direction"
"Reactome","RHO GTPase cycle","R-HSA-9012999","R-MMU-9012999","RHO GTPase cycle","RHO GTPase cycle",1.16351674035824,-1.10893223527124,0.220592823712949,0.434587813620072,0.656408620057936,-0.361922455999296,FALSE,FALSE,"10602/7919/9590/54443/10652/2010/64411/3895/397/57522/25894/55075/9824/1829/4698/11135/23141/57473/1832/64283/64857/57381/2802/5879/9414/9411/1969/3320/121512/9928/7074/57580/5880/55619/157285/1535/23221/908/91544/8776/51566/4548/57216/23526/27316/2040/9341/5062/10810/9738/55971/55701/3930/182/153478/123720/3183/22852/65124/6510/55114/115703/57120/84986/5924/10152/84317/10395/57480/128239/221178/347902/10970/4001/4650/7037/29766/5364/9639/1729/10505/10211/5881/1627/7410/85415/81624/23592/92799/3998/4162/152273/80005/94240/390/26084/79598/3728/6793/10574/93663/116985/4296/23370/4810/23268/3688","15528/14270/381293/109333/20401/12848/14787/20844/233103/246710/20742/50875/70497/93840/74201/16480/18221/109331/56381/12874/223435/17969/216831/54126/71704/68202/214230/26934/70350/228482/75547/66898/83767/77480/68428/106628/73910/108100/232237/74194/214804/13836/12704/208846/230098/56324/12389/404710/227937/544817/26403/52428/268301/239027/102098/83397/71893/11858/233877/13367/101565/216963/15519/57257/110279/13605/59009/19647/71085/243362/84004/71972/51796/69668/19349/75415/20867/231532/56418/13830/58220/213522/18710/17920/67300/27360/330177/11852/21873/74018","RHO GTPase cycle",2.27244897562948,2.27244897562948,"opposite direction"
"Reactome","mRNA Splicing - Major Pathway","R-HSA-72163","R-MMU-72163","mRNA Splicing - Major Pathway","mRNA Splicing - Major Pathway",0.475383814882073,-1.79504435120284,1,0.000178724730524946,0,-3.74781534907576,FALSE,TRUE,"7919/6637/3178/51634/9128/27316/10921/3183/23658/6936/27336/57461/8175/9939/5439/6429/10189/6631/6627/22916/51645/55702/26017/5433/2963/84081","28035/53317/66070/69833/56194/67958/101943/21681/69241/108121/20630/28000/70052/66354/64340/68592/66101/69192/433702/66642/67480/83486/67285/227707/68816/60321/320632/209416/192160/67039/19826/53379/94315/71713/27967/69757/69207/67465/212880/20220/18949/237859/13204/76479/56258/54723/24010/98758/192159/209003/330361/193116/67332/19205/98053/67418/66801/231329/60365/74255/67678/545085/67710/66877/51796/72198/20641/238831/17149/208768/108160/70767/27366/68879/68183","mRNA Splicing - Major Pathway",2.27042816608491,2.27042816608491,"opposite direction"
"Reactome","RHOJ GTPase cycle","R-HSA-9013409","R-MMU-9013409","RHOJ GTPase cycle","RHOJ GTPase cycle",-0.876709639701704,1.39239906184243,0.831253920070982,0.414682805793991,-0.0802662936152368,0.382283971637669,FALSE,FALSE,"5058/144402/23048/7879/11060/81704/91010/5295/54874/55004","80837/228359/320634","RHOJ GTPase cycle",-2.26910870154413,2.26910870154413,"opposite direction"
"Reactome","RAC1 GTPase cycle","R-HSA-9013149","R-MMU-9013149","RAC1 GTPase cycle","RAC1 GTPase cycle",1.06870625717722,-1.19997329058043,0.484743868551408,0.406403162055336,0.314487675536788,-0.391042921644803,FALSE,FALSE,"10652/2010/64411/3895/397/57522/25894/11135/64857/5879/9411/1969/7074/57580/55619/1535/23526/9341/5062/10810/55971/3930/182/6510/55114/115703/5924/10152/10395/57480/128239/221178/347902/4650/7037/9639/7410/81624/23592/4162/152273/80005","223666/14270/109333/20401/233103/70497/223435/17969/216831/54126/214230/26934/66898/83767/108100/232237/214804/13836/12704/230098/12389/404710/544817/239027/102098/71893/216963/57257/110279/13605/84004/19349/75415/231532/56418/213522/18710/330177/74018","RAC1 GTPase cycle",2.26867954775765,2.26867954775765,"opposite direction"
"Reactome","Postmitotic nuclear pore complex (NPC) reformation","R-HSA-9615933","R-MMU-9615933","Postmitotic nuclear pore complex (NPC) reformation","Postmitotic nuclear pore complex (NPC) reformation",1.26631549822802,-1.00136693460377,0.299392118024725,0.840710461816306,0.523759637337747,-0.0753535481807644,FALSE,FALSE,"9883/55746/23636/25909/348995/57122/5905/1104/23279","269966/70699/107939/69482/22196/22218/19387","Postmitotic nuclear pore complex (NPC) reformation",2.26768243283179,2.26768243283179,"opposite direction"
"Reactome","Cargo concentration in the ER","R-HSA-5694530","R-MMU-5694530","Cargo concentration in the ER","Cargo concentration in the ER",1.43366855399255,-0.833470787737308,0.130569278360035,0.988974242052217,0.884158996171482,-0.00481501950521023,FALSE,FALSE,"1294/966/90411/1075/149111","21802/66890/13032/77371/56334/12794/12836/235416/64138","Cargo concentration in the ER",2.26713934172986,2.26713934172986,"opposite direction"
"Reactome","Telomere Maintenance","R-HSA-157579","R-MMU-157579","Telomere Maintenance","Telomere Maintenance",1.1701986005417,-1.09394174804658,0.366358074819988,0.645654918752745,0.436094231827675,-0.18999953606654,FALSE,FALSE,"5425/63922/94239/54386/85236/6118/2237/1736/3017/7486/1763/7013/25913/6119/26277/5984/5439/8334/80119/5982/55505","67967/67857/208084/12566/18968/21749/18969/19891/12428/12144/57321","Telomere Maintenance",2.26414034858828,2.26414034858828,"opposite direction"
"Reactome","Olfactory Signaling Pathway","R-HSA-381753","R-MMU-381753","Olfactory Signaling Pathway","Olfactory Signaling Pathway",-1.5628546558179,0.699664462829783,0.0722011976672521,1,-1.14145559833113,0,FALSE,FALSE,"120065/284433/128371/391189/390442/1260/26533/391121/219968/4993/81442/344892/81168/1258/81696/57101/219431/1879/8861","14688","Olfactory Signaling Pathway",-2.26251911864768,2.26251911864768,"opposite direction"
"Reactome","Regulation of mRNA stability by proteins that bind AU-rich elements","R-HSA-450531","R-MMU-450531","Regulation of mRNA stability by proteins that bind AU-rich elements","Regulation of mRNA stability by proteins that bind AU-rich elements",-1.58068211517353,0.681159249206631,0.0288121766784313,1,-1.5404239307608,0,TRUE,FALSE,"5690/10213/5719/5685/5684/5580/5718/11047/7979/5694/5717/26986/5689/5701/5686/5709/5691/5707","26444/11651/18458/59029/22631/208643/19181/19167/54401/19173/67089/17463/15481/22123/26441/19170/70247/78294/12192/56086/70640/19184","Regulation of mRNA stability by proteins that bind AU-rich elements",-2.26184136438016,2.26184136438016,"opposite direction"
"Reactome","Platelet calcium homeostasis","R-HSA-418360","R-MMU-418360","Platelet calcium homeostasis","Platelet calcium homeostasis",-1.32525992745219,0.930162328437512,0.241102430555556,0.885259640413209,-0.617798411474287,0.052929335108724,FALSE,FALSE,"801/490/5027/5025/488/487/492/3710/3708","109552/228139/53313","Platelet calcium homeostasis",-2.2554222558897,2.2554222558897,"opposite direction"
"Reactome","Neddylation","R-HSA-8951664","R-MMU-8951664","Neddylation","Neddylation",-1.46411482231611,0.785950808870973,0.0155658614460289,1,-1.80782683958768,0,TRUE,FALSE,"23412/144699/9306/7323/51676/79791/5687/80204/5704/11275/9040/55884/56929/9318/55827/8453/6923/25879/23038/5690/140461/50813/10213/5719/5685/5684/55294/26234/5718/8452/150684/139285/114907/84261/23369/10072/11047/9820/7321/8454/8878/10489/7979/4780/7322/55175/28952/5694/5717/10987/9039/5689/84259/55958/5701/9978/5931/84861/84961/84727/26272/5686/5709/51138/7415/5691/5707/56995/64326/1642","26893/26444/217365/98193/30839/22192/13194/14154/76454/99375/216233/59029/78889/83962/26572/50868/26374/12702/50762/216080/399566/19181/18024/233805/67673/67455/54607/67731/75717/231672/19167/73828/56468/15251/71745/19173/67089/224023/142688/26965/68431/240263/114893/17463/71778/53312/72194/56550/66105/13819/101358/75763/26894/76863/22123/99311/26441/230904/19170/70247/78294","Neddylation",-2.25006563118708,2.25006563118708,"opposite direction"
"Reactome","Keratinization","R-HSA-6805567","R-MMU-6805567","Keratinization","Keratinization",0.998804830933496,-1.24886583424816,0.658596326234211,0.580450041510777,0.181380696188125,-0.236235153410108,FALSE,FALSE,"3875/64065/1829/1832/3856/2312/144501/3872/3858/1825/823/3887/3728/3855/5046","16480/14027/21816/99681/74127/227937/67451","Keratinization",2.24767066518166,2.24767066518166,"opposite direction"
"Reactome","Senescence-Associated Secretory Phenotype (SASP)","R-HSA-2559582","R-MMU-2559582","Senescence-Associated Secretory Phenotype (SASP)","Senescence-Associated Secretory Phenotype (SASP)",-1.13572690296464,1.10977986758003,0.350968424479167,0.673064792286204,-0.45473195387977,0.17194312659633,FALSE,FALSE,"8337/8294/1019/8359/3021/25906/8355/1027/1030/333932/3020/5598/8362/51529/8348/6197/8344/8368/8363/8341/10393/653604/8881/1051/51433/64682/7321/29882/8331/8338/6774/4790/29945/10919/5595","20112/12567/59008/52206/69957/216080/217232/26417/12608/52717/110651/17222","Senescence-Associated Secretory Phenotype (SASP)",-2.24550677054467,2.24550677054467,"opposite direction"
"Reactome","Regulation of CDH1 Gene Transcription","R-HSA-9764560","R-MMU-9764560","Regulation of CDH1 Gene Transcription","Regulation of CDH1 Gene Transcription",-1.33255451770844,0.910115426675728,0.108474046021808,0.938049969069171,-0.964674160597565,0.0277740265324574,FALSE,FALSE,"387893/7750/8337/6667/8294/5928/8359/3021/8355/8726/333932/3020/8362/8348/8344/8368/3065/1487/8363/687/8341/7088/653604/6935/8331/6938/8338/9314/5931/23512/6615/117581/7291/5595","13016/15270/68024/20586/22160/232440/665433/245688/15182/319171/433759/76233/13017/319166/319187/52615/67956/69386","Regulation of CDH1 Gene Transcription",-2.24266994438417,2.24266994438417,"opposite direction"
"Reactome","SUMOylation of intracellular receptors","R-HSA-4090294","R-MMU-4090294","SUMOylation of intracellular receptors","SUMOylation of intracellular receptors",-1.42472851638231,0.817572275885707,0.165785874025664,0.991121133112536,-0.780452476765606,0.00387326354961486,FALSE,FALSE,"5914/7421/5241/9971/7329/10401/7376/4929/2099/9759/7067/9063","22337/229615/11835/208727","SUMOylation of intracellular receptors",-2.24230079226802,2.24230079226802,"opposite direction"
"Reactome","p75NTR signals via NF-kB","R-HSA-193639","R-MMU-193639","p75NTR signals via NF-kB","p75NTR signals via NF-kB",1.03212478735239,-1.20907684475245,0.608734856034874,0.593290135045116,0.215571829920714,-0.226732872850965,FALSE,FALSE,"3654/4615/6233","22190/22034/18049/18035","p75NTR signals via NF-kB",2.24120163210484,2.24120163210484,"opposite direction"
"Reactome","Thrombin signalling through proteinase activated receptors (PARs)","R-HSA-456926","R-MMU-456926","Thrombin signalling through proteinase activated receptors (PARs)","Thrombin signalling through proteinase activated receptors (PARs)",-0.9622666643825,1.27584224088631,0.697342334304804,0.504744413835323,-0.156553968816472,0.296928478830919,FALSE,FALSE,"2783/408/9002/6714/5595","14673/14682/14701/14693/14708/26417/20779/14672/14688/14696/14706/14674/14702","Thrombin signalling through proteinase activated receptors (PARs)",-2.23810890526881,2.23810890526881,"opposite direction"
"Reactome","Apoptosis","R-HSA-109581","R-MMU-109581","Apoptosis","Apoptosis",-1.28455540648981,0.94392003244531,0.102662984397526,0.904542579588395,-0.988586115016437,0.0435709847521659,FALSE,FALSE,"5690/4000/10213/3009/5719/5685/5684/581/5580/7533/5718/7531/23604/596/9500/11047/7979/324/7431/5694/5717/6774/5689/5701/2934/4836/5747/5686/5709/3008/8626/5691/5707/1499/5595/79658","69146/74268/12048/22628/22352/14272/19057/227700/22631/14082/11518/21898/26417/74006/12369/54722/12028/14453/71609/26419/56369/227753/54401/14083","Apoptosis",-2.22847543893512,2.22847543893512,"opposite direction"
"Reactome","Centrosome maturation","R-HSA-380287","R-MMU-380287","Centrosome maturation","Centrosome maturation",1.30515726164226,-0.918758181599075,0.170399992130012,0.938049969069171,0.768530429627373,-0.0277740265324574,FALSE,FALSE,"5116/653784/22995/55835/3320/55755/22994/55142/93323/22981/10142/9738/23354/54801/8481/84131/9662/10806/85378/80097/11190/80321/7840/80254/1454/55722/54820/11064/55125/121441/115106/10426/10383/203068/54930/7283/9793/440145","103768/13424/18747/214444/72083/216274/12537/76478/78177/18286/74360/225659/53598/101565/75786/15519/75296/12534/22627/18005/99100","Centrosome maturation",2.22391544324134,2.22391544324134,"opposite direction"
"Reactome","Recruitment of mitotic centrosome proteins and complexes","R-HSA-380270","R-MMU-380270","Recruitment of mitotic centrosome proteins and complexes","Recruitment of mitotic centrosome proteins and complexes",1.30515726164226,-0.918758181599075,0.170399992130012,0.938049969069171,0.768530429627373,-0.0277740265324574,FALSE,FALSE,"5116/653784/22995/55835/3320/55755/22994/55142/93323/22981/10142/9738/23354/54801/8481/84131/9662/10806/85378/80097/11190/80321/7840/80254/1454/55722/54820/11064/55125/121441/115106/10426/10383/203068/54930/7283/9793/440145","103768/13424/18747/214444/72083/216274/12537/76478/78177/18286/74360/225659/53598/101565/75786/15519/75296/12534/22627/18005/99100","Recruitment of mitotic centrosome proteins and complexes",2.22391544324134,2.22391544324134,"opposite direction"
"Reactome","mRNA Splicing","R-HSA-72172","R-MMU-72172","mRNA Splicing","mRNA Splicing",0.460029030666219,-1.76150509354399,1,0.000287388282485735,0,-3.54153094307559,FALSE,TRUE,"7919/6637/3178/51634/9128/27316/10921/3183/23658/6936/27336/57461/8175/9939/5439/6429/10189/6631/6627/22916/11066/51645/55702/26017/5433/2963/84081","72654/67197/28035/53317/66070/69833/56194/67958/101943/21681/69241/108121/20630/28000/70052/66354/64340/68592/66101/69192/433702/66642/67480/83486/67285/227707/68816/60321/320632/209416/192160/67039/19826/53379/94315/71713/27967/69757/69207/67465/212880/20220/18949/237859/13204/76479/56258/54723/24010/98758/192159/209003/330361/193116/67332/19205/98053/67418/67797/66801/231329/60365/74255/67678/545085/67710/66877/51796/72198/20641/238831/17149/208768/108160/70767/27366/68879/68183","mRNA Splicing",2.22153412421021,2.22153412421021,"opposite direction"
"Reactome","G2/M Checkpoints","R-HSA-69481","R-MMU-69481","G2/M Checkpoints","G2/M Checkpoints",0.956497975029412,-1.26493272884609,0.733495636632395,0.30424486069571,0.134602465313691,-0.516776749138473,FALSE,FALSE,"9656/51512/84515/165918/9156/83695/4173/85236/6118/990/7158/7468/6233/3017/7486/1763/672/63967/6119/3364/5984/4683/995/23594/7529/55388/5982/4361/83990/641/79184/4998/7156/5932/84142/51588/9088/84126/11073/116028/4174/1017/580/4176","240087/21975/23834/22629/57296/12566/70024/22190/268697/235559/29870/12545/12534/22390/22627/269582/19891/12428/12189/59004/12144/17217/17215","G2/M Checkpoints",2.2214307038755,2.2214307038755,"opposite direction"
"Reactome","Chemokine receptors bind chemokines","R-HSA-380108","R-MMU-380108","Chemokine receptors bind chemokines","Chemokine receptors bind chemokines",-1.24421447151067,0.9708339669833,0.320806864120122,0.848096548560945,-0.493756347938996,0.0715547042050218,FALSE,FALSE,"4283/6376/1524/3627/6354/3577/6352/10663/9034/2829/6387","12778/20312/20315/20306","Chemokine receptors bind chemokines",-2.21504843849397,2.21504843849397,"opposite direction"
"Reactome","Cyclin A:Cdk2-associated events at S phase entry","R-HSA-69656","R-MMU-69656","Cyclin A:Cdk2-associated events at S phase entry","Cyclin A:Cdk2-associated events at S phase entry",-1.4586923347573,0.751771609265337,0.0706924025412585,1,-1.15062725822157,0,FALSE,FALSE,"5687/5704/4609/902/5690/10213/5719/5685/5684/5718/11047/8454/7979/5694/5717/4149/5689/5701/5686/5709/5691/5707","12567/26444/11651/59029/12443/19645/12572/19181/19167/19173/67089/26965/17463/22123/26441/19170/70247/78294/56371","Cyclin A:Cdk2-associated events at S phase entry",-2.21046394402264,2.21046394402264,"opposite direction"
"Reactome","RHOF GTPase cycle","R-HSA-9035034","R-MMU-9035034","RHOF GTPase cycle","RHOF GTPase cycle",0.962200251885741,-1.22926494854448,0.705466966016157,0.490676453084705,0.151523317576231,-0.309204782737951,FALSE,FALSE,"9590/8776/9341/55971/65124/4001/4650/1729/81624/4162","71435/16906/223870/223666/14270/70350/66898/68428/12389/268301/83397/13367/84004/19349/75415/27360","RHOF GTPase cycle",2.19146520043022,2.19146520043022,"opposite direction"
"Reactome","Recycling of bile acids and salts","R-HSA-159418","R-MMU-159418","Recycling of bile acids and salts","Recycling of bile acids and salts",-1.13395828712681,1.05535069757925,0.480779692736215,0.791441754404717,-0.318053884430562,0.101581041220343,FALSE,FALSE,"8714/10998/6579/80765/8647/6256/9971/570/10499","170460/28253","Recycling of bile acids and salts",-2.18930898470606,2.18930898470606,"opposite direction"
"Reactome","Platelet Aggregation (Plug Formation)","R-HSA-76009","R-MMU-76009","Platelet Aggregation (Plug Formation)","Platelet Aggregation (Plug Formation)",-1.30667959437177,0.882093019946054,0.263104731525784,0.938049969069171,-0.579871341739223,0.0277740265324574,FALSE,FALSE,"5906/10411/1398/150/5747/6714","12843/11651/14268/20416/109905/20779/14083/16416/54519","Platelet Aggregation (Plug Formation)",-2.18877261431782,2.18877261431782,"opposite direction"
"Reactome","FRS-mediated FGFR2 signaling","R-HSA-5654700","R-MMU-5654700","FRS-mediated FGFR2 signaling","FRS-mediated FGFR2 signaling",-1.36352156905402,0.823894252194287,0.232863982308172,0.970603199728645,-0.63289767975414,0.0129582813061201,FALSE,FALSE,"3265/2255/2263/2252","14178/15461","FRS-mediated FGFR2 signaling",-2.18741582124831,2.18741582124831,"opposite direction"
"Reactome","Neuronal System","R-HSA-112316","R-MMU-112316","Neuronal System","Neuronal System",-1.20409367589992,0.980054404822936,0.121124930886581,0.860983397190294,-0.916766457747866,0.0650052232015845,FALSE,FALSE,"10369/26960/2899/10313/5573/3765/8573/1135/10815/6833/3757/6511/774/7280/57502/169522/2906/2567/8497/6844/6197/10021/801/9256/160/111/23236/3739/55327/1103/3747/2903/2902/3781/3084/2319/6539/8514/338567/5568/9229/6532/818/777/5864/27020/3265/2771/2773/9066/1741/8496/9463/1137/2891/27163/51305/5331/5571/10611/55799/53632/6531/10089/2783/2901/78999/5802/196883/817/3759/80086/1740/57555/161/5562/26037/2035/6812/10382/6714/112/347688/22941/23136/2036/27345/8536/5595/4128/784/5577/217/7277","20512/12361/23859/20112/52163/14799/12286/14251/207565/67760/14701/18795/226922/14806/227700/19088/19084/67533/14693/14708/16518/104111/13821/108058/16526/238271/14252/67111/382571/14688/225875/16527/14696/14802/14706/110651/16180","Neuronal System",-2.18414808072286,2.18414808072286,"opposite direction"
"Reactome","Synaptic adhesion-like molecules","R-HSA-8849932","R-MMU-8849932","Synaptic adhesion-like molecules","Synaptic adhesion-like molecules",-0.838299849975286,1.3447396145179,0.818457198105745,0.490676453084705,-0.0870040274463406,0.309204782737951,FALSE,FALSE,"10313/2906/2903/2902/2319/1741/78999/5802","14799/14251/14252/225875/14802","Synaptic adhesion-like molecules",-2.18303946449319,2.18303946449319,"opposite direction"
"Reactome","RHOBTB GTPase Cycle","R-HSA-9706574","R-MMU-9706574","RHOBTB GTPase Cycle","RHOBTB GTPase Cycle",1.16269448302823,-1.01427633693234,0.432832023141514,0.797788610800948,0.363680615371065,-0.0981121679529877,FALSE,FALSE,"7919/3320/23221/908/27316/3183/29766/1627","12848/246710/50875/109331/56381/15519/19647/51796/17920","RHOBTB GTPase Cycle",2.17697081996057,2.17697081996057,"opposite direction"
"Reactome","Toll Like Receptor 3 (TLR3) Cascade","R-HSA-168164","R-MMU-168164","Toll Like Receptor 3 (TLR3) Cascade","Toll Like Receptor 3 (TLR3) Cascade",-1.25474487546248,0.920887854247506,0.182864764308859,0.926770332025721,-0.737869969430349,0.0330278773893444,FALSE,FALSE,"5608/7323/5602/5604/23118/6197/4205/7334/11035/4792/1147/29110/64127/5528/5518/7321/8454/6416/4791/7322/5519/4790/1386/466/5515/5595/9252","54123/24110/20112/67603/26398/16179/11820/26420/434341/80750/26417/107607/223664/26419/14281/26400/110651/102626/26965/12370/16151/26414/26399/101568/71966/78294/270151/192656/11908","Toll Like Receptor 3 (TLR3) Cascade",-2.17563272970999,2.17563272970999,"opposite direction"
"Reactome","Antimicrobial peptides","R-HSA-6803157","R-MMU-6803157","Antimicrobial peptides","Antimicrobial peptides",-1.09821288958828,1.07597370315584,0.480779692736215,0.778525028960925,-0.318053884430562,0.108727420648994,FALSE,FALSE,"7097/671/84659/6556/7096/10578/1991/5657/538","24088/16819/72621","Antimicrobial peptides",-2.17418659274412,2.17418659274412,"opposite direction"
"Reactome","Regulation of endogenous retroelements","R-HSA-9842860","R-MMU-9842860","Regulation of endogenous retroelements","Regulation of endogenous retroelements",0.984416762597325,-1.18837163027072,0.688840298320434,0.540322580645161,0.161881453850779,-0.267346882461409,FALSE,FALSE,"57693/94239/85236/8110/53615/9422/3017/7581/9275/23272/65251/91661/197320/90853/1788/147686/25799/26039/7576/8334/55422/54815/10155/54737/340252/51535/162967/6940/7767/605","54343/224585/73233/74149/210503/24132/319615/233168/22712/233060/100041677/104348","Regulation of endogenous retroelements",2.17278839286804,2.17278839286804,"opposite direction"
"Reactome","Nuclear RNA decay","R-HSA-9930044","R-MMU-9930044","Nuclear RNA decay","Nuclear RNA decay",0.747131707172582,-1.41891395516012,0.92728999577881,0.35178916827853,0.0327844256494662,-0.45371753676396,FALSE,FALSE,"80335/10200/10438/22916","240255/225432/72198/223642/231386/70650","Nuclear RNA decay",2.1660456623327,2.1660456623327,"opposite direction"
"Reactome","Turbulent (oscillatory, disturbed) flow shear stress activates signaling by PIEZO1 and integrins in endothelial cells","R-HSA-9860927","R-MMU-9860927","Turbulent (oscillatory, disturbed) flow shear stress activates signaling by PIEZO1 and integrins in endothelial cells","Turbulent (oscillatory, disturbed) flow shear stress activates signaling by PIEZO1 and integrins in endothelial cells",-1.13770201966423,1.02803116744506,0.44515670583438,0.785948165824963,-0.351487080032571,0.104606095230947,FALSE,FALSE,"5519/4790/5747/5144/5515","22601/14268/238871/14682/12306/12336/11350/14672/14083/16416/16151","Turbulent (oscillatory, disturbed) flow shear stress activates signaling by PIEZO1 and integrins in endothelial cells",-2.16573318710929,2.16573318710929,"opposite direction"
"Reactome","p130Cas linkage to MAPK signaling for integrins","R-HSA-372708","R-MMU-372708","p130Cas linkage to MAPK signaling for integrins","p130Cas linkage to MAPK signaling for integrins",-1.44518091286282,0.719886432352348,0.169968125277194,1,-0.769632515763847,0,FALSE,FALSE,"5906/1398/5747/6714","14268/109905/20779/14083/16416/54519/21894","p130Cas linkage to MAPK signaling for integrins",-2.16506734521517,2.16506734521517,"opposite direction"
"Reactome","FOXO-mediated transcription","R-HSA-9614085","R-MMU-9614085","FOXO-mediated transcription","FOXO-mediated transcription",-1.53674039576098,0.627223762369222,0.041449298739879,1,-1.38248281266442,0,TRUE,FALSE,"4802/3065/1649/91584/84676/5443/65018/6720/114907/4089/10370/4303/9314/2308/10628/2033/57060/8850/694","11651/22628/22631","FOXO-mediated transcription",-2.1639641581302,2.1639641581302,"opposite direction"
"Reactome","SUMOylation of chromatin organization proteins","R-HSA-4551638","R-MMU-4551638","SUMOylation of chromatin organization proteins","SUMOylation of chromatin organization proteins",1.11412995219588,-1.04855448152923,0.463990184329167,0.782577614379085,0.333491206808846,-0.1064725792448,FALSE,FALSE,"10762/9883/84733/55746/23636/11097/348995/6612/6015/23225/9189/57122/6304/8535","107939/19821/69482/227720/22196/22218/214669/241915/18141","SUMOylation of chromatin organization proteins",2.16268443372511,2.16268443372511,"opposite direction"
"Reactome","RHO GTPase Effectors","R-HSA-195258","R-MMU-195258","RHO GTPase Effectors","RHO GTPase Effectors",1.09750020225933,-1.06338079329877,0.416777950217153,0.667058534261522,0.38009526560183,-0.175836055151817,FALSE,FALSE,"4638/54908/11130/701/3984/3895/5217/1063/8379/80152/348235/332/55746/147841/57082/5879/55143/79172/699/9928/5880/6232/94239/5578/1535/25936/25909/79980/85236/5062/151246/10810/55055/83540/348995/79682/5527/220134/2491/57405/3017/1060/10094/57120/64946/55839/10152/128239/1729/9055/995/10097/85415/1058/8334/7529/64130/81624/57122/3619/1857/991","74764/13424/269966/67139/14270/381293/109333/103573/236930/14787/26413/52504/18221/56430/17969/66977/26951/68549/18645/83767/108100/107995/83431/76499/12237/12704/228421/208846/404710/16572/20807/66934/16573/52428/52696/17283/22629/71893/13367/18607/75786/12235/329251/229841/68097/21770/22627/26932/66140/70385/52276/16319/108000/11852/12236/19387/233406","RHO GTPase Effectors",2.1608809955581,2.1608809955581,"opposite direction"
"Reactome","MITF-M-regulated melanocyte development","R-HSA-9730414","R-MMU-9730414","MITF-M-regulated melanocyte development","MITF-M-regulated melanocyte development",-1.35104703086835,0.806218054225035,0.0949792222372516,1,-1.02237139107589,0,FALSE,FALSE,"4254/5443/3735/9550/6663/7533/7531/27327/9114/596/6935/3094/427/1615/6657/5917/6934/6601/5077/533/26523/51606/528/1435/4644/2033/27161/23112/1499/727936/5595/523","107045/15254/226414/107508/12977","MITF-M-regulated melanocyte development",-2.15726508509338,2.15726508509338,"opposite direction"
"Reactome","Complement cascade","R-HSA-166658","R-MMU-166658","Complement cascade","Complement cascade",-1.03921140392016,1.11558956264448,0.562674094707521,0.684388083133971,-0.249743079131695,0.164697561191452,FALSE,FALSE,"715/716/718/5648","12266/12946/50909","Complement cascade",-2.15480096656464,2.15480096656464,"opposite direction"
"Reactome","Separation of Sister Chromatids","R-HSA-2467813","R-MMU-2467813","Separation of Sister Chromatids","Separation of Sister Chromatids",1.16925478651768,-0.979062538412542,0.281832461403146,0.848096548560945,0.550008986399343,-0.0715547042050218,FALSE,FALSE,"54908/11130/701/1063/8379/80152/348235/332/55746/147841/57082/9232/55143/79172/699/113130/6232/25936/25909/79980/151246/55055/83540/348995/79682/5527/220134/2491/6233/57405/27338/1060/64946/55839/246184","13006/13424/269966/67139/103573/236930/52504/22186/18221/56430/66977/23997/26951/68549/107995/83431/76499/12237/218914/228421/66934/52696/57296/105988/22190/75786/12235/229841/68097/21770/100710/26932/67849/66140/70385/52276/16319/108000/12236/19387","Separation of Sister Chromatids",2.14831732493022,2.14831732493022,"opposite direction"
"Reactome","Extra-nuclear estrogen signaling","R-HSA-9009391","R-MMU-9009391","Extra-nuclear estrogen signaling","Extra-nuclear estrogen signaling",-1.17179789167285,0.974733022106158,0.376352099480453,0.848096548560945,-0.424405656910876,0.0715547042050218,FALSE,FALSE,"4314/3265/2771/2773/6722/596/2783/4313/4318/2099/5747/6714/5295/5290/5595","13874/11651/17392/14701/15461/13610/14693/14708/20416/18706/20779/18709/14688/14083/14696/68268/14706/11839/17395/14702/13649","Extra-nuclear estrogen signaling",-2.14653091377901,2.14653091377901,"opposite direction"
"Reactome","Translesion Synthesis by POLH","R-HSA-110320","R-MMU-110320","Translesion Synthesis by POLH","Translesion Synthesis by POLH",1.02286654286093,-1.1215751372133,0.630300852926696,0.688128591954023,0.200452105184226,-0.162330396709801,FALSE,FALSE,"6118/6233/6119/5984/5982/5429/55666/7353/83932/5111","69263/269523/18538/19687/22186/22230/68275/80905/22190/19891/244666","Translesion Synthesis by POLH",2.14444168007423,2.14444168007423,"opposite direction"
"Reactome","Retrograde transport at the Trans-Golgi-Network","R-HSA-6811440","R-MMU-6811440","Retrograde transport at the Trans-Golgi-Network","Retrograde transport at the Trans-Golgi-Network",1.03317718229637,-1.11101132088639,0.593212255947792,0.647806522952955,0.226789884893298,-0.188554683265929,FALSE,FALSE,"10618/10226/8677/22836/9341/8675/2803/10244/10139/9827","108123/54214/17957/22134/16004","Retrograde transport at the Trans-Golgi-Network",2.14418850318276,2.14418850318276,"opposite direction"
"Reactome","Processing of Capped Intronless Pre-mRNA","R-HSA-75067","R-MMU-75067","Processing of Capped Intronless Pre-mRNA","Processing of Capped Intronless Pre-mRNA",0.872117922266761,-1.26722540790907,0.814301822965608,0.496008181578253,0.0892145929573556,-0.3045111598304,FALSE,FALSE,"6637/25888/22916/7884/53981/1477/134353/6635/10914/11051/84967","83410/433702/72290/54188/67337/67332/74320/74737/228410","Processing of Capped Intronless Pre-mRNA",2.13934333017583,2.13934333017583,"opposite direction"
"Reactome","RNA Polymerase II Transcription Termination","R-HSA-73856","R-MMU-73856","RNA Polymerase II Transcription Termination","RNA Polymerase II Transcription Termination",0.872117922266761,-1.26722540790907,0.814301822965608,0.496008181578253,0.0892145929573556,-0.3045111598304,FALSE,FALSE,"6637/25888/22916/7884/53981/1477/134353/6635/10914/11051/84967","83410/433702/72290/54188/67337/67332/74320/74737/228410","RNA Polymerase II Transcription Termination",2.13934333017583,2.13934333017583,"opposite direction"
"Reactome","Organelle biogenesis and maintenance","R-HSA-1852241","R-MMU-1852241","Organelle biogenesis and maintenance","Organelle biogenesis and maintenance",-0.943515825060423,1.19322007601988,0.830725,0.438638491658155,-0.0805427195953455,0.357893260526149,FALSE,FALSE,"3313/140735/1258/26160/22948/7280/25813/11336/125988/6950/5469/506/83658/801/79969/90410/3418/5048/23322/4867/5108/51098/9572/8834/80173/6907/10651/3797/146057/5518/10989/516/10476/28981/5311/7531/6608/10540/64792/80776/4209/4218/5571/53632/5147/60412/8841/56912/51626/55763/11127/27077/50807/10121/9611/10499/4899/498/1386/10382/84833/509/518/347688/55902/22920/2747/403/10632/5577/7277","22154/22142/53413/18764/67951/22143/67661/245866/213575/14661/227613/22628/67942/319757/76260/11951/12464/231214/225745/22146/27078/12009/53885/22152/69654/71820/76779/13196/72421/269951/76568/72938/19088/67203/18472/12589/67378/18763/12469/81896/21454/100503572/67068/67286/21821/55978/78887/102058/237222/16568/67161","Organelle biogenesis and maintenance",-2.1367359010803,2.1367359010803,"opposite direction"
"Reactome","Netrin-1 signaling","R-HSA-373752","R-MMU-373752","Netrin-1 signaling","Netrin-1 signaling",-1.21194025219238,0.923041254829976,0.337585985645433,0.885259640413209,-0.471615590728808,0.052929335108724,FALSE,FALSE,"57453/4690/2534/56963/5747/6714/5306/9423/9353","330662/20779/12540/14083/14360","Netrin-1 signaling",-2.13498150702236,2.13498150702236,"opposite direction"
"Reactome","GRB2:SOS provides linkage to MAPK signaling for Integrins","R-HSA-354194","R-MMU-354194","GRB2:SOS provides linkage to MAPK signaling for Integrins","GRB2:SOS provides linkage to MAPK signaling for Integrins",-1.26496996857792,0.867475293036785,0.355136959422337,0.938049969069171,-0.449604127929556,0.0277740265324574,FALSE,FALSE,"7450/2335/3674/54518/6654/5906/5747/6714","14268/109905/20779/14083/16416/54519/21894","GRB2:SOS provides linkage to MAPK signaling for Integrins",-2.13244526161471,2.13244526161471,"opposite direction"
"Reactome","Sphingolipid metabolism","R-HSA-428157","R-MMU-428157","Sphingolipid metabolism","Sphingolipid metabolism",0.799847081677482,-1.32876109244545,0.932149323965347,0.312536165844594,0.0305145110584877,-0.505099720022494,FALSE,FALSE,"55627/57704/64781/2720/2760/5587/414/10558/10825/25870/79642/55304/5660/412/9334/84002/415","58994/56386/230101/66844/53897/15212/77626/81535/18010/20397/13244/67630/19156/20597/20454/58911/14420/216892/14466/66612/15211/74442","Sphingolipid metabolism",2.12860817412293,2.12860817412293,"opposite direction"
"Reactome","Mitotic Prophase","R-HSA-68875","R-MMU-68875","Mitotic Prophase","Mitotic Prophase",1.20324704097315,-0.924585100810483,0.252289026597967,0.938049969069171,0.59810163886646,-0.0277740265324574,FALSE,FALSE,"10762/9883/2010/55746/8815/10783/2801/23636/11097/94239/5578/64689/10776/23310/79648/6418/85236/54892/348995/3017/221496/4001/23225/8334/57122/23592","16906/70099/67121/74498/269966/99412/59046/101706/26413/76044/52683/70699/14211/107939/69482/227720/16905/64898/268697/19324/12534/18141","Mitotic Prophase",2.12783214178363,2.12783214178363,"opposite direction"
"Reactome","Assembly of the pre-replicative complex","R-HSA-68867","R-MMU-68867","Assembly of the pre-replicative complex","Assembly of the pre-replicative complex",-1.4549036925683,0.661828541164109,0.0246427800823435,1,-1.60831029868646,0,TRUE,FALSE,"51529/5687/8348/5704/8344/8368/8363/5690/10213/5719/5685/5684/8341/10393/653604/5718/8881/51433/11047/64682/7321/29882/7979/8331/4175/5694/8338/5717/5689/5701/5686/5709/5691/29945/5707","26444/59008/52206/50793/59029/69957/18393/216080/19181/217232/19167/19173/67089/52717/17222/17463/17220/22123/26441/19170/70247/78294/56371","Assembly of the pre-replicative complex",-2.11673223373241,2.11673223373241,"opposite direction"
"Reactome","Digestion and absorption","R-HSA-8963743","R-MMU-8963743","Digestion and absorption","Digestion and absorption",-1.42604472724944,0.689932504146683,0.204019375450891,1,-0.690328586241604,0,FALSE,FALSE,"280/3938/1118/8972/6518/5406/248/29881/8544","69656","Digestion and absorption",-2.11597723139612,2.11597723139612,"opposite direction"
"Reactome","Regulation of PD-L1(CD274) transcription","R-HSA-9909649","R-MMU-9909649","Regulation of PD-L1(CD274) transcription","Regulation of PD-L1(CD274) transcription",-1.33253053937045,0.766493592270859,0.10828213197883,1,-0.965443201945434,0,FALSE,FALSE,"8337/8294/5928/8359/23476/3021/5929/8355/8726/333932/3020/8362/8348/4609/4297/8344/8368/8363/8341/653604/84661/4791/4780/3659/8331/8338/6774/6934/4790/5931/2033/23512/1499","15270/68024/232440/665433/245688/319171/319166/319187/52615/69386/319159/319169/319151","Regulation of PD-L1(CD274) transcription",-2.09902413164131,2.09902413164131,"opposite direction"
"Reactome","Loss of Nlp from mitotic centrosomes","R-HSA-380259","R-MMU-380259","Loss of Nlp from mitotic centrosomes","Loss of Nlp from mitotic centrosomes",1.2475345395997,-0.850810573340647,0.25127386935644,0.996844603983326,0.59985267250715,-0.00137253766881647,FALSE,FALSE,"5116/22995/55835/3320/55755/22994/55142/93323/22981/10142/9738/23354/54801/8481/84131/9662/10806/11190/80321/7840/80254/1454/55722/54820/11064/55125/121441/115106","216274/76478/78177/18286/74360/225659/53598/101565/75786/15519/75296/12534/22627/18005/99100","Loss of Nlp from mitotic centrosomes",2.09834511294035,2.09834511294035,"opposite direction"
"Reactome","Loss of proteins required for interphase microtubule organization from the centrosome","R-HSA-380284","R-MMU-380284","Loss of proteins required for interphase microtubule organization from the centrosome","Loss of proteins required for interphase microtubule organization from the centrosome",1.2475345395997,-0.850810573340647,0.25127386935644,0.996844603983326,0.59985267250715,-0.00137253766881647,FALSE,FALSE,"5116/22995/55835/3320/55755/22994/55142/93323/22981/10142/9738/23354/54801/8481/84131/9662/10806/11190/80321/7840/80254/1454/55722/54820/11064/55125/121441/115106","216274/76478/78177/18286/74360/225659/53598/101565/75786/15519/75296/12534/22627/18005/99100","Loss of proteins required for interphase microtubule organization from the centrosome",2.09834511294035,2.09834511294035,"opposite direction"
"Reactome","Signaling by FGFR4","R-HSA-5654743","R-MMU-5654743","Signaling by FGFR4","Signaling by FGFR4",-1.41903166142619,0.676499465300169,0.141699235444262,1,-0.848632493035771,0,FALSE,FALSE,"673/3265/5518/6714/5295/5290/5515/5595","17346/15461/20416/26417/18706/20779/24064/14173/18803","Signaling by FGFR4",-2.09553112672636,2.09553112672636,"opposite direction"
"Reactome","Regulation of endogenous retroelements by KRAB-ZFP proteins","R-HSA-9843940","R-MMU-9843940","Regulation of endogenous retroelements by KRAB-ZFP proteins","Regulation of endogenous retroelements by KRAB-ZFP proteins",0.906810024092383,-1.18837163027072,0.790445187053591,0.540322580645161,0.102128240577457,-0.267346882461409,FALSE,FALSE,"57693/94239/85236/53615/9422/3017/7581/65251/91661/197320/147686/25799/7576/8334/55422/54815/10155/340252/162967/6940/7767","54343/224585/73233/74149/210503/24132/319615/233168/22712/233060/100041677/104348","Regulation of endogenous retroelements by KRAB-ZFP proteins",2.0951816543631,2.0951816543631,"opposite direction"
"Reactome","Signalling to ERKs","R-HSA-187687","R-MMU-187687","Signalling to ERKs","Signalling to ERKs",-1.11271089664334,0.97961992952453,0.47404419915564,0.843206800333115,-0.32418116348521,0.0740658995992257,FALSE,FALSE,"673/3265/2889/5906/5900/1398/6714/5595","26396/26395/15461/20416/216148/109905/26417/54401/102626","Signalling to ERKs",-2.09233082616787,2.09233082616787,"opposite direction"
"Reactome","Synthesis of active ubiquitin: roles of E1 and E2 enzymes","R-HSA-8866652","R-MMU-8866652","Synthesis of active ubiquitin: roles of E1 and E2 enzymes","Synthesis of active ubiquitin: roles of E1 and E2 enzymes",-1.54663592099222,0.543854445190757,0.0689131493896393,1,-1.16169790200394,0,FALSE,FALSE,"90268/8078/65264/7321/7317/54926/7322/7320/3093/8239","22225/216080/66799/432940/67128/56550/109161/22193/78294/22284/22201/22194/77891/22210/50933/231380","Synthesis of active ubiquitin: roles of E1 and E2 enzymes",-2.09049036618298,2.09049036618298,"opposite direction"
"Reactome","Signaling by CSF3 (G-CSF)","R-HSA-9674555","R-MMU-9674555","Signaling by CSF3 (G-CSF)","Signaling by CSF3 (G-CSF)",-1.06274029207276,1.02574411657809,0.548051543943641,0.790224032586558,-0.261178594439708,0.102249766528761,FALSE,FALSE,"8651/8065/1441/7323/6923/3716/7321/7322/6774/6776/3717","12702/216080/20416/67673/75717/12703/16452/54721/56550/66105","Signaling by CSF3 (G-CSF)",-2.08848440865085,2.08848440865085,"opposite direction"
"Reactome","Downstream signaling of activated FGFR1","R-HSA-5654687","R-MMU-5654687","Downstream signaling of activated FGFR1","Downstream signaling of activated FGFR1",-1.20484756476954,0.880483356333079,0.376352099480453,0.938049969069171,-0.424405656910876,0.0277740265324574,FALSE,FALSE,"3265/2255/2260/5295/5290/23767","399558/15461/20416/18706/14173/396184/18803","Downstream signaling of activated FGFR1",-2.08533092110262,2.08533092110262,"opposite direction"
"Reactome","Peroxisomal lipid metabolism","R-HSA-390918","R-MMU-390918","Peroxisomal lipid metabolism","Peroxisomal lipid metabolism",-1.06682401336099,1.01749983204933,0.537327369061061,0.803758748964228,-0.269761037842859,0.094874286719408,FALSE,FALSE,"215/55289/79777/30/1384/6342/10478/51","74114/16922/23986/26378/17117/11666/20524/93732/111175/110959/80911/11671","Peroxisomal lipid metabolism",-2.08432384541032,2.08432384541032,"opposite direction"
"Reactome","Bile acid and bile salt metabolism","R-HSA-194068","R-MMU-194068","Bile acid and bile salt metabolism","Bile acid and bile salt metabolism",-1.03531257824373,1.04662280459864,0.598437330439501,0.782577614379085,-0.222981323067713,0.1064725792448,FALSE,FALSE,"8714/10998/6579/8309/80765/8647/9885/10858/6256/9971/114876/570/9420/114883/5007/6342/10499/80270","170460/228983/17117/28253/13123/100273/93732","Bile acid and bile salt metabolism",-2.08193538284237,2.08193538284237,"opposite direction"
"Reactome","GPCR ligand binding","R-HSA-500792","R-MMU-500792","GPCR ligand binding","GPCR ligand binding",-0.944463364790356,1.13744511078995,0.806110389826559,0.593290135045116,-0.0936054812596941,0.226732872850965,FALSE,FALSE,"2913/5724/27202/59340/89780/59350/5031/29933/151306/6869/2357/5173/2792/846/4283/4142/5741/7476/6753/1394/2790/148/6376/887/2692/8698/5995/7482/2587/84634/1524/7434/2642/2847/1816/3627/51738/64106/680/79948/2859/3827/7471/6354/2918/2834/6870/2015/80834/6865/11211/3354/4988/5029/2778/3577/6352/2846/27334/796/10663/5443/9718/57486/6344/51083/54361/9170/7475/9283/9034/6608/301/7484/2829/155/8321/2783/3549/10268/9002/2740/7855/1901/7483/885/150/8324/7480/6387/9294/5731/80326/718","78134/12266/11535/56089/18442/19220/12778/20312/14739/16952/20315/14701/54598/223780/13610/14693/14708/11820/20306/75805/15551/14688/11609/21333/67168/11541/14696/20606/14706","GPCR ligand binding",-2.08190847558031,2.08190847558031,"opposite direction"
"Reactome","MyD88-independent TLR4 cascade","R-HSA-166166","R-MMU-166166","MyD88-independent TLR4 cascade","MyD88-independent TLR4 cascade",-1.19372143141177,0.886101584573624,0.27144208750977,0.955449570438204,-0.566322813433348,0.0197922304911118,FALSE,FALSE,"5608/7323/5602/5604/23118/6197/4205/7334/11035/4792/1147/929/29110/64127/5528/5518/7321/8454/6416/4791/7322/5519/4790/1386/466/5515/5595/9252","54123/24110/20112/67603/26398/16179/216080/11820/14082/26420/21898/434341/80750/26417/107607/223664/26419/14281/26400/110651/102626/26965/12370/16151/56550/66105/26414/26399/101568/71966/78294/270151/192656/11908/11796","MyD88-independent TLR4 cascade",-2.07982301598539,2.07982301598539,"opposite direction"
"Reactome","TRIF (TICAM1)-mediated TLR4 signaling","R-HSA-937061","R-MMU-937061","TRIF (TICAM1)-mediated TLR4 signaling","TRIF (TICAM1)-mediated TLR4 signaling",-1.19372143141177,0.886101584573624,0.27144208750977,0.955449570438204,-0.566322813433348,0.0197922304911118,FALSE,FALSE,"5608/7323/5602/5604/23118/6197/4205/7334/11035/4792/1147/929/29110/64127/5528/5518/7321/8454/6416/4791/7322/5519/4790/1386/466/5515/5595/9252","54123/24110/20112/67603/26398/16179/216080/11820/14082/26420/21898/434341/80750/26417/107607/223664/26419/14281/26400/110651/102626/26965/12370/16151/56550/66105/26414/26399/101568/71966/78294/270151/192656/11908/11796","TRIF (TICAM1)-mediated TLR4 signaling",-2.07982301598539,2.07982301598539,"opposite direction"
"Reactome","G alpha (q) signalling events","R-HSA-416476","R-MMU-416476","G alpha (q) signalling events","G alpha (q) signalling events",-0.89990052788018,1.17396168350917,0.884655281959518,0.573793021032505,-0.0532259251294225,0.241244738323385,FALSE,FALSE,"139189/2790/148/887/84634/2642/2847/156/51738/64106/680/3827/5598/6870/7204/6865/353299/5029/6197/5332/2846/23236/27334/115557/4314/3265/9170/5580/301/5331/2829/2783/26090/9002/26575/6004/885/5295/3710/5290/5731/5595/8997/3708","78134/20112/18442/19220/18798/17392/16952/56470/14682/14701/19735/18795/15461/14693/14708/11820/18754/26417/18706/380921/14672/227333/18709/14688/21333/67168/14696/52666/14706/110651/50780/16439/13617/13618/14702/18797/13649/76192","G alpha (q) signalling events",-2.07386221138935,2.07386221138935,"opposite direction"
"Reactome","Assembly of the 9+0 primary cilium","R-HSA-9975921","R-MMU-9975921","Assembly of the 9+0 primary cilium","Assembly of the 9+0 primary cilium",-0.838549668780606,1.23444142182406,0.954441024751831,0.381414701803051,-0.0202509016507638,0.418602570889167,FALSE,FALSE,"140735/1258/26160/22948/7280/11336/6950/83658/79969/90410/5048/23322/4867/5108/51098/80173/3797/146057/5518/28981/5311/7531/6608/10540/64792/80776/4218/5147/60412/56912/51626/55763/11127/27077/50807/10121/10382/347688/22920/403/5577/7277","22154/22142/53413/18764/67951/22143/67661/245866/213575/227613/22628/319757/76260/12464/231214/225745/22146/27078/12009/53885/22152/69654/71820/76779/13196/72421/76568/72938/19088/67203/18472/12589/67378/18763/12469/81896/21454/100503572/67068/67286/21821/55978/78887/102058/237222/16568/67161/13191/64436/70799/12465/76411","Assembly of the 9+0 primary cilium",-2.07299109060467,2.07299109060467,"opposite direction"
"Reactome","Cilium Assembly","R-HSA-5617833","R-MMU-5617833","Cilium Assembly","Cilium Assembly",-0.838549668780606,1.23444142182406,0.954441024751831,0.381414701803051,-0.0202509016507638,0.418602570889167,FALSE,FALSE,"140735/1258/26160/22948/7280/11336/6950/83658/79969/90410/5048/23322/4867/5108/51098/80173/3797/146057/5518/28981/5311/7531/6608/10540/64792/80776/4218/5147/60412/56912/51626/55763/11127/27077/50807/10121/10382/347688/22920/403/5577/7277","22154/22142/53413/18764/67951/22143/67661/245866/213575/227613/22628/319757/76260/12464/231214/225745/22146/27078/12009/53885/22152/69654/71820/76779/13196/72421/76568/72938/19088/67203/18472/12589/67378/18763/12469/81896/21454/100503572/67068/67286/21821/55978/78887/102058/237222/16568/67161/13191/64436/70799/12465/76411","Cilium Assembly",-2.07299109060467,2.07299109060467,"opposite direction"
"Reactome","DAP12 interactions","R-HSA-2172127","R-MMU-2172127","DAP12 interactions","DAP12 interactions",1.07180587324526,-1.00035107472511,0.5465584828728,0.840710461816306,0.262363360832241,-0.0753535481807644,FALSE,FALSE,"3133/567/5879/284266/3106/6464/5336/7410","57257/74769/234779","DAP12 interactions",2.07215694797037,2.07215694797037,"opposite direction"
"Reactome","RUNX1 interacts with co-factors whose precise effect on RUNX1 targets is not known","R-HSA-8939243","R-MMU-8939243","RUNX1 interacts with co-factors whose precise effect on RUNX1 targets is not known","RUNX1 interacts with co-factors whose precise effect on RUNX1 targets is not known",-1.20585930645562,0.866165011634411,0.365280289330922,0.954420226024702,-0.437373761858075,0.020260365693705,FALSE,FALSE,"6045/55193/865/1460/23429/6601/10138/2033/196528","20587/54383/68094/20586/67155/19763/12400/20588/12995/83797","RUNX1 interacts with co-factors whose precise effect on RUNX1 targets is not known",-2.07202431809003,2.07202431809003,"opposite direction"
"Reactome","Caspase activation via extrinsic apoptotic signalling pathway","R-HSA-5357769","R-MMU-5357769","Caspase activation via extrinsic apoptotic signalling pathway","Caspase activation via extrinsic apoptotic signalling pathway",1.21909135022808,-0.84200776184,0.345447046132369,0.959039548022599,0.46161851655339,-0.0181634834092673,FALSE,FALSE,"8795/1612/148022/7099/355/8837/8737/23643","22030/21933/12367/14102","Caspase activation via extrinsic apoptotic signalling pathway",2.06109911206808,2.06109911206808,"opposite direction"
"Reactome","Signaling by Non-Receptor Tyrosine Kinases","R-HSA-9006927","R-MMU-9006927","Signaling by Non-Receptor Tyrosine Kinases","Signaling by Non-Receptor Tyrosine Kinases",-0.923465330576838,1.13361380837221,0.752688172043011,0.645654918752745,-0.123384908539678,0.18999953606654,FALSE,FALSE,"9844/5921/6774/1398/10656/120892","66725/13874/12567/11651/218397/13866/12443/12702/15461/13992/330662/71514","Signaling by Non-Receptor Tyrosine Kinases",-2.05707913894905,2.05707913894905,"opposite direction"
"Reactome","Signaling by PTK6","R-HSA-8848021","R-MMU-8848021","Signaling by PTK6","Signaling by PTK6",-0.923465330576838,1.13361380837221,0.752688172043011,0.645654918752745,-0.123384908539678,0.18999953606654,FALSE,FALSE,"9844/5921/6774/1398/10656/120892","66725/13874/12567/11651/218397/13866/12443/12702/15461/13992/330662/71514","Signaling by PTK6",-2.05707913894905,2.05707913894905,"opposite direction"
"Reactome","Aquaporin-mediated transport","R-HSA-445717","R-MMU-445717","Aquaporin-mediated transport","Aquaporin-mediated transport",-0.945345496706458,1.10575735767394,0.725933843739798,0.701705174577397,-0.139102955894794,0.153845320845955,FALSE,FALSE,"2790/363/89872/108/366/5573/2778/111/4284/5568/362/2783/196883/112/5577","74998/14701/19088/19084/14693/14708/11826/14688/14696/14706","Aquaporin-mediated transport",-2.0511028543804,2.0511028543804,"opposite direction"
"Reactome","Initiation of Nuclear Envelope (NE) Reformation","R-HSA-2995383","R-MMU-2995383","Initiation of Nuclear Envelope (NE) Reformation","Initiation of Nuclear Envelope (NE) Reformation",1.14164004026731,-0.907320962819727,0.472944355397882,0.894084129378247,0.325189953480442,-0.0486216140836093,FALSE,FALSE,"2010/23141/8815/3930/221496/4001/23592","16905/268697/12534","Initiation of Nuclear Envelope (NE) Reformation",2.04896100308704,2.04896100308704,"opposite direction"
"Reactome","IRAK2 mediated activation of TAK1 complex upon TLR7/8 or 9 stimulation","R-HSA-975163","R-MMU-975163","IRAK2 mediated activation of TAK1 complex upon TLR7/8 or 9 stimulation","IRAK2 mediated activation of TAK1 complex upon TLR7/8 or 9 stimulation",1.1709781393203,-0.876475303988497,0.469429535771593,0.938049969069171,0.328429588748762,-0.0277740265324574,FALSE,FALSE,"6233/148022/7099/23643","66724/17087/22186/22190/22034","IRAK2 mediated activation of TAK1 complex upon TLR7/8 or 9 stimulation",2.0474534433088,2.0474534433088,"opposite direction"
"Reactome","Anchoring of the basal body to the plasma membrane","R-HSA-5620912","R-MMU-5620912","Anchoring of the basal body to the plasma membrane","Anchoring of the basal body to the plasma membrane",1.25405357848982,-0.793282794282735,0.240658268836749,1,0.618599211699163,0,FALSE,FALSE,"5116/22995/55835/3320/55755/22994/55142/26123/93323/22981/10142/9738/23354/54801/8481/84131/84902/9662/10806/79600/4735/9657/54903/79598/261734/11190/80321/7840/80254/1454/55722/54820/11064/55125/347240/121441/79867/115106","13424/18747/214444/74201/216274/76478/78177/67590/140810/18286/74360/225659/53598/232944/101565/75786/15519/75296/12534/22627/18005/99100","Anchoring of the basal body to the plasma membrane",2.04733637277255,2.04733637277255,"opposite direction"
"Reactome","NOD1/2 Signaling Pathway","R-HSA-168638","R-MMU-168638","NOD1/2 Signaling Pathway","NOD1/2 Signaling Pathway",1.12723075407961,-0.919454145893745,0.449231160249079,0.904542579588395,0.347530127177097,-0.0435709847521659,FALSE,FALSE,"3654/837/835/6233/10392/6300","74256/22186/29857/93765/22190/22034/21929","NOD1/2 Signaling Pathway",2.04668489997335,2.04668489997335,"opposite direction"
"Reactome","ERK/MAPK targets","R-HSA-198753","R-MMU-198753","ERK/MAPK targets","ERK/MAPK targets",-1.3601647413723,0.681085540657254,0.229792935058346,1,-0.638663327746696,0,FALSE,FALSE,"6197/4205/5528/5518/5519/5515/5595/9252","20112/67603","ERK/MAPK targets",-2.04125028202955,2.04125028202955,"opposite direction"
"Reactome","FLT3 Signaling","R-HSA-9607240","R-MMU-9607240","FLT3 Signaling","FLT3 Signaling",-0.928455509148365,1.11088168634049,0.752581021635694,0.685028248587571,-0.123446737787105,0.164291519087505,FALSE,FALSE,"6654/3932/1027/8835/6503/9306/3265/2534/6776/5295/5290","16923/11651/216233/15461/18706/54607/16818","FLT3 Signaling",-2.03933719548886,2.03933719548886,"opposite direction"
"Reactome","GPER1 signaling","R-HSA-9634597","R-MMU-9634597","GPER1 signaling","GPER1 signaling",-0.9078859686107,1.12876163647328,0.775898124251083,0.6859397621618,-0.110195298046064,0.163714021478962,FALSE,FALSE,"2778/111/5568/2771/2773/2783/196883/6714/112/5577","14268/14701/19088/19084/14693/14708/20416/14688/14696/14706","GPER1 signaling",-2.03664760508398,2.03664760508398,"opposite direction"
"Reactome","MAP kinase activation","R-HSA-450294","R-MMU-450294","MAP kinase activation","MAP kinase activation",-1.42205159533914,0.606179772812992,0.144270799131751,1,-0.840821562595186,0,FALSE,FALSE,"5608/5602/5604/23118/6197/4205/7334/1147/64127/5528/5518/8454/6416/5519/4790/1386/466/5515/5595/9252","20112/67603/26398/16179/26420/26417/107607/26419/14281/26400/110651/102626/26965/16151/26414/26399/101568/78294/192656/11908","MAP kinase activation",-2.02823136815213,2.02823136815213,"opposite direction"
"Reactome","RAS processing","R-HSA-9648002","R-MMU-9648002","RAS processing","RAS processing",-0.97050603486538,1.05736353044446,0.691426209177346,0.732559237232134,-0.160254162130376,0.135157251024571,FALSE,FALSE,"801/9986/3265/5147/51104/58489/5593","12048/18777/14272/56327/15461/208884/110606/19671","RAS processing",-2.02786956530984,2.02786956530984,"opposite direction"
"Reactome","Sulfur amino acid metabolism","R-HSA-1614635","R-MMU-1614635","Sulfur amino acid metabolism","Sulfur amino acid metabolism",-0.816274619330815,1.21041748062081,0.870113715723867,0.593290135045116,-0.0604239854456469,0.226732872850965,FALSE,FALSE,"7263/635/23474/2805/1468/2806/58472/51380/25828","107869/269378/211488/59010/66902/238505/246221/27376/67873/22117","Sulfur amino acid metabolism",-2.02669209995162,2.02669209995162,"opposite direction"
"Reactome","Glycolysis","R-HSA-70171","R-MMU-70171","Glycolysis","Glycolysis",-1.24443253792957,0.772375947095021,0.228310712934685,1,-0.641473709800778,0,FALSE,FALSE,"132789/9631/7175/5232/5568/5528/5518/3101/5313/8480/5207/2821/81929/5519/3098/5515/5230/2026/230/2027","18641/14751/11674/72787/72141/14433/13808/110379/66679/21991","Glycolysis",-2.01680848502459,2.01680848502459,"opposite direction"
"Reactome","Hyaluronan degradation","R-HSA-2160916","R-MMU-2160916","Hyaluronan degradation","Hyaluronan degradation",0.977415239431558,-1.03738662042379,0.691426209177346,0.79998281823844,0.160254162130376,-0.096919340538515,FALSE,FALSE,"2990/960/3074/57214","109685/192188/15366/15586/15212/20544/15211","Hyaluronan degradation",2.01480185985535,2.01480185985535,"opposite direction"
"Reactome","Inactivation of APC/C via direct inhibition of the APC/C complex","R-HSA-141430","R-MMU-141430","Inactivation of APC/C via direct inhibition of the APC/C complex","Inactivation of APC/C via direct inhibition of the APC/C complex",-1.12478972393293,0.889770296201487,0.465244257393166,0.938049969069171,-0.332318978751417,0.0277740265324574,FALSE,FALSE,"10393/8881/51433/64682/7321/29882/29945","59008/52206/69957/216080/217232/52717/17222/56150","Inactivation of APC/C via direct inhibition of the APC/C complex",-2.01456002013442,2.01456002013442,"opposite direction"
"Reactome","Inhibition of the proteolytic activity of APC/C required for the onset of anaphase by mitotic spindle checkpoint components","R-HSA-141405","R-MMU-141405","Inhibition of the proteolytic activity of APC/C required for the onset of anaphase by mitotic spindle checkpoint components","Inhibition of the proteolytic activity of APC/C required for the onset of anaphase by mitotic spindle checkpoint components",-1.12478972393293,0.889770296201487,0.465244257393166,0.938049969069171,-0.332318978751417,0.0277740265324574,FALSE,FALSE,"10393/8881/51433/64682/7321/29882/29945","59008/52206/69957/216080/217232/52717/17222/56150","Inhibition of the proteolytic activity of APC/C required for the onset of anaphase by mitotic spindle checkpoint components",-2.01456002013442,2.01456002013442,"opposite direction"
"Reactome","CS/DS degradation","R-HSA-2024101","R-MMU-2024101","CS/DS degradation","CS/DS degradation",1.0599747738715,-0.954332397833512,0.577955182503972,0.861040068201194,0.238105837610379,-0.0649766383328864,FALSE,FALSE,"2990/2720/1464/3423/3425/3074","121021/15211/29873","CS/DS degradation",2.01430717170501,2.01430717170501,"opposite direction"
"Reactome","Oxidative Stress Induced Senescence","R-HSA-2559580","R-MMU-2559580","Oxidative Stress Induced Senescence","Oxidative Stress Induced Senescence",-1.035509439432,0.976833603135726,0.593212255947792,0.848096548560945,-0.226789884893298,0.0715547042050218,FALSE,FALSE,"8337/8294/1019/5928/57690/8359/5606/50488/3021/8355/8726/4343/1030/333932/3020/8550/8362/5608/5602/8348/8344/8368/8363/6045/8341/653604/9448/27327/6416/8331/23135/8338/5931/26523/23512/23112/5595","22059/12567/26408/22166/26398/26420/26417/26419/14281/26400","Oxidative Stress Induced Senescence",-2.01234304256773,2.01234304256773,"opposite direction"
"Reactome","SUMOylation of transcription cofactors","R-HSA-3899300","R-MMU-3899300","SUMOylation of transcription cofactors","SUMOylation of transcription cofactors",0.997624004548102,-1.01045418600622,0.655673090856398,0.808095048895838,0.183312639625212,-0.0925375540976557,FALSE,FALSE,"4869/84733/6294/1387/9612/6612/4152/59348/6015/8535/10155","26885/19821/109113/224903/22196/17977/22218/15258/241915/59004","SUMOylation of transcription cofactors",2.00807819055432,2.00807819055432,"opposite direction"
"Reactome","Signaling by FGFR3","R-HSA-5654741","R-MMU-5654741","Signaling by FGFR3","Signaling by FGFR3",-1.25987785219174,0.747584318819623,0.25953883216703,1,-0.58579765386886,0,FALSE,FALSE,"6714/5295/5290/5515/5595","17346/15461/20416/26417/18706/20779/24064/14173/18803/14425","Signaling by FGFR3",-2.00746217101136,2.00746217101136,"opposite direction"
"Reactome","MyD88 dependent cascade initiated on endosome","R-HSA-975155","R-MMU-975155","MyD88 dependent cascade initiated on endosome","MyD88 dependent cascade initiated on endosome",-1.13485486694897,0.86917409907758,0.376390322210756,0.987023748363468,-0.424361551728573,0.00567239782769906,FALSE,FALSE,"57162/5608/5602/5604/23118/6197/4205/7334/4792/1147/929/64127/5528/5518/8454/6416/4791/5519/4790/1386/466/5515/5595/9252","54123/24110/20112/67603/26398/16179/11820/26420/21898/434341/80750/26417/107607/223664/26419/14281/26400/110651/102626/26965/12370","MyD88 dependent cascade initiated on endosome",-2.00402896602655,2.00402896602655,"opposite direction"
"Reactome","DAP12 signaling","R-HSA-2424491","R-MMU-2424491","DAP12 signaling","DAP12 signaling",0.951792252385608,-1.04611059392482,0.719542483660131,0.782577614379085,0.142943559094332,-0.1064725792448,FALSE,FALSE,"3133/567/5879/6464/5336/7410","57257/74769/234779","DAP12 signaling",1.99790284631043,1.99790284631043,"opposite direction"
"Reactome","Regulation of lipid metabolism by PPARalpha","R-HSA-400206","R-MMU-400206","Regulation of lipid metabolism by PPARalpha","Regulation of lipid metabolism by PPARalpha",-1.39848698918568,0.599188459444617,0.0546512947743839,1,-1.26239954447898,0,FALSE,FALSE,"7376/9572/6907/84246/51003/3992/6720/8841/9969/3156/123/9611/405/10499/90390/4899/6721/1024/81857/51/9968/376497/26230/2033/4199/9282/3157/23179","59035/21372/20602/229003/15183","Regulation of lipid metabolism by PPARalpha",-1.9976754486303,1.9976754486303,"opposite direction"
"Reactome","RUNX1 regulates genes involved in megakaryocyte differentiation and platelet function","R-HSA-8936459","R-MMU-8936459","RUNX1 regulates genes involved in megakaryocyte differentiation and platelet function","RUNX1 regulates genes involved in megakaryocyte differentiation and platelet function",-1.40330023372351,0.592188171288574,0.0835415858165017,1,-1.07809728505822,0,FALSE,FALSE,"8337/8294/57690/8359/3021/5929/8355/4343/333932/3020/8362/8348/4297/8344/8368/3065/8013/8363/10398/865/8085/8341/55170/653604/27327/84661/8331/8338/26523/2033/23112/8850","23808/15270/68024","RUNX1 regulates genes involved in megakaryocyte differentiation and platelet function",-1.99548840501208,1.99548840501208,"opposite direction"
"Reactome","Striated Muscle Contraction","R-HSA-390522","R-MMU-390522","Striated Muscle Contraction","Striated Muscle Contraction",-1.25848153718346,0.736348147654736,0.320806864120122,1,-0.493756347938996,0,FALSE,FALSE,"4621/70/4626/7135/4607/7139/4604/4635/7140/7136/4703/7134/1674/89/7431/7273/58","22004/22352","Striated Muscle Contraction",-1.9948296848382,1.9948296848382,"opposite direction"
"Reactome","Interleukin-17 signaling","R-HSA-448424","R-MMU-448424","Interleukin-17 signaling","Interleukin-17 signaling",-1.38820224150187,0.606179772812992,0.10828213197883,1,-0.965443201945434,0,FALSE,FALSE,"5608/5602/5604/23118/6197/4205/7334/1147/64127/5528/5518/8454/6416/5519/4790/1386/466/5515/5595/9252","20112/67603/26398/16179/26420/26417/107607/26419/14281/26400/110651/102626/26965/16151/26414/26399/101568/78294/192656/11908","Interleukin-17 signaling",-1.99438201431486,1.99438201431486,"opposite direction"
"Reactome","Downregulation of TGF-beta receptor signaling","R-HSA-2173788","R-MMU-2173788","Downregulation of TGF-beta receptor signaling","Downregulation of TGF-beta receptor signaling",1.03424238931894,-0.956206603308009,0.60882016698038,0.877204532067496,0.21551097012836,-0.0568991332110894,FALSE,FALSE,"23645/7040/4088/25805/7046/6233/64750","68010/22186/22190/170749","Downregulation of TGF-beta receptor signaling",1.99044899262695,1.99044899262695,"opposite direction"
"Reactome","APC/C:Cdc20 mediated degradation of Cyclin B","R-HSA-174048","R-MMU-174048","APC/C:Cdc20 mediated degradation of Cyclin B","APC/C:Cdc20 mediated degradation of Cyclin B",-1.2768411393914,0.712644521872793,0.293867664237238,1,-0.531848198942468,0,FALSE,FALSE,"10393/8881/51433/64682/7321/29882/29945","59008/52206/69957/216080/217232/52717/17222","APC/C:Cdc20 mediated degradation of Cyclin B",-1.98948566126419,1.98948566126419,"opposite direction"
"Reactome","Digestion","R-HSA-8935690","R-MMU-8935690","Digestion","Digestion",-1.29712091188458,0.689932504146683,0.358396699086354,1,-0.44563599894067,0,FALSE,FALSE,"280/3938/1118/8972/5406/248/8544","69656","Digestion",-1.98705341603126,1.98705341603126,"opposite direction"
"Reactome","Dual incision in TC-NER","R-HSA-6782135","R-MMU-6782135","Dual incision in TC-NER","Dual incision in TC-NER",0.834042046943559,-1.15281769724146,0.872891233060725,0.607769423558897,0.0590398683498748,-0.216261152748466,FALSE,FALSE,"5425/6118/2068/6233/2067/2073/54107/6119/5984/57461/5439/5982","69920/69263/252870/72584/59001/66983/18538/69833/319955/209357/69241/50505/28000/13871/19687/66467/22186/68275/14884/56438/17420/71101/67967/22190/231329/67710/19891/27015","Dual incision in TC-NER",1.98685974418502,1.98685974418502,"opposite direction"
"Reactome","Recognition and association of DNA glycosylase with site containing an affected purine","R-HSA-110330","R-MMU-110330","Recognition and association of DNA glycosylase with site containing an affected purine","Recognition and association of DNA glycosylase with site containing an affected purine",1.11578577595871,-0.86799655752,0.47404419915564,0.948188534374294,0.32418116348521,-0.023105300533706,FALSE,FALSE,"94239/54386/85236/4350/3017/4595/7013/25913/26277/8334","21749/57321","Recognition and association of DNA glycosylase with site containing an affected purine",1.98378233347871,1.98378233347871,"opposite direction"
"Reactome","Defensins","R-HSA-1461973","R-MMU-1461973","Defensins","Defensins",-0.714957369199373,1.26444160124162,0.922500113551435,0.416235287707062,-0.0350335717111691,0.380661103829309,FALSE,FALSE,"5646/920/7097/7096","24088","Defensins",-1.97939897044099,1.97939897044099,"opposite direction"
"Reactome","Toll Like Receptor 7/8 (TLR7/8) Cascade","R-HSA-168181","R-MMU-168181","Toll Like Receptor 7/8 (TLR7/8) Cascade","Toll Like Receptor 7/8 (TLR7/8) Cascade",-1.14782265328017,0.82632241232894,0.355696582403615,1,-0.448920307573235,0,FALSE,FALSE,"57162/5608/5602/5604/23118/51311/6197/4205/7334/4792/1147/929/64127/5528/5518/8454/6416/4791/5519/4790/1386/466/5515/5595/9252","54123/24110/20112/67603/26398/16179/11820/26420/21898/434341/80750/26417/107607/223664/26419/14281/26400/110651/102626/26965/12370","Toll Like Receptor 7/8 (TLR7/8) Cascade",-1.97414506560911,1.97414506560911,"opposite direction"
"Reactome","HSF1-dependent transactivation","R-HSA-3371571","R-MMU-3371571","HSF1-dependent transactivation","HSF1-dependent transactivation",-1.18035825473514,0.790402298165593,0.390863857853662,0.988974242052217,-0.407974485772398,0.00481501950521023,FALSE,FALSE,"818/26353/817/2033/1410/3305","15499/12955/108058/56716/56717","HSF1-dependent transactivation",-1.97076055290073,1.97076055290073,"opposite direction"
"Reactome","Vasopressin regulates renal water homeostasis via Aquaporins","R-HSA-432040","R-MMU-432040","Vasopressin regulates renal water homeostasis via Aquaporins","Vasopressin regulates renal water homeostasis via Aquaporins",-0.772292746265197,1.19776698847726,0.929218882954287,0.593290135045116,-0.03188197334498,0.226732872850965,FALSE,FALSE,"2783/196883/112/5577","74998/14701/19088/19084/14693/14708/11826/14688/14696/14706","Vasopressin regulates renal water homeostasis via Aquaporins",-1.97005973474246,1.97005973474246,"opposite direction"
"Reactome","Mitotic G1 phase and G1/S transition","R-HSA-453279","R-MMU-453279","Mitotic G1 phase and G1/S transition","Mitotic G1 phase and G1/S transition",0.960782540983338,-1.00910902568151,0.719636451719304,0.806326358734291,0.142886846466557,-0.093489142922038,FALSE,FALSE,"894/1026/6241/1021/84515/4605/1719/26271/4173/81620/6118/91768/990/51053/6233/1876/7083/54107/1163/6119/91750/1870/23594/595/55388","19651/19052/57441/26442/75660/26428/19075/72568/66634/67177/13548/217708/22186/23997/63955/68275/17420/23834/242705/57296/12566/18968/70024/22190/12545/17096/18969/22390/231506/19891/12428/17217/17215","Mitotic G1 phase and G1/S transition",1.96989156666485,1.96989156666485,"opposite direction"
"Reactome","RND3 GTPase cycle","R-HSA-9696264","R-MMU-9696264","RND3 GTPase cycle","RND3 GTPase cycle",1.22161517820803,-0.744740122556724,0.35717421011222,1,0.447119907035189,0,FALSE,FALSE,"3895/1832/1969/91544/57216/27316/22852/10970/29766/10505/23592/390","218581/19877/229658/226525/11855/232906/64652/53382/71435/269608/50875/93840/12874/74194/13836/12389/227937/233877","RND3 GTPase cycle",1.96635530076475,1.96635530076475,"opposite direction"
"Reactome","TRAF6-mediated induction of TAK1 complex within TLR4 complex","R-HSA-937072","R-MMU-937072","TRAF6-mediated induction of TAK1 complex within TLR4 complex","TRAF6-mediated induction of TAK1 complex within TLR4 complex",1.09481205890641,-0.859634015093914,0.529464931308749,0.94084996636017,0.276162799755674,-0.0264796262825296,FALSE,FALSE,"6233/148022/7099/23643","66724/17087/22186/22190/22034","TRAF6-mediated induction of TAK1 complex within TLR4 complex",1.95444607400032,1.95444607400032,"opposite direction"
"Reactome","Cellular Senescence","R-HSA-2559583","R-MMU-2559583","Cellular Senescence","Cellular Senescence",-0.951414477935805,0.993865375327835,0.731560623861517,0.848096548560945,-0.135749678400485,0.0715547042050218,FALSE,FALSE,"472/8337/6667/8294/1019/5928/57690/8359/5606/50488/3021/25906/8355/1027/8726/4343/1030/333932/3020/8550/5598/8362/5608/51529/5602/8348/6197/8344/8368/8363/6045/10524/3009/8341/10393/653604/9448/8881/27327/1051/51433/64682/7321/29882/6416/8331/23135/8338/6774/4790/5931/26523/3008/23512/29945/23112/10919/5595","20112/22059/12567/15270/15364/59008/52206/26408/22166/69957/68024/26398/216080/19645/26420/217232/26417/81601/26419/12608/14281/26400/52717/110651/17535/102626/17222/232440/15361","Cellular Senescence",-1.94527985326364,1.94527985326364,"opposite direction"
"Reactome","Intra-Golgi traffic","R-HSA-6811438","R-MMU-6811438","Intra-Golgi traffic","Intra-Golgi traffic",0.90882097930247,-1.03252215279466,0.768569697887484,0.797788610800948,0.114316742301647,-0.0981121679529877,FALSE,FALSE,"9265/10652/9267/9321/8675/9527/51272/9950","108123/56418/67474/17957","Intra-Golgi traffic",1.94134313209713,1.94134313209713,"opposite direction"
"Reactome","Ca-dependent events","R-HSA-111996","R-MMU-111996","Ca-dependent events","Ca-dependent events",-1.00330448166267,0.935764994820578,0.63696492924321,0.885259640413209,-0.195884478897689,0.052929335108724,FALSE,FALSE,"156/108/26960/5573/801/111/5568/818/5580/196883/817/112/5321/5577","18573/207565/19088/19084/104111/18783","Ca-dependent events",-1.93906947648325,1.93906947648325,"opposite direction"
"Reactome","FGFR1 ligand binding and activation","R-HSA-190242","R-MMU-190242","FGFR1 ligand binding and activation","FGFR1 ligand binding and activation",-1.23725237564452,0.697346258793592,0.376352099480453,1,-0.424405656910876,0,FALSE,FALSE,"2255/2260/7049","21814/67903/14173","FGFR1 ligand binding and activation",-1.93459863443811,1.93459863443811,"opposite direction"
"Reactome","MyD88 cascade initiated on plasma membrane","R-HSA-975871","R-MMU-975871","MyD88 cascade initiated on plasma membrane","MyD88 cascade initiated on plasma membrane",-1.2285413180164,0.703910048468458,0.196038819568231,1,-0.70765792122035,0,FALSE,FALSE,"57162/5608/5602/5604/23118/6197/4205/7334/4792/1147/64127/5528/5518/8454/6416/4791/5519/4790/1386/466/5515/5595/9252","24110/20112/67603/26398/16179/11820/26420/434341/80750/26417/107607/223664/26419/14281/26400/110651/102626/26965/12370/16151/26414/26399/101568/71966/78294/270151/192656/11908","MyD88 cascade initiated on plasma membrane",-1.93245136648486,1.93245136648486,"opposite direction"
"Reactome","Toll Like Receptor 10 (TLR10) Cascade","R-HSA-168142","R-MMU-168142","Toll Like Receptor 10 (TLR10) Cascade","Toll Like Receptor 10 (TLR10) Cascade",-1.2285413180164,0.703910048468458,0.196038819568231,1,-0.70765792122035,0,FALSE,FALSE,"57162/5608/5602/5604/23118/6197/4205/7334/4792/1147/64127/5528/5518/8454/6416/4791/5519/4790/1386/466/5515/5595/9252","24110/20112/67603/26398/16179/11820/26420/434341/80750/26417/107607/223664/26419/14281/26400/110651/102626/26965/12370/16151/26414/26399/101568/71966/78294/270151/192656/11908","Toll Like Receptor 10 (TLR10) Cascade",-1.93245136648486,1.93245136648486,"opposite direction"
"Reactome","Toll Like Receptor 5 (TLR5) Cascade","R-HSA-168176","R-MMU-168176","Toll Like Receptor 5 (TLR5) Cascade","Toll Like Receptor 5 (TLR5) Cascade",-1.2285413180164,0.703910048468458,0.196038819568231,1,-0.70765792122035,0,FALSE,FALSE,"57162/5608/5602/5604/23118/6197/4205/7334/4792/1147/64127/5528/5518/8454/6416/4791/5519/4790/1386/466/5515/5595/9252","24110/20112/67603/26398/16179/11820/26420/434341/80750/26417/107607/223664/26419/14281/26400/110651/102626/26965/12370/16151/26414/26399/101568/71966/78294/270151/192656/11908","Toll Like Receptor 5 (TLR5) Cascade",-1.93245136648486,1.93245136648486,"opposite direction"
"Reactome","Cleavage of the damaged purine","R-HSA-110331","R-MMU-110331","Cleavage of the damaged purine","Cleavage of the damaged purine",1.11578577595871,-0.816290187999881,0.47404419915564,0.996985357450474,0.32418116348521,-0.00131122004858297,FALSE,FALSE,"94239/54386/85236/4350/3017/4595/7013/25913/26277/8334","21749/57321","Cleavage of the damaged purine",1.93207596395859,1.93207596395859,"opposite direction"
"Reactome","Depurination","R-HSA-73927","R-MMU-73927","Depurination","Depurination",1.11578577595871,-0.816290187999881,0.47404419915564,0.996985357450474,0.32418116348521,-0.00131122004858297,FALSE,FALSE,"94239/54386/85236/4350/3017/4595/7013/25913/26277/8334","21749/57321","Depurination",1.93207596395859,1.93207596395859,"opposite direction"
"Reactome","Regulation of TP53 Activity through Acetylation","R-HSA-6804758","R-MMU-6804758","Regulation of TP53 Activity through Acetylation","Regulation of TP53 Activity through Acetylation",-1.16480899736255,0.762260847086495,0.390863857853662,1,-0.407974485772398,0,FALSE,FALSE,"5608/7862/57459/9219/3065/79837/1107/1108/90809/23774/5931/2033","22059/11651/23988/70088/268936/17192/69260/66262","Regulation of TP53 Activity through Acetylation",-1.92706984444904,1.92706984444904,"opposite direction"
"Reactome","Metabolism of amine-derived hormones","R-HSA-209776","R-MMU-209776","Metabolism of amine-derived hormones","Metabolism of amine-derived hormones",-1.18753604308314,0.738749099065229,0.404094121301545,0.996844603983326,-0.393517467560001,0.00137253766881647,FALSE,FALSE,"51061/1621/1644/389434/7173/857/15/121278/7054/1735","66811","Metabolism of amine-derived hormones",-1.92628514214837,1.92628514214837,"opposite direction"
"Reactome","Positive epigenetic regulation of rRNA expression","R-HSA-5250913","R-MMU-5250913","Positive epigenetic regulation of rRNA expression","Positive epigenetic regulation of rRNA expression",-1.17214860895076,0.753454062872709,0.324167209101441,1,-0.489230918008604,0,FALSE,FALSE,"8337/8294/5928/8359/3021/5440/8355/8467/333932/9013/3020/8362/8348/5435/57459/8344/9219/9533/8368/3065/8363/1107/8341/1108/653604/23451/4641/8331/51082/8338/2648/5931/2033/10919/8850","20017/21340/14534/56200/17913/28071/11465","Positive epigenetic regulation of rRNA expression",-1.92560267182347,1.92560267182347,"opposite direction"
"Reactome","Class A/1 (Rhodopsin-like receptors)","R-HSA-373076","R-MMU-373076","Class A/1 (Rhodopsin-like receptors)","Class A/1 (Rhodopsin-like receptors)",-0.951569182378049,0.969715383446177,0.752581021635694,0.860983397190294,-0.123446737787105,0.0650052232015845,FALSE,FALSE,"3792/5732/2833/5724/27202/59340/59350/5031/29933/151306/6869/2357/5173/4283/4142/6753/148/6376/887/8698/5995/2587/84634/1524/2847/1816/3627/51738/64106/680/79948/2859/3827/6354/2834/6870/6865/3354/4988/5029/3577/6352/2846/27334/10663/5443/9718/57486/51083/9170/9283/9034/301/2829/155/9002/1901/885/150/6387/9294/5731/718","78134/12266/18442/19220/12778/20312/14739/16952/20315/13610/11820/20306/75805/15551/11609/21333/67168/11541/20606","Class A/1 (Rhodopsin-like receptors)",-1.92128456582423,1.92128456582423,"opposite direction"
"Reactome","Toll-like Receptor Cascades","R-HSA-168898","R-MMU-168898","Toll-like Receptor Cascades","Toll-like Receptor Cascades",-1.03046753606866,0.886806591595637,0.56083619140944,0.970603199728645,-0.251163968610835,0.0129582813061201,FALSE,FALSE,"57162/5608/7323/5602/5604/23118/10695/51311/6197/4205/338/7334/11035/4792/1515/1147/929/29110/64127/5528/5518/7321/8454/7184/6416/4791/81622/7322/5519/4790/1386/466/1759/5515/5595/9252","54123/24110/69146/20112/24088/67603/13038/13429/13039/26398/117149/16179/216080/11820/14082/26420/21898/434341/80750/26417/54722/107607/223664/26419","Toll-like Receptor Cascades",-1.9172741276643,1.9172741276643,"opposite direction"
"Reactome","RAC2 GTPase cycle","R-HSA-9013404","R-MMU-9013404","RAC2 GTPase cycle","RAC2 GTPase cycle",1.12940847085365,-0.77986062740063,0.434963503649635,1,0.36154718173162,0,FALSE,FALSE,"2010/1829/11135/23141/1969/7074/57580/5880/55619/1535/51566/9341/5062/55971/3930/55114/10152/7037/7410/81624/23592/3998/4162","233103/70497/223435/17969/26934/66898/13836/12389/216963/57257/110279/84004/19349/18710/330177","RAC2 GTPase cycle",1.90926909825428,1.90926909825428,"opposite direction"
"Reactome","CLEC7A (Dectin-1) signaling","R-HSA-5607764","R-MMU-5607764","CLEC7A (Dectin-1) signaling","CLEC7A (Dectin-1) signaling",-2.56848178559424,-0.662921329453589,1.17833333333333e-08,1,-7.92873183658675,0,TRUE,FALSE,"84433/5687/23118/5704/9040/5971/7334/801/4792/5532/1147/5690/10213/5719/5685/4772/5684/5580/5718/11047/7321/8454/7979/4791/7322/5694/5717/9039/5689/5701/4790/6714/5686/5709/3710/4775/5691/10768/5530/5707/3708","240354/57296/22190/18607/22034/18035/234779","CLEC7A (Dectin-1) signaling",-1.90556045614065,1.90556045614065,"shared negative"
"Reactome","G2/M Transition","R-HSA-69275","R-MMU-69275","G2/M Transition","G2/M Transition",0.947939609417061,-0.953181679736903,0.737475340303808,0.909757432931039,0.132252497043403,-0.0410743874397237,FALSE,FALSE,"1026/5116/22974/55355/51512/1063/4605/653784/22995/55835/2305/3320/22822/55755/22994/55142/55320/93323/22981/10142/9738/6790/23354/54801/6233/8481/84131/994/9662/10806/91750/85378/995/80028","23997/216274/12537/76478/78177/56438/77011/18286/74360/17420/225659/53598/57296/12566/22190/101565/75786/15519/72590/75296/329251/268697/29870/71648/12534/22390/22627/72119/12428/18005/99100/20878","G2/M Transition",1.90112128915396,1.90112128915396,"opposite direction"
"Reactome","Global Genome Nucleotide Excision Repair (GG-NER)","R-HSA-5696399","R-MMU-5696399","Global Genome Nucleotide Excision Repair (GG-NER)","Global Genome Nucleotide Excision Repair (GG-NER)",1.08915205236312,-0.80944452442961,0.47404419915564,1,0.32418116348521,0,FALSE,FALSE,"5425/1643/142/7508/6118/2068/9557/6233/10038/2067/6612/2073/54107/283899/6119/5984","50505/107986/13871/19687/66467/69714/12848/22186/68275/14884/56438/93765/17420/67967/22190/22196/19359/235134/22218/227195/19891/27015","Global Genome Nucleotide Excision Repair (GG-NER)",1.89859657679273,1.89859657679273,"opposite direction"
"Reactome","Gap-filling DNA repair synthesis and ligation in TC-NER","R-HSA-6782210","R-MMU-6782210","Gap-filling DNA repair synthesis and ligation in TC-NER","Gap-filling DNA repair synthesis and ligation in TC-NER",0.724227966515839,-1.17393430987676,0.95127739460245,0.581639383582179,0.0216928233584341,-0.235346194491978,FALSE,FALSE,"5425/6118/2068/6233/54107/6119/5984/57461/5439/5982/5426/5433/7515/2074/5441/1161/56655/5111","69920/69263/252870/72584/59001/66983/18538/69833/319955/209357/69241/28000/13871/19687/66467/22186/68275/14884/56438/17420/71101/67967/22190/231329/67710/19891/27015","Gap-filling DNA repair synthesis and ligation in TC-NER",1.8981622763926,1.8981622763926,"opposite direction"
"Reactome","RHOC GTPase cycle","R-HSA-9013106","R-MMU-9013106","RHOC GTPase cycle","RHOC GTPase cycle",1.12165297182255,-0.774881277195115,0.421340973059912,1,0.375366306103163,0,FALSE,FALSE,"54443/64283/9414/57580/2040/9341/55701/3930/10395/128239/4650/7037/9639/1729/10211/7410/81624/3998/4162/3728/6793/93663","26934/75547/73910/12704/208846/12389/404710/13367/110279/243362/84004/13830/21873","RHOC GTPase cycle",1.89653424901767,1.89653424901767,"opposite direction"
"Reactome","Interleukin-20 family signaling","R-HSA-8854691","R-MMU-8854691","Interleukin-20 family signaling","Interleukin-20 family signaling",-1.08776835678817,0.802493999036086,0.526731902590904,0.955449570438204,-0.278410376915734,0.0197922304911118,FALSE,FALSE,"11009/6774/3718/6776/3717","16453/16452/54721/20848","Interleukin-20 family signaling",-1.89026235582426,1.89026235582426,"opposite direction"
"Reactome","Mitotic G2-G2/M phases","R-HSA-453274","R-MMU-453274","Mitotic G2-G2/M phases","Mitotic G2-G2/M phases",0.93773672161381,-0.951712006303969,0.767670523737423,0.938049969069171,0.114825134688122,-0.0277740265324574,FALSE,FALSE,"1026/5116/22974/55355/51512/1063/4605/653784/22995/55835/2305/3320/22822/55755/22994/55142/55320/93323/22981/10142/9738/6790/23354/54801/6233/8481/84131/994/9662/10806/91750/85378/995/80028","23997/216274/12537/76478/78177/56438/77011/18286/74360/17420/225659/53598/57296/12566/22190/101565/75786/15519/72590/75296/329251/268697/29870/71648/12534/22390/22627/72119/12428/18005/99100/20878","Mitotic G2-G2/M phases",1.88944872791778,1.88944872791778,"opposite direction"
"Reactome","Interaction of NuRD complexes with transcription factors","R-HSA-9940951","R-MMU-9940951","Interaction of NuRD complexes with transcription factors","Interaction of NuRD complexes with transcription factors",-1.20143560232682,0.686374738452853,0.276230517688028,1,-0.558728342660509,0,FALSE,FALSE,"8337/8294/5928/8359/3021/8355/333932/3020/8362/8348/57592/57459/8344/9219/8368/3065/8363/10320/1107/8341/1108/653604/8099/23613/8331/8338/10263/5931/8932","11819/15270/68024/52004/78266/17192","Interaction of NuRD complexes with transcription factors",-1.88781034077967,1.88781034077967,"opposite direction"
"Reactome","Toll Like Receptor 9 (TLR9) Cascade","R-HSA-168138","R-MMU-168138","Toll Like Receptor 9 (TLR9) Cascade","Toll Like Receptor 9 (TLR9) Cascade",-1.08312646823342,0.802071436278719,0.465244257393166,1,-0.332318978751417,0,FALSE,FALSE,"57162/5608/5602/5604/23118/6197/4205/7334/4792/1147/929/64127/5528/5518/8454/6416/4791/5519/4790/1386/466/5515/5595/9252","54123/24110/20112/67603/26398/16179/11820/26420/21898/434341/80750/26417/107607/223664/26419/14281/26400/110651/102626/26965/12370","Toll Like Receptor 9 (TLR9) Cascade",-1.88519790451214,1.88519790451214,"opposite direction"
"Reactome","CaM pathway","R-HSA-111997","R-MMU-111997","CaM pathway","CaM pathway",-0.88349842456231,1.00104328407489,0.800943585625376,0.82300197181091,-0.0963980723232808,0.0845991242706321,FALSE,FALSE,"156/108/26960/5573/801/111/5568/818/5580/196883/817/112/5577","18573/207565/19088/19084/104111","CaM pathway",-1.8845417086372,1.8845417086372,"opposite direction"
"Reactome","Calmodulin induced events","R-HSA-111933","R-MMU-111933","Calmodulin induced events","Calmodulin induced events",-0.88349842456231,1.00104328407489,0.800943585625376,0.82300197181091,-0.0963980723232808,0.0845991242706321,FALSE,FALSE,"156/108/26960/5573/801/111/5568/818/5580/196883/817/112/5577","18573/207565/19088/19084/104111","Calmodulin induced events",-1.8845417086372,1.8845417086372,"opposite direction"
"Reactome","Toll Like Receptor 4 (TLR4) Cascade","R-HSA-166016","R-MMU-166016","Toll Like Receptor 4 (TLR4) Cascade","Toll Like Receptor 4 (TLR4) Cascade",-1.08048671223921,0.798882796236587,0.423251915708812,1,-0.373401067525269,0,FALSE,FALSE,"8651/10010/7096/3684/6285/5598/4064/57162/5608/7323/5602/5604/23118/6197/4205/7334/11035/4792/1147/929/29110/64127/5528/5518/7321/8454/6416/4791/7322/5519/4790/1386/466/1759/5515/5595/9252","54123/24110/20112/67603/13429/26398/117149/16179/216080/11820/14082/26420/21898/434341/80750/26417/107607/223664/26419/14281/26400/110651/102626/26965/12370/16151/56550/66105/26414/26399/101568/71966/16414/78294/270151/192656/11908/11796","Toll Like Receptor 4 (TLR4) Cascade",-1.8793695084758,1.8793695084758,"opposite direction"
"Reactome","Hyaluronan metabolism","R-HSA-2142845","R-MMU-2142845","Hyaluronan metabolism","Hyaluronan metabolism",0.844647948688477,-1.03320328756205,0.809704641350211,0.797788610800948,0.0916733712746323,-0.0981121679529877,FALSE,FALSE,"2990/960/3074/57214","27416/109685/192188/15366/15586/15212/20544/15211","Hyaluronan metabolism",1.87785123625053,1.87785123625053,"opposite direction"
"Reactome","Biosynthesis of the N-glycan precursor (dolichol lipid-linked oligosaccharide, LLO) and transfer to a nascent protein","R-HSA-446193","R-MMU-446193","Biosynthesis of the N-glycan precursor (dolichol lipid-linked oligosaccharide, LLO) and transfer to a nascent protein","Biosynthesis of the N-glycan precursor (dolichol lipid-linked oligosaccharide, LLO) and transfer to a nascent protein",-0.702879595662718,1.17339593279083,0.98139221409889,0.593290135045116,-0.0081573918282048,0.226732872850965,FALSE,FALSE,"5476/54344/144245/30815/6484/6483/3098/2762/5973/51005","54342/66248/13478/24060/20443/56174/102580/381903/20444/54128/20442/57357/320438/22122/208211/69080/66174/331026/20448/12091","Biosynthesis of the N-glycan precursor (dolichol lipid-linked oligosaccharide, LLO) and transfer to a nascent protein",-1.87627552845355,1.87627552845355,"opposite direction"
"Reactome","C-type lectin receptors (CLRs)","R-HSA-5621481","R-MMU-5621481","C-type lectin receptors (CLRs)","C-type lectin receptors (CLRs)",-2.51953417294694,-0.643932292211522,1.17833333333333e-08,1,-7.92873183658675,0,TRUE,FALSE,"84433/5687/23118/5704/9040/5971/7334/801/4792/5532/94025/30835/1147/727897/56667/5690/4583/5568/10213/5719/5685/4772/5684/3265/5580/5718/2534/5058/11047/7321/8454/7979/4791/7322/5694/5717/9039/5689/5701/4790/6714/5686/5709/3710/2033/4775/5691/10768/5530/5707/3708/9252","240354/57296/22190/18607/22034/17096/18035/234779","C-type lectin receptors (CLRs)",-1.87560188073542,1.87560188073542,"shared negative"
"Reactome","GAB1 signalosome","R-HSA-180292","R-MMU-180292","GAB1 signalosome","GAB1 signalosome",1.00595677262607,-0.866287043700458,0.644873665477487,0.94084996636017,0.190525357860815,-0.0264796262825296,FALSE,FALSE,"1956/5829/7039/55824/5781","94212/19303/14388","GAB1 signalosome",1.87224381632653,1.87224381632653,"opposite direction"
"Reactome","CS-GAG biosynthesis","R-HSA-2022870","R-MMU-2022870","CS-GAG biosynthesis","CS-GAG biosynthesis",-0.894720254357108,0.975833660146171,0.773195661243221,0.848096548560945,-0.111710591662903,0.0715547042050218,FALSE,FALSE,"633/1463/55790/54480/55501/1462/51363/50515","12111/234356/77590","CS-GAG biosynthesis",-1.87055391450328,1.87055391450328,"opposite direction"
"Reactome","Glycogen metabolism","R-HSA-8982491","R-MMU-8982491","Glycogen metabolism","Glycogen metabolism",-0.900607525210962,0.969546463489257,0.775898124251083,0.848096548560945,-0.110195298046064,0.0715547042050218,FALSE,FALSE,"5837/801/7360/178/2548/5255/5236","14936/102093/72157/56043/74185/14387/110094/18679","Glycogen metabolism",-1.87015398870022,1.87015398870022,"opposite direction"
"Reactome","RND2 GTPase cycle","R-HSA-9696270","R-MMU-9696270","RND2 GTPase cycle","RND2 GTPase cycle",1.26383965540429,-0.605115101863217,0.284330092638057,1,0.546177173461037,0,FALSE,FALSE,"3895/2802/1969/9928/157285/91544/57216/27316/22852/10970/7037/23592","214345/381293/93840/18221/77480/13836/12389/227937/11858/233877","RND2 GTPase cycle",1.86895475726751,1.86895475726751,"opposite direction"
"Reactome","DNA Double Strand Break Response","R-HSA-5693606","R-MMU-5693606","DNA Double Strand Break Response","DNA Double Strand Break Response",0.839402223229374,-1.02905990018721,0.872891233060725,0.797788610800948,0.0590398683498748,-0.0981121679529877,FALSE,FALSE,"9656/165918/2139/85236/8314/7158/7468/3838/6233/3017/672","93765/20184/14050/240087/22190/22196/22218/22385/14048/12189/59004","DNA Double Strand Break Response",1.86846212341658,1.86846212341658,"opposite direction"
"Reactome","G0 and Early G1","R-HSA-1538133","R-MMU-1538133","G0 and Early G1","G0 and Early G1",0.50809012441411,-1.35786632971073,0.999594149490278,0.416235287707062,0.000176294413859085,-0.380661103829309,FALSE,FALSE,"4605/990/91750","19651/75660/72568/13548/217708/12566/231506/12428","G0 and Early G1",1.86595645412484,1.86595645412484,"opposite direction"
"Reactome","DNA Damage Recognition in GG-NER","R-HSA-5696394","R-MMU-5696394","DNA Damage Recognition in GG-NER","DNA Damage Recognition in GG-NER",-1.02763527311857,0.835001242811911,0.577955182503972,0.970603199728645,-0.238105837610379,0.0129582813061201,FALSE,FALSE,"5887/50813/10445/54891/10987/9978/51138/1642","19358/26893/13194/99375/26572","DNA Damage Recognition in GG-NER",-1.86263651593048,1.86263651593048,"opposite direction"
"Reactome","RHO GTPases Activate NADPH Oxidases","R-HSA-5668599","R-MMU-5668599","RHO GTPases Activate NADPH Oxidases","RHO GTPases Activate NADPH Oxidases",1.15512576466668,-0.704668433818995,0.462016702938302,1,0.33534232344212,0,FALSE,FALSE,"5879/5880/5578/1535","75669/26413/17969/71893","RHO GTPases Activate NADPH Oxidases",1.85979419848567,1.85979419848567,"opposite direction"
"Reactome","TRAF6 mediated induction of NFkB and MAP kinases upon TLR7/8 or 9 activation","R-HSA-975138","R-MMU-975138","TRAF6 mediated induction of NFkB and MAP kinases upon TLR7/8 or 9 activation","TRAF6 mediated induction of NFkB and MAP kinases upon TLR7/8 or 9 activation",-1.14809458115086,0.707600794024542,0.34006734006734,1,-0.46843507553457,0,FALSE,FALSE,"57162/5608/5602/5604/23118/6197/4205/7334/4792/1147/929/64127/5528/5518/8454/6416/4791/5519/4790/1386/466/5515/5595/9252","24110/20112/67603/26398/16179/11820/26420/21898/434341/80750/26417/107607/223664/26419/14281/26400/110651/102626/26965/12370/16151/26414/26399/101568/71966/78294/270151/192656/11908","TRAF6 mediated induction of NFkB and MAP kinases upon TLR7/8 or 9 activation",-1.8556953751754,1.8556953751754,"opposite direction"
"Reactome","Nucleotide Excision Repair","R-HSA-5696398","R-MMU-5696398","Nucleotide Excision Repair","Nucleotide Excision Repair",0.945008508427938,-0.905567040844309,0.743893766473414,0.970603199728645,0.12848908048713,-0.0129582813061201,FALSE,FALSE,"5425/1643/142/7508/6118/2068/9557/6233/10038/2067/6612/2073/54107/283899/6119/5984/57461/5439/5982/5886","69920/69263/252870/72584/59001/66983/18538/56469/170930/69833/319955/209357/69241/50505/28000/107986/13871/19687/66467/69714/12848/22186/68275/14884/56438/93765/17420/71101/67967/22190/22196/231329/19359/235134/22218/227195/67710/19891/27015","Nucleotide Excision Repair",1.85057554927225,1.85057554927225,"opposite direction"
"Reactome","Regulation of FZD by ubiquitination","R-HSA-4641263","R-MMU-4641263","Regulation of FZD by ubiquitination","Regulation of FZD by ubiquitination",0.703987579317765,-1.14295169588294,0.938127701500127,0.667297274056239,0.0277380397851701,-0.17568064926095,FALSE,FALSE,"8323/6233/8322/8325","14366/16974/22186/16973/22190/14367","Regulation of FZD by ubiquitination",1.8469392752007,1.8469392752007,"opposite direction"
"Reactome","FGFR2 alternative splicing","R-HSA-6803529","R-MMU-6803529","FGFR2 alternative splicing","FGFR2 alternative splicing",0.727669703182858,-1.11784038857318,0.925923329067994,0.718770718770719,0.0334249735138135,-0.143409623459728,FALSE,FALSE,"3178/5439/54845/22916/5433/2963/23543","69920/69833/69241/433702/19205/98053/231329/67710","FGFR2 alternative splicing",1.84551009175604,1.84551009175604,"opposite direction"
"Reactome","Negative regulation of MET activity","R-HSA-6807004","R-MMU-6807004","Negative regulation of MET activity","Negative regulation of MET activity",-1.03964330162661,0.804217304339633,0.59227551119443,0.996844603983326,-0.227476223754455,0.00137253766881647,FALSE,FALSE,"30011/6457/3082","15234/58194/13858/16206","Negative regulation of MET activity",-1.84386060596624,1.84386060596624,"opposite direction"
"Reactome","Retinoid metabolism and transport","R-HSA-975634","R-MMU-975634","Retinoid metabolism and transport","Retinoid metabolism and transport",0.795969642824117,-1.04378412690687,0.894926472550642,0.760401156170623,0.0482126449939022,-0.118957231472376,FALSE,FALSE,"375790/9672/2239/10082/4023/3949/51109","55938/20971/16975/17252/14725/11816","Retinoid metabolism and transport",1.83975376973099,1.83975376973099,"opposite direction"
"Reactome","B-WICH complex positively regulates rRNA expression","R-HSA-5250924","R-MMU-5250924","B-WICH complex positively regulates rRNA expression","B-WICH complex positively regulates rRNA expression",-1.08575335118285,0.753454062872709,0.473768928926716,1,-0.324433424909478,0,FALSE,FALSE,"8337/8294/8359/3021/5440/8355/8467/333932/9013/3020/8362/8348/5435/8344/9533/8368/8363/8341/653604/23451/4641/8331/51082/8338/2648/2033/8850","20017/21340/14534/56200/17913/28071/11465","B-WICH complex positively regulates rRNA expression",-1.83920741405556,1.83920741405556,"opposite direction"
"Reactome","Degradation of beta-catenin by the destruction complex","R-HSA-195253","R-MMU-195253","Degradation of beta-catenin by the destruction complex","Degradation of beta-catenin by the destruction complex",-2.39797608914983,-0.560382974624013,4.41069784943712e-07,1,-6.35549269212336,0,TRUE,FALSE,"5687/5704/3065/1487/5690/10213/5528/5719/5685/5684/5518/7088/5718/139285/166/11047/8454/7979/324/5694/5717/6934/5689/5526/5519/5701/9978/5686/5709/5691/5707/5515/1499/5525","21414/22186/360216/23997/56438/212398/57296/22190/21770/26932/21415","Degradation of beta-catenin by the destruction complex",-1.83759311452582,1.83759311452582,"shared negative"
"Reactome","MyD88:MAL(TIRAP) cascade initiated on plasma membrane","R-HSA-166058","R-MMU-166058","MyD88:MAL(TIRAP) cascade initiated on plasma membrane","MyD88:MAL(TIRAP) cascade initiated on plasma membrane",-1.08798754811362,0.748676814714856,0.420252504895794,1,-0.376489689288422,0,FALSE,FALSE,"57162/5608/5602/5604/23118/6197/4205/7334/4792/1147/929/64127/5528/5518/8454/6416/4791/5519/4790/1386/466/5515/5595/9252","24110/20112/67603/26398/117149/16179/11820/26420/434341/80750/26417/107607/223664/26419/14281/26400/110651/102626/26965/12370/16151/26414/26399/101568/71966/78294/270151/192656/11908","MyD88:MAL(TIRAP) cascade initiated on plasma membrane",-1.83666436282848,1.83666436282848,"opposite direction"
"Reactome","Toll Like Receptor TLR6:TLR2 Cascade","R-HSA-168188","R-MMU-168188","Toll Like Receptor TLR6:TLR2 Cascade","Toll Like Receptor TLR6:TLR2 Cascade",-1.08798754811362,0.748676814714856,0.420252504895794,1,-0.376489689288422,0,FALSE,FALSE,"57162/5608/5602/5604/23118/6197/4205/7334/4792/1147/929/64127/5528/5518/8454/6416/4791/5519/4790/1386/466/5515/5595/9252","24110/20112/67603/26398/117149/16179/11820/26420/434341/80750/26417/107607/223664/26419/14281/26400/110651/102626/26965/12370/16151/26414/26399/101568/71966/78294/270151/192656/11908","Toll Like Receptor TLR6:TLR2 Cascade",-1.83666436282848,1.83666436282848,"opposite direction"
"Reactome","Vitamin B5 (pantothenate) metabolism","R-HSA-199220","R-MMU-199220","Vitamin B5 (pantothenate) metabolism","Vitamin B5 (pantothenate) metabolism",-0.985555768166365,0.85101770023816,0.664377490558418,0.944378179445617,-0.177585090085591,0.0248540561717107,FALSE,FALSE,"53354/5168","14104/71743/72621/66812/73132/74450","Vitamin B5 (pantothenate) metabolism",-1.83657346840452,1.83657346840452,"opposite direction"
"Reactome","The canonical retinoid cycle in rods (twilight vision)","R-HSA-2453902","R-MMU-2453902","The canonical retinoid cycle in rods (twilight vision)","The canonical retinoid cycle in rods (twilight vision)",-0.991592741569103,0.843995980728912,0.650627166719193,0.94084996636017,-0.186667806855095,0.0264796262825296,FALSE,FALSE,"5949/5947/10170/8630/4647","20897/241452/17921","The canonical retinoid cycle in rods (twilight vision)",-1.83558872229802,1.83558872229802,"opposite direction"
"Reactome","RHOQ GTPase cycle","R-HSA-9013406","R-MMU-9013406","RHOQ GTPase cycle","RHOQ GTPase cycle",1.08636818497201,-0.747322096642157,0.501455738793925,1,0.299767394140816,0,FALSE,FALSE,"10602/11135/57580/2040/9341/5062/6510/55114/115703/57120/10395/128239/7037/81624/3728/4983/23580/9578","229658/11855/104445/20619/70584/232906/236915/217866/71435/94221/75739/68146/26431/14270/70497/16480/54126/68428/106628/12389/404710/216963/19349/13830","RHOQ GTPase cycle",1.83369028161417,1.83369028161417,"opposite direction"
"Reactome","Metabolism of fat-soluble vitamins","R-HSA-6806667","R-MMU-6806667","Metabolism of fat-soluble vitamins","Metabolism of fat-soluble vitamins",0.889771039228425,-0.9425075599702,0.775898124251083,0.887504356918787,0.110195298046064,-0.0518295062377779,FALSE,FALSE,"375790/9672/2239/154807/10082/4023/3949","55938/20971/16975/17252/14725/11816","Metabolism of fat-soluble vitamins",1.83227859919863,1.83227859919863,"opposite direction"
"Reactome","Antigen Presentation: Folding, assembly and peptide loading of class I MHC","R-HSA-983170","R-MMU-983170","Antigen Presentation: Folding, assembly and peptide loading of class I MHC","Antigen Presentation: Folding, assembly and peptide loading of class I MHC",1.0128783077218,-0.812457964751124,0.634396809571286,0.990442967308237,0.197639009784194,-0.00417052739089949,FALSE,FALSE,"3133/567/3106/6891/22863","77371/14827/14828/12330/12317","Antigen Presentation: Folding, assembly and peptide loading of class I MHC",1.82533627247292,1.82533627247292,"opposite direction"
"Reactome","Dopamine Neurotransmitter Release Cycle","R-HSA-212676","R-MMU-212676","Dopamine Neurotransmitter Release Cycle","Dopamine Neurotransmitter Release Cycle",0.662573744389193,-1.16027019800848,0.954441024751831,0.667058534261522,0.0202509016507638,-0.175836055151817,FALSE,FALSE,"10497/6804/64130/6857/8825/320/8541","22318/22342/12889/76787/22249/20910/19339/20614/22343/319924/20964/68507/20907","Dopamine Neurotransmitter Release Cycle",1.82284394239767,1.82284394239767,"opposite direction"
"Reactome","Protein ubiquitination","R-HSA-8852135","R-MMU-8852135","Protein ubiquitination","Protein ubiquitination",-1.13956008000271,0.68317866483612,0.370899775507493,1,-0.430743429534389,0,FALSE,FALSE,"7323/8348/8344/7334/55829/9646/5195/8341/90268/5830/8078/65264/7321/7317/54926/7322/7320/3093/10670/79139/8239/7415","108089/68441/22225/58186/68024/216080/66799/432940","Protein ubiquitination",-1.82273874483883,1.82273874483883,"opposite direction"
"Reactome","Toll Like Receptor 2 (TLR2) Cascade","R-HSA-181438","R-MMU-181438","Toll Like Receptor 2 (TLR2) Cascade","Toll Like Receptor 2 (TLR2) Cascade",-1.07007386853036,0.748676814714856,0.479832493998303,1,-0.318910345183695,0,FALSE,FALSE,"57162/5608/5602/5604/23118/6197/4205/7334/4792/1147/929/64127/5528/5518/8454/6416/4791/5519/4790/1386/466/5515/5595/9252","24110/20112/67603/26398/117149/16179/11820/26420/434341/80750/26417/107607/223664/26419/14281/26400/110651/102626/26965/12370/16151/26414/26399/101568/71966/78294/270151/192656/11908","Toll Like Receptor 2 (TLR2) Cascade",-1.81875068324522,1.81875068324522,"opposite direction"
"Reactome","Toll Like Receptor TLR1:TLR2 Cascade","R-HSA-168179","R-MMU-168179","Toll Like Receptor TLR1:TLR2 Cascade","Toll Like Receptor TLR1:TLR2 Cascade",-1.07007386853036,0.748676814714856,0.479832493998303,1,-0.318910345183695,0,FALSE,FALSE,"57162/5608/5602/5604/23118/6197/4205/7334/4792/1147/929/64127/5528/5518/8454/6416/4791/5519/4790/1386/466/5515/5595/9252","24110/20112/67603/26398/117149/16179/11820/26420/434341/80750/26417/107607/223664/26419/14281/26400/110651/102626/26965/12370/16151/26414/26399/101568/71966/78294/270151/192656/11908","Toll Like Receptor TLR1:TLR2 Cascade",-1.81875068324522,1.81875068324522,"opposite direction"
"Reactome","Activation of kainate receptors upon glutamate binding","R-HSA-451326","R-MMU-451326","Activation of kainate receptors upon glutamate binding","Activation of kainate receptors upon glutamate binding",-0.685234678800203,1.13051445027486,0.961178648820187,0.668758126385245,-0.0171958849785868,0.17473092762817,FALSE,FALSE,"801/23236/1741/5331/2783/2901","14701/18795/14806/14693/14708/14688/14696/14706/14702/18797/13383","Activation of kainate receptors upon glutamate binding",-1.81574912907506,1.81574912907506,"opposite direction"
"Reactome","BBSome-mediated cargo-targeting to cilium","R-HSA-5620922","R-MMU-5620922","BBSome-mediated cargo-targeting to cilium","BBSome-mediated cargo-targeting to cilium",-0.667361136149621,1.14718942345203,0.966327895420242,0.671655333129584,-0.0148754833063279,0.172853532481953,FALSE,FALSE,"7203/84100/166379/6753/10576/117177/2847/22948/6950/6608","319757/76260/12464/67378/12469/21454/100503572","BBSome-mediated cargo-targeting to cilium",-1.81455055960165,1.81455055960165,"opposite direction"
"Reactome","Formation of the Early Elongation Complex","R-HSA-113418","R-MMU-113418","Formation of the Early Elongation Complex","Formation of the Early Elongation Complex",0.588873959806918,-1.22012881784579,0.989445061486333,0.53840872905742,0.00460831480342762,-0.268887907642292,FALSE,FALSE,"51497/2068/5439/25920/22916/5433/2963","69833/209357/69241/13871/433702/66467/20922/14884/24116/17420/98053/231329/20924/67710/67655","Formation of the Early Elongation Complex",1.80900277765271,1.80900277765271,"opposite direction"
"Reactome","Recruitment and ATM-mediated phosphorylation of repair and signaling proteins at DNA double strand breaks","R-HSA-5693565","R-MMU-5693565","Recruitment and ATM-mediated phosphorylation of repair and signaling proteins at DNA double strand breaks","Recruitment and ATM-mediated phosphorylation of repair and signaling proteins at DNA double strand breaks",0.773467227496153,-1.03185978774659,0.929218882954287,0.790224032586558,0.03188197334498,-0.102249766528761,FALSE,FALSE,"9656/165918/2139/85236/8314/7158/7468/6233/3017/672","93765/20184/14050/240087/22190/22196/22218/22385/14048/12189/59004","Recruitment and ATM-mediated phosphorylation of repair and signaling proteins at DNA double strand breaks",1.80532701524274,1.80532701524274,"opposite direction"
"Reactome","Peptide ligand-binding receptors","R-HSA-375276","R-MMU-375276","Peptide ligand-binding receptors","Peptide ligand-binding receptors",-1.01929260184795,0.784880517315367,0.577955182503972,1,-0.238105837610379,0,FALSE,FALSE,"3792/2833/27202/59350/6869/2357/5173/4283/4142/6753/6376/887/2587/84634/1524/2847/3627/51738/64106/680/3827/6354/2834/6870/6865/4988/3577/6352/10663/5443/9718/57486/51083/9283/9034/301/2829/9002/885/6387/718","12266/12778/20312/16952/20315/11820/20306/75805/11609/21333/20606/20304/13617/13618","Peptide ligand-binding receptors",-1.80417311916332,1.80417311916332,"opposite direction"
"Reactome","RNA Polymerase III Transcription Initiation From Type 2 Promoter","R-HSA-76066","R-MMU-76066","RNA Polymerase III Transcription Initiation From Type 2 Promoter","RNA Polymerase III Transcription Initiation From Type 2 Promoter",1.07311574310149,-0.720946591980397,0.5465584828728,1,0.262363360832241,0,FALSE,FALSE,"112495/27297/9328/661/55814/2975/10622/2972","544971/69833/233863/269252/21374/12909/69870/67486","RNA Polymerase III Transcription Initiation From Type 2 Promoter",1.79406233508189,1.79406233508189,"opposite direction"
"Reactome","DNA Damage/Telomere Stress Induced Senescence","R-HSA-2559586","R-MMU-2559586","DNA Damage/Telomere Stress Induced Senescence","DNA Damage/Telomere Stress Induced Senescence",1.00055027181045,-0.789357027594024,0.638426947225522,1,0.194888790228195,0,FALSE,FALSE,"1026/94239/8091/54386/85236/3017/7013/25913/4001/26277/4683/8334/4361","170644/12566/21749/12428/57321","DNA Damage/Telomere Stress Induced Senescence",1.78990729940447,1.78990729940447,"opposite direction"
"Reactome","GABA receptor activation","R-HSA-977443","R-MMU-977443","GABA receptor activation","GABA receptor activation",-0.669911572160232,1.10922598554975,0.985645685960655,0.684451596929933,-0.00627917459850729,0.164657258895233,FALSE,FALSE,"113/3763/23229/2792/2556/2566/2790/2557/2554/108/3765/2567/111/27020/2771/2773/2783/196883/3759/112","14701/14693/14708/16518/104111/14688/14696/14706/14702","GABA receptor activation",-1.77913755770998,1.77913755770998,"opposite direction"
"Reactome","Metabolism of porphyrins","R-HSA-189445","R-MMU-189445","Metabolism of porphyrins","Metabolism of porphyrins",-0.854425280261424,0.919735834580093,0.818457198105745,0.899799431723216,-0.0870040274463406,0.0458542854531253,FALSE,FALSE,"212/11309/3145/3162/645/2235","17250/17025/28253/22276/15288/12892/19044","Metabolism of porphyrins",-1.77416111484152,1.77416111484152,"opposite direction"
"Reactome","Regulation of TNFR1 signaling","R-HSA-5357905","R-MMU-5357905","Regulation of TNFR1 signaling","Regulation of TNFR1 signaling",-0.904229256120779,0.86797592990341,0.768569697887484,0.948188534374294,-0.114316742301647,0.023105300533706,FALSE,FALSE,"1147/29110/220213/90268/7321/7322/27005/10273/56957","73218/24105/14694/21937/22258/216080/14082/228355/432940/71609/76580/66552/53376/12370/16151/56550/66105","Regulation of TNFR1 signaling",-1.77220518602419,1.77220518602419,"opposite direction"
"Reactome","Endogenous sterols","R-HSA-211976","R-MMU-211976","Endogenous sterols","Endogenous sterols",1.05711291142125,-0.712114374532682,0.579767587274361,1,0.236746068148612,0,FALSE,FALSE,"1545/196/9915/2232/1593/285440","17977/11863","Endogenous sterols",1.76922728595393,1.76922728595393,"opposite direction"
"Reactome","RA biosynthesis pathway","R-HSA-5365859","R-MMU-5365859","RA biosynthesis pathway","RA biosynthesis pathway",0.930991175611379,-0.83036130108021,0.734041057157475,0.970603199728645,0.134279647988212,-0.0129582813061201,FALSE,FALSE,"220/51109/10901/8854/112724/56603/8644","98711/237320/108841/17252","RA biosynthesis pathway",1.76135247669159,1.76135247669159,"opposite direction"
"Reactome","SWI/SNF chromatin remodelers","R-HSA-9932451","R-MMU-9932451","SWI/SNF chromatin remodelers","SWI/SNF chromatin remodelers",-0.646395929765859,1.11335069975164,0.977602569830681,0.674494883232747,-0.00983766546709253,0.171021340569115,FALSE,FALSE,"23506/51412/6604/6599/55193/55274/6601/196528","20587/72057/68094/20586/67155/20588/11465/83797","SWI/SNF chromatin remodelers",-1.7597466295175,1.7597466295175,"opposite direction"
"Reactome","CDC42 GTPase cycle","R-HSA-9013148","R-MMU-9013148","CDC42 GTPase cycle","CDC42 GTPase cycle",1.04165460086321,-0.705392730426281,0.577955182503972,1,0.238105837610379,0,FALSE,FALSE,"10602/10652/64411/3895/397/57522/25894/11135/64857/9411/121512/7074/57580/55619/23526/2040/9341/5062/3930/153478/55114/115703/5924/10395/57480/128239/221178/4650/7037/9639/7410/81624/92799/26084/3728/116985/4296/23268","12389/544817/239027/57257/110279/13605/243362/71972/231532/56418","CDC42 GTPase cycle",1.74704733128949,1.74704733128949,"opposite direction"
"Reactome","SRC activates STAT3 in a quantitative manner, through Cadherin-11 (CDH11), RAC1 and gp130 (IL6ST)","R-HSA-9958810","R-MMU-9958810","SRC activates STAT3 in a quantitative manner, through Cadherin-11 (CDH11), RAC1 and gp130 (IL6ST)","SRC activates STAT3 in a quantitative manner, through Cadherin-11 (CDH11), RAC1 and gp130 (IL6ST)",0.963666022210427,-0.781777229474479,0.709529728541959,0.996844603983326,0.149029403347809,-0.00137253766881647,FALSE,FALSE,"1514/5879/7074/1508/6233/7410/3728","22186/16480/22190/104836/13030","SRC activates STAT3 in a quantitative manner, through Cadherin-11 (CDH11), RAC1 and gp130 (IL6ST)",1.74544325168491,1.74544325168491,"opposite direction"
"Reactome","Metabolism of steroid hormones","R-HSA-196071","R-MMU-196071","Metabolism of steroid hormones","Metabolism of steroid hormones",-0.735256700217845,1.00693415387859,0.948806577543983,0.805184024849045,-0.0228223132492533,0.0941048502621863,FALSE,FALSE,"1585/6716/6770/3284/51144/9256/706/5443/441282/3293/866","56348/76205/12257","Metabolism of steroid hormones",-1.74219085409644,1.74219085409644,"opposite direction"
"Reactome","SUMOylation of transcription factors","R-HSA-3232118","R-MMU-3232118","SUMOylation of transcription factors","SUMOylation of transcription factors",0.670579098987033,-1.06095067989608,0.948806577543983,0.779514903565167,0.0228223132492533,-0.108175577108574,FALSE,FALSE,"7158/6612/4193/7020/51588/7022/7157/668/9112","22196/22218/59004","SUMOylation of transcription factors",1.73152977888311,1.73152977888311,"opposite direction"
"Reactome","Signaling by ERBB2","R-HSA-1227986","R-MMU-1227986","Signaling by ERBB2","Signaling by ERBB2",-0.909885550552798,0.816040898954865,0.775898124251083,0.996844603983326,-0.110195298046064,0.00137253766881647,FALSE,FALSE,"3084/3265/5580/2534/55914/6714/5295/5290/10273","13874/11651/13866/15461/20416/18754/18706/20779/75717/14360/19248/76890/13649/12539/67588","Signaling by ERBB2",-1.72592644950766,1.72592644950766,"opposite direction"
"Reactome","Surfactant metabolism","R-HSA-5683826","R-MMU-5683826","Surfactant metabolism","Surfactant metabolism",0.857940332744685,-0.863875950876326,0.808532916836673,0.9400675024108,0.0923022944842034,-0.0268409603662886,FALSE,FALSE,"29080/7270/10970/1512/51201/136","11540/70546/30937/22130/20388/52713/14465","Surfactant metabolism",1.72181628362101,1.72181628362101,"opposite direction"
"Reactome","Heme degradation","R-HSA-189483","R-MMU-189483","Heme degradation","Heme degradation",-0.75766561354171,0.961769618613636,0.872891233060725,0.860983397190294,-0.0590398683498748,0.0650052232015845,FALSE,FALSE,"9429/3163/11309/3162/645","17250/28253","Heme degradation",-1.71943523215535,1.71943523215535,"opposite direction"
"Reactome","Oncogene Induced Senescence","R-HSA-2559585","R-MMU-2559585","Oncogene Induced Senescence","Oncogene Induced Senescence",-0.850200243010683,0.866222022387728,0.80906135898121,0.938049969069171,-0.0920185403698712,0.0277740265324574,FALSE,FALSE,"26523/23112/5595","22059/12567","Oncogene Induced Senescence",-1.71642226539841,1.71642226539841,"opposite direction"
"Reactome","Acyl chain remodelling of PI","R-HSA-1482922","R-MMU-1482922","Acyl chain remodelling of PI","Acyl chain remodelling of PI",-0.876613508292546,0.829327083724703,0.775898124251083,0.948660469000681,-0.110195298046064,0.0228891962387165,FALSE,FALSE,"283748/123745/11145/5321","18779/66350/18783","Acyl chain remodelling of PI",-1.70594059201725,1.70594059201725,"opposite direction"
"Reactome","Synthesis of substrates in N-glycan biosythesis","R-HSA-446219","R-MMU-446219","Synthesis of substrates in N-glycan biosythesis","Synthesis of substrates in N-glycan biosythesis",-0.799564280644045,0.906351828416405,0.935270644856682,0.938049969069171,-0.0290626965503612,0.0277740265324574,FALSE,FALSE,"4597/129807/6487/55808/84620/51046/54187/197258/29880/29926/5372/5476/54344/30815/6484/6483/3098/2762/5973/51005","54342/66248/24060/20443/56174/20444/54128/20442/57357/22122/69080/66174/331026/20448/12091","Synthesis of substrates in N-glycan biosythesis",-1.70591610906045,1.70591610906045,"opposite direction"
"Reactome","Death Receptor Signaling","R-HSA-73887","R-MMU-73887","Death Receptor Signaling","Death Receptor Signaling",0.857705988977466,-0.837273504790944,0.886673579222831,1,0.0522362322916453,0,FALSE,FALSE,"8795/8793/3654/64857/5879/7132/121512/7074/4615/835/57580/8567/55701/56928/6233/5924/81858/26574/55072/9639/7410/83464/9530/10133/355/26084/8837/84888/23370/8737/23421/572/57449/9181/389337/8767/84894/65078/50649/84904","58994/71198/223435/67384/52440/54126/71704/22195/75547/22030/21933/56480/12125/230098/12367/102098/22190/12070/22034/57257/13605/14102/71648/18049/22627/18035/21929/229603","Death Receptor Signaling",1.69497949376841,1.69497949376841,"opposite direction"
"Reactome","Synthesis of PA","R-HSA-1483166","R-MMU-1483166","Synthesis of PA","Synthesis of PA",0.821271496127361,-0.868578941390447,0.853651303386305,0.946771081602542,0.0687194922386495,-0.0237550157326503,FALSE,FALSE,"22925/79888/81579/10555/374986/137964/55326","52123/114874/211429/14555/14732/102247/55979/14571/99010","Synthesis of PA",1.68985043751781,1.68985043751781,"opposite direction"
"Reactome","Blood group systems biosynthesis","R-HSA-9033658","R-MMU-9033658","Blood group systems biosynthesis","Blood group systems biosynthesis",-0.68654283648688,0.995850682530741,0.938846120263112,0.843833679946717,-0.0274055840885815,0.0737431446058302,FALSE,FALSE,"30815/6484","20443/14345/54218/26877/14343/54613","Blood group systems biosynthesis",-1.68239351901762,1.68239351901762,"opposite direction"
"Reactome","Inhibition of DNA recombination at telomere","R-HSA-9670095","R-MMU-9670095","Inhibition of DNA recombination at telomere","Inhibition of DNA recombination at telomere",0.735283414875242,-0.935133585228977,0.947716821484411,0.904140502354788,0.023321410803887,-0.0437640754361826,FALSE,FALSE,"94239/54386/85236/3017/7013/25913/26277/5439/8334","21749/57321","Inhibition of DNA recombination at telomere",1.67041700010422,1.67041700010422,"opposite direction"
"Reactome","E3 ubiquitin ligases ubiquitinate target proteins","R-HSA-8866654","R-MMU-8866654","E3 ubiquitin ligases ubiquitinate target proteins","E3 ubiquitin ligases ubiquitinate target proteins",-0.934676804196674,0.727899281984281,0.733495636632395,1,-0.134602465313691,0,FALSE,FALSE,"7323/8348/8344/7334/55829/9646/5195/8341/5830/7321/7322/7320/10670/79139/7415","108089/68441/58186/68024/216080","E3 ubiquitin ligases ubiquitinate target proteins",-1.66257608618095,1.66257608618095,"opposite direction"
"Reactome","Neurotransmitter release cycle","R-HSA-112310","R-MMU-112310","Neurotransmitter release cycle","Neurotransmitter release cycle",-0.858936482550097,0.802492152852518,0.832813647639241,0.996844603983326,-0.0794521664876159,0.00137253766881647,FALSE,FALSE,"6582/6506/6507/6853/8499/140679/8573/10815/6511/8497/6844/9256/55327/1103/6539/5864/27163/6812/4128","20512/12361","Neurotransmitter release cycle",-1.66142863540261,1.66142863540261,"opposite direction"
"Reactome","CD28 dependent PI3K/Akt signaling","R-HSA-389357","R-MMU-389357","CD28 dependent PI3K/Akt signaling","CD28 dependent PI3K/Akt signaling",-0.751058325567712,0.893648378248192,0.929218882954287,0.938049969069171,-0.03188197334498,0.0277740265324574,FALSE,FALSE,"2534/253260/5295/5290","11651/75778/56716/18706/227743/18709/16818/56717/14360","CD28 dependent PI3K/Akt signaling",-1.6447067038159,1.6447067038159,"opposite direction"
"Reactome","RNA Polymerase III Transcription Initiation From Type 3 Promoter","R-HSA-76071","R-MMU-76071","RNA Polymerase III Transcription Initiation From Type 3 Promoter","RNA Polymerase III Transcription Initiation From Type 3 Promoter",0.946719630385862,-0.696894743246073,0.71012921424783,1,0.148662620394992,0,FALSE,FALSE,"27297/6617/10302/661/55814/6618/10622/6619/5441","544971/69833/21374/75627/12909/227644/69870/67486","RNA Polymerase III Transcription Initiation From Type 3 Promoter",1.64361437363194,1.64361437363194,"opposite direction"
"Reactome","Endosomal Sorting Complex Required For Transport (ESCRT)","R-HSA-917729","R-MMU-917729","Endosomal Sorting Complex Required For Transport (ESCRT)","Endosomal Sorting Complex Required For Transport (ESCRT)",0.686212045633022,-0.941603466301184,0.959278673593228,0.885259640413209,0.0180552105323547,-0.052929335108724,FALSE,FALSE,"51652/27183/6233/79720","20844/22186/66371/68942/56324/67123/22190/330192/107305","Endosomal Sorting Complex Required For Transport (ESCRT)",1.62781551193421,1.62781551193421,"opposite direction"
"Reactome","RND1 GTPase cycle","R-HSA-9696273","R-MMU-9696273","RND1 GTPase cycle","RND1 GTPase cycle",0.931238487925381,-0.693202906193899,0.733495636632395,1,0.134602465313691,0,FALSE,FALSE,"1832/1969/9928/91544/57216/27316/22852/7037/23592/94240","223881/218581/107971/229658/226525/11855/232906/53382/327826/14786/269608/381293/93840/12874/77480/13836/12389/227937/20867","RND1 GTPase cycle",1.62444139411928,1.62444139411928,"opposite direction"
"Reactome","TNF signaling","R-HSA-75893","R-MMU-75893","TNF signaling","TNF signaling",-0.877389730014563,0.745087200716125,0.840413407470235,1,-0.0755070277274221,0,FALSE,FALSE,"7323/23118/1147/29110/6868/220213/90268/7321/7322/27005/10273/56957","73218/24105/14694/21937/22258/216080/14082/228355/432940/71609/76580/66552/53376/12370/16151/56550/66105/18201/12633/78294/263876/11796/11798","TNF signaling",-1.62247693073069,1.62247693073069,"opposite direction"
"Reactome","activated TAK1 mediates p38 MAPK activation","R-HSA-450302","R-MMU-450302","activated TAK1 mediates p38 MAPK activation","activated TAK1 mediates p38 MAPK activation",0.952646178607099,-0.647942001271231,0.719542483660131,1,0.142943559094332,0,FALSE,FALSE,"3654/6233/10392","22186/93765/22190/22034","activated TAK1 mediates p38 MAPK activation",1.60058817987833,1.60058817987833,"opposite direction"
"Reactome","Downstream TCR signaling","R-HSA-202424","R-MMU-202424","Downstream TCR signaling","Downstream TCR signaling",-2.32140658949,-0.721718206057888,2.77220341014552e-06,1,-5.55717490657729,0,TRUE,FALSE,"84433/5687/23118/5704/7334/5291/4792/1147/5690/10213/5719/5685/5684/5718/11047/7321/8454/7979/7322/5694/5717/5689/5701/4790/5295/5686/5709/5290/3127/5691/5707/5728","240354/57296/22190/18607/22034/18035/74769","Downstream TCR signaling",-1.59968838343211,1.59968838343211,"shared negative"
"Reactome","Amine ligand-binding receptors","R-HSA-375280","R-MMU-375280","Amine ligand-binding receptors","Amine ligand-binding receptors",0.934156268720505,-0.662061595708074,0.733495636632395,1,0.134602465313691,0,FALSE,FALSE,"3269/154/1129/3363/3352","12672","Amine ligand-binding receptors",1.59621786442858,1.59621786442858,"opposite direction"
"Reactome","Activation of NF-kappaB in B cells","R-HSA-1169091","R-MMU-1169091","Activation of NF-kappaB in B cells","Activation of NF-kappaB in B cells",-2.08592448181291,-0.504799999743135,0.000323883336868328,1,-3.48961139497312,0,TRUE,FALSE,"5579/4794/5702/5692/84433/5687/5704/4792/1147/5690/10213/5719/5685/5684/5718/11047/8454/7979/5694/5717/5689/5701/4790/5686/5709/5691/5707","22186/23997/18037/240354/57296/22190/18035","Activation of NF-kappaB in B cells",-1.58112448206977,1.58112448206977,"shared negative"
"Reactome","ATP-dependent chromatin remodelers","R-HSA-9932444","R-MMU-9932444","ATP-dependent chromatin remodelers","ATP-dependent chromatin remodelers",-0.919906394322548,0.647197661447441,0.823451713233476,1,-0.0843618625429128,0,FALSE,FALSE,"333932/7329/6604/3020/10285/8362/6599/6749/10992/8348/57592/57459/8344/23394/9219/8368/3065/8363/9646/55193/10320/1107/8341/1108/1665/653604/8099/23613/23451/55274/22827/4780/8331/6938/8338/10263/6601/5931/8932/2033/1499/6925/196528","20587/11819/72057/15270/68024/68094/52004/78266/17192/20586/67155","ATP-dependent chromatin remodelers",-1.56710405576999,1.56710405576999,"opposite direction"
"Reactome","G alpha (z) signalling events","R-HSA-418597","R-MMU-418597","G alpha (z) signalling events","G alpha (z) signalling events",-0.854167889859004,0.706702618146207,0.86938622754491,1,-0.0607872440032727,0,FALSE,FALSE,"2771/2773/5580/2783/196883/26575/6004/150/112","14701/14693/14708/104111/14688/14696/14706","G alpha (z) signalling events",-1.56087050800521,1.56087050800521,"opposite direction"
"Reactome","Signaling by EGFR","R-HSA-177929","R-MMU-177929","Signaling by EGFR","Signaling by EGFR",-0.806967675989998,0.75356703437874,0.897805487823698,1,-0.0468177443072044,0,FALSE,FALSE,"102/3265/6868/30011/6457/6714/5295/5290/14","13874/58194/13858/15461/16206/20416/18706/20779/12540/24064/11839/19248/18803/24063/13649","Signaling by EGFR",-1.56053471036874,1.56053471036874,"opposite direction"
"Reactome","Nucleotide-binding domain, leucine rich repeat containing receptor (NLR) signaling pathways","R-HSA-168643","R-MMU-168643","Nucleotide-binding domain, leucine rich repeat containing receptor (NLR) signaling pathways","Nucleotide-binding domain, leucine rich repeat containing receptor (NLR) signaling pathways",0.900233865628642,-0.652097242862467,0.780165860109759,1,0.107813058241541,0,FALSE,FALSE,"3654/837/22861/835/24145/6233/10392/6300/7295/598","216799/74256/22186/29857/93765/56338/22190/22034/21929","Nucleotide-binding domain, leucine rich repeat containing receptor (NLR) signaling pathways",1.55233110849111,1.55233110849111,"opposite direction"
"Reactome","NRAGE signals death through JNK","R-HSA-193648","R-MMU-193648","NRAGE signals death through JNK","NRAGE signals death through JNK",-0.951156574022671,0.589074961936554,0.725487001865033,1,-0.139370364161959,0,FALSE,FALSE,"89846/29/128272/9500/9828/50650/7984/55160/26230/10451/8997","213498/101497/16800/16801/26419/22325/54324/52666/14163/207212/14674/442801/24001/109934","NRAGE signals death through JNK",-1.54023153595922,1.54023153595922,"opposite direction"
"Reactome","FBXL7 down-regulates AURKA during mitotic entry and in early mitosis","R-HSA-8854050","R-MMU-8854050","FBXL7 down-regulates AURKA during mitotic entry and in early mitosis","FBXL7 down-regulates AURKA during mitotic entry and in early mitosis",-2.07196598507905,-0.554249027277272,0.00097879169478998,1,-3.00930972436539,0,TRUE,FALSE,"5690/10213/5719/5685/5684/5718/11047/8454/7979/5694/5717/5689/5701/9978/5686/5709/5691/5707","22186/23997/56438/57296/22190/20878","FBXL7 down-regulates AURKA during mitotic entry and in early mitosis",-1.51771695780178,1.51771695780178,"shared negative"
"Reactome","TNFR1-induced NF-kappa-B signaling pathway","R-HSA-5357956","R-MMU-5357956","TNFR1-induced NF-kappa-B signaling pathway","TNFR1-induced NF-kappa-B signaling pathway",0.705058923627094,-0.803321250897297,0.948806577543983,0.996844603983326,0.0228223132492533,-0.00137253766881647,FALSE,FALSE,"7132/6233/81858/55072/10133/8737","22186/71198/22030/22190/71648/21929/229603","TNFR1-induced NF-kappa-B signaling pathway",1.50838017452439,1.50838017452439,"opposite direction"
"Reactome","Transcriptional regulation by RUNX2","R-HSA-8878166","R-MMU-8878166","Transcriptional regulation by RUNX2","Transcriptional regulation by RUNX2",-2.12700660190046,-0.631045678065759,4.20771798340733e-06,1,-5.3759533758777,0,TRUE,FALSE,"9464/11059/579/5690/865/10213/3958/4094/5719/5685/5684/581/860/5718/4089/8841/3549/11047/8454/7979/4086/5694/5717/5689/5701/2099/9978/6714/9759/5686/5709/10273/5691/650/5707/117581/7291/5595/4322","20682/22186/23997/17125/56438/56275/57296/22190/53892/268697/12534","Transcriptional regulation by RUNX2",-1.4959609238347,1.4959609238347,"shared negative"
"Reactome","Signaling by Hippo","R-HSA-2028269","R-MMU-2028269","Signaling by Hippo","Signaling by Hippo",0.630010954164997,-0.854780636790379,0.966327895420242,0.944378179445617,0.0148754833063279,-0.0248540561717107,FALSE,FALSE,"9414/55233/7529/261734/6789/51421/154810","58231/12367/22627/21873","Signaling by Hippo",1.48479159095538,1.48479159095538,"opposite direction"
"Reactome","Recognition of DNA damage by PCNA-containing replication complex","R-HSA-110314","R-MMU-110314","Recognition of DNA damage by PCNA-containing replication complex","Recognition of DNA damage by PCNA-containing replication complex",0.859647148988752,-0.62459421699693,0.809665597801191,1,0.0916943132402022,0,FALSE,FALSE,"5425/6118/6233/54107/6119/5984/5982/5426/56852","19687/22186/68275/56438/67967/22190/76843/19891","Recognition of DNA damage by PCNA-containing replication complex",1.48424136598568,1.48424136598568,"opposite direction"
"Reactome","PD-L1(CD274) glycosylation and translocation to plasma membrane","R-HSA-9931295","R-MMU-9931295","PD-L1(CD274) glycosylation and translocation to plasma membrane","PD-L1(CD274) glycosylation and translocation to plasma membrane",-0.886039682438698,0.589715969727549,0.775898124251083,1,-0.110195298046064,0,FALSE,FALSE,"100128731/5133/1650/201595/3716/3703/746","66357/80286/60533/76580/72297/13200/78294","PD-L1(CD274) glycosylation and translocation to plasma membrane",-1.47575565216625,1.47575565216625,"opposite direction"
"Reactome","Aspirin ADME","R-HSA-9749641","R-MMU-9749641","Aspirin ADME","Aspirin ADME",0.929957426449754,-0.537452440783157,0.743966376359461,1,0.128446691996493,0,FALSE,FALSE,"8824/682","56448/394432/12215/11657/72303/20501","Aspirin ADME",1.46740986723291,1.46740986723291,"opposite direction"
"Reactome","FCERI mediated NF-kB activation","R-HSA-2871837","R-MMU-2871837","FCERI mediated NF-kB activation","FCERI mediated NF-kB activation",-2.23235042847839,-0.771516650849336,2.8114878775951e-05,1,-4.55106378471546,0,TRUE,FALSE,"84433/5687/23118/5704/7334/115727/4792/1147/5690/10213/5719/5685/5684/5718/11047/7321/8454/7979/7322/5694/5717/5689/5701/4790/5686/5709/5691/5707","240354/57296/22190/18607/22034/17096/18035","FCERI mediated NF-kB activation",-1.46083377762905,1.46083377762905,"shared negative"
"Reactome","Resolution of Abasic Sites (AP sites)","R-HSA-73933","R-MMU-73933","Resolution of Abasic Sites (AP sites)","Resolution of Abasic Sites (AP sites)",2.05764223123395,0.597202028177753,0.000366258226749853,1,3.43621261157452,0,TRUE,FALSE,"328/5425/142/7374/4350/11284/6118/8930/2237/10038/79661/54107/4595/6119/5984/5982/252969/6996/5426/7515","11792/19718/18294/16881/66979/71726/268395/69745/68240/18207/18974/106344/18972","Resolution of Abasic Sites (AP sites)",1.4604402030562,1.4604402030562,"shared positive"
"Reactome","TP53 regulates transcription of additional cell cycle genes whose exact role in the p53 pathway remain uncertain","R-HSA-6804115","R-MMU-6804115","TP53 regulates transcription of additional cell cycle genes whose exact role in the p53 pathway remain uncertain","TP53 regulates transcription of additional cell cycle genes whose exact role in the p53 pathway remain uncertain",-0.855140774575058,0.599433463521037,0.803556803556803,1,-0.0949834174702607,0,FALSE,FALSE,"9337/25904/23019/246175/57472","18148/12227/78893/228140/104625/72068","TP53 regulates transcription of additional cell cycle genes whose exact role in the p53 pathway remain uncertain",-1.4545742380961,1.4545742380961,"opposite direction"
"Reactome","Synthesis, secretion, and deacylation of Ghrelin","R-HSA-422085","R-MMU-422085","Synthesis, secretion, and deacylation of Ghrelin","Synthesis, secretion, and deacylation of Ghrelin",0.628568063833727,-0.825485960296228,0.952112031229643,0.969426374926079,0.0213119469073016,-0.0134851687178235,FALSE,FALSE,"60559/5122/43/590/23478","66624/56529/66286","Synthesis, secretion, and deacylation of Ghrelin",1.45405402412996,1.45405402412996,"opposite direction"
"Reactome","PRC2 methylates histones and DNA","R-HSA-212300","R-MMU-212300","PRC2 methylates histones and DNA","PRC2 methylates histones and DNA",-0.927607455398709,0.487223257827059,0.782957095326524,1,-0.106262035864744,0,FALSE,FALSE,"8337/8294/5928/8359/3021/8355/8726/333932/3020/8362/8348/8344/2145/8368/8363/5252/8341/653604/8331/8338/5931/121536/23512","15270/68024/14055/232440/665433/245688/319171/319166/74016/319187/52615/69386/21652/319159/319169","PRC2 methylates histones and DNA",-1.41483071322577,1.41483071322577,"opposite direction"
"Reactome","Condensation of Prophase Chromosomes","R-HSA-2299718","R-MMU-2299718","Condensation of Prophase Chromosomes","Condensation of Prophase Chromosomes",0.808678125539383,-0.59814850612123,0.894576509948935,1,0.048382509844889,0,FALSE,FALSE,"94239/23310/79648/6418/85236/54892/3017","76044/52683/14211/268697/12534","Condensation of Prophase Chromosomes",1.40682663166061,1.40682663166061,"opposite direction"
"Reactome","RNA Polymerase I Transcription Termination","R-HSA-73863","R-MMU-73863","RNA Polymerase I Transcription Termination","RNA Polymerase I Transcription Termination",0.690726931430724,-0.709731770710096,0.948806577543983,1,0.0228223132492533,0,FALSE,FALSE,"221830/79101/2068/7270/10849/9015/84172/64425/5441","19285/69833/209357/21374/75316/13871/66136/22130/66467/14884/17420","RNA Polymerase I Transcription Termination",1.40045870214082,1.40045870214082,"opposite direction"
"Reactome","Complex IV assembly","R-HSA-9864848","R-MMU-9864848","Complex IV assembly","Complex IV assembly",2.06489486088246,0.665361701490962,0.000245040004907096,1,3.61076300750444,0,TRUE,FALSE,"4514/4513/4512/55744/1349/1345/25994/90639/1347/6341/1337/29090/51204/1353","52469/12862/67388/231430/67899/20930/210582/20463/66272/67044/66343/226139/66142","Complex IV assembly",1.3995331593915,1.3995331593915,"shared positive"
"Reactome","Mitochondrial translation termination","R-HSA-5419276","R-MMU-5419276","Mitochondrial translation termination","Mitochondrial translation termination",2.51047513015814,1.11127021970856,1.17833333333333e-08,0.667297274056239,7.92873183658675,0.17568064926095,TRUE,FALSE,"4514/4513/4538/4508/4512/4539/4535/4519/4540/5018/11222/64969/7818/4537/23107/55173/90480/60488/51253/55037/64975/128308/51318/9553/4536/740/65003/64963/6150/65080/54998/64983/79590/26284/57129/4509/26589/10573/6182/51021/78988/51264/54516/64968/51263/64979","27397/69089/68537/67707/66047/68836/66407/69956/67840/27398/64659/67871/121022/65111/56282/211253/107732/94062/66242/67212/118451/67270/353242/69163/66230/19935/66448/27395/50529/18100/66258/56284/94066","Mitochondrial translation termination",1.39920491044958,1.39920491044958,"shared positive"
"Reactome","TAK1-dependent IKK and NF-kappa-B activation","R-HSA-445989","R-MMU-445989","TAK1-dependent IKK and NF-kappa-B activation","TAK1-dependent IKK and NF-kappa-B activation",0.626837640356329,-0.765275112362372,0.984046940903644,1,0.00698418440484669,0,FALSE,FALSE,"3654/6233/10392/177/121457/8767/28511/11274/7157/84166/92610","22030/93765/22190/11596/22034/18035/211550","TAK1-dependent IKK and NF-kappa-B activation",1.3921127527187,1.3921127527187,"opposite direction"
"Reactome","TNFR1-induced proapoptotic signaling","R-HSA-5357786","R-MMU-5357786","TNFR1-induced proapoptotic signaling","TNFR1-induced proapoptotic signaling",-0.698301585987383,0.686131647108305,0.948806577543983,1,-0.0228223132492533,0,FALSE,FALSE,"29110/220213/27005/56957","24105/21937/22258/14082/71609/76580","TNFR1-induced proapoptotic signaling",-1.38443323309569,1.38443323309569,"opposite direction"
"Reactome","Degradation of GLI1 by the proteasome","R-HSA-5610780","R-MMU-5610780","Degradation of GLI1 by the proteasome","Degradation of GLI1 by the proteasome",-2.1553126883116,-0.776617884135979,0.000263645588023694,1,-3.57897949197142,0,TRUE,FALSE,"5690/5568/10213/5719/5685/5684/5718/51684/11047/8454/7979/5694/5717/5689/5701/9978/5686/5709/5691/5707","24069/22186/23997/56438/57296/22190/18222/14632","Degradation of GLI1 by the proteasome",-1.37869480417562,1.37869480417562,"shared negative"
"Reactome","Fc epsilon receptor (FCERI) signaling","R-HSA-2454202","R-MMU-2454202","Fc epsilon receptor (FCERI) signaling","Fc epsilon receptor (FCERI) signaling",-2.33402973535414,-0.965022228848147,7.8295736452601e-08,0.861040068201194,-7.10626188654388,-0.0649766383328864,TRUE,FALSE,"84433/5602/5687/23118/5704/7334/801/115727/5291/4792/5532/1147/5690/10213/5719/5685/4772/5684/3265/5718/2534/5058/11047/7321/8454/6416/7979/7322/5694/5717/5689/5701/4790/5295/5686/5709/3710/5290/4775/5691/10768/5530/5707/10451/5595/3708","240354/57296/22190/18607/22034/57257/56743/17096/18035/74769/16476/234779","Fc epsilon receptor (FCERI) signaling",-1.36900750650599,1.36900750650599,"shared negative"
"Reactome","Signaling by the B Cell Receptor (BCR)","R-HSA-983705","R-MMU-983705","Signaling by the B Cell Receptor (BCR)","Signaling by the B Cell Receptor (BCR)",-2.15323751572823,-0.79439622003548,2.08091678238291e-05,1,-4.6817452872437,0,TRUE,FALSE,"84433/5687/5704/801/4792/5532/1147/4690/5690/10213/27071/5719/5685/4772/5684/3265/5718/2534/30011/11047/8454/29760/7979/5694/5717/5777/5689/5701/4790/5295/5686/5709/3710/4775/5691/10768/5530/5707/3708","16440/22063/240354/20866/57296/22190/17096/18035/234779","Signaling by the B Cell Receptor (BCR)",-1.35884129569275,1.35884129569275,"shared negative"
"Reactome","Mitochondrial translation","R-HSA-5368287","R-MMU-5368287","Mitochondrial translation","Mitochondrial translation",2.46989602636135,1.13499337006751,1.17833333333333e-08,0.644991950724435,7.92873183658675,0.190445705175235,TRUE,FALSE,"4514/4513/4538/4508/4512/4539/4535/4519/4540/5018/11222/64969/7818/4537/23107/55173/90480/60488/51253/55037/64975/128308/51318/9553/4536/740/65003/64963/6150/65080/54998/64983/79590/26284/57129/4509/7284/26589/91574/10573/6182/51021/219402/78988/51264/54516/64968/51263/64979","27397/69089/68537/67707/66047/68836/66407/69956/67840/27398/64659/67871/121022/65111/56282/70316/211253/107732/94062/66242/67212/118451/239555/67270/353242/69163/66230/19935/66448/27395/50529/18100/66258/56284/94066","Mitochondrial translation",1.33490265629384,1.33490265629384,"shared positive"
"Reactome","Inactivation, recovery and regulation of the phototransduction cascade","R-HSA-2514859","R-MMU-2514859","Inactivation, recovery and regulation of the phototransduction cascade","Inactivation, recovery and regulation of the phototransduction cascade",-0.744223637233397,0.588820405431638,0.941752958224969,1,-0.0260630069210713,0,FALSE,FALSE,"2792/2779/2978/23173/6295/1258/6011/10988/3000/801/4836","14272/110606/12313/237178/18107/75624/19739/20215/14772/243923/73582/14697/18588/56307/107477/212541/18108","Inactivation, recovery and regulation of the phototransduction cascade",-1.33304404266504,1.33304404266504,"opposite direction"
"Reactome","Glycosphingolipid biosynthesis","R-HSA-9840309","R-MMU-9840309","Glycosphingolipid biosynthesis","Glycosphingolipid biosynthesis",0.638630707097856,-0.672239125121741,0.956421948624411,1,0.0193504659553731,0,FALSE,FALSE,"64781/9334/84002/7368/8869/9331","22234/108105/56336/50935/56386/53897/20454","Glycosphingolipid biosynthesis",1.3108698322196,1.3108698322196,"opposite direction"
"Reactome","Resolution of AP sites via the multiple-nucleotide patch replacement pathway","R-HSA-110373","R-MMU-110373","Resolution of AP sites via the multiple-nucleotide patch replacement pathway","Resolution of AP sites via the multiple-nucleotide patch replacement pathway",1.79659501586435,0.529558601962495,0.0108726439884175,1,1.9636648321831,0,TRUE,FALSE,"328/5425/142/6118/2237/10038/54107/6119/5984/5982","11792/19718/16881/66979/69745/68240/18974/106344/18972","Resolution of AP sites via the multiple-nucleotide patch replacement pathway",1.26703641390186,1.26703641390186,"shared positive"
"Reactome","Effects of PIP2 hydrolysis","R-HSA-114508","R-MMU-114508","Effects of PIP2 hydrolysis","Effects of PIP2 hydrolysis",0.773824302844931,-0.483501786744521,0.90331045774136,1,0.0441629618553945,0,FALSE,FALSE,"11343/8525/221955/3709/5583/1609/5588/7222/160851","66082/110524/13139/16438/16440/56077","Effects of PIP2 hydrolysis",1.25732608958945,1.25732608958945,"opposite direction"
"Reactome","Receptor-type tyrosine-protein phosphatases","R-HSA-388844","R-MMU-388844","Receptor-type tyrosine-protein phosphatases","Receptor-type tyrosine-protein phosphatases",0.647289261804625,-0.608243765431209,0.952112031229643,1,0.0213119469073016,0,FALSE,FALSE,"5792/5789/3556/4916/8541/94030","68507","Receptor-type tyrosine-protein phosphatases",1.25553302723583,1.25553302723583,"opposite direction"
"Reactome","CD209 (DC-SIGN) signaling","R-HSA-5621575","R-MMU-5621575","CD209 (DC-SIGN) signaling","CD209 (DC-SIGN) signaling",-1.72921584586781,-0.495867672838987,0.0614174190554739,1,-1.21170843786881,0,FALSE,FALSE,"5971/30835/5568/3265/2534/5058/4790/2033/9252","18749/328572/18747/17096","CD209 (DC-SIGN) signaling",-1.23334817302882,1.23334817302882,"shared negative"
"Reactome","APC:Cdc20 mediated degradation of cell cycle proteins prior to satisfation of the cell cycle checkpoint","R-HSA-179419","R-MMU-179419","APC:Cdc20 mediated degradation of cell cycle proteins prior to satisfation of the cell cycle checkpoint","APC:Cdc20 mediated degradation of cell cycle proteins prior to satisfation of the cell cycle checkpoint",-1.93914394217033,-0.709463345694282,0.00172085586837186,1,-2.76425550282297,0,TRUE,FALSE,"5690/10213/5719/5685/5684/10393/5718/8881/51433/11047/64682/7321/29882/7979/5694/5717/5689/5701/5686/5709/5691/29945/5707","107995/12237/57296/22190/12534/12428/18005/12236","APC:Cdc20 mediated degradation of cell cycle proteins prior to satisfation of the cell cycle checkpoint",-1.22968059647605,1.22968059647605,"shared negative"
"Reactome","PTEN Regulation","R-HSA-6807070","R-MMU-6807070","PTEN Regulation","PTEN Regulation",-2.14249689762354,-0.927225849535898,9.99423515907487e-07,0.938049969069171,-6.00025043605342,-0.0277740265324574,TRUE,FALSE,"8649/84232/5687/5704/57459/80243/9219/3065/6045/5690/10213/1107/1460/5719/5685/5684/1108/5718/27327/2444/8841/11047/11060/7979/5694/5717/28956/5689/5701/1386/5931/10014/26523/10670/5686/5709/64121/10273/55004/5691/27161/23512/5707/23112/6615/80351/5728/5595/4734","216848/22186/72607/23997/234366/21951/19821/13001/14056/14013/57296/107932/22190/54170/241915/229542/73162/56692/52187","PTEN Regulation",-1.21527104808764,1.21527104808764,"shared negative"
"Reactome","Beta-catenin phosphorylation cascade","R-HSA-196299","R-MMU-196299","Beta-catenin phosphorylation cascade","Beta-catenin phosphorylation cascade",-2.00514287885668,-0.840128922720372,0.00284177627085362,0.961174124392372,-2.54641011647133,-0.0171979292797798,TRUE,FALSE,"5528/5518/139285/324/5526/5519/5515/1499/5525","212398/21770/26932","Beta-catenin phosphorylation cascade",-1.16501395613631,1.16501395613631,"shared negative"
"Reactome","Complex I biogenesis","R-HSA-6799198","R-MMU-6799198","Complex I biogenesis","Complex I biogenesis",1.94423863347117,0.780768840426268,0.000390111983388541,1,3.40881070890486,0,TRUE,FALSE,"4538/4535/4540/5018/55744/4698/55101/4710/51300/4537/4694/57226/4725/4711/4536/284184/126328/55863/90871/4717/4709/4731/28976/4726/119559/4704/4707/51079/25915/137682/4716/51295/4718/29078/4696","67273/66218/66459/225887/72900/67130/66416/70316/75406/108755/76826/68349/229211/68194/66706/66377/66091/17991/17995/100900/208501/76916/67184/68342","Complex I biogenesis",1.1634697930449,1.1634697930449,"shared positive"
"Reactome","SHC-mediated cascade:FGFR1","R-HSA-5654688","R-MMU-5654688","SHC-mediated cascade:FGFR1","SHC-mediated cascade:FGFR1",-0.60737352870894,0.550579136506537,0.967383572875208,1,-0.0144012916325163,0,FALSE,FALSE,"2249/3265/2255/2260","15461/20416/14173","SHC-mediated cascade:FGFR1",-1.15795266521548,1.15795266521548,"opposite direction"
"Reactome","Phospholipase C-mediated cascade; FGFR4","R-HSA-5654228","R-MMU-5654228","Phospholipase C-mediated cascade; FGFR4","Phospholipase C-mediated cascade; FGFR4",0.52185360718995,-0.619168384869943,0.991032961596339,1,0.00391190071013923,0,FALSE,FALSE,"2247/2264/5335/2246/8822","14186/14171","Phospholipase C-mediated cascade; FGFR4",1.14102199205989,1.14102199205989,"opposite direction"
"Reactome","Downstream signal transduction","R-HSA-186763","R-MMU-186763","Downstream signal transduction","Downstream signal transduction",-1.89548036591525,-0.771452731193794,0.00587170800226327,1,-2.23123554984929,0,TRUE,FALSE,"5291/4690/3265/2889/5159/5921/6774/1398/6776/6714/5295/5290/5156","12928/18590/74769/12929","Downstream signal transduction",-1.12402763472146,1.12402763472146,"shared negative"
"Reactome","ABC transporters in lipid homeostasis","R-HSA-1369062","R-MMU-1369062","ABC transporters in lipid homeostasis","ABC transporters in lipid homeostasis",-1.95555631896098,-0.840706532331312,0.0101497891125024,0.955449570438204,-1.99354298122151,-0.0197922304911118,TRUE,FALSE,"215/64241/64137/10350/23461/5825/10347/21/225/20","27403/217265/192663","ABC transporters in lipid homeostasis",-1.11484978662967,1.11484978662967,"shared negative"
"Reactome","Formation of neuronal progenitor and neuronal BAF (npBAF and nBAF)","R-HSA-9934037","R-MMU-9934037","Formation of neuronal progenitor and neuronal BAF (npBAF and nBAF)","Formation of neuronal progenitor and neuronal BAF (npBAF and nBAF)",0.482179704770053,1.59645508123735,1,0.241150319003953,0,0.617712159238408,FALSE,FALSE,"8110/9275/26039/605","20587/72057/68094/20586/67155/20588/11465/83797","Formation of neuronal progenitor and neuronal BAF (npBAF and nBAF)",-1.1142753764673,1.1142753764673,"shared positive"
"Reactome","UCH proteinases","R-HSA-5689603","R-MMU-5689603","UCH proteinases","UCH proteinases",-1.82361607359905,-0.723133371566989,0.00175138850352864,1,-2.75661750541655,0,TRUE,FALSE,"5690/10213/10445/5719/5685/8332/5684/5718/54891/8473/9958/11047/7979/8331/5694/8338/5717/5689/5701/5686/8329/5709/5691/5707/92815","69714/22186/110962/23997/75302/18002/15161/57296/56207/22190/218214/235134/227195","UCH proteinases",-1.10048270203206,1.10048270203206,"shared negative"
"Reactome","FRS-mediated FGFR3 signaling","R-HSA-5654706","R-MMU-5654706","FRS-mediated FGFR3 signaling","FRS-mediated FGFR3 signaling",0.62951390591139,-0.467892648252739,0.967513536026656,1,0.0143429502567917,0,FALSE,FALSE,"2250/5781/2247","107971/20662/14784/327826/14171","FRS-mediated FGFR3 signaling",1.09740655416413,1.09740655416413,"opposite direction"
"Reactome","PCNA-Dependent Long Patch Base Excision Repair","R-HSA-5651801","R-MMU-5651801","PCNA-Dependent Long Patch Base Excision Repair","PCNA-Dependent Long Patch Base Excision Repair",1.63410292376918,0.546211267518634,0.0663268807216339,1,1.17831042660086,0,FALSE,FALSE,"328/5425/6118/2237/54107/6119/5984/5982/5426","11792/19718/16881/66979/69745/68240/18974/106344/18972","PCNA-Dependent Long Patch Base Excision Repair",1.08789165625055,1.08789165625055,"shared positive"
"Reactome","Signaling by NTRK1 (TRKA)","R-HSA-187037","R-MMU-187037","Signaling by NTRK1 (TRKA)","Signaling by NTRK1 (TRKA)",-2.07122092381082,-1.00374686597563,1.48943593905521e-05,0.823963265696,-4.82697817114187,-0.0840921497848523,TRUE,FALSE,"3667/5604/6197/4205/160/5291/673/6446/1211/1960/5528/4664/3265/5518/1108/2889/4665/4209/6722/6457/3726/5906/3398/5900/6938/161/6774/1020/1398/5519/1386/6236/6714/10126/5295/466/5290/2033/1759/1213/5515/5595/9252","77480/72349/12912/319520/20807/12928/107932/18049/21770/74769/384783/67300/12929/16367","Signaling by NTRK1 (TRKA)",-1.06747405783519,1.06747405783519,"shared negative"
"Reactome","TCR signaling","R-HSA-202403","R-MMU-202403","TCR signaling","TCR signaling",-2.04944263827151,-0.986568991306149,5.14435439042575e-05,0.835442314600137,-4.28866912085661,-0.0780835317858316,TRUE,FALSE,"5692/7535/2533/84433/5687/23118/5704/7334/5291/4792/1147/4690/5690/10213/5719/5685/5684/26191/5718/5058/11047/7321/8454/7979/7322/5694/5717/5689/5701/4790/5295/5686/5709/5290/3127/5691/5707/5728","93765/19271/240354/57296/22190/18607/22034/94212/18035/74769/234779","TCR signaling",-1.06287364696536,1.06287364696536,"shared negative"
"Reactome","Disassembly of the destruction complex and recruitment of AXIN to the membrane","R-HSA-4641262","R-MMU-4641262","Disassembly of the destruction complex and recruitment of AXIN to the membrane","Disassembly of the destruction complex and recruitment of AXIN to the membrane",-2.08607905812248,-1.03061557915045,0.000590863772937463,0.785948165824963,-3.22851263668417,-0.104606095230947,TRUE,FALSE,"5528/5518/139285/8321/1455/324/7855/5526/5519/5515/1499/4040/5525","212398/12389/16973/21770/26932/14367","Disassembly of the destruction complex and recruitment of AXIN to the membrane",-1.05546347897203,1.05546347897203,"shared negative"
"Reactome","Respiratory electron transport","R-HSA-611105","R-MMU-611105","Respiratory electron transport","Respiratory electron transport",1.95682366920256,0.904587844566969,3.79446846645772e-05,0.944378179445617,4.42084905198244,0.0248540561717107,TRUE,FALSE,"4514/4513/4538/4512/4535/4519/4540/5018/55744/54205/4698/55101/4710/51300/1349/4537/4694/57226/7388/1345/4725/25994/90639/27089/4711/4536/1347/284184/6341/1337/126328/57128/55863/90624/29090/51204/90871/1353/4717/4709/7386/4731/28976/4726/125965/790955/6391/119559/4704/4707/285521/55245/2395/51079/25915/137682/80219/10975/4716","67863/52469/380840/67273/66218/12862/110842/66459/22273/225887/72900/67130/66416/70316/75406/108755/66445/67388/76826/75530/231430/68349/110826/67899/229211/68194/20930/210582/17448/66706/66377/20463/72795/66091/66272/17991/17995/67044/100900/50799/66343/208501/67003/14718/226139/76916/67184/68342/66142/68267","Respiratory electron transport",1.05223582463559,1.05223582463559,"shared positive"
"Reactome","Degradation of CRY and PER proteins","R-HSA-9932298","R-MMU-9932298","Degradation of CRY and PER proteins","Degradation of CRY and PER proteins",-2.08273261619662,-1.03689520939052,0.000313674037601297,0.782577614379085,-3.50352142581326,-0.1064725792448,TRUE,FALSE,"5690/10213/5719/5685/5684/5718/5187/11047/7321/8454/7979/5694/5717/5689/5701/9978/5686/5709/5691/5707","57296/22190/18628/18627/18626","Degradation of CRY and PER proteins",-1.0458374068061,1.0458374068061,"shared negative"
"Reactome","ISG15 antiviral mechanism","R-HSA-1169408","R-MMU-1169408","ISG15 antiviral mechanism","ISG15 antiviral mechanism",0.919355209700936,1.95592877347535,0.768569697887484,0.0112087040176715,0.114316742301647,1.950444598869,FALSE,TRUE,"10762/9883/55746/5610/23636/11097/348995/3838/6233/7706/9636/23225/57122/3661/6772/51191","24110/100038882/230073/74153/17999/13681/19106/13690/230861/217069/56791/26987/208643/26417","ISG15 antiviral mechanism",-1.03657356377441,1.03657356377441,"shared positive"
"Reactome","APC/C:Cdc20 mediated degradation of mitotic proteins","R-HSA-176409","R-MMU-176409","APC/C:Cdc20 mediated degradation of mitotic proteins","APC/C:Cdc20 mediated degradation of mitotic proteins",-1.84079193848471,-0.811001322161878,0.00634092698377618,1,-2.197847247716,0,TRUE,FALSE,"5690/10213/5719/5685/5684/10393/5718/8881/51433/11047/64682/7321/29882/7979/5694/5717/5689/5701/5686/5709/5691/29945/5707","107995/12237/57296/22190/268697/12534/12428/18005/12236","APC/C:Cdc20 mediated degradation of mitotic proteins",-1.02979061632283,1.02979061632283,"shared negative"
"Reactome","Extracellular matrix organization","R-HSA-1474244","R-MMU-1474244","Extracellular matrix organization","Extracellular matrix organization",1.27535318055342,2.2833353024561,0.119283255677347,9.7e-08,0.923420515904736,7.01322826573375,FALSE,TRUE,"1282/1294/5054/1284/1301/1293/3371/4237/8728/1292/7837/2201/7076/4017/83700/1291/375790/1514/1288/4312/682/7040/3676/3912/3910/9672/4325/5578/8910/1306/3696/4038/3675/85301/22801/7057/1287/960/284217/4326/80781/1508/1299/3911/1295/655/6650/6443/1821/6641/3913/831/8754/3914/22795/1289/8425/3682/7077/3915/1298","11475/14119/16775/12843/14789/12111/20750/23876/58859/12826/14118/12833/16423/12834/17150/11603/56693/21923/17385/58223/21857/107581/16949/18542/17387/17384/12380/11492/241226/12832/12825/12827/16950/234407/16419/12333/210530/216725/268977/13528/16998/15529/16403/13038/12816/18822/14268/17392/16948/56213/18214/12837/108075/69675/19035/13039/11461/11820/18073/24052/26432/14115/17386/12338/94352/16997/12339/23794/268935","Extracellular matrix organization",-1.00798212190268,1.00798212190268,"shared positive"
"Reactome","RNA Pol II CTD phosphorylation and interaction with CE","R-HSA-77075","R-MMU-77075","RNA Pol II CTD phosphorylation and interaction with CE","RNA Pol II CTD phosphorylation and interaction with CE",-0.645980402080125,-1.64761600450724,0.973388507087194,0.0893154501936743,-0.0117137858283651,-1.04907340837387,FALSE,FALSE,"5435/5430/902/5431/2965/404672","69833/209357/69241/13871/66467/24018/14884/17420/98053/231329/20924/67710","RNA Pol II CTD phosphorylation and interaction with CE",1.00163560242712,1.00163560242712,"shared negative"
"Reactome","TCF dependent signaling in response to WNT","R-HSA-201681","R-MMU-201681","TCF dependent signaling in response to WNT","TCF dependent signaling in response to WNT",-1.82568756398254,-0.82878171674102,0.000126935237209222,1,-3.89641780106349,0,TRUE,FALSE,"5687/8348/5704/4609/8344/54894/8368/3065/1487/8363/10524/607/5690/10213/5528/1460/5719/5685/5684/8341/4221/5518/7088/54361/653604/5718/8452/8295/139285/283149/8321/11047/9736/1455/7979/84661/6659/324/8331/7855/6657/5694/8338/7483/5717/6934/5689/5526/5519/5701/9978/5686/8395/5709/2033/6259/5691/5707/5515/1499/4040/80351/5525","77578/20674/16974/328572/21414/103573/140858/20682/75410/22186/12006/23997/56438/21951/212398/213464/13001/12389/17283/57296/16973/22190/59036/21770/26932/80288/67772/14367/21415","TCF dependent signaling in response to WNT",-0.99690584724152,0.99690584724152,"shared negative"
"Reactome","Activation of APC/C and APC/C:Cdc20 mediated degradation of mitotic proteins","R-HSA-176814","R-MMU-176814","Activation of APC/C and APC/C:Cdc20 mediated degradation of mitotic proteins","Activation of APC/C and APC/C:Cdc20 mediated degradation of mitotic proteins",-1.81065530336755,-0.822720072665259,0.00458478945715486,1,-2.33868060322086,0,TRUE,FALSE,"5690/10213/5719/5685/5684/10393/5718/8881/51433/11047/64682/7321/29882/7979/5694/5717/5689/5701/5686/5709/5691/29945/5707","107995/12237/57296/22190/268697/12534/12428/18005/12236","Activation of APC/C and APC/C:Cdc20 mediated degradation of mitotic proteins",-0.987935230702291,0.987935230702291,"shared negative"
"Reactome","Cytoprotection by HMOX1","R-HSA-9707564","R-MMU-9707564","Cytoprotection by HMOX1","Cytoprotection by HMOX1",1.65950007931107,0.713873777071005,0.0196568934774233,1,1.70648511581289,0,TRUE,FALSE,"4514/4513/4512/54205/1349/1345/7975/644/1387/1347/9612/1337/85441/5465/96764","17250/12862/14950/59035/21372/20602/229003/15183","Cytoprotection by HMOX1",0.945626302240065,0.945626302240065,"shared positive"
"Reactome","Role of phospholipids in phagocytosis","R-HSA-2029485","R-MMU-2029485","Role of phospholipids in phagocytosis","Role of phospholipids in phagocytosis",-1.98725940986721,-1.04225601322302,0.0104821774209131,0.790224032586558,-1.9795484937203,-0.102249766528761,TRUE,FALSE,"5295/3710/5290/10768/8398/3708","74769/234779","Role of phospholipids in phagocytosis",-0.94500339664419,0.94500339664419,"shared negative"
"Reactome","MAPK6/MAPK4 signaling","R-HSA-5687128","R-MMU-5687128","MAPK6/MAPK4 signaling","MAPK6/MAPK4 signaling",-1.71227021924248,-0.767551327268756,0.00723782715958473,1,-2.14039179212238,0,TRUE,FALSE,"5690/5568/10213/5719/5685/5684/5718/27327/5058/148170/11047/7979/5694/5717/5689/5701/2308/26523/5686/5709/5691/27161/5707/23112/8997","545156/66413/19177/26443/56484/12445/18749/26442/235072/18747/218294/103573/22186/23997/17165/81489/15507/56458/57296/22190/12534/229776","MAPK6/MAPK4 signaling",-0.944718891973724,0.944718891973724,"shared negative"
"Reactome","PIP3 activates AKT signaling","R-HSA-1257604","R-MMU-1257604","PIP3 activates AKT signaling","PIP3 activates AKT signaling",-2.01780192355299,-1.07550207785159,1.39111696066894e-07,0.654733424470267,-6.85663635438056,-0.183935487560568,TRUE,FALSE,"389541/2249/3667/8649/84232/5687/5704/57459/80243/9219/5291/3065/79837/1147/6446/6045/3084/4254/5690/10213/5528/1107/1460/5719/5685/5684/5518/1108/5718/2255/27327/2534/2444/5159/8841/2931/3164/23239/11047/2260/11060/7979/5694/5717/4303/28956/253260/5689/5526/5519/5701/2099/1386/5931/10014/2308/6714/26523/5295/10670/5686/8395/5709/5290/64121/10273/55004/5691/27161/23512/5707/23112/5515/6615/9173/80351/5728/2263/5525/5595/5156/3082/4734/2252","19821/320207/12912/56458/13001/14056/14013/18720/98432/57296/107932/22190/18607/22034/14171/211323/21770/18590/26932/54170/14388/15370/241915/74769/384783/229542/73162/18710/16367/117150/56692/52187","PIP3 activates AKT signaling",-0.9422998457014,0.9422998457014,"shared negative"
"Reactome","mRNA Capping","R-HSA-72086","R-MMU-72086","mRNA Capping","mRNA Capping",-0.558374425578477,-1.50060206729556,0.991669309460598,0.204218957300029,-0.00363312726085025,-0.689903945556393,FALSE,FALSE,"5435/5430/902/5431/2965/404672","69833/209357/69241/13871/433702/66467/24018/14884/17420/98053/231329/20924/67710","mRNA Capping",0.942227641717083,0.942227641717083,"shared negative"
"Reactome","Signaling by NTRKs","R-HSA-166520","R-MMU-166520","Signaling by NTRKs","Signaling by NTRKs",-1.8721568219727,-0.934806319612919,0.00011595517201485,0.920862762968026,-3.93570987550883,-0.0358050882903345,TRUE,FALSE,"3667/5604/6197/4205/1795/160/5291/673/6446/1211/1960/5528/4664/3265/581/5518/1108/2889/4665/2534/4209/6722/6457/3726/5802/5906/3398/5900/6938/161/6774/1020/1398/5519/1386/6236/6714/10126/5295/466/5290/2033/1759/1213/5515/5595/9252","77480/18550/72349/12912/319520/20807/12928/107932/18049/21770/74769/384783/67300/12929/16367","Signaling by NTRKs",-0.937350502359781,0.937350502359781,"shared negative"
"Reactome","Branched-chain amino acid catabolism","R-HSA-70895","R-MMU-70895","Branched-chain amino acid catabolism","Branched-chain amino acid catabolism",0.59145585848748,1.51544392543323,0.984488896423123,0.362048372648552,0.0067891776968744,0.441233400265565,FALSE,FALSE,"586/3712","12041/12035/66885/13171/93747/78038/110446","Branched-chain amino acid catabolism",-0.92398806694575,0.92398806694575,"shared positive"
"Reactome","Mitochondrial ribosome-associated quality control","R-HSA-9937383","R-MMU-9937383","Mitochondrial ribosome-associated quality control","Mitochondrial ribosome-associated quality control",2.07400030933212,1.15019480694932,2.51392177621423e-05,0.59719790779971,4.59964824004984,0.22388172243501,TRUE,FALSE,"5018/11222/64969/7818/23107/55173/90480/60488/51253/55037/64975/128308/51318/9553/740/65003/64963/6150/65080/54998/64983/79590/26284/57129/26589/91574/10573/6182/51021/78988/51264/64968/51263/64979/51116/65005/10240/115416/51250/54534/65993/55052/9801","27397/69089/68537/67707/66047/68836/66407/69956/67840/27398/64659/121022/65111/56282/70316/107732/94062/66242/67212/118451/239555/67270/353242/69163/66230/19935/66448/27395/50529/18100/66258/56284/94066","Mitochondrial ribosome-associated quality control",0.9238055023828,0.9238055023828,"shared positive"
"Reactome","HATs acetylate histones","R-HSA-3214847","R-MMU-3214847","HATs acetylate histones","HATs acetylate histones",-1.87790171604723,-0.956076529511547,0.000263645588023694,0.86433592851746,-3.57897949197142,-0.0633174339713826,TRUE,FALSE,"8348/7862/9643/8344/51230/85235/10943/8368/26009/8363/284058/23522/10524/10445/8332/8341/653604/55167/8295/8473/11143/56970/6881/117143/56943/8331/10499/79960/339287/8338/23774/2648/1386/5931/5077/51147/8329/2033/8850/54934/92815","107435/140858/69612/217127/226976/15161/17977/78783/269424/228829/18505","HATs acetylate histones",-0.921825186535683,0.921825186535683,"shared negative"
"Reactome","Mitochondrial translation elongation","R-HSA-5389840","R-MMU-5389840","Mitochondrial translation elongation","Mitochondrial translation elongation",2.00823477055984,1.09147323159413,3.63461033967609e-05,0.685028248587571,4.43954214227384,0.164291519087505,TRUE,FALSE,"5018/11222/64969/7818/23107/55173/90480/60488/51253/55037/64975/128308/51318/9553/740/65003/64963/6150/65080/54998/64983/79590/26284/57129/7284/26589/10573/6182/51021/78988/51264/64968/51263/64979/51116/65005/10240/54534/65993/55052/9801/51373/51258/116540/28957/29074/64951/51649/64949","27397/69089/68537/67707/66047/68836/66407/69956/67840/27398/64659/121022/65111/56282/107732/94062/66242/67212/118451/67270/353242/69163/66230/19935/66448/27395/50529/18100/66258/56284/94066","Mitochondrial translation elongation",0.91676153896571,0.91676153896571,"shared positive"
"Reactome","PCP/CE pathway","R-HSA-4086400","R-MMU-4086400","PCP/CE pathway","PCP/CE pathway",-1.66057229621446,-0.747704996544321,0.0095254315297721,1,-2.02111534040262,0,TRUE,FALSE,"5690/10213/1211/5719/5685/5684/54361/5718/23002/8321/11047/50855/7979/7855/161/5694/5717/5689/5701/4920/8324/5686/5709/6259/5691/1213/5707","14366/170758/26442/26563/11772/22186/23997/106042/216869/14369/208846/57296/22190/18752/74325/14367/67300","PCP/CE pathway",-0.912867299670139,0.912867299670139,"shared negative"
"Reactome","Metabolism of water-soluble vitamins and cofactors","R-HSA-196849","R-MMU-196849","Metabolism of water-soluble vitamins and cofactors","Metabolism of water-soluble vitamins and cofactors",0.800343252867922,1.70706383469114,0.940486070644464,0.0126546713352531,0.0266476323167327,1.89774912977396,FALSE,TRUE,"4907/79581/1719/143/6515/3141/51293/8884/4548/55739/8566/55191/93100/54625/5826","270685/192185/17768/14873/77697/226518/108037/20525/52710/107747/216188/17250/20509/66904/246703/67096/14104/107476/71743/78038/18113/72621/69225/109754/108156/66812/17850/69372/110821/105663/68646/20425/14287/73132/319945/23959/230125/110948/29807/69906/74450/109129/12494/52466/17769","Metabolism of water-soluble vitamins and cofactors",-0.906720581823218,0.906720581823218,"shared positive"
"Reactome","HDMs demethylate histones","R-HSA-3214842","R-MMU-3214842","HDMs demethylate histones","HDMs demethylate histones",-1.92877048226211,-1.02414267453592,0.00387714454986437,0.791441754404717,-2.41148800708198,-0.101581041220343,TRUE,FALSE,"8294/8359/8355/333932/7404/8362/8242/8368/8363/9682/8284/653604/7403/84678/55818/5253/23135/80853/23210/22992","225876/18676/107817/218214/76804","HDMs demethylate histones",-0.90462780772619,0.90462780772619,"shared negative"
"Reactome","Intracellular signaling by second messengers","R-HSA-9006925","R-MMU-9006925","Intracellular signaling by second messengers","Intracellular signaling by second messengers",-1.9650066336202,-1.06301903646833,3.53369639457573e-08,0.667058534261522,-7.45177076660756,-0.175836055151817,TRUE,FALSE,"3667/8649/84232/5687/5704/57459/80243/9219/801/5291/111/3065/79837/1147/6446/6045/3084/4254/5690/5568/10213/818/5528/1107/1460/5719/5685/5684/5518/1108/5580/5718/2255/27327/2534/2444/5159/8841/2931/3164/23239/11047/2260/11060/7979/196883/817/5694/5717/4303/28956/253260/5689/5526/5519/5701/2099/1386/5931/10014/2308/6714/26523/5295/112/10670/5686/8395/5709/3710/5290/64121/10273/55004/5691/27161/23512/10768/5707/23112/5515/6615/9173/80351/5728/2263/5525/5595/5156/3708/3082/4734/5577/2252","19821/320207/12912/56458/13001/14056/14013/18720/98432/57296/107932/22190/18607/19085/22034/14171/211323/21770/18590/26932/54170/18752/14388/15370/241915/74769/384783/229542/73162/18710/16367/55984/117150/56692/52187","Intracellular signaling by second messengers",-0.90198759715187,0.90198759715187,"shared negative"
"Reactome","G-protein activation","R-HSA-202040","R-MMU-202040","G-protein activation","G-protein activation",0.534596260306945,1.4296886127603,0.995277975658092,0.371965428748414,0.00205560625511138,0.429497422487715,FALSE,FALSE,"2791/55970","14682/14701/14693/14708/14672/14688/14696/14706/14702","G-protein activation",-0.895092352453355,0.895092352453355,"shared positive"
"Reactome","Signaling by WNT","R-HSA-195721","R-MMU-195721","Signaling by WNT","Signaling by WNT",-1.95251319124487,-1.06216527040477,6.49968237429937e-08,0.688128591954023,-7.18710786588938,-0.162330396709801,TRUE,FALSE,"5687/8348/5704/4609/8344/54894/801/160/8368/23236/5532/3065/1487/8363/10524/607/5690/10213/1211/5528/1460/5719/5685/4772/5684/8341/4221/5518/7088/54361/653604/5718/8452/7475/8295/139285/27327/23002/283149/5331/7484/166/8321/2783/11047/2775/50855/9736/8454/1455/51699/79971/7979/84661/6659/324/8331/7855/161/6657/55737/5694/8338/7483/5717/6934/5689/5526/5519/5701/4920/9978/8324/26523/5686/8395/5709/3710/2033/7480/6259/5691/27161/1213/5593/5530/5707/23112/5515/1499/4040/80351/80326/5525/3708","20674/26563/16974/328572/11772/21414/103573/140858/20682/75410/22186/12006/30930/360216/23997/106042/216869/56438/21951/14369/212398/213464/13001/208846/22410/12389/54198/14704/17283/57296/16973/22190/216795/59036/21770/26932/18752/80288/74325/67772/14681/14367/67300/56433/21415/65114","Signaling by WNT",-0.8903479208401,0.8903479208401,"shared negative"
"Reactome","Metabolism of folate and pterines","R-HSA-196757","R-MMU-196757","Metabolism of folate and pterines","Metabolism of folate and pterines",0.829926130010531,1.71710454718629,0.815614638619963,0.0788441598084826,0.0885149881233968,1.10323047046297,FALSE,FALSE,"1719/2356/4522/10797/6573/25902/160428","270685/17768/108037/107747/216188/20509/108156/20425/14287/69906/52466/17769","Metabolism of folate and pterines",-0.887178417175759,0.887178417175759,"shared positive"
"Reactome","Initial triggering of complement","R-HSA-166663","R-MMU-166663","Initial triggering of complement","Initial triggering of complement",-1.84652933197558,-0.962846213590618,0.0235091613773289,0.855908466819222,-1.62876286282293,-0.0675726774733838,TRUE,FALSE,"715/716/718/5648","18636/16904","Initial triggering of complement",-0.883683118384962,0.883683118384962,"shared negative"
"Reactome","mRNA 3'-end processing","R-HSA-72187","R-MMU-72187","mRNA 3'-end processing","mRNA 3'-end processing",-0.655273926779358,-1.53748952011127,1,0.0265712487238749,0,-1.57558803530952,FALSE,TRUE,"23450/51362/10915/1655/5440/84844/5500/55749/11338/3192/5438/4670/10285/3190/57187/10992/6427/5435/6426/5430/5431/5093/220988/23283/3188/5094/9984/1665/9877/23451/84271/22827/81608/26097/6430/3185/5499","69833/56194/68598/67958/101943/21681/69241/108121/20630/83410/64340/73666/75210/433702/83486/22186/192160/67039/19826/53379/71713/27967/69207/67465/212880/54188/70044/13204/76479/56258/73826/98758/67337/193116/67332/19205/98053/69823/22190/231329/60365/66118/19647/67710/74320/51796/20641/17149/74737/228410","mRNA 3'-end processing",0.882215593331912,0.882215593331912,"shared negative"
"Reactome","Chromatin modifying enzymes","R-HSA-3247509","R-MMU-3247509","Chromatin modifying enzymes","Chromatin modifying enzymes",-1.96490500047546,-1.08781901901234,4.41069784943712e-07,0.647806522952955,-6.35549269212336,-0.188554683265929,TRUE,FALSE,"10629/8337/29072/8294/1019/5928/9575/64324/23338/8359/8089/6839/6883/55578/57325/10498/5929/8355/8726/51412/11240/333932/6604/51317/23569/7404/64754/8362/51702/6944/6599/54014/80314/8242/8348/7862/9643/57459/4297/8344/9219/51230/85235/10943/79685/8368/3065/26009/8363/284058/23522/55193/55870/10524/6907/8085/9682/10445/1107/8284/8332/79918/8341/55170/1108/653604/55167/8295/79084/8473/7403/10196/11143/8841/56970/9869/84678/6881/117143/9611/55818/84661/4791/56943/5253/8331/10499/79960/339287/23135/80853/8338/23774/6601/2648/4790/1386/5931/5077/23210/51147/8329/3717/2033/22992/121536/23512/10919/8850/196528/54934/92815","107435/54343/140858/233904/216848/75410/69612/225876/235626/234366/217127/94246/226976/238247/20220/18676/66423/213464/14056/15353/14013/15161/107817/107932/218214/17977/78783/107392/60406/208266/269424/213389/69726/192195/234135/228829/229542/18505/76804","Chromatin modifying enzymes",-0.87708598146312,0.87708598146312,"shared negative"
"Reactome","Mitochondrial Fatty Acid Beta-Oxidation","R-HSA-77289","R-MMU-77289","Mitochondrial Fatty Acid Beta-Oxidation","Mitochondrial Fatty Acid Beta-Oxidation",0.918627473664112,1.78897766175698,0.750998314836081,0.035581101042316,0.124361037507432,1.44878061698274,FALSE,TRUE,"1622/37/10449/117145/10965","11409/67460/66904/75778/231086/171210/93747/11370/56360/26897/52538/17850/110821/70316/26922/15107/223722/329910","Mitochondrial Fatty Acid Beta-Oxidation",-0.870350188092868,0.870350188092868,"shared positive"
"Reactome","Termination of translesion DNA synthesis","R-HSA-5656169","R-MMU-5656169","Termination of translesion DNA synthesis","Termination of translesion DNA synthesis",1.74620653950398,0.882279465338843,0.0235629801898321,0.938049969069171,1.6277697818753,0.0277740265324574,TRUE,FALSE,"5425/9100/6118/6233/7706/54107/6119/5984/9636/5982/5429/5426/9246/56655/5111/11201/9768","100038882/74153/217069/56791/19718/68026","Termination of translesion DNA synthesis",0.863927074165137,0.863927074165137,"shared positive"
"Reactome","MTOR signalling","R-HSA-165159","R-MMU-165159","MTOR signalling","MTOR signalling",-1.82082925391513,-0.958989559002636,0.00550558156155098,0.867844055249838,-2.25919679919315,-0.0615583071150086,TRUE,FALSE,"27327/5571/53632/6198/5494/28956/5562/26523/10670/64121/55004/27161/23112/5230","227154/14225/268706/13684/108099/20869/108079/64930/54170/19079/56692/52187","MTOR signalling",-0.861839694912494,0.861839694912494,"shared negative"
"Reactome","Presynaptic function of Kainate receptors","R-HSA-500657","R-MMU-500657","Presynaptic function of Kainate receptors","Presynaptic function of Kainate receptors",0.550178793601536,1.39973199903365,0.989445061486333,0.406403162055336,0.00460831480342762,0.391042921644803,FALSE,FALSE,"2791/55970","14701/18795/14693/14708/14688/14696/14706/14702/18797","Presynaptic function of Kainate receptors",-0.849553205432114,0.849553205432114,"shared positive"
"Reactome","Signaling by NOTCH","R-HSA-157118","R-MMU-157118","Signaling by NOTCH","Signaling by NOTCH",-1.65289022865091,-0.805293079747454,0.00122025812849704,0.996844603983326,-2.91354829069897,-0.00137253766881647,TRUE,FALSE,"5690/102/6907/51107/10213/10320/1991/56983/5584/5719/5685/5684/8341/55294/6868/7088/653604/5718/27327/488/6484/487/5087/8841/408/11047/8454/9611/11060/7979/8788/8331/5694/8338/5717/1024/5689/5701/2648/9978/10014/26523/9759/5686/5709/23220/2033/5691/27161/5707/23112/55851/8850/3516/59","22190/74198/433586/333639/16450/207521","Signaling by NOTCH",-0.847597148903456,0.847597148903456,"shared negative"
"Reactome","Acetylcholine Neurotransmitter Release Cycle","R-HSA-264642","R-MMU-264642","Acetylcholine Neurotransmitter Release Cycle","Acetylcholine Neurotransmitter Release Cycle",-0.761426352848596,-1.60401412293148,0.904802152895445,0.182143149896075,-0.0434463747166645,-0.739587157215236,FALSE,FALSE,"10815/8497/6844/9256/1103/5864/6812","22318/12889/76787/22249/20910/19339/20614/68507/20907","Acetylcholine Neurotransmitter Release Cycle",0.842587770082884,0.842587770082884,"shared negative"
"Reactome","FCERI mediated Ca+2 mobilization","R-HSA-2871809","R-MMU-2871809","FCERI mediated Ca+2 mobilization","FCERI mediated Ca+2 mobilization",-1.84956247723397,-1.01456885225364,0.00690157893931697,0.823963265696,-2.16105154025017,-0.0840921497848523,TRUE,FALSE,"3710/4775/10768/5530/10451/3708","57257/17096/234779","FCERI mediated Ca+2 mobilization",-0.83499362498033,0.83499362498033,"shared negative"
"Reactome","Nonhomologous End-Joining (NHEJ)","R-HSA-5693571","R-MMU-5693571","Nonhomologous End-Joining (NHEJ)","Nonhomologous End-Joining (NHEJ)",1.5846645227638,0.757594136182737,0.0486724247923444,1,1.31271701727194,0,TRUE,FALSE,"2547/7520/5591/9656/165918/55183/85236/7158/7468/51567/3017/672/55775/4683/4361/79184/84142/51588/27434","15270/107976/22596/68251/14375/68024","Nonhomologous End-Joining (NHEJ)",0.827070386581063,0.827070386581063,"shared positive"
"Reactome","Serotonin Neurotransmitter Release Cycle","R-HSA-181429","R-MMU-181429","Serotonin Neurotransmitter Release Cycle","Serotonin Neurotransmitter Release Cycle",-0.67002868270073,-1.49384335611594,0.947716821484411,0.322237725068102,-0.023321410803887,-0.49182361714515,FALSE,FALSE,"6853/8499/10815/8497/6844/9256/5864/6812","22318/12889/76787/22249/20910/19339/20614/20964/68507/20907","Serotonin Neurotransmitter Release Cycle",0.82381467341521,0.82381467341521,"shared negative"
"Reactome","G beta:gamma signalling through PLC beta","R-HSA-418217","R-MMU-418217","G beta:gamma signalling through PLC beta","G beta:gamma signalling through PLC beta",0.588793254267557,1.39973199903365,0.98139221409889,0.406403162055336,0.0081573918282048,0.391042921644803,FALSE,FALSE,"2791/55970","14701/18795/14693/14708/14688/14696/14706/14702/18797","G beta:gamma signalling through PLC beta",-0.810938744766093,0.810938744766093,"shared positive"
"Reactome","Deposition of new CENPA-containing nucleosomes at the centromere","R-HSA-606279","R-MMU-606279","Deposition of new CENPA-containing nucleosomes at the centromere","Deposition of new CENPA-containing nucleosomes at the centromere",1.6924508826018,0.883919932202241,0.0113273915011596,0.938049969069171,1.94587008899635,0.0277740265324574,TRUE,FALSE,"4869/201254/55355/80152/57082/79172/94239/55320/54069/85236/79682/2491/3017/1060/387103/64946/55839","15270/18148/66570/68024/72155","Deposition of new CENPA-containing nucleosomes at the centromere",0.808530950399559,0.808530950399559,"shared positive"
"Reactome","Nucleosome assembly","R-HSA-774815","R-MMU-774815","Nucleosome assembly","Nucleosome assembly",1.6924508826018,0.883919932202241,0.0113273915011596,0.938049969069171,1.94587008899635,0.0277740265324574,TRUE,FALSE,"4869/201254/55355/80152/57082/79172/94239/55320/54069/85236/79682/2491/3017/1060/387103/64946/55839","15270/18148/66570/68024/72155","Nucleosome assembly",0.808530950399559,0.808530950399559,"shared positive"
"Reactome","Circadian clock","R-HSA-9909396","R-MMU-9909396","Circadian clock","Circadian clock",-1.84218601178129,-1.03689520939052,0.000500450302642779,0.782577614379085,-3.30063904377834,-0.1064725792448,TRUE,FALSE,"5687/5469/5704/8553/4297/6097/9572/5690/6907/10213/1460/5719/5685/5684/5718/5187/6720/4209/150094/8841/6096/11047/7321/8454/9611/7979/10499/5694/5717/1020/5689/5701/1386/9978/5686/5709/5501/2033/5691/5707/5499","57296/22190/18628/18627/18626","Circadian clock",-0.80529080239077,0.80529080239077,"shared negative"
"Reactome","Regulation of TLR by endogenous ligand","R-HSA-5686938","R-MMU-5686938","Regulation of TLR by endogenous ligand","Regulation of TLR by endogenous ligand",0.695404566227756,1.49871916502737,0.938127701500127,0.356479690522244,0.0277380397851701,0.447965207874868,FALSE,FALSE,"1687/7099/23643","69146/24088/21898/54722","Regulation of TLR by endogenous ligand",-0.803314598799614,0.803314598799614,"shared positive"
"Reactome","Interleukin-2 family signaling","R-HSA-451927","R-MMU-451927","Interleukin-2 family signaling","Interleukin-2 family signaling",-1.76384067482881,-0.963814005452091,0.0166231593308875,0.848096548560945,-1.7792864324426,-0.0715547042050218,TRUE,FALSE,"5291/3561/3716/1439/2185/6774/5777/3718/6776/5295/3717/5290","16169/16332/74769/18710","Interleukin-2 family signaling",-0.800026669376719,0.800026669376719,"shared negative"
"Reactome","Metabolism of vitamins and cofactors","R-HSA-196854","R-MMU-196854","Metabolism of vitamins and cofactors","Metabolism of vitamins and cofactors",0.896436016567839,1.69028538324702,0.832813647639241,0.0138657046302696,0.0794521664876159,1.85805805545777,FALSE,TRUE,"4907/375790/79581/51117/1719/143/3320/9672/6515/3141/51293/8884/4548/55739/2239/8566/154807/10082/55191/4023/93100/54625/5826/3949","270685/192185/17768/11603/14873/77697/226518/108037/71883/20525/52710/107747/216188/17250/20509/67914/11651/66904/15529/246703/67096/15926/14104/107476/71743/78038/16971/18113/14733/72621/69568/69225/109754/108156/230027/66812/17850/69372/110821/19286/105663/239393/68646/20425/14287/73132/319945/23888","Metabolism of vitamins and cofactors",-0.793849366679181,0.793849366679181,"shared positive"
"Reactome","Detoxification of Reactive Oxygen Species","R-HSA-3299685","R-MMU-3299685","Detoxification of Reactive Oxygen Species","Detoxification of Reactive Oxygen Species",0.793838284933088,1.58231290859986,0.872891233060725,0.147657986252627,0.0590398683498748,0.8307430587453,FALSE,FALSE,"54205/1535/493869/25824/7295/30001/2936/10587/7296/10935/50507","50527/14782/14870/22166/54683/50493/20657/18477/11758/21672/14775/11757/14778/20655/26462/18453/50490","Detoxification of Reactive Oxygen Species",-0.788474623666772,0.788474623666772,"shared positive"
"Reactome","MAPK targets/ Nuclear events mediated by MAP kinases","R-HSA-450282","R-MMU-450282","MAPK targets/ Nuclear events mediated by MAP kinases","MAPK targets/ Nuclear events mediated by MAP kinases",-1.49982282157362,-0.712330180357515,0.127776229458739,1,-0.893549931585191,0,FALSE,FALSE,"5602/6197/4205/5528/5518/5519/1386/466/5515/5595/9252","235584/26413/23939/72349/12912/319520/21770/16476","MAPK targets/ Nuclear events mediated by MAP kinases",-0.787492641216105,0.787492641216105,"shared negative"
"Reactome","G-protein beta:gamma signalling","R-HSA-397795","R-MMU-397795","G-protein beta:gamma signalling","G-protein beta:gamma signalling",0.412014143049575,1.18655539969554,1,0.619503807418325,0,0.207956020142336,FALSE,FALSE,"2791/55970","11651/14701/18795/14693/14708/12540/14688/14696/14706/14702/18797","G-protein beta:gamma signalling",-0.774541256645965,0.774541256645965,"shared positive"
"Reactome","Aflatoxin activation and detoxification","R-HSA-5423646","R-MMU-5423646","Aflatoxin activation and detoxification","Aflatoxin activation and detoxification",0.619778755008449,1.376836378111,0.954907809583617,0.435019986350785,0.0200385548264706,0.361490789568438,FALSE,FALSE,"2686","211666/109652/110198/13479/71670/207182/66447","Aflatoxin activation and detoxification",-0.757057623102551,0.757057623102551,"shared positive"
"Reactome","Antimicrobial mechanism of IFN-stimulated genes","R-HSA-1169410","R-MMU-1169410","Antimicrobial mechanism of IFN-stimulated genes","Antimicrobial mechanism of IFN-stimulated genes",1.03738603242215,1.79225118943806,0.555220852984431,0.0076649032426815,0.25553423101502,2.1154933230581,FALSE,TRUE,"10762/4869/57506/9883/3609/201254/55746/5610/2175/2635/3304/2189/23636/199990/11097/3608/2342/348995/2176/3838/6233/7706/80233/2178/9636/23225/1968/3306/2188/57122","24110/100038882/230073/14469/74153/22142/22059/67951/17999/22143/18148/13681/19106/227613/13690/230861/14272/217069/22146/22152/56791/26987/72775/231655/14088/67030/208643/26417/100040608","Antimicrobial mechanism of IFN-stimulated genes",-0.75486515701591,0.75486515701591,"shared positive"
"Reactome","Regulation of APC/C activators between G1/S and early anaphase","R-HSA-176408","R-MMU-176408","Regulation of APC/C activators between G1/S and early anaphase","Regulation of APC/C activators between G1/S and early anaphase",-1.8595161606254,-1.11423813408056,0.00275531491450419,0.654733424470267,-2.55982875695178,-0.183935487560568,TRUE,FALSE,"5690/10213/5719/5685/5684/10393/5718/8881/51433/11047/64682/7321/29882/8454/7979/5694/5717/5689/5701/5686/5709/5691/29945/5707","107995/12237/12566/22190/268697/12534/12428/12236","Regulation of APC/C activators between G1/S and early anaphase",-0.74527802654484,0.74527802654484,"shared negative"
"Reactome","Signaling by ALK","R-HSA-201556","R-MMU-201556","Signaling by ALK","Signaling by ALK",-1.6869064626439,-0.94345340214742,0.0563373282551396,0.894084129378247,-1.24920375286965,-0.0486216140836093,FALSE,FALSE,"3667/4609/5291/3065/5803/3561/5764/8841/6774/5777/3718/6714/5295/5290/2033","17242/74769/16367","Signaling by ALK",-0.74345306049648,0.74345306049648,"shared negative"
"Reactome","Orc1 removal from chromatin","R-HSA-68949","R-MMU-68949","Orc1 removal from chromatin","Orc1 removal from chromatin",-1.63101409578614,-0.893848589062563,0.0214304134972273,0.944378179445617,-1.66896944921801,-0.0248540561717107,TRUE,FALSE,"5690/10213/5719/5685/5684/5718/11047/8454/7979/4175/5694/5717/5689/5701/9978/5686/5709/5691/5707","26442/26428/66634/67177/22186/23997/56438/23834/57296/12566/22190/12428/17217/17215","Orc1 removal from chromatin",-0.737165506723577,0.737165506723577,"shared negative"
"Reactome","Negative regulation of FGFR1 signaling","R-HSA-5654726","R-MMU-5654726","Negative regulation of FGFR1 signaling","Negative regulation of FGFR1 signaling",-1.38638803238909,-0.649463718443256,0.156575366414906,1,-0.805276563297192,0,FALSE,FALSE,"2249/673/5518/2255/2260/6714/5515/5595","327826/19052/14165/26413/22186/22190/14171","Negative regulation of FGFR1 signaling",-0.736924313945834,0.736924313945834,"shared negative"
"Reactome","Transport of vitamins, nucleosides, and related molecules","R-HSA-425397","R-MMU-425397","Transport of vitamins, nucleosides, and related molecules","Transport of vitamins, nucleosides, and related molecules",0.86491688922771,1.5981909350224,0.802269503546099,0.193168301942061,0.0956797162025558,0.714064137864013,FALSE,FALSE,"293/8884/55343/222962","11815/11739/24060/63959/11740/71279/56327/26569/72621/107566","Transport of vitamins, nucleosides, and related molecules",-0.73327404579469,0.73327404579469,"shared positive"
"Reactome","RHOU GTPase cycle","R-HSA-9013420","R-MMU-9013420","RHOU GTPase cycle","RHOU GTPase cycle",-1.57684396682453,-0.848278120233258,0.0717987028218597,0.987023748363468,-1.14388340203064,-0.00567239782769906,FALSE,FALSE,"81839/6709/5063/28964/50618/79834/9231/998/58480/4690/9815/5058/50855/11060/2185/9352/6714/5295/8239/1213","26431/14270/20844/20742/54126/13836/56324/216963/17920/67300","RHOU GTPase cycle",-0.728565846591272,0.728565846591272,"shared negative"
"Reactome","Formation of WDR5-containing histone-modifying complexes","R-HSA-9772755","R-MMU-9772755","Formation of WDR5-containing histone-modifying complexes","Formation of WDR5-containing histone-modifying complexes",-1.55335665893049,-0.828295970662444,0.0496722519185173,0.996844603983326,-1.30388615058226,-0.00137253766881647,TRUE,FALSE,"4297/51230/26009/284058/51105/8085/10445/4221/55617/8473/7403/84661/2648/8850/54934","55982/140858/233904/75410/69612/226976/213464/15161/17283/13486/228829","Formation of WDR5-containing histone-modifying complexes",-0.725060688268046,0.725060688268046,"shared negative"
"Reactome","G beta:gamma signalling through CDC42","R-HSA-8964616","R-MMU-8964616","G beta:gamma signalling through CDC42","G beta:gamma signalling through CDC42",0.602122784278258,1.32546151577164,0.977602569830681,0.466667624080882,0.00983766546709253,0.330992328042958,FALSE,FALSE,"2791/55970","14701/14693/14708/12540/14688/14696/14706/14702","G beta:gamma signalling through CDC42",-0.723338731493382,0.723338731493382,"shared positive"
"Reactome","Fertilization","R-HSA-1187000","R-MMU-1187000","Fertilization","Fertilization",-0.672388763931778,-1.38569680897231,0.948806577543983,0.416235287707062,-0.0228223132492533,-0.380661103829309,FALSE,FALSE,"22917/378807/284359/126123/2515/113177/928","106757/56622/71078/74096/14595/12659","Fertilization",0.713308045040532,0.713308045040532,"shared negative"
"Reactome","Interleukin-7 signaling","R-HSA-1266695","R-MMU-1266695","Interleukin-7 signaling","Interleukin-7 signaling",-1.97365743587327,-1.27804872049586,0.00648345648417767,0.520237414187643,-2.18819339971744,-0.283798417632383,TRUE,FALSE,"8355/8651/333932/8835/54014/3667/3561/3716/3574/653604/6774/3718/6776/5295/3082","384783/18710/16367","Interleukin-7 signaling",-0.69560871537741,0.69560871537741,"shared negative"
"Reactome","Lysosome Vesicle Biogenesis","R-HSA-432720","R-MMU-432720","Lysosome Vesicle Biogenesis","Lysosome Vesicle Biogenesis",-1.61371086216847,-0.93149906454245,0.073777624918683,0.899667395229497,-1.1320753298806,-0.0459180184654554,FALSE,FALSE,"27243/6844/157807/1211/164/408/81567/1174/1213/8673/1522","11765/64138/74325/67300","Lysosome Vesicle Biogenesis",-0.68221179762602,0.68221179762602,"shared negative"
"Reactome","Signaling by FGFR2","R-HSA-5654738","R-MMU-5654738","Signaling by FGFR2","Signaling by FGFR2",-1.39265348554027,-0.717860637354757,0.110540759180977,1,-0.956477557060405,0,FALSE,FALSE,"6714/5295/5290/3185/5515/2263/5595/2252","69833/14183/327826/19052/69241/14165/433702/26413/22186/19205/98053/22190/14171/231329/67710/14388","Signaling by FGFR2",-0.674792848185513,0.674792848185513,"shared negative"
"Reactome","Co-inhibition by CTLA4","R-HSA-389513","R-MMU-389513","Co-inhibition by CTLA4","Co-inhibition by CTLA4",-1.71566903790386,-1.04249619908354,0.0345266548354328,0.78584931136916,-1.46184549685726,-0.104660723063535,TRUE,FALSE,"5528/5518/2534/5526/5519/6714/5515/5525","17096/21770/26932","Co-inhibition by CTLA4",-0.67317283882032,0.67317283882032,"shared negative"
"Reactome","Thromboxane signalling through TP receptor","R-HSA-428930","R-MMU-428930","Thromboxane signalling through TP receptor","Thromboxane signalling through TP receptor",0.586601891943006,1.2539683570028,0.985645685960655,0.574091112079587,0.00627917459850729,0.241019176707839,FALSE,FALSE,"2791/55970/54331/6915/2788/2787/59345/10672/2767/2784/9630/51764","14682/14701/14693/14708/14672/14688/14696/14706/14674/14702","Thromboxane signalling through TP receptor",-0.667366465059794,0.667366465059794,"shared positive"
"Reactome","Interleukin receptor SHC signaling","R-HSA-912526","R-MMU-912526","Interleukin receptor SHC signaling","Interleukin receptor SHC signaling",-1.68358830884894,-1.01943754492338,0.0771690742298239,0.805184024849045,-1.11255670979658,-0.0941048502621863,FALSE,FALSE,"5291/3561/3716/1439/5777/3718/5295/3717/5290","16332/74769/18710","Interleukin receptor SHC signaling",-0.66415076392556,0.66415076392556,"shared negative"
"Reactome","Degradation of the extracellular matrix","R-HSA-1474228","R-MMU-1474228","Degradation of the extracellular matrix","Degradation of the extracellular matrix",1.39620937830808,2.05980959607518,0.0660095824496547,0.000421210500235661,1.18039301441376,3.37550081094912,FALSE,TRUE,"1282/1294/1284/1301/1293/1292/2201/7076/1291/1514/1288/4312/682/3912/4325/1306/1287/960/4326/80781/1508/1299/3911/1295/6650/831/8754/3914/1289/7077/3915/1298","14119/20750/12826/14118/12833/12834/17385/58223/21857/17387/17384/12380/12832/12825/12827/12333/13038/12816/14268/17392/56213/12837/13039/18073/17386/12338/12339/23794/268935/12336/12337/53867/12814/11490","Degradation of the extracellular matrix",-0.6636002177671,0.6636002177671,"shared positive"
"Reactome","Negative regulation of MAPK pathway","R-HSA-5675221","R-MMU-5675221","Negative regulation of MAPK pathway","Negative regulation of MAPK pathway",-1.61758221507303,-0.955390355714884,0.0578285900425153,0.871963070942663,-1.2378573963912,-0.0595019077571554,FALSE,FALSE,"5604/5778/1847/1852/673/5528/3265/5518/1843/5526/5519/8315/5037/5515/11221/5525/5595","235584/26413/22186/72399/545622/29857/319520/22190/21770/26932/63953/70686/18218","Negative regulation of MAPK pathway",-0.662191859358146,0.662191859358146,"shared negative"
"Reactome","Macroautophagy","R-HSA-1632852","R-MMU-1632852","Macroautophagy","Macroautophagy",-1.69051529950219,-1.03271202589236,0.00275531491450419,0.723492962056304,-2.55982875695178,-0.140565689223558,TRUE,FALSE,"140735/4077/7280/389541/7323/89849/8649/128866/27243/7334/8897/29110/9868/64419/84557/55669/1460/401505/9821/65018/55626/139341/5571/53632/5830/84749/8878/123/79643/7322/80086/55062/7431/7405/28956/5562/8678/10382/6714/10670/1080/347688/64121/55004/7415/11337/7277","75669/68953/68146/11793/100756/13424/268706/67952/19305/108099/22186/66371/68942/666468/22195/93765/56480/13001/108079/64930/93739/22190/68097/71648/78610/54170/19079/17966/57436/67443/68118/100504663/67526/56486/56692/52187","Macroautophagy",-0.65780327360983,0.65780327360983,"shared negative"
"Reactome","Protein methylation","R-HSA-8876725","R-MMU-8876725","Protein methylation","Protein methylation",0.965126725401167,1.62222406019545,0.710369540475174,0.191369480131957,0.148515668692231,0.718127322918397,FALSE,FALSE,"6187/1915/79091","13627/71974/13629/67099/16898/68043/239706/72096/110826/70511/15481","Protein methylation",-0.657097334794283,0.657097334794283,"shared positive"
"Reactome","mRNA Splicing - Minor Pathway","R-HSA-72165","R-MMU-72165","mRNA Splicing - Minor Pathway","mRNA Splicing - Minor Pathway",-0.66892589516572,-1.3204058766261,0.993700273573777,0.394540606498848,-0.00274459061507302,-0.403908292148266,FALSE,FALSE,"85437/23450/10907/5440/5438/10992/55599/55954/6427/5435/6426/5430/5431/9416/23451/9343","192159/67332/98053/67797/231329/67710/20641/27366/68879","mRNA Splicing - Minor Pathway",0.65147998146038,0.65147998146038,"shared negative"
"Reactome","SLC-mediated transmembrane transport","R-HSA-425407","R-MMU-425407","SLC-mediated transmembrane transport","SLC-mediated transmembrane transport",1.08321872201465,1.72612957885795,0.43892596616483,0.00658275982132337,0.357608726221485,2.18159199029404,FALSE,TRUE,"293/6567/6541/682/9187/9123/6515/23428/8884/133418/6546/23516/6509/123096/65010/7779/8140/9194/6542/55343/55117/64116/6510/55630/84679/81539/6563/85414/23657/222962/8501/861/254428/6505/6574/8671/6526/284129/66035/6550/115286/114134/6575","26570/12870/20539/14664/20512/11815/13358/109552/11739/20525/94249/331004/67863/56636/242126/19729/17254/24060/63959/11987/11740/71279/56327/67760/26569/20516/338365/106947/239606/72621/108052/107566/53881/28253","SLC-mediated transmembrane transport",-0.6429108568433,0.6429108568433,"shared positive"
"Reactome","mRNA Polyadenylation","R-HSA-9770562","R-MMU-9770562","mRNA Polyadenylation","mRNA Polyadenylation",-0.712582344550254,-1.34891302202988,1,0.193706216572595,0,-0.71285644133638,FALSE,FALSE,"23450/51362/10915/1655/5440/84844/5500/55749/11338/3192/5438/4670/10285/3190/10992/6427/5435/6426/5430/5431/5093/220988/23283/3188/5094/1665/23451/22827/81608/6430/3185/5499","69833/56194/68598/67958/101943/69241/108121/20630/83410/75210/433702/83486/22186/67039/53379/71713/27967/69207/67465/212880/54188/70044/13204/76479/56258/98758/67337/67332/19205/98053/22190/231329/19647/67710/74320/20641/74737/228410","mRNA Polyadenylation",0.636330677479626,0.636330677479626,"shared negative"
"Reactome","O-linked glycosylation","R-HSA-5173105","R-MMU-5173105","O-linked glycosylation","O-linked glycosylation",1.00009127721523,1.63404855340338,0.634396809571286,0.0389753152414979,0.197639009784194,1.40921036344921,FALSE,TRUE,"146664/81792/55568/79623/79875/11227/84752/2591/7057/170689/11226/146712/9486/9334/84002/11173/170384/170691/6480/374378/29954/2218/9510/11093/6482/92949/256435/9037/84892/79695/157869/9331/56913/55901","269959/243853/207596/218476/68273/381694/216725/24060/20443/97440/74653/217734/97884/20444/21826/239337/100689/20442/73068/14426/231050/23794/216395","O-linked glycosylation",-0.63395727618815,0.63395727618815,"shared positive"
"Reactome","Negative regulation of the PI3K/AKT network","R-HSA-199418","R-MMU-199418","Negative regulation of the PI3K/AKT network","Negative regulation of the PI3K/AKT network",-1.6300850139098,-0.997269447047598,0.00634092698377618,0.808333333333333,-2.197847247716,-0.0924095117813801,TRUE,FALSE,"3084/4254/5528/5518/2255/2534/5159/23239/2260/5526/5519/2099/6714/5295/8395/5290/5515/9173/5728/2263/5525/5595/5156/3082/2252","18720/98432/22034/14171/211323/21770/18590/26932/14388/74769/384783/18710/16367/117150","Negative regulation of the PI3K/AKT network",-0.632815566862202,0.632815566862202,"shared negative"
"Reactome","Processing of Intronless Pre-mRNAs","R-HSA-77595","R-MMU-77595","Processing of Intronless Pre-mRNAs","Processing of Intronless Pre-mRNAs",-0.553298133221627,-1.18047527569719,0.99806146572104,0.644354570853604,-0.000842711817364631,-0.190875086382992,FALSE,FALSE,"22916/53981/1477/10914/11051/29894/79869/10978/1479/11052/8106/10898/51585/55339/8189/4686/51692/1478/23283/81608","54188/67337/74320/74737/228410","Processing of Intronless Pre-mRNAs",0.627177142475563,0.627177142475563,"shared negative"
"Reactome","RNA Polymerase III Transcription Initiation","R-HSA-76046","R-MMU-76046","RNA Polymerase III Transcription Initiation","RNA Polymerase III Transcription Initiation",1.3110238226687,0.685308142415911,0.275203751009079,1,0.560345650990877,0,FALSE,FALSE,"112495/27297/6617/9328/10302/661/2971/55814/2975/6618/10622/2972","26939/70428/66596","RNA Polymerase III Transcription Initiation",0.625715680252789,0.625715680252789,"shared positive"
"Reactome","Negative regulation of FGFR4 signaling","R-HSA-5654733","R-MMU-5654733","Negative regulation of FGFR4 signaling","Negative regulation of FGFR4 signaling",-1.27714818283779,-0.662000274243652,0.293867664237238,1,-0.531848198942468,0,FALSE,FALSE,"2249/673/5518/6714/5515/5595","327826/19052/14186/26413/22186/22190/14171","Negative regulation of FGFR4 signaling",-0.615147908594138,0.615147908594138,"shared negative"
"Reactome","Transcriptional Regulation by E2F6","R-HSA-8953750","R-MMU-8953750","Transcriptional Regulation by E2F6","Transcriptional Regulation by E2F6",-1.10135169059429,-1.71582208097398,0.497290736216368,0.0741819520152282,-0.30338963094993,-1.12970174288273,FALSE,FALSE,"23429/4149/5931/10138/23512/10919","67057/13831/19821/29808/14056/56353/214669/241915","Transcriptional Regulation by E2F6",0.61447039037969,0.61447039037969,"shared negative"
"Reactome","Class B/2 (Secretin family receptors)","R-HSA-373080","R-MMU-373080","Class B/2 (Secretin family receptors)","Class B/2 (Secretin family receptors)",0.91666980314648,1.53102296615115,0.782759124424317,0.246037017559627,0.106371861221063,0.608999546098164,FALSE,FALSE,"7474/976/133/8323/79924/1604/2791/7433/90226/55970","11535/56089/14701/54598/223780/14693/14708/14688/14696/14706","Class B/2 (Secretin family receptors)",-0.61435316300467,0.61435316300467,"shared positive"
"Reactome","Formation of TC-NER Pre-Incision Complex","R-HSA-6781823","R-MMU-6781823","Formation of TC-NER Pre-Incision Complex","Formation of TC-NER Pre-Incision Complex",-1.43786439254252,-0.82576548492806,0.093210957482139,0.996844603983326,-1.03053303084015,-0.00137253766881647,FALSE,FALSE,"5435/9318/5430/902/5431/2965/50813/27339/10987/9978/404672/51138/1642","69920/252870/72584/66983/69833/319955/209357/69241/28000/13871/66467/12848/22186/14884/56438/17420/71101/22190/231329/67710","Formation of TC-NER Pre-Incision Complex",-0.61209890761446,0.61209890761446,"shared negative"
"Reactome","TP53 Regulates Transcription of Cell Cycle Genes","R-HSA-6791312","R-MMU-6791312","TP53 Regulates Transcription of Cell Cycle Genes","TP53 Regulates Transcription of Cell Cycle Genes",-0.92542208692695,-1.53640758737318,0.760196219309764,0.193168301942061,-0.119074294607935,-0.714064137864013,FALSE,FALSE,"9337/25904/23019/2033/246175/25946/57472/57060","234594/12566/20620/268697/12534/12428/52679/20878","TP53 Regulates Transcription of Cell Cycle Genes",0.61098550044623,0.61098550044623,"shared negative"
"Reactome","Chromatin organization","R-HSA-4839726","R-MMU-4839726","Chromatin organization","Chromatin organization",-1.67908085851433,-1.07425304947497,6.65695629871699e-05,0.647806522952955,-4.17672429407557,-0.188554683265929,TRUE,FALSE,"11240/333932/7329/6604/51317/3020/23569/7404/10285/64754/8362/51702/6944/6599/6749/10992/54014/80314/8242/8348/57592/7862/9643/57459/4297/8344/23394/9219/51230/85235/10943/79685/8368/3065/26009/8363/284058/9646/23522/55193/55870/10524/6907/8085/9682/10320/10445/1107/8284/8332/79918/8341/55170/1108/1665/653604/8099/55167/23613/8295/23451/79084/8473/7403/10196/55274/11143/8841/56970/9869/84678/22827/6881/117143/9611/55818/84661/4791/4780/56943/5253/8331/10499/79960/339287/6938/23135/80853/8338/10263/23774/6601/2648/4790/1386/5931/5077/23210/51147/8932/8329/3717/2033/22992/121536/23512/1499/10919/8850/6925/196528/54934/92815","107435/54343/140858/233904/216848/75410/69612/320790/101631/225876/235626/234366/217127/94246/243842/226976/238247/20220/18676/66423/22026/213464/14056/15353/14013/15161/107817/107932/22196/218214/17977/22218/78783/107392/60406/208266/29861/269424/213389/69726/192195/234135/228829/67772/269610/229542/18505/76804","Chromatin organization",-0.60482780903936,0.60482780903936,"shared negative"
"Reactome","Signaling by Erythropoietin","R-HSA-9006335","R-MMU-9006335","Signaling by Erythropoietin","Signaling by Erythropoietin",-1.11145811564165,-1.7153654719178,0.498561878109453,0.0980352137439252,-0.302280932329758,-1.00861789994284,FALSE,FALSE,"3265/2889/6776/5295/3717/5290","13857/320207/17096/14388/74769/384783/12929","Signaling by Erythropoietin",0.60390735627615,0.60390735627615,"shared negative"
"Reactome","Mitochondrial protein degradation","R-HSA-9837999","R-MMU-9837999","Mitochondrial protein degradation","Mitochondrial protein degradation",1.23816545957201,1.83831562165218,0.249443140855608,0.00623976343435865,0.603028433715243,2.20483187523748,FALSE,TRUE,"4513/4508/4512/293/4535/4540/51142/55173/539/7019/27089/4536/10965/8801/64983","56454/228026/20917/381314/14194/108037/51798/14661/66885/66904/11740/74142/13171/53895/171210/64704/110446/26897/269951/234847/11820/18597/107029/15510/68646/56282/15107/381760/66865/118451","Mitochondrial protein degradation",-0.60015016208017,0.60015016208017,"shared positive"
"Reactome","Complex III assembly","R-HSA-9865881","R-MMU-9865881","Complex III assembly","Complex III assembly",1.31091206527402,0.713225638160083,0.276474520164242,1,0.558344887006526,0,FALSE,FALSE,"4519/7388/27089/57128/90624/7386/790955/55245/2395/10975/3954","380840/22273/66445/75530/72795/100900/67003","Complex III assembly",0.597686427113937,0.597686427113937,"shared positive"
"Reactome","Platelet sensitization by LDL","R-HSA-432142","R-MMU-432142","Platelet sensitization by LDL","Platelet sensitization by LDL",-1.91252824226741,-1.31598404243624,0.00785024028824519,0.496008181578253,-2.10511704971821,-0.3045111598304,TRUE,FALSE,"2268/338/5528/5518/7804/5777/5526/5519/5321/5515/5525","16975/21770/26932","Platelet sensitization by LDL",-0.59654419983117,0.59654419983117,"shared negative"
"Reactome","PI5P, PP2A and IER3 Regulate PI3K/AKT Signaling","R-HSA-6811558","R-MMU-6811558","PI5P, PP2A and IER3 Regulate PI3K/AKT Signaling","PI5P, PP2A and IER3 Regulate PI3K/AKT Signaling",-1.61734658857466,-1.02512034898782,0.00957189337110634,0.786069703101127,-2.01900214798151,-0.104538942090347,TRUE,FALSE,"3084/4254/5528/5518/2255/2534/5159/2260/5526/5519/2099/6714/5295/8395/5290/5515/9173/2263/5525/5595/5156/3082/2252","22034/14171/211323/21770/18590/26932/14388/74769/384783/18710/16367/117150","PI5P, PP2A and IER3 Regulate PI3K/AKT Signaling",-0.59222623958684,0.59222623958684,"shared negative"
"Reactome","Translesion synthesis by Y family DNA polymerases bypasses lesions on DNA template","R-HSA-110313","R-MMU-110313","Translesion synthesis by Y family DNA polymerases bypasses lesions on DNA template","Translesion synthesis by Y family DNA polymerases bypasses lesions on DNA template",1.45214316910201,0.860054221576064,0.116956162117452,0.955449570438204,0.931976891399893,0.0197922304911118,FALSE,FALSE,"5425/9100/6118/6233/7706/54107/6119/5984/9636/5982/5429/5426/55666/10459/7353/9246/56655/83932/5111/11201","100038882/74153/217365/217069/56791/19718/68026","Translesion synthesis by Y family DNA polymerases bypasses lesions on DNA template",0.592088947525946,0.592088947525946,"shared positive"
"Reactome","Formation of RNA Pol II elongation complex","R-HSA-112382","R-MMU-112382","Formation of RNA Pol II elongation complex","Formation of RNA Pol II elongation complex",-0.761288314942318,-1.34535556297373,0.948806577543983,0.362048372648552,-0.0228223132492533,-0.441233400265565,FALSE,FALSE,"6749/9150/5435/5430/902/27125/5431/2965/9646/6923/1025/904/404672/4300","69833/106389/209357/69241/13871/22083/27224/433702/54624/66467/114741/20926/20922/14884/24116/17420/72949/98053/231329/20924/12455/67710/67655/13716","Formation of RNA Pol II elongation complex",0.584067248031412,0.584067248031412,"shared negative"
"Reactome","RNA Polymerase II Transcription Elongation","R-HSA-75955","R-MMU-75955","RNA Polymerase II Transcription Elongation","RNA Polymerase II Transcription Elongation",-0.761288314942318,-1.34535556297373,0.948806577543983,0.362048372648552,-0.0228223132492533,-0.441233400265565,FALSE,FALSE,"6749/9150/5435/5430/902/27125/5431/2965/9646/6923/1025/904/404672/4300","69833/106389/209357/69241/13871/22083/27224/433702/54624/66467/114741/20926/20922/14884/24116/17420/72949/98053/231329/20924/12455/67710/67655/13716","RNA Polymerase II Transcription Elongation",0.584067248031412,0.584067248031412,"shared negative"
"Reactome","APC/C-mediated degradation of cell cycle proteins","R-HSA-174143","R-MMU-174143","APC/C-mediated degradation of cell cycle proteins","APC/C-mediated degradation of cell cycle proteins",-1.65201670020718,-1.06935195128551,0.0126545435531518,0.688128591954023,-1.89775351513809,-0.162330396709801,TRUE,FALSE,"5690/10213/5719/5685/5684/10393/5718/8881/51433/11047/64682/7321/29882/8454/7979/5694/5717/5689/5701/5686/5709/5691/29945/5707","107995/12237/57296/12566/22190/268697/12534/12428/18005/229776/12236/20878","APC/C-mediated degradation of cell cycle proteins",-0.58266474892167,0.58266474892167,"shared negative"
"Reactome","Regulation of mitotic cell cycle","R-HSA-453276","R-MMU-453276","Regulation of mitotic cell cycle","Regulation of mitotic cell cycle",-1.65201670020718,-1.06935195128551,0.0126545435531518,0.688128591954023,-1.89775351513809,-0.162330396709801,TRUE,FALSE,"5690/10213/5719/5685/5684/10393/5718/8881/51433/11047/64682/7321/29882/8454/7979/5694/5717/5689/5701/5686/5709/5691/29945/5707","107995/12237/57296/12566/22190/268697/12534/12428/18005/229776/12236/20878","Regulation of mitotic cell cycle",-0.58266474892167,0.58266474892167,"shared negative"
"Reactome","Insertion of tail-anchored proteins into the endoplasmic reticulum membrane","R-HSA-9609523","R-MMU-9609523","Insertion of tail-anchored proteins into the endoplasmic reticulum membrane","Insertion of tail-anchored proteins into the endoplasmic reticulum membrane",-1.37761416750573,-0.797512783182766,0.219332627118644,0.996985357450474,-0.658896759459672,-0.00131122004858297,FALSE,FALSE,"6844/9381/9218/27230/439/10952/7917/819/6811/3162/1528/23480","19122/52551/20907","Insertion of tail-anchored proteins into the endoplasmic reticulum membrane",-0.580101384322964,0.580101384322964,"shared negative"
"Reactome","Downregulation of SMAD2/3:SMAD4 transcriptional activity","R-HSA-2173795","R-MMU-2173795","Downregulation of SMAD2/3:SMAD4 transcriptional activity","Downregulation of SMAD2/3:SMAD4 transcriptional activity",-1.17501519725179,-0.597040298719547,0.401531637094074,1,-0.396280230524582,0,FALSE,FALSE,"51592/4089/7321/5494/9611/7050/8239/5595","228839/66354/26413/22186/22190/20482","Downregulation of SMAD2/3:SMAD4 transcriptional activity",-0.577974898532243,0.577974898532243,"shared negative"
"Reactome","Norepinephrine Neurotransmitter Release Cycle","R-HSA-181430","R-MMU-181430","Norepinephrine Neurotransmitter Release Cycle","Norepinephrine Neurotransmitter Release Cycle",-0.947542911055458,-1.52225961888858,0.71702230734055,0.241150319003953,-0.144467332750326,-0.617712159238408,FALSE,FALSE,"10815/8497/6844/9256/5864/6812/4128","22318/12889/17161/76787/22249/20910/19339/20614/68507/20907","Norepinephrine Neurotransmitter Release Cycle",0.574716707833122,0.574716707833122,"shared negative"
"Reactome","Regulation of Complement cascade","R-HSA-977606","R-MMU-977606","Regulation of Complement cascade","Regulation of Complement cascade",0.892642699629693,1.45727619896482,0.77493039875485,0.371965428748414,0.110737302389325,0.429497422487715,FALSE,FALSE,"966/4179/1604/1191/3075","12266/12946/50909/12268","Regulation of Complement cascade",-0.564633499335127,0.564633499335127,"shared positive"
"Reactome","Activation of the mRNA upon binding of the cap-binding complex and eIFs, and subsequent binding to 43S","R-HSA-72662","R-MMU-72662","Activation of the mRNA upon binding of the cap-binding complex and eIFs, and subsequent binding to 43S","Activation of the mRNA upon binding of the cap-binding complex and eIFs, and subsequent binding to 43S",1.44151952818137,2.00496230671976,0.0771690742298239,0.000620527189247212,1.11255670979658,3.20723918454183,FALSE,TRUE,"6187/6228/3921/6218/6231/6230/6224/6232/8665/6189/6233/6201/6235/6210/6204/1968/6234/6205/7458/1964/8666","13685/27207/27979/27050/27370/54709/20091/13681/18458/20085/67427/20103/16898/73830/16341/16785/208643/20102/100043813/55944/20090/68052/20116/66085/20104/67097/20084/98221/75617/75705/53356/22384/20115/76846/54127/57294/67204","Activation of the mRNA upon binding of the cap-binding complex and eIFs, and subsequent binding to 43S",-0.56344277853839,0.56344277853839,"shared positive"
"Reactome","Negative regulation of FGFR3 signaling","R-HSA-5654732","R-MMU-5654732","Negative regulation of FGFR3 signaling","Negative regulation of FGFR3 signaling",-1.14661454523764,-0.58439522578237,0.438132617227846,1,-0.358394414124327,0,FALSE,FALSE,"6714/5515/5595","327826/19052/26413/22186/22190/14171","Negative regulation of FGFR3 signaling",-0.56221931945527,0.56221931945527,"shared negative"
"Reactome","Signaling by Activin","R-HSA-1502540","R-MMU-1502540","Signaling by Activin","Signaling by Activin",-1.50297280532229,-0.944739619178448,0.181969574713706,0.867844055249838,-0.740001219918973,-0.0615583071150086,FALSE,FALSE,"3623/4089/5595/3625/7049","83554/11479","Signaling by Activin",-0.558233186143842,0.558233186143842,"shared negative"
"Reactome","VLDLR internalisation and degradation","R-HSA-8866427","R-MMU-8866427","VLDLR internalisation and degradation","VLDLR internalisation and degradation",-1.6092767398331,-1.05708502756006,0.125087083367356,0.760401156170623,-0.902787533727044,-0.118957231472376,FALSE,FALSE,"7436/160/7376/1211/29116/161/1213","11772/22186/218203/22190/67300","VLDLR internalisation and degradation",-0.55219171227304,0.55219171227304,"shared negative"
"Reactome","Heparan sulfate/heparin (HS-GAG) metabolism","R-HSA-1638091","R-MMU-1638091","Heparan sulfate/heparin (HS-GAG) metabolism","Heparan sulfate/heparin (HS-GAG) metabolism",1.19648743733278,1.74605512812405,0.390072892755024,0.0782963866296387,0.408854228965204,1.10625828012621,FALSE,FALSE,"375790/1514/138050/9672/2239/10082/3423/3425/10855/9955/9953","11603/83398/52120/15529/195646/14043/27029/14733/13039/27419/15442/15931/23888/15476/14042/70484/50786","Heparan sulfate/heparin (HS-GAG) metabolism",-0.54956769079127,0.54956769079127,"shared positive"
"Reactome","Antigen activates B Cell Receptor (BCR) leading to generation of second messengers","R-HSA-983695","R-MMU-983695","Antigen activates B Cell Receptor (BCR) leading to generation of second messengers","Antigen activates B Cell Receptor (BCR) leading to generation of second messengers",-1.7731829509908,-1.22552518843409,0.0120850641938383,0.593290135045116,-1.9177510383506,-0.226732872850965,TRUE,FALSE,"801/4690/27071/2534/30011/29760/5777/5295/3710/10768/3708","16440/22063/20866/234779","Antigen activates B Cell Receptor (BCR) leading to generation of second messengers",-0.54765776255671,0.54765776255671,"shared negative"
"Reactome","Coagulation pathway","R-HSA-9769740","R-MMU-9769740","Coagulation pathway","Coagulation pathway",1.54130788780023,0.99374191613994,0.0823337452172367,0.848096548560945,1.08442212884713,0.0715547042050218,FALSE,FALSE,"5054/5270/375790/9672/7035/2239/10082/10544","20720/11603/15529/21824/14733/11820/19128/23888/21788/16416","Coagulation pathway",0.54756597166029,0.54756597166029,"shared positive"
"Reactome","Autophagy","R-HSA-9612973","R-MMU-9612973","Autophagy","Autophagy",-1.57611170919775,-1.03271202589236,0.00535724481180101,0.723492962056304,-2.27105850707404,-0.140565689223558,TRUE,FALSE,"23710/7846/51143/7419/55054/51160/140735/4077/7280/389541/7323/89849/8649/128866/27243/7334/8897/29110/9868/64419/84557/55669/1460/401505/9821/65018/55626/139341/5571/53632/5830/7251/84749/8878/123/79643/7322/80086/55062/7431/7405/28956/5562/8678/10382/6714/10670/1080/347688/64121/55004/7415/11337/7277","75669/68953/68146/11793/100756/13424/268706/67952/19305/108099/22186/66371/68942/666468/22195/93765/56480/13001/108079/64930/93739/22190/68097/71648/78610/54170/19079/17966/57436/67443/68118/100504663/67526/56486/56692/52187","Autophagy",-0.54339968330539,0.54339968330539,"shared negative"
"Reactome","Collagen formation","R-HSA-1474290","R-MMU-1474290","Collagen formation","Collagen formation",1.46277563026672,2.00461998208852,0.043058971961814,0.00105920190021089,1.36593634322226,2.97502124877828,TRUE,TRUE,"1282/1294/1284/1301/1293/1292/7837/4017/1291/1514/1288/1306/85301/1287/80781/1508/1299/1295","12843/14789/12826/12833/12834/56693/107581/16949/18542/12832/12825/12827/16950/234407/210530/216725/12816/18822/17392/16948/12837/69675/19035/13039/26432/17386/94352","Collagen formation",-0.5418443518218,0.5418443518218,"shared positive"
"Reactome","Plasma lipoprotein remodeling","R-HSA-8963899","R-MMU-8963899","Plasma lipoprotein remodeling","Plasma lipoprotein remodeling",-0.740405861330239,-1.28141973007761,0.938127701500127,0.508378342966123,-0.0277380397851701,-0.29381295876839,FALSE,FALSE,"338328/5045/27329/3990/116519/8720/4547/5034/338/4018/64788/63924","18550/17777/16816/11816/16891","Plasma lipoprotein remodeling",0.541013868747371,0.541013868747371,"shared negative"
"Reactome","Activation of GABAB receptors","R-HSA-991365","R-MMU-991365","Activation of GABAB receptors","Activation of GABAB receptors",0.732380255510255,1.26481723081531,0.939596137402551,0.490676453084705,0.02705877723735,0.309204782737951,FALSE,FALSE,"2791/2770/55970/3772/109","14701/14693/14708/16518/104111/14688/14696/14706/14702","Activation of GABAB receptors",-0.532436975305055,0.532436975305055,"shared positive"
"Reactome","GABA B receptor activation","R-HSA-977444","R-MMU-977444","GABA B receptor activation","GABA B receptor activation",0.732380255510255,1.26481723081531,0.939596137402551,0.490676453084705,0.02705877723735,0.309204782737951,FALSE,FALSE,"2791/2770/55970/3772/109","14701/14693/14708/16518/104111/14688/14696/14706/14702","GABA B receptor activation",-0.532436975305055,0.532436975305055,"shared positive"
"Reactome","Insulin receptor signalling cascade","R-HSA-74751","R-MMU-74751","Insulin receptor signalling cascade","Insulin receptor signalling cascade",-1.50785074918549,-0.978119016288863,0.114150336549838,0.848096548560945,-0.942522803739913,-0.0715547042050218,FALSE,FALSE,"3265/2255/2260/5295/5290/2263/5595/5140/2252","18607/14171/14388/74769/384783/16367","Insulin receptor signalling cascade",-0.529731732896627,0.529731732896627,"shared negative"
"Reactome","Translation initiation complex formation","R-HSA-72649","R-MMU-72649","Translation initiation complex formation","Translation initiation complex formation",1.45879153880339,1.98748418898882,0.0655448667597443,0.00232260284671479,1.18346131503739,2.63402504600094,FALSE,TRUE,"6187/6228/3921/6218/6231/6230/6224/6232/8665/6189/6233/6201/6235/6210/6204/1968/6234/6205/7458/1964/8666","27207/27979/27050/27370/54709/20091/13681/18458/20085/67427/20103/16898/73830/16341/16785/208643/20102/100043813/55944/20090/68052/20116/66085/20104/67097/20084/98221/75617/75705/53356/22384/20115/76846/54127/57294/67204","Translation initiation complex formation",-0.52869265018543,0.52869265018543,"shared positive"
"Reactome","Post-translational protein phosphorylation","R-HSA-8957275","R-MMU-8957275","Post-translational protein phosphorylation","Post-translational protein phosphorylation",1.4556016974992,1.97988389541629,0.0493226202791163,0.000523746783169583,1.30695385943776,3.28087863143565,TRUE,TRUE,"8614/10618/3371/3486/7076/3895/1471/51280/3488/3912/11098/5589/84141/51246/2621/56975/2519/11167/3913/4240/10970/3915/10272/1114/7425","29817/12870/74761/12266/20750/16010/71898/14118/56453/19672/66940/14314/21923/21857/16009/20856/223672/208659/22393/268977/15529/382014/14268/12977/20254/80752/83453/12268","Post-translational protein phosphorylation",-0.52428219791709,0.52428219791709,"shared positive"
"Reactome","Interferon Signaling","R-HSA-913531","R-MMU-913531","Interferon Signaling","Interferon Signaling",1.23219395674173,1.75552651498341,0.166132878452943,0.00363018354294996,0.779544410187614,2.44007141637568,FALSE,TRUE,"10762/4869/3133/57506/9883/3609/201254/3454/6672/567/3460/55746/5610/2175/2635/4502/5371/10475/3304/85363/10561/7297/2189/23636/199990/11097/5770/3106/10346/6773/960/3608/2342/9830/348995/2176/3838/55223/6233/3459","99899/24110/100038882/230073/14469/16391/74153/22142/22059/67951/17999/22143/18148/13681/19106/227613/13690/230861/14272/217069/22146/22152/56791/26987/12702/72775/231655/14088/67030/208643/108058/26417/100040608","Interferon Signaling",-0.52333255824168,0.52333255824168,"shared positive"
"Reactome","NOTCH3 Activation and Transmission of Signal to the Nucleus","R-HSA-9013507","R-MMU-9013507","NOTCH3 Activation and Transmission of Signal to the Nucleus","NOTCH3 Activation and Transmission of Signal to the Nucleus",1.15194983850312,0.638497221715255,0.43892596616483,1,0.357608726221485,0,FALSE,FALSE,"10460/1956/182/6233/4854/83464","19165/59287/19164/226548/66894/13649","NOTCH3 Activation and Transmission of Signal to the Nucleus",0.513452616787865,0.513452616787865,"shared positive"
"Reactome","Nonsense Mediated Decay (NMD) enhanced by the Exon Junction Complex (EJC)","R-HSA-975957","R-MMU-975957","Nonsense Mediated Decay (NMD) enhanced by the Exon Junction Complex (EJC)","Nonsense Mediated Decay (NMD) enhanced by the Exon Junction Complex (EJC)",2.19402719094648,1.68465972251526,3.00025431777445e-07,0.0160429571056766,6.52284193057206,1.79471557767836,TRUE,TRUE,"6187/6130/6128/6228/6146/3921/6159/6129/6171/116832/6133/6218/6231/6230/6136/6224/6144/23521/6232/51121/6124/9045/6158/10921/6189/6122/6233/6201/6170/65110/6173/6235/6210/6204/9939/6234/55629/6205/6137/6141/22916","27207/27050/27370/20091/68028/18458/26961/20085/67427/20103/27367/19934/16898/268449/68092/76808/270106/67031/56040/14852/67115/269261/16785/208643/20102/67281/19981/67891/11837/100043813/52830/20090/19944/68052/20116/19982/20104/67097/100502825/22121/19943/20084/100503670/75617/67025/66480/19942/229512/192170/19988/20115/76846/54127/66441/20005/57294","Nonsense Mediated Decay (NMD) enhanced by the Exon Junction Complex (EJC)",0.50936746843122,0.50936746843122,"shared positive"
"Reactome","Nonsense-Mediated Decay (NMD)","R-HSA-927802","R-MMU-927802","Nonsense-Mediated Decay (NMD)","Nonsense-Mediated Decay (NMD)",2.19402719094648,1.68465972251526,3.00025431777445e-07,0.0160429571056766,6.52284193057206,1.79471557767836,TRUE,TRUE,"6187/6130/6128/6228/6146/3921/6159/6129/6171/116832/6133/6218/6231/6230/6136/6224/6144/23521/6232/51121/6124/9045/6158/10921/6189/6122/6233/6201/6170/65110/6173/6235/6210/6204/9939/6234/55629/6205/6137/6141/22916","27207/27050/27370/20091/68028/18458/26961/20085/67427/20103/27367/19934/16898/268449/68092/76808/270106/67031/56040/14852/67115/269261/16785/208643/20102/67281/19981/67891/11837/100043813/52830/20090/19944/68052/20116/19982/20104/67097/100502825/22121/19943/20084/100503670/75617/67025/66480/19942/229512/192170/19988/20115/76846/54127/66441/20005/57294","Nonsense-Mediated Decay (NMD)",0.50936746843122,0.50936746843122,"shared positive"
"Reactome","Glycosaminoglycan metabolism","R-HSA-1630316","R-MMU-1630316","Glycosaminoglycan metabolism","Glycosaminoglycan metabolism",0.938511861755668,1.44296341621299,0.76603103312653,0.140675333049336,0.115753636055899,0.851782047979069,FALSE,FALSE,"9469/375790/1514/2990/138050/2720/9672/9060/2239/960/10082/126792/1464/8702/9334/2683/4166/3423/3425/3074/10855/284129/113189/9955/9953/57214","12111/11603/53418/54371/234356/83398/52120/20443/15529/80982/195646/20444/77590/14043/27029/14733/13039/20442/215015/27419/76898/50917/15442/110006/15931/18295/72136/117592/100910/11881/23888/15476/73836/319901/14042/233781/70484/12091/50786/59031/67883","Glycosaminoglycan metabolism",-0.504451554457322,0.504451554457322,"shared positive"
"Reactome","Semaphorin interactions","R-HSA-373755","R-MMU-373755","Semaphorin interactions","Semaphorin interactions",0.85968055553427,1.36376166551875,0.832813647639241,0.355792562496473,0.0794521664876159,0.448803134668343,FALSE,FALSE,"3984/1400/5879/56896/3320/1808/5062/8829/5365/10570/5364/8482/3688/388/9037/10154","213498/18846/11853/20346/18186/20361/22240/12568","Semaphorin interactions",-0.50408110998448,0.50408110998448,"shared positive"
"Reactome","ESR-mediated signaling","R-HSA-8939211","R-MMU-8939211","ESR-mediated signaling","ESR-mediated signaling",-1.35305120619954,-0.850772506396439,0.0583949590076526,1,-1.23362464209398,0,FALSE,FALSE,"2792/8337/6667/7391/8294/57690/8359/8204/2790/3021/8312/1655/5440/857/10498/4846/2625/1105/8355/1027/4343/5241/333932/5438/3020/8362/57678/8348/5469/4609/5435/8344/5430/801/8368/5431/3065/8363/10524/865/1025/5481/4314/3265/8341/2771/2773/653604/904/27327/3169/6722/596/5885/10735/2783/9166/8331/10499/4313/4318/8338/2099/1386/5747/6714/26523/5295/5290/2033/6387/27161/23112/8850/5595","15507/12912/12390/12389/98053/14704/19014/18607/15519/231329/20683/17977/12455/67710/16589/18710","ESR-mediated signaling",-0.502278699803101,0.502278699803101,"shared negative"
"Reactome","HS-GAG biosynthesis","R-HSA-2022928","R-MMU-2022928","HS-GAG biosynthesis","HS-GAG biosynthesis",0.881935354106482,1.38357190268887,0.795620478025537,0.387986791938998,0.0992940473436833,0.411183058647148,FALSE,FALSE,"375790/9672/2239/10082/9955/9953/222537/2137/6382","11603/83398/15529/195646/14043/14733/23888/15476/14042/70484/50786","HS-GAG biosynthesis",-0.501636548582388,0.501636548582388,"shared positive"
"Reactome","Activation of BH3-only proteins","R-HSA-114452","R-MMU-114452","Activation of BH3-only proteins","Activation of BH3-only proteins",-0.706430825785597,-1.20592999632948,0.952112031229643,0.625924069665456,-0.0213119469073016,-0.20347834750103,FALSE,FALSE,"7533/7531/596/8626","12125/22629/68097/22627/58801","Activation of BH3-only proteins",0.499499170543883,0.499499170543883,"shared negative"
"Reactome","Collagen biosynthesis and modifying enzymes","R-HSA-1650814","R-MMU-1650814","Collagen biosynthesis and modifying enzymes","Collagen biosynthesis and modifying enzymes",1.44258132957114,1.93894623571067,0.0780253288939984,0.00545034000170317,1.10776439201159,2.26357640483203,FALSE,TRUE,"1282/1294/1284/1301/1293/1292/1291/1288/1306/85301/1287/80781/1299/1295","12843/14789/12826/12833/12834/56693/107581/18542/12832/12825/12827/234407/210530/216725/12816/18822","Collagen biosynthesis and modifying enzymes",-0.49636490613953,0.49636490613953,"shared positive"
"Reactome","Formation of ATP by chemiosmotic coupling","R-HSA-163210","R-MMU-163210","Formation of ATP by chemiosmotic coupling","Formation of ATP by chemiosmotic coupling",1.1168552906872,0.621084695741912,0.47404419915564,1,0.32418116348521,0,FALSE,FALSE,"4508/513/539/9556/514/4509/9551","67942/11951","Formation of ATP by chemiosmotic coupling",0.495770594945288,0.495770594945288,"shared positive"
"Reactome","TBC/RABGAPs","R-HSA-8854214","R-MMU-8854214","TBC/RABGAPs","TBC/RABGAPs",-1.00964442178801,-1.50511192141985,0.63696492924321,0.23667183878447,-0.195884478897689,-0.625853415024485,FALSE,FALSE,"11021/83452/5869/382/83874/4218/7879/4943/26088/11337","66687/226421/19346/64930/93739/224617/19341/71648/19349/381605/67443/56486","TBC/RABGAPs",0.49546749963184,0.49546749963184,"shared negative"
"Reactome","Deadenylation-dependent mRNA decay","R-HSA-429914","R-MMU-429914","Deadenylation-dependent mRNA decay","Deadenylation-dependent mRNA decay",-1.28698168986382,-0.797364501874658,0.22083035369352,1,-0.655941231959236,0,FALSE,FALSE,"9337/25904/23019/26986/1656/246175/57472","69125/53621/13684/13209/225929/13682/75901/234594/67678/234699","Deadenylation-dependent mRNA decay",-0.489617187989162,0.489617187989162,"shared negative"
"Reactome","Collagen chain trimerization","R-HSA-8948216","R-MMU-8948216","Collagen chain trimerization","Collagen chain trimerization",1.68782875370491,1.19868271722678,0.0185245091749325,0.629621552010635,1.7322532902551,0.200920414449666,TRUE,FALSE,"1282/1294/1284/1301/1293/1292/1291/1288/1306/85301/1287/80781/1299/1295","12833/12834/107581/12832/12825/12816/12837","Collagen chain trimerization",0.48914603647813,0.48914603647813,"shared positive"
"Reactome","Activation of G protein gated Potassium channels","R-HSA-1296041","R-MMU-1296041","Activation of G protein gated Potassium channels","Activation of G protein gated Potassium channels",0.792114495465276,1.27879589982488,0.872891233060725,0.496969696969697,0.0590398683498748,0.30367009183019,FALSE,FALSE,"2791/55970/3772","14701/14693/14708/16518/14688/14696/14706/14702","Activation of G protein gated Potassium channels",-0.486681404359604,0.486681404359604,"shared positive"
"Reactome","G protein gated Potassium channels","R-HSA-1296059","R-MMU-1296059","G protein gated Potassium channels","G protein gated Potassium channels",0.792114495465276,1.27879589982488,0.872891233060725,0.496969696969697,0.0590398683498748,0.30367009183019,FALSE,FALSE,"2791/55970/3772","14701/14693/14708/16518/14688/14696/14706/14702","G protein gated Potassium channels",-0.486681404359604,0.486681404359604,"shared positive"
"Reactome","Inhibition of voltage gated Ca2+ channels via Gbeta/gamma subunits","R-HSA-997272","R-MMU-997272","Inhibition  of voltage gated Ca2+ channels via Gbeta/gamma subunits","Inhibition  of voltage gated Ca2+ channels via Gbeta/gamma subunits",0.792114495465276,1.27879589982488,0.872891233060725,0.496969696969697,0.0590398683498748,0.30367009183019,FALSE,FALSE,"2791/55970/3772","14701/14693/14708/16518/14688/14696/14706/14702","Inhibition  of voltage gated Ca2+ channels via Gbeta/gamma subunits",-0.486681404359604,0.486681404359604,"shared positive"
"Reactome","MITF-M-dependent gene expression","R-HSA-9856651","R-MMU-9856651","MITF-M-dependent gene expression","MITF-M-dependent gene expression",-1.27949099487331,-0.798998131582809,0.209852439351611,0.996985357450474,-0.678085978128513,-0.00131122004858297,FALSE,FALSE,"27327/9114/596/6935/3094/427/6657/6934/6601/533/26523/51606/528/4644/27161/23112/1499/727936/523","11891/20466/21414/17918/21415","MITF-M-dependent gene expression",-0.480492863290501,0.480492863290501,"shared negative"
"Reactome","NCAM1 interactions","R-HSA-419037","R-MMU-419037","NCAM1 interactions","NCAM1 interactions",1.37598908924325,1.8564007146857,0.188533857038492,0.0231770015780794,0.724610647555583,1.63494274966336,FALSE,TRUE,"1282/1284/1293/1292/1291/375790/8912/1287/1299","12826/12833/12834/12832/12825/12827","NCAM1 interactions",-0.48041162544245,0.48041162544245,"shared positive"
"Reactome","rRNA processing","R-HSA-72312","R-MMU-72312","rRNA processing","rRNA processing",2.31670266596092,1.84266637777755,1.17833333333333e-08,0.000253224367426817,7.92873183658675,3.59649450509302,TRUE,TRUE,"6187/6130/6128/6228/6146/3921/6159/6129/6171/29960/116832/6133/51504/114049/6218/6231/6230/6136/6224/81554/25926/27341/54913/6144/51335/81875/23521/6232/79707/51121/6124/285367/9045/6158/55720/60528/6189/11102/26995/6122/9692/1736/6233/6201/6170/10813/22868/6173/6235/6210/88745/51077/26354/6204/55127/10200/28987/10438/84946/6234/55623/115939/55505/6205/92856/6137/6141/79050/9790/79922/9277/27042/6139/1454/6142/130916/10969/10528/55178/11056/51388/65083/6138/55226/6191/6194/9188/79159/22984/10799/10199","27207/213773/12181/27050/27370/20091/68028/57315/225348/26961/20085/67427/20103/57750/72515/27367/19934/16898/73674/53414/268449/76808/229504/59028/270106/67134/56040/67115/269261/27966/66138/16785/20102/67281/19981/67891/216156/215193/11837/100043813/20090/19944/17975/56200/68052/269470/20116/102462/19982/20104/67097/100502825/208366/74778/22121/74035/75273/19943/110816/66249/20084/100503670/56095/75617/67025/24128/104662/30877/66480/208144/104318/19942/55989/19988/20115/76846/54127/14791/20005/57294/100608/110954/67053/57316/19989/76130/230082/67941/67248/64934","rRNA processing",0.47403628818337,0.47403628818337,"shared positive"
"Reactome","GABA synthesis, release, reuptake and degradation","R-HSA-888590","R-MMU-888590","GABA synthesis, release, reuptake and degradation","GABA synthesis, release, reuptake and degradation",-0.70443845124149,-1.17752296236352,0.940486070644464,0.647806522952955,-0.0266476323167327,-0.188554683265929,FALSE,FALSE,"140679/10815/6844/6539/5864/6812","22318/12889/20910/19339/13002/20614/20907","GABA synthesis, release, reuptake and degradation",0.47308451112203,0.47308451112203,"shared negative"
"Reactome","Cell-extracellular matrix interactions","R-HSA-446353","R-MMU-446353","Cell-extracellular matrix interactions","Cell-extracellular matrix interactions",0.713039361394166,1.18411389951198,0.936248690707766,0.629621552010635,0.0286087766289685,0.200920414449666,FALSE,FALSE,"54751/5829/3987/3688","192176/22323/57342/11461/11465/21754/110829","Cell-extracellular matrix interactions",-0.471074538117814,0.471074538117814,"shared positive"
"Reactome","Metabolism of amino acids and derivatives","R-HSA-71291","R-MMU-71291","Metabolism of amino acids and derivatives","Metabolism of amino acids and derivatives",1.15203382582036,1.62226986422942,0.278225286875969,0.0160976196444126,0.555603401117415,1.79323833836101,FALSE,TRUE,"6187/6130/6128/6228/6146/3921/6159/6129/6171/116832/6133/6611/6218/586/6231/6230/6136/6224/6144/23521/6232/51121/6124/9060/9045/57407/4548/5831/57494/8140/6158/3712/6189/125061/58478/6122/144193/79048/10157/2653/6233/6201/6170/23408/6173/6235/55526/875/6210/56267/29920","107869/20539/108682/56454/100678/12041/192166/26943/66811/110695/18263/26444/14874/14661/76238/12035/17254/11898/66885/236539/27053/107272/14431/228608/59029/13171/20810/93747/78038","Metabolism of amino acids and derivatives",-0.47023603840906,0.47023603840906,"shared positive"
"Reactome","NuRD complex assembly","R-HSA-9937850","R-MMU-9937850","NuRD complex assembly","NuRD complex assembly",-1.23378844859794,-0.766602722365981,0.299392118024725,1,-0.523759637337747,0,FALSE,FALSE,"8337/8294/5928/8359/3021/8355/333932/7329/3020/8362/8348/57592/57459/8344/9219/8368/3065/8363/10320/1107/8341/1108/653604/8099/23613/8331/8338/10263/5931/8932","216848/101631/234366/22026/107932/22196/22218/269610/229542","NuRD complex assembly",-0.467185726231959,0.467185726231959,"shared negative"
"Reactome","Nuclear Receptor transcription pathway","R-HSA-383280","R-MMU-383280","Nuclear Receptor transcription pathway","Nuclear Receptor transcription pathway",-1.48253095929924,-1.01912404187462,0.0706924025412585,0.803758748964228,-1.15062725822157,-0.094874286719408,FALSE,FALSE,"3172/5914/7421/5241/9971/5469/2063/6097/8013/10002/6258/7376/9572/29959/4929/6096/3164/9611/2099/7067/5916","22026/19014/15370/18124/353187/217166","Nuclear Receptor transcription pathway",-0.46340691742462,0.46340691742462,"shared negative"
"Reactome","Nicotinate metabolism","R-HSA-196807","R-MMU-196807","Nicotinate metabolism","Nicotinate metabolism",1.03260735178542,1.49570299464902,0.611265098537826,0.216890585173225,0.21377040045617,0.663759299512128,FALSE,FALSE,"4907/143/55739/55191/93100/54625","192185/226518/246703/18113/69225/68646/23959/230125/12494","Nicotinate metabolism",-0.4630956428636,0.4630956428636,"shared positive"
"Reactome","Golgi-to-ER retrograde transport","R-HSA-8856688","R-MMU-8856688","Golgi-to-ER retrograde transport","Golgi-to-ER retrograde transport",-1.69151627582871,-1.23958680520519,0.00245307507811977,0.362048372648552,-2.61028915969653,-0.441233400265565,TRUE,FALSE,"5048/5861/372/89953/3796/55860/3797/23046/10540/1315/23299/11127/55614/10121/80086/830/51226/26958/10749/10382/22931/23095/9276/347688/381/1314/832/147700/22920/5321/8398/285643/55605/7277","66676/26951/26934/16569/56334/19346/226407/70349/16561/76895/228421/16571/16572/53598/16573/100502766/107338/16551/98732/11842/229841/110033/68097/59288/19324/108123/16580/19348/240641/16554/16564/70218/17957","Golgi-to-ER retrograde transport",-0.45192947062352,0.45192947062352,"shared negative"
"Reactome","Ribosome-associated quality control","R-HSA-9948299","R-MMU-9948299","Ribosome-associated quality control","Ribosome-associated quality control",1.53247475367315,1.98297419952164,0.0253056946306909,6.9895883189116e-05,1.59678173699042,4.15554840309412,TRUE,TRUE,"6187/6130/6128/6228/6146/3921/6159/6129/6171/116832/6133/6218/6231/6230/6136/6224/6144/23521/6232/51121/6124/9045/6158/6189/6122/6233/6201/6170/6173/6235/6210/6204/6921/6234","27207/26444/27050/27370/20091/66855/68028/26961/20085/67427/20103/59029/27367/19934/16898/268449/75452/76808/270106/216080/56040/67115/269261/16785/20102/67281/19181/77987/19981/67891/11837/67673/100043813/20090/19944/68052/20116/19982/20104/19167/67097/100502825/71745/19173/22121/67089/19943/20084/100503670/75617/67025/17463/66480/56550/66105/19942/22123/19988/20115/76846/54127/20005/26441/57294/19170/70247/78294/213753/110954/19989","Ribosome-associated quality control",-0.45049944584849,0.45049944584849,"shared positive"
"Reactome","Integrin signaling","R-HSA-354192","R-MMU-354192","Integrin signaling","Integrin signaling",-1.31361608428728,-0.864045480612377,0.244340763780888,0.954420226024702,-0.612004072902667,-0.020260365693705,FALSE,FALSE,"5906/10411/1398/5747/6714","12928/18607/19246/16399","Integrin signaling",-0.449570603674903,0.449570603674903,"shared negative"
"Reactome","Synthesis of glycosylphosphatidylinositol (GPI)","R-HSA-162710","R-MMU-162710","Synthesis of glycosylphosphatidylinositol (GPI)","Synthesis of glycosylphosphatidylinositol (GPI)",1.19575287514224,0.747291468863465,0.415421156297069,0.996985357450474,0.381511389772252,0.00131122004858297,FALSE,FALSE,"284098/9488/54965/54872/84720/5283/5279/80235/9487/9091","56176/14755/70325/110417/67556/55981","Synthesis of glycosylphosphatidylinositol (GPI)",0.448461406278775,0.448461406278775,"shared positive"
"Reactome","Signaling by NOTCH3","R-HSA-9012852","R-MMU-9012852","Signaling by NOTCH3","Signaling by NOTCH3",1.07978952170118,0.638497221715255,0.501455738793925,1,0.299767394140816,0,FALSE,FALSE,"10460/9787/1956/10046/3280/1387/182/6233/4854","19165/59287/19164/226548/66894/13649","Signaling by NOTCH3",0.441292299985925,0.441292299985925,"shared positive"
"Reactome","G beta:gamma signalling through BTK","R-HSA-8964315","R-MMU-8964315","G beta:gamma signalling through BTK","G beta:gamma signalling through BTK",0.781818259225951,1.22209643176825,0.872891233060725,0.629621552010635,0.0590398683498748,0.200920414449666,FALSE,FALSE,"2791/55970/54331/2788/2787/59345","14701/14693/14708/14688/14696/14706/14702","G beta:gamma signalling through BTK",-0.440278172542299,0.440278172542299,"shared positive"
"Reactome","Sensory perception of sweet, bitter, and umami (glutamate) taste","R-HSA-9717207","R-MMU-9717207","Sensory perception of sweet, bitter, and umami (glutamate) taste","Sensory perception of sweet, bitter, and umami (glutamate) taste",-0.811940265242287,-1.25190789489562,0.843634217236862,0.629621552010635,-0.0738458138830158,-0.200920414449666,FALSE,FALSE,"6324/3710","83770/110326/83771/16440","Sensory perception of sweet, bitter, and umami (glutamate) taste",0.439967629653333,0.439967629653333,"shared negative"
"Reactome","GPVI-mediated activation cascade","R-HSA-114604","R-MMU-114604","GPVI-mediated activation cascade","GPVI-mediated activation cascade",-0.929971533739754,-1.36993414864832,0.726288547778502,0.387539142641183,-0.138890803802001,-0.411684425868518,FALSE,FALSE,"3937/146850/3932/391/1278/998/5291/2534/5777/5295/5290/10451","18607/57257/17096/74769/18710/11852/234779","GPVI-mediated activation cascade",0.439962614908566,0.439962614908566,"shared negative"
"Reactome","Synthesis of PIPs at the early endosome membrane","R-HSA-1660516","R-MMU-1660516","Synthesis of PIPs at the early endosome membrane","Synthesis of PIPs at the early endosome membrane",-1.08178444908512,-1.52077498320973,0.53133837102459,0.253954534495229,-0.274628820035085,-0.595244028203863,FALSE,FALSE,"55697/3631/54545/5289/30849/8898/200576/9896/9110","103199/18704/234729/18711/170749","Synthesis of PIPs at the early endosome membrane",0.43899053412461,0.43899053412461,"shared negative"
"Reactome","RNA Polymerase II Promoter Escape","R-HSA-73776","R-MMU-73776","RNA Polymerase II Promoter Escape","RNA Polymerase II Promoter Escape",-0.951958953469968,-1.38965388639958,0.711501017305126,0.241150319003953,-0.14782447462441,-0.617712159238408,FALSE,FALSE,"5435/5430/902/6877/5431/2965/6881/2959/6873/404672/6872/138474","69833/209357/21374/69241/270627/13871/108143/66467/99730/24074/66464/14884/17420/226182/98053/231329/67710/209361/228980","RNA Polymerase II Promoter Escape",0.437694932929612,0.437694932929612,"shared negative"
"Reactome","RNA Polymerase II Transcription Initiation","R-HSA-75953","R-MMU-75953","RNA Polymerase II Transcription Initiation","RNA Polymerase II Transcription Initiation",-0.951958953469968,-1.38965388639958,0.711501017305126,0.241150319003953,-0.14782447462441,-0.617712159238408,FALSE,FALSE,"5435/5430/902/6877/5431/2965/6881/2959/6873/404672/6872/138474","69833/209357/21374/69241/270627/13871/108143/66467/99730/24074/66464/14884/17420/226182/98053/231329/67710/209361/228980","RNA Polymerase II Transcription Initiation",0.437694932929612,0.437694932929612,"shared negative"
"Reactome","RNA Polymerase II Transcription Initiation And Promoter Clearance","R-HSA-76042","R-MMU-76042","RNA Polymerase II Transcription Initiation And Promoter Clearance","RNA Polymerase II Transcription Initiation And Promoter Clearance",-0.951958953469968,-1.38965388639958,0.711501017305126,0.241150319003953,-0.14782447462441,-0.617712159238408,FALSE,FALSE,"5435/5430/902/6877/5431/2965/6881/2959/6873/404672/6872/138474","69833/209357/21374/69241/270627/13871/108143/66467/99730/24074/66464/14884/17420/226182/98053/231329/67710/209361/228980","RNA Polymerase II Transcription Initiation And Promoter Clearance",0.437694932929612,0.437694932929612,"shared negative"
"Reactome","RNA Polymerase II Transcription Pre-Initiation And Promoter Opening","R-HSA-73779","R-MMU-73779","RNA Polymerase II Transcription Pre-Initiation And Promoter Opening","RNA Polymerase II Transcription Pre-Initiation And Promoter Opening",-0.951958953469968,-1.38965388639958,0.711501017305126,0.241150319003953,-0.14782447462441,-0.617712159238408,FALSE,FALSE,"5435/5430/902/6877/5431/2965/6881/2959/6873/404672/6872/138474","69833/209357/21374/69241/270627/13871/108143/66467/99730/24074/66464/14884/17420/226182/98053/231329/67710/209361/228980","RNA Polymerase II Transcription Pre-Initiation And Promoter Opening",0.437694932929612,0.437694932929612,"shared negative"
"Reactome","Cytosolic sensors of pathogen-associated DNA","R-HSA-1834949","R-MMU-1834949","Cytosolic sensors of pathogen-associated DNA","Cytosolic sensors of pathogen-associated DNA",1.21484524230185,0.779319880614569,0.320806864120122,0.996985357450474,0.493756347938996,0.00131122004858297,FALSE,FALSE,"2547/7520/5591/3428/4615/27297/1387/6233/148022/661/81844/115004/4361/3661/8737/340061/10622/6737/9208/28511","54123/20852/17874/72162","Cytosolic sensors of pathogen-associated DNA",0.435525361687281,0.435525361687281,"shared positive"
"Reactome","PKMTs methylate histone lysines","R-HSA-3214841","R-MMU-3214841","PKMTs methylate histone lysines","PKMTs methylate histone lysines",-1.76769105366826,-1.33285798877483,0.00919145504794795,0.356479690522244,-2.03661573243606,-0.447965207874868,TRUE,FALSE,"29072/8294/5928/64324/8359/6839/5929/8355/8726/333932/64754/8362/4297/8368/8363/55870/8085/79918/653604/9869/84661/4791/4790/5931/121536/23512/10919","54343/140858/233904/75410/235626/213464/14056/14013/208266/213389/69726/192195/234135","PKMTs methylate histone lysines",-0.43483306489343,0.43483306489343,"shared negative"
"Reactome","Activation of IRF3, IRF7 mediated by TBK1, IKKε (IKBKE)","R-HSA-936964","R-MMU-936964","Activation of IRF3, IRF7 mediated by TBK1, IKKε (IKBKE)","Activation of IRF3, IRF7 mediated by TBK1, IKKε (IKBKE)",1.44090604332653,1.00610649074828,0.146789775156023,0.82300197181091,0.833304194746731,0.0845991242706321,FALSE,FALSE,"6233/148022/7099/10133/3661/5781/23643/7187","54123","Activation of IRF3, IRF7 mediated by TBK1, IKKε (IKBKE)",0.43479955257825,0.43479955257825,"shared positive"
"Reactome","RNA Polymerase II Pre-transcription Events","R-HSA-674695","R-MMU-674695","RNA Polymerase II Pre-transcription Events","RNA Polymerase II Pre-transcription Events",-0.933666239049993,-1.36699181134274,0.768569697887484,0.241150319003953,-0.114316742301647,-0.617712159238408,FALSE,FALSE,"9150/5435/5430/902/27125/6877/5431/2965/9646/6923/1025/904/6881/2959/6873/404672/6872/138474/4300","106389/209357/21374/69241/270627/13871/22083/27224/433702/54624/108143/66467/99730/24074/114741/20926/20922/66464/14884/24116/17420/72949/226182/98053/231329/20924/12455/67710/67655/209361/228980/13716","RNA Polymerase II Pre-transcription Events",0.433325572292747,0.433325572292747,"shared negative"
"Reactome","Ribosome Quality Control (RQC) complex extracts and degrades nascent peptide","R-HSA-9954709","R-MMU-9954709","Ribosome Quality Control (RQC) complex extracts and degrades nascent peptide","Ribosome Quality Control (RQC) complex extracts and degrades nascent peptide",1.24822329685918,1.67881900263818,0.252289026597967,0.0222800064908169,0.59810163886646,1.65208468697562,FALSE,TRUE,"6130/6128/6146/6159/6129/6171/116832/6133/6136/6144/23521/51121/6124/9045/6158/6122/6233/6170","26444/66855/68028/26961/59029/27367/19934/268449/76808/270106/216080/56040/67115/269261/67281/19181/19981/67891/11837/67673/19944/19982/19167/100502825/71745/19173/22121/67089/19943/100503670/67025/17463/66480/56550/19942/22123/19988/20005/26441/19170/70247/78294/110954/19989","Ribosome Quality Control (RQC) complex extracts and degrades nascent peptide",-0.430595705779,0.430595705779,"shared positive"
"Reactome","Miscellaneous transport and binding events","R-HSA-5223345","R-MMU-5223345","Miscellaneous transport and binding events","Miscellaneous transport and binding events",1.19230909527374,0.762294262778134,0.398105219893136,1,0.400002127977512,0,FALSE,FALSE,"119/57185/79815/123606/93380/57380/152519","11732/241296/11518/80286","Miscellaneous transport and binding events",0.430014832495606,0.430014832495606,"shared positive"
"Reactome","Aerobic respiration and respiratory electron transport","R-HSA-1428517","R-MMU-1428517","Aerobic respiration and respiratory electron transport","Aerobic respiration and respiratory electron transport",1.51398383751815,1.08517288038758,0.00739827768265096,0.654733424470267,2.13086937215825,0.183935487560568,TRUE,FALSE,"4514/4513/4538/4508/4512/4535/4519/4540/5018/2739/55744/54205/513/4698/55101/4710/3945/51300/1349/4537/539/4694/57226/7388/1345/9556/4725/25994/90639/27089/514/4711/4536/1347/284184/6341/1337/6233/126328/8801/57128/81689/55863/90624/29090/51204/90871/1353/4509/9551/4717/7416","228026/20917/68015/14194/11739/319518/14874/67863/76425/67942/16828/11951/52469/380840/67273/66218/12862/17436/110842/235339/15929/110446/269951/66459/18597/22333/22273/107029/109801/225887/72900/67680/67130/66416/70316/18004/75406/74125/108755/66445/67388/236900/76826/75530/231430/68349/67126/66771/110826/67899/229211/68194/20930/22228/210582/17448/20916/66706/66377/20463/72795/66091/78294/66272/17991/28080/68002/17995/67044/100900/50799/66343/208501/11949/56451/67003/14718/226139/76916/67184/68342/98314/66142/68267","Aerobic respiration and respiratory electron transport",0.42881095713057,0.42881095713057,"shared positive"
"Reactome","Synthesis of DNA","R-HSA-69239","R-MMU-69239","Synthesis of DNA","Synthesis of DNA",-1.21236797125493,-0.784297621542051,0.231535210258615,1,-0.63538295515038,0,FALSE,FALSE,"5690/10213/5719/5685/5684/10393/5718/8881/51433/11047/64682/7321/29882/8454/7979/4175/5694/5717/5689/5701/9978/5686/5709/5691/29945/5707","66440/57441/26442/327762/26428/68999/19075/19687/66634/67177/22186/23997/68275/56438/67967/23834/57296/12566/18968/22190/18969/19891/78833/12428/17217/17215","Synthesis of DNA",-0.428070349712879,0.428070349712879,"shared negative"
"Reactome","Interleukin-3, Interleukin-5 and GM-CSF signaling","R-HSA-512988","R-MMU-512988","Interleukin-3, Interleukin-5 and GM-CSF signaling","Interleukin-3, Interleukin-5 and GM-CSF signaling",-1.73529432415997,-1.30896418979105,0.0183898849599833,0.446338933137006,-1.73542098753195,-0.350335228980442,TRUE,FALSE,"5291/3561/3716/2889/2534/1439/29760/5777/3718/1398/6776/5295/3717/5290","12928/22190/16332/17096/74769/18710/12929","Interleukin-3, Interleukin-5 and GM-CSF signaling",-0.42633013436892,0.42633013436892,"shared negative"
"Reactome","Metabolism of cofactors","R-HSA-8978934","R-MMU-8978934","Metabolism of cofactors","Metabolism of cofactors",0.933174404996021,1.35863482182899,0.72712580348944,0.416235287707062,0.138390443288694,0.380661103829309,FALSE,FALSE,"51117/1719/3320","71883/67914/11651/15926/230027/19286","Metabolism of cofactors",-0.425460416832969,0.425460416832969,"shared positive"
"Reactome","Prostacyclin signalling through prostacyclin receptor","R-HSA-392851","R-MMU-392851","Prostacyclin signalling through prostacyclin receptor","Prostacyclin signalling through prostacyclin receptor",0.714211241676481,1.13742792105978,0.929218882954287,0.668758126385245,0.03188197334498,0.17473092762817,FALSE,FALSE,"2791/55970/54331/2788/2787/59345","14701/14693/14708/14688/14696/14706/14702","Prostacyclin signalling through prostacyclin receptor",-0.423216679383299,0.423216679383299,"shared positive"
"Reactome","RHOG GTPase cycle","R-HSA-9013408","R-MMU-9013408","RHOG GTPase cycle","RHOG GTPase cycle",1.2198936980822,0.798264954281813,0.290061992032526,1,0.537509174789066,0,FALSE,FALSE,"10652/2010/3895/397/1829/4698/11135/23141/1969/57580/9341/5062/3930/7037/7410/81624/23592/3998/4162/80005/26084/4296/3688/4983","228359/108037/68813/238130/20430/23943/13726/330662/14570/56384/12540/22325/54324/66508/56389/68349","RHOG GTPase cycle",0.421628743800387,0.421628743800387,"shared positive"
"Reactome","Glucagon-type ligand receptors","R-HSA-420092","R-MMU-420092","Glucagon-type ligand receptors","Glucagon-type ligand receptors",0.70687482995274,1.12562687689649,0.948806577543983,0.678967721206697,0.0228223132492533,0.168150872015574,FALSE,FALSE,"2791/7433/55970","14701/14693/14708/14688/14696/14706/14702","Glucagon-type ligand receptors",-0.41875204694375,0.41875204694375,"shared positive"
"Reactome","Clathrin-mediated endocytosis","R-HSA-8856828","R-MMU-8856828","Clathrin-mediated endocytosis","Clathrin-mediated endocytosis",-1.22250360103715,-0.806264304344833,0.183021916235437,1,-0.737496901907756,0,FALSE,FALSE,"29763/22905/5869/6844/338/9318/160/27348/50813/1211/382/10096/115548/30011/6457/23048/408/10109/51429/10092/161/1601/11252/10987/90019/3267/112574/1080/1759/51138/29978/54874/1213/8673","30931/14366/20405/13855/19344/21802/11772/17113/12848/20844/22186/269774/29816/216869/106628/18002/56324/67602/18704/108800/66147/12492/22190/271457/80708/74325/14725/67300/22134/16004","Clathrin-mediated endocytosis",-0.416239296692317,0.416239296692317,"shared negative"
"Reactome","Glucuronidation","R-HSA-156588","R-MMU-156588","Glucuronidation","Glucuronidation",-1.23834867095586,-0.823476971269071,0.394252873563218,0.955449570438204,-0.404225132575848,-0.0197922304911118,FALSE,FALSE,"54577/54578/7360/7358/80146","213012/242585","Glucuronidation",-0.414871699686789,0.414871699686789,"shared negative"
"Reactome","CHD3, CHD4, CHD5 subfamily","R-HSA-9943965","R-MMU-9943965","CHD3, CHD4, CHD5 subfamily","CHD3, CHD4, CHD5 subfamily",-1.14560392071924,-0.732182879508981,0.351136943273645,1,-0.454523475815634,0,FALSE,FALSE,"8337/8294/5928/8359/3021/8355/333932/7329/3020/8362/8348/57592/57459/8344/23394/9219/8368/3065/8363/10320/1107/8341/1108/653604/8099/23613/8331/8338/10263/5931/8932","216848/101631/234366/22026/107932/22196/22218/269610/229542","CHD3, CHD4, CHD5 subfamily",-0.413421041210259,0.413421041210259,"shared negative"
"Reactome","Iron uptake and transport","R-HSA-917937","R-MMU-917937","Iron uptake and transport","Iron uptake and transport",-2.04480029851029,-1.63188061746207,0.000520876811349365,0.0569350947502887,-3.28326497627277,-1.24461995226895,TRUE,FALSE,"9550/9296/26234/57192/9114/3162/8454/537/23545/50617/535/533/51606/528/10539/4891/1356/523/10312","21871/11975/22186/94178/11974/68428/108664/71902/18002/66144/22190/11984/11973/114143/226844/11966/11964/66335/73834/11972","Iron uptake and transport",-0.41291968104822,0.41291968104822,"shared negative"
"Reactome","Ribosomal scanning and start codon recognition","R-HSA-72702","R-MMU-72702","Ribosomal scanning and start codon recognition","Ribosomal scanning and start codon recognition",1.54244316023252,1.9539634720197,0.0381718861595643,0.00363018354294996,1.41825638004429,2.44007141637568,TRUE,TRUE,"6187/6228/3921/6218/6231/6230/6224/6232/8665/6189/6233/6201/6235/6210/1983/6204/1968/6234/6205/7458/1964/8666","27207/27979/27050/27370/54709/20091/13681/20085/67427/20103/16898/73830/16341/16785/208643/20102/100043813/55944/20090/68052/20116/66085/20104/67097/20084/98221/75617/75705/53356/22384/20115/76846/54127/57294/67204","Ribosomal scanning and start codon recognition",-0.41152031178718,0.41152031178718,"shared positive"
"Reactome","Keratan sulfate biosynthesis","R-HSA-2022854","R-MMU-2022854","Keratan sulfate biosynthesis","Keratan sulfate biosynthesis",0.762667941654171,1.17135218892497,0.90203410266138,0.654733424470267,0.0447770430371222,0.183935487560568,FALSE,FALSE,"9469/8702/9334/2683/4166/6482/176/2331/9331","53418/54371/20443/20444/20442/18295","Keratan sulfate biosynthesis",-0.408684247270799,0.408684247270799,"shared positive"
"Reactome","DNA Replication Pre-Initiation","R-HSA-69002","R-MMU-69002","DNA Replication Pre-Initiation","DNA Replication Pre-Initiation",-1.24438261687191,-0.835886447904274,0.146794894611394,1,-0.83328904851161,0,FALSE,FALSE,"3020/5692/8362/5422/51529/5687/8348/5704/8344/8368/8363/5690/10213/5719/5685/5684/8341/10393/653604/5718/8881/51433/11047/64682/7321/29882/7979/8331/4175/5694/8338/5717/5689/5701/5686/5709/5691/29945/5707","66440/57441/26442/16650/26428/68999/19075/66634/67177/22186/23997/68275/23834/57296/12566/18968/70024/22190/12545/18969/19891/17217/17215","DNA Replication Pre-Initiation",-0.408496168967636,0.408496168967636,"shared negative"
"Reactome","Regulation of clotting cascade","R-HSA-9769739","R-MMU-9769739","Regulation of clotting cascade","Regulation of clotting cascade",1.55256172617817,1.14620652447484,0.0816320173493758,0.668758126385245,1.08813947076903,0.17473092762817,FALSE,FALSE,"5054/5270/375790/9672/7035/2239/10082/10544","20720/11603/15529/21824/14733/11820/19128/23888","Regulation of clotting cascade",0.40635520170333,0.40635520170333,"shared positive"
"Reactome","Deactivation of the beta-catenin transactivating complex","R-HSA-3769402","R-MMU-3769402","Deactivation of the beta-catenin transactivating complex","Deactivation of the beta-catenin transactivating complex",-1.18997206328351,-0.788958698058719,0.352374216198982,1,-0.45299587713903,0,FALSE,FALSE,"3065/1487/607/4221/7088/283149/84661/6659/324/6657/6934/1499","20674/21414/103573/20682/22186/22190/67772/21415","Deactivation of the beta-catenin transactivating complex",-0.401013365224791,0.401013365224791,"shared negative"
"Reactome","rRNA processing in the nucleus and cytosol","R-HSA-8868773","R-MMU-8868773","rRNA processing in the nucleus and cytosol","rRNA processing in the nucleus and cytosol",2.24225797042183,1.84266637777755,1.17833333333333e-08,0.000253224367426817,7.92873183658675,3.59649450509302,TRUE,TRUE,"6187/6130/6128/6228/6146/3921/6159/6129/6171/116832/6133/51504/114049/6218/6231/6230/6136/6224/25926/27341/54913/6144/81875/23521/6232/79707/51121/6124/9045/6158/55720/6189/11102/6122/1736/6233/6201/6170/10813/6173/6235/6210/88745/51077/26354/6204/55127/10200/28987/10438/84946/6234/55623/115939/55505/6205/92856/6137/6141/79050/9790/9277/27042/6139/1454/6142/10969/10528/11056/51388/65083/6138/55226/6191/6194/9188/79159/22984/10799/10199","27207/213773/12181/27050/27370/20091/68028/57315/225348/26961/20085/67427/20103/57750/72515/27367/19934/16898/73674/53414/268449/76808/229504/59028/270106/67134/56040/67115/269261/27966/66138/16785/20102/67281/19981/67891/216156/215193/11837/100043813/20090/19944/17975/56200/68052/269470/20116/102462/19982/20104/67097/100502825/208366/74778/22121/74035/75273/19943/110816/66249/20084/100503670/56095/75617/67025/24128/104662/30877/66480/208144/104318/19942/55989/19988/20115/76846/54127/14791/20005/57294/100608/110954/67053/57316/19989/76130/230082/67941/67248/64934","rRNA processing in the nucleus and cytosol",0.39959159264428,0.39959159264428,"shared positive"
"Reactome","Formation of the ternary complex, and subsequently, the 43S complex","R-HSA-72695","R-MMU-72695","Formation of the ternary complex, and subsequently, the 43S complex","Formation of the ternary complex, and subsequently, the 43S complex",1.58913788685942,1.98505539277577,0.0396183707270488,0.00185398964331947,1.40210338843406,2.73189269622268,TRUE,TRUE,"6187/6228/3921/6218/6231/6230/6224/6232/8665/6189/6233/6201/6235/6210/6204/1968/6234","27207/27979/27050/27370/54709/20091/20085/67427/20103/16898/73830/16341/16785/20102/100043813/55944/20090/68052/20116/66085/20104/67097/20084/98221/75617/53356/20115/76846/54127/57294/67204","Formation of the ternary complex, and subsequently, the 43S complex",-0.39591750591635,0.39591750591635,"shared positive"
"Reactome","Triglyceride metabolism","R-HSA-8979227","R-MMU-8979227","Triglyceride metabolism","Triglyceride metabolism",-1.24354735327178,-0.849583758535882,0.310981749203611,0.948735749217075,-0.507265097959475,-0.0228547345039668,FALSE,FALSE,"392636/646480/857/5500/3991/2171/57678/80168/5568/9663/5501/5499/2167","14732/14077/64898/14571","Triglyceride metabolism",-0.393963594735898,0.393963594735898,"shared negative"
"Reactome","Synthesis of bile acids and bile salts","R-HSA-192105","R-MMU-192105","Synthesis of bile acids and bile salts","Synthesis of bile acids and bile salts",-1.09620752377068,-0.709626816638155,0.485593460861668,1,-0.313727170225252,0,FALSE,FALSE,"8647/9885/10858/6256/9971/114876/570/9420/114883/5007/6342/10499/80270","12012/76303/71240/170789/101502/17977","Synthesis of bile acids and bile salts",-0.386580707132525,0.386580707132525,"shared negative"
"Reactome","PI3K Cascade","R-HSA-109704","R-MMU-109704","PI3K Cascade","PI3K Cascade",-1.48659112814733,-1.10230415242227,0.0962880517480956,0.683740601503759,-1.01642760053703,-0.165108630301085,FALSE,FALSE,"2255/2260/5295/5290/2263/5140/2252","18607/14171/14388/74769/384783/16367","PI3K Cascade",-0.38428697572506,0.38428697572506,"shared negative"
"Reactome","IRS-mediated signalling","R-HSA-112399","R-MMU-112399","IRS-mediated signalling","IRS-mediated signalling",-1.47460208869787,-1.0911517253989,0.104312301993382,0.687028175583464,-0.981664470357871,-0.163025451805799,FALSE,FALSE,"2249/3667/5291/3265/2255/2260/5295/5290/2263/5140/2252","18607/14171/14388/74769/384783/16367","IRS-mediated signalling",-0.38345036329897,0.38345036329897,"shared negative"
"Reactome","Platelet degranulation","R-HSA-114608","R-MMU-114608","Platelet degranulation","Platelet degranulation",1.23449041106046,1.60765141846618,0.252289026597967,0.0604460261024109,0.59810163886646,1.21863224564728,FALSE,FALSE,"3481/5478/5054/9749/7076/10916/3959/54863/7040/8407/7057/23052/2621/1191/94121/5660/3671/7114/135228/27154","19039/20692/239273/21859/21857/67988/15234/72017/192176/19241/21346/11674/14268/22388/80884/13601/11820/268936/19128/22339/68117/223601/68038/21767/227612","Platelet degranulation",-0.37316100740572,0.37316100740572,"shared positive"
"Reactome","Regulation of Insulin-like Growth Factor (IGF) transport and uptake by Insulin-like Growth Factor Binding Proteins (IGFBPs)","R-HSA-381426","R-MMU-381426","Regulation of Insulin-like Growth Factor (IGF) transport and uptake by Insulin-like Growth Factor Binding Proteins (IGFBPs)","Regulation of Insulin-like Growth Factor (IGF) transport and uptake by Insulin-like Growth Factor Binding Proteins (IGFBPs)",1.60002417439631,1.97263048669993,0.0139438179431914,0.000620527189247212,1.85561829620669,3.20723918454183,TRUE,TRUE,"3481/8614/10618/3371/3486/7076/3895/1471/51280/4312/3488/3912/11098/5589/84141/51246/2621/56975/5069/2519/11167/3485/3913/4240/10970/3915/10272/1114/7425","29817/12870/74761/12266/20750/16010/71898/14118/56453/19672/66940/14314/21923/21857/16009/20856/223672/208659/22393/268977/15529/382014/14268/18491/12977/20254","Regulation of Insulin-like Growth Factor (IGF) transport and uptake by Insulin-like Growth Factor Binding Proteins (IGFBPs)",-0.37260631230362,0.37260631230362,"shared positive"
"Reactome","RAB geranylgeranylation","R-HSA-8873719","R-MMU-8873719","RAB geranylgeranylation","RAB geranylgeranylation",-0.721446632273237,-1.08084803448287,0.977550862668648,0.70840149567656,-0.00986063669255008,-0.149720530537594,FALSE,FALSE,"11021/83452/5869/5861/51552/5864/4218/10890/7879/201475/5862/22931/9367","67844/224624/19352/68365/11891/216344/19344/19339/19328/69834/226421/19346/56382/106572/19341/271457/19324/19332/19349","RAB geranylgeranylation",0.359401402209633,0.359401402209633,"shared negative"
"Reactome","Response to elevated platelet cytosolic Ca2+","R-HSA-76005","R-MMU-76005","Response to elevated platelet cytosolic Ca2+","Response to elevated platelet cytosolic Ca2+",1.23211004560696,1.59013162530605,0.262634303255936,0.0728407338744251,0.580648550364552,1.13762568731413,FALSE,FALSE,"3481/5478/5054/9749/7076/10916/3959/54863/7040/5578/8407/7057/23052/2621/1191/94121/5660/3671/7114/135228/27154","19039/20692/239273/21859/21857/67988/15234/72017/192176/19241/21346/11674/14268/22388/80884/13601/11820/20909/268936/19128/22339/68117/223601/68038/21767/227612","Response to elevated platelet cytosolic Ca2+",-0.35802157969909,0.35802157969909,"shared positive"
"Reactome","Co-stimulation by CD28","R-HSA-389356","R-MMU-389356","Co-stimulation by CD28","Co-stimulation by CD28",-1.36022538802221,-1.00225801054133,0.164715475566428,0.802747548309679,-0.783265595503189,-0.095421012148509,FALSE,FALSE,"5528/5518/2534/5058/253260/5526/5519/6714/5295/5290/5515/5525","18607/17096/21770/26932/74769/18710","Co-stimulation by CD28",-0.35796737748088,0.35796737748088,"shared negative"
"Reactome","Golgi Associated Vesicle Biogenesis","R-HSA-432722","R-MMU-432722","Golgi Associated Vesicle Biogenesis","Golgi Associated Vesicle Biogenesis",-1.4241495598616,-1.06633305042135,0.120558743643289,0.723492962056304,-0.918801286503228,-0.140565689223558,FALSE,FALSE,"1211/9685/9698/23557/164/8546/408/6643/1176/51429/81567/152503/1174/1213/8673/84062","108011/108012/12874/29816/170760/67602/18704/21985/11765/20661/67300/22134/16004","Golgi Associated Vesicle Biogenesis",-0.35781650944025,0.35781650944025,"shared negative"
"Reactome","PKR-mediated signaling","R-HSA-9833482","R-MMU-9833482","PKR-mediated signaling","PKR-mediated signaling",1.04902720391917,1.40650522382434,0.577955182503972,0.267408617520931,0.238105837610379,0.572824601256967,FALSE,FALSE,"4869/57506/3609/201254/5610/2175/3304/2189/199990/3608/2176/7706/80233/2178/9636/1968/3306/2188","100038882/22142/22059/67951/22143/18148/19106/227613/217069/22146/22152/56791/72775/14088/67030","PKR-mediated signaling",-0.35747801990517,0.35747801990517,"shared positive"
"Reactome","Major pathway of rRNA processing in the nucleolus and cytosol","R-HSA-6791226","R-MMU-6791226","Major pathway of rRNA processing in the nucleolus and cytosol","Major pathway of rRNA processing in the nucleolus and cytosol",2.19924460065004,1.84266637777755,1.17833333333333e-08,0.000253224367426817,7.92873183658675,3.59649450509302,TRUE,TRUE,"6187/6130/6128/6228/6146/3921/6159/6129/6171/116832/6133/114049/6218/6231/6230/6136/6224/25926/27341/54913/6144/81875/23521/6232/79707/51121/6124/9045/6158/55720/6189/11102/6122/6233/6201/6170/10813/6173/6235/6210/88745/51077/26354/6204/55127/10200/28987/10438/84946/6234/6205/92856/6137/6141/79050/9790/9277/27042/6139/1454/6142/10969/10528/11056/51388/65083/6138/6191/6194/9188/79159/22984/10799/10199","27207/213773/12181/27050/27370/20091/68028/57315/225348/26961/20085/67427/20103/57750/72515/27367/19934/16898/73674/53414/268449/76808/229504/59028/270106/67134/56040/67115/269261/27966/66138/16785/20102/67281/19981/67891/216156/215193/11837/100043813/20090/19944/17975/56200/68052/269470/20116/102462/19982/20104/67097/100502825/208366/74778/22121/74035/75273/19943/110816/66249/20084/100503670/56095/75617/67025/24128/104662/30877/66480/208144/104318/19942/55989/19988/20115/76846/54127/14791/20005/57294/100608/110954/67053/57316/19989/76130/230082/67941/67248/64934","Major pathway of rRNA processing in the nucleolus and cytosol",0.35657822287249,0.35657822287249,"shared positive"
"Reactome","Ephrin signaling","R-HSA-3928664","R-MMU-3928664","Ephrin signaling","Ephrin signaling",-0.911728508093342,-1.26821361522759,0.757065418456144,0.50167738328208,-0.120866591243675,-0.299575477479711,FALSE,FALSE,"2051/2534/5058/6714/2049","216963/13642/13845/13641/13643","Ephrin signaling",0.356485107134248,0.356485107134248,"shared negative"
"Reactome","RNA Polymerase III Transcription","R-HSA-74158","R-MMU-74158","RNA Polymerase III Transcription","RNA Polymerase III Transcription",1.04017168688931,0.685308142415911,0.594777337983828,1,0.225645587184495,0,FALSE,FALSE,"112495/27297/6617/9328/10302/661/2971/55814/2975/6618/10622/2972","26939/70428/66596","RNA Polymerase III Transcription",0.354863544473399,0.354863544473399,"shared positive"
"Reactome","MHC class II antigen presentation","R-HSA-2132295","R-MMU-2132295","MHC class II antigen presentation","MHC class II antigen presentation",-1.63307729394997,-1.28002152025492,0.00349193955351279,0.37087611972908,-2.45693328266494,-0.43077112947476,TRUE,FALSE,"89953/3796/5476/55860/1211/10427/3797/10540/164/11127/7879/10121/80086/830/10120/22872/161/10382/347688/3127/1759/832/147700/22920/1174/1213/285643/7277","74764/226977/13424/11772/108012/71819/13032/26934/16569/77371/228421/16571/16572/53598/16573/16551/11765/229841/110033/68097/12330/59288/19141/19349/19348/13030/67300/16768/13033/65972","MHC class II antigen presentation",-0.35305577369505,0.35305577369505,"shared negative"
"Reactome","ROS and RNS production in phagocytes","R-HSA-1222556","R-MMU-1222556","ROS and RNS production in phagocytes","ROS and RNS production in phagocytes",-1.83311756799477,-2.18448453964609,0.00766973180983054,0.000629127851932323,-2.11521982191113,-3.20126108786734,TRUE,TRUE,"9550/9296/4689/9114/23545/50617/535/533/51606/528/523/10312","21871/11975/17969/74096/11974/108664/66144/11984/11973/114143/11966/11964/66335/73834/11972","ROS and RNS production in phagocytes",0.35136697165132,0.35136697165132,"shared negative"
"Reactome","HS-GAG degradation","R-HSA-2024096","R-MMU-2024096","HS-GAG degradation","HS-GAG degradation",1.49347083990746,1.83977573331426,0.13310094161158,0.0330584230156803,0.875818872134139,1.48071786739866,FALSE,TRUE,"375790/1514/138050/9672/2239/10082/3423/3425/10855","11603/52120/15529/27029/14733/13039/27419/15442/15931/23888","HS-GAG degradation",-0.3463048934068,0.3463048934068,"shared positive"
"Reactome","Interleukin-6 family signaling","R-HSA-6783589","R-MMU-6783589","Interleukin-6 family signaling","Interleukin-6 family signaling",1.15824428901325,1.49915047200887,0.485429457978478,0.213992442689314,0.313873872319469,0.669601563829703,FALSE,FALSE,"9180/3976/7297/3977/3589/5781/133396/6772","18414/12931/16156/12702/16157/16878/16452/54721/16193/20848/13019","Interleukin-6 family signaling",-0.34090618299562,0.34090618299562,"shared positive"
"Reactome","Mitophagy","R-HSA-5205647","R-MMU-5205647","Mitophagy","Mitophagy",-1.26779620068502,-0.930432375391686,0.281553121888778,0.899352061149903,-0.550439652796236,-0.0460702656817271,FALSE,FALSE,"7323/7334/29110/9868/84557/55669/1460/401505/65018/139341/8878/7322/6714","11793/67952/22186/22195/93765/56480/13001/22190/71648/67443/67526","Mitophagy",-0.337363825293334,0.337363825293334,"shared negative"
"Reactome","mTORC1-mediated signalling","R-HSA-166208","R-MMU-166208","mTORC1-mediated signalling","mTORC1-mediated signalling",-1.35231360669358,-1.01704298167516,0.211490018263115,0.805184024849045,-0.674710125289164,-0.0941048502621863,FALSE,FALSE,"389541/8649/1978/6198/28956/10670/64121/55004","54170/56692/52187","mTORC1-mediated signalling",-0.33527062501842,0.33527062501842,"shared negative"
"Reactome","Apoptotic execution phase","R-HSA-75153","R-MMU-75153","Apoptotic execution phase","Apoptotic execution phase",1.03012350355029,0.696381061678187,0.594777337983828,1,0.225645587184495,0,FALSE,FALSE,"1676/1829/1832/9414/840/5062/28988/63967/51765/4001","22352/14272/227700/11518/74006/12369/14453/227753/14083","Apoptotic execution phase",0.333742441872103,0.333742441872103,"shared positive"
"Reactome","Acyl chain remodelling of PE","R-HSA-1482839","R-MMU-1482839","Acyl chain remodelling of PE","Acyl chain remodelling of PE",-1.12714926413917,-0.794282649639081,0.47404419915564,0.996985357450474,-0.32418116348521,-0.00131122004858297,FALSE,FALSE,"283748/63874/10162/123745/11145/5321/8398","271844/211429/232889/225845/218121/99010","Acyl chain remodelling of PE",-0.332866614500089,0.332866614500089,"shared negative"
"Reactome","TNF receptor superfamily (TNFSF) members mediating non-canonical NF-kB pathway","R-HSA-5676594","R-MMU-5676594","TNF receptor superfamily (TNFSF) members mediating non-canonical NF-kB pathway","TNF receptor superfamily (TNFSF) members mediating non-canonical NF-kB pathway",0.831678400607513,0.502652981827446,0.806404823112298,1,0.0934468833727655,0,FALSE,FALSE,"51330/958/7187/9020/115650","27279/21944/11796/21934","TNF receptor superfamily (TNFSF) members mediating non-canonical NF-kB pathway",0.329025418780067,0.329025418780067,"shared positive"
"Reactome","RIPK1-mediated regulated necrosis","R-HSA-5213460","R-MMU-5213460","RIPK1-mediated regulated necrosis","RIPK1-mediated regulated necrosis",0.965577209799973,0.637789517674543,0.700429142450771,1,0.154635792711006,0,FALSE,FALSE,"8795/3320/6233/10211/355/8837/8737","14251/108155/74568/14082/71609/14252/12370/12539/12633/78294/11796/11798","RIPK1-mediated regulated necrosis",0.32778769212543,0.32778769212543,"shared positive"
"Reactome","Regulation of necroptotic cell death","R-HSA-5675482","R-MMU-5675482","Regulation of necroptotic cell death","Regulation of necroptotic cell death",0.965577209799973,0.637789517674543,0.700429142450771,1,0.154635792711006,0,FALSE,FALSE,"8795/3320/6233/10211/355/8837/8737","14251/108155/74568/14082/71609/14252/12370/12539/12633/78294/11796/11798","Regulation of necroptotic cell death",0.32778769212543,0.32778769212543,"shared positive"
"Reactome","LDL clearance","R-HSA-8964038","R-MMU-8964038","LDL clearance","LDL clearance",-1.0844989563042,-1.41110423097524,0.526731902590904,0.382529823523612,-0.278410376915734,-0.417334699891225,FALSE,FALSE,"26119/1175/8435/338/160/1211/4864/161/1213","67963/320024/11772/16889/18145/67300","LDL clearance",0.32660527467104,0.32660527467104,"shared negative"
"Reactome","Inositol phosphate metabolism","R-HSA-1483249","R-MMU-1483249","Inositol phosphate metabolism","Inositol phosphate metabolism",1.06815489164049,0.743733793050317,0.523849217375197,1,0.280793700583731,0,FALSE,FALSE,"10762/9883/55746/3705/23636/11097/9651/51196/113026/348995/3707/5336/23225/57122/55190/27124/84812/3628/8821/23279","16330/227399/18798/320634/72787/71780/18795/71207/69718/56409/110379/66679","Inositol phosphate metabolism",0.324421098590173,0.324421098590173,"shared positive"
"Reactome","Plasma lipoprotein assembly","R-HSA-8963898","R-MMU-8963898","Plasma lipoprotein assembly","Plasma lipoprotein assembly",-0.870204630239495,-1.19353912916498,0.79965129407057,0.646610439671913,-0.0970993556028063,-0.189357287885143,FALSE,FALSE,"4547/5034/338/5568","18749/18747/17777/11816","Plasma lipoprotein assembly",0.323334498925485,0.323334498925485,"shared negative"
"Reactome","Glyoxylate metabolism and glycine degradation","R-HSA-389661","R-MMU-389661","Glyoxylate metabolism and glycine degradation","Glyoxylate metabolism and glycine degradation",-0.600551404541872,-0.922997670796405,0.972310440651052,0.885259640413209,-0.012195050777188,-0.052929335108724,FALSE,FALSE,"189/112817/1610/1738/2806","68133/66128/18293/14711/434437","Glyoxylate metabolism and glycine degradation",0.322446266254533,0.322446266254533,"shared negative"
"Reactome","RHOV GTPase cycle","R-HSA-9013424","R-MMU-9013424","RHOV GTPase cycle","RHOV GTPase cycle",-1.00816882965473,-1.32902006410995,0.651574687701601,0.401897181486126,-0.186035795457825,-0.395885039514148,FALSE,FALSE,"4690/9815/5058/50855/171177/9352/5295/8239/1213","20742/74201/54126/214230/13836/26403/101565/216963/59009/75415/58220/67300","RHOV GTPase cycle",0.32085123445522,0.32085123445522,"shared negative"
"Reactome","Inwardly rectifying K+ channels","R-HSA-1296065","R-MMU-1296065","Inwardly rectifying K+ channels","Inwardly rectifying K+ channels",0.688720654892469,1.00741049845193,0.952112031229643,0.82300197181091,0.0213119469073016,0.0845991242706321,FALSE,FALSE,"2791/55970/3772","14701/14693/14708/16518/14688/14696/14706/14702","Inwardly rectifying K+ channels",-0.318689843559461,0.318689843559461,"shared positive"
"Reactome","Interferon gamma signaling","R-HSA-877300","R-MMU-877300","Interferon gamma signaling","Interferon gamma signaling",1.13865228663708,0.82254484502227,0.409959047584532,0.9901851067691,0.387259524490888,0.0042836101158656,FALSE,FALSE,"3133/6672/567/3460/2635/4502/5371/10475/85363/5770/3106/10346/960/9830/55223/3459/7706/7726/3661/5781/3115/117854/3107/6772","12702/108058/26417/12703/16452/19255/110157/15979/12323","Interferon gamma signaling",0.31610744161481,0.31610744161481,"shared positive"
"Reactome","Phase 4 - resting membrane potential","R-HSA-5576886","R-MMU-5576886","Phase 4 - resting membrane potential","Phase 4 - resting membrane potential",-1.01824587193899,-0.705562990503207,0.612518157294044,1,-0.212881032684688,0,FALSE,FALSE,"338567/51305/10089/3759","16530/16529/16528/211480","Phase 4 - resting membrane potential",-0.312682881435783,0.312682881435783,"shared negative"
"Reactome","trans-Golgi Network Vesicle Budding","R-HSA-199992","R-MMU-199992","trans-Golgi Network Vesicle Budding","trans-Golgi Network Vesicle Budding",-1.45283519166793,-1.14514288315484,0.08044817194116,0.636764331551519,-1.09448382011544,-0.196021271658892,FALSE,FALSE,"1211/9685/9698/23557/164/8546/408/6643/1176/51429/6810/81567/152503/1174/1213/8673/84062/1522","170760/67602/18704/21985/107338/11765/64138/74325/20661/67300/22134/16004","trans-Golgi Network Vesicle Budding",-0.30769230851309,0.30769230851309,"shared negative"
"Reactome","Amino acid transport across the plasma membrane","R-HSA-352230","R-MMU-352230","Amino acid transport across the plasma membrane","Amino acid transport across the plasma membrane",1.65184279633972,1.34415263293549,0.0549879188862833,0.435019986350785,1.25973271663939,0.361490789568438,FALSE,FALSE,"6541/23428/6509/123096/8140/6542/55117/6510/81539/23657/8501","26570/20539/17254/11987/67760","Amino acid transport across the plasma membrane",0.30769016340423,0.30769016340423,"shared positive"
"Reactome","Regulation of signaling by CBL","R-HSA-912631","R-MMU-912631","Regulation of signaling by CBL","Regulation of signaling by CBL",-1.42641272844573,-1.73234513575019,0.158342665173572,0.0733249397335036,-0.800402049427666,-1.13474828529821,FALSE,FALSE,"2889/2534/29760/1398/5295/5290","12928/22190/17096/74769/18710/12929","Regulation of signaling by CBL",0.30593240730446,0.30593240730446,"shared negative"
"Reactome","Nucleotide salvage","R-HSA-8956321","R-MMU-8956321","Nucleotide salvage","Nucleotide salvage",0.966696537760914,1.27246931653005,0.68632844100312,0.504744413835323,0.163468003856252,0.296928478830919,FALSE,FALSE,"7378/8226/7083/1716/353/51292/54963/83549","15452/27369/22271/80914/68556/109674/11717/75894/11534/11821/11486/66355/21877/105446","Nucleotide salvage",-0.305772778769136,0.305772778769136,"shared positive"
"Reactome","COPI-dependent Golgi-to-ER retrograde traffic","R-HSA-6811434","R-MMU-6811434","COPI-dependent Golgi-to-ER retrograde traffic","COPI-dependent Golgi-to-ER retrograde traffic",-1.54531523961242,-1.2405644271686,0.0269486417896737,0.435019986350785,-1.5694631183479,-0.361490789568438,TRUE,FALSE,"11127/55614/80086/51226/26958/10749/10382/23095/9276/347688/381/1314/147700/22920/285643/55605/7277","66676/26951/26934/16569/56334/70349/16561/228421/16571/16572/16573/100502766/107338/16551/11842/229841/110033/19324/108123/16580/19348/240641/16554/16564/70218/17957","COPI-dependent Golgi-to-ER retrograde traffic",-0.30475081244382,0.30475081244382,"shared negative"
"Reactome","Cristae formation","R-HSA-8949613","R-MMU-8949613","Cristae formation","Cristae formation",0.921565618922437,0.621084695741912,0.750192926045016,1,0.124827035352051,0,FALSE,FALSE,"4508/513/539/9556/514/4509/9551","67942/11951","Cristae formation",0.300480923180525,0.300480923180525,"shared positive"
"Reactome","Signaling by SCF-KIT","R-HSA-1433557","R-MMU-1433557","Signaling by SCF-KIT","Signaling by SCF-KIT",-1.20095198593609,-0.901098639193467,0.322955831195755,0.938049969069171,-0.490856869556266,-0.0277740265324574,FALSE,FALSE,"4254/3265/2534/4318/6774/5777/6776/6714/5295/3717/5290","17096/18710/14159","Signaling by SCF-KIT",-0.299853346742623,0.299853346742623,"shared negative"
"Reactome","RNA Polymerase III Transcription Initiation From Type 1 Promoter","R-HSA-76061","R-MMU-76061","RNA Polymerase III Transcription Initiation From Type 1 Promoter","RNA Polymerase III Transcription Initiation From Type 1 Promoter",1.15667514226182,0.86975171071819,0.451746755146346,0.94084996636017,0.345104958251475,0.0264796262825296,FALSE,FALSE,"112495/27297/9328/661/2971/55814/2975/10622/2972","26939/70428/66596","RNA Polymerase III Transcription Initiation From Type 1 Promoter",0.28692343154363,0.28692343154363,"shared positive"
"Reactome","Metal ion SLC transporters","R-HSA-425410","R-MMU-425410","Metal ion SLC transporters","Metal ion SLC transporters",0.881277820697905,1.16291651304897,0.795620478025537,0.645845196898681,0.0992940473436833,0.18987156588922,FALSE,FALSE,"9187/6546/23516/7779/64116/55630/84679","12870/109552/94249/331004/338365/106947","Metal ion SLC transporters",-0.281638692351065,0.281638692351065,"shared positive"
"Reactome","ADP signalling through P2Y purinoceptor 12","R-HSA-392170","R-MMU-392170","ADP signalling through P2Y purinoceptor 12","ADP signalling through P2Y purinoceptor 12",0.857231710486516,1.13744548935189,0.802269503546099,0.668758126385245,0.0956797162025558,0.17473092762817,FALSE,FALSE,"2791/2770/55970","14701/14693/14708/14688/14696/14706/14702","ADP signalling through P2Y purinoceptor 12",-0.280213778865374,0.280213778865374,"shared positive"
"Reactome","RNA Polymerase I Promoter Clearance","R-HSA-73854","R-MMU-73854","RNA Polymerase I Promoter Clearance","RNA Polymerase I Promoter Clearance",-1.25913662362551,-0.98045961634529,0.199604743083004,0.848096548560945,-0.699829143057156,-0.0715547042050218,FALSE,FALSE,"8337/8294/5928/8359/3021/5440/8355/7343/333932/9013/3020/8362/8348/5435/57459/8344/902/9219/9533/8368/3065/8363/2965/1107/8341/1108/653604/8331/51082/8338/2648/5931/404672/8932/10919/8850/5595","69833/319955/209357/23942/21374/75316/13871/106298/66136/22130/66467/216848/234366/14884/17420/107932/229542","RNA Polymerase I Promoter Clearance",-0.27867700728022,0.27867700728022,"shared negative"
"Reactome","Sensory perception of taste","R-HSA-9717189","R-MMU-9717189","Sensory perception of taste","Sensory perception of taste",-0.962513764463206,-1.24063279104746,0.701739279047143,0.593290135045116,-0.153824213657874,-0.226732872850965,FALSE,FALSE,"6324/3759/3710","83770/110326/83771/16440","Sensory perception of taste",0.278119026584254,0.278119026584254,"shared negative"
"Reactome","Cobalamin (Cbl, vitamin B12) transport and metabolism","R-HSA-196741","R-MMU-196741","Cobalamin (Cbl, vitamin B12) transport and metabolism","Cobalamin (Cbl, vitamin B12) transport and metabolism",0.801740561995863,1.07762780818102,0.854633520074697,0.772148788757309,0.0682200774701627,0.112299005480207,FALSE,FALSE,"51293/4548/5826","77697/17250/67096/17850","Cobalamin (Cbl, vitamin B12) transport and metabolism",-0.275887246185157,0.275887246185157,"shared positive"
"Reactome","Protein hydroxylation","R-HSA-9629569","R-MMU-9629569","Protein hydroxylation","Protein hydroxylation",0.94683783793585,1.22200889078425,0.725487001865033,0.570496711757472,0.139370364161959,0.243746854435426,FALSE,FALSE,"6228/444/91433/55239","13494/13495/26961/22185/67014","Protein hydroxylation",-0.2751710528484,0.2751710528484,"shared positive"
"Reactome","Synthesis of PIPs at the plasma membrane","R-HSA-1660499","R-MMU-1660499","Synthesis of PIPs at the plasma membrane","Synthesis of PIPs at the plasma membrane",-1.01555993578562,-1.28923609212022,0.59227551119443,0.406403162055336,-0.227476223754455,-0.391042921644803,FALSE,FALSE,"55613/8898/375/80230/8897/5291/79837/51552/64419/65977/59339/5295/8395/5290/81846/5728","320207/18704/18720/19341/16332/271457/74769/18710/117150","Synthesis of PIPs at the plasma membrane",0.2736761563346,0.2736761563346,"shared negative"
"Reactome","Basigin interactions","R-HSA-210991","R-MMU-210991","Basigin interactions","Basigin interactions",1.83917987949238,1.56863543352984,0.00923154879437894,0.262379418963218,2.03472543045569,0.581070234011524,TRUE,FALSE,"5478/3897/4312/682/9123/23428/3675/8140/23657/481","26570/20539/66053/17254/16403/268373","Basigin interactions",0.27054444596254,0.27054444596254,"shared positive"
"Reactome","IKK complex recruitment mediated by RIP1","R-HSA-937041","R-MMU-937041","IKK complex recruitment mediated by RIP1","IKK complex recruitment mediated by RIP1",-0.856237883562497,-0.587526272968591,0.809665597801191,1,-0.0916943132402022,0,FALSE,FALSE,"7323/7334/11035/1147/929/7321/7322","22186/93765/22190/22034","IKK complex recruitment mediated by RIP1",-0.268711610593906,0.268711610593906,"shared negative"
"Reactome","RNA Polymerase I Transcription","R-HSA-73864","R-MMU-73864","RNA Polymerase I Transcription","RNA Polymerase I Transcription",-1.24074811028551,-0.974195277199404,0.238412708539347,0.848096548560945,-0.622670598338648,-0.0715547042050218,FALSE,FALSE,"8337/8294/5928/8359/3021/5440/8355/7343/333932/9013/3020/8362/8348/5435/57459/8344/902/9219/9533/8368/3065/8363/2965/1107/8341/1108/653604/8331/51082/8338/2648/5931/404672/8932/10919/8850/5595","19285/69833/319955/209357/23942/21374/75316/13871/106298/66136/22130/66467/216848/234366/14884/17420/107932/229542","RNA Polymerase I Transcription",-0.266552833086106,0.266552833086106,"shared negative"
"Reactome","WNT ligand biogenesis and trafficking","R-HSA-3238698","R-MMU-3238698","WNT ligand biogenesis and trafficking","WNT ligand biogenesis and trafficking",-1.43442929344079,-1.69801259226474,0.160105438602848,0.113989132613658,-0.795593915331861,-0.943136551039777,FALSE,FALSE,"54361/7475/7484/51699/79971/55737/7483/7480/80326","30930/22410/54198/216795/56433/65114","WNT ligand biogenesis and trafficking",0.26358329882395,0.26358329882395,"shared negative"
"Reactome","SHC1 events in ERBB2 signaling","R-HSA-1250196","R-MMU-1250196","SHC1 events in ERBB2 signaling","SHC1 events in ERBB2 signaling",0.887015286808726,1.14747409916525,0.782102778582964,0.668758126385245,0.106736171187696,0.17473092762817,FALSE,FALSE,"1956/5578/6464","13874/13866/20416/18754","SHC1 events in ERBB2 signaling",-0.260458812356524,0.260458812356524,"shared positive"
"Reactome","NRIF signals cell death from the nucleus","R-HSA-205043","R-MMU-205043","NRIF signals cell death from the nucleus","NRIF signals cell death from the nucleus",-1.02637478300617,-0.766703131032396,0.594777337983828,0.996844603983326,-0.225645587184495,-0.00137253766881647,FALSE,FALSE,"51107/8878/55851","22190/22034/18049","NRIF signals cell death from the nucleus",-0.259671651973774,0.259671651973774,"shared negative"
"Reactome","APC-Cdc20 mediated degradation of Nek2A","R-HSA-179409","R-MMU-179409","APC-Cdc20 mediated degradation of Nek2A","APC-Cdc20 mediated degradation of Nek2A",-1.07010314411408,-0.810988063060136,0.508191691722403,0.990442967308237,-0.2939724393813,-0.00417052739089949,FALSE,FALSE,"10393/8881/51433/64682/7321/29882/29945","107995/12237/22190/18005/12236","APC-Cdc20 mediated degradation of Nek2A",-0.259115081053944,0.259115081053944,"shared negative"
"Reactome","RHO GTPases activate PKNs","R-HSA-5625740","R-MMU-5625740","RHO GTPases activate PKNs","RHO GTPases activate PKNs",-1.23827702789124,-0.982236371312132,0.229792935058346,0.848096548560945,-0.638663327746696,-0.0715547042050218,FALSE,FALSE,"8337/8294/8359/3021/3817/5500/8355/333932/4660/3020/354/8362/5586/8348/8344/8368/8363/10398/103910/8341/653604/7533/7531/4627/5058/8331/10499/8338/4629","22629/18607/329251/22627/11852","RHO GTPases activate PKNs",-0.256040656579108,0.256040656579108,"shared negative"
"Reactome","Signaling by Insulin receptor","R-HSA-74752","R-MMU-74752","Signaling by Insulin receptor","Signaling by Insulin receptor",-2.12499185035902,-1.87691243437132,0.000177255167602357,0.00545034000170317,-3.75140109477128,-2.26357640483203,TRUE,TRUE,"9550/9296/3265/2255/9114/2260/537/23545/50617/535/533/5295/51606/528/5290/3416/2263/5595/5140/523/10312/2252","18607/14171/11984/19246/11973/114143/14388/74769/384783/16367/11966/11964/66335/13033/73834/11972","Signaling by Insulin receptor",-0.2480794159877,0.2480794159877,"shared negative"
"Reactome","Cardiac conduction","R-HSA-5576891","R-MMU-5576891","Cardiac conduction","Cardiac conduction",-1.34484071133121,-1.09685610134655,0.0847175788048709,0.685028248587571,-1.07202646468893,-0.164291519087505,FALSE,FALSE,"801/490/480/476/53822/4882/338567/6261/818/483/51305/488/487/10089/6324/492/817/3759/4881/3710/204851/10768/775/8850/3708/4311","16440/22063/20866/16511/211480/11931/12295/110891/13400","Cardiac conduction",-0.24798460998466,0.24798460998466,"shared negative"
"Reactome","Integrin cell surface interactions","R-HSA-216083","R-MMU-216083","Integrin cell surface interactions","Integrin cell surface interactions",1.75442167371967,2.00226904080482,0.0029247906464467,0.00209237134542873,2.53390521482861,2.67936123617251,TRUE,TRUE,"1282/1294/1284/1293/3371/1292/83700/1291/375790/1288/682/3676/3696/3675/22801/7057/1287/960/80781/1299/1295","20750/12826/14118/12833/16423/12834/21923/107581/241226/12832/12825/12827/16419/16403/14268","Integrin cell surface interactions",-0.24784736708515,0.24784736708515,"shared positive"
"Reactome","Transcriptional activity of SMAD2/SMAD3:SMAD4 heterotrimer","R-HSA-2173793","R-MMU-2173793","Transcriptional activity of SMAD2/SMAD3:SMAD4 heterotrimer","Transcriptional activity of SMAD2/SMAD3:SMAD4 heterotrimer",-1.25904692999264,-1.01234111086268,0.276230517688028,0.79998281823844,-0.558728342660509,-0.096919340538515,FALSE,FALSE,"1025/4221/51592/904/4089/3726/7321/5494/9611/1024/7050/2033/8239/5595","228839/66354/26413/22186/18550/72949/17283/22190/20683/12455/20482","Transcriptional activity of SMAD2/SMAD3:SMAD4 heterotrimer",-0.24670581912996,0.24670581912996,"shared negative"
"Reactome","Downregulation of ERBB2 signaling","R-HSA-8863795","R-MMU-8863795","Downregulation of ERBB2 signaling","Downregulation of ERBB2 signaling",1.05123871853394,0.80478359493223,0.579784733391068,0.992097137429153,0.236733224461027,0.00344580346664124,FALSE,FALSE,"1956/3320/26469/6233","13874/11651/13866","Downregulation of ERBB2 signaling",0.24645512360171,0.24645512360171,"shared positive"
"Reactome","Cell surface interactions at the vascular wall","R-HSA-202733","R-MMU-202733","Cell surface interactions at the vascular wall","Cell surface interactions at the vascular wall",1.60427613158327,1.36103865608893,0.00999942458720343,0.333597883597884,2.00002499057924,0.476776713264143,TRUE,FALSE,"5478/8795/8793/3897/4267/83700/4312/682/7040/3676/140885/2995/9672/9123/23428/3675/960/8140/10544/83692/2621","26570/20539/16423/66053/17254/21824/16403/14268/20340/268373/15461/20416/19128/18706/20779/11600/50915/18709/16818/14360/16416/80879/26365/18803","Cell surface interactions at the vascular wall",0.24323747549434,0.24323747549434,"shared positive"
"Reactome","Recruitment of NuMA to mitotic centrosomes","R-HSA-380320","R-MMU-380320","Recruitment of NuMA to mitotic centrosomes","Recruitment of NuMA to mitotic centrosomes",1.14610160870906,0.904227585627715,0.390436903279369,0.9400675024108,0.408449140459352,0.0268409603662886,FALSE,FALSE,"5116/653784/22995/55835/3320/55755/22994/55142/93323/22981/10142/9738/23354/54801/8481/84131/9662/10806/85378/80097/11190/80321/7840/80254/1454/55722/54820/11064/55125/121441/115106/10426/84790/10383/203068/54930/7283/9793/440145","22154/22142/67951/22143/227613/22628/225745/22146/12009/22152/69654/19088/67203/18472","Recruitment of NuMA to mitotic centrosomes",0.241874023081345,0.241874023081345,"shared positive"
"Reactome","Nonsense Mediated Decay (NMD) independent of the Exon Junction Complex (EJC)","R-HSA-975956","R-MMU-975956","Nonsense Mediated Decay (NMD) independent of the Exon Junction Complex (EJC)","Nonsense Mediated Decay (NMD) independent of the Exon Junction Complex (EJC)",2.3309810107919,2.08946682607426,1.04609308489304e-07,8.84385490713248e-05,6.98042966876061,4.05335839109882,TRUE,TRUE,"6187/6130/6128/6228/6146/3921/6159/6129/6171/116832/6133/6218/6231/6230/6136/6224/6144/23521/6232/51121/6124/9045/6158/6189/6122/6233/6201/6170/6173/6235/6210/6204/6234/6205/6137/6141/22916","27207/27050/27370/20091/68028/18458/26961/20085/67427/20103/27367/19934/16898/268449/68092/76808/270106/56040/14852/67115/269261/16785/208643/20102/67281/19981/67891/11837/100043813/20090/19944/68052/20116/19982/20104/67097/100502825/22121/19943/20084/100503670/75617/67025/66480/19942/19988/20115/76846/54127/20005/57294","Nonsense Mediated Decay (NMD) independent of the Exon Junction Complex (EJC)",0.24151418471764,0.24151418471764,"shared positive"
"Reactome","Ion channel transport","R-HSA-983712","R-MMU-983712","Ion channel transport","Ion channel transport",-1.81850403770312,-1.57719516587239,0.000198304970810257,0.04790827197662,-3.70266639941846,-1.31958949360758,TRUE,TRUE,"23200/801/490/57101/11035/480/84239/53373/11059/57194/476/80036/53822/6446/65266/54822/65125/6261/9550/818/9296/41/57192/483/9114/488/487/79895/9914/7226/1180/57578/537/23545/492/817/50617/535/1184/538/533/51606/528/26133/94015/285175/374868/523/10312","101772/56407/12723/26373/21871/11975/22186/50770/94178/11974/246788/14605/108664/66144/252972/11979/22063/22190/22368/105722/11977/11984/11973/114143/14628/13830/212989/11931/11966/12724/11964/66335/73834/11972/12728","Ion channel transport",-0.24130887183073,0.24130887183073,"shared negative"
"Reactome","EGFR downregulation","R-HSA-182971","R-MMU-182971","EGFR downregulation","EGFR downregulation",0.950545153395201,0.710559318778607,0.719303589513641,1,0.143087772450392,0,FALSE,FALSE,"1956/6233/6455/7039","13874/58194/13858/12540/24064/11839/19248/24063/13649","EGFR downregulation",0.239985834616594,0.239985834616594,"shared positive"
"Reactome","Apoptotic factor-mediated response","R-HSA-111471","R-MMU-111471","Apoptotic factor-mediated response","Apoptotic factor-mediated response",1.2425669901975,1.47179501733837,0.351136943273645,0.356479690522244,0.454523475815634,0.447965207874868,FALSE,FALSE,"54205/55075/1687/840/22900","69146/74268/26417/12369/54722/12028/56369","Apoptotic factor-mediated response",-0.22922802714087,0.22922802714087,"shared positive"
"Reactome","Keratan sulfate degradation","R-HSA-2022857","R-MMU-2022857","Keratan sulfate degradation","Keratan sulfate degradation",-1.00983180673946,-0.782235021680647,0.63696492924321,0.996844603983326,-0.195884478897689,-0.00137253766881647,FALSE,FALSE,"4958/79411/3073/4969","15211","Keratan sulfate degradation",-0.227596785058813,0.227596785058813,"shared negative"
"Reactome","Nuclear Envelope (NE) Reassembly","R-HSA-2995410","R-MMU-2995410","Nuclear Envelope (NE) Reassembly","Nuclear Envelope (NE) Reassembly",0.952502019542254,1.17759291227616,0.727991057662658,0.587480496017081,0.137873955345775,0.231006547120503,FALSE,FALSE,"9883/2010/23141/55746/8815/23636/51652/27183/25909/3930/348995/9798/221496/4001","22142/319965/67951/22143/12442/227613/72787/22146/22152/208092/100088/66700/19384/13726/110379","Nuclear Envelope (NE) Reassembly",-0.225090892733906,0.225090892733906,"shared positive"
"Reactome","Transferrin endocytosis and recycling","R-HSA-917977","R-MMU-917977","Transferrin endocytosis and recycling","Transferrin endocytosis and recycling",-2.29296187600087,-2.06916644858182,6.65695629871699e-05,0.00353840220398715,-4.17672429407557,-2.45119280312659,TRUE,TRUE,"9550/9296/57192/9114/537/23545/50617/535/533/51606/528/523/10312","21871/11975/94178/11974/68428/108664/66144/11984/11973/114143/11966/11964/66335/73834/11972","Transferrin endocytosis and recycling",-0.22379542741905,0.22379542741905,"shared negative"
"Reactome","Pyroptosis","R-HSA-5620971","R-MMU-5620971","Pyroptosis","Pyroptosis",1.05293022855062,1.27546955212101,0.568306220095694,0.504744413835323,0.245417590588292,0.296928478830919,FALSE,FALSE,"54205/837/1687/51652","69146/12363/208092/66700/54722/12028","Pyroptosis",-0.22253932357039,0.22253932357039,"shared positive"
"Reactome","p75 NTR receptor-mediated signalling","R-HSA-193704","R-MMU-193704","p75 NTR receptor-mediated signalling","p75 NTR receptor-mediated signalling",-1.02650057736851,-0.81150256027496,0.568306220095694,1,-0.245417590588292,0,FALSE,FALSE,"51107/89846/5584/29/6868/128272/7531/8841/9500/9828/8878/4790/50650/7984/55160/26230/55851/10451/8997","22186/223435/54126/71704/75547/12125/230098/12367/102098/22190/12070/22034/57257/13605/18049/22627/18035","p75 NTR receptor-mediated signalling",-0.21499801709355,0.21499801709355,"shared negative"
"Reactome","L13a-mediated translational silencing of Ceruloplasmin expression","R-HSA-156827","R-MMU-156827","L13a-mediated translational silencing of Ceruloplasmin expression","L13a-mediated translational silencing of Ceruloplasmin expression",2.01953369862902,2.23374854729427,3.67140575306773e-05,1.8706741154016e-06,4.43516761588269,5.72800186306646,TRUE,TRUE,"6187/6130/6128/6228/6146/3921/6159/6129/6171/116832/6133/6218/6231/6230/6136/6224/6144/23521/6232/51121/6124/9045/8665/6158/6189/6122/6233/6201/6170/6173/6235/6210/6204/1968/6234/6205/6137/6141/7458/6139/1964/8666","27207/27979/27050/27370/54709/20091/13681/68028/18458/26961/20085/67427/20103/27367/19934/16898/73830/268449/76808/16341/270106/56040/67115/269261/16785/208643/20102/67281/19981/67891/11837/100043813/55944/20090/19944/68052/20116/66085/19982/20104/67097/100502825/22121/19943/20084/100503670/98221/75617/67025/66480/75705/19942/53356/22384/19988/20115/76846/54127/20005/57294/67204/110954/19989","L13a-mediated translational silencing of Ceruloplasmin expression",-0.21421484866525,0.21421484866525,"shared positive"
"Reactome","CRMPs in Sema3A signaling","R-HSA-399956","R-MMU-399956","CRMPs in Sema3A signaling","CRMPs in Sema3A signaling",1.12068989574448,1.33309376552414,0.509244577102053,0.471146970330693,0.293073587064556,0.326843597229444,FALSE,FALSE,"1400/56896/1808/8829/10570","18846/20346/18186/22240/12568","CRMPs in Sema3A signaling",-0.21240386977966,0.21240386977966,"shared positive"
"Reactome","Non-integrin membrane-ECM interactions","R-HSA-3000171","R-MMU-3000171","Non-integrin membrane-ECM interactions","Non-integrin membrane-ECM interactions",1.51341728231261,1.72095654146035,0.0468130669915943,0.0431886103455045,1.32963290482659,1.36463076976562,TRUE,TRUE,"1282/1284/1301/3371/375790/1288/7040/3912/3910/9672/5578/8910/7057/1287/284217/3911/6443/1821/6641/3913/3914/1289/3915/8082/5154/2247/3673/3688/1277/1837","11475/16775/12826/11603/12832/12825/12827/16419/13528/15529/16403/14268/18214/11461/24052/53867/12814/11465/16416/94216/14173/12831/21803/20392","Non-integrin membrane-ECM interactions",-0.20753925914774,0.20753925914774,"shared positive"
"Reactome","Generation of second messenger molecules","R-HSA-202433","R-MMU-202433","Generation of second messenger molecules","Generation of second messenger molecules",-0.952648184079396,-1.15905517394241,0.71012921424783,0.6859397621618,-0.148662620394992,-0.163714021478962,FALSE,FALSE,"919/7408/3702/5063/3937/3932/7535/2533/4690/5058/3127","234779","Generation of second messenger molecules",0.206406989863014,0.206406989863014,"shared negative"
"Reactome","Purine catabolism","R-HSA-74259","R-MMU-74259","Purine catabolism","Purine catabolism",1.18985610286613,1.3961909760887,0.41974025974026,0.414682805793991,0.377019373069933,0.382283971637669,FALSE,FALSE,"131870/4907/11164/4521/55270","22436/50773/53893/381101/76952/23959","Purine catabolism",-0.20633487322257,0.20633487322257,"shared positive"
"Reactome","Keratan sulfate/keratin metabolism","R-HSA-1638074","R-MMU-1638074","Keratan sulfate/keratin metabolism","Keratan sulfate/keratin metabolism",0.800640226039146,1.006898236814,0.886673579222831,0.803758748964228,0.0522362322916453,0.094874286719408,FALSE,FALSE,"9469/2720/8702/9334/2683/4166/3074/6482/176/2331/9331","53418/54371/20443/20444/20442/50917/18295","Keratan sulfate/keratin metabolism",-0.206258010774854,0.206258010774854,"shared positive"
"Reactome","SMAD2/SMAD3:SMAD4 heterotrimer regulates transcription","R-HSA-2173796","R-MMU-2173796","SMAD2/SMAD3:SMAD4 heterotrimer regulates transcription","SMAD2/SMAD3:SMAD4 heterotrimer regulates transcription",-1.21734003397814,-1.41955197056486,0.340093765379335,0.387690988305238,-0.46840132950853,-0.411514293846527,FALSE,FALSE,"4609/3065/1025/4221/904/4089/3726/1024/7050/2033/5595","26413/22186/18550/72949/17283/22190/20683/12455","SMAD2/SMAD3:SMAD4 heterotrimer regulates transcription",0.20221193658672,0.20221193658672,"shared negative"
"Reactome","Cargo recognition for clathrin-mediated endocytosis","R-HSA-8856825","R-MMU-8856825","Cargo recognition for clathrin-mediated endocytosis","Cargo recognition for clathrin-mediated endocytosis",-0.97044520968362,-1.17104319901472,0.701739279047143,0.558474271320619,-0.153824213657874,-0.252996829855202,FALSE,FALSE,"22905/6844/338/9318/160/27348/50813/1211/115548/30011/6457/408/161/1601/10987/90019/3267/1080/51138/29978/1213/8673","30931/14366/20405/13855/21802/11772/17113/12848/20844/22186/269774/216869/18002/56324/67602/108800/66147/12492/22190/74325/14725/67300/22134/16004","Cargo recognition for clathrin-mediated endocytosis",0.2005979893311,0.2005979893311,"shared negative"
"Reactome","Signal transduction by L1","R-HSA-445144","R-MMU-445144","Signal transduction by L1","Signal transduction by L1",1.0942093636348,0.895522100731799,0.562716080089541,0.938049969069171,0.249710674335299,0.0277740265324574,FALSE,FALSE,"3897/1956/5879/8829/5605/7410","26396/18186/26395/26417/22325/16416/12995","Signal transduction by L1",0.198687262903001,0.198687262903001,"shared positive"
"Reactome","Regulation of PTEN gene transcription","R-HSA-8943724","R-MMU-8943724","Regulation of PTEN gene transcription","Regulation of PTEN gene transcription",-1.49737569565651,-1.29980586262154,0.0831610091188646,0.404997430626927,-1.08008024935385,-0.392547732015176,FALSE,FALSE,"389541/8649/84232/57459/9219/3065/6045/1107/1108/8841/28956/1386/5931/10014/10670/64121/55004/23512/6615/5595","19821/14056/14013/107932/54170/241915/229542/56692/52187","Regulation of PTEN gene transcription",-0.19756983303497,0.19756983303497,"shared negative"
"Reactome","Phospholipid metabolism","R-HSA-1483257","R-MMU-1483257","Phospholipid metabolism","Phospholipid metabolism",-1.16590555904063,-1.36235772383773,0.252289026597967,0.113989132613658,-0.59810163886646,-0.943136551039777,FALSE,FALSE,"57678/80230/6305/7179/8897/5291/79837/25816/1103/51552/200576/64419/375775/51205/283748/63874/9600/1460/9663/65977/57153/10162/59339/90809/123745/23760/9489/10390/1119/9468/11145/22908/9896/5295/8395/5833/5290/9110/81846/284161/162466/5321/8398/23761/5728","54384/68255/56209/52123/106869/114874/231999/69769/271844/211429/219024/52858/14555/83493/270084/14732/237542/74596/102247/103199/320207/232889/13001/12651/225845/56018/18704/192654/18720/218121/226856/66853/64898/19341/110911/55979/14571/11842/50767/16332/271457/234729/18711/74769/99010/18710/170749/117150/13026","Phospholipid metabolism",0.1964521647971,0.1964521647971,"shared negative"
"Reactome","Formation of a pool of free 40S subunits","R-HSA-72689","R-MMU-72689","Formation of a pool of free 40S subunits","Formation of a pool of free 40S subunits",2.10002562923903,2.29461817552681,1.54673673823139e-05,1.68820583081066e-06,4.81058359894631,5.7725746040755,TRUE,TRUE,"6187/6130/6128/6228/6146/3921/6159/6129/6171/116832/6133/6218/6231/6230/6136/6224/6144/23521/6232/51121/6124/9045/8665/6158/6189/6122/6233/6201/6170/6173/6235/6210","27207/27979/27050/27370/54709/20091/68028/26961/20085/67427/20103/27367/19934/16898/73830/268449/76808/16341/270106/56040/67115/269261/16785/20102/67281/19981/67891/11837/100043813/55944/20090/19944/68052/20116/66085/19982/20104/67097/100502825/22121/19943/20084/100503670/98221/75617/67025/66480/19942/53356/19988/20115/76846/54127/20005/57294","Formation of a pool of free 40S subunits",-0.19459254628778,0.19459254628778,"shared positive"
"Reactome","Metabolism of nucleotides","R-HSA-15869","R-MMU-15869","Metabolism of nucleotides","Metabolism of nucleotides",1.66932154029498,1.86286026157614,0.00977859831473887,0.00353840220398715,2.00972339345386,2.45119280312659,TRUE,TRUE,"955/6241/1854/7378/4833/1635/131870/4907/2987/1806/9583/11164/4521/204/2618/55270/1841/205/4830/8226/7083/1716/7295/4831/353/51292/953/2936/7298/54963/83549/51251","22436/20135/11566/56520/320685/14782/23918/15452/229949/108147/12499/14923/11639/55936/50773/22166/69719/66588/382985/27369/50493/53893/381101/22271/76952/22171/14450/80914/68556/23959/67054/109674/11717/12497/75894/103850/231327/93692/237823/11534/51797/54369/75686/11821/56749/23917/11486/66355/74167/21877/105446/110074","Metabolism of nucleotides",-0.19353872128116,0.19353872128116,"shared positive"
"Reactome","Intra-Golgi and retrograde Golgi-to-ER traffic","R-HSA-6811442","R-MMU-6811442","Intra-Golgi and retrograde Golgi-to-ER traffic","Intra-Golgi and retrograde Golgi-to-ER traffic",-1.38850461277728,-1.19516049203149,0.0401245452105103,0.371965428748414,-1.39658987704651,-0.429497422487715,TRUE,FALSE,"5048/5861/7110/372/89953/3796/91949/55860/3797/57511/4121/23647/23046/10540/25839/6293/60560/6811/1315/23299/400/11127/9382/55614/10121/4122/80086/830/51226/26958/10749/10382/22931/23095/9276/347688/381/1314/57134/832/147700/22920/5321/9367/8398/285643/55605/7277","66676/26951/26934/16569/56334/19346/226407/70349/22365/16561/76895/228421/16571/16572/53598/56382/16573/100502766/107338/16551/98732/11842/229841/110033/68097/59288/19324/108123/16580/19348/56418/240641/67474/16554/16564/70218/54214/17957/22134/16004","Intra-Golgi and retrograde Golgi-to-ER traffic",-0.19334412074579,0.19334412074579,"shared negative"
"Reactome","Synthesis of IP3 and IP4 in the cytosol","R-HSA-1855204","R-MMU-1855204","Synthesis of IP3 and IP4 in the cytosol","Synthesis of IP3 and IP4 in the cytosol",0.947050414173926,0.755892421490137,0.719303589513641,1,0.143087772450392,0,FALSE,FALSE,"3705/9651/51196/113026/3707/5336/27124/84812","16330/18798/320634/18795","Synthesis of IP3 and IP4 in the cytosol",0.191157992683789,0.191157992683789,"shared positive"
"Reactome","HDACs deacetylate histones","R-HSA-3214815","R-MMU-3214815","HDACs deacetylate histones","HDACs deacetylate histones",-1.51017385189399,-1.69973584237404,0.058666285222801,0.137100915561243,-1.23161141064707,-0.862959644978044,FALSE,FALSE,"8348/57459/8344/9219/85235/79685/8368/3065/8363/6907/1107/8332/8341/1108/653604/8841/9611/8331/8338/5931/8329/92815","23942/71954/216848/234366/94246/238247/20220/15353/107932/107392/60406/229542","HDACs deacetylate histones",0.18956199048005,0.18956199048005,"shared negative"
"Reactome","Ion homeostasis","R-HSA-5578775","R-MMU-5578775","Ion homeostasis","Ion homeostasis",-1.33077342606648,-1.14416387146611,0.182864764308859,0.645654918752745,-0.737869969430349,-0.18999953606654,FALSE,FALSE,"801/490/480/476/53822/6261/818/483/488/487/492/817/3710/10768/3708","16440/22063/20866/11931/110891/13400","Ion homeostasis",-0.18660955460037,0.18660955460037,"shared negative"
"Reactome","Other interleukin signaling","R-HSA-449836","R-MMU-449836","Other interleukin signaling","Other interleukin signaling",-1.06044166016418,-0.876323240511272,0.568993268949371,0.938049969069171,-0.244892871171601,-0.0277740265324574,FALSE,FALSE,"146433/836/1441/6813/6844/1436/5803/3716/3603/5657/6810/1435","12367/20907/20908","Other interleukin signaling",-0.184118419652908,0.184118419652908,"shared negative"
"Reactome","VEGFR2 mediated vascular permeability","R-HSA-5218920","R-MMU-5218920","VEGFR2 mediated vascular permeability","VEGFR2 mediated vascular permeability",0.818272227137288,0.635147838778904,0.837461026318298,1,0.0770353949761895,0,FALSE,FALSE,"5879/3320/117145/5062/57761/55615/7410/3728","11651/75778/56716/227743/56717/22325/228775/12385/224105/18481","VEGFR2 mediated vascular permeability",0.183124388358384,0.183124388358384,"shared positive"
"Reactome","G beta:gamma signalling through PI3Kgamma","R-HSA-392451","R-MMU-392451","G beta:gamma signalling through PI3Kgamma","G beta:gamma signalling through PI3Kgamma",0.777040816711898,0.958396219884066,0.896092226613966,0.860983397190294,0.0476472900607679,0.0650052232015845,FALSE,FALSE,"2791/55970/5294/54331/2788/2787/59345","11651/14701/14693/14708/14688/14696/14706/14702","G beta:gamma signalling through PI3Kgamma",-0.181355403172168,0.181355403172168,"shared positive"
"Reactome","RNA Polymerase I Transcription Initiation","R-HSA-73762","R-MMU-73762","RNA Polymerase I Transcription Initiation","RNA Polymerase I Transcription Initiation",-1.22998607134235,-1.04964999499022,0.311233899797348,0.772148788757309,-0.506913105470572,-0.112299005480207,FALSE,FALSE,"5435/57459/902/9219/9533/3065/2965/1107/1108/51082/2648/5931/404672/10919/8850","69833/319955/209357/23942/21374/75316/13871/106298/66136/22130/66467/216848/234366/14884/17420/107932/229542","RNA Polymerase I Transcription Initiation",-0.18033607635213,0.18033607635213,"shared negative"
"Reactome","PI-3K cascade:FGFR1","R-HSA-5654689","R-MMU-5654689","PI-3K cascade:FGFR1","PI-3K cascade:FGFR1",-1.13461800416399,-0.954862394556365,0.47404419915564,0.850375664968029,-0.32418116348521,-0.0703891764261047,FALSE,FALSE,"2255/2260/5295/5290","14171/14388","PI-3K cascade:FGFR1",-0.179755609607625,0.179755609607625,"shared negative"
"Reactome","PELO:HBS1L and ABCE1 dissociate a ribosome on a non-stop mRNA","R-HSA-9954714","R-MMU-9954714","PELO:HBS1L and ABCE1 dissociate a ribosome on a non-stop mRNA","PELO:HBS1L and ABCE1 dissociate a ribosome on a non-stop mRNA",2.35789504080408,2.18363062788743,4.52713807957328e-08,3.61302941783365e-05,7.34417625914243,4.44212850232602,TRUE,TRUE,"6187/6130/6128/6228/6146/3921/6159/6129/6171/116832/6133/6218/6231/6230/6136/6224/6144/23521/6232/51121/6124/9045/6158/6189/6122/6233/6201/6170/6173/6235/6210/6204/6234/6205/6137/6141","27207/27050/27370/20091/68028/26961/20085/67427/20103/27367/19934/16898/268449/76808/270106/56040/67115/269261/16785/20102/67281/19981/67891/11837/100043813/20090/19944/68052/20116/19982/20104/67097/100502825/22121/19943/20084/100503670/75617/67025/66480/19942/19988/20115/76846/54127/20005/57294/110954/19989","PELO:HBS1L and ABCE1 dissociate a ribosome on a non-stop mRNA",0.17426441291665,0.17426441291665,"shared positive"
"Reactome","IL-6-type cytokine receptor ligand interactions","R-HSA-6788467","R-MMU-6788467","IL-6-type cytokine receptor ligand interactions","IL-6-type cytokine receptor ligand interactions",1.23747404977087,1.40813735134756,0.3901181865234,0.396431419457735,0.408803803283048,0.401831932500661,FALSE,FALSE,"9180/3976/7297/3977/3589/133396","18414/12931/16156/16157/16878/16452/54721","IL-6-type cytokine receptor ligand interactions",-0.17066330157669,0.17066330157669,"shared positive"
"Reactome","Gamma carboxylation, hypusinylation, hydroxylation, and arylsulfatase activation","R-HSA-163841","R-MMU-163841","Gamma carboxylation, hypusinylation, hydroxylation, and arylsulfatase activation","Gamma carboxylation, hypusinylation, hydroxylation, and arylsulfatase activation",1.27967385772093,1.11088087918709,0.235851583166144,0.684388083133971,0.627361204183967,0.164697561191452,FALSE,FALSE,"6228/79672/444/92715/2621/91433/1802/414/23463/25870/79642/55239/56648/412/1801/415","66632/13629/13494/13495/26961/22185/67014/22021/56316/105638/19128/11881/20104/67902/330817/116905","Gamma carboxylation, hypusinylation, hydroxylation, and arylsulfatase activation",0.16879297853384,0.16879297853384,"shared positive"
"Reactome","Syndecan interactions","R-HSA-3000170","R-MMU-3000170","Syndecan interactions","Syndecan interactions",1.48989793279094,1.32359694275556,0.130569278360035,0.509222393280364,0.884158996171482,0.293092506306179,FALSE,FALSE,"3371/7040/9672/5578/7057/1289/2247/3673/3688/1277/50509","16419/15529/16403/14268","Syndecan interactions",0.16630099003538,0.16630099003538,"shared positive"
"Reactome","RHO GTPases activate PAKs","R-HSA-5627123","R-MMU-5627123","RHO GTPases activate PAKs","RHO GTPases activate PAKs",0.969339280389592,1.13558643234971,0.701739279047143,0.673064792286204,0.153824213657874,0.17194312659633,FALSE,FALSE,"4638/3984/5879/5062","98932/192176","RHO GTPases activate PAKs",-0.166247151960118,0.166247151960118,"shared positive"
"Reactome","RHOH GTPase cycle","R-HSA-9013407","R-MMU-9013407","RHOH GTPase cycle","RHOH GTPase cycle",0.96783158375723,0.801860866444341,0.691426209177346,0.996844603983326,0.160254162130376,0.00137253766881647,FALSE,FALSE,"397/55075/4548/2040/9341/5062/6510/7037/1627","22143/207425/72565/13171/14570/16818/66508/11857/56784/238505/12988/224105","RHOH GTPase cycle",0.165970717312889,0.165970717312889,"shared positive"
"Reactome","Visual phototransduction","R-HSA-2187338","R-MMU-2187338","Visual phototransduction","Visual phototransduction",0.733798652694204,0.899363007201246,0.952112031229643,0.938049969069171,0.0213119469073016,0.0277740265324574,FALSE,FALSE,"64220/375790/9672/9187/5578/2239/10082/2342/4023/3949","11603/20897/15529/14272/241452/16971/14733/17921/239393/23888/14688/65107/110606","Visual phototransduction",-0.165564354507042,0.165564354507042,"shared positive"
"Reactome","Downstream signaling of activated FGFR4","R-HSA-5654716","R-MMU-5654716","Downstream signaling of activated FGFR4","Downstream signaling of activated FGFR4",-0.782846825509396,-0.62036130091246,0.887870569531469,1,-0.0516503394412017,0,FALSE,FALSE,"5295/5290","14171/14388","Downstream signaling of activated FGFR4",-0.162485524596936,0.162485524596936,"shared negative"
"Reactome","Class C/3 (Metabotropic glutamate/pheromone receptors)","R-HSA-420499","R-MMU-420499","Class C/3 (Metabotropic glutamate/pheromone receptors)","Class C/3 (Metabotropic glutamate/pheromone receptors)",-1.10007949503034,-1.25979357353281,0.509244577102053,0.63708122439142,-0.293073587064556,-0.195805193950067,FALSE,FALSE,"2915/2914/2917/2911/2913/846/2918/80834","83770/110326/83771","Class C/3 (Metabotropic glutamate/pheromone receptors)",0.15971407850247,0.15971407850247,"shared negative"
"Reactome","Synthesis of PC","R-HSA-1483191","R-MMU-1483191","Synthesis of PC","Synthesis of PC",-1.14251144550845,-0.984504852155671,0.437383065303242,0.848096548560945,-0.35913803608515,-0.0715547042050218,FALSE,FALSE,"1103/1460/9663/57153/10390/1119/9468/162466","13001/12651/56018/64898/13026","Synthesis of PC",-0.158006593352779,0.158006593352779,"shared negative"
"Reactome","Sialic acid metabolism","R-HSA-4085001","R-MMU-4085001","Sialic acid metabolism","Sialic acid metabolism",0.710369382415245,0.86811789026197,0.94850333701391,0.94084996636017,0.0229611368426062,0.0264796262825296,FALSE,FALSE,"2720/10825/6480/7903/6482/256435/4758/8869","24060/20443/20444/20442","Sialic acid metabolism",-0.157748507846725,0.157748507846725,"shared positive"
"Reactome","Apoptotic cleavage of cellular proteins","R-HSA-111465","R-MMU-111465","Apoptotic cleavage of cellular proteins","Apoptotic cleavage of cellular proteins",0.961643818472747,0.804423563227446,0.691426209177346,0.992097137429153,0.160254162130376,0.00344580346664124,FALSE,FALSE,"1829/1832/9414/840/28988/63967/51765/4001/6304/5588/22985/2339/10134","22352/14272/227700/11518/12369/14453/227753/14083/12370","Apoptotic cleavage of cellular proteins",0.157220255245301,0.157220255245301,"shared positive"
"Reactome","Mitochondrial biogenesis","R-HSA-1592230","R-MMU-1592230","Mitochondrial biogenesis","Mitochondrial biogenesis",0.915224342879364,0.761046540155999,0.780165860109759,1,0.107813058241541,0,FALSE,FALSE,"4508/54205/513/5442/539/9556/7019/514/1387/85441/23408/814/64216/4509/9551/6300/5465/96764","14661/67942/11951/269951","Mitochondrial biogenesis",0.154177802723365,0.154177802723365,"shared positive"
"Reactome","G alpha (12/13) signalling events","R-HSA-416482","R-MMU-416482","G alpha (12/13) signalling events","G alpha (12/13) signalling events",0.743107671486878,0.896159440728741,0.952112031229643,0.9400675024108,0.0213119469073016,0.0268409603662886,FALSE,FALSE,"64857/121512/7074/57580/2791/55970/55701/5924/5364/9639/7410/26084/23370/388/57449/9181/389337/54331/50649/84904/389/1894/6915/2768/2788/11214/2787","213498/11853/14673/101497/14701/16800/14693/14708/16801/235611/14688/22325/54324/14696/52666/14706/14163/207212/14674/14702/442801","G alpha (12/13) signalling events",-0.153051769241863,0.153051769241863,"shared positive"
"Reactome","Signaling by NOTCH1","R-HSA-1980143","R-MMU-1980143","Signaling by NOTCH1","Signaling by NOTCH1",-1.52252466815709,-1.37042162413693,0.0388209801268119,0.416235287707062,-1.41093350402513,-0.380661103829309,TRUE,FALSE,"102/6907/51107/55294/6868/7088/8841/408/8454/9611/8788/1024/2648/9978/10014/9759/23220/2033/55851/8850/3516","22190/74198/433586/333639/16450/207521","Signaling by NOTCH1",-0.15210304402016,0.15210304402016,"shared negative"
"Reactome","S Phase","R-HSA-69242","R-MMU-69242","S Phase","S Phase",-1.01831423843301,-0.866473060508459,0.605914168221068,1,-0.217588892183637,0,FALSE,FALSE,"23244/5690/10213/5719/5685/5684/10393/5718/8881/51433/5885/10735/11047/64682/7321/29882/8454/7979/4175/5694/5717/4149/5689/5701/9978/5686/5709/5691/29945/5707","57441/26442/327762/26428/68999/19075/13006/19687/66634/67177/22186/23997/63955/68275/56438/17420/71988/218914/67967/23834/57296/12566/18968/22190/18969/22390/100710/19891/67849/78833/12428/17217/17215","S Phase",-0.151841177924551,0.151841177924551,"shared negative"
"Reactome","Glutamate binding, activation of AMPA receptors and synaptic plasticity","R-HSA-399721","R-MMU-399721","Glutamate binding, activation of AMPA receptors and synaptic plasticity","Glutamate binding, activation of AMPA receptors and synaptic plasticity",-0.856379325443881,-0.705564166109886,0.818519722143234,1,-0.0869708518479005,0,FALSE,FALSE,"815/5582/10368/1175/5579/10369/160/818/9463/2891/817/161/2036","18752/17920","Glutamate binding, activation of AMPA receptors and synaptic plasticity",-0.150815159333995,0.150815159333995,"shared negative"
"Reactome","Trafficking of AMPA receptors","R-HSA-399719","R-MMU-399719","Trafficking of AMPA receptors","Trafficking of AMPA receptors",-0.856379325443881,-0.705564166109886,0.818519722143234,1,-0.0869708518479005,0,FALSE,FALSE,"815/5582/10368/1175/5579/10369/160/818/9463/2891/817/161/2036","18752/17920","Trafficking of AMPA receptors",-0.150815159333995,0.150815159333995,"shared negative"
"Reactome","SHC-mediated cascade:FGFR4","R-HSA-5654719","R-MMU-5654719","SHC-mediated cascade:FGFR4","SHC-mediated cascade:FGFR4",0.424162315627618,0.574926858818189,1,1,0,0,FALSE,FALSE,"6464/2247/3845/2264","15461/20416/14173","SHC-mediated cascade:FGFR4",-0.150764543190571,0.150764543190571,"shared positive"
"Reactome","RET signaling","R-HSA-8853659","R-MMU-8853659","RET signaling","RET signaling",-0.849529450281418,-0.996587008187604,0.832813647639241,0.843206800333115,-0.0794521664876159,-0.0740658995992257,FALSE,FALSE,"5598/1796/220164/5291/5568/2668/2675/6714/5295/5290","14388/74769/384783/18710","RET signaling",0.147057557906186,0.147057557906186,"shared negative"
"Reactome","Regulation of NF-kappa B signaling","R-HSA-9758274","R-MMU-9758274","Regulation of NF-kappa B signaling","Regulation of NF-kappa B signaling",0.800188932702016,0.945767985222664,0.870113715723867,0.88092124382447,0.0604239854456469,0.055062916674591,FALSE,FALSE,"6233/121457/11274/7157/84166/3551/9684","24110/434341/80750/223664/12370/16151/78294/270151","Regulation of NF-kappa B signaling",-0.145579052520648,0.145579052520648,"shared positive"
"Reactome","EPH-ephrin mediated repulsion of cells","R-HSA-3928665","R-MMU-3928665","EPH-ephrin mediated repulsion of cells","EPH-ephrin mediated repulsion of cells",-1.56637616887783,-1.42156243743509,0.0443478937073946,0.352264406819301,-1.35312700205499,-0.453131236191131,TRUE,FALSE,"2046/102/51107/2041/1211/2051/2534/4313/4318/161/6714/1942/1759/1213/55851/10451/2049","13836/13637/13841/13642/57257/13845/17096/13641/13643/13636/13638","EPH-ephrin mediated repulsion of cells",-0.14481373144274,0.14481373144274,"shared negative"
"Reactome","Glutamate Neurotransmitter Release Cycle","R-HSA-210500","R-MMU-210500","Glutamate Neurotransmitter Release Cycle","Glutamate Neurotransmitter Release Cycle",-0.67285145901515,-0.815997754194372,0.966327895420242,0.970603199728645,-0.0148754833063279,-0.0129582813061201,FALSE,FALSE,"6506/6507/8499/10815/6511/8497/6844/9256/5864/6812","22318/72961/12889/76787/22249/216456/20910/19339/20614/65106/68507/20907","Glutamate Neurotransmitter Release Cycle",0.143146295179222,0.143146295179222,"shared negative"
"Reactome","Synthesis of bile acids and bile salts via 7alpha-hydroxycholesterol","R-HSA-193368","R-MMU-193368","Synthesis of bile acids and bile salts via 7alpha-hydroxycholesterol","Synthesis of bile acids and bile salts via 7alpha-hydroxycholesterol",-0.963568489315819,-0.82049986979971,0.697342334304804,0.955449570438204,-0.156553968816472,-0.0197922304911118,FALSE,FALSE,"6256/9971/570/9420/6342/10499/80270","170789/101502/17977","Synthesis of bile acids and bile salts via 7alpha-hydroxycholesterol",-0.143068619516109,0.143068619516109,"shared negative"
"Reactome","Estrogen-dependent gene expression","R-HSA-9018519","R-MMU-9018519","Estrogen-dependent gene expression","Estrogen-dependent gene expression",-1.43889864469804,-1.29584103520691,0.0266616549008266,0.371965428748414,-1.57411289723307,-0.429497422487715,TRUE,FALSE,"8337/6667/7391/8294/57690/8359/8204/3021/8312/1655/5440/10498/2625/1105/8355/4343/5241/333932/5438/3020/8362/57678/8348/5469/4609/5435/8344/5430/8368/5431/3065/8363/10524/865/1025/8341/653604/904/27327/3169/596/5885/10735/9166/8331/10499/8338/2099/1386/26523/2033/6387/27161/23112/8850","98053/19014/15519/231329/20683/17977/12455/67710","Estrogen-dependent gene expression",-0.14305760949113,0.14305760949113,"shared negative"
"Reactome","Signaling by Type 1 Insulin-like Growth Factor 1 Receptor (IGF1R)","R-HSA-2404192","R-MMU-2404192","Signaling by Type 1 Insulin-like Growth Factor 1 Receptor (IGF1R)","Signaling by Type 1 Insulin-like Growth Factor 1 Receptor (IGF1R)",-1.20761545286967,-1.06610877233282,0.328513371060808,0.723492962056304,-0.483446949209992,-0.140565689223558,FALSE,FALSE,"8483/3265/2255/2260/5295/5290/2263/5140/2252","18607/14171/14388/74769/384783/16367","Signaling by Type 1 Insulin-like Growth Factor 1 Receptor (IGF1R)",-0.14150668053685,0.14150668053685,"shared negative"
"Reactome","RHOBTB1 GTPase cycle","R-HSA-9013422","R-MMU-9013422","RHOBTB1 GTPase cycle","RHOBTB1 GTPase cycle",-0.891400668729916,-1.03094219111433,0.794450162978212,0.797788610800948,-0.0999333415307627,-0.0981121679529877,FALSE,FALSE,"8452/7431/9352/51138","12848/109331/56381/19647/51796/17920","RHOBTB1 GTPase cycle",0.139541522384414,0.139541522384414,"shared negative"
"Reactome","Amino acids regulate mTORC1","R-HSA-9639288","R-MMU-9639288","Amino acids regulate mTORC1","Amino acids regulate mTORC1",-2.04459883279466,-1.90523437119928,0.000364963038788261,0.00798655001263218,-3.43775111599038,-2.09764078439639,TRUE,TRUE,"96459/57600/9550/9296/9681/23334/9114/81929/154743/28956/533/10670/51606/528/729438/64121/55004/523/10312","56032/11984/11973/80909/54170/114143/329679/11966/11964/66335/56692/73834/11972/52187","Amino acids regulate mTORC1",-0.13936446159538,0.13936446159538,"shared negative"
"Reactome","PI Metabolism","R-HSA-1483255","R-MMU-1483255","PI Metabolism","PI Metabolism",-1.43399285885421,-1.57330716710134,0.0772446946634738,0.0733249397335036,-1.11213133918469,-1.13474828529821,FALSE,FALSE,"80230/6305/7179/8897/5291/79837/25816/51552/200576/64419/375775/65977/59339/90809/23760/22908/9896/5295/8395/5290/9110/81846/284161/5728","68365/75669/54384/56209/106869/231999/69769/219024/83493/103199/320207/18704/18720/19341/11842/50767/16332/271457/234729/18711/74769/18710/170749/117150","PI Metabolism",0.13931430824713,0.13931430824713,"shared negative"
"Reactome","EPHA-mediated growth cone collapse","R-HSA-3928663","R-MMU-3928663","EPHA-mediated growth cone collapse","EPHA-mediated growth cone collapse",-1.50645947353778,-1.36939704639809,0.0664394341772937,0.416235287707062,-1.17757407481675,-0.380661103829309,FALSE,FALSE,"10398/103910/2046/2041/2534/4627/6714/1942/4629","13842/13836/13637/13841/17096/13636/13638","EPHA-mediated growth cone collapse",-0.13706242713969,0.13706242713969,"shared negative"
"Reactome","PI-3K cascade:FGFR3","R-HSA-5654710","R-MMU-5654710","PI-3K cascade:FGFR3","PI-3K cascade:FGFR3",-0.893384138861752,-1.02952328151756,0.75232294340233,0.818236286520663,-0.123595693409991,-0.0871212646491197,FALSE,FALSE,"5295/5290","14171/14388","PI-3K cascade:FGFR3",0.136139142655808,0.136139142655808,"shared negative"
"Reactome","GTP hydrolysis and joining of the 60S ribosomal subunit","R-HSA-72706","R-MMU-72706","GTP hydrolysis and joining of the 60S ribosomal subunit","GTP hydrolysis and joining of the 60S ribosomal subunit",2.06937689622488,2.20531255106869,4.50360433453848e-06,2.31127495886896e-06,5.34643977154808,5.63614838597207,TRUE,TRUE,"6187/6130/6128/6228/6146/3921/6159/6129/6171/116832/6133/6218/6231/6230/6136/6224/6144/23521/6232/51121/6124/9045/8665/6158/6189/6122/6233/6201/6170/6173/6235/6210/1983/6204/1968/6234/6205/6137/6141/7458/6139/1964/8666","27207/27979/27050/27370/54709/20091/13681/68028/26961/20085/67427/20103/27367/19934/16898/73830/268449/76808/16341/270106/56040/67115/269261/16785/208643/20102/67281/19981/67891/11837/100043813/55944/20090/19944/68052/20116/66085/19982/20104/67097/100502825/22121/19943/20084/100503670/98221/75617/67025/66480/75705/19942/53356/22384/19988/20115/76846/54127/20005/57294/67204/110954/19989","GTP hydrolysis and joining of the 60S ribosomal subunit",-0.13593565484381,0.13593565484381,"shared positive"
"Reactome","Formation of the beta-catenin:TCF transactivating complex","R-HSA-201722","R-MMU-201722","Formation of the beta-catenin:TCF transactivating complex","Formation of the beta-catenin:TCF transactivating complex",-1.22898701540936,-1.09604498701606,0.240658268836749,0.723492962056304,-0.618599211699163,-0.140565689223558,FALSE,FALSE,"7015/7089/8337/8294/8359/3021/5929/8355/333932/3020/8362/8348/4609/8344/8368/3065/8363/10524/607/8341/4221/7088/653604/8295/283149/84661/8331/8338/6934/2033/1499","77578/328572/21414/140858/75410/213464/17283/80288/21415","Formation of the beta-catenin:TCF transactivating complex",-0.1329420283933,0.1329420283933,"shared negative"
"Reactome","Binding and Uptake of Ligands by Scavenger Receptors","R-HSA-2173782","R-MMU-2173782","Binding and Uptake of Ligands by Scavenger Receptors","Binding and Uptake of Ligands by Scavenger Receptors",1.01680261985696,1.14777939247187,0.617041800643087,0.654981549815498,0.209685414291366,0.183770933483293,FALSE,FALSE,"1282/1284/3320/2495","20692/71898/223672/15439/16971","Binding and Uptake of Ligands by Scavenger Receptors",-0.13097677261491,0.13097677261491,"shared positive"
"Reactome","Intrinsic Pathway for Apoptosis","R-HSA-109606","R-MMU-109606","Intrinsic Pathway for Apoptosis","Intrinsic Pathway for Apoptosis",0.853112808190591,0.983744839012984,0.836900534280321,0.848096548560945,0.0773261548861929,0.0715547042050218,FALSE,FALSE,"54205/55075/1687/840/7161/22900/637/598/7529/90427/5366/572/57099","69146/74268/12048/22628/19057/22631/26417/12369/54722/12028/26419/56369","Intrinsic Pathway for Apoptosis",-0.130632030822393,0.130632030822393,"shared positive"
"Reactome","Cell death signalling via NRAGE, NRIF and NADE","R-HSA-204998","R-MMU-204998","Cell death signalling via NRAGE, NRIF and NADE","Cell death signalling via NRAGE, NRIF and NADE",-1.03775748025995,-0.907778834420628,0.548168249660787,0.938049969069171,-0.261086122748446,-0.0277740265324574,FALSE,FALSE,"51107/89846/29/128272/7531/9500/9828/8878/50650/7984/55160/26230/55851/10451/8997","22186/223435/54126/71704/75547/12125/230098/12367/102098/22190/12070/22034/57257/13605/18049/22627","Cell death signalling via NRAGE, NRIF and NADE",-0.129978645839322,0.129978645839322,"shared negative"
"Reactome","RNA Polymerase I Promoter Escape","R-HSA-73772","R-MMU-73772","RNA Polymerase I Promoter Escape","RNA Polymerase I Promoter Escape",-0.764379642035841,-0.637541681899254,0.948806577543983,1,-0.0228223132492533,0,FALSE,FALSE,"8337/8294/8359/3021/5440/8355/7343/333932/9013/3020/8362/8348/5435/8344/902/9533/8368/8363/2965/8341/653604/8331/51082/8338/404672","69833/209357/21374/75316/13871/106298/66136/66467/14884/17420","RNA Polymerase I Promoter Escape",-0.126837960136587,0.126837960136587,"shared negative"
"Reactome","Kinesins","R-HSA-983189","R-MMU-983189","Kinesins","Kinesins",-1.55850229797697,-1.43207229720224,0.0432963848182061,0.241150319003953,-1.36354836505659,-0.617712159238408,TRUE,FALSE,"89953/3796/3797/23046/11127/55614/80086/10749/10382/23095/347688/147700/22920/285643/55605/7277","26934/16569/16561/228421/16571/16572/16573/100502766/16551/229841/110033/16580/19348/240641/16554/16564/70218","Kinesins",-0.12643000077473,0.12643000077473,"shared negative"
"Reactome","Epigenetic regulation of gene expression","R-HSA-212165","R-MMU-212165","Epigenetic regulation of gene expression","Epigenetic regulation of gene expression",-1.00449292249438,-0.878659960626054,0.683077440087375,0.996844603983326,-0.165530057817524,-0.00137253766881647,FALSE,FALSE,"57678/147658/8348/5469/5435/57459/4297/8344/902/285676/9219/9533/51230/2145/79685/8368/3065/26009/8363/284058/2965/51105/1050/5252/6907/8085/84246/10445/1107/51003/8341/4221/1108/653604/55617/23451/8473/7403/63924/8841/9969/9869/4641/123/9611/84661/8331/10499/5166/51082/8338/90390/1024/1020/6601/2648/5931/404672/9968/8932/2033/9282/121536/23512/10919/8850/2167/54934","329575/208043/319955/13435/626848/21374/93762/75316/328572/55982/66136/54343/140858/233904/224585/75410/69612/73233/74149/210503/110052/24132/319615/226976/233168/213464/14056/15161/13433/17283/22712/233060/13486/22385/228829/100041677/104348","Epigenetic regulation of gene expression",-0.125832961868326,0.125832961868326,"shared negative"
"Reactome","Plasma lipoprotein assembly, remodeling, and clearance","R-HSA-174824","R-MMU-174824","Plasma lipoprotein assembly, remodeling, and clearance","Plasma lipoprotein assembly, remodeling, and clearance",-1.23727231156691,-1.36111879768444,0.280939555830279,0.379931633670417,-0.551387108540033,-0.420294544938168,FALSE,FALSE,"29801/338328/26119/8029/5045/27329/1175/3990/3069/116519/8435/8720/4547/5034/338/7436/160/4018/7376/5568/1211/64788/55911/81693/29116/63924/4864/161/1213","67963/320024/11772/18747/22186/16889/218203/18550/17777/22190/18145/20778/16816/67300/11816/16891","Plasma lipoprotein assembly, remodeling, and clearance",0.12384648611753,0.12384648611753,"shared negative"
"Reactome","Regulation of IFNA/IFNB signaling","R-HSA-912694","R-MMU-912694","Regulation of IFNA/IFNB signaling","Regulation of IFNA/IFNB signaling",1.30867082962037,1.18829446461697,0.294990216390424,0.664595416821077,0.530192387540859,0.177442658025979,FALSE,FALSE,"3454/7297/5770/6773/5781/6772/3455/11274/9021","24110/15976/15975/54721","Regulation of IFNA/IFNB signaling",0.1203763650034,0.1203763650034,"shared positive"
"Reactome","IGF1R signaling cascade","R-HSA-2428924","R-MMU-2428924","IGF1R signaling cascade","IGF1R signaling cascade",-1.18516563350891,-1.06610877233282,0.364151429307237,0.723492962056304,-0.438717981085167,-0.140565689223558,FALSE,FALSE,"3265/2255/2260/5295/5290/2263/5140/2252","18607/14171/14388/74769/384783/16367","IGF1R signaling cascade",-0.11905686117609,0.11905686117609,"shared negative"
"Reactome","FRS-mediated FGFR4 signaling","R-HSA-5654712","R-MMU-5654712","FRS-mediated FGFR4 signaling","FRS-mediated FGFR4 signaling",-0.489318646322067,-0.607504513747439,0.999527597609713,1,-0.000205210226057401,0,FALSE,FALSE,"5781/2247/3845/2264/2246/8822/10817/2885/9965/4893/10818/8817/6654/2249/3265","107971/20662/14784/327826/14186/14171","FRS-mediated FGFR4 signaling",0.118185867425372,0.118185867425372,"shared negative"
"Reactome","Formation of the non-canonical BAF (ncBAF) complex","R-HSA-9933947","R-MMU-9933947","Formation of the non-canonical BAF (ncBAF) complex","Formation of the non-canonical BAF (ncBAF) complex",0.832017559350214,0.950132829322178,0.825695190356845,0.860983397190294,0.0831802451455991,0.0650052232015845,FALSE,FALSE,"65980/9275/26039/605","68094/20586/67155/20588/11465/83797","Formation of the non-canonical BAF (ncBAF) complex",-0.118115269971964,0.118115269971964,"shared positive"
"Reactome","Cellular hexose transport","R-HSA-189200","R-MMU-189200","Cellular hexose transport","Cellular hexose transport",1.32009624814448,1.43502738830076,0.284969891219891,0.391233083610089,0.545201023387338,0.407564427346122,FALSE,FALSE,"6515/85414/66035/81031/91749/154091","20525/56636/19729","Cellular hexose transport",-0.11493114015628,0.11493114015628,"shared positive"
"Reactome","Collagen degradation","R-HSA-1442490","R-MMU-1442490","Collagen degradation","Collagen degradation",1.49579139333667,1.6090826195218,0.0766573452076302,0.125071107356379,1.11544622528048,0.902843004974254,FALSE,FALSE,"1282/1294/1284/1301/1293/1292/1291/1514/1288/4312/1306/1287/80781/1508/1299/1295","12826/12833/12834/17385/17387/17384/12832/12825/12827/13038/12816/17392/12837/13039","Collagen degradation",-0.11329122618513,0.11329122618513,"shared positive"
"Reactome","Acyl chain remodelling of PS","R-HSA-1482801","R-MMU-1482801","Acyl chain remodelling of PS","Acyl chain remodelling of PS",-0.879872242448498,-0.990381134879405,0.790333716915995,0.835442314600137,-0.102189489959788,-0.0780835317858316,FALSE,FALSE,"283748/10162/123745/11145/5321","271844/211429/237542/225845/218121/99010","Acyl chain remodelling of PS",0.110508892430907,0.110508892430907,"shared negative"
"Reactome","Signaling by MET","R-HSA-6806834","R-MMU-6806834","Signaling by MET","Signaling by MET",1.01579087511492,1.12603937103193,0.62474920031594,0.664595416821077,0.204294291101627,0.177442658025979,FALSE,FALSE,"1301/5879/64759/3912/3910/5770/3675/85301/284217/3911/5908/6233/23163/6455/3913/3914/1289/6464/3915/1399/5781/3673/3688/1277/5867/50509","16775/319939/15234/12832/12825/58194/14268/13858/15461/16206/20416/11845/109905/18706/20779/217169/53867/12814","Signaling by MET",-0.11024849591701,0.11024849591701,"shared positive"
"Reactome","Interconversion of nucleotide di- and triphosphates","R-HSA-499943","R-MMU-499943","Interconversion of nucleotide di- and triphosphates","Interconversion of nucleotide di- and triphosphates",1.74710341979339,1.85687536681425,0.0155658614460289,0.0258301124952132,1.80782683958768,1.5878737023848,TRUE,TRUE,"6241/1854/4833/1635/2987/204/1841/205/4830/7295/4831/2936/7298/7296/79077","20135/56520/320685/14782/229949/14923/11639/55936/22166/66588/382985/50493","Interconversion of nucleotide di- and triphosphates",-0.10977194702086,0.10977194702086,"shared positive"
"Reactome","Transcription-Coupled Nucleotide Excision Repair (TC-NER)","R-HSA-6781827","R-MMU-6781827","Transcription-Coupled Nucleotide Excision Repair (TC-NER)","Transcription-Coupled Nucleotide Excision Repair (TC-NER)",-0.792011304744842,-0.900980614449402,0.941141995220485,0.938049969069171,-0.0263448472545653,-0.0277740265324574,FALSE,FALSE,"5435/9318/5430/3980/902/5431/2965/50813/27339/10987/9978/404672/51138/1642","69920/69263/252870/72584/59001/66983/18538/69833/319955/209357/69241/50505/28000/13871/19687/66467/12848/22186/68275/14884/56438/17420/71101/67967/22190/231329/67710/19891/27015","Transcription-Coupled Nucleotide Excision Repair (TC-NER)",0.10896930970456,0.10896930970456,"shared negative"
"Reactome","ECM proteoglycans","R-HSA-3000178","R-MMU-3000178","ECM proteoglycans","ECM proteoglycans",1.77672393316656,1.88427372020344,0.00332310170060641,0.024198253453371,2.47845636731705,1.616215978769,TRUE,TRUE,"1282/5054/1284/1293/3371/1292/1291/375790/1288/7040/3912/3910/4038/1287/284217/1299/3911/3913/1289/3915/1298","12111/12833/12834/11603/21923/241226/12832/12825/16419/14268","ECM proteoglycans",-0.10754978703688,0.10754978703688,"shared positive"
"Reactome","SLC-mediated transport of inorganic anions","R-HSA-9958790","R-MMU-9958790","SLC-mediated transport of inorganic anions","SLC-mediated transport of inorganic anions",-0.734127230691087,-0.629370200667755,0.936249674515493,1,-0.0286083202736786,0,FALSE,FALSE,"115019/57282/6521/6557/6559/6508/9498/9497/9990/6569/57468/6558","20499/107723/20496/20535/13521/268512/54403/74340","SLC-mediated transport of inorganic anions",-0.104757030023332,0.104757030023332,"shared negative"
"Reactome","Interferon alpha/beta signaling","R-HSA-909733","R-MMU-909733","Interferon alpha/beta signaling","Interferon alpha/beta signaling",1.34645602712436,1.24283619671713,0.189429250290683,0.593290135045116,0.722552959551245,0.226732872850965,FALSE,FALSE,"3133/3454/5610/7297/5770/3106/6773/6233/9636/3661/5781/3107/6772/3455/4940","24110/16391/12702/15976/15975/12703/54721","Interferon alpha/beta signaling",0.10361983040723,0.10361983040723,"shared positive"
"Reactome","Plasma lipoprotein clearance","R-HSA-8964043","R-MMU-8964043","Plasma lipoprotein clearance","Plasma lipoprotein clearance",-1.40668613904358,-1.50793810512879,0.226587336458985,0.180531857410123,-0.644764365697977,-0.743446149566537,FALSE,FALSE,"26119/8029/1175/3990/3069/8435/338/7436/160/7376/1211/55911/81693/29116/4864/161/1213","67963/320024/11772/22186/16889/218203/22190/18145/20778/67300/11816","Plasma lipoprotein clearance",0.10125196608521,0.10125196608521,"shared negative"
"Reactome","RAB GEFs exchange GTP for GDP on RABs","R-HSA-8876198","R-MMU-8876198","RAB GEFs exchange GTP for GDP on RABs","RAB GEFs exchange GTP for GDP on RABs",-1.29974044648218,-1.19924195386334,0.20200696575744,0.435019986350785,-0.694633654623379,-0.361490789568438,FALSE,FALSE,"11031/163259/10260/11021/5869/6305/5861/60684/51552/5864/54453/80006/5866/7531/57679/4218/27095/10890/7879/22878/201475/83696/2665/51399/22931/55667/81846/6764/9367/23258","27096/66975/329260/105841/226421/19346/226407/329877/270096/56715/56382/106572/216131/98732/320435/271457/19324/22627/19349/75964/76954/320560/74018","RAB GEFs exchange GTP for GDP on RABs",-0.10049849261884,0.10049849261884,"shared negative"
"Reactome","Glycerophospholipid biosynthesis","R-HSA-1483206","R-MMU-1483206","Glycerophospholipid biosynthesis","Glycerophospholipid biosynthesis",-0.881755137730501,-0.980878301922413,0.889131585914747,0.850375664968029,-0.0510339614057592,-0.0703891764261047,FALSE,FALSE,"51205/283748/63874/9600/1460/9663/57153/10162/123745/23760/9489/10390/1119/9468/11145/5833/162466/5321/8398/23761","114874/271844/211429/52858/14555/270084/14732/237542/74596/102247/232889/13001/12651/225845/56018/192654/218121/226856/66853/64898/110911/55979/14571/99010/13026","Glycerophospholipid biosynthesis",0.099123164191912,0.099123164191912,"shared negative"
"Reactome","Nucleotide catabolism","R-HSA-8956319","R-MMU-8956319","Nucleotide catabolism","Nucleotide catabolism",1.52153068365032,1.42265865277156,0.0804253407627677,0.356479690522244,1.09460709031314,0.447965207874868,FALSE,FALSE,"955/7378/131870/4907/1806/9583/11164/4521/55270","22436/12499/50773/53893/381101/22271/76952/23959/12497/103850","Nucleotide catabolism",0.0988720308787601,0.0988720308787601,"shared positive"
"Reactome","Amplification and propagation of coagulation cascade","R-HSA-9769743","R-MMU-9769743","Amplification and propagation of coagulation cascade","Amplification and propagation of coagulation cascade",0.97695817567881,0.879551711113178,0.700429142450771,0.938049969069171,0.154635792711006,0.0277740265324574,FALSE,FALSE,"5270","20720","Amplification and propagation of coagulation cascade",0.0974064645656321,0.0974064645656321,"shared positive"
"Reactome","JNK (c-Jun kinases) phosphorylation and activation mediated by activated human TAK1","R-HSA-450321","R-MMU-450321","JNK (c-Jun kinases) phosphorylation and  activation mediated by activated human TAK1","JNK (c-Jun kinases) phosphorylation and  activation mediated by activated human TAK1",0.886873150554014,0.789603245244018,0.782759124424317,0.996844603983326,0.106371861221063,0.00137253766881647,FALSE,FALSE,"3654/6233/10392","26398/16179/26420/107607/26419/26400/16151/26414/78294/192656/108960/26409","JNK (c-Jun kinases) phosphorylation and  activation mediated by activated human TAK1",0.0972699053099959,0.0972699053099959,"shared positive"
"Reactome","Peptide hormone metabolism","R-HSA-2980736","R-MMU-2980736","Peptide hormone metabolism","Peptide hormone metabolism",-1.41779588411918,-1.32208001880498,0.0756090175029796,0.396431419457735,-1.12142640531573,-0.401831932500661,FALSE,FALSE,"90701/11336/1066/5034/6844/10159/5443/64924/3623/60412/55763/1363/9314/6934/4644/1499/3625/1522/4311","66624/56529/67475/64138/66286/13033/70495","Peptide hormone metabolism",-0.0957158653142001,0.0957158653142001,"shared negative"
"Reactome","Role of LAT2/NTAL/LAB on calcium mobilization","R-HSA-2730905","R-MMU-2730905","Role of LAT2/NTAL/LAB on calcium mobilization","Role of LAT2/NTAL/LAB on calcium mobilization",-1.45534643473947,-1.36003953654114,0.16183015844757,0.482176255304871,-0.790940540654174,-0.316794180196591,FALSE,FALSE,"5291/2534/5295/5290","18607/56743/17096/74769","Role of LAT2/NTAL/LAB on calcium mobilization",-0.09530689819833,0.09530689819833,"shared negative"
"Reactome","DDX58/IFIH1-mediated induction of interferon-alpha/beta","R-HSA-168928","R-MMU-168928","DDX58/IFIH1-mediated induction of interferon-alpha/beta","DDX58/IFIH1-mediated induction of interferon-alpha/beta",0.838042422807982,0.932530160655313,0.86938622754491,0.898117424372,0.0607872440032727,0.0466668777838432,FALSE,FALSE,"57506/3320/54476/89122/1387/9140/6233/7706/177/9636/3661/8737/51191/7187","54123/230073/23988/28185/11820","DDX58/IFIH1-mediated induction of interferon-alpha/beta",-0.094487737847331,0.094487737847331,"shared positive"
"Reactome","Factors involved in megakaryocyte development and platelet production","R-HSA-983231","R-MMU-983231","Factors involved in megakaryocyte development and platelet production","Factors involved in megakaryocyte development and platelet production",-1.45762547591274,-1.36346441632485,0.0401090507431578,0.241150319003953,-1.39675761630025,-0.617712159238408,TRUE,FALSE,"11127/55614/3659/80086/830/10938/81704/1020/23414/10749/10382/23095/347688/3717/139818/832/147700/22920/285643/55605/5577/85440/7277","22365/16561/228421/17133/16571/16572/17135/15353/16573/108829/100502766/19085/16551/229841/110033/271457/20399/16580/19348/240641/14465/16554/14461/16564/70218/22761","Factors involved in megakaryocyte development and platelet production",-0.0941610595878901,0.0941610595878901,"shared negative"
"Reactome","Synthesis of PIPs at the Golgi membrane","R-HSA-1660514","R-MMU-1660514","Synthesis of PIPs at the Golgi membrane","Synthesis of PIPs at the Golgi membrane",-1.46459309753066,-1.37086310319328,0.16093785567949,0.406403162055336,-0.793341789468421,-0.391042921644803,FALSE,FALSE,"5297/55697/5298/377/5289/5288/30849/375/7179/200576/22908/9896","83493/103199/18704/11842/234729/18711","Synthesis of PIPs at the Golgi membrane",-0.0937299943373799,0.0937299943373799,"shared negative"
"Reactome","SLC-mediated transport of organic anions","R-HSA-9955298","R-MMU-9955298","SLC-mediated transport of organic anions","SLC-mediated transport of organic anions",1.22716929423832,1.13417052038621,0.351136943273645,0.671655333129584,0.454523475815634,0.172853532481953,FALSE,FALSE,"6567/682/9123/133418/9194","13358/67863/28253","SLC-mediated transport of organic anions",0.0929987738521101,0.0929987738521101,"shared positive"
"Reactome","Acyl chain remodelling of PC","R-HSA-1482788","R-MMU-1482788","Acyl chain remodelling of PC","Acyl chain remodelling of PC",-0.899225731242484,-0.809790588575038,0.752581021635694,0.987521880774093,-0.123446737787105,-0.00545327282132929,FALSE,FALSE,"64600/151056/255189/100137049/50640/283748/10162/123745/11145/5321/8398","67216/68255/271844/211429/270084/232889/225845/99010","Acyl chain remodelling of PC",-0.0894351426674459,0.0894351426674459,"shared negative"
"Reactome","Cap-dependent Translation Initiation","R-HSA-72737","R-MMU-72737","Cap-dependent Translation Initiation","Cap-dependent Translation Initiation",2.0038529569449,2.09320881846113,5.06380354615723e-05,1.27127299961892e-05,4.2955231514257,4.89576117682851,TRUE,TRUE,"6187/6130/6128/6228/6146/3921/6159/6129/6171/116832/6133/6218/6231/6230/6136/6224/6144/23521/6232/51121/6124/9045/8665/6158/6189/6122/6233/6201/6170/6173/6235/6210/1983/6204/1968/6234/6205/6137/6141/7458/6139/1964/8666","224045/13685/27207/27979/27050/27370/54709/20091/13681/68028/18458/26961/20085/67427/20103/27367/19934/16898/73830/268449/76808/16341/270106/108067/56040/67115/269261/16785/208643/20102/67281/19981/67891/11837/100043813/55944/20090/19944/68052/20116/66085/19982/20104/67097/100502825/22121/19943/20084/100503670/98221/75617/67025/66480/75705/19942/53356/22384/19988/20115/76846/54127/20005/57294/67204/110954/19989","Cap-dependent Translation Initiation",-0.0893558615162302,0.0893558615162302,"shared positive"
"Reactome","Eukaryotic Translation Initiation","R-HSA-72613","R-MMU-72613","Eukaryotic Translation Initiation","Eukaryotic Translation Initiation",2.0038529569449,2.09320881846113,5.06380354615723e-05,1.27127299961892e-05,4.2955231514257,4.89576117682851,TRUE,TRUE,"6187/6130/6128/6228/6146/3921/6159/6129/6171/116832/6133/6218/6231/6230/6136/6224/6144/23521/6232/51121/6124/9045/8665/6158/6189/6122/6233/6201/6170/6173/6235/6210/1983/6204/1968/6234/6205/6137/6141/7458/6139/1964/8666","224045/13685/27207/27979/27050/27370/54709/20091/13681/68028/18458/26961/20085/67427/20103/27367/19934/16898/73830/268449/76808/16341/270106/108067/56040/67115/269261/16785/208643/20102/67281/19981/67891/11837/100043813/55944/20090/19944/68052/20116/66085/19982/20104/67097/100502825/22121/19943/20084/100503670/98221/75617/67025/66480/75705/19942/53356/22384/19988/20115/76846/54127/20005/57294/67204/110954/19989","Eukaryotic Translation Initiation",-0.0893558615162302,0.0893558615162302,"shared positive"
"Reactome","Cytochrome P450 - arranged by substrate type","R-HSA-211897","R-MMU-211897","Cytochrome P450 - arranged by substrate type","Cytochrome P450 - arranged by substrate type",0.742561214236285,0.831703095033596,0.947716821484411,0.970603199728645,0.023321410803887,0.0129582813061201,FALSE,FALSE,"1545/196/9915/2232/1593/285440/113612/29785/120227/1591/1565/2230/56603","11529/11864","Cytochrome P450 - arranged by substrate type",-0.089141880797311,0.089141880797311,"shared positive"
"Reactome","Rab regulation of trafficking","R-HSA-9007101","R-MMU-9007101","Rab regulation of trafficking","Rab regulation of trafficking",-1.30890997014781,-1.39736391620512,0.114834552733507,0.131722545762478,-0.939927416784103,-0.880339884398693,FALSE,FALSE,"10260/11021/83452/5869/6305/5861/60684/51552/382/83874/5864/54453/80006/5866/7531/57679/4218/27095/10890/7879/22878/201475/83696/2665/4943/51399/22931/55667/81846/6764/9367/23258/26088/11337","27096/66975/329260/105841/66687/226421/19346/226407/329877/270096/64930/93739/56715/56382/224617/106572/19341/216131/98732/320435/71648/271457/19324/22627/19349/381605/75964/76954/67443/320560/56486/74018","Rab regulation of trafficking",0.0884539460573099,0.0884539460573099,"shared negative"
"Reactome","Formation of Senescence-Associated Heterochromatin Foci (SAHF)","R-HSA-2559584","R-MMU-2559584","Formation of Senescence-Associated Heterochromatin Foci (SAHF)","Formation of Senescence-Associated Heterochromatin Foci (SAHF)",0.95240286505313,1.04071030844122,0.709529728541959,0.791441754404717,0.149029403347809,0.101581041220343,FALSE,FALSE,"8091/4001/3159/5925/7157/7290/29855","22059/15364/19645","Formation of Senescence-Associated Heterochromatin Foci (SAHF)",-0.0883074433880899,0.0883074433880899,"shared positive"
"Reactome","N-Glycan antennae elongation","R-HSA-975577","R-MMU-975577","N-Glycan antennae elongation","N-Glycan antennae elongation",0.90178326410392,0.81554191582205,0.75232294340233,0.970603199728645,0.123595693409991,0.0129582813061201,FALSE,FALSE,"8702/9334/2683/6480/9331/4249","53418/20443","N-Glycan antennae elongation",0.0862413482818699,0.0862413482818699,"shared positive"
"Reactome","Cellular response to heat stress","R-HSA-3371556","R-MMU-3371556","Cellular response to heat stress","Cellular response to heat stress",-1.2329358266474,-1.3185054566924,0.226587336458985,0.355792562496473,-0.644764365697977,-0.448803134668343,FALSE,FALSE,"818/3308/8480/7531/7266/26353/27000/81929/817/573/9532/116835/2033/22824/7415/5595/1410/3310/3305","269966/328572/26413/70699/67384/110920/68275/15526/81489/107939/69482/23950/227720/14828/15519/29810/73442/70356/22627/19891/18141/15505/18415","Cellular response to heat stress",0.085569630045,0.085569630045,"shared negative"
"Reactome","Post-translational modification: synthesis of GPI-anchored proteins","R-HSA-163125","R-MMU-163125","Post-translational modification: synthesis of GPI-anchored proteins","Post-translational modification: synthesis of GPI-anchored proteins",1.47965379764209,1.39612937569764,0.0945283046802275,0.310291398010696,1.02443813089957,0.508230263888184,FALSE,FALSE,"7070/5329/116372/4061/266727/130576/257194/50863/135228/8434/284098/4045/54742/349667/84628/503542/22854/10026/9488/80328/249/8733/54965/94005/54872/4241/84720/1368/5283/5279/353091/80235/80055/9487/7007/9091","235106/17069/21838/329777/68404/18793/53614/276846/56176/14755/78928/320840/70325/26365/56047/110417/67556","Post-translational modification: synthesis of GPI-anchored proteins",0.08352442194445,0.08352442194445,"shared positive"
"Reactome","Signaling by Retinoic Acid","R-HSA-5362517","R-MMU-5362517","Signaling by Retinoic Acid","Signaling by Retinoic Acid",-1.08361907692303,-1.00084969674357,0.486280773756402,0.835442314600137,-0.31311290093679,-0.0780835317858316,FALSE,FALSE,"5914/9249/5163/5161/1737/2171/1738/6258/10170/5166/5160/5165/5916","108841/17252/12904/68263","Signaling by Retinoic Acid",-0.08276938017946,0.08276938017946,"shared negative"
"Reactome","PI-3K cascade:FGFR4","R-HSA-5654720","R-MMU-5654720","PI-3K cascade:FGFR4","PI-3K cascade:FGFR4",-1.03412211072991,-0.956264175345114,0.614927366999678,0.88092124382447,-0.211176178491427,-0.055062916674591,FALSE,FALSE,"5295/5290","14171/14388","PI-3K cascade:FGFR4",-0.0778579353847959,0.0778579353847959,"shared negative"
"Reactome","Regulation of TP53 Expression and Degradation","R-HSA-6806003","R-MMU-6806003","Regulation of TP53 Expression and Degradation","Regulation of TP53 Expression and Degradation",-0.901640317293426,-0.979411553548133,0.786660544530041,0.848096548560945,-0.104212631606124,-0.0715547042050218,FALSE,FALSE,"253260/5519/900/5515","12566/22190/18607/12534/228829/12428","Regulation of TP53 Expression and Degradation",0.077771236254707,0.077771236254707,"shared negative"
"Reactome","N-glycan trimming in the ER and Calnexin/Calreticulin cycle","R-HSA-532668","R-MMU-532668","N-glycan trimming in the ER and Calnexin/Calreticulin cycle","N-glycan trimming in the ER and Calnexin/Calreticulin cycle",-1.30232542918996,-1.37950973586087,0.217389317100534,0.435019986350785,-0.662761801732172,-0.361490789568438,FALSE,FALSE,"2923/10299/51035/55768/5887/80267/55741/84447/9695/56886/79139/11236/7415/267","14827/22190/19359/12330/12317","N-glycan trimming in the ER and Calnexin/Calreticulin cycle",0.0771843066709099,0.0771843066709099,"shared negative"
"Reactome","Ovarian tumor domain proteases","R-HSA-5689896","R-MMU-5689896","Ovarian tumor domain proteases","Ovarian tumor domain proteases",-1.20484884128104,-1.12849287892587,0.340891740219386,0.688128591954023,-0.467383521565478,-0.162330396709801,FALSE,FALSE,"7321/324/55611/2099/80124/7415/56957/5728","226418/22190/22034/12534/21929/73162/229603","Ovarian tumor domain proteases",-0.0763559623551702,0.0763559623551702,"shared negative"
"Reactome","Formation of the canonical BAF (cBAF) complex","R-HSA-9933937","R-MMU-9933937","Formation of the canonical BAF (cBAF) complex","Formation of the canonical BAF (cBAF) complex",1.01313683354921,0.936970124591423,0.63696492924321,0.894084129378247,0.195884478897689,0.0486216140836093,FALSE,FALSE,"8110/9275/26039/605/8193/6595","20587/20586/67155/20588/11465/83797","Formation of the canonical BAF (cBAF) complex",0.0761667089577869,0.0761667089577869,"shared positive"
"Reactome","IRS-related events triggered by IGF1R","R-HSA-2428928","R-MMU-2428928","IRS-related events triggered by IGF1R","IRS-related events triggered by IGF1R",-1.19781749885169,-1.12254075899802,0.320806864120122,0.678967721206697,-0.493756347938996,-0.168150872015574,FALSE,FALSE,"3265/2255/2260/5295/5290/2263/5140/2252","18607/14171/14388/74769/384783/16367","IRS-related events triggered by IGF1R",-0.07527673985367,0.07527673985367,"shared negative"
"Reactome","G1/S Transition","R-HSA-69206","R-MMU-69206","G1/S Transition","G1/S Transition",-0.931147086449135,-1.00614398890157,0.796150374543249,0.797788610800948,-0.0990048962491627,-0.0981121679529877,FALSE,FALSE,"5690/10213/5719/5685/5684/5518/5718/11047/8454/7979/4175/5694/5717/4149/5689/5519/5701/5686/5709/5691/5707/5515","19052/57441/26442/26428/19075/66634/67177/22186/23997/63955/68275/17420/23834/57296/12566/18968/70024/22190/12545/18969/22390/19891/12428/17217/17215","G1/S Transition",0.074996902452435,0.074996902452435,"shared negative"
"Reactome","Gastrin-CREB signalling pathway via PKC and MAPK","R-HSA-881907","R-MMU-881907","Gastrin-CREB signalling pathway via PKC and MAPK","Gastrin-CREB signalling pathway via PKC and MAPK",0.899524871144052,0.972302469913298,0.768569697887484,0.848096548560945,0.114316742301647,0.0715547042050218,FALSE,FALSE,"1956/5578/6196","20112/17392/15461/26417","Gastrin-CREB signalling pathway via PKC and MAPK",-0.072777598769246,0.072777598769246,"shared positive"
"Reactome","Regulated Necrosis","R-HSA-5218859","R-MMU-5218859","Regulated Necrosis","Regulated Necrosis",0.978838387207971,1.04536489968261,0.683686652715858,0.785948165824963,0.165142898538507,0.104606095230947,FALSE,FALSE,"8795/54205/837/1687/3320/51652","69146/14251/12363/108155/208092/74568/66700/14082/54722/12028/71609/14252","Regulated Necrosis",-0.0665265124746389,0.0665265124746389,"shared positive"
"Reactome","O-linked glycosylation of mucins","R-HSA-913709","R-MMU-913709","O-linked glycosylation of mucins","O-linked glycosylation of mucins",1.07499195839243,1.14059949662818,0.526311116574808,0.647806522952955,0.27875745685692,0.188554683265929,FALSE,FALSE,"55568/79623/11227/84752/2591/11226/146712/9334/84002/6480/374378/6482/256435/79695/9331/56913","218476/20443/97440/20444/20442/14426/231050/212996/20448/14423/14425/171212/72297/233733","O-linked glycosylation of mucins",-0.0656075382357502,0.0656075382357502,"shared positive"
"Reactome","Regulation of CDH1 posttranslational processing and trafficking to plasma membrane","R-HSA-9768727","R-MMU-9768727","Regulation of CDH1 posttranslational processing and trafficking to plasma membrane","Regulation of CDH1 posttranslational processing and trafficking to plasma membrane",-0.95232992967589,-0.889698556470585,0.695736393958856,0.938049969069171,-0.157555278111229,-0.0277740265324574,FALSE,FALSE,"5045/100128731/28972/1650/90701/288/1460/3703/746/283106/1499","18550/66624/13135/13001/56529/12330/66286","Regulation of CDH1 posttranslational processing and trafficking to plasma membrane",-0.062631373205305,0.062631373205305,"shared negative"
"Reactome","Translation","R-HSA-72766","R-MMU-72766","Translation","Translation",1.85389860425565,1.91565806715594,9.99423515907487e-07,2.06415807312743e-06,6.00025043605342,5.68525704752046,TRUE,TRUE,"4514/4513/4538/4508/6187/4512/4539/4535/4519/6130/6128/4540/6727/5018/6228/6146/3921/6159/6129/11222/6171/116832/64969/6133/51504/6218/7818/4537/23107/6231/55173/90480/6230/6726/6136/6224/1936/60488/6144/1915/51253/55037/64975/23521/6232/128308/79587/51121/51318/9553/6124/55157/9045/4536/740/8665/6158/6189/65003/6122/64963/6150/6233/6201/6170/65080/54998/64983/79590/26284/7453/60559/57129/4509/6173/6235/1933/6210/1983/6204/7284/26589/91574/6921/10573/1968/6234/58477/6182/51021/219402/23395/78988/57176","13627/27397/74776/224045/13685/27207/27979/26444/27050/27370/13629/54709/20091/13681/69089/66855/67768/68028/18458/26961/20085/67427/20103/68537/59029/67707/235606/66047/27367/55949/19934/16898/67895/73830/68836/66407/69956/268449/75452/67840/76808/27398/16341/270106/216080/108067/56040/14852/67115/269261/67160/64659/16785/208643/20813/20102/67281/19181/67871/77987/19981/67891/11837/67673/100043813/121022/65111/56282/55944/20090/19944/70316/68052/20116/66085/211253/19982/20104/19167/67097/100502825/107732/94062/66242/67212/71745/66661/118451/239555/19173/22121/67089/66656/19943/67270/353242/69163/67674/20084/100503670/98221/75617/67025/17463/66480/66230/75705/19935/66448/56550/66105/27395/19942/53356/50529/18100/66258/22384/56284/22123/19988/20115/76846/94066/54127/20005/26441/57294/19170/70247/78294/67204/213753","Translation",-0.06175946290029,0.06175946290029,"shared positive"
"Reactome","Signaling by ROBO receptors","R-HSA-376176","R-MMU-376176","Signaling by ROBO receptors","Signaling by ROBO receptors",1.49317153796082,1.55467178144594,0.0165384077935783,0.182143149896075,1.78150630371623,0.739587157215236,TRUE,FALSE,"6187/6130/6128/6228/6146/3921/6091/6159/6129/6171/57522/116832/5217/10486/6133/6218/6231/6230/6136/6224/5879/6144/23521/6232/5578/51121/6124/9045/64221/1287/5062/6158/10921/6189/6122/8829/6233/6201/6170/65110/6173/6235/6210/4650/6204/9939/6921/6234","20563/20564/18643/22323/14026/20315/14733","Signaling by ROBO receptors",-0.0615002434851202,0.0615002434851202,"shared positive"
"Reactome","Interleukin-12 family signaling","R-HSA-447115","R-MMU-447115","Interleukin-12 family signaling","Interleukin-12 family signaling",0.855477396211433,0.916953137719472,0.840413407470235,0.899352061149903,0.0755070277274221,0.0460702656817271,FALSE,FALSE,"5478/302/7297/5062/5908/9466/4001/5055","12931/16452/54721/20848/18453","Interleukin-12 family signaling",-0.0614757415080389,0.0614757415080389,"shared positive"
"Reactome","MET activates PTK2 signaling","R-HSA-8874081","R-MMU-8874081","MET activates PTK2 signaling","MET activates PTK2 signaling",1.41299889460154,1.35340248674449,0.164443322450624,0.435019986350785,0.783983757217668,0.361490789568438,FALSE,FALSE,"1301/3912/3910/3675/85301/284217/3911/3913/3914/1289/3915/3673/3688/1277/50509","16775/15234/12832/12825/14268/20779/53867/12814/14083","MET activates PTK2 signaling",0.0595964078570499,0.0595964078570499,"shared positive"
"Reactome","Assembly of collagen fibrils and other multimeric structures","R-HSA-2022090","R-MMU-2022090","Assembly of collagen fibrils and other multimeric structures","Assembly of collagen fibrils and other multimeric structures",1.75570130558843,1.69680515963219,0.00705972292863927,0.0690141986218975,2.15121234327175,1.16106155058481,TRUE,FALSE,"1282/1294/1284/1301/1293/1292/7837/4017/1291/1514/1288/1306/85301/1287/80781/1508/1299/1295/3914/1289/1298/977","12826/12833/12834/16949/18542/12832/12825/12827/16950/17392/16948/12837/69675/13039/17386/94352","Assembly of collagen fibrils and other multimeric structures",0.05889614595624,0.05889614595624,"shared positive"
"Reactome","Maturation of TCA enzymes and regulation of TCA cycle","R-HSA-9854311","R-MMU-9854311","Maturation of TCA enzymes and regulation of TCA cycle","Maturation of TCA enzymes and regulation of TCA cycle",0.831974634105295,0.888707522848931,0.835629238194585,0.938049969069171,0.0779863727075036,0.0277740265324574,FALSE,FALSE,"57128/81689/6391/54949/2395/6392/644096/122961/135154/23410/57001","380840/110446/269951/67680","Maturation of TCA enzymes and regulation of TCA cycle",-0.0567328887436359,0.0567328887436359,"shared positive"
"Reactome","RAF-independent MAPK1/3 activation","R-HSA-112409","R-MMU-112409","RAF-independent MAPK1/3 activation","RAF-independent MAPK1/3 activation",-1.03252012229351,-0.976144529504452,0.610310868654673,0.850375664968029,-0.214448895888532,-0.0703891764261047,FALSE,FALSE,"5604/1847/1852/3716/1843/3717/11221/5595","12534/63953/70686/18218","RAF-independent MAPK1/3 activation",-0.0563755927890581,0.0563755927890581,"shared negative"
"Reactome","The phototransduction cascade","R-HSA-2514856","R-MMU-2514856","The phototransduction cascade","The phototransduction cascade",0.658164765120316,0.602765693807675,0.967383572875208,1,0.0144012916325163,0,FALSE,FALSE,"9187/5578/2342","14272/14688/110606/12313/237178/18107/75624/19739","The phototransduction cascade",0.055399071312641,0.055399071312641,"shared positive"
"Reactome","Potassium Channels","R-HSA-1296071","R-MMU-1296071","Potassium Channels","Potassium Channels",0.947670768009476,1.00171336262144,0.752688172043011,0.823963265696,0.123384908539678,0.0840921497848523,FALSE,FALSE,"3778/3755/2791/610/56479/55970/3772/3756/9424/3775/23416","14701/226922/14693/14708/16518/16526/238271/382571/14688/16527/14696/14706/14702/15165","Potassium Channels",-0.054042594611964,0.054042594611964,"shared positive"
"Reactome","Energy dependent regulation of mTOR by LKB1-AMPK","R-HSA-380972","R-MMU-380972","Energy dependent regulation of mTOR by LKB1-AMPK","Energy dependent regulation of mTOR by LKB1-AMPK",-1.44753444480348,-1.39780516690466,0.0847175788048709,0.387690988305238,-1.07202646468893,-0.411514293846527,FALSE,FALSE,"5571/53632/5494/28956/5562/10670/64121/55004","227154/268706/108099/20869/108079/64930/54170/19079/56692/52187","Energy dependent regulation of mTOR by LKB1-AMPK",-0.0497292778988199,0.0497292778988199,"shared negative"
"Reactome","MET promotes cell motility","R-HSA-8875878","R-MMU-8875878","MET promotes cell motility","MET promotes cell motility",1.21733144141037,1.2662403298417,0.337675375073246,0.511248897021811,0.471500609070669,0.291367615938847,FALSE,FALSE,"1301/5879/64759/3912/3910/3675/85301/284217/3911/5908/3913/3914/1289/3915/1399/3673/3688/1277","16775/319939/15234/12832/12825/14268/109905/20779/217169/53867/12814/14083","MET promotes cell motility",-0.04890888843133,0.04890888843133,"shared positive"
"Reactome","ZNF598 and the Ribosome-associated Quality Trigger (RQT) complex dissociate a ribosome stalled on a no-go mRNA","R-HSA-9954716","R-MMU-9954716","ZNF598 and the Ribosome-associated Quality Trigger (RQT) complex dissociate a ribosome stalled on a no-go mRNA","ZNF598 and the Ribosome-associated Quality Trigger (RQT) complex dissociate a ribosome stalled on a no-go mRNA",2.28652106480721,2.23918810771417,1.05230082775724e-07,9.85389539086018e-06,6.97786008797825,5.00639205251507,TRUE,TRUE,"6187/6130/6128/6228/6146/3921/6159/6129/6171/116832/6133/6218/6231/6230/6136/6224/6144/23521/6232/51121/6124/9045/6158/6189/6122/6233/6201/6170/6173/6235/6210/6204/6234/6205/6137/6141","27207/27050/27370/20091/68028/26961/20085/67427/20103/27367/19934/16898/268449/75452/76808/270106/216080/56040/67115/269261/16785/20102/67281/77987/19981/67891/11837/100043813/20090/19944/68052/20116/19982/20104/67097/100502825/22121/19943/20084/100503670/75617/67025/66480/56550/66105/19942/19988/20115/76846/54127/20005/57294/78294/213753/110954/19989","ZNF598 and the Ribosome-associated Quality Trigger (RQT) complex dissociate a ribosome stalled on a no-go mRNA",0.0473329570930399,0.0473329570930399,"shared positive"
"Reactome","Regulation of TP53 Degradation","R-HSA-6804757","R-MMU-6804757","Regulation of TP53 Degradation","Regulation of TP53 Degradation",-0.93453325136478,-0.979411553548133,0.733495636632395,0.848096548560945,-0.134602465313691,-0.0715547042050218,FALSE,FALSE,"51230/6446/5518/253260/5519/900/5515","12566/22190/18607/12534/228829/12428","Regulation of TP53 Degradation",0.044878302183353,0.044878302183353,"shared negative"
"Reactome","CHD chromatin remodelers","R-HSA-9937848","R-MMU-9937848","CHD chromatin remodelers","CHD chromatin remodelers",-0.907451610559427,-0.950914115619482,0.853651303386305,0.894084129378247,-0.0687194922386495,-0.0486216140836093,FALSE,FALSE,"333932/7329/3020/10285/8362/6749/10992/8348/57592/57459/8344/23394/9219/8368/3065/8363/9646/10320/1107/8341/1108/1665/653604/8099/23613/23451/22827/4780/8331/6938/8338/10263/5931/8932/2033/1499/6925","140858/216848/320790/101631/234366/22026/107932/22196/22218/67772/269610/229542","CHD chromatin remodelers",0.043462505060055,0.043462505060055,"shared negative"
"Reactome","SHC-mediated cascade:FGFR3","R-HSA-5654704","R-MMU-5654704","SHC-mediated cascade:FGFR3","SHC-mediated cascade:FGFR3",0.722928545951007,0.679476669181889,0.921906693711968,1,0.0353130317192436,0,FALSE,FALSE,"2250/6464/2247","15461/20416/14173","SHC-mediated cascade:FGFR3",0.043451876769118,0.043451876769118,"shared positive"
"Reactome","Acyl chain remodelling of PG","R-HSA-1482925","R-MMU-1482925","Acyl chain remodelling of PG","Acyl chain remodelling of PG",0.835317329072187,0.794618364269973,0.830725,0.970603199728645,0.0805427195953455,0.0129582813061201,FALSE,FALSE,"22925/79888/81579","18779/66350/66586/18783","Acyl chain remodelling of PG",0.040698964802214,0.040698964802214,"shared positive"
"Reactome","Stimuli-sensing channels","R-HSA-2672351","R-MMU-2672351","Stimuli-sensing channels","Stimuli-sensing channels",-1.14010250510838,-1.17796424756747,0.366358074819988,0.558474271320619,-0.436094231827675,-0.252996829855202,FALSE,FALSE,"801/57101/11035/53373/11059/80036/6446/65266/54822/65125/6261/41/57192/7226/1180/57578/1184/26133/94015/285175","101772/56407/12723/26373/22186/94178/246788/14605/252972/22063/22190/22368/105722/14628/13830/212989/12724/12728","Stimuli-sensing channels",0.0378617424590901,0.0378617424590901,"shared negative"
"Reactome","Voltage gated Potassium channels","R-HSA-1296072","R-MMU-1296072","Voltage gated Potassium channels","Voltage gated Potassium channels",0.811013009259512,0.846785980243756,0.872891233060725,0.938049969069171,0.0590398683498748,0.0277740265324574,FALSE,FALSE,"3755/56479/3756/23416/3790","226922/238271/382571","Voltage gated Potassium channels",-0.0357729709842439,0.0357729709842439,"shared positive"
"Reactome","SLC-mediated transport of amino acids","R-HSA-9958863","R-MMU-9958863","SLC-mediated transport of amino acids","SLC-mediated transport of amino acids",1.52523745486396,1.56046269891525,0.0794283857506858,0.182143149896075,1.1000242636711,0.739587157215236,FALSE,FALSE,"6541/23428/6509/123096/8140/6542/55117/6510/81539/23657/8501/6505","26570/20539/20512/17254/11987/67760","SLC-mediated transport of amino acids",-0.0352252440512899,0.0352252440512899,"shared positive"
"Reactome","Downstream signaling of activated FGFR3","R-HSA-5654708","R-MMU-5654708","Downstream signaling of activated FGFR3","Downstream signaling of activated FGFR3",-0.703743811299699,-0.669138034999293,0.942058886739738,1,-0.025921949238114,0,FALSE,FALSE,"5295/5290","14171/14388","Downstream signaling of activated FGFR3",-0.034605776300406,0.034605776300406,"shared negative"
"Reactome","Sphingolipid de novo biosynthesis","R-HSA-1660661","R-MMU-1660661","Sphingolipid de novo biosynthesis","Sphingolipid de novo biosynthesis",-1.16849189470347,-1.20295954408253,0.403337374313628,0.607769423558897,-0.394331533246224,-0.216261152748466,FALSE,FALSE,"9218/259230/123099/171546/10087/5007/1455/29956/8560/151742","13244/67630/216892/66612/74442","Sphingolipid de novo biosynthesis",0.0344676493790601,0.0344676493790601,"shared negative"
"Reactome","Initiation of coagulation cascade","R-HSA-9769735","R-MMU-9769735","Initiation of coagulation cascade","Initiation of coagulation cascade",1.23020643795243,1.26421003973196,0.364917713854644,0.579107649501024,0.437805054578338,0.237240698381869,FALSE,FALSE,"375790/9672/7035/2239/10082","11603/15529/14733/19128/23888/21788","Initiation of coagulation cascade",-0.03400360177953,0.03400360177953,"shared positive"
"Reactome","Cyclin D associated events in G1","R-HSA-69231","R-MMU-69231","Cyclin D associated events in G1","Cyclin D associated events in G1",0.910084140568233,0.8772186982704,0.774727843834713,0.942332538262771,0.110850835144072,0.02579581265558,FALSE,FALSE,"894/1026/1021/6233/1163/1870/595","12567/12443/12444/13559/19645/12572/13555/20779/11350","Cyclin D associated events in G1",0.032865442297833,0.032865442297833,"shared positive"
"Reactome","G1 Phase","R-HSA-69236","R-MMU-69236","G1 Phase","G1 Phase",0.910084140568233,0.8772186982704,0.774727843834713,0.942332538262771,0.110850835144072,0.02579581265558,FALSE,FALSE,"894/1026/1021/6233/1163/1870/595","12567/12443/12444/13559/19645/12572/13555/20779/11350","G1 Phase",0.032865442297833,0.032865442297833,"shared positive"
"Reactome","Insulin receptor recycling","R-HSA-77387","R-MMU-77387","Insulin receptor recycling","Insulin receptor recycling",-2.23474985688609,-2.20361113973236,0.000360523594121498,0.000461233988630515,-3.44306630802786,-3.33607869675724,TRUE,TRUE,"9550/9296/9114/537/23545/50617/535/533/51606/528/3416/523/10312","21871/11975/11974/108664/66144/11984/19246/11973/114143/11966/11964/66335/13033/73834/11972","Insulin receptor recycling",-0.0311387171537301,0.0311387171537301,"shared negative"
"Reactome","Chondroitin sulfate/dermatan sulfate metabolism","R-HSA-1793185","R-MMU-1793185","Chondroitin sulfate/dermatan sulfate metabolism","Chondroitin sulfate/dermatan sulfate metabolism",0.959592472197112,0.930815514929059,0.697342334304804,0.894084129378247,0.156553968816472,0.0486216140836093,FALSE,FALSE,"9469/2990/2720/1464/3423/3425/3074/113189","12111/234356/77590/110006/15931/72136/100910/11881/319901/12091/59031","Chondroitin sulfate/dermatan sulfate metabolism",0.028776957268053,0.028776957268053,"shared positive"
"Reactome","TRP channels","R-HSA-3295583","R-MMU-3295583","TRP channels","TRP channels",-0.985169013131494,-0.957444490506352,0.671851640321849,0.850375664968029,-0.1727266181709,-0.0703891764261047,FALSE,FALSE,"11035/80036/54822/57192/7226/26133","56407/94178/246788/22063/22368","TRP channels",-0.0277245226251419,0.0277245226251419,"shared negative"
"Reactome","SRP-dependent cotranslational protein targeting to membrane","R-HSA-1799339","R-MMU-1799339","SRP-dependent cotranslational protein targeting to membrane","SRP-dependent cotranslational protein targeting to membrane",2.19054302426318,2.21778539622941,2.54414651143122e-07,2.6527642845892e-05,6.59445788230273,4.57630133820093,TRUE,TRUE,"6187/6130/6128/6727/6228/6146/3921/6159/6129/6171/116832/6133/6218/6231/6230/6726/6136/6224/6144/23521/6232/51121/6124/9045/6158/6189/6122/6233/6201/6170/60559/6173/6235/6210/6204/6234/58477","27207/27050/27370/20091/68028/26961/20085/67427/20103/27367/19934/16898/268449/76808/270106/56040/67115/269261/16785/20813/20102/67281/19981/67891/11837/100043813/20090/19944/68052/20116/19982/20104/67097/100502825/66661/22121/19943/20084/100503670/75617/67025/66480/19942/19988/20115/76846/54127/20005/57294/110954/19989","SRP-dependent cotranslational protein targeting to membrane",-0.02724237196623,0.02724237196623,"shared positive"
"Reactome","Phospholipase C-mediated cascade: FGFR1","R-HSA-5654219","R-MMU-5654219","Phospholipase C-mediated cascade: FGFR1","Phospholipase C-mediated cascade: FGFR1",-0.654975345819962,-0.629579472191777,0.938127701500127,1,-0.0277380397851701,0,FALSE,FALSE,"2249/2255/2260","14165/14171","Phospholipase C-mediated cascade: FGFR1",-0.025395873628185,0.025395873628185,"shared negative"
"Reactome","Xenobiotics","R-HSA-211981","R-MMU-211981","Xenobiotics","Xenobiotics",0.956510755425873,0.932565382225063,0.71702230734055,0.885259640413209,0.144467332750326,0.052929335108724,FALSE,FALSE,"196/9915/29785/1565","11864","Xenobiotics",0.02394537320081,0.02394537320081,"shared positive"
"Reactome","TNFs bind their physiological receptors","R-HSA-5669034","R-MMU-5669034","TNFs bind their physiological receptors","TNFs bind their physiological receptors",0.760173635766416,0.78285661663518,0.90842929690294,0.996844603983326,0.0417088682016255,0.00137253766881647,FALSE,FALSE,"7132/970/8718/8744/4982/7292/128178","21937/21942/230979/18383/245527","TNFs bind their physiological receptors",-0.0226829808687641,0.0226829808687641,"shared positive"
"Reactome","DNA Replication","R-HSA-69306","R-MMU-69306","DNA Replication","DNA Replication",-0.90664915990671,-0.891300296930109,0.837299796977216,0.962336094476518,-0.0771190140964784,-0.0166732247556078,FALSE,FALSE,"5690/10213/5719/5685/5684/8341/10393/653604/5718/8881/51433/11047/64682/7321/29882/8454/7979/8331/4175/5694/8338/5717/5689/5701/9978/5686/5709/5691/29945/5707","66440/57441/26442/327762/16650/50776/26428/68999/19075/19687/66634/67177/22186/23997/68275/56438/67967/23834/57296/12566/18968/70024/22190/12545/18969/19891/78833/12428/17217/17215","DNA Replication",-0.015348862976601,0.015348862976601,"shared negative"
"Reactome","Glycosaminoglycan-protein linkage region biosynthesis","R-HSA-1971475","R-MMU-1971475","Glycosaminoglycan-protein linkage region biosynthesis","Glycosaminoglycan-protein linkage region biosynthesis",1.13290500527112,1.12245045757636,0.463104871532134,0.658825403070927,0.334320650514644,0.181229663599385,FALSE,FALSE,"375790/9672/2239/10082/126792/1464","12111/11603/15529/14733/215015/76898/117592/23888","Glycosaminoglycan-protein linkage region biosynthesis",0.01045454769476,0.01045454769476,"shared positive"
"Reactome","PINK1-PRKN Mediated Mitophagy","R-HSA-5205685","R-MMU-5205685","PINK1-PRKN Mediated Mitophagy","PINK1-PRKN Mediated Mitophagy",-0.994066086050286,-1.00404193021247,0.637325730239554,0.805184024849045,-0.195638547744073,-0.0941048502621863,FALSE,FALSE,"7419/7323/7334/29110/9868/84557/55669/401505/65018/8878/7322","11793/67952/22186/22195/93765/56480/22190/71648/67443/67526","PINK1-PRKN Mediated Mitophagy",0.00997584416218389,0.00997584416218389,"shared negative"
"Reactome","Metabolism of Angiotensinogen to Angiotensins","R-HSA-2022377","R-MMU-2022377","Metabolism of Angiotensinogen to Angiotensins","Metabolism of Angiotensinogen to Angiotensins",-1.56673268436365,-1.5744371110744,0.14381254908674,0.136217156371121,-0.842203215751929,-0.865768190161332,FALSE,FALSE,"1522/4311","64138/13033/70495","Metabolism of Angiotensinogen to Angiotensins",0.00770442671075,0.00770442671075,"shared negative"
"Reactome","DNA Damage Bypass","R-HSA-73893","R-MMU-73893","DNA Damage Bypass","DNA Damage Bypass",0.957918677626718,0.964634783612093,0.713999673095783,0.861093557220667,0.146301987065184,0.0649496601870978,FALSE,FALSE,"5425/9100/6118/6233/7706/54107/6119/5984/9636/5982/5429/5426/56852/55666/10459/7353/9246/56655/83932/5111/11201","100038882/74153/217365/13194/217069/99375/58186/56791/19718/68026","DNA Damage Bypass",-0.00671610598537498,0.00671610598537498,"shared positive"
"Reactome","FCERI mediated MAPK activation","R-HSA-2871796","R-MMU-2871796","FCERI mediated MAPK activation","FCERI mediated MAPK activation",-0.996349700435601,-1.00245437592187,0.645645721823394,0.832723141017548,-0.190005722349644,-0.0794993663173446,FALSE,FALSE,"3265/5058/6416/10451/5595","57257/17096/16476/234779","FCERI mediated MAPK activation",0.00610467548626903,0.00610467548626903,"shared negative"
"Reactome","FRS-mediated FGFR1 signaling","R-HSA-5654693","R-MMU-5654693","FRS-mediated FGFR1 signaling","FRS-mediated FGFR1 signaling",-0.567586407135241,-0.565567956899516,0.984488896423123,1,-0.0067891776968744,0,FALSE,FALSE,"3265/2255/2260","107971/20662/14784/327826/14165/14171","FRS-mediated FGFR1 signaling",-0.002018450235725,0.002018450235725,"shared negative"
"Reactome","ABC transporter disorders","R-HSA-5619084",NA,"ABC transporter disorders",NA,-1.91639455524662,NA,0.00132783885386181,NA,-2.87685462762244,NA,TRUE,NA,"215/5692/6833/64241/5687/91319/5704/55788/5690/10213/5719/5685/5684/5718/11047/7979/5694/5717/5689/5701/21/1080/5686/5709/79139/7415/5691/5707",NA,"ABC transporter disorders",NA,NA,"mixed or incomplete"
"Reactome","ADORA2B mediated anti-inflammatory cytokines production","R-HSA-9660821",NA,"ADORA2B mediated anti-inflammatory cytokines production",NA,-0.767595798307668,NA,0.929218882954287,NA,-0.03188197334498,NA,FALSE,NA,"2778/111/5568/2771/2773/2783/196883/112/5577",NA,"ADORA2B mediated anti-inflammatory cytokines production",NA,NA,"mixed or incomplete"
"Reactome","ATF4 activates genes in response to endoplasmic reticulum stress","R-HSA-380994",NA,"ATF4 activates genes in response to endoplasmic reticulum  stress",NA,-0.57212469739559,NA,0.984046940903644,NA,-0.00698418440484669,NA,FALSE,NA,"4802/9709/1649/1051",NA,"ATF4 activates genes in response to endoplasmic reticulum  stress",NA,NA,"mixed or incomplete"
"Reactome","Aberrant regulation of mitotic G1/S transition in cancer due to RB1 defects","R-HSA-9659787",NA,"Aberrant regulation of mitotic G1/S transition in cancer due to RB1 defects",NA,1.68382174969522,NA,0.0414732863167324,NA,1.38223155005496,NA,TRUE,NA,"894/1026/1021/1870/595",NA,"Aberrant regulation of mitotic G1/S transition in cancer due to RB1 defects",NA,NA,"mixed or incomplete"
"Reactome","Aberrant regulation of mitotic cell cycle due to RB1 defects","R-HSA-9687139",NA,"Aberrant regulation of mitotic cell cycle due to RB1 defects",NA,1.1545672464275,NA,0.428975311054654,NA,0.367567702177217,NA,FALSE,NA,"894/1026/1021/27338/246184/11065/1870/595",NA,"Aberrant regulation of mitotic cell cycle due to RB1 defects",NA,NA,"mixed or incomplete"
"Reactome","Aberrant regulation of mitotic exit in cancer due to RB1 defects","R-HSA-9687136",NA,"Aberrant regulation of mitotic exit in cancer due to RB1 defects",NA,-1.44091399532739,NA,0.15355570592019,NA,-0.813734041131615,NA,FALSE,NA,"10393/8881/51433/64682/7321/29882/29945",NA,"Aberrant regulation of mitotic exit in cancer due to RB1 defects",NA,NA,"mixed or incomplete"
"Reactome","Abortive elongation of HIV-1 transcript in the absence of Tat","R-HSA-167242",NA,"Abortive elongation of HIV-1 transcript in the absence of Tat",NA,0.742097332069499,NA,0.926882139148494,NA,0.0329754865369362,NA,FALSE,NA,"51497/5439/25920/22916/5433/2963/5441/7936/7469",NA,"Abortive elongation of HIV-1 transcript in the absence of Tat",NA,NA,"mixed or incomplete"
"Reactome","Acetylcholine binding and downstream events","R-HSA-181431",NA,"Acetylcholine binding and downstream events",NA,0.461122976918659,NA,0.999594149490278,NA,0.000176294413859085,NA,FALSE,NA,"1141/1138",NA,"Acetylcholine binding and downstream events",NA,NA,"mixed or incomplete"
"Reactome","Activated NOTCH1 Transmits Signal to the Nucleus","R-HSA-2122948",NA,"Activated NOTCH1 Transmits Signal to the Nucleus",NA,-0.99839455687847,NA,0.621022838180753,NA,-0.206892428304098,NA,FALSE,NA,"102/51107/6868/408/8788/23220/55851",NA,"Activated NOTCH1 Transmits Signal to the Nucleus",NA,NA,"mixed or incomplete"
"Reactome","Activated PKN1 stimulates transcription of AR (androgen receptor) regulated genes KLK2 and KLK3","R-HSA-5625886",NA,"Activated PKN1 stimulates transcription of AR (androgen receptor) regulated genes KLK2 and KLK3",NA,-1.07113434832266,NA,0.513696435722867,NA,-0.289293447612749,NA,FALSE,NA,"8337/8294/8359/3021/3817/8355/333932/3020/354/8362/8348/8344/8368/8363/8341/653604/8331/10499/8338",NA,"Activated PKN1 stimulates transcription of AR (androgen receptor) regulated genes KLK2 and KLK3",NA,NA,"mixed or incomplete"
"Reactome","Activated point mutants of FGFR2","R-HSA-2033519",NA,"Activated point mutants of FGFR2",NA,-1.43950395591662,NA,0.264939105226875,NA,-0.576853934753664,NA,FALSE,NA,"2263/2252",NA,"Activated point mutants of FGFR2",NA,NA,"mixed or incomplete"
"Reactome","Activation of AMPK downstream of NMDARs","R-HSA-9619483",NA,"Activation of AMPK downstream of NMDARs",NA,-1.758114740566,NA,0.0134187720135597,NA,-1.87228722575692,NA,TRUE,NA,"5571/53632/80086/5562/10382/347688/7277",NA,"Activation of AMPK downstream of NMDARs",NA,NA,"mixed or incomplete"
"Reactome","Activation of BAD and translocation to mitochondria","R-HSA-111447",NA,"Activation of BAD and translocation to mitochondria",NA,-0.793205492525989,NA,0.871149445520155,NA,-0.0599073354661023,NA,FALSE,NA,"7533/7531/596",NA,"Activation of BAD and translocation to mitochondria",NA,NA,"mixed or incomplete"
"Reactome","Activation of HOX genes during differentiation","R-HSA-5619507",NA,"Activation of HOX genes during differentiation",NA,-1.41851264291842,NA,0.0756090175029796,NA,-1.12142640531573,NA,FALSE,NA,"8337/8294/5928/6256/8359/3021/5440/5914/5929/8355/8726/333932/5438/3020/9125/8362/8348/5435/8344/5430/8368/5431/8363/8085/8341/653604/7403/5087/8841/9611/84661/8331/8338/5931/2033/57472/23512/9063/5916",NA,"Activation of HOX genes during differentiation",NA,NA,"mixed or incomplete"
"Reactome","Activation of SMO","R-HSA-5635838",NA,"Activation of SMO",NA,-1.83113699185524,NA,0.039226633115912,NA,-1.40641896645448,NA,TRUE,NA,"91653/2622/6608/3549/408/11127/50937/2619",NA,"Activation of SMO",NA,NA,"mixed or incomplete"
"Reactome","Activation of anterior HOX genes in hindbrain development during early embryogenesis","R-HSA-5617472",NA,"Activation of anterior HOX genes in hindbrain development during early embryogenesis",NA,-1.41851264291842,NA,0.0756090175029796,NA,-1.12142640531573,NA,FALSE,NA,"8337/8294/5928/6256/8359/3021/5440/5914/5929/8355/8726/333932/5438/3020/9125/8362/8348/5435/8344/5430/8368/5431/8363/8085/8341/653604/7403/5087/8841/9611/84661/8331/8338/5931/2033/57472/23512/9063/5916",NA,"Activation of anterior HOX genes in hindbrain development during early embryogenesis",NA,NA,"mixed or incomplete"
"Reactome","Activation of gene expression by SREBF (SREBP)","R-HSA-2426168",NA,"Activation of gene expression by SREBF (SREBP)",NA,-1.55854038392475,NA,0.0800088307887573,NA,-1.09686207611841,NA,FALSE,NA,"6667/4800/6256/4597/10654/10498/6319/1595/6604/2224/57678/4520/5469/4802/32/31/6907/6720/3156/10499/7108/6721/79071/4598/3157/6713",NA,"Activation of gene expression by SREBF (SREBP)",NA,NA,"mixed or incomplete"
"Reactome","Adipogenesis","R-HSA-9843745",NA,"Adipogenesis",NA,-1.51186768396875,NA,0.0206342590400338,NA,-1.68541112167885,NA,TRUE,NA,"5469/57459/9219/3065/83401/1052/1050/6907/84246/1107/51003/1108/6720/4089/1051/8841/9969/1879/9611/4086/10499/90390/9314/6721/1024/81857/4790/5931/9968/2033/7480/9282/2167",NA,"Adipogenesis",NA,NA,"mixed or incomplete"
"Reactome","Amyloid fiber formation","R-HSA-977225",NA,"Amyloid fiber formation",NA,-0.993162880017659,NA,0.674850299401198,NA,-0.170792555101476,NA,FALSE,NA,"8337/8294/8359/5045/3021/8355/23385/333932/3020/3015/8362/8348/8344/8368/8363/796/102/51107/8341/653604/3339/8331/8338/9445/2934/8239/55851/26088",NA,"Amyloid fiber formation",NA,NA,"mixed or incomplete"
"Reactome","Anchoring fibril formation","R-HSA-2214320",NA,"Anchoring fibril formation",NA,1.85776513936949,NA,0.0084561783597388,NA,2.07282586536082,NA,TRUE,NA,"1282/1294/1284/1288/1287/3914",NA,"Anchoring fibril formation",NA,NA,"mixed or incomplete"
"Reactome","Androgen biosynthesis",NA,"R-MMU-193048",NA,"Androgen biosynthesis",NA,1.06570753181099,NA,0.797788610800948,NA,0.0981121679529877,NA,FALSE,NA,"56348/57357","Androgen biosynthesis",NA,NA,"mixed or incomplete"
"Reactome","Anti-inflammatory response favouring Leishmania parasite infection","R-HSA-9662851",NA,"Anti-inflammatory response favouring Leishmania parasite infection",NA,-1.27123854859882,NA,0.219332627118644,NA,-0.658896759459672,NA,FALSE,NA,"2778/801/111/5568/2771/2773/6868/2534/4627/2783/196883/6714/112/3710/10768/3708/5577",NA,"Anti-inflammatory response favouring Leishmania parasite infection",NA,NA,"mixed or incomplete"
"Reactome","Assembly Of The HIV Virion","R-HSA-175474",NA,"Assembly Of The HIV Virion",NA,1.4406666291678,NA,0.176615618551102,NA,0.752970893336994,NA,FALSE,NA,"5478/6233/79720",NA,"Assembly Of The HIV Virion",NA,NA,"mixed or incomplete"
"Reactome","Assembly and cell surface presentation of NMDA receptors","R-HSA-9609736",NA,"Assembly and cell surface presentation of NMDA receptors",NA,-1.77647824372599,NA,0.00951753965010262,NA,-2.02147530523753,NA,TRUE,NA,"7846/26960/8573/7280/2906/55327/2903/2902/818/1741/817/80086/1740/10382/347688/7277",NA,"Assembly and cell surface presentation of NMDA receptors",NA,NA,"mixed or incomplete"
"Reactome","Assembly of active LPL and LIPC lipase complexes","R-HSA-8963889",NA,"Assembly of active LPL and LIPC lipase complexes",NA,-0.855507102699543,NA,0.806110389826559,NA,-0.0936054812596941,NA,FALSE,NA,"338328/5045/27329/3990/116519/8720/64788/63924",NA,"Assembly of active LPL and LIPC lipase complexes",NA,NA,"mixed or incomplete"
"Reactome","Assembly of the ORC complex at the origin of replication","R-HSA-68616",NA,"Assembly of the ORC complex at the origin of replication",NA,-0.77926880070225,NA,0.935300178508584,NA,-0.029048982766427,NA,FALSE,NA,"5000/8340/23633/8337/8294/8359/3021/3837/8355/333932/3020/8362/8348/8344/8368/8363/8341/653604/8331/8338",NA,"Assembly of the ORC complex at the origin of replication",NA,NA,"mixed or incomplete"
"Reactome","Association of TriC/CCT with target proteins during biosynthesis","R-HSA-390471",NA,"Association of TriC/CCT with target proteins during biosynthesis",NA,-1.07437144928698,NA,0.53274188761465,NA,-0.273483154830123,NA,FALSE,NA,"10693/22948/2629/6950/26985/10564/55294/26234/84261/8841/6774/26272",NA,"Association of TriC/CCT with target proteins during biosynthesis",NA,NA,"mixed or incomplete"
"Reactome","Atorvastatin ADME",NA,"R-MMU-9754706",NA,"Atorvastatin ADME",NA,1.35253032168248,NA,0.435019986350785,NA,0.361490789568438,NA,FALSE,NA,"28253/269823/18671","Atorvastatin ADME",NA,NA,"mixed or incomplete"
"Reactome","Attachment and Entry","R-HSA-9694614",NA,"Attachment and Entry",NA,1.4301478601615,NA,0.191885444118453,NA,0.716957968353616,NA,FALSE,NA,"375790/1514/9672/2239/10082/8829",NA,"Attachment and Entry",NA,NA,"mixed or incomplete"
"Reactome","Attachment of bacteria to epithelial cells","R-HSA-9638630",NA,"Attachment of bacteria to epithelial cells",NA,2.07962121185822,NA,0.000790949478219474,NA,3.10185125611197,NA,TRUE,NA,"1282/1284/1288/3912/3910/1287/284217/3911/3913/3914/1289/3915",NA,"Attachment of bacteria to epithelial cells",NA,NA,"mixed or incomplete"
"Reactome","Axon guidance",NA,"R-MMU-422475",NA,"Axon guidance",NA,1.47158605606561,NA,0.0417302074146141,NA,1.37954945667821,NA,TRUE,NA,"20563/20564/14432/213498/12826/12833/26396/18846/12834/11853/22142/20346/18186/20361/22240/11867/67951/11733/22359/12832/12568/12825/22143/12827/68089/58194/13848/67771/227613/15529/13429/19165/218397/18643/110596/13866/22323/59287/14026/22146/20315/22152/17698/14733/26395/15461/11461/14585/20416/11876/13639/13846/227377/26417/19164/13640/330662/14586/18706/20779/235611/11350/74117/53867/12540/18709","Axon guidance",NA,NA,"mixed or incomplete"
"Reactome","BMAL1:CLOCK,NPAS2 activates circadian expression","R-HSA-1368108",NA,"BMAL1:CLOCK,NPAS2 activates circadian expression",NA,1.15494660972719,NA,0.438132617227846,NA,0.358394414124327,NA,FALSE,NA,"5054/1387/56938/85441/5465/96764",NA,"BMAL1:CLOCK,NPAS2 activates circadian expression",NA,NA,"mixed or incomplete"
"Reactome","Bacterial Infection Pathways","R-HSA-9824439",NA,"Bacterial Infection Pathways",NA,1.47369801899636,NA,0.0800088307887573,NA,1.09686207611841,NA,FALSE,NA,"1282/1284/567/1288/837/2635/118429/9900/3912/3910/3320/57674/84168/1287/284217/6804/3911/6233/6455/3913/3914/1289/5605/3915/6843",NA,"Bacterial Infection Pathways",NA,NA,"mixed or incomplete"
"Reactome","Biofilm formation","R-HSA-9931953",NA,"Biofilm formation",NA,2.07962121185822,NA,0.000790949478219474,NA,3.10185125611197,NA,TRUE,NA,"1282/1284/1288/3912/3910/1287/284217/3911/3913/3914/1289/3915",NA,"Biofilm formation",NA,NA,"mixed or incomplete"
"Reactome","Biosynthesis of maresins",NA,"R-MMU-9018682",NA,"Biosynthesis of maresins",NA,0.585728925282197,NA,1,NA,0,NA,FALSE,NA,"56448/11689/72303","Biosynthesis of maresins",NA,NA,"mixed or incomplete"
"Reactome","Budding and maturation of HIV virion","R-HSA-162588",NA,"Budding and maturation of HIV virion",NA,1.17062170977434,NA,0.430145504683568,NA,0.366384611415652,NA,FALSE,NA,"5478/51652/27183/6233/79720",NA,"Budding and maturation of HIV virion",NA,NA,"mixed or incomplete"
"Reactome","CHD1 and CHD2 subfamily","R-HSA-9943411",NA,"CHD1 and CHD2 subfamily",NA,-0.876378468809906,NA,0.862491222135084,NA,-0.0642453161940445,NA,FALSE,NA,"8337/8294/8359/23450/3021/84844/1105/8355/333932/3020/10285/8362/6749/10992/8348/8344/8368/8363/9646/8341/1665/653604/23451/22827/8331/6938/8338/6925",NA,"CHD1 and CHD2 subfamily",NA,NA,"mixed or incomplete"
"Reactome","CHD6, CHD7, CHD8, CHD9 subfamily","R-HSA-9943962",NA,"CHD6, CHD7, CHD8, CHD9 subfamily",NA,0.977288855952202,NA,0.696181757418061,NA,0.157277361052409,NA,FALSE,NA,"3481/7975/94239/11091/1387/85236/3017",NA,"CHD6, CHD7, CHD8, CHD9 subfamily",NA,NA,"mixed or incomplete"
"Reactome","CREB1 phosphorylation through NMDA receptor-mediated activation of RAS signaling","R-HSA-442742",NA,"CREB1 phosphorylation through NMDA receptor-mediated activation of RAS signaling",NA,-1.45649481413975,NA,0.0833145397932629,NA,-1.07927920026245,NA,FALSE,NA,"2906/6197/801/2902/818/3265/1741/817/1740/5595",NA,"CREB1 phosphorylation through NMDA receptor-mediated activation of RAS signaling",NA,NA,"mixed or incomplete"
"Reactome","CTNNB1 S33 mutants aren't phosphorylated","R-HSA-5358747",NA,"CTNNB1 S33 mutants aren't phosphorylated",NA,-2.05763566390189,NA,0.00275531491450419,NA,-2.55982875695178,NA,TRUE,NA,"5528/5518/139285/324/5526/5519/5515/1499/5525",NA,"CTNNB1 S33 mutants aren't phosphorylated",NA,NA,"mixed or incomplete"
"Reactome","CTNNB1 S37 mutants aren't phosphorylated","R-HSA-5358749",NA,"CTNNB1 S37 mutants aren't phosphorylated",NA,-2.05763566390189,NA,0.00275531491450419,NA,-2.55982875695178,NA,TRUE,NA,"5528/5518/139285/324/5526/5519/5515/1499/5525",NA,"CTNNB1 S37 mutants aren't phosphorylated",NA,NA,"mixed or incomplete"
"Reactome","CTNNB1 S45 mutants aren't phosphorylated","R-HSA-5358751",NA,"CTNNB1 S45 mutants aren't phosphorylated",NA,-2.05763566390189,NA,0.00275531491450419,NA,-2.55982875695178,NA,TRUE,NA,"5528/5518/139285/324/5526/5519/5515/1499/5525",NA,"CTNNB1 S45 mutants aren't phosphorylated",NA,NA,"mixed or incomplete"
"Reactome","CTNNB1 T41 mutants aren't phosphorylated","R-HSA-5358752",NA,"CTNNB1 T41 mutants aren't phosphorylated",NA,-2.05763566390189,NA,0.00275531491450419,NA,-2.55982875695178,NA,TRUE,NA,"5528/5518/139285/324/5526/5519/5515/1499/5525",NA,"CTNNB1 T41 mutants aren't phosphorylated",NA,NA,"mixed or incomplete"
"Reactome","Calnexin/calreticulin cycle","R-HSA-901042",NA,"Calnexin/calreticulin cycle",NA,-1.1112246046939,NA,0.43892596616483,NA,-0.357608726221485,NA,FALSE,NA,"80267/55741/84447/9695/56886/11236/267",NA,"Calnexin/calreticulin cycle",NA,NA,"mixed or incomplete"
"Reactome","Cardiogenesis","R-HSA-9733709",NA,"Cardiogenesis",NA,-1.06534051825039,NA,0.52305744927419,NA,-0.281450608393622,NA,FALSE,NA,"150572/9464/10524/4089/6722/4086/4303/2648/1499/8861",NA,"Cardiogenesis",NA,NA,"mixed or incomplete"
"Reactome","Cell recruitment (pro-inflammatory response)","R-HSA-9664424",NA,"Cell recruitment (pro-inflammatory response)",NA,-1.52548918186373,NA,0.124605992962091,NA,-0.904461069652962,NA,FALSE,NA,"5027/5025/3162/4791/4790/9051/10628/718",NA,"Cell recruitment (pro-inflammatory response)",NA,NA,"mixed or incomplete"
"Reactome","Cellular responses to stress",NA,"R-MMU-2262752",NA,"Cellular responses to stress",NA,-0.909141688935438,NA,1,NA,0,NA,FALSE,NA,"66401/112405/26413/23939/22186/69590/22230/70699/20467/17969/67384/112407/68350/23872/23997/110920/12013/68275/15526/11974/104248/56438/17165/108664/81489/64384/107939/69482/23950/216742/66144/108079/14056/17135/53598/227720/170644/14828/19014/57296/12566/23871/110323/22190/15519/56032/17977/29810/68097/21749/73442/15502/59288/11984/11973/70356/80909/22627/11863/54170/19891/20867/114143/12428/329679/67443/16476/11966/13666/11964/66335/56692/73834/57321/18141/11972/15505/18415/52187","Cellular responses to stress",NA,NA,"mixed or incomplete"
"Reactome","ChAHP complex assembly","R-HSA-9940465",NA,"ChAHP complex assembly",NA,-0.816630812232718,NA,0.884572858472998,NA,-0.0532663903069569,NA,FALSE,NA,"8337/8294/8359/8355/333932/8362/8348/8344/23394/8368/8363/8341/1108/653604/8331/8338",NA,"ChAHP complex assembly",NA,NA,"mixed or incomplete"
"Reactome","Chaperone Mediated Autophagy","R-HSA-9613829",NA,"Chaperone Mediated Autophagy",NA,1.46471782857391,NA,0.125087083367356,NA,0.902787533727044,NA,FALSE,NA,"10226/5116/3320/1915/6233",NA,"Chaperone Mediated Autophagy",NA,NA,"mixed or incomplete"
"Reactome","Chk1/Chk2(Cds1) mediated inactivation of Cyclin B:Cdk1 complex","R-HSA-75035",NA,"Chk1/Chk2(Cds1) mediated inactivation of Cyclin B:Cdk1 complex",NA,0.460629280911289,NA,1,NA,0,NA,FALSE,NA,"995/7529/1111/891/8900/7465",NA,"Chk1/Chk2(Cds1) mediated inactivation of Cyclin B:Cdk1 complex",NA,NA,"mixed or incomplete"
"Reactome","Chromatin modifications during the maternal to zygotic transition (MZT)","R-HSA-9821002",NA,"Chromatin modifications during the maternal to zygotic transition (MZT)",NA,0.742191814856016,NA,0.948806577543983,NA,0.0228223132492533,NA,FALSE,NA,"29128/7374/94239/85236/3017",NA,"Chromatin modifications during the maternal to zygotic transition (MZT)",NA,NA,"mixed or incomplete"
"Reactome","Cleavage of the damaged pyrimidine","R-HSA-110329",NA,"Cleavage of the damaged pyrimidine",NA,1.29174277219648,NA,0.237736959354378,NA,0.623903296202374,NA,FALSE,NA,"7374/94239/54386/85236/8930/3017/79661/7013/25913/26277/8334/252969/6996",NA,"Cleavage of the damaged pyrimidine",NA,NA,"mixed or incomplete"
"Reactome","Constitutive Signaling by AKT1 E17K in Cancer","R-HSA-5674400",NA,"Constitutive Signaling by AKT1 E17K in Cancer",NA,-0.940564807139991,NA,0.71012921424783,NA,-0.148662620394992,NA,FALSE,NA,"2931/3164/4303/253260/2308",NA,"Constitutive Signaling by AKT1 E17K in Cancer",NA,NA,"mixed or incomplete"
"Reactome","Constitutive Signaling by Aberrant PI3K in Cancer","R-HSA-2219530",NA,"Constitutive Signaling by Aberrant PI3K in Cancer",NA,-1.36366912947982,NA,0.0800149382611951,NA,-1.09682892552341,NA,FALSE,NA,"2255/2534/5159/2260/2099/6714/5295/5290/2263/5156/3082/2252",NA,"Constitutive Signaling by Aberrant PI3K in Cancer",NA,NA,"mixed or incomplete"
"Reactome","Constitutive Signaling by EGFRvIII","R-HSA-5637810",NA,"Constitutive Signaling by EGFRvIII",NA,0.780210744326074,NA,0.872891233060725,NA,0.0590398683498748,NA,FALSE,NA,"1956/3320",NA,"Constitutive Signaling by EGFRvIII",NA,NA,"mixed or incomplete"
"Reactome","Constitutive Signaling by Ligand-Responsive EGFR Cancer Variants","R-HSA-1236382",NA,"Constitutive Signaling by Ligand-Responsive EGFR Cancer Variants",NA,0.930076241688424,NA,0.734041057157475,NA,0.134279647988212,NA,FALSE,NA,"1956/3320/6233/6464",NA,"Constitutive Signaling by Ligand-Responsive EGFR Cancer Variants",NA,NA,"mixed or incomplete"
"Reactome","Constitutive Signaling by NOTCH1 HD Domain Mutants","R-HSA-2691232",NA,"Constitutive Signaling by NOTCH1 HD Domain Mutants",NA,0.729494189570867,NA,0.925603369763206,NA,0.0335750729555055,NA,FALSE,NA,"182/6233/3714/28514",NA,"Constitutive Signaling by NOTCH1 HD Domain Mutants",NA,NA,"mixed or incomplete"
"Reactome","Constitutive Signaling by NOTCH1 HD+PEST Domain Mutants","R-HSA-2894862",NA,"Constitutive Signaling by NOTCH1 HD+PEST Domain Mutants",NA,-1.52533982158677,NA,0.0563373282551396,NA,-1.24920375286965,NA,FALSE,NA,"102/6907/51107/55294/6868/8841/8454/9611/1024/2648/9978/10014/9759/2033/55851/8850/3516",NA,"Constitutive Signaling by NOTCH1 HD+PEST Domain Mutants",NA,NA,"mixed or incomplete"
"Reactome","Constitutive Signaling by NOTCH1 PEST Domain Mutants","R-HSA-2644606",NA,"Constitutive Signaling by NOTCH1 PEST Domain Mutants",NA,-1.52533982158677,NA,0.0563373282551396,NA,-1.24920375286965,NA,FALSE,NA,"102/6907/51107/55294/6868/8841/8454/9611/1024/2648/9978/10014/9759/2033/55851/8850/3516",NA,"Constitutive Signaling by NOTCH1 PEST Domain Mutants",NA,NA,"mixed or incomplete"
"Reactome","Cooperation of Prefoldin and TriC/CCT in actin and tubulin folding","R-HSA-389958",NA,"Cooperation of Prefoldin and TriC/CCT  in actin and tubulin folding",NA,-1.42324645991272,NA,0.167139479905437,NA,-0.776920953578144,NA,FALSE,NA,"7203/81027/10376/7278/10576/7846/10693/22948/7280/6950/5204/80086/10382/7277",NA,"Cooperation of Prefoldin and TriC/CCT  in actin and tubulin folding",NA,NA,"mixed or incomplete"
"Reactome","Crosslinking of collagen fibrils","R-HSA-2243919",NA,"Crosslinking of collagen fibrils",NA,1.59308962457283,NA,0.0430146211453747,NA,1.36638389782889,NA,TRUE,NA,"1282/1284/7837/4017/1288/1287",NA,"Crosslinking of collagen fibrils",NA,NA,"mixed or incomplete"
"Reactome","Cytokine Signaling in Immune system",NA,"R-MMU-1280215",NA,"Cytokine Signaling in Immune system",NA,1.40574166111628,NA,0.0691901729555596,NA,1.15995558378368,NA,FALSE,NA,"99899/24110/100038882/230073/18414/69146/20112/14469/16391/74153/17082/16177/22142/12931/22059/16156/16453/67951/17999/26444/22143/16923/14600/18148/11651/13681/19106/227613/21937/16174/67603/22192/13690/230861/20852/12977/107527/14272/217069/216233/59029/266632/22146/109658/22152/56791/27279/26987/12702/15461/16164/22631/26398/72775/231655/16179/216080/17874/11820/14088/26406/16157/67030/26420/20416/20909/208643/434341/19181/108058/80750/26417/100040608/67673/16878/107607/223664/18706/20586/26419/21942/54607/75717/15976/19167/18709/16818/14281/26400/56468/15975/19173/14360/67089/230979/110651/16180/21944/22200/16189/102626/21357/26965/18383/12370/12703/18803/16452/54721","Cytokine Signaling in Immune system",NA,NA,"mixed or incomplete"
"Reactome","Cytosolic sulfonation of small molecules","R-HSA-156584",NA,"Cytosolic sulfonation of small molecules",NA,-0.979315194087738,NA,0.668320926385442,NA,-0.175014940086186,NA,FALSE,NA,"8460/8459",NA,"Cytosolic sulfonation of small molecules",NA,NA,"mixed or incomplete"
"Reactome","Cytosolic tRNA aminoacylation","R-HSA-379716",NA,"Cytosolic tRNA aminoacylation",NA,-1.0501187714804,NA,0.583824481865285,NA,-0.233717697432844,NA,FALSE,NA,"2058/16/4677/3735/6301/1615/5917",NA,"Cytosolic tRNA aminoacylation",NA,NA,"mixed or incomplete"
"Reactome","DNA methylation","R-HSA-5334118",NA,"DNA methylation",NA,0.850443153911268,NA,0.840413407470235,NA,0.0755070277274221,NA,FALSE,NA,"29128/94239/1789/85236/3017/1788/8334",NA,"DNA methylation",NA,NA,"mixed or incomplete"
"Reactome","Dectin-2 family","R-HSA-5621480",NA,"Dectin-2 family",NA,-1.37262019864264,NA,0.235255425593246,NA,-0.62846035184104,NA,FALSE,NA,"10462/10071/283463/4586/140453/4585/94025/727897/56667/4583/2534",NA,"Dectin-2 family",NA,NA,"mixed or incomplete"
"Reactome","Defective B3GALT6 causes EDSP2 and SEMDJL1","R-HSA-4420332",NA,"Defective B3GALT6 causes EDSP2 and SEMDJL1",NA,1.42123176801186,NA,0.164443322450624,NA,0.783983757217668,NA,FALSE,NA,"375790/9672/2239/10082/126792/1464",NA,"Defective B3GALT6 causes EDSP2 and SEMDJL1",NA,NA,"mixed or incomplete"
"Reactome","Defective B3GALTL causes PpS","R-HSA-5083635",NA,"Defective B3GALTL causes PpS",NA,-0.899010946176943,NA,0.760215053763441,NA,-0.119063534757036,NA,FALSE,NA,"56999/9507/221981/54507",NA,"Defective B3GALTL causes PpS",NA,NA,"mixed or incomplete"
"Reactome","Defective B3GAT3 causes JDSSDHD","R-HSA-3560801",NA,"Defective B3GAT3 causes JDSSDHD",NA,1.27893838935573,NA,0.327079105291871,NA,0.485347198908604,NA,FALSE,NA,"375790/9672/2239/10082/1464",NA,"Defective B3GAT3 causes JDSSDHD",NA,NA,"mixed or incomplete"
"Reactome","Defective B4GALT7 causes EDS, progeroid type","R-HSA-3560783",NA,"Defective B4GALT7 causes EDS, progeroid type",NA,1.31033300418933,NA,0.278225286875969,NA,0.555603401117415,NA,FALSE,NA,"375790/9672/2239/10082/1464",NA,"Defective B4GALT7 causes EDS, progeroid type",NA,NA,"mixed or incomplete"
"Reactome","Defective C1GALT1C1 causes TNPS","R-HSA-5083632",NA,"Defective C1GALT1C1 causes TNPS",NA,-1.42519264735772,NA,0.199604743083004,NA,-0.699829143057156,NA,FALSE,NA,"29071/10071/283463/4586/140453/4585/94025/727897/56667/4583",NA,"Defective C1GALT1C1 causes TNPS",NA,NA,"mixed or incomplete"
"Reactome","Defective CFTR causes cystic fibrosis","R-HSA-5678895",NA,"Defective CFTR causes cystic fibrosis",NA,-2.05840995039689,NA,0.000392080309935275,NA,-3.40662496719017,NA,TRUE,NA,"5687/91319/5704/5690/10213/5719/5685/5684/5718/11047/7979/5694/5717/5689/5701/1080/5686/5709/79139/7415/5691/5707",NA,"Defective CFTR causes cystic fibrosis",NA,NA,"mixed or incomplete"
"Reactome","Defective GALNT12 causes CRCS1","R-HSA-5083636",NA,"Defective GALNT12 causes CRCS1",NA,-1.43483991105893,NA,0.189652655870925,NA,-0.722041071115627,NA,FALSE,NA,"10071/283463/4586/140453/4585/94025/727897/56667/4583",NA,"Defective GALNT12 causes CRCS1",NA,NA,"mixed or incomplete"
"Reactome","Defective GALNT3 causes HFTC","R-HSA-5083625",NA,"Defective GALNT3 causes HFTC",NA,-1.22852404124086,NA,0.376390322210756,NA,-0.424361551728573,NA,FALSE,NA,"10071/283463/4586/140453/4585/94025/727897/56667/4583",NA,"Defective GALNT3 causes HFTC",NA,NA,"mixed or incomplete"
"Reactome","Defective HDR through Homologous Recombination Repair (HRR) due to PALB2 loss of BRCA1 binding function","R-HSA-9704331",NA,"Defective HDR through Homologous Recombination Repair (HRR) due to PALB2 loss of BRCA1 binding function",NA,1.80608045014756,NA,0.00951753965010262,NA,2.02147530523753,NA,TRUE,NA,"9156/5889/79728/7516/7486/1763/672/10635/4683/4361/83990/641/7156/5892/5932/116028/580/675",NA,"Defective HDR through Homologous Recombination Repair (HRR) due to PALB2 loss of BRCA1 binding function",NA,NA,"mixed or incomplete"
"Reactome","Defective HDR through Homologous Recombination Repair (HRR) due to PALB2 loss of BRCA2/RAD51/RAD51C binding function","R-HSA-9704646",NA,"Defective HDR through Homologous Recombination Repair (HRR) due to PALB2 loss of BRCA2/RAD51/RAD51C binding function",NA,1.80608045014756,NA,0.00951753965010262,NA,2.02147530523753,NA,TRUE,NA,"9156/5889/79728/7516/7486/1763/672/10635/4683/4361/83990/641/7156/5892/5932/116028/580/675",NA,"Defective HDR through Homologous Recombination Repair (HRR) due to PALB2 loss of BRCA2/RAD51/RAD51C binding function",NA,NA,"mixed or incomplete"
"Reactome","Defective Intrinsic Pathway for Apoptosis","R-HSA-9734009",NA,"Defective Intrinsic Pathway for Apoptosis",NA,-0.831510575571344,NA,0.853651303386305,NA,-0.0687194922386495,NA,FALSE,NA,"4000/7531/1020/5052/7001",NA,"Defective Intrinsic Pathway for Apoptosis",NA,NA,"mixed or incomplete"
"Reactome","Defective TPR may confer susceptibility towards thyroid papillary carcinoma (TPC)","R-HSA-5619107",NA,"Defective TPR may confer susceptibility towards thyroid papillary carcinoma (TPC)",NA,1.44766031776134,NA,0.129770408553467,NA,0.886824328083239,NA,FALSE,NA,"10762/9883/55746/23636/11097/348995/23225/57122",NA,"Defective TPR may confer susceptibility towards thyroid papillary carcinoma (TPC)",NA,NA,"mixed or incomplete"
"Reactome","Defective binding of RB1 mutants to E2F1,(E2F2, E2F3)","R-HSA-9661069",NA,"Defective binding of RB1 mutants to E2F1,(E2F2, E2F3)",NA,1.68382174969522,NA,0.0414732863167324,NA,1.38223155005496,NA,TRUE,NA,"894/1026/1021/1870/595",NA,"Defective binding of RB1 mutants to E2F1,(E2F2, E2F3)",NA,NA,"mixed or incomplete"
"Reactome","Defective homologous recombination repair (HRR) due to BRCA1 loss of function","R-HSA-9701192",NA,"Defective homologous recombination repair (HRR) due to BRCA1 loss of function",NA,1.80608045014756,NA,0.00951753965010262,NA,2.02147530523753,NA,TRUE,NA,"9156/5889/79728/7516/7486/1763/672/10635/4683/4361/83990/641/7156/5892/5932/116028/580/675",NA,"Defective homologous recombination repair (HRR) due to BRCA1 loss of function",NA,NA,"mixed or incomplete"
"Reactome","Defective homologous recombination repair (HRR) due to BRCA2 loss of function","R-HSA-9701190",NA,"Defective homologous recombination repair (HRR) due to BRCA2 loss of function",NA,1.91073157536325,NA,0.00245307507811977,NA,2.61028915969653,NA,TRUE,NA,"9156/5889/83695/6118/79728/7516/7486/1763/672/10635/6119/3364/5984/4683/5982/4361/83990/641/7156/5892/5932/84126/11073/116028/580/675/5810",NA,"Defective homologous recombination repair (HRR) due to BRCA2 loss of function",NA,NA,"mixed or incomplete"
"Reactome","Defective homologous recombination repair (HRR) due to PALB2 loss of function","R-HSA-9701193",NA,"Defective homologous recombination repair (HRR) due to PALB2 loss of function",NA,1.80608045014756,NA,0.00951753965010262,NA,2.02147530523753,NA,TRUE,NA,"9156/5889/79728/7516/7486/1763/672/10635/4683/4361/83990/641/7156/5892/5932/116028/580/675",NA,"Defective homologous recombination repair (HRR) due to PALB2 loss of function",NA,NA,"mixed or incomplete"
"Reactome","Defective pyroptosis","R-HSA-9710421",NA,"Defective pyroptosis",NA,-0.900213061352873,NA,0.79175379410972,NA,-0.101409846797898,NA,FALSE,NA,"8337/8294/5928/8359/3021/8355/8726/333932/3020/8362/5422/8348/8344/8368/8363/8341/653604/8331/8338/5931/23512",NA,"Defective pyroptosis",NA,NA,"mixed or incomplete"
"Reactome","Defects in vitamin and cofactor metabolism","R-HSA-3296482",NA,"Defects in vitamin and cofactor metabolism",NA,0.773101909863202,NA,0.887870569531469,NA,0.0516503394412017,NA,FALSE,NA,"3141/51293/4548/5826",NA,"Defects in vitamin and cofactor metabolism",NA,NA,"mixed or incomplete"
"Reactome","Defects of Coagulation cascade","R-HSA-9769726",NA,"Defects of Coagulation cascade",NA,-1.34497649658071,NA,0.266296401557305,NA,-0.57463470210918,NA,FALSE,NA,"2153/5627/8460/8459",NA,"Defects of Coagulation cascade",NA,NA,"mixed or incomplete"
"Reactome","Degradation of GLI2 by the proteasome","R-HSA-5610783",NA,"Degradation of GLI2 by the proteasome",NA,-2.12949457277298,NA,0.000313674037601297,NA,-3.50352142581326,NA,TRUE,NA,"5690/5568/10213/5719/5685/5684/5718/51684/11047/8454/7979/5694/5717/5689/5701/9978/5686/5709/5691/5707",NA,"Degradation of GLI2 by the proteasome",NA,NA,"mixed or incomplete"
"Reactome","Degradation of cysteine and homocysteine","R-HSA-1614558",NA,"Degradation of cysteine and homocysteine",NA,-1.43661751191487,NA,0.179247173321884,NA,-0.746547684309464,NA,FALSE,NA,"7263/23474/1468/2806/58472/51380/25828",NA,"Degradation of cysteine and homocysteine",NA,NA,"mixed or incomplete"
"Reactome","Dengue Virus Attachment and Entry","R-HSA-9918485",NA,"Dengue Virus Attachment and Entry",NA,1.08655543713522,NA,0.525558061365203,NA,0.279379298022787,NA,FALSE,NA,"3921/375790/9672/4061/2239/10082/2621",NA,"Dengue Virus Attachment and Entry",NA,NA,"mixed or incomplete"
"Reactome","Dengue Virus Genome Translation and Replication","R-HSA-9918487",NA,"Dengue Virus Genome Translation and Replication",NA,-1.30035587458031,NA,0.12773041677295,NA,-0.893705670757897,NA,FALSE,NA,"100128731/3069/3837/7329/8672/28972/1650/10313/2923/201595/54431/90701/10525/3840/5034/54344/25777/5033/3703/7431/9532/26986/4836/10294/7415/746/5593",NA,"Dengue Virus Genome Translation and Replication",NA,NA,"mixed or incomplete"
"Reactome","Dengue Virus Infection","R-HSA-9839923",NA,"Dengue Virus Infection",NA,-1.21940352717892,NA,0.0733183030179798,NA,-1.13478759551637,NA,FALSE,NA,"712/10286/10907/5045/8896/1655/30849/5440/1175/84844/100128731/3069/3837/55749/8355/11338/3192/333932/7329/5438/8672/51340/4670/28972/1650/10313/2923/10285/5356/8362/3190/201595/10992/54431/90701/4153/6383/10525/8348/3840/6427/5034/5435/8344/6426/5430/85235/160/8368/5431/4792/5093/9416/8363/30835/9646/929/220988/23283/10949/54344/23352/22924/818/5627/3188/5094/25777/8332/8341/9685/1665/653604/23451/29959/27339/1654/5033/10015/7251/9343/3703/3339/55763/22827/9382/7317/817/81608/8331/51503/2817/7431/4318/161/9532/8338/26986/9039/253260/8678/4836/6993/6430/5295/8329/10294/3185/7415/746/5593/716/1499/54463/92815",NA,"Dengue Virus Infection",NA,NA,"mixed or incomplete"
"Reactome","Dengue Virus-Host Interactions","R-HSA-9918481",NA,"Dengue Virus-Host Interactions",NA,-1.0697950249046,NA,0.434971397471619,NA,-0.361539300122722,NA,FALSE,NA,"8359/23450/51362/712/10286/10907/8896/1655/30849/5440/84844/55749/8355/11338/3192/333932/7329/5438/51340/4670/10285/5356/8362/3190/10992/4153/6383/8348/6427/5435/8344/6426/5430/85235/8368/5431/4792/5093/9416/8363/9646/220988/23283/10949/23352/818/3188/5094/8332/8341/1665/653604/23451/29959/27339/1654/10015/9343/3339/55763/22827/9382/817/81608/8331/51503/2817/7431/4318/8338/253260/8678/6993/6430/8329/3185/716/1499/54463/92815",NA,"Dengue Virus-Host Interactions",NA,NA,"mixed or incomplete"
"Reactome","Dengue virus activates/modulates innate and adaptive immune responses","R-HSA-9920588",NA,"Dengue virus activates/modulates innate and adaptive immune responses",NA,1.25095214047192,NA,0.313950906623905,NA,0.50313825845309,NA,FALSE,NA,"57506/5371/3320/6773/1191/7706/54623/115004/340061",NA,"Dengue virus activates/modulates innate and adaptive immune responses",NA,NA,"mixed or incomplete"
"Reactome","Dengue virus modulates apoptosis","R-HSA-9920951",NA,"Dengue virus modulates apoptosis",NA,-1.16150706142944,NA,0.420744941538892,NA,-0.375981096682981,NA,FALSE,NA,"253260/8678/54463",NA,"Dengue virus modulates apoptosis",NA,NA,"mixed or incomplete"
"Reactome","Depolymerization of the Nuclear Lamina","R-HSA-4419969",NA,"Depolymerization of the Nuclear Lamina",NA,1.1249372555295,NA,0.47404419915564,NA,0.32418116348521,NA,FALSE,NA,"2010/5578/221496/4001/23592",NA,"Depolymerization of the Nuclear Lamina",NA,NA,"mixed or incomplete"
"Reactome","Depyrimidination","R-HSA-73928",NA,"Depyrimidination",NA,1.29174277219648,NA,0.237736959354378,NA,0.623903296202374,NA,FALSE,NA,"7374/94239/54386/85236/8930/3017/79661/7013/25913/26277/8334/252969/6996",NA,"Depyrimidination",NA,NA,"mixed or incomplete"
"Reactome","Deregulated CDK5 triggers multiple neurodegenerative pathways in Alzheimer's disease models","R-HSA-8862803",NA,"Deregulated CDK5 triggers multiple neurodegenerative pathways in Alzheimer's disease models",NA,-0.867718325238718,NA,0.794360129994297,NA,-0.0999825617911278,NA,FALSE,NA,"4000/7531/1020/5052/7001",NA,"Deregulated CDK5 triggers multiple neurodegenerative pathways in Alzheimer's disease models",NA,NA,"mixed or incomplete"
"Reactome","Developmental Cell Lineages","R-HSA-9734767",NA,"Developmental Cell Lineages",NA,1.11706841557041,NA,0.423251915708812,NA,0.373401067525269,NA,FALSE,NA,"1301/302/3875/1956/3856/3912/3910/85301/2312/960/284217/3815/3872/3911/1464/2626/100133941/3858/3913/7020/3914/4240/7039/8650/1289/3915/220/7037/7980/64321",NA,"Developmental Cell Lineages",NA,NA,"mixed or incomplete"
"Reactome","Developmental Cell Lineages of the Exocrine Pancreas","R-HSA-9820448",NA,"Developmental Cell Lineages of the Exocrine Pancreas",NA,1.31116800004182,NA,0.215426516845505,NA,0.666700840448939,NA,FALSE,NA,"1301/302/3912/3910/85301/284217/3872/3911/2626/3913/3914/1289/3915/7980/64321/8671/3855/2247/1277/50509/2627",NA,"Developmental Cell Lineages of the Exocrine Pancreas",NA,NA,"mixed or incomplete"
"Reactome","Developmental Cell Lineages of the Integumentary System","R-HSA-9734779",NA,"Developmental Cell Lineages of the Integumentary System",NA,-1.25258568201021,NA,0.252289026597967,NA,-0.59810163886646,NA,FALSE,NA,"1264/2255/3866/374897/7431/2099/84525/8626/4311/4629/59",NA,"Developmental Cell Lineages of the Integumentary System",NA,NA,"mixed or incomplete"
"Reactome","Developmental Lineage of Mammary Gland Alveolar Cells","R-HSA-9927426",NA,"Developmental Lineage of Mammary Gland Alveolar Cells",NA,1.41245627623037,NA,0.202585625674218,NA,0.693391372953211,NA,FALSE,NA,"3875/3856/3815/100133941/4240/220",NA,"Developmental Lineage of Mammary Gland Alveolar Cells",NA,NA,"mixed or incomplete"
"Reactome","Developmental Lineage of Mammary Gland Luminal Epithelial Cells","R-HSA-9927418",NA,"Developmental Lineage of Mammary Gland Luminal Epithelial Cells",NA,1.29392579945762,NA,0.266296401557305,NA,0.57463470210918,NA,FALSE,NA,"3875/3856/960/3815/100133941/7039/220/3688/4072",NA,"Developmental Lineage of Mammary Gland Luminal Epithelial Cells",NA,NA,"mixed or incomplete"
"Reactome","Developmental Lineage of Mammary Gland Myoepithelial Cells","R-HSA-9927432",NA,"Developmental Lineage of Mammary Gland Myoepithelial Cells",NA,-1.76184174552077,NA,0.0239530420394034,NA,-1.62063932329198,NA,TRUE,NA,"7431/8626/4311/4629/59",NA,"Developmental Lineage of Mammary Gland Myoepithelial Cells",NA,NA,"mixed or incomplete"
"Reactome","Developmental Lineage of Mammary Stem Cells","R-HSA-9938206",NA,"Developmental Lineage of Mammary Stem Cells",NA,0.866006179106614,NA,0.779512684728142,NA,0.108176813300522,NA,FALSE,NA,"960/7020/220/3688/4072/7022",NA,"Developmental Lineage of Mammary Stem Cells",NA,NA,"mixed or incomplete"
"Reactome","Developmental Lineage of Multipotent Pancreatic Progenitor Cells","R-HSA-9937080",NA,"Developmental Lineage of Multipotent Pancreatic Progenitor Cells",NA,-0.93803446934478,NA,0.710369540475174,NA,-0.148515668692231,NA,FALSE,NA,"2252",NA,"Developmental Lineage of Multipotent Pancreatic Progenitor Cells",NA,NA,"mixed or incomplete"
"Reactome","Developmental Lineage of Pancreatic Acinar Cells","R-HSA-9925561",NA,"Developmental Lineage of Pancreatic Acinar Cells",NA,0.540115618623509,NA,0.984046940903644,NA,0.00698418440484669,NA,FALSE,NA,"2626/3170/4825/6035/6662/1056/27232/256297/3651/5267/3816/5406/64714",NA,"Developmental Lineage of Pancreatic Acinar Cells",NA,NA,"mixed or incomplete"
"Reactome","Developmental Lineage of Pancreatic Ductal Cells","R-HSA-9925563",NA,"Developmental Lineage of Pancreatic Ductal Cells",NA,1.61672761813886,NA,0.036703053255817,NA,1.43529780612945,NA,TRUE,NA,"1301/302/3912/3910/85301/284217/3872/3911/2626/3913/3914/1289/3915/7980/8671/3855/1277/50509",NA,"Developmental Lineage of Pancreatic Ductal Cells",NA,NA,"mixed or incomplete"
"Reactome","Developmental Lineages of the Mammary Gland","R-HSA-9924644",NA,"Developmental Lineages of the Mammary Gland",NA,-1.41075437967546,NA,0.152251543788404,NA,-0.817438295047232,NA,FALSE,NA,"7431/2099/8626/4311/4629/59",NA,"Developmental Lineages of the Mammary Gland",NA,NA,"mixed or incomplete"
"Reactome","Differentiation of Keratinocytes in Interfollicular Epidermis in Mammalian Skin","R-HSA-9725554",NA,"Differentiation of Keratinocytes in Interfollicular Epidermis in Mammalian Skin",NA,-0.652432892551285,NA,0.974876589172941,NA,-0.0110503586947843,NA,FALSE,NA,"3866/374897/84525/8626",NA,"Differentiation of Keratinocytes in Interfollicular Epidermis in Mammalian Skin",NA,NA,"mixed or incomplete"
"Reactome","Differentiation of T cells","R-HSA-9945266",NA,"Differentiation of T cells",NA,-1.31076314258568,NA,0.120928765683314,NA,-0.917470379936857,NA,FALSE,NA,"57459/4297/9219/3065/6045/6907/1107/4094/4772/4221/1108/8841/9611/84661/2648/6776/5931/10014/9759/2033/8459/8850/3516",NA,"Differentiation of T cells",NA,NA,"mixed or incomplete"
"Reactome","Differentiation of naive CD4+ T cells to T helper 2 cells (Th2 cells)","R-HSA-9976102",NA,"Differentiation of naive CD4+ T cells to T helper 2 cells (Th2 cells)",NA,-1.27213785713947,NA,0.209146846527038,NA,-0.679548679236499,NA,FALSE,NA,"57459/4297/9219/3065/6045/6907/1107/4094/4221/1108/8841/9611/84661/2648/6776/5931/10014/9759/2033/8850/3516",NA,"Differentiation of naive CD4+ T cells to T helper 2 cells (Th2 cells)",NA,NA,"mixed or incomplete"
"Reactome","Diseases associated with N-glycosylation of proteins","R-HSA-3781860",NA,"Diseases associated with N-glycosylation of proteins",NA,1.29042852148779,NA,0.304157743289778,NA,0.516901122731501,NA,FALSE,NA,"2720/11253/2683/10195/4758/79868/7841/79796/91869/79053/79087/85365/440138/29929",NA,"Diseases associated with N-glycosylation of proteins",NA,NA,"mixed or incomplete"
"Reactome","Diseases associated with O-glycosylation of proteins","R-HSA-3906995",NA,"Diseases associated with O-glycosylation of proteins",NA,-1.07544296730658,NA,0.526311116574808,NA,-0.27875745685692,NA,FALSE,NA,"10071/283463/4586/10418/170692/55624/80731/4855/4853/140453/4585/54437/57188/94025/727897/56667/11174/4583/140766/7058/11041/81794/9215/56999/9507/221981/1605/54507",NA,"Diseases associated with O-glycosylation of proteins",NA,NA,"mixed or incomplete"
"Reactome","Diseases associated with glycosaminoglycan metabolism","R-HSA-3560782",NA,"Diseases associated with glycosaminoglycan metabolism",NA,1.2047346981137,NA,0.376777423392143,NA,0.423915128145515,NA,FALSE,NA,"9469/375790/9672/9060/2239/10082/126792/1464/2683/4166/3074/113189",NA,"Diseases associated with glycosaminoglycan metabolism",NA,NA,"mixed or incomplete"
"Reactome","Diseases associated with glycosylation precursor biosynthesis","R-HSA-5609975",NA,"Diseases associated with glycosylation precursor biosynthesis",NA,-1.15925321748362,NA,0.44515670583438,NA,-0.351487080032571,NA,FALSE,NA,"54344/2584/5236",NA,"Diseases associated with glycosylation precursor biosynthesis",NA,NA,"mixed or incomplete"
"Reactome","Diseases associated with the TLR signaling cascade","R-HSA-5602358",NA,"Diseases associated with the TLR signaling cascade",NA,-0.793263271069865,NA,0.922500113551435,NA,-0.0350335717111691,NA,FALSE,NA,"4792/1147/929/4791/81622/4790",NA,"Diseases associated with the TLR signaling cascade",NA,NA,"mixed or incomplete"
"Reactome","Diseases of DNA Double-Strand Break Repair","R-HSA-9675136",NA,"Diseases of DNA Double-Strand Break Repair",NA,1.91073157536325,NA,0.00245307507811977,NA,2.61028915969653,NA,TRUE,NA,"9156/5889/83695/6118/79728/7516/7486/1763/672/10635/6119/3364/5984/4683/5982/4361/83990/641/7156/5892/5932/84126/11073/116028/580/675/5810",NA,"Diseases of DNA Double-Strand Break Repair",NA,NA,"mixed or incomplete"
"Reactome","Diseases of DNA repair","R-HSA-9675135",NA,"Diseases of DNA repair",NA,1.991334104348,NA,0.000479116303607056,NA,3.31955905050251,NA,TRUE,NA,"9156/5889/5395/83695/6118/79728/7516/79661/7486/1763/672/4595/10635/6119/3364/5984/4683/5982/4361/83990/4292/641/7156/5892/5932/84126/11073/116028/580/675/4437/5810",NA,"Diseases of DNA repair",NA,NA,"mixed or incomplete"
"Reactome","Diseases of Immune System","R-HSA-5260271",NA,"Diseases of Immune System",NA,-0.761755110589483,NA,0.921906693711968,NA,-0.0353130317192436,NA,FALSE,NA,"4792/1147/929/4791/81622/4790",NA,"Diseases of Immune System",NA,NA,"mixed or incomplete"
"Reactome","Diseases of carbohydrate metabolism","R-HSA-5663084",NA,"Diseases of carbohydrate metabolism",NA,1.1976024896889,NA,0.390863857853662,NA,0.407974485772398,NA,FALSE,NA,"2990/138050/2720/51181/6233/7957/3423/3425",NA,"Diseases of carbohydrate metabolism",NA,NA,"mixed or incomplete"
"Reactome","Diseases of glycosylation","R-HSA-3781865",NA,"Diseases of glycosylation",NA,0.810011133799934,NA,0.938127701500127,NA,0.0277380397851701,NA,FALSE,NA,"81792/9469/375790/79875/2720/9672/9060/2591/2239/7057/10082/126792/1464/170689/11253/4854/11173/2683/4166/170691/3074/29954/113189/130589/10195/9510/11093/92949/9037/4758/79695/157869/176/2331/56913/55901",NA,"Diseases of glycosylation",NA,NA,"mixed or incomplete"
"Reactome","Diseases of hemostasis","R-HSA-9671793",NA,"Diseases of hemostasis",NA,-1.04433120385813,NA,0.561395689571262,NA,-0.250730926227056,NA,FALSE,NA,"2147/2157/7450/2159/196527/1278/2153/5627/8460/8459",NA,"Diseases of hemostasis",NA,NA,"mixed or incomplete"
"Reactome","Diseases of metabolism","R-HSA-5668914",NA,"Diseases of metabolism",NA,0.823621132771219,NA,0.95127739460245,NA,0.0216928233584341,NA,FALSE,NA,"1545/81792/9469/375790/79875/2990/138050/2720/9672/3141/51293/9060/57407/4548/2591/2239/7057/10082/3712/51181/126792/6233/1464/170689/7172/5826/11253/4854/2232/353/11173/1593/2683/4166/170691/7957/3423/3425/3074/29954/113189/113612/1373/130589/10195/9510/11093/92949/10166/9037/4758/120227/1591/79695/157869/176/8908/2331/56913/55901/2230",NA,"Diseases of metabolism",NA,NA,"mixed or incomplete"
"Reactome","Diseases of mitotic cell cycle","R-HSA-9675126",NA,"Diseases of mitotic cell cycle",NA,1.09543625574123,NA,0.502134358411129,NA,0.299180061123476,NA,FALSE,NA,"894/1026/1021/27338/246184/11065/1870/595",NA,"Diseases of mitotic cell cycle",NA,NA,"mixed or incomplete"
"Reactome","Diseases of programmed cell death","R-HSA-9645723",NA,"Diseases of programmed cell death",NA,-0.739740883882951,NA,0.972310440651052,NA,-0.012195050777188,NA,FALSE,NA,"8337/8294/5928/8359/3021/8355/8726/333932/3020/8362/5422/8348/8344/11035/8368/8363/4000/8341/653604/7531/8331/8338/1020/5931/5052/23512/7001",NA,"Diseases of programmed cell death",NA,NA,"mixed or incomplete"
"Reactome","Diseases of signal transduction by growth factor receptors and second messengers","R-HSA-5663202",NA,"Diseases of signal transduction by growth factor receptors and second messengers",NA,-1.89547875261444,NA,3.01444161636765e-08,NA,-7.5207931231222,NA,TRUE,NA,"3084/4254/5690/102/6907/51107/4000/10213/818/5528/5719/5685/5684/3265/55294/57599/5518/6868/9444/27044/8496/5718/139285/2255/399687/2534/4627/613/4089/1051/6249/8546/5159/8841/2931/3164/5495/3726/3549/408/11047/2260/84447/9061/55914/5906/8454/8878/9611/7979/817/324/81608/7855/9715/22872/80853/5694/5717/4303/6774/1024/5777/253260/6934/5689/8036/5526/5519/5701/8315/2648/6776/2099/5037/9978/10014/2308/6714/26523/5295/9759/57448/5686/5709/5501/3717/5290/2033/4763/7415/5691/27161/1213/5707/5515/1499/55851/4040/80351/8850/5728/2263/11221/5525/7291/5595/3516/5156/3082/2252",NA,"Diseases of signal transduction by growth factor receptors and second messengers",NA,NA,"mixed or incomplete"
"Reactome","Disorders of Developmental Biology","R-HSA-9675151",NA,"Disorders of Developmental Biology",NA,-1.14275570014464,NA,0.454677270007056,NA,-0.342296756279279,NA,FALSE,NA,"801/3065/6907/8085/8841/9611/84661",NA,"Disorders of Developmental Biology",NA,NA,"mixed or incomplete"
"Reactome","Disorders of transmembrane transporters","R-HSA-5619115",NA,"Disorders of transmembrane transporters",NA,-1.31661968558019,NA,0.11534327556093,NA,-0.938007719494935,NA,FALSE,NA,"5702/9688/23165/6559/215/5692/6833/64241/4928/153201/5687/91319/5704/10999/9631/7175/9990/6569/55788/5690/10213/5719/5685/5684/8480/5718/285195/6531/11047/11136/7979/81929/123041/5694/5717/5689/5701/21/3098/1080/5686/5709/79139/4891/1356/7415/5691/5707",NA,"Disorders of transmembrane transporters",NA,NA,"mixed or incomplete"
"Reactome","E2F mediated regulation of DNA replication","R-HSA-113510",NA,"E2F mediated regulation of DNA replication",NA,-0.703798325881124,NA,0.938127701500127,NA,-0.0277380397851701,NA,FALSE,NA,"5518/5519/5515",NA,"E2F mediated regulation of DNA replication",NA,NA,"mixed or incomplete"
"Reactome","EGR2 and SOX10-mediated initiation of Schwann cell myelination","R-HSA-9619665",NA,"EGR2 and SOX10-mediated initiation of Schwann cell myelination",NA,-1.21719422012462,NA,0.336278739482287,NA,-0.473300589174802,NA,FALSE,NA,"6663/4664/5376/4665/3156/6721/1605",NA,"EGR2 and SOX10-mediated initiation of Schwann cell myelination",NA,NA,"mixed or incomplete"
"Reactome","ER Quality Control Compartment (ERQC)","R-HSA-901032",NA,"ER Quality Control Compartment (ERQC)",NA,-1.30215210484863,NA,0.293867664237238,NA,-0.531848198942468,NA,FALSE,NA,"80267/55741/84447/9695/56886/11236/267",NA,"ER Quality Control Compartment (ERQC)",NA,NA,"mixed or incomplete"
"Reactome","ERBB2 Regulates Cell Motility","R-HSA-6785631",NA,"ERBB2 Regulates Cell Motility",NA,0.963627565088861,NA,0.701739279047143,NA,0.153824213657874,NA,FALSE,NA,"1956/1729",NA,"ERBB2 Regulates Cell Motility",NA,NA,"mixed or incomplete"
"Reactome","ERCC6 (CSB) and EHMT2 (G9a) positively regulate rRNA expression","R-HSA-427389",NA,"ERCC6 (CSB) and EHMT2 (G9a) positively regulate rRNA expression",NA,-1.06936322926876,NA,0.479832493998303,NA,-0.318910345183695,NA,FALSE,NA,"8337/8294/5928/8359/3021/8355/333932/3020/8362/8348/57459/8344/9219/8368/3065/8363/1107/8341/1108/653604/8331/8338/5931/10919",NA,"ERCC6 (CSB) and EHMT2 (G9a) positively regulate rRNA expression",NA,NA,"mixed or incomplete"
"Reactome","Early SARS-CoV-2 Infection Events","R-HSA-9772572",NA,"Early SARS-CoV-2 Infection Events",NA,1.16441646448353,NA,0.416777950217153,NA,0.38009526560183,NA,FALSE,NA,"375790/1514/9672/51652/2239/10082/7428/8829",NA,"Early SARS-CoV-2 Infection Events",NA,NA,"mixed or incomplete"
"Reactome","Eicosanoid ligand-binding receptors","R-HSA-391903",NA,"Eicosanoid ligand-binding receptors",NA,-1.17037323762764,NA,0.431773645093104,NA,-0.364743869968317,NA,FALSE,NA,"5731",NA,"Eicosanoid ligand-binding receptors",NA,NA,"mixed or incomplete"
"Reactome","Eicosanoids",NA,"R-MMU-211979",NA,"Eicosanoids",NA,1.0732828277058,NA,0.806326358734291,NA,0.093489142922038,NA,FALSE,NA,"19223/631304/21391","Eicosanoids",NA,NA,"mixed or incomplete"
"Reactome","Elevation of cytosolic Ca2+ levels","R-HSA-139853",NA,"Elevation of cytosolic Ca2+ levels",NA,-1.36985343954625,NA,0.240658268836749,NA,-0.618599211699163,NA,FALSE,NA,"5027/5025/3710/3708",NA,"Elevation of cytosolic Ca2+ levels",NA,NA,"mixed or incomplete"
"Reactome","Endosomal/Vacuolar pathway",NA,"R-MMU-1236977",NA,"Endosomal/Vacuolar pathway",NA,0.723490179603952,NA,1,NA,0,NA,FALSE,NA,"15039","Endosomal/Vacuolar pathway",NA,NA,"mixed or incomplete"
"Reactome","Estrogen-dependent nuclear events downstream of ESR-membrane signaling","R-HSA-9634638",NA,"Estrogen-dependent nuclear events downstream of ESR-membrane signaling",NA,-1.07472519595319,NA,0.5465584828728,NA,-0.262363360832241,NA,FALSE,NA,"6722/596/5747/5595",NA,"Estrogen-dependent nuclear events downstream of ESR-membrane signaling",NA,NA,"mixed or incomplete"
"Reactome","Eukaryotic Translation Elongation","R-HSA-156842",NA,"Eukaryotic Translation Elongation",NA,2.45662157341482,NA,1.17833333333333e-08,NA,7.92873183658675,NA,TRUE,NA,"6187/6130/6128/6228/6146/3921/6159/6129/6171/116832/6133/6218/6231/6230/6136/6224/1936/6144/1915/23521/6232/51121/6124/9045/6158/6189/6122/6233/6201/6170/6173/6235/1933/6210",NA,"Eukaryotic Translation Elongation",NA,NA,"mixed or incomplete"
"Reactome","Eukaryotic Translation Termination","R-HSA-72764",NA,"Eukaryotic Translation Termination",NA,2.36989329025583,NA,1.91410566628199e-08,NA,7.71803409110646,NA,TRUE,NA,"6187/6130/6128/6228/6146/3921/6159/6129/6171/116832/6133/51504/6218/6231/6230/6136/6224/6144/23521/6232/51121/6124/9045/6158/6189/6122/6233/6201/6170/6173/6235/6210",NA,"Eukaryotic Translation Termination",NA,NA,"mixed or incomplete"
"Reactome","Evasion by RSV of host interferon responses","R-HSA-9833109",NA,"Evasion by RSV of host interferon responses",NA,1.55845547084882,NA,0.12921798769226,NA,0.888677026497771,NA,FALSE,NA,"57506/3454/5610/7297/1387/6773/6233/7706/6921/3661/3455",NA,"Evasion by RSV of host interferon responses",NA,NA,"mixed or incomplete"
"Reactome","Export of Viral Ribonucleoproteins from Nucleus","R-HSA-168274",NA,"Export of Viral Ribonucleoproteins from Nucleus",NA,1.37124385664945,NA,0.206331408208405,NA,0.685434657759482,NA,FALSE,NA,"10762/9883/55746/23636/11097/348995/23225/57122",NA,"Export of Viral Ribonucleoproteins from Nucleus",NA,NA,"mixed or incomplete"
"Reactome","Expression and translocation of olfactory receptors","R-HSA-9752946",NA,"Expression and translocation of olfactory receptors",NA,-1.70022813070177,NA,0.043363473811162,NA,-1.36287593411292,NA,TRUE,NA,"120065/284433/128371/391189/390442/26533/391121/219968/4993/81442/344892/81168/81696/219431/1879/8861",NA,"Expression and translocation of olfactory receptors",NA,NA,"mixed or incomplete"
"Reactome","Expression of BMAL (ARNTL), CLOCK, and NPAS2","R-HSA-9931509",NA,"Expression of BMAL (ARNTL), CLOCK, and NPAS2",NA,-1.27325641250252,NA,0.25127386935644,NA,-0.59985267250715,NA,FALSE,NA,"9575/6256/8204/10498/200186/406/6604/5469/6097/9572/6907/4209/8841/6096/9611/10499/1386/2033",NA,"Expression of BMAL (ARNTL), CLOCK, and NPAS2",NA,NA,"mixed or incomplete"
"Reactome","FCGR3A-mediated IL10 synthesis","R-HSA-9664323",NA,"FCGR3A-mediated IL10 synthesis",NA,-1.5408739562309,NA,0.103782399029502,NA,-0.983876294392369,NA,FALSE,NA,"801/111/5568/2534/196883/6714/112/3710/10768/3708/5577",NA,"FCGR3A-mediated IL10 synthesis",NA,NA,"mixed or incomplete"
"Reactome","FCGR3A-mediated phagocytosis","R-HSA-9664422",NA,"FCGR3A-mediated phagocytosis",NA,-1.83088619581632,NA,0.00535888297073939,NA,-2.27092572713573,NA,TRUE,NA,"55845/63916/25/23191/3071/2268/998/644150/4620/4690/10787/10096/2534/4627/10006/4641/10109/9844/10092/1398/5747/6714/10458/4644/10095/10451/5595",NA,"FCGR3A-mediated phagocytosis",NA,NA,"mixed or incomplete"
"Reactome","FGFR1 mutant receptor activation","R-HSA-1839124",NA,"FGFR1 mutant receptor activation",NA,-1.36901494643797,NA,0.181535655469179,NA,-0.741038062348472,NA,FALSE,NA,"399687/613/2260/6774/6776/5295/5290",NA,"FGFR1 mutant receptor activation",NA,NA,"mixed or incomplete"
"Reactome","FGFR2 mutant receptor activation","R-HSA-1839126",NA,"FGFR2 mutant receptor activation",NA,-1.0875255610256,NA,0.47404419915564,NA,-0.32418116348521,NA,FALSE,NA,"2249/5435/5430/5431/2255/2263/2252",NA,"FGFR2 mutant receptor activation",NA,NA,"mixed or incomplete"
"Reactome","FLT3 signaling in disease","R-HSA-9682385",NA,"FLT3 signaling in disease",NA,-0.812572526444725,NA,0.884572858472998,NA,-0.0532663903069569,NA,FALSE,NA,"3265/399687/6776/5295/5290",NA,"FLT3 signaling in disease",NA,NA,"mixed or incomplete"
"Reactome","FOXO-mediated transcription of cell cycle genes","R-HSA-9617828",NA,"FOXO-mediated transcription of cell cycle genes",NA,-1.3899294368637,NA,0.210573343261355,NA,-0.676596607543854,NA,FALSE,NA,"4089/4303/9314/2308/57060/694",NA,"FOXO-mediated transcription of cell cycle genes",NA,NA,"mixed or incomplete"
"Reactome","FOXO-mediated transcription of cell death genes","R-HSA-9614657",NA,"FOXO-mediated transcription of cell death genes",NA,-1.5317334708314,NA,0.15355570592019,NA,-0.813734041131615,NA,FALSE,NA,"4802/1649/65018/10370/4303/2308/2033",NA,"FOXO-mediated transcription of cell death genes",NA,NA,"mixed or incomplete"
"Reactome","FOXO-mediated transcription of oxidative stress, metabolic and neuronal genes","R-HSA-9615017",NA,"FOXO-mediated transcription of oxidative stress, metabolic and neuronal genes",NA,-1.3987255238662,NA,0.188637185203037,NA,-0.724372692634425,NA,FALSE,NA,"3065/91584/84676/5443/6720/114907/4089/4303/2308",NA,"FOXO-mediated transcription of oxidative stress, metabolic and neuronal genes",NA,NA,"mixed or incomplete"
"Reactome","FXIIa activates plasma kallikrein-kinin system","R-HSA-9970672",NA,"FXIIa activates plasma kallikrein-kinin system",NA,-0.90062329518514,NA,0.795620478025537,NA,-0.0992940473436833,NA,FALSE,NA,"3273/8337/8294/8359/3021/8355/333932/3827/3020/3015/8362/8348/8344/8368/8363/8341/653604/8331/8338",NA,"FXIIa activates plasma kallikrein-kinin system",NA,NA,"mixed or incomplete"
"Reactome","Fibronectin matrix formation","R-HSA-1566977",NA,"Fibronectin matrix formation",NA,1.58891555068644,NA,0.0440122052300879,NA,1.35642687058123,NA,TRUE,NA,"1282/1294/1284/1288/1287/1289/3688/1277/50509",NA,"Fibronectin matrix formation",NA,NA,"mixed or incomplete"
"Reactome","Formation of HIV elongation complex in the absence of HIV Tat","R-HSA-167152",NA,"Formation of HIV elongation complex in the absence of HIV Tat",NA,0.651625647056605,NA,0.985053622894635,NA,0.0065401273771397,NA,FALSE,NA,"11198/51497/2068/6921/5439/25920/22916/5433/2963",NA,"Formation of HIV elongation complex in the absence of HIV Tat",NA,NA,"mixed or incomplete"
"Reactome","Formation of HIV-1 elongation complex containing HIV-1 Tat","R-HSA-167200",NA,"Formation of HIV-1 elongation complex containing HIV-1 Tat",NA,0.683514103970274,NA,0.966327895420242,NA,0.0148754833063279,NA,FALSE,NA,"11198/51497/2068/6921/5439/25920/22916/5433/2963",NA,"Formation of HIV-1 elongation complex containing HIV-1 Tat",NA,NA,"mixed or incomplete"
"Reactome","Formation of definitive endoderm","R-HSA-9823730",NA,"Formation of definitive endoderm",NA,-0.874701553835799,NA,0.779512684728142,NA,-0.108176813300522,NA,FALSE,NA,"4089/6934/1499",NA,"Formation of definitive endoderm",NA,NA,"mixed or incomplete"
"Reactome","Formation of paraxial mesoderm","R-HSA-9793380",NA,"Formation of paraxial mesoderm",NA,-2.1504643627502,NA,0.000177296079404847,NA,-3.75130086796178,NA,TRUE,NA,"5690/10213/5719/5685/5684/5718/11047/2260/7979/5694/5717/5689/5701/2648/5686/5709/2033/5691/5707/1499/8850/3516",NA,"Formation of paraxial mesoderm",NA,NA,"mixed or incomplete"
"Reactome","Formation of the HIV-1 Early Elongation Complex","R-HSA-167158",NA,"Formation of the HIV-1 Early Elongation Complex",NA,0.588873959806918,NA,0.989445061486333,NA,0.00460831480342762,NA,FALSE,NA,"51497/2068/5439/25920/22916/5433/2963",NA,"Formation of the HIV-1 Early Elongation Complex",NA,NA,"mixed or incomplete"
"Reactome","Formation of the nephric duct","R-HSA-9830364",NA,"Formation of the nephric duct",NA,-1.24150492196297,NA,0.354045229653667,NA,-0.450941252849223,NA,FALSE,NA,"1499/57526",NA,"Formation of the nephric duct",NA,NA,"mixed or incomplete"
"Reactome","Formation of the ureteric bud","R-HSA-9830674",NA,"Formation of the ureteric bud",NA,-1.47762330649419,NA,0.122747788520446,NA,-0.910986323579893,NA,FALSE,NA,"2668/10736/3227/2296/9353/2138",NA,"Formation of the ureteric bud",NA,NA,"mixed or incomplete"
"Reactome","Formation of tubulin folding intermediates by CCT/TriC","R-HSA-389960",NA,"Formation of tubulin folding intermediates by CCT/TriC",NA,-1.41022765815545,NA,0.168782825514156,NA,-0.772671747069977,NA,FALSE,NA,"7203/81027/10376/7278/10576/7846/10693/22948/7280/6950/80086/10382/7277",NA,"Formation of tubulin folding intermediates by CCT/TriC",NA,NA,"mixed or incomplete"
"Reactome","G1/S-Specific Transcription","R-HSA-69205",NA,"G1/S-Specific Transcription",NA,1.57733221230033,NA,0.0499860475266608,NA,1.30115120221968,NA,TRUE,NA,"6241/1719/26271/81620/990/1876/7083/91750/7298/4998",NA,"G1/S-Specific Transcription",NA,NA,"mixed or incomplete"
"Reactome","GRB2 events in ERBB2 signaling","R-HSA-1963640",NA,"GRB2 events in ERBB2 signaling",NA,0.851296731497271,NA,0.797770305341789,NA,0.0981221330627951,NA,FALSE,NA,"1956",NA,"GRB2 events in ERBB2 signaling",NA,NA,"mixed or incomplete"
"Reactome","Gastrulation","R-HSA-9758941",NA,"Gastrulation",NA,-1.72859152286006,NA,0.00180858082068206,NA,-2.7426620789997,NA,TRUE,NA,"5690/10213/5719/5685/5684/51592/5718/3169/4089/3549/11047/2260/7979/6657/5694/5717/6934/5689/5701/2648/5077/5686/5709/2033/2296/5691/5707/1499/6615/8850/3516",NA,"Gastrulation",NA,NA,"mixed or incomplete"
"Reactome","Gene Silencing by RNA","R-HSA-211000",NA,"Gene Silencing by RNA",NA,-0.921674753475398,NA,0.802269503546099,NA,-0.0956797162025558,NA,FALSE,NA,"8337/8294/57690/8359/3021/5440/8355/333932/5438/3020/8362/8348/5435/8344/5430/8368/5431/8363/6895/8341/653604/27327/29102/8331/8338/26523/27161/23112",NA,"Gene Silencing by RNA",NA,NA,"mixed or incomplete"
"Reactome","Gene and protein expression by JAK-STAT signaling after Interleukin-12 stimulation","R-HSA-8950505",NA,"Gene and protein expression by JAK-STAT signaling after Interleukin-12 stimulation",NA,0.93196213681886,NA,0.733495636632395,NA,0.134602465313691,NA,FALSE,NA,"5478/302/5062/5908/4001/5055",NA,"Gene and protein expression by JAK-STAT signaling after Interleukin-12 stimulation",NA,NA,"mixed or incomplete"
"Reactome","Germ layer formation at gastrulation","R-HSA-9754189",NA,"Germ layer formation at gastrulation",NA,-1.19544333982315,NA,0.406272806155579,NA,-0.391182246174254,NA,FALSE,NA,"51592/4089/6657/1499",NA,"Germ layer formation at gastrulation",NA,NA,"mixed or incomplete"
"Reactome","Glucagon signaling in metabolic regulation","R-HSA-163359",NA,"Glucagon signaling in metabolic regulation",NA,-0.844758693820913,NA,0.838457754273767,NA,-0.0765188144508454,NA,FALSE,NA,"2642/108/5573/2778/111/5568/2783/196883/112/5577",NA,"Glucagon signaling in metabolic regulation",NA,NA,"mixed or incomplete"
"Reactome","Glycogen breakdown (glycogenolysis)","R-HSA-70221",NA,"Glycogen breakdown (glycogenolysis)",NA,-1.0981367750622,NA,0.480779692736215,NA,-0.318053884430562,NA,FALSE,NA,"178/2548/5255/5236",NA,"Glycogen breakdown (glycogenolysis)",NA,NA,"mixed or incomplete"
"Reactome","Glycogen storage diseases","R-HSA-3229121",NA,"Glycogen storage diseases",NA,0.90025948424021,NA,0.752688172043011,NA,0.123384908539678,NA,FALSE,NA,"6233/7957/8908/2632/2992/5507/378884",NA,"Glycogen storage diseases",NA,NA,"mixed or incomplete"
"Reactome","Growth hormone receptor signaling","R-HSA-982772",NA,"Growth hormone receptor signaling",NA,-1.58082345804852,NA,0.110540759180977,NA,-0.956477557060405,NA,FALSE,NA,"2690/6774/5777/6776/3717/5595",NA,"Growth hormone receptor signaling",NA,NA,"mixed or incomplete"
"Reactome","HCMV Early Events","R-HSA-9609690",NA,"HCMV Early Events",NA,-1.24842254950536,NA,0.197282562033142,NA,-0.704911300695469,NA,FALSE,NA,"8355/8726/9688/23165/7846/333932/51143/8362/140735/4928/7280/8348/8344/85235/8368/9631/8363/7175/6907/8332/8341/8480/653604/8841/9611/81929/80086/8331/8338/4790/5931/10382/347688/8329/23512/92815/7277",NA,"HCMV Early Events",NA,NA,"mixed or incomplete"
"Reactome","HCMV Infection","R-HSA-9609646",NA,"HCMV Infection",NA,-1.25418360498398,NA,0.136605330858995,NA,-0.864532352503157,NA,FALSE,NA,"8355/8726/9688/23165/7846/333932/51143/11267/51160/8362/140735/3190/4928/7280/128866/8348/27243/8344/85235/8368/9631/8363/7175/1052/6907/8332/8341/8480/653604/84313/8841/7251/9611/81929/79643/80086/8331/8338/4790/5931/10382/347688/8329/23512/92815/7277",NA,"HCMV Infection",NA,NA,"mixed or incomplete"
"Reactome","HCMV Late Events","R-HSA-9610379",NA,"HCMV Late Events",NA,-0.950500915106955,NA,0.775898124251083,NA,-0.110195298046064,NA,FALSE,NA,"8355/9688/23165/333932/11267/51160/8362/3190/4928/128866/8348/27243/8344/85235/8368/9631/8363/7175/1052/8332/8341/8480/653604/84313/7251/81929/79643/8331/8338/8329/92815",NA,"HCMV Late Events",NA,NA,"mixed or incomplete"
"Reactome","HIV Infection","R-HSA-162906",NA,"HIV Infection",NA,1.02767963981962,NA,0.566708497898727,NA,0.246640274983607,NA,FALSE,NA,"5478/2547/293/10762/4869/7520/9883/11198/6879/567/55746/8815/5879/6882/23636/51652/11097/27183/51497/55690/5062/348995/2237/2068/6233/6878/79720/2961",NA,"HIV Infection",NA,NA,"mixed or incomplete"
"Reactome","HIV Life Cycle","R-HSA-162587",NA,"HIV Life Cycle",NA,1.33966331046721,NA,0.114382147838215,NA,0.941641752643981,NA,FALSE,NA,"5478/2547/10762/7520/9883/11198/6879/55746/8815/6882/23636/51652/11097/27183/51497/348995/2237/2068/6233/6878/79720/2961/51616/6921/5439/23225/2957/57122/25920/22916/51534/5905/5902/5433/2963/1104",NA,"HIV Life Cycle",NA,NA,"mixed or incomplete"
"Reactome","HIV Transcription Elongation","R-HSA-167169",NA,"HIV Transcription Elongation",NA,0.683514103970274,NA,0.966327895420242,NA,0.0148754833063279,NA,FALSE,NA,"11198/51497/2068/6921/5439/25920/22916/5433/2963",NA,"HIV Transcription Elongation",NA,NA,"mixed or incomplete"
"Reactome","HIV Transcription Initiation","R-HSA-167161",NA,"HIV Transcription Initiation",NA,-0.951958953469968,NA,0.711501017305126,NA,-0.14782447462441,NA,FALSE,NA,"5435/5430/902/6877/5431/2965/6881/2959/6873/404672/6872/138474",NA,"HIV Transcription Initiation",NA,NA,"mixed or incomplete"
"Reactome","HIV elongation arrest and recovery","R-HSA-167287",NA,"HIV elongation arrest and recovery",NA,0.70607640707799,NA,0.948806577543983,NA,0.0228223132492533,NA,FALSE,NA,"11198/51497/6921/5439/25920/5433/2963",NA,"HIV elongation arrest and recovery",NA,NA,"mixed or incomplete"
"Reactome","Heme signaling","R-HSA-9707616",NA,"Heme signaling",NA,-1.02659748099628,NA,0.61602588066986,NA,-0.210401041738173,NA,FALSE,NA,"9575/6256/8204/10498/200186/406/6604/5469/338/9572/6907/4209/3162/8841/9611/4780/10499/1386/10424/2033",NA,"Heme signaling",NA,NA,"mixed or incomplete"
"Reactome","Hh mutants abrogate ligand secretion","R-HSA-5387390",NA,"Hh mutants abrogate ligand secretion",NA,-2.13732417027769,NA,0.000209373354749373,NA,-3.67907858828094,NA,TRUE,NA,"5690/10213/5719/5685/5684/5718/3549/11047/84447/7979/5694/5717/5689/5701/5686/5709/7415/5691/5707",NA,"Hh mutants abrogate ligand secretion",NA,NA,"mixed or incomplete"
"Reactome","Hh mutants are degraded by ERAD","R-HSA-5362768",NA,"Hh mutants are degraded by ERAD",NA,-2.15321988168822,NA,0.000429659832536708,NA,-3.36687524515959,NA,TRUE,NA,"5690/10213/5719/5685/5684/5718/11047/84447/7979/5694/5717/5689/5701/5686/5709/7415/5691/5707",NA,"Hh mutants are degraded by ERAD",NA,NA,"mixed or incomplete"
"Reactome","Host Interactions of HIV factors","R-HSA-162909",NA,"Host Interactions of HIV factors",NA,-1.13164991697396,NA,0.326743350107836,NA,-0.48579324243406,NA,FALSE,NA,"160/9631/7175/6923/5690/10213/1025/5719/5685/5684/8480/5718/904/2534/164/11047/7979/81929/9844/161/5694/5717/5689/5701/9978/51606/5686/5709/1174/5691/5707/291",NA,"Host Interactions of HIV factors",NA,NA,"mixed or incomplete"
"Reactome","IRAK4 deficiency (TLR2/4)","R-HSA-5603041",NA,"IRAK4 deficiency (TLR2/4)",NA,0.890804252547592,NA,0.773195661243221,NA,0.111710591662903,NA,FALSE,NA,"4615/7099/23643/10333",NA,"IRAK4 deficiency (TLR2/4)",NA,NA,"mixed or incomplete"
"Reactome","IRE1alpha activates chaperones","R-HSA-381070",NA,"IRE1alpha activates chaperones",NA,-1.13701811249014,NA,0.409959047584532,NA,-0.387259524490888,NA,FALSE,NA,"4189/6745/10525/6734/27230/4000/9114/10130/2931/84447/9820/10113/55062/9695/22872/5526/2081",NA,"IRE1alpha activates chaperones",NA,NA,"mixed or incomplete"
"Reactome","Impaired BRCA2 binding to PALB2","R-HSA-9709603",NA,"Impaired BRCA2 binding to PALB2",NA,1.96204238710983,NA,0.00265446994411114,NA,2.57602218770108,NA,TRUE,NA,"9156/5889/79728/7516/7486/1763/672/10635/4683/4361/83990/641/7156/5892/5932/116028/580/675",NA,"Impaired BRCA2 binding to PALB2",NA,NA,"mixed or incomplete"
"Reactome","Impaired BRCA2 binding to RAD51","R-HSA-9709570",NA,"Impaired BRCA2 binding to RAD51",NA,1.7664167221173,NA,0.0104821774209131,NA,1.9795484937203,NA,TRUE,NA,"9156/83695/6118/7486/1763/672/6119/3364/5984/4683/5982/4361/83990/641/7156/5932/84126/11073/116028/580/675/5810",NA,"Impaired BRCA2 binding to RAD51",NA,NA,"mixed or incomplete"
"Reactome","Incretin synthesis, secretion, and inactivation","R-HSA-400508",NA,"Incretin synthesis, secretion, and inactivation",NA,-0.727319896048727,NA,0.934591377127219,NA,-0.0293782302487295,NA,FALSE,NA,"6934/1499",NA,"Incretin synthesis, secretion, and inactivation",NA,NA,"mixed or incomplete"
"Reactome","Infection with Enterobacteria","R-HSA-9640148",NA,"Infection with Enterobacteria",NA,2.02888522639195,NA,0.000879323996355038,NA,3.05585107497976,NA,TRUE,NA,"1282/1284/1288/837/2635/3912/3910/1287/284217/3911/6233/3913/3914/1289/3915",NA,"Infection with Enterobacteria",NA,NA,"mixed or incomplete"
"Reactome","Infection with Mycobacterium tuberculosis","R-HSA-9635486",NA,"Infection with Mycobacterium tuberculosis",NA,-1.36386579307418,NA,0.209993069535659,NA,-0.677795038180783,NA,FALSE,NA,"2931/7879/51606/5230/5595",NA,"Infection with Mycobacterium tuberculosis",NA,NA,"mixed or incomplete"
"Reactome","Inflammasomes","R-HSA-622312",NA,"Inflammasomes",NA,-1.14885044335961,NA,0.44515670583438,NA,-0.351487080032571,NA,FALSE,NA,"5027/3162/596/4791/4790/9051/10628",NA,"Inflammasomes",NA,NA,"mixed or incomplete"
"Reactome","Influenza Infection","R-HSA-168255",NA,"Influenza Infection",NA,2.25460361752222,NA,1.91410566628199e-08,NA,7.71803409110646,NA,TRUE,NA,"6187/293/6130/6128/6228/10762/6146/3921/9883/6159/6129/6171/116832/142/6133/6218/55746/5610/6231/6230/7040/6136/6224/6144/3320/23636/23521/11097/6232/51121/6124/9045/6158/6189/348995/6122/3838/6233/6201/6170/6173/6235/6210/9636/6204/5439/23225/6234",NA,"Influenza Infection",NA,NA,"mixed or incomplete"
"Reactome","Influenza Viral RNA Transcription and Replication","R-HSA-168273",NA,"Influenza Viral RNA Transcription and Replication",NA,2.28963357645388,NA,2.13599611593406e-08,NA,7.67039954135787,NA,TRUE,NA,"6187/6130/6128/6228/10762/6146/3921/9883/6159/6129/6171/116832/142/6133/6218/55746/6231/6230/6136/6224/6144/3320/23636/23521/11097/6232/51121/6124/9045/6158/6189/348995/6122/6233/6201/6170/6173/6235/6210/6204/5439/23225/6234/57122/6205/6137/6141",NA,"Influenza Viral RNA Transcription and Replication",NA,NA,"mixed or incomplete"
"Reactome","InlB-mediated entry of Listeria monocytogenes into host cell","R-HSA-8875360",NA,"InlB-mediated entry of Listeria monocytogenes into host cell",NA,0.754955134959543,NA,0.896078209764919,NA,0.0476540834327277,NA,FALSE,NA,"6233/6455",NA,"InlB-mediated entry of Listeria monocytogenes into host cell",NA,NA,"mixed or incomplete"
"Reactome","Insulin processing","R-HSA-264876",NA,"Insulin processing",NA,-1.09652022471435,NA,0.523849217375197,NA,-0.280793700583731,NA,FALSE,NA,"11336/5034/6844/64924/60412/55763/1363/4644",NA,"Insulin processing",NA,NA,"mixed or incomplete"
"Reactome","Interaction between L1 and Ankyrins","R-HSA-445095",NA,"Interaction between L1 and Ankyrins",NA,0.862589525031569,NA,0.814301822965608,NA,0.0892145929573556,NA,FALSE,NA,"3897/51332/286",NA,"Interaction between L1 and Ankyrins",NA,NA,"mixed or incomplete"
"Reactome","Interactions of Rev with host cellular proteins","R-HSA-177243",NA,"Interactions of Rev with host cellular proteins",NA,1.54604990395685,NA,0.0800149382611951,NA,1.09682892552341,NA,FALSE,NA,"10762/4869/9883/55746/23636/11097/348995/23225/57122/5905/5902/1104/23279/7514/9818",NA,"Interactions of Rev with host cellular proteins",NA,NA,"mixed or incomplete"
"Reactome","Interactions of Vpr with host cellular proteins","R-HSA-176033",NA,"Interactions of Vpr with host cellular proteins",NA,1.45072010226218,NA,0.146149870801034,NA,0.835201564230067,NA,FALSE,NA,"293/10762/9883/55746/8815/23636/11097/348995",NA,"Interactions of Vpr with host cellular proteins",NA,NA,"mixed or incomplete"
"Reactome","Interleukin-10 signaling","R-HSA-6783783",NA,"Interleukin-10 signaling",NA,1.108328420202,NA,0.498619781479175,NA,0.30223049595492,NA,FALSE,NA,"7076/3976/7132/7297/3588",NA,"Interleukin-10 signaling",NA,NA,"mixed or incomplete"
"Reactome","Interleukin-12 signaling","R-HSA-9020591",NA,"Interleukin-12 signaling",NA,0.873310838689212,NA,0.795620478025537,NA,0.0992940473436833,NA,FALSE,NA,"5478/302/7297/5062/5908/4001/5055",NA,"Interleukin-12 signaling",NA,NA,"mixed or incomplete"
"Reactome","Interleukin-37 signaling","R-HSA-9008059",NA,"Interleukin-37 signaling",NA,-0.801599986878435,NA,0.875173897983635,NA,-0.0579056436280113,NA,FALSE,NA,"5778/29110/84867/25930/6774/5777",NA,"Interleukin-37 signaling",NA,NA,"mixed or incomplete"
"Reactome","Interleukin-4 and Interleukin-13 signaling","R-HSA-6785807",NA,"Interleukin-4 and Interleukin-13 signaling",NA,-1.47502919901114,NA,0.0310225528858343,NA,-1.50832246639955,NA,TRUE,NA,"6097/58480/3561/7422/1052/3716/5443/4314/301/3162/596/6935/3726/7184/1901/4313/7431/4318/5743/6657/6774/3718/2308/5295/3717/7412/7291/4128/3082",NA,"Interleukin-4 and Interleukin-13 signaling",NA,NA,"mixed or incomplete"
"Reactome","Kidney development","R-HSA-9830369",NA,"Kidney development",NA,-1.65674703288923,NA,0.0110673075180743,NA,-1.95595802250612,NA,TRUE,NA,"7484/2668/10736/153572/3227/2296/1499/79192/57526/9353/2138",NA,"Kidney development",NA,NA,"mixed or incomplete"
"Reactome","Laminin interactions","R-HSA-3000157",NA,"Laminin interactions",NA,2.20120132428913,NA,0.000178551553895157,NA,3.74823636588478,NA,TRUE,NA,"1282/1294/1284/1288/3912/3910/3675/1287/284217/80781/3911/3913/3914/22795/3915",NA,"Laminin interactions",NA,NA,"mixed or incomplete"
"Reactome","Late Phase of HIV Life Cycle","R-HSA-162599",NA,"Late Phase of HIV Life Cycle",NA,1.16156723861815,NA,0.343094470617406,NA,0.46458628106857,NA,FALSE,NA,"5478/10762/9883/11198/6879/55746/6882/23636/51652/11097/27183/51497/348995/2068/6233/6878/79720/2961/51616/6921/5439/23225/2957/57122/25920/22916/51534/5905/5902/5433/2963/1104",NA,"Late Phase of HIV Life Cycle",NA,NA,"mixed or incomplete"
"Reactome","Late SARS-CoV-2 Infection Events","R-HSA-9772573",NA,"Late SARS-CoV-2 Infection Events",NA,-0.866485952006595,NA,0.857204136346228,NA,-0.0669157419839094,NA,FALSE,NA,"6185/29801/51114/57719/196527/6487/5045/100128731/7329/1650/11282/2530/201595/63982/57101/25834/6732/55741/6484/25921/2931/3703/6483/746/79668",NA,"Late SARS-CoV-2 Infection Events",NA,NA,"mixed or incomplete"
"Reactome","Late endosomal microautophagy","R-HSA-9615710",NA,"Late endosomal microautophagy",NA,1.02786450508101,NA,0.593212255947792,NA,0.226789884893298,NA,FALSE,NA,"10226/5116/51652/6233/79720",NA,"Late endosomal microautophagy",NA,NA,"mixed or incomplete"
"Reactome","Leishmania infection","R-HSA-9658195",NA,"Leishmania infection",NA,-1.67274627009259,NA,0.00218248638495851,NA,-2.66104845688051,NA,TRUE,NA,"2771/2773/6868/10787/5025/10096/2534/4627/3162/2783/10006/4641/10109/4791/196883/9844/10092/1398/4790/9051/8324/5747/6714/112/10628/10458/3710/4644/10768/10095/10451/5595/718/3708/5577",NA,"Leishmania infection",NA,NA,"mixed or incomplete"
"Reactome","Leishmania parasite growth and survival","R-HSA-9664433",NA,"Leishmania parasite growth and survival",NA,-1.27123854859882,NA,0.219332627118644,NA,-0.658896759459672,NA,FALSE,NA,"2778/801/111/5568/2771/2773/6868/2534/4627/2783/196883/6714/112/3710/10768/3708/5577",NA,"Leishmania parasite growth and survival",NA,NA,"mixed or incomplete"
"Reactome","Leishmania phagocytosis","R-HSA-9664417",NA,"Leishmania phagocytosis",NA,-1.83088619581632,NA,0.00535888297073939,NA,-2.27092572713573,NA,TRUE,NA,"55845/63916/25/23191/3071/2268/998/644150/4620/4690/10787/10096/2534/4627/10006/4641/10109/9844/10092/1398/5747/6714/10458/4644/10095/10451/5595",NA,"Leishmania phagocytosis",NA,NA,"mixed or incomplete"
"Reactome","Lewis blood group biosynthesis","R-HSA-9037629",NA,"Lewis blood group biosynthesis",NA,-0.719679188669842,NA,0.920581888779948,NA,-0.0359375735223197,NA,FALSE,NA,"30815/6484",NA,"Lewis blood group biosynthesis",NA,NA,"mixed or incomplete"
"Reactome","Listeria monocytogenes entry into host cells","R-HSA-8876384",NA,"Listeria monocytogenes entry into host cells",NA,-1.4938429026595,NA,0.118500574283073,NA,-0.926279544950373,NA,FALSE,NA,"30011/1500/6457/6714/1499",NA,"Listeria monocytogenes entry into host cells",NA,NA,"mixed or incomplete"
"Reactome","Long-term potentiation","R-HSA-9620244",NA,"Long-term potentiation",NA,-1.93813662416943,NA,0.00508792584272578,NA,-2.29345922722004,NA,TRUE,NA,"2906/801/2903/2902/3084/818/1741/2891/817/1740/6714",NA,"Long-term potentiation",NA,NA,"mixed or incomplete"
"Reactome","M-decay: degradation of maternal mRNAs by maternally stored factors","R-HSA-9820841",NA,"M-decay: degradation of maternal mRNAs by maternally stored factors",NA,-1.7584126935503,NA,0.0395698854510649,NA,-1.40263520695011,NA,TRUE,NA,"9337/25904/23019/26986/678/246175/57472/27161",NA,"M-decay: degradation of maternal mRNAs by maternally stored factors",NA,NA,"mixed or incomplete"
"Reactome","MAP3K8 (TPL2)-dependent MAPK1/3 activation","R-HSA-5684264",NA,"MAP3K8 (TPL2)-dependent MAPK1/3 activation",NA,-0.985799158223637,NA,0.655673090856398,NA,-0.183312639625212,NA,FALSE,NA,"5604/1147/8454/6416/4790",NA,"MAP3K8 (TPL2)-dependent MAPK1/3 activation",NA,NA,"mixed or incomplete"
"Reactome","MECP2 regulates neuronal receptors and channels","R-HSA-9022699",NA,"MECP2 regulates neuronal receptors and channels",NA,1.10421897856454,NA,0.53274188761465,NA,0.273483154830123,NA,FALSE,NA,"6515/5770/114787",NA,"MECP2 regulates neuronal receptors and channels",NA,NA,"mixed or incomplete"
"Reactome","Maternal to zygotic transition (MZT)","R-HSA-9816359",NA,"Maternal to zygotic transition (MZT)",NA,-1.17873563093044,NA,0.320806864120122,NA,-0.493756347938996,NA,FALSE,NA,"8337/8294/8359/4848/3021/284355/8355/333932/3020/9125/8362/390245/8348/8344/79670/8368/8363/4850/8341/653604/6732/7403/9337/25904/23019/8331/23135/8338/26986/678/2033/246175/57472/27161",NA,"Maternal to zygotic transition (MZT)",NA,NA,"mixed or incomplete"
"Reactome","Maturation of DENV proteins","R-HSA-9918432",NA,"Maturation of DENV proteins",NA,-1.22694876796826,NA,0.302903207621625,NA,-0.518696127641077,NA,FALSE,NA,"6184/7316/51726/335/283208/5611/58505/811/821/3839/3309/22937/6185/100128731/3837/7329/28972/1650/2923/201595/54431/90701/10525/3840/5034/54344/5033/3703/4836/746/5593",NA,"Maturation of DENV proteins",NA,NA,"mixed or incomplete"
"Reactome","Maturation of nucleoprotein","R-HSA-9694631",NA,"Maturation of nucleoprotein",NA,-0.902072990503117,NA,0.761369091640393,NA,-0.118404757679891,NA,FALSE,NA,"6732/2931/79668",NA,"Maturation of nucleoprotein",NA,NA,"mixed or incomplete"
"Reactome","Maturation of spike protein","R-HSA-9694548",NA,"Maturation of spike protein",NA,-0.838402513258302,NA,0.862885039726481,NA,-0.0640470605282273,NA,FALSE,NA,"6185/29801/51114/6487/100128731/1650/11282/2530/201595/25834/55741/6484/25921/3703/6483/746",NA,"Maturation of spike protein",NA,NA,"mixed or incomplete"
"Reactome","Mechanical load activates signaling by PIEZO1 and integrins in osteocytes","R-HSA-9856532",NA,"Mechanical load activates signaling by PIEZO1 and integrins in osteocytes",NA,-1.17702148044049,NA,0.406004309936535,NA,-0.391469356147635,NA,FALSE,NA,"784/6696",NA,"Mechanical load activates signaling by PIEZO1 and integrins in osteocytes",NA,NA,"mixed or incomplete"
"Reactome","Meiosis","R-HSA-1500620",NA,"Meiosis",NA,1.17493252206393,NA,0.341729619321593,NA,0.466317377214,NA,FALSE,NA,"23353/11083/5889/94239/54386/63979/85236/6118/3017/672/7013/25913/4001/6119/26277/4683/8334/3306/4439/4361/4292/641/7156/5932/23224",NA,"Meiosis",NA,NA,"mixed or incomplete"
"Reactome","Meiotic recombination","R-HSA-912446",NA,"Meiotic recombination",NA,0.895805303370557,NA,0.779512684728142,NA,0.108176813300522,NA,FALSE,NA,"5889/94239/63979/85236/6118/3017/672/6119/4683/8334/4439/4361/4292/641/7156/5932",NA,"Meiotic recombination",NA,NA,"mixed or incomplete"
"Reactome","Meiotic synapsis","R-HSA-1221632",NA,"Meiotic synapsis",NA,1.17360817012075,NA,0.375314826793653,NA,0.425604278466011,NA,FALSE,NA,"23353/11083/94239/54386/85236/3017/672/7013/25913/4001/26277/8334/3306",NA,"Meiotic synapsis",NA,NA,"mixed or incomplete"
"Reactome","Metabolic disorders of biological oxidation enzymes","R-HSA-5579029",NA,"Metabolic disorders of biological oxidation enzymes",NA,-0.750831331390093,NA,0.943023197175996,NA,-0.0254776240371987,NA,FALSE,NA,"2730/26873/4128",NA,"Metabolic disorders of biological oxidation enzymes",NA,NA,"mixed or incomplete"
"Reactome","Metabolism of nitric oxide: NOS3 activation and regulation","R-HSA-202131",NA,"Metabolism of nitric oxide: NOS3 activation and regulation",NA,0.687067281190011,NA,0.940486070644464,NA,0.0266476323167327,NA,FALSE,NA,"3320/6697/23576/51070/10434",NA,"Metabolism of nitric oxide: NOS3 activation and regulation",NA,NA,"mixed or incomplete"
"Reactome","MicroRNA (miRNA) biogenesis","R-HSA-203927",NA,"MicroRNA (miRNA) biogenesis",NA,-1.09202913580487,NA,0.51929055400558,NA,-0.284589577232719,NA,FALSE,NA,"5435/5430/5431/6895/29102/26523/27161",NA,"MicroRNA (miRNA) biogenesis",NA,NA,"mixed or incomplete"
"Reactome","Miscellaneous substrates",NA,"R-MMU-211958",NA,"Miscellaneous substrates",NA,0.61200553141283,NA,1,NA,0,NA,FALSE,NA,"56448/631304","Miscellaneous substrates",NA,NA,"mixed or incomplete"
"Reactome","Mitochondrial protein import","R-HSA-1268020",NA,"Mitochondrial protein import",NA,0.759438089894023,NA,0.945397815912637,NA,0.024385405352531,NA,FALSE,NA,"293/51142/51287/79145/90639/29090/7416/26515/54543/134266/54927/388753/6901/131474/2395/10469",NA,"Mitochondrial protein import",NA,NA,"mixed or incomplete"
"Reactome","Mitochondrial tRNA aminoacylation","R-HSA-379726",NA,"Mitochondrial tRNA aminoacylation",NA,1.3874117139688,NA,0.189171788118232,NA,0.723143631032234,NA,FALSE,NA,"79587/55157/23395/57176/57038/57505/5859/79731/55699/124454/23438",NA,"Mitochondrial tRNA aminoacylation",NA,NA,"mixed or incomplete"
"Reactome","Mitochondrial translation initiation","R-HSA-5368286",NA,"Mitochondrial translation initiation",NA,2.0286930418033,NA,2.5128020267419e-05,NA,4.59984172632204,NA,TRUE,NA,"5018/11222/64969/7818/23107/55173/90480/60488/51253/55037/64975/128308/51318/9553/740/65003/64963/6150/65080/54998/64983/79590/26284/57129/26589/10573/6182/51021/219402/78988/51264/64968/51263/64979/51116/65005/10240/54534/65993/4528/55052/9801/51373/51258/116540/28957/29074/64951/51649/64949",NA,"Mitochondrial translation initiation",NA,NA,"mixed or incomplete"
"Reactome","Mitochondrial unfolded protein response (UPRmt)","R-HSA-9841251",NA,"Mitochondrial unfolded protein response (UPRmt)",NA,-1.38485757090826,NA,0.207659903381643,NA,-0.682647352387282,NA,FALSE,NA,"27429/3336/4899/22809/2099",NA,"Mitochondrial unfolded protein response (UPRmt)",NA,NA,"mixed or incomplete"
"Reactome","Modulation of host responses by IFN-stimulated genes","R-HSA-9909505",NA,"Modulation of host responses by IFN-stimulated genes",NA,0.941504085605825,NA,0.728985124548895,NA,0.13728133367413,NA,FALSE,NA,"10561/7706/9636/51191/22926/9246",NA,"Modulation of host responses by IFN-stimulated genes",NA,NA,"mixed or incomplete"
"Reactome","MyD88 deficiency (TLR2/4)","R-HSA-5602498",NA,"MyD88 deficiency (TLR2/4)",NA,0.921066554350908,NA,0.736338842145114,NA,0.132922289725173,NA,FALSE,NA,"4615/7099/23643/10333",NA,"MyD88 deficiency (TLR2/4)",NA,NA,"mixed or incomplete"
"Reactome","NEP/NS2 Interacts with the Cellular Export Machinery","R-HSA-168333",NA,"NEP/NS2 Interacts with the Cellular Export Machinery",NA,1.37124385664945,NA,0.206331408208405,NA,0.685434657759482,NA,FALSE,NA,"10762/9883/55746/23636/11097/348995/23225/57122",NA,"NEP/NS2 Interacts with the Cellular Export Machinery",NA,NA,"mixed or incomplete"
"Reactome","NFE2L2 regulating anti-oxidant/detoxification enzymes","R-HSA-9818027",NA,"NFE2L2 regulating anti-oxidant/detoxification enzymes",NA,-1.14543594162746,NA,0.462016702938302,NA,-0.33534232344212,NA,FALSE,NA,"3162/140809/4780/2730/5052/2033",NA,"NFE2L2 regulating anti-oxidant/detoxification enzymes",NA,NA,"mixed or incomplete"
"Reactome","NGF-stimulated transcription","R-HSA-9031628",NA,"NGF-stimulated transcription",NA,-1.94692082460243,NA,0.003133153986696,NA,-2.50401826010427,NA,TRUE,NA,"6446/1960/4664/1108/4665/4209/6722/6457/3726/3398/6938/1020/1386/6236/466/2033",NA,"NGF-stimulated transcription",NA,NA,"mixed or incomplete"
"Reactome","NOTCH1 Intracellular Domain Regulates Transcription","R-HSA-2122947",NA,"NOTCH1 Intracellular Domain Regulates Transcription",NA,-1.49061769853631,NA,0.0794283857506858,NA,-1.1000242636711,NA,FALSE,NA,"6907/55294/7088/8841/8454/9611/1024/2648/9978/10014/9759/2033/8850/3516",NA,"NOTCH1 Intracellular Domain Regulates Transcription",NA,NA,"mixed or incomplete"
"Reactome","NOTCH2 Activation and Transmission of Signal to the Nucleus","R-HSA-2979096",NA,"NOTCH2 Activation and Transmission of Signal to the Nucleus",NA,0.915773257220773,NA,0.755609434354045,NA,0.121702628221984,NA,FALSE,NA,"4192/182/6233/83464",NA,"NOTCH2 Activation and Transmission of Signal to the Nucleus",NA,NA,"mixed or incomplete"
"Reactome","NOTCH3 Intracellular Domain Regulates Transcription","R-HSA-9013508",NA,"NOTCH3 Intracellular Domain Regulates Transcription",NA,-1.01620005907552,NA,0.63696492924321,NA,-0.195884478897689,NA,FALSE,NA,"5087/2648/2033/8850/3516",NA,"NOTCH3 Intracellular Domain Regulates Transcription",NA,NA,"mixed or incomplete"
"Reactome","NOTCH4 Intracellular Domain Regulates Transcription","R-HSA-9013695",NA,"NOTCH4 Intracellular Domain Regulates Transcription",NA,-1.58958213975406,NA,0.0714029555996786,NA,-1.14628381099603,NA,FALSE,NA,"2648/2033/8850/3516/59",NA,"NOTCH4 Intracellular Domain Regulates Transcription",NA,NA,"mixed or incomplete"
"Reactome","NPAS4 regulates expression of target genes","R-HSA-9768919",NA,"NPAS4 regulates expression of target genes",NA,-0.973814722112511,NA,0.683077440087375,NA,-0.165530057817524,NA,FALSE,NA,"9500/405/1020/5595",NA,"NPAS4 regulates expression of target genes",NA,NA,"mixed or incomplete"
"Reactome","NR1H2 and NR1H3-mediated signaling","R-HSA-9024446",NA,"NR1H2 and NR1H3-mediated signaling",NA,-1.87768701012154,NA,0.00535888297073939,NA,-2.27092572713573,NA,TRUE,NA,"6256/57690/8204/64240/27329/4343/6319/64241/7376/6907/9682/6720/27327/29116/8841/9611/55818/26523/2033/27161/23112",NA,"NR1H2 and NR1H3-mediated signaling",NA,NA,"mixed or incomplete"
"Reactome","NR1H3 & NR1H2 regulate gene expression linked to cholesterol transport and efflux","R-HSA-9029569",NA,"NR1H3 & NR1H2 regulate gene expression linked to cholesterol transport and efflux",NA,-1.72714448461064,NA,0.0269017617957635,NA,-1.57021927713055,NA,TRUE,NA,"7376/6907/9682/27327/8841/9611/55818/26523/2033/27161/23112",NA,"NR1H3 & NR1H2 regulate gene expression linked to cholesterol transport and efflux",NA,NA,"mixed or incomplete"
"Reactome","NS1 Mediated Effects on Host Pathways","R-HSA-168276",NA,"NS1 Mediated Effects on Host Pathways",NA,1.46604495443059,NA,0.125087083367356,NA,0.902787533727044,NA,FALSE,NA,"10762/9883/55746/5610/23636/11097/348995/3838/9636/23225/57122",NA,"NS1 Mediated Effects on Host Pathways",NA,NA,"mixed or incomplete"
"Reactome","Nef-mediates down modulation of cell surface receptors by recruiting them to clathrin adapters","R-HSA-164938",NA,"Nef-mediates down modulation of cell surface receptors by recruiting them to clathrin adapters",NA,-0.955893487942513,NA,0.701739279047143,NA,-0.153824213657874,NA,FALSE,NA,"3932/1175/375/160/164/161/51606/1174",NA,"Nef-mediates down modulation of cell surface receptors by recruiting them to clathrin adapters",NA,NA,"mixed or incomplete"
"Reactome","Negative epigenetic regulation of rRNA expression","R-HSA-5250941",NA,"Negative epigenetic regulation of rRNA expression",NA,-0.821816636640359,NA,0.929218882954287,NA,-0.03188197334498,NA,FALSE,NA,"8337/8294/8359/6839/3021/5440/8355/8467/7343/333932/9013/3020/8362/8348/5435/8344/902/9533/79685/8368/3065/8363/2965/8341/653604/8331/51082/8338/404672/8932",NA,"Negative epigenetic regulation of rRNA expression",NA,NA,"mixed or incomplete"
"Reactome","Negative regulation of FLT3","R-HSA-9706369",NA,"Negative regulation of FLT3",NA,0.750387969175481,NA,0.889668142567627,NA,0.0507719604655629,NA,FALSE,NA,"6233/27/10019/5795",NA,"Negative regulation of FLT3",NA,NA,"mixed or incomplete"
"Reactome","Negative regulation of NMDA receptor-mediated neuronal transmission","R-HSA-9617324",NA,"Negative regulation of NMDA receptor-mediated neuronal transmission",NA,-1.53910427274402,NA,0.115802936695927,NA,-0.936280427010444,NA,FALSE,NA,"2906/801/2903/2902/818/1741/817/1740/8536",NA,"Negative regulation of NMDA receptor-mediated neuronal transmission",NA,NA,"mixed or incomplete"
"Reactome","Negative regulation of NOTCH4 signaling","R-HSA-9604323",NA,"Negative regulation of NOTCH4 signaling",NA,-1.981609595204,NA,0.00109264887101539,NA,-2.96151937865427,NA,TRUE,NA,"5690/10213/5719/5685/5684/55294/5718/11047/8454/7979/5694/5717/5689/5701/9978/5686/5709/5691/5707",NA,"Negative regulation of NOTCH4 signaling",NA,NA,"mixed or incomplete"
"Reactome","Negative regulation of TCF-dependent signaling by WNT ligand antagonists","R-HSA-3772470",NA,"Negative regulation of TCF-dependent signaling by WNT ligand antagonists",NA,0.965250190635424,NA,0.701388888888889,NA,0.154041118312607,NA,FALSE,NA,"7474/6422/22943",NA,"Negative regulation of TCF-dependent signaling by WNT ligand antagonists",NA,NA,"mixed or incomplete"
"Reactome","Negative regulators of DDX58/IFIH1 signaling","R-HSA-936440",NA,"Negative regulators of DDX58/IFIH1 signaling",NA,1.0908706938044,NA,0.522619751626257,NA,0.281814180792786,NA,FALSE,NA,"57506/54476/89122/9140/6233/7706/9636/3661/51191/7187/84282/9246",NA,"Negative regulators of DDX58/IFIH1 signaling",NA,NA,"mixed or incomplete"
"Reactome","Nephrin family interactions","R-HSA-373753",NA,"Nephrin family interactions",NA,-1.60586960786934,NA,0.101374826795261,NA,-0.994069874797327,NA,FALSE,NA,"6709/8976/84623/23607/8573/5291/4690/2534/89/5295/5290",NA,"Nephrin family interactions",NA,NA,"mixed or incomplete"
"Reactome","Nervous system development",NA,"R-MMU-9675108",NA,"Nervous system development",NA,1.47522262800795,NA,0.0389753152414979,NA,1.40921036344921,NA,TRUE,NA,"20563/20564/14432/213498/12826/12833/26396/18846/12834/11853/22142/20346/18186/20361/22240/11867/67951/11733/22359/12832/12568/12825/22143/12827/68089/58194/13848/67771/227613/15529/13429/19165/218397/18643/110596/13866/22323/59287/14026/22146/20315/22152/17698/14733/26395/15461/215798/11461/14585/20416/11876/13639/13846/227377/26417/19164/13640/330662/14586/18706/20779/235611/11350/74117/53867/12540/18709","Nervous system development",NA,NA,"mixed or incomplete"
"Reactome","Neurodegenerative Diseases","R-HSA-8863678",NA,"Neurodegenerative Diseases",NA,-0.867718325238718,NA,0.794360129994297,NA,-0.0999825617911278,NA,FALSE,NA,"4000/7531/1020/5052/7001",NA,"Neurodegenerative Diseases",NA,NA,"mixed or incomplete"
"Reactome","Neutrophil degranulation","R-HSA-6798695",NA,"Neutrophil degranulation",NA,-1.18626438390108,NA,0.0756090175029796,NA,-1.12142640531573,NA,FALSE,NA,"51552/30/929/2950/10159/5476/102/8514/23352/55860/2717/10213/1991/5657/3958/1460/5864/5719/57153/3101/5580/9725/5718/57020/10075/1315/2444/1654/2821/79895/4048/7226/10890/5906/7879/178/26578/23317/10043/8560/427/10092/4318/55/10120/161/5717/535/2665/2548/28956/5777/175/5689/5701/2934/4790/6993/2517/22931/81567/5269/5236/5686/978/5709/3417/47/272/83716/55004/7415/127829/8673/5707/230/1522/718/3310/10312/10493/4311",NA,"Neutrophil degranulation",NA,NA,"mixed or incomplete"
"Reactome","Nitric oxide stimulates guanylate cyclase","R-HSA-392154",NA,"Nitric oxide stimulates guanylate cyclase",NA,-1.09289555737811,NA,0.509244577102053,NA,-0.293073587064556,NA,FALSE,NA,"5593/27345/3708",NA,"Nitric oxide stimulates guanylate cyclase",NA,NA,"mixed or incomplete"
"Reactome","NoRC negatively regulates rRNA expression","R-HSA-427413",NA,"NoRC negatively regulates rRNA expression",NA,-0.804567364918881,NA,0.947716821484411,NA,-0.023321410803887,NA,FALSE,NA,"8337/8294/8359/3021/5440/8355/8467/7343/333932/9013/3020/8362/8348/5435/8344/902/9533/79685/8368/3065/8363/2965/8341/653604/8331/51082/8338/404672/8932",NA,"NoRC negatively regulates rRNA expression",NA,NA,"mixed or incomplete"
"Reactome","Nuclear events stimulated by ALK signaling in cancer","R-HSA-9725371",NA,"Nuclear events stimulated by ALK signaling in cancer",NA,-1.68481876525334,NA,0.0323421542127646,NA,-1.49023105642843,NA,TRUE,NA,"1051/3726/8454/6774/5777/6776/9978/26523/27161/7291/5595",NA,"Nuclear events stimulated by ALK signaling in cancer",NA,NA,"mixed or incomplete"
"Reactome","Nuclear import of Rev protein","R-HSA-180746",NA,"Nuclear import of Rev protein",NA,1.49770548328009,NA,0.116810492736678,NA,0.932518144098918,NA,FALSE,NA,"10762/4869/9883/55746/23636/11097/348995",NA,"Nuclear import of Rev protein",NA,NA,"mixed or incomplete"
"Reactome","Nuclear signaling by ERBB4","R-HSA-1251985",NA,"Nuclear signaling by ERBB4",NA,-1.77073674492605,NA,0.0240077782565824,NA,-1.61964802884559,NA,TRUE,NA,"10718/9542/23385/5241/6285/23118/3084/51107/6868/9611/6776/2099/6714/6387/55851",NA,"Nuclear signaling by ERBB4",NA,NA,"mixed or incomplete"
"Reactome","Nucleotide-like (purinergic) receptors","R-HSA-418038",NA,"Nucleotide-like (purinergic) receptors",NA,-0.596834880504332,NA,0.967383572875208,NA,-0.0144012916325163,NA,FALSE,NA,"5029/2846/27334",NA,"Nucleotide-like (purinergic) receptors",NA,NA,"mixed or incomplete"
"Reactome","Oncogenic MAPK signaling","R-HSA-6802957",NA,"Oncogenic MAPK signaling",NA,-1.74279781771656,NA,0.00316582267452079,NA,-2.49951341468967,NA,TRUE,NA,"801/1852/673/4000/818/3265/9444/27044/8546/408/9061/5906/817/9715/80853/8036/8315/5037/6714/5501/3717/4763/11221/5595",NA,"Oncogenic MAPK signaling",NA,NA,"mixed or incomplete"
"Reactome","Other semaphorin interactions","R-HSA-416700",NA,"Other semaphorin interactions",NA,0.771921220746062,NA,0.889380196523054,NA,0.0509125450428205,NA,FALSE,NA,"5365/8482/3688/9037/10154",NA,"Other semaphorin interactions",NA,NA,"mixed or incomplete"
"Reactome","PERK regulates gene expression","R-HSA-381042",NA,"PERK regulates gene expression",NA,0.561082120818632,NA,0.98977018764495,NA,0.00446563148695481,NA,FALSE,NA,"1968/1054/4801/8894/8570/22926/468/3484/467/167227/3576/6347",NA,"PERK regulates gene expression",NA,NA,"mixed or incomplete"
"Reactome","PI3K events in ERBB2 signaling","R-HSA-1963642",NA,"PI3K events in ERBB2 signaling",NA,-1.05589414362646,NA,0.556003231887961,NA,-0.254922683980841,NA,FALSE,NA,"1950/2549/10718/9542/2065/3084/5295/5290",NA,"PI3K events in ERBB2 signaling",NA,NA,"mixed or incomplete"
"Reactome","PI3K/AKT Signaling in Cancer","R-HSA-2219528",NA,"PI3K/AKT Signaling in Cancer",NA,-1.47310655733076,NA,0.0443672808488501,NA,-1.35293718720697,NA,TRUE,NA,"2255/2534/5159/2931/3164/2260/4303/253260/2099/2308/6714/5295/5290/5728/2263/5156/3082/2252",NA,"PI3K/AKT Signaling in Cancer",NA,NA,"mixed or incomplete"
"Reactome","PIWI-interacting RNA (piRNA) biogenesis","R-HSA-5601884",NA,"PIWI-interacting RNA (piRNA) biogenesis",NA,0.893572787265818,NA,0.773195661243221,NA,0.111710591662903,NA,FALSE,NA,"3320/5439/5433/54456/55124/4603/5441/113802/201164",NA,"PIWI-interacting RNA (piRNA) biogenesis",NA,NA,"mixed or incomplete"
"Reactome","PKA activation","R-HSA-163615",NA,"PKA activation",NA,-1.30357255438528,NA,0.2612310250331,NA,-0.582975245465392,NA,FALSE,NA,"108/26960/5573/801/111/5568/196883/112/5577",NA,"PKA activation",NA,NA,"mixed or incomplete"
"Reactome","PKA activation in glucagon signalling","R-HSA-164378",NA,"PKA activation in glucagon signalling",NA,-1.23164492175453,NA,0.355911152190867,NA,-0.44865840351323,NA,FALSE,NA,"108/5573/2778/111/5568/196883/112/5577",NA,"PKA activation in glucagon signalling",NA,NA,"mixed or incomplete"
"Reactome","PKA-mediated phosphorylation of CREB","R-HSA-111931",NA,"PKA-mediated phosphorylation of CREB",NA,-1.16541918082356,NA,0.430528772962549,NA,-0.365997818609185,NA,FALSE,NA,"108/26960/5573/801/111/5568/196883/112/5577",NA,"PKA-mediated phosphorylation of CREB",NA,NA,"mixed or incomplete"
"Reactome","PPARA activates gene expression","R-HSA-1989781",NA,"PPARA activates gene expression",NA,-1.4326459030314,NA,0.0611433937683439,NA,-1.21365045939535,NA,FALSE,NA,"7376/9572/6907/84246/51003/3992/6720/8841/9969/3156/123/9611/405/10499/90390/4899/6721/1024/81857/51/9968/376497/26230/2033/4199/9282/3157/23179",NA,"PPARA activates gene expression",NA,NA,"mixed or incomplete"
"Reactome","Packaging Of Telomere Ends","R-HSA-171306",NA,"Packaging Of Telomere Ends",NA,0.956591355236097,NA,0.71012921424783,NA,0.148662620394992,NA,FALSE,NA,"94239/54386/85236/3017/7013/25913/26277/8334",NA,"Packaging Of Telomere Ends",NA,NA,"mixed or incomplete"
"Reactome","Paradoxical activation of RAF signaling by kinase inactive BRAF","R-HSA-6802955",NA,"Paradoxical activation of RAF signaling by kinase inactive BRAF",NA,-1.53708668363818,NA,0.0482820437401116,NA,-1.31621435484919,NA,TRUE,NA,"5604/801/673/818/3265/408/5906/817/8315/5037/6714/3717/5595",NA,"Paradoxical activation of RAF signaling by kinase inactive BRAF",NA,NA,"mixed or incomplete"
"Reactome","Parasite infection","R-HSA-9664407",NA,"Parasite infection",NA,-1.83088619581632,NA,0.00535888297073939,NA,-2.27092572713573,NA,TRUE,NA,"55845/63916/25/23191/3071/2268/998/644150/4620/4690/10787/10096/2534/4627/10006/4641/10109/9844/10092/1398/5747/6714/10458/4644/10095/10451/5595",NA,"Parasite infection",NA,NA,"mixed or incomplete"
"Reactome","Parasitic Infection Pathways","R-HSA-9824443",NA,"Parasitic Infection Pathways",NA,-1.67274627009259,NA,0.00218248638495851,NA,-2.66104845688051,NA,TRUE,NA,"2771/2773/6868/10787/5025/10096/2534/4627/3162/2783/10006/4641/10109/4791/196883/9844/10092/1398/4790/9051/8324/5747/6714/112/10628/10458/3710/4644/10768/10095/10451/5595/718/3708/5577",NA,"Parasitic Infection Pathways",NA,NA,"mixed or incomplete"
"Reactome","Pausing and recovery of HIV elongation","R-HSA-167290",NA,"Pausing and recovery of HIV elongation",NA,0.70607640707799,NA,0.948806577543983,NA,0.0228223132492533,NA,FALSE,NA,"11198/51497/6921/5439/25920/5433/2963",NA,"Pausing and recovery of HIV elongation",NA,NA,"mixed or incomplete"
"Reactome","Pausing and recovery of Tat-mediated HIV elongation","R-HSA-167238",NA,"Pausing and recovery of Tat-mediated HIV elongation",NA,0.749408269073532,NA,0.929218882954287,NA,0.03188197334498,NA,FALSE,NA,"11198/51497/6921/5439/25920/5433/2963",NA,"Pausing and recovery of Tat-mediated HIV elongation",NA,NA,"mixed or incomplete"
"Reactome","Pentose phosphate pathway","R-HSA-71336",NA,"Pentose phosphate pathway",NA,-1.11613746745917,NA,0.484080794248545,NA,-0.315082147512669,NA,FALSE,NA,"729020/6888/221823",NA,"Pentose phosphate pathway",NA,NA,"mixed or incomplete"
"Reactome","Peptide chain elongation","R-HSA-156902",NA,"Peptide chain elongation",NA,2.42464504702022,NA,1.17833333333333e-08,NA,7.92873183658675,NA,TRUE,NA,"6187/6130/6128/6228/6146/3921/6159/6129/6171/116832/6133/6218/6231/6230/6136/6224/6144/1915/23521/6232/51121/6124/9045/6158/6189/6122/6233/6201/6170/6173/6235/6210/6204/6234/6205/6137/6141",NA,"Peptide chain elongation",NA,NA,"mixed or incomplete"
"Reactome","Phase 0 - rapid depolarisation","R-HSA-5576892",NA,"Phase 0 - rapid depolarisation",NA,-0.701002071199183,NA,0.954441024751831,NA,-0.0202509016507638,NA,FALSE,NA,"11280/6327/6329/815/6323/6332/2258/6336/783/801/818/6324/817/775",NA,"Phase 0 - rapid depolarisation",NA,NA,"mixed or incomplete"
"Reactome","Phase 2 - plateau phase","R-HSA-5576893",NA,"Phase 2 - plateau phase",NA,1.35407701843988,NA,0.250445829582704,NA,0.601286195774422,NA,FALSE,NA,"27092/59284/10142/23704/59283",NA,"Phase 2 - plateau phase",NA,NA,"mixed or incomplete"
"Reactome","Phosphorylated BMAL1:CLOCK (ARNTL:CLOCK) activates expression of core clock genes","R-HSA-9931510",NA,"Phosphorylated BMAL1:CLOCK (ARNTL:CLOCK) activates expression of core clock genes",NA,-0.749069445853146,NA,0.92728999577881,NA,-0.0327844256494662,NA,FALSE,NA,"1628/8553/4297/6097/9572/5187/150094",NA,"Phosphorylated BMAL1:CLOCK (ARNTL:CLOCK) activates expression of core clock genes",NA,NA,"mixed or incomplete"
"Reactome","Phosphorylation of CD3 and TCR zeta chains","R-HSA-202427",NA,"Phosphorylation of CD3 and TCR zeta chains",NA,-0.70412208816993,NA,0.929218882954287,NA,-0.03188197334498,NA,FALSE,NA,"26191/3127",NA,"Phosphorylation of CD3 and TCR zeta chains",NA,NA,"mixed or incomplete"
"Reactome","Platelet Adhesion to exposed collagen","R-HSA-75892",NA,"Platelet Adhesion to exposed collagen",NA,0.854987949955549,NA,0.796150374543249,NA,0.0990048962491627,NA,FALSE,NA,"3673/3688/1277/11093",NA,"Platelet Adhesion to exposed collagen",NA,NA,"mixed or incomplete"
"Reactome","Polo-like kinase mediated events","R-HSA-156711",NA,"Polo-like kinase mediated events",NA,1.18620617973337,NA,0.449550565045233,NA,0.347221452128643,NA,FALSE,NA,"1063/4605/2305/91750/995",NA,"Polo-like kinase mediated events",NA,NA,"mixed or incomplete"
"Reactome","Post NMDA receptor activation events","R-HSA-438064",NA,"Post NMDA receptor activation events",NA,-1.75225015217091,NA,0.00527655262213566,NA,-2.27764972635998,NA,TRUE,NA,"2906/6197/801/2903/2902/3084/5568/818/3265/1741/2891/5571/53632/817/80086/1740/5562/10382/6714/347688/8536/5595/5577/7277",NA,"Post NMDA receptor activation events",NA,NA,"mixed or incomplete"
"Reactome","Post-chaperonin tubulin folding pathway","R-HSA-389977",NA,"Post-chaperonin tubulin folding pathway",NA,-1.45086388281748,NA,0.148965668364917,NA,-0.826913810498287,NA,FALSE,NA,"80086/10382/7277",NA,"Post-chaperonin tubulin folding pathway",NA,NA,"mixed or incomplete"
"Reactome","Postsynaptic nicotinic acetylcholine receptors","R-HSA-622327",NA,"Postsynaptic nicotinic acetylcholine receptors",NA,0.461122976918659,NA,0.999594149490278,NA,0.000176294413859085,NA,FALSE,NA,"1141/1138",NA,"Postsynaptic nicotinic acetylcholine receptors",NA,NA,"mixed or incomplete"
"Reactome","Potential therapeutics for SARS","R-HSA-9679191",NA,"Potential therapeutics for SARS",NA,-0.965366420667959,NA,0.733495636632395,NA,-0.134602465313691,NA,FALSE,NA,"57459/9219/160/480/79685/3065/476/7422/53822/3716/29110/4690/1107/1108/8452/483/30011/29760/4780/1901/161/3718/9978/5931/3717",NA,"Potential therapeutics for SARS",NA,NA,"mixed or incomplete"
"Reactome","Pre-NOTCH Expression and Processing","R-HSA-1912422",NA,"Pre-NOTCH Expression and Processing",NA,-1.35868740992089,NA,0.0610111631250296,NA,-1.21459069548021,NA,FALSE,NA,"8337/8294/57690/55534/8359/6487/5045/3021/4855/4853/8355/4343/333932/3020/8362/4242/1999/8348/8344/8368/8363/1991/56983/5584/8341/653604/27327/488/6484/487/8331/8338/2648/26523/2033/27161/23112/8850/3516",NA,"Pre-NOTCH Expression and Processing",NA,NA,"mixed or incomplete"
"Reactome","Pre-NOTCH Processing in Golgi","R-HSA-1912420",NA,"Pre-NOTCH Processing in Golgi",NA,-0.947367496748938,NA,0.711501017305126,NA,-0.14782447462441,NA,FALSE,NA,"6487/5045/4855/4853/4242/488/6484/487",NA,"Pre-NOTCH Processing in Golgi",NA,NA,"mixed or incomplete"
"Reactome","Pre-NOTCH Transcription and Translation","R-HSA-1912408",NA,"Pre-NOTCH Transcription and Translation",NA,-1.38838974118906,NA,0.10247705917498,NA,-0.989373346206424,NA,FALSE,NA,"8337/8294/57690/55534/8359/3021/4855/4853/8355/4343/333932/3020/8362/1999/8348/8344/8368/8363/1991/5584/8341/653604/27327/8331/8338/2648/26523/2033/27161/23112/8850/3516",NA,"Pre-NOTCH Transcription and Translation",NA,NA,"mixed or incomplete"
"Reactome","Prednisone ADME",NA,"R-MMU-9757110",NA,"Prednisone ADME",NA,0.698399484605744,NA,1,NA,0,NA,FALSE,NA,"18671/105387/105349/11657","Prednisone ADME",NA,NA,"mixed or incomplete"
"Reactome","Prefoldin mediated transfer of substrate to CCT/TriC","R-HSA-389957",NA,"Prefoldin mediated transfer of substrate  to CCT/TriC",NA,-1.36021759559848,NA,0.229792935058346,NA,-0.638663327746696,NA,FALSE,NA,"7278/10576/7846/10693/22948/7280/6950/5204/10382/7277",NA,"Prefoldin mediated transfer of substrate  to CCT/TriC",NA,NA,"mixed or incomplete"
"Reactome","Processive synthesis on the lagging strand","R-HSA-69183",NA,"Processive synthesis on the lagging strand",NA,1.47381218257583,NA,0.160036694187307,NA,0.795780428244296,NA,FALSE,NA,"5425/6118/2237/1763/6119",NA,"Processive synthesis on the lagging strand",NA,NA,"mixed or incomplete"
"Reactome","Prolactin receptor signaling","R-HSA-1170546",NA,"Prolactin receptor signaling",NA,-1.67825680467787,NA,0.0598440986513598,NA,-1.22297866981085,NA,FALSE,NA,"8454/2690/6776/9978/3717",NA,"Prolactin receptor signaling",NA,NA,"mixed or incomplete"
"Reactome","Purinergic signaling in leishmaniasis infection","R-HSA-9660826",NA,"Purinergic signaling in leishmaniasis infection",NA,-1.52548918186373,NA,0.124605992962091,NA,-0.904461069652962,NA,FALSE,NA,"5027/5025/3162/4791/4790/9051/10628/718",NA,"Purinergic signaling in leishmaniasis infection",NA,NA,"mixed or incomplete"
"Reactome","RHO GTPases Activate ROCKs","R-HSA-5627117",NA,"RHO GTPases Activate ROCKs",NA,-1.44155009552782,NA,0.171044445980507,NA,-0.766891023315688,NA,FALSE,NA,"10398/103910/1072/4627/5058/3985/4629",NA,"RHO GTPases Activate ROCKs",NA,NA,"mixed or incomplete"
"Reactome","RHO GTPases activate CIT","R-HSA-5625900",NA,"RHO GTPases activate CIT",NA,-0.888646464918836,NA,0.775620029661199,NA,-0.110350984200071,NA,FALSE,NA,"5500/1027/4660/10398/103910/4627/4629",NA,"RHO GTPases activate CIT",NA,NA,"mixed or incomplete"
"Reactome","RHOD GTPase cycle","R-HSA-9013405",NA,"RHOD GTPase cycle",NA,1.07453974966474,NA,0.519731896350996,NA,0.284220629368876,NA,FALSE,NA,"9590/2010/9341/3930/123720/55114/4001/5364/1729/1627/81624/23592/3998/4162",NA,"RHOD GTPase cycle",NA,NA,"mixed or incomplete"
"Reactome","RIP-mediated NFkB activation via ZBP1","R-HSA-1810476",NA,"RIP-mediated NFkB activation via ZBP1",NA,-0.881135225029655,NA,0.775898124251083,NA,-0.110195298046064,NA,FALSE,NA,"81030/11035/4792/1147/4791/4790",NA,"RIP-mediated NFkB activation via ZBP1",NA,NA,"mixed or incomplete"
"Reactome","RNA Pol II CTD phosphorylation and interaction with CE during HIV infection","R-HSA-167160",NA,"RNA Pol II CTD phosphorylation and interaction with CE during HIV infection",NA,-0.645980402080125,NA,0.973388507087194,NA,-0.0117137858283651,NA,FALSE,NA,"5435/5430/902/5431/2965/404672",NA,"RNA Pol II CTD phosphorylation and interaction with CE during HIV infection",NA,NA,"mixed or incomplete"
"Reactome","RNA Polymerase I Promoter Opening","R-HSA-73728",NA,"RNA Polymerase I Promoter Opening",NA,-1.29861859498549,NA,0.229792935058346,NA,-0.638663327746696,NA,FALSE,NA,"8337/8294/8359/3021/8355/7343/333932/3020/8362/8348/8344/8368/8363/8341/653604/8331/8338/8932/5595",NA,"RNA Polymerase I Promoter Opening",NA,NA,"mixed or incomplete"
"Reactome","RNA Polymerase II HIV Promoter Escape","R-HSA-167162",NA,"RNA Polymerase II HIV Promoter Escape",NA,-0.951958953469968,NA,0.711501017305126,NA,-0.14782447462441,NA,FALSE,NA,"5435/5430/902/6877/5431/2965/6881/2959/6873/404672/6872/138474",NA,"RNA Polymerase II HIV Promoter Escape",NA,NA,"mixed or incomplete"
"Reactome","RNA Polymerase III Abortive And Retractive Initiation","R-HSA-749476",NA,"RNA Polymerase III Abortive And Retractive Initiation",NA,1.04017168688931,NA,0.594777337983828,NA,0.225645587184495,NA,FALSE,NA,"112495/27297/6617/9328/10302/661/2971/55814/2975/6618/10622/2972",NA,"RNA Polymerase III Abortive And Retractive Initiation",NA,NA,"mixed or incomplete"
"Reactome","RNA Polymerase III Chain Elongation","R-HSA-73780",NA,"RNA Polymerase III Chain Elongation",NA,-0.621556838953604,NA,0.956421948624411,NA,-0.0193504659553731,NA,FALSE,NA,"5440/10623/55703/5435/9533/51082",NA,"RNA Polymerase III Chain Elongation",NA,NA,"mixed or incomplete"
"Reactome","RNA Polymerase III Transcription Termination","R-HSA-73980",NA,"RNA Polymerase III Transcription Termination",NA,-0.946150104498188,NA,0.72712580348944,NA,-0.138390443288694,NA,FALSE,NA,"5440/10623/55703/5435/9533/4784/51082/4781",NA,"RNA Polymerase III Transcription Termination",NA,NA,"mixed or incomplete"
"Reactome","RORA,B,C and NR1D1 (REV-ERBA) regulate gene expression","R-HSA-9933387",NA,"RORA,B,C and NR1D1 (REV-ERBA) regulate gene expression",NA,-1.15471055061453,NA,0.423251915708812,NA,-0.373401067525269,NA,FALSE,NA,"6256/8204/10498/6604/5469/6097/9572/6907/6720/8841/9611/10499/2033",NA,"RORA,B,C and NR1D1 (REV-ERBA) regulate gene expression",NA,NA,"mixed or incomplete"
"Reactome","RSV-host interactions","R-HSA-9833110",NA,"RSV-host interactions",NA,1.01300255924599,NA,0.64093087917976,NA,0.193188804193252,NA,FALSE,NA,"57506/3454/375790/5610/55588/9672/7297/1387/2239/6773/10082/6233/7706/7099/9442/9636/6921/3661/6837/23643/51191/3455",NA,"RSV-host interactions",NA,NA,"mixed or incomplete"
"Reactome","RUNX2 regulates bone development","R-HSA-8941326",NA,"RUNX2 regulates bone development",NA,-1.32582096563043,NA,0.234002647837599,NA,-0.63077922833878,NA,FALSE,NA,"865/4094/860/4089/8841/3549/4086/6714/9759/5595",NA,"RUNX2 regulates bone development",NA,NA,"mixed or incomplete"
"Reactome","RUNX2 regulates osteoblast differentiation","R-HSA-8940973",NA,"RUNX2 regulates osteoblast differentiation",NA,-1.10551519535733,NA,0.509595799151608,NA,-0.29277416076061,NA,FALSE,NA,"865/4094/860/8841/6714/5595",NA,"RUNX2 regulates osteoblast differentiation",NA,NA,"mixed or incomplete"
"Reactome","Rap1 signalling","R-HSA-392517",NA,"Rap1 signalling",NA,0.872292373458819,NA,0.78257864800421,NA,0.106472005630907,NA,FALSE,NA,"23108/5908/7529/5592",NA,"Rap1 signalling",NA,NA,"mixed or incomplete"
"Reactome","Ras activation upon Ca2+ influx through NMDA receptor","R-HSA-442982",NA,"Ras activation upon Ca2+ influx through NMDA receptor",NA,-1.40538818479135,NA,0.206331408208405,NA,-0.685434657759482,NA,FALSE,NA,"2906/801/2902/818/3265/1741/817/1740",NA,"Ras activation upon Ca2+ influx through NMDA receptor",NA,NA,"mixed or incomplete"
"Reactome","Recognition and association of DNA glycosylase with site containing an affected pyrimidine","R-HSA-110328",NA,"Recognition and association of DNA glycosylase with site containing an affected pyrimidine",NA,1.29174277219648,NA,0.237736959354378,NA,0.623903296202374,NA,FALSE,NA,"7374/94239/54386/85236/8930/3017/79661/7013/25913/26277/8334/252969/6996",NA,"Recognition and association of DNA glycosylase with site containing an affected pyrimidine",NA,NA,"mixed or incomplete"
"Reactome","Regulation of Apoptosis","R-HSA-169911",NA,"Regulation of Apoptosis",NA,-2.11595229711114,NA,0.000542824507702106,NA,-3.26534055283339,NA,TRUE,NA,"5690/10213/5719/5685/5684/5718/11047/7979/5694/5717/5689/5701/5686/5709/5691/5707/79658",NA,"Regulation of Apoptosis",NA,NA,"mixed or incomplete"
"Reactome","Regulation of CDH11 Expression and Function","R-HSA-9759475",NA,"Regulation of CDH11 Expression and Function",NA,-1.28304258456539,NA,0.289171749938296,NA,-0.538844136844942,NA,FALSE,NA,"154796/1495/27319/1009/27327/1500/26523/27161/23112/1499/6615",NA,"Regulation of CDH11 Expression and Function",NA,NA,"mixed or incomplete"
"Reactome","Regulation of Expression and Function of Type II Classical Cadherins","R-HSA-9764260",NA,"Regulation of Expression and Function of Type II Classical Cadherins",NA,-1.32708293363784,NA,0.216753935149701,NA,-0.664033009199909,NA,FALSE,NA,"154796/1495/27319/1009/6663/27327/1500/26523/27161/23112/1499/6615",NA,"Regulation of Expression and Function of Type II Classical Cadherins",NA,NA,"mixed or incomplete"
"Reactome","Regulation of KIT signaling","R-HSA-1433559",NA,"Regulation of KIT signaling",NA,-0.990347823176728,NA,0.650627166719193,NA,-0.186667806855095,NA,FALSE,NA,"10603/6654/3932/8651/9306/4254/2534/5777/6714",NA,"Regulation of KIT signaling",NA,NA,"mixed or incomplete"
"Reactome","Regulation of MECP2 expression and activity","R-HSA-9022692",NA,"Regulation of MECP2 expression and activity",NA,-1.34871076465063,NA,0.228987854251012,NA,-0.640187552470823,NA,FALSE,NA,"801/3065/6907/818/27327/8841/9611/817/26523/27161/23112",NA,"Regulation of MECP2 expression and activity",NA,NA,"mixed or incomplete"
"Reactome","Regulation of MITF-M-dependent genes involved in apoptosis","R-HSA-9824594",NA,"Regulation of MITF-M-dependent genes involved in apoptosis",NA,-1.56343337467829,NA,0.138475661260827,NA,-0.858626552296155,NA,FALSE,NA,"27327/596/3094/26523/27161/23112",NA,"Regulation of MITF-M-dependent genes involved in apoptosis",NA,NA,"mixed or incomplete"
"Reactome","Regulation of MITF-M-dependent genes involved in cell cycle and proliferation","R-HSA-9825892",NA,"Regulation of MITF-M-dependent genes involved in cell cycle and proliferation",NA,0.753769621634462,NA,0.909191082476863,NA,0.0413448325710036,NA,FALSE,NA,"1026/51176/994/595/6909",NA,"Regulation of MITF-M-dependent genes involved in cell cycle and proliferation",NA,NA,"mixed or incomplete"
"Reactome","Regulation of MITF-M-dependent genes involved in pigmentation","R-HSA-9824585",NA,"Regulation of MITF-M-dependent genes involved in pigmentation",NA,0.73117977192416,NA,0.94673650444598,NA,0.0237708769506428,NA,FALSE,NA,"79083/8110/51176/9275/5873/7020/26039",NA,"Regulation of MITF-M-dependent genes involved in pigmentation",NA,NA,"mixed or incomplete"
"Reactome","Regulation of RUNX1 Expression and Activity","R-HSA-8934593",NA,"Regulation of RUNX1 Expression and Activity",NA,0.914102297592395,NA,0.759852953748825,NA,0.119270443974837,NA,FALSE,NA,"894/1021/5371/861/595/5781",NA,"Regulation of RUNX1 Expression and Activity",NA,NA,"mixed or incomplete"
"Reactome","Regulation of TBK1, IKKε (IKBKE)-mediated activation of IRF3, IRF7","R-HSA-9824878",NA,"Regulation of TBK1, IKKε (IKBKE)-mediated activation of IRF3, IRF7",NA,1.33800122018474,NA,0.276230517688028,NA,0.558728342660509,NA,FALSE,NA,"6233/148022/7099/10133/23643/7187",NA,"Regulation of TBK1, IKKε (IKBKE)-mediated activation of IRF3, IRF7",NA,NA,"mixed or incomplete"
"Reactome","Regulation of activated PAK-2p34 by proteasome mediated degradation","R-HSA-211733",NA,"Regulation of activated PAK-2p34 by proteasome mediated degradation",NA,-2.02488408702344,NA,0.00136511543010045,NA,-2.86483062442091,NA,TRUE,NA,"5687/5704/5690/10213/5719/5685/5684/5718/11047/7979/5694/5717/5689/5701/5686/5709/5691/5707",NA,"Regulation of activated PAK-2p34 by proteasome mediated degradation",NA,NA,"mixed or incomplete"
"Reactome","Regulation of beta-cell development","R-HSA-186712",NA,"Regulation of beta-cell development",NA,-1.22663369145326,NA,0.342278165848261,NA,-0.465620803912245,NA,FALSE,NA,"5313/2255/2648/2308/2033/8850/3516",NA,"Regulation of beta-cell development",NA,NA,"mixed or incomplete"
"Reactome","Regulation of cholesterol biosynthesis by SREBP (SREBF)","R-HSA-1655829",NA,"Regulation of cholesterol biosynthesis by SREBP (SREBF)",NA,-1.69856719304463,NA,0.0215747121947337,NA,-1.66605498903443,NA,TRUE,NA,"22937/6667/4800/6256/4597/10654/10498/3837/6319/1595/6604/8720/2224/57678/4520/5469/4802/9632/32/31/6907/10427/51141/6720/3156/10499/7108/6721/79071/4598/3157/6713/3638",NA,"Regulation of cholesterol biosynthesis by SREBP (SREBF)",NA,NA,"mixed or incomplete"
"Reactome","Regulation of endogenous retroelements by Piwi-interacting RNAs (piRNAs)","R-HSA-9845323",NA,"Regulation of endogenous retroelements by Piwi-interacting RNAs (piRNAs)",NA,-0.865150302876492,NA,0.867267974308814,NA,-0.0618466905493313,NA,FALSE,NA,"8337/8294/5928/8359/3021/29947/8355/333932/6604/3020/8362/6599/147646/8348/57459/8344/9219/8368/3065/8363/1107/8341/1108/653604/8331/8338/6601/5931",NA,"Regulation of endogenous retroelements by Piwi-interacting RNAs (piRNAs)",NA,NA,"mixed or incomplete"
"Reactome","Regulation of endogenous retroelements by the Human Silencing Hub (HUSH) complex","R-HSA-9843970",NA,"Regulation of endogenous retroelements by the Human Silencing Hub (HUSH) complex",NA,-0.891230032595808,NA,0.800943585625376,NA,-0.0963980723232808,NA,FALSE,NA,"8337/8294/8359/3021/8355/333932/3020/8362/8348/8344/8368/8363/8341/653604/9869/8331/8338/10919",NA,"Regulation of endogenous retroelements by the Human Silencing Hub (HUSH) complex",NA,NA,"mixed or incomplete"
"Reactome","Regulation of expression of SLITs and ROBOs","R-HSA-9010553",NA,"Regulation of expression of SLITs and ROBOs",NA,1.56815706718152,NA,0.0110575316315742,NA,1.95634180959811,NA,TRUE,NA,"6187/6130/6128/6228/6146/3921/6091/6159/6129/6171/116832/6133/6218/6231/6230/6136/6224/6144/23521/6232/51121/6124/9045/64221/1287/6158/10921/6189/6122/6233/6201/6170/65110/6173/6235/6210/6204/9939/6921/6234",NA,"Regulation of expression of SLITs and ROBOs",NA,NA,"mixed or incomplete"
"Reactome","Regulation of gene expression in beta cells","R-HSA-210745",NA,"Regulation of gene expression in beta cells",NA,-1.11514477464675,NA,0.471639899267857,NA,-0.32638946206106,NA,FALSE,NA,"4760/3651/3172/389692/6927/5313/2308",NA,"Regulation of gene expression in beta cells",NA,NA,"mixed or incomplete"
"Reactome","Regulation of gene expression in late stage (branching morphogenesis) pancreatic bud precursor cells","R-HSA-210744",NA,"Regulation of gene expression in late stage (branching morphogenesis) pancreatic bud precursor cells",NA,-1.32706986169738,NA,0.287420987751462,NA,-0.54148152245144,NA,FALSE,NA,"2648/2033/8850/3516",NA,"Regulation of gene expression in late stage (branching morphogenesis) pancreatic bud precursor cells",NA,NA,"mixed or incomplete"
"Reactome","Regulation of innate immune responses to cytosolic DNA","R-HSA-3134975",NA,"Regulation of innate immune responses to cytosolic DNA",NA,0.813244963164287,NA,0.830725,NA,0.0805427195953455,NA,FALSE,NA,"6233/81844/3661/340061/6737",NA,"Regulation of innate immune responses to cytosolic DNA",NA,NA,"mixed or incomplete"
"Reactome","Replacement of protamines by nucleosomes in the male pronucleus","R-HSA-9821993",NA,"Replacement of protamines by nucleosomes in the male pronucleus",NA,-0.729289657051709,NA,0.948806577543983,NA,-0.0228223132492533,NA,FALSE,NA,"8294/8359/3021/3020/8362/8348/8344/8368/8363/8341/6732",NA,"Replacement of protamines by nucleosomes in the male pronucleus",NA,NA,"mixed or incomplete"
"Reactome","Resolution of D-loop Structures through Synthesis-Dependent Strand Annealing (SDSA)","R-HSA-5693554",NA,"Resolution of D-loop Structures through Synthesis-Dependent Strand Annealing (SDSA)",NA,1.82678292106772,NA,0.0116168286421985,NA,1.93491241679732,NA,TRUE,NA,"9156/5889/7517/79728/7516/7486/1763/672/10635/4683/4361/83990/641/7156/5892/5932/116028/580/675",NA,"Resolution of D-loop Structures through Synthesis-Dependent Strand Annealing (SDSA)",NA,NA,"mixed or incomplete"
"Reactome","Respiratory Syncytial Virus Infection Pathway","R-HSA-9820952",NA,"Respiratory Syncytial Virus Infection Pathway",NA,0.941456949777356,NA,0.75267692202805,NA,0.123391399748274,NA,FALSE,NA,"57506/1956/3454/375790/5610/55588/3320/9672/7297/1387/2239/6773/10082/6233/7706/7099/60559/9442/9636/6921",NA,"Respiratory Syncytial Virus Infection Pathway",NA,NA,"mixed or incomplete"
"Reactome","Respiratory syncytial virus (RSV) attachment and entry","R-HSA-9820960",NA,"Respiratory syncytial virus (RSV) attachment and entry",NA,1.34921459496437,NA,0.218586167652382,NA,0.660377324098633,NA,FALSE,NA,"1956/375790/9672/2239/10082/7099",NA,"Respiratory syncytial virus (RSV) attachment and entry",NA,NA,"mixed or incomplete"
"Reactome","Respiratory syncytial virus (RSV) genome replication, transcription and translation","R-HSA-9820965",NA,"Respiratory syncytial virus (RSV) genome replication, transcription and translation",NA,-1.03906695789027,NA,0.568306220095694,NA,-0.245417590588292,NA,FALSE,NA,"5045/5500/3837/28972/90701/1460/5501/5499",NA,"Respiratory syncytial virus (RSV) genome replication, transcription and translation",NA,NA,"mixed or incomplete"
"Reactome","Response of EIF2AK1 (HRI) to heme deficiency","R-HSA-9648895",NA,"Response of EIF2AK1 (HRI) to heme deficiency",NA,1.26726343800979,NA,0.313664596273292,NA,0.503534497913188,NA,FALSE,NA,"23645/27102/2887/57761/1968/1054/8894",NA,"Response of EIF2AK1 (HRI) to heme deficiency",NA,NA,"mixed or incomplete"
"Reactome","Response of EIF2AK4 (GCN2) to amino acid deficiency","R-HSA-9633012",NA,"Response of EIF2AK4 (GCN2) to amino acid deficiency",NA,2.27729549428125,NA,1.93962520029046e-07,NA,6.71228218201373,NA,TRUE,NA,"6187/6130/6128/6228/6146/3921/6159/6129/6171/116832/6133/6218/6231/6230/6136/6224/6144/23521/6232/51121/6124/9045/6158/6189/6122/6233/6201/6170/57761/6173/6235/6210/440275/6204/1968/6234/6205/6137/6141/1054",NA,"Response of EIF2AK4 (GCN2) to amino acid deficiency",NA,NA,"mixed or incomplete"
"Reactome","Response of Mtb to phagocytosis","R-HSA-9637690",NA,"Response of Mtb to phagocytosis",NA,-1.59666255979438,NA,0.0911335644202296,NA,-1.04032164324825,NA,FALSE,NA,"2931/7879/51606/5230/5595",NA,"Response of Mtb to phagocytosis",NA,NA,"mixed or incomplete"
"Reactome","Rev-mediated nuclear export of HIV RNA","R-HSA-165054",NA,"Rev-mediated nuclear export of HIV RNA",NA,1.49093504860456,NA,0.119560917422881,NA,0.922410761162314,NA,FALSE,NA,"10762/9883/55746/23636/11097/348995/23225/57122/5905/5902/1104/23279/7514/9818",NA,"Rev-mediated nuclear export of HIV RNA",NA,NA,"mixed or incomplete"
"Reactome","SARS-CoV Infections","R-HSA-9679506",NA,"SARS-CoV Infections",NA,1.24545092662688,NA,0.11534327556093,NA,0.938007719494935,NA,FALSE,NA,"5478/6187/6228/10762/4869/3133/57506/3921/9883/3654/3454/375790/1514/567/3460/6218/55746/6637/6231/6230/3676/6224/3178/143/3320/9672/1915/7297/23636/51652/11097/6232/3106/5589/4088/89122/22863/1387/2239/6773/10082/7428/6189/2342/53615/348995/3838/54625/8829/6233/6201/3459/7706/10392/11253/6235/6210/481/9636/6204/5336/7284/51201/56965/598/861/23225/6234/7529/57122/54815/79833/6480/11123/10362/3661/5781/121601/79844/6205/3107/8737/64398/6772/340061/3688/6606/3455/29108/6482/7187/256435/81631",NA,"SARS-CoV Infections",NA,NA,"mixed or incomplete"
"Reactome","SARS-CoV-1 Infection","R-HSA-9678108",NA,"SARS-CoV-1 Infection",NA,1.62666188033398,NA,0.00696337369916587,NA,2.15718029717963,NA,TRUE,NA,"5478/6187/6228/4869/57506/3921/1514/6218/6231/6230/6224/3178/143/1915/51652/6232/5589/4088/7428/6189/3838/54625/6233/6201/7706/6235/6210/6204/56965/598/861/6234/7529/6480/11123/3661/6205/8737/64398/340061/29108/6482/7187/256435/81631",NA,"SARS-CoV-1 Infection",NA,NA,"mixed or incomplete"
"Reactome","SARS-CoV-1 activates/modulates innate immune responses","R-HSA-9692916",NA,"SARS-CoV-1 activates/modulates innate immune responses",NA,1.37186696387434,NA,0.176615618551102,NA,0.752970893336994,NA,FALSE,NA,"5478/57506/3838/6233/7706/861/11123/3661/340061/29108/7187",NA,"SARS-CoV-1 activates/modulates innate immune responses",NA,NA,"mixed or incomplete"
"Reactome","SARS-CoV-1 modulates host translation machinery","R-HSA-9735869",NA,"SARS-CoV-1 modulates host translation machinery",NA,2.1375108747156,NA,9.15491003706117e-05,NA,4.03834591904114,NA,TRUE,NA,"6187/6228/3921/6218/6231/6230/6224/3178/1915/6232/6189/6233/6201/6235/6210/6204/6234",NA,"SARS-CoV-1 modulates host translation machinery",NA,NA,"mixed or incomplete"
"Reactome","SARS-CoV-1 targets host intracellular signalling and regulatory pathways","R-HSA-9735871",NA,"SARS-CoV-1 targets host intracellular signalling and regulatory pathways",NA,-0.993483243753243,NA,0.641255844634577,NA,-0.192968663547218,NA,FALSE,NA,"7533/7531/4089/2033",NA,"SARS-CoV-1 targets host intracellular signalling and regulatory pathways",NA,NA,"mixed or incomplete"
"Reactome","SARS-CoV-1-host interactions","R-HSA-9692914",NA,"SARS-CoV-1-host interactions",NA,1.86813066396669,NA,0.000453360193715894,NA,3.3435566147972,NA,TRUE,NA,"5478/6187/6228/4869/57506/3921/6218/6231/6230/6224/3178/1915/6232/4088/6189/3838/6233/6201/7706/6235/6210/6204/598/861/6234/7529/11123/3661/6205/8737/64398/340061/29108/7187",NA,"SARS-CoV-1-host interactions",NA,NA,"mixed or incomplete"
"Reactome","SARS-CoV-2 Infection","R-HSA-9694516",NA,"SARS-CoV-2 Infection",NA,1.41122465665648,NA,0.0309376746168134,NA,1.50951233249312,NA,TRUE,NA,"6187/6228/10762/3133/57506/3921/9883/3654/3454/375790/1514/567/6218/55746/6637/6231/6230/6224/143/3320/9672/7297/23636/51652/11097/6232/3106/5589/89122/22863/1387/2239/6773/10082/7428/6189/348995/3838/54625/8829/6233/6201/7706/10392/11253/6235/6210/9636/6204/7284/51201/56965/23225/6234/7529/57122/79833/6480/3661/5781/121601/79844/6205/3107/64398/6772/340061/6606/3455/6482/7187/256435/81631",NA,"SARS-CoV-2 Infection",NA,NA,"mixed or incomplete"
"Reactome","SARS-CoV-2 activates/modulates innate and adaptive immune responses","R-HSA-9705671",NA,"SARS-CoV-2 activates/modulates innate and adaptive immune responses",NA,1.45418609945135,NA,0.0464641589463035,NA,1.33288191966294,NA,TRUE,NA,"10762/3133/57506/9883/3654/3454/567/55746/3320/7297/23636/11097/3106/89122/22863/1387/6773/348995/3838/6233/7706/10392/9636/23225/57122/3661/5781/3107/6772/340061/3455",NA,"SARS-CoV-2 activates/modulates innate and adaptive immune responses",NA,NA,"mixed or incomplete"
"Reactome","SARS-CoV-2 modulates host translation machinery","R-HSA-9754678",NA,"SARS-CoV-2 modulates host translation machinery",NA,1.97517028648102,NA,0.000501194727166979,NA,3.29999350666099,NA,TRUE,NA,"6187/6228/3921/6218/6637/6231/6230/6224/6232/6189/6233/6201/6235/6210/6204/6234/79833/6205/6606",NA,"SARS-CoV-2 modulates host translation machinery",NA,NA,"mixed or incomplete"
"Reactome","SARS-CoV-2-host interactions","R-HSA-9705683",NA,"SARS-CoV-2-host interactions",NA,1.62716409428411,NA,0.00258247255619179,NA,2.58796428500981,NA,TRUE,NA,"6187/6228/10762/3133/57506/3921/9883/3654/3454/567/6218/55746/6637/6231/6230/6224/3320/7297/23636/11097/6232/3106/89122/22863/1387/6773/6189/348995/3838/6233/6201/7706/10392/6235/6210/9636/6204/7284/23225/6234/7529/57122/79833/3661/5781/6205/3107/64398/6772/340061/6606/3455/7187/81631/10207/23279/8767/65082/23339/50628/54960/84282/9818/6191/6194",NA,"SARS-CoV-2-host interactions",NA,NA,"mixed or incomplete"
"Reactome","SCF-beta-TrCP mediated degradation of Emi1","R-HSA-174113",NA,"SCF-beta-TrCP mediated degradation of Emi1",NA,-1.99892458456548,NA,0.00214227084245333,NA,-2.66912562316472,NA,TRUE,NA,"5690/10213/5719/5685/5684/5718/11047/8454/7979/5694/5717/5689/5701/5686/5709/5691/5707",NA,"SCF-beta-TrCP mediated degradation of Emi1",NA,NA,"mixed or incomplete"
"Reactome","SIRT1 negatively regulates rRNA expression","R-HSA-427359",NA,"SIRT1 negatively regulates rRNA expression",NA,-0.816586990471259,NA,0.897805487823698,NA,-0.0468177443072044,NA,FALSE,NA,"8337/8294/8359/6839/3021/8355/333932/9013/3020/8362/8348/8344/8368/8363/8341/653604/8331/8338",NA,"SIRT1 negatively regulates rRNA expression",NA,NA,"mixed or incomplete"
"Reactome","SLC transporter disorders","R-HSA-5619102",NA,"SLC transporter disorders",NA,0.956393207853569,NA,0.725487001865033,NA,0.139370364161959,NA,FALSE,NA,"10762/9883/55746/682/9187/23636/11097/348995/55343/55630/23225/6505/57122/8671",NA,"SLC transporter disorders",NA,NA,"mixed or incomplete"
"Reactome","SLC-mediated transport of organic cations","R-HSA-549127",NA,"SLC-mediated transport of organic cations",NA,0.710974413953687,NA,0.925603369763206,NA,0.0335750729555055,NA,FALSE,NA,"6563/861/115286/5002/55244/6580/55356/85413",NA,"SLC-mediated transport of organic cations",NA,NA,"mixed or incomplete"
"Reactome","STING mediated induction of host immune responses","R-HSA-1834941",NA,"STING mediated induction of host immune responses",NA,1.66874337773766,NA,0.0439206399653779,NA,1.35733134042938,NA,TRUE,NA,"2547/7520/5591/3428/115004/4361/3661/340061",NA,"STING mediated induction of host immune responses",NA,NA,"mixed or incomplete"
"Reactome","SUMOylation of DNA methylation proteins","R-HSA-4655427",NA,"SUMOylation of DNA methylation proteins",NA,1.56895498943159,NA,0.0823238805849074,NA,1.0844741659802,NA,FALSE,NA,"84733/1789/1788/6015/8535/1786/1911",NA,"SUMOylation of DNA methylation proteins",NA,NA,"mixed or incomplete"
"Reactome","Scavenging by Class A Receptors","R-HSA-3000480",NA,"Scavenging by Class A Receptors",NA,1.08309141317288,NA,0.5465584828728,NA,0.262363360832241,NA,FALSE,NA,"1282/1284/2495",NA,"Scavenging by Class A Receptors",NA,NA,"mixed or incomplete"
"Reactome","Scavenging of heme from plasma",NA,"R-MMU-2168880",NA,"Scavenging of heme from plasma",NA,1.49384140152368,NA,0.278083574147975,NA,0.555824663302602,NA,FALSE,NA,"71898/223672/15439/16971","Scavenging of heme from plasma",NA,NA,"mixed or incomplete"
"Reactome","Selenoamino acid metabolism","R-HSA-2408522",NA,"Selenoamino acid metabolism",NA,2.14553387934207,NA,1.22787442214164e-06,NA,5.91084604733141,NA,TRUE,NA,"6187/6130/6128/6228/6146/3921/6159/6129/6171/116832/6133/6218/6231/6230/6136/6224/6144/23521/6232/51121/6124/9060/9045/6158/6189/6122/79048/6233/6201/6170/6173/6235/875/6210/6204/6234/2936/6205/6137/6141",NA,"Selenoamino acid metabolism",NA,NA,"mixed or incomplete"
"Reactome","Selenocysteine synthesis","R-HSA-2408557",NA,"Selenocysteine synthesis",NA,2.35969911920554,NA,2.31128366059284e-08,NA,7.63614675089896,NA,TRUE,NA,"6187/6130/6128/6228/6146/3921/6159/6129/6171/116832/6133/6218/6231/6230/6136/6224/6144/23521/6232/51121/6124/9045/6158/6189/6122/79048/6233/6201/6170/6173/6235/6210/6204/6234/6205/6137/6141",NA,"Selenocysteine synthesis",NA,NA,"mixed or incomplete"
"Reactome","Sema3A PAK dependent Axon repulsion","R-HSA-399954",NA,"Sema3A PAK dependent Axon repulsion",NA,1.37470722645047,NA,0.250445829582704,NA,0.601286195774422,NA,FALSE,NA,"3984/5879/3320/5062/8829",NA,"Sema3A PAK dependent Axon repulsion",NA,NA,"mixed or incomplete"
"Reactome","Sema4D in semaphorin signaling","R-HSA-400685",NA,"Sema4D in semaphorin signaling",NA,-1.19223705222465,NA,0.371428383800574,NA,-0.430124911428351,NA,FALSE,NA,"10398/103910/27289/4627/3985/4629",NA,"Sema4D in semaphorin signaling",NA,NA,"mixed or incomplete"
"Reactome","Sema4D induced cell migration and growth-cone collapse","R-HSA-416572",NA,"Sema4D induced cell migration and growth-cone collapse",NA,-1.38020811836777,NA,0.204550732251421,NA,-0.689198961473932,NA,FALSE,NA,"10398/103910/27289/4627/3985/4629",NA,"Sema4D induced cell migration and growth-cone collapse",NA,NA,"mixed or incomplete"
"Reactome","Sensory Perception",NA,"R-MMU-9709957",NA,"Sensory Perception",NA,0.715293636739232,NA,1,NA,0,NA,FALSE,NA,"11603/20897/15529/14272/241452/16971/14733/17921/239393/23888/14688/65107/110606","Sensory Perception",NA,NA,"mixed or incomplete"
"Reactome","Sensory processing of sound","R-HSA-9659379",NA,"Sensory processing of sound",NA,-1.68300932232335,NA,0.0137048070913348,NA,-1.86312707320427,NA,TRUE,NA,"340990/6844/2059/9381/490/3781/5864/64787/4627/9478/51168/4641/339768/129446/830/2934/4647/832/23136/2036/8927/4354",NA,"Sensory processing of sound",NA,NA,"mixed or incomplete"
"Reactome","Sensory processing of sound by inner hair cells of the cochlea","R-HSA-9662360",NA,"Sensory processing of sound by inner hair cells of the cochlea",NA,-1.47009874808383,NA,0.0756090175029796,NA,-1.12142640531573,NA,FALSE,NA,"6844/2059/9381/490/5864/64787/4627/9478/51168/4641/339768/129446/830/4647/832/23136/2036/8927",NA,"Sensory processing of sound by inner hair cells of the cochlea",NA,NA,"mixed or incomplete"
"Reactome","Sensory processing of sound by outer hair cells of the cochlea","R-HSA-9662361",NA,"Sensory processing of sound by outer hair cells of the cochlea",NA,-1.55326283508165,NA,0.0269017617957635,NA,-1.57021927713055,NA,TRUE,NA,"64787/4627/51168/4641/339768/129446/2934/4647/23136/2036/4354",NA,"Sensory processing of sound by outer hair cells of the cochlea",NA,NA,"mixed or incomplete"
"Reactome","Signal regulatory protein family interactions","R-HSA-391160",NA,"Signal regulatory protein family interactions",NA,-1.28495403982998,NA,0.337650938708074,NA,-0.471532038553987,NA,FALSE,NA,"2185/5777/5747/6714",NA,"Signal regulatory protein family interactions",NA,NA,"mixed or incomplete"
"Reactome","Signaling by ALK fusions and activated point mutants","R-HSA-9725370",NA,"Signaling by ALK fusions and activated point mutants",NA,-1.33622855542056,NA,0.10642757136201,NA,-0.972945848176042,NA,FALSE,NA,"8496/4627/1051/5495/3726/8454/8878/22872/6774/5777/6776/9978/26523/5295/57448/5290/27161/1213/7291/5595",NA,"Signaling by ALK fusions and activated point mutants",NA,NA,"mixed or incomplete"
"Reactome","Signaling by ALK in cancer","R-HSA-9700206",NA,"Signaling by ALK in cancer",NA,-1.33622855542056,NA,0.10642757136201,NA,-0.972945848176042,NA,FALSE,NA,"8496/4627/1051/5495/3726/8454/8878/22872/6774/5777/6776/9978/26523/5295/57448/5290/27161/1213/7291/5595",NA,"Signaling by ALK in cancer",NA,NA,"mixed or incomplete"
"Reactome","Signaling by BRAF and RAF1 fusions","R-HSA-6802952",NA,"Signaling by BRAF and RAF1 fusions",NA,-1.52797952756298,NA,0.043058971961814,NA,-1.36593634322226,NA,TRUE,NA,"801/673/4000/818/3265/9444/27044/8546/408/9061/5906/817/9715/80853/5037/6714/3717/5595",NA,"Signaling by BRAF and RAF1 fusions",NA,NA,"mixed or incomplete"
"Reactome","Signaling by CSF1 (M-CSF) in myeloid cells","R-HSA-9680350",NA,"Signaling by CSF1 (M-CSF) in myeloid cells",NA,-1.18473948509644,NA,0.395122688898824,NA,-0.40326803136476,NA,FALSE,NA,"1436/5291/2534/6774/6714/5295/1435/5290",NA,"Signaling by CSF1 (M-CSF) in myeloid cells",NA,NA,"mixed or incomplete"
"Reactome","Signaling by CTNNB1 phospho-site mutants","R-HSA-4839743",NA,"Signaling by CTNNB1 phospho-site mutants",NA,-2.05763566390189,NA,0.00275531491450419,NA,-2.55982875695178,NA,TRUE,NA,"5528/5518/139285/324/5526/5519/5515/1499/5525",NA,"Signaling by CTNNB1 phospho-site mutants",NA,NA,"mixed or incomplete"
"Reactome","Signaling by EGFR in Cancer","R-HSA-1643713",NA,"Signaling by EGFR in Cancer",NA,1.09287164380355,NA,0.53274188761465,NA,0.273483154830123,NA,FALSE,NA,"1956/3320/6233/7039/6464",NA,"Signaling by EGFR in Cancer",NA,NA,"mixed or incomplete"
"Reactome","Signaling by EGFRvIII in Cancer","R-HSA-5637812",NA,"Signaling by EGFRvIII in Cancer",NA,0.780210744326074,NA,0.872891233060725,NA,0.0590398683498748,NA,FALSE,NA,"1956/3320",NA,"Signaling by EGFRvIII in Cancer",NA,NA,"mixed or incomplete"
"Reactome","Signaling by ERBB2 ECD mutants","R-HSA-9665348",NA,"Signaling by ERBB2 ECD mutants",NA,-0.863707405470595,NA,0.806959879854109,NA,-0.0931480568406378,NA,FALSE,NA,"3265/55914/5295/5290",NA,"Signaling by ERBB2 ECD mutants",NA,NA,"mixed or incomplete"
"Reactome","Signaling by ERBB2 KD Mutants","R-HSA-9664565",NA,"Signaling by ERBB2 KD Mutants",NA,-0.823245705738588,NA,0.840413407470235,NA,-0.0755070277274221,NA,FALSE,NA,"3084/3265/55914/5295/5290",NA,"Signaling by ERBB2 KD Mutants",NA,NA,"mixed or incomplete"
"Reactome","Signaling by ERBB2 TMD/JMD mutants","R-HSA-9665686",NA,"Signaling by ERBB2 TMD/JMD mutants",NA,0.86900958765529,NA,0.797770305341789,NA,0.0981221330627951,NA,FALSE,NA,"1956/3320",NA,"Signaling by ERBB2 TMD/JMD mutants",NA,NA,"mixed or incomplete"
"Reactome","Signaling by ERBB2 in Cancer","R-HSA-1227990",NA,"Signaling by ERBB2 in Cancer",NA,-0.791159893192676,NA,0.92728999577881,NA,-0.0327844256494662,NA,FALSE,NA,"3084/3265/55914/5295/5290",NA,"Signaling by ERBB2 in Cancer",NA,NA,"mixed or incomplete"
"Reactome","Signaling by FGFR in disease","R-HSA-1226099",NA,"Signaling by FGFR in disease",NA,-1.38294931925583,NA,0.153509259354876,NA,-0.813865423669215,NA,FALSE,NA,"2249/5435/5430/5431/3265/2255/399687/613/2260/6774/6776/5295/5290/2263/2252",NA,"Signaling by FGFR in disease",NA,NA,"mixed or incomplete"
"Reactome","Signaling by FGFR1 in disease","R-HSA-5655302",NA,"Signaling by FGFR1 in disease",NA,-1.2257118592682,NA,0.342278165848261,NA,-0.465620803912245,NA,FALSE,NA,"3265/399687/613/2260/6774/6776/5295/5290",NA,"Signaling by FGFR1 in disease",NA,NA,"mixed or incomplete"
"Reactome","Signaling by FGFR2 IIIa TM","R-HSA-8851708",NA,"Signaling by FGFR2 IIIa TM",NA,-0.661516400292264,NA,0.948806577543983,NA,-0.0228223132492533,NA,FALSE,NA,"5440/5438/5435/5430/5431/2263",NA,"Signaling by FGFR2 IIIa TM",NA,NA,"mixed or incomplete"
"Reactome","Signaling by FGFR2 in disease","R-HSA-5655253",NA,"Signaling by FGFR2 in disease",NA,-1.31267911091624,NA,0.226587336458985,NA,-0.644764365697977,NA,FALSE,NA,"2249/5435/5430/5431/3265/2255/5295/5290/2263/2252",NA,"Signaling by FGFR2 in disease",NA,NA,"mixed or incomplete"
"Reactome","Signaling by FGFR3 in disease","R-HSA-5655332",NA,"Signaling by FGFR3 in disease",NA,-0.875720038210265,NA,0.790231833823123,NA,-0.102245479115156,NA,FALSE,NA,"10818/2549/8817/6654/2249/3265/5295/5290",NA,"Signaling by FGFR3 in disease",NA,NA,"mixed or incomplete"
"Reactome","Signaling by FLT3 ITD and TKD mutants","R-HSA-9703648",NA,"Signaling by FLT3 ITD and TKD mutants",NA,-0.94413817823978,NA,0.715161824408609,NA,-0.145595676386614,NA,FALSE,NA,"6776/5295/5290",NA,"Signaling by FLT3 ITD and TKD mutants",NA,NA,"mixed or incomplete"
"Reactome","Signaling by FLT3 fusion proteins","R-HSA-9703465",NA,"Signaling by FLT3 fusion proteins",NA,-1.06236777622385,NA,0.568616742338406,NA,-0.245180357100488,NA,FALSE,NA,"3265/399687/6776/5295/5290",NA,"Signaling by FLT3 fusion proteins",NA,NA,"mixed or incomplete"
"Reactome","Signaling by GSK3beta mutants","R-HSA-5339716",NA,"Signaling by GSK3beta mutants",NA,-2.05763566390189,NA,0.00275531491450419,NA,-2.55982875695178,NA,TRUE,NA,"5528/5518/139285/324/5526/5519/5515/1499/5525",NA,"Signaling by GSK3beta mutants",NA,NA,"mixed or incomplete"
"Reactome","Signaling by KIT in disease","R-HSA-9669938",NA,"Signaling by KIT in disease",NA,-1.67489631035586,NA,0.0412900760787671,NA,-1.38415431691802,NA,TRUE,NA,"3265/2534/6774/6776/6714/5295/3717/5290",NA,"Signaling by KIT in disease",NA,NA,"mixed or incomplete"
"Reactome","Signaling by Ligand-Responsive EGFR Variants in Cancer","R-HSA-5637815",NA,"Signaling by Ligand-Responsive EGFR Variants in Cancer",NA,0.930076241688424,NA,0.734041057157475,NA,0.134279647988212,NA,FALSE,NA,"1956/3320/6233/6464",NA,"Signaling by Ligand-Responsive EGFR Variants in Cancer",NA,NA,"mixed or incomplete"
"Reactome","Signaling by NODAL","R-HSA-1181150",NA,"Signaling by NODAL",NA,-0.926001689294395,NA,0.741002030130483,NA,-0.130180602178218,NA,FALSE,NA,"4087/92/5045/199699/7044/4089/5595",NA,"Signaling by NODAL",NA,NA,"mixed or incomplete"
"Reactome","Signaling by NOTCH1 HD Domain Mutants in Cancer","R-HSA-2691230",NA,"Signaling by NOTCH1 HD Domain Mutants in Cancer",NA,0.729494189570867,NA,0.925603369763206,NA,0.0335750729555055,NA,FALSE,NA,"182/6233/3714/28514",NA,"Signaling by NOTCH1 HD Domain Mutants in Cancer",NA,NA,"mixed or incomplete"
"Reactome","Signaling by NOTCH1 HD+PEST Domain Mutants in Cancer","R-HSA-2894858",NA,"Signaling by NOTCH1 HD+PEST Domain Mutants in Cancer",NA,-1.52533982158677,NA,0.0563373282551396,NA,-1.24920375286965,NA,FALSE,NA,"102/6907/51107/55294/6868/8841/8454/9611/1024/2648/9978/10014/9759/2033/55851/8850/3516",NA,"Signaling by NOTCH1 HD+PEST Domain Mutants in Cancer",NA,NA,"mixed or incomplete"
"Reactome","Signaling by NOTCH1 PEST Domain Mutants in Cancer","R-HSA-2644602",NA,"Signaling by NOTCH1 PEST Domain Mutants in Cancer",NA,-1.52533982158677,NA,0.0563373282551396,NA,-1.24920375286965,NA,FALSE,NA,"102/6907/51107/55294/6868/8841/8454/9611/1024/2648/9978/10014/9759/2033/55851/8850/3516",NA,"Signaling by NOTCH1 PEST Domain Mutants in Cancer",NA,NA,"mixed or incomplete"
"Reactome","Signaling by NOTCH1 in Cancer","R-HSA-2644603",NA,"Signaling by NOTCH1 in Cancer",NA,-1.52533982158677,NA,0.0563373282551396,NA,-1.24920375286965,NA,FALSE,NA,"102/6907/51107/55294/6868/8841/8454/9611/1024/2648/9978/10014/9759/2033/55851/8850/3516",NA,"Signaling by NOTCH1 in Cancer",NA,NA,"mixed or incomplete"
"Reactome","Signaling by NOTCH2","R-HSA-1980145",NA,"Signaling by NOTCH2",NA,0.956426302597526,NA,0.71012921424783,NA,0.148662620394992,NA,FALSE,NA,"4192/10046/3280/182/6233",NA,"Signaling by NOTCH2",NA,NA,"mixed or incomplete"
"Reactome","Signaling by NOTCH4","R-HSA-9013694",NA,"Signaling by NOTCH4",NA,-2.04941162282383,NA,0.00018064497120474,NA,-3.7431741238188,NA,TRUE,NA,"5690/102/51107/10213/5719/5685/5684/55294/5718/11047/8454/7979/5694/5717/5689/5701/2648/9978/5686/5709/2033/5691/5707/55851/8850/3516/59",NA,"Signaling by NOTCH4",NA,NA,"mixed or incomplete"
"Reactome","Signaling by NTRK2 (TRKB)","R-HSA-9006115",NA,"Signaling by NTRK2 (TRKB)",NA,-1.07262780503274,NA,0.547916389885302,NA,-0.261285708270741,NA,FALSE,NA,"3265/2534/1020/6714/5295/5290",NA,"Signaling by NTRK2 (TRKB)",NA,NA,"mixed or incomplete"
"Reactome","Signaling by NTRK3 (TRKC)","R-HSA-9034015",NA,"Signaling by NTRK3 (TRKC)",NA,-1.4512813178078,NA,0.170260930294164,NA,-0.7688849979816,NA,FALSE,NA,"3265/581/5802/6714/5295/5290",NA,"Signaling by NTRK3 (TRKC)",NA,NA,"mixed or incomplete"
"Reactome","Signaling by PDGFR in disease","R-HSA-9671555",NA,"Signaling by PDGFR in disease",NA,-1.60781328100329,NA,0.0653506519062369,NA,-1.18475007575185,NA,FALSE,NA,"5291/3265/57599/81608/6774/5295/5290/5156",NA,"Signaling by PDGFR in disease",NA,NA,"mixed or incomplete"
"Reactome","Signaling by RAF1 mutants","R-HSA-9656223",NA,"Signaling by RAF1 mutants",NA,-1.43038259575539,NA,0.11517494534508,NA,-0.938641985164589,NA,FALSE,NA,"5604/801/673/818/3265/408/5906/817/6714/3717/5595",NA,"Signaling by RAF1 mutants",NA,NA,"mixed or incomplete"
"Reactome","Signaling by RAS mutants","R-HSA-6802949",NA,"Signaling by RAS mutants",NA,-1.53708668363818,NA,0.0482820437401116,NA,-1.31621435484919,NA,TRUE,NA,"5604/801/673/818/3265/408/5906/817/8315/5037/6714/3717/5595",NA,"Signaling by RAS mutants",NA,NA,"mixed or incomplete"
"Reactome","Signaling by Receptor Tyrosine Kinases",NA,"R-MMU-9006934",NA,"Signaling by Receptor Tyrosine Kinases",NA,1.02208309968375,NA,0.782577614379085,NA,0.1064725792448,NA,FALSE,NA,"16775/20750/14178/12826/12833/26396/17937/12834/13874/20112/399558/319939/18553/18186/15234/18576/16453/17999/12832/12825/16923/12827/14158/21814/26362/58194/22601/11651/21827/67603/75778/14268/19165/20852/218397/19242/17346/13866/13858/59287/107568/20430/21826/26395/114715/68092/15461/18595/16206/11461/15382/20416/18791/11845/18754/216148/109905/26417/19164/330662/22339/242687/56716/18706/20779/80707/217169/227743/75717/53867/12540/18709/12814/16818/226548/56717/24064/22325/71785/15183/54401/14083/11465/14360/110651/11839/16416/18596/67903/14173/19342/102626/13654/19248/396184/18803/66290/16452","Signaling by Receptor Tyrosine Kinases",NA,NA,"mixed or incomplete"
"Reactome","Signaling by WNT in cancer","R-HSA-4791275",NA,"Signaling by WNT in cancer",NA,-1.76665668057303,NA,0.0127191768176113,NA,-1.89554099522358,NA,TRUE,NA,"54894/1487/5528/5518/139285/324/7855/6934/5526/5519/5515/1499/4040/80351/5525",NA,"Signaling by WNT in cancer",NA,NA,"mixed or incomplete"
"Reactome","Signaling by cytosolic FGFR1 fusion mutants","R-HSA-1839117",NA,"Signaling by cytosolic FGFR1 fusion mutants",NA,-1.77582876695188,NA,0.0367310203470713,NA,-1.43496700726734,NA,TRUE,NA,"399687/613/6774/6776/5295/5290",NA,"Signaling by cytosolic FGFR1 fusion mutants",NA,NA,"mixed or incomplete"
"Reactome","Signaling by high-kinase activity BRAF mutants","R-HSA-6802948",NA,"Signaling by high-kinase activity BRAF mutants",NA,-1.1761000873482,NA,0.402770764549751,NA,-0.394942060599829,NA,FALSE,NA,"5604/673/3265/408/5906/5037/6714/5595",NA,"Signaling by high-kinase activity BRAF mutants",NA,NA,"mixed or incomplete"
"Reactome","Signaling by moderate kinase activity BRAF mutants","R-HSA-6802946",NA,"Signaling by moderate kinase activity BRAF mutants",NA,-1.53708668363818,NA,0.0482820437401116,NA,-1.31621435484919,NA,TRUE,NA,"5604/801/673/818/3265/408/5906/817/8315/5037/6714/3717/5595",NA,"Signaling by moderate kinase activity BRAF mutants",NA,NA,"mixed or incomplete"
"Reactome","Signaling by phosphorylated juxtamembrane, extracellular and kinase domain KIT mutants","R-HSA-9670439",NA,"Signaling by phosphorylated juxtamembrane, extracellular and kinase domain KIT mutants",NA,-1.67489631035586,NA,0.0412900760787671,NA,-1.38415431691802,NA,TRUE,NA,"3265/2534/6774/6776/6714/5295/3717/5290",NA,"Signaling by phosphorylated juxtamembrane, extracellular and kinase domain KIT mutants",NA,NA,"mixed or incomplete"
"Reactome","Signaling downstream of RAS mutants","R-HSA-9649948",NA,"Signaling downstream of RAS mutants",NA,-1.53708668363818,NA,0.0482820437401116,NA,-1.31621435484919,NA,TRUE,NA,"5604/801/673/818/3265/408/5906/817/8315/5037/6714/3717/5595",NA,"Signaling downstream of RAS mutants",NA,NA,"mixed or incomplete"
"Reactome","Signalling to RAS","R-HSA-167044",NA,"Signalling to RAS",NA,0.720788889577676,NA,0.926882139148494,NA,0.0329754865369362,NA,FALSE,NA,"25759/6300/6464/53358",NA,"Signalling to RAS",NA,NA,"mixed or incomplete"
"Reactome","Somitogenesis","R-HSA-9824272",NA,"Somitogenesis",NA,-2.17776257469655,NA,0.000313674037601297,NA,-3.50352142581326,NA,TRUE,NA,"5690/10213/5719/5685/5684/5718/11047/7979/5694/5717/5689/5701/5686/5709/5691/5707/1499/3516",NA,"Somitogenesis",NA,NA,"mixed or incomplete"
"Reactome","Specification of the neural plate border","R-HSA-9834899",NA,"Specification of the neural plate border",NA,-0.967239353926572,NA,0.697032436162871,NA,-0.156747011688532,NA,FALSE,NA,"6657/5077/1499",NA,"Specification of the neural plate border",NA,NA,"mixed or incomplete"
"Reactome","Synthesis of bile acids and bile salts via 24-hydroxycholesterol",NA,"R-MMU-193775",NA,"Synthesis of bile acids and bile salts via 24-hydroxycholesterol",NA,-0.741781358918361,NA,0.996844603983326,NA,-0.00137253766881647,NA,FALSE,NA,"101502","Synthesis of bile acids and bile salts via 24-hydroxycholesterol",NA,NA,"mixed or incomplete"
"Reactome","Synthesis of bile acids and bile salts via 27-hydroxycholesterol",NA,"R-MMU-193807",NA,"Synthesis of bile acids and bile salts via 27-hydroxycholesterol",NA,-1.22676116803364,NA,0.63516315617156,NA,-0.197114701915124,NA,FALSE,NA,"101502/17977","Synthesis of bile acids and bile salts via 27-hydroxycholesterol",NA,NA,"mixed or incomplete"
"Reactome","Synthesis, secretion, and inactivation of Glucagon-like Peptide-1 (GLP-1)","R-HSA-381771",NA,"Synthesis, secretion, and inactivation of Glucagon-like Peptide-1 (GLP-1)",NA,-0.881504983252333,NA,0.775898124251083,NA,-0.110195298046064,NA,FALSE,NA,"6934/1499",NA,"Synthesis, secretion, and inactivation of Glucagon-like Peptide-1 (GLP-1)",NA,NA,"mixed or incomplete"
"Reactome","TFAP2 (AP-2) family regulates transcription of growth factors and their receptors","R-HSA-8866910",NA,"TFAP2 (AP-2) family regulates transcription of growth factors and their receptors",NA,1.11630051172045,NA,0.527755157437568,NA,0.277567513897649,NA,FALSE,NA,"1956/3815/7020/7039",NA,"TFAP2 (AP-2) family regulates transcription of growth factors and their receptors",NA,NA,"mixed or incomplete"
"Reactome","TGF-beta receptor signaling in EMT (epithelial to mesenchymal transition)","R-HSA-2173791",NA,"TGF-beta receptor signaling in EMT (epithelial to mesenchymal transition)",NA,1.12299029135306,NA,0.50618614318538,NA,0.295689747799842,NA,FALSE,NA,"7040/7046/6233/23370",NA,"TGF-beta receptor signaling in EMT (epithelial to mesenchymal transition)",NA,NA,"mixed or incomplete"
"Reactome","TGFBR3 expression","R-HSA-9839394",NA,"TGFBR3 expression",NA,-1.94399243270847,NA,0.00648345648417767,NA,-2.18819339971744,NA,TRUE,NA,"27327/4089/6938/26523/2033/27161/23112/6925/7049",NA,"TGFBR3 expression",NA,NA,"mixed or incomplete"
"Reactome","TICAM1, RIP1-mediated IKK complex recruitment","R-HSA-168927",NA,"TICAM1, RIP1-mediated IKK complex recruitment",NA,-0.945816176052448,NA,0.710235517356848,NA,-0.148597613354596,NA,FALSE,NA,"7323/7334/11035/1147/7321/7322",NA,"TICAM1, RIP1-mediated IKK complex recruitment",NA,NA,"mixed or incomplete"
"Reactome","TP53 Regulates Transcription of Cell Death Genes","R-HSA-5633008",NA,"TP53 Regulates Transcription of Cell Death Genes",NA,1.3657456834712,NA,0.19087367835281,NA,0.719253957066204,NA,FALSE,NA,"8795/8793/3486/64065/332/835/9540/1387/7161/637/55367/355/124446/51499/5366",NA,"TP53 Regulates Transcription of Cell Death Genes",NA,NA,"mixed or incomplete"
"Reactome","TP53 Regulates Transcription of Genes Involved in Cytochrome C Release","R-HSA-6803204",NA,"TP53 Regulates Transcription of Genes Involved in Cytochrome C Release",NA,-0.776832882005517,NA,0.86938622754491,NA,-0.0607872440032727,NA,FALSE,NA,"8626/27166",NA,"TP53 Regulates Transcription of Genes Involved in Cytochrome C Release",NA,NA,"mixed or incomplete"
"Reactome","TP53 Regulates Transcription of Genes Involved in G2 Cell Cycle Arrest","R-HSA-6804114",NA,"TP53 Regulates Transcription of Genes Involved in G2 Cell Cycle Arrest",NA,-0.958919216918098,NA,0.71012921424783,NA,-0.148662620394992,NA,FALSE,NA,"2033/25946",NA,"TP53 Regulates Transcription of Genes Involved in G2 Cell Cycle Arrest",NA,NA,"mixed or incomplete"
"Reactome","TRAF3-dependent IRF activation pathway","R-HSA-918233",NA,"TRAF3-dependent IRF activation pathway",NA,1.22722477634588,NA,0.395248078266946,NA,0.403130232970934,NA,FALSE,NA,"57506/89122/1387/7706/3661/7187/84282",NA,"TRAF3-dependent IRF activation pathway",NA,NA,"mixed or incomplete"
"Reactome","TRAF6 mediated IRF7 activation","R-HSA-933541",NA,"TRAF6 mediated IRF7 activation",NA,1.14946876714178,NA,0.472660098522167,NA,0.325451058841723,NA,FALSE,NA,"57506/89122/1387/7706/3661",NA,"TRAF6 mediated IRF7 activation",NA,NA,"mixed or incomplete"
"Reactome","TRAF6 mediated NF-kB activation","R-HSA-933542",NA,"TRAF6 mediated NF-kB activation",NA,0.944698517108632,NA,0.72712580348944,NA,0.138390443288694,NA,FALSE,NA,"57506/89122/7706/177",NA,"TRAF6 mediated NF-kB activation",NA,NA,"mixed or incomplete"
"Reactome","Tat-mediated HIV elongation arrest and recovery","R-HSA-167243",NA,"Tat-mediated HIV elongation arrest and recovery",NA,0.749408269073532,NA,0.929218882954287,NA,0.03188197334498,NA,FALSE,NA,"11198/51497/6921/5439/25920/5433/2963",NA,"Tat-mediated HIV elongation arrest and recovery",NA,NA,"mixed or incomplete"
"Reactome","Tat-mediated elongation of the HIV-1 transcript","R-HSA-167246",NA,"Tat-mediated elongation of the HIV-1 transcript",NA,0.683514103970274,NA,0.966327895420242,NA,0.0148754833063279,NA,FALSE,NA,"11198/51497/2068/6921/5439/25920/22916/5433/2963",NA,"Tat-mediated elongation of the HIV-1 transcript",NA,NA,"mixed or incomplete"
"Reactome","The NLRP3 inflammasome","R-HSA-844456",NA,"The NLRP3 inflammasome",NA,-1.41118346659765,NA,0.211098095959944,NA,-0.675515683877653,NA,FALSE,NA,"5027/3162/4791/4790/9051/10628",NA,"The NLRP3 inflammasome",NA,NA,"mixed or incomplete"
"Reactome","The role of Nef in HIV-1 replication and disease pathogenesis","R-HSA-164952",NA,"The role of Nef in HIV-1 replication and disease pathogenesis",NA,-0.977618742056455,NA,0.683686652715858,NA,-0.165142898538507,NA,FALSE,NA,"2534/164/9844/161/51606/1174",NA,"The role of Nef in HIV-1 replication and disease pathogenesis",NA,NA,"mixed or incomplete"
"Reactome","Tight junction interactions","R-HSA-420029",NA,"Tight junction interactions",NA,0.707066958734327,NA,0.943023197175996,NA,0.0254776240371987,NA,FALSE,NA,"5010/9076/24146/64398/10207/9071",NA,"Tight junction interactions",NA,NA,"mixed or incomplete"
"Reactome","Trafficking of GluR2-containing AMPA receptors","R-HSA-416993",NA,"Trafficking of GluR2-containing AMPA receptors",NA,-0.883126880545275,NA,0.77541779757942,NA,-0.110464235180976,NA,FALSE,NA,"5582/1175/5579/160/9463/2891/161",NA,"Trafficking of GluR2-containing AMPA receptors",NA,NA,"mixed or incomplete"
"Reactome","Transcription of E2F targets under negative control by DREAM complex","R-HSA-1362277",NA,"Transcription of E2F targets under negative control by DREAM complex",NA,-0.517851679869469,NA,0.999594149490278,NA,-0.000176294413859085,NA,FALSE,NA,"132660/4609/3065/4149",NA,"Transcription of E2F targets under negative control by DREAM complex",NA,NA,"mixed or incomplete"
"Reactome","Transcription of E2F targets under negative control by p107 (RBL1) and p130 (RBL2) in complex with HDAC1","R-HSA-1362300",NA,"Transcription of E2F targets under negative control by p107 (RBL1) and p130 (RBL2) in complex with HDAC1",NA,0.780467974162696,NA,0.872891233060725,NA,0.0590398683498748,NA,FALSE,NA,"4605/91750",NA,"Transcription of E2F targets under negative control by p107 (RBL1) and p130 (RBL2) in complex with HDAC1",NA,NA,"mixed or incomplete"
"Reactome","Transcription of the HIV genome","R-HSA-167172",NA,"Transcription of the HIV genome",NA,0.747009294164697,NA,0.948806577543983,NA,0.0228223132492533,NA,FALSE,NA,"11198/6879/6882/51497/2068/6878/2961/51616/6921/5439/2957/25920/22916/5433/2963",NA,"Transcription of the HIV genome",NA,NA,"mixed or incomplete"
"Reactome","Transcriptional Regulation by MECP2","R-HSA-8986944",NA,"Transcriptional Regulation by MECP2",NA,-1.12664518133124,NA,0.431854963129955,NA,-0.364662084871223,NA,FALSE,NA,"801/3065/2903/6446/6907/818/27327/2891/8841/9611/817/6657/26523/27161/23112/5728",NA,"Transcriptional Regulation by MECP2",NA,NA,"mixed or incomplete"
"Reactome","Transcriptional Regulation by NPAS4","R-HSA-9634815",NA,"Transcriptional Regulation by NPAS4",NA,-1.54971650182534,NA,0.0727488156634432,NA,-1.13817407251412,NA,FALSE,NA,"27327/6722/9500/405/1020/26523/27161/23112/5595",NA,"Transcriptional Regulation by NPAS4",NA,NA,"mixed or incomplete"
"Reactome","Transcriptional Regulation by VENTX","R-HSA-8853884",NA,"Transcriptional Regulation by VENTX",NA,-1.94213589408859,NA,0.00308684970183675,NA,-2.51048451572425,NA,TRUE,NA,"10393/8881/27327/1051/51433/64682/7321/29882/6934/4790/26523/29945/23112/1499/10919",NA,"Transcriptional Regulation by VENTX",NA,NA,"mixed or incomplete"
"Reactome","Transcriptional activation of mitochondrial biogenesis","R-HSA-2151201",NA,"Transcriptional activation of mitochondrial biogenesis",NA,0.77143922605997,NA,0.92728999577881,NA,0.0327844256494662,NA,FALSE,NA,"54205/5442/7019/1387/85441/23408/814/64216/5465/96764",NA,"Transcriptional activation of mitochondrial biogenesis",NA,NA,"mixed or incomplete"
"Reactome","Transcriptional regulation by small RNAs","R-HSA-5578749",NA,"Transcriptional regulation by small RNAs",NA,-1.22997796438264,NA,0.263418825515348,NA,-0.579353190933533,NA,FALSE,NA,"8337/8294/8359/3021/5440/8355/333932/5438/3020/8362/8348/5435/8344/5430/8368/5431/8363/8341/653604/27327/8331/8338/26523/27161",NA,"Transcriptional regulation by small RNAs",NA,NA,"mixed or incomplete"
"Reactome","Transcriptional regulation of brown and beige adipocyte differentiation","R-HSA-9843743",NA,"Transcriptional regulation of brown and beige adipocyte differentiation",NA,-0.975296789320451,NA,0.68632844100312,NA,-0.163468003856252,NA,FALSE,NA,"57459/9219/3065/83401/1107/1108/4089/4086/5931",NA,"Transcriptional regulation of brown and beige adipocyte differentiation",NA,NA,"mixed or incomplete"
"Reactome","Transcriptional regulation of brown and beige adipocyte differentiation by EBF2","R-HSA-9844594",NA,"Transcriptional regulation of brown and beige adipocyte differentiation by EBF2",NA,-0.975296789320451,NA,0.68632844100312,NA,-0.163468003856252,NA,FALSE,NA,"57459/9219/3065/83401/1107/1108/4089/4086/5931",NA,"Transcriptional regulation of brown and beige adipocyte differentiation by EBF2",NA,NA,"mixed or incomplete"
"Reactome","Transcriptional regulation of granulopoiesis","R-HSA-9616222",NA,"Transcriptional regulation of granulopoiesis",NA,0.784174937875053,NA,0.933005527406725,NA,0.0301157833541119,NA,FALSE,NA,"1026/5371/94239/2313/85236/51176/3017/2624/861/6886/8334",NA,"Transcriptional regulation of granulopoiesis",NA,NA,"mixed or incomplete"
"Reactome","Transcriptional regulation of pluripotent stem cells","R-HSA-452723",NA,"Transcriptional regulation of pluripotent stem cells",NA,-1.14214963871979,NA,0.454677270007056,NA,-0.342296756279279,NA,FALSE,NA,"2041/4089/5087/6657/6774/9314",NA,"Transcriptional regulation of pluripotent stem cells",NA,NA,"mixed or incomplete"
"Reactome","Transcriptional regulation of white adipocyte differentiation","R-HSA-381340",NA,"Transcriptional regulation of white adipocyte differentiation",NA,-1.49275099403841,NA,0.047647845319339,NA,-1.32195673378912,NA,TRUE,NA,"1052/1050/6907/84246/51003/6720/1051/8841/9969/1879/9611/10499/90390/9314/6721/1024/81857/4790/9968/2033/7480/9282/2167",NA,"Transcriptional regulation of white adipocyte differentiation",NA,NA,"mixed or incomplete"
"Reactome","Translation of Replicase and Assembly of the Replication Transcription Complex","R-HSA-9694676",NA,"Translation of Replicase and Assembly of the Replication Transcription Complex",NA,-0.957994255001101,NA,0.702119139530041,NA,-0.153589188083416,NA,FALSE,NA,"128866/27243/79643/7405/8678",NA,"Translation of Replicase and Assembly of the Replication Transcription Complex",NA,NA,"mixed or incomplete"
"Reactome","Translation of Structural Proteins","R-HSA-9694635",NA,"Translation of Structural Proteins",NA,-0.866727124498414,NA,0.846319888466901,NA,-0.0724654531106288,NA,FALSE,NA,"6732/55741/6484/25921/2931/3703/6483/746/79668",NA,"Translation of Structural Proteins",NA,NA,"mixed or incomplete"
"Reactome","Translocation of SLC2A4 (GLUT4) to the plasma membrane","R-HSA-1445148",NA,"Translocation of SLC2A4 (GLUT4) to the plasma membrane",NA,-1.74470329564903,NA,0.00485452877121516,NA,-2.31385292064649,NA,TRUE,NA,"7533/7531/4627/4218/5571/4012/53632/60412/10890/4641/55763/11127/80086/6810/10382/347688/4644/22920/7277",NA,"Translocation of SLC2A4 (GLUT4) to the plasma membrane",NA,NA,"mixed or incomplete"
"Reactome","Translocation of ZAP-70 to Immunological synapse","R-HSA-202430",NA,"Translocation of ZAP-70 to Immunological synapse",NA,-1.16855593825754,NA,0.460533683789498,NA,-0.336738599671434,NA,FALSE,NA,"919/3932/7535/26191/3127",NA,"Translocation of ZAP-70 to Immunological synapse",NA,NA,"mixed or incomplete"
"Reactome","Transport of Ribonucleoproteins into the Host Nucleus","R-HSA-168271",NA,"Transport of Ribonucleoproteins into the Host Nucleus",NA,1.37252784263783,NA,0.204019375450891,NA,0.690328586241604,NA,FALSE,NA,"10762/9883/55746/23636/11097/348995/23225/57122",NA,"Transport of Ribonucleoproteins into the Host Nucleus",NA,NA,"mixed or incomplete"
"Reactome","Triglyceride catabolism","R-HSA-163560",NA,"Triglyceride catabolism",NA,-1.19253531193125,NA,0.406468161457642,NA,-0.390973466908261,NA,FALSE,NA,"5501/5499/2167",NA,"Triglyceride catabolism",NA,NA,"mixed or incomplete"
"Reactome","Unfolded Protein Response (UPR)","R-HSA-381119",NA,"Unfolded Protein Response (UPR)",NA,-0.969244858058468,NA,0.732734271787162,NA,-0.135053494963025,NA,FALSE,NA,"8720/4189/6745/10525/4802/6734/9709/1649/27230/4000/153222/9114/1051/10130/2931/84447/9820/10113/7184/55062/9695/22872/5526/2081",NA,"Unfolded Protein Response (UPR)",NA,NA,"mixed or incomplete"
"Reactome","Uptake and actions of bacterial toxins","R-HSA-5339562",NA,"Uptake and actions of bacterial toxins",NA,1.07506736515078,NA,0.53274188761465,NA,0.273483154830123,NA,FALSE,NA,"118429/9900/3320/84168/6804/5605/6843/6857/7296",NA,"Uptake and actions of bacterial toxins",NA,NA,"mixed or incomplete"
"Reactome","VEGFR2 mediated cell proliferation","R-HSA-5218921",NA,"VEGFR2 mediated cell proliferation",NA,-1.70821476023386,NA,0.043058971961814,NA,-1.36593634322226,NA,TRUE,NA,"801/7422/3265/5580/5921/6714/3710/10768/3708",NA,"VEGFR2 mediated cell proliferation",NA,NA,"mixed or incomplete"
"Reactome","Vif-mediated degradation of APOBEC3G","R-HSA-180585",NA,"Vif-mediated degradation of APOBEC3G",NA,-2.10129102062902,NA,0.000413815040727954,NA,-3.38319372829947,NA,TRUE,NA,"8065/5692/5687/5704/6923/5690/10213/5719/5685/5684/5718/11047/7979/5694/5717/5689/5701/9978/5686/5709/5691/5707",NA,"Vif-mediated degradation of APOBEC3G",NA,NA,"mixed or incomplete"
"Reactome","Viral Messenger RNA Synthesis","R-HSA-168325",NA,"Viral Messenger RNA Synthesis",NA,1.18602871166887,NA,0.388964401294498,NA,0.410090144249662,NA,FALSE,NA,"10762/9883/55746/23636/11097/348995/5439/23225/57122/5433/2963/23279",NA,"Viral Messenger RNA Synthesis",NA,NA,"mixed or incomplete"
"Reactome","Viral mRNA Translation","R-HSA-192823",NA,"Viral mRNA Translation",NA,2.38895046879801,NA,2.13599611593406e-08,NA,7.67039954135787,NA,TRUE,NA,"6187/6130/6128/6228/6146/3921/6159/6129/6171/116832/6133/6218/6231/6230/6136/6224/6144/23521/6232/51121/6124/9045/6158/6189/6122/6233/6201/6170/6173/6235/6210/6204/6234/6205/6137/6141",NA,"Viral mRNA Translation",NA,NA,"mixed or incomplete"
"Reactome","Vpr-mediated nuclear import of PICs","R-HSA-180910",NA,"Vpr-mediated nuclear import of PICs",NA,1.46342554683031,NA,0.138157076619708,NA,0.859626864940899,NA,FALSE,NA,"10762/9883/55746/8815/23636/11097/348995",NA,"Vpr-mediated nuclear import of PICs",NA,NA,"mixed or incomplete"
"Reactome","Vpu mediated degradation of CD4","R-HSA-180534",NA,"Vpu mediated degradation of CD4",NA,-2.11643738625169,NA,0.00059140591514562,NA,-3.22811433604552,NA,TRUE,NA,"5687/5704/5690/10213/5719/5685/5684/5718/11047/7979/5694/5717/5689/5701/5686/5709/5691/5707",NA,"Vpu mediated degradation of CD4",NA,NA,"mixed or incomplete"
"Reactome","WNT5A-dependent internalization of FZD4","R-HSA-5099900",NA,"WNT5A-dependent internalization of FZD4",NA,0.780579539133776,NA,0.872891233060725,NA,0.0590398683498748,NA,FALSE,NA,"7474/5578",NA,"WNT5A-dependent internalization of FZD4",NA,NA,"mixed or incomplete"
"Reactome","XBP1(S) activates chaperone genes","R-HSA-381038",NA,"XBP1(S) activates chaperone genes",NA,-1.0405896547041,NA,0.558129649309246,NA,-0.253264906009815,NA,FALSE,NA,"4189/6745/10525/6734/27230/4000/9114/10130/2931/84447/9820/10113/55062/9695/22872/5526",NA,"XBP1(S) activates chaperone genes",NA,NA,"mixed or incomplete"
"Reactome","YAP1- and WWTR1 (TAZ)-stimulated gene expression","R-HSA-2032785",NA,"YAP1- and WWTR1 (TAZ)-stimulated gene expression",NA,0.945255919636211,NA,0.71012921424783,NA,0.148662620394992,NA,FALSE,NA,"1490/2626/1482",NA,"YAP1- and WWTR1 (TAZ)-stimulated gene expression",NA,NA,"mixed or incomplete"
"Reactome","ZBP1(DAI) mediated induction of type I IFNs","R-HSA-1606322",NA,"ZBP1(DAI) mediated induction of type I IFNs",NA,-1.11527417157474,NA,0.489827111132266,NA,-0.309957181054315,NA,FALSE,NA,"81030/11035/4792/1147/29110/4791/4790/23220",NA,"ZBP1(DAI) mediated induction of type I IFNs",NA,NA,"mixed or incomplete"
"Reactome","Zinc transporters","R-HSA-435354",NA,"Zinc transporters",NA,1.58586031710856,NA,0.117801669222493,NA,0.928848555652638,NA,FALSE,NA,"23516/7779/64116/55630",NA,"Zinc transporters",NA,NA,"mixed or incomplete"
"Reactome","Zygotic genome activation (ZGA)","R-HSA-9819196",NA,"Zygotic genome activation (ZGA)",NA,-0.780676539196085,NA,0.844305120167189,NA,-0.0735005770022575,NA,FALSE,NA,"10413/23318/284355/390245/79670/2033",NA,"Zygotic genome activation (ZGA)",NA,NA,"mixed or incomplete"
"Reactome","cGMP effects","R-HSA-418457",NA,"cGMP effects",NA,-1.18747114687893,NA,0.431773645093104,NA,-0.364743869968317,NA,FALSE,NA,"5593/27345/3708",NA,"cGMP effects",NA,NA,"mixed or incomplete"
"Reactome","eNOS activation","R-HSA-203615",NA,"eNOS activation",NA,0.775373621878158,NA,0.877257142857143,NA,0.0568730869588793,NA,FALSE,NA,"3320/6697/23576",NA,"eNOS activation",NA,NA,"mixed or incomplete"
"Reactome","rRNA modification in the nucleus and cytosol","R-HSA-6790901",NA,"rRNA modification in the nucleus and cytosol",NA,1.85823640082245,NA,0.00180858082068206,NA,2.7426620789997,NA,TRUE,NA,"6187/51504/114049/25926/27341/1736/6201/10813/88745/51077/55127/55623/115939/55505/92856/79050/9790/9277/27042/10528/11056/65083/55226/6194/22984/10199/11103/5822/57647/10607/51202/54433/9136/27292/4809/51118",NA,"rRNA modification in the nucleus and cytosol",NA,NA,"mixed or incomplete"
"Reactome","rRNA processing in the mitochondrion","R-HSA-8868766",NA,"rRNA processing in the mitochondrion",NA,1.80267441904494,NA,0.0164653140964343,NA,1.7834299801633,NA,TRUE,NA,"29960/81554/51335/285367/60528/26995/9692/22868/79922/130916/55178",NA,"rRNA processing in the mitochondrion",NA,NA,"mixed or incomplete"
"Reactome","tRNA Aminoacylation","R-HSA-379724",NA,"tRNA Aminoacylation",NA,0.757344627670001,NA,0.931586107345424,NA,0.0307769966811629,NA,FALSE,NA,"79587/55157/7453/23395/57176/57038/57505/5859/4141/79731/5464/55699/8565/7407/124454/23438/10056",NA,"tRNA Aminoacylation",NA,NA,"mixed or incomplete"
"Reactome","tRNA modification in the nucleus and cytosol","R-HSA-6782315",NA,"tRNA modification in the nucleus and cytosol",NA,1.7717030345745,NA,0.00774675250911073,NA,2.11088031851946,NA,TRUE,NA,"51504/127253/115708/81890/23536/79691/10785/84267/24140/54901/57604/57570/55253/55644/348180/4234/112858/84520/63892/54974/113179/221078/9836/55621/91801/51605",NA,"tRNA modification in the nucleus and cytosol",NA,NA,"mixed or incomplete"
"Reactome","tRNA processing","R-HSA-72306",NA,"tRNA processing",NA,1.75996612459075,NA,0.00216571214061734,NA,2.66439926887849,NA,TRUE,NA,"10762/9883/51504/55746/54913/23636/11097/11260/127253/115708/81890/60528/23536/11102/348995/10775/9692/79691/10785/84705/84267/80746/116461/55006/24140/23225/54901/57122/55687/57604/25821/57570/55253/55644/348180/23279/4234/112858/339487/283742/9818/10799/84520/63892/54974/113179/221078/283989/10248/9836/55621/91801/10556/51605/10557",NA,"tRNA processing",NA,NA,"mixed or incomplete"
"Reactome","tRNA processing in the nucleus","R-HSA-6784531",NA,"tRNA processing in the nucleus",NA,1.46178809832832,NA,0.064922395964346,NA,1.18760546088996,NA,FALSE,NA,"10762/9883/55746/54913/23636/11097/11260/60528/11102/348995/10775/80746/116461/23225/57122",NA,"tRNA processing in the nucleus",NA,NA,"mixed or incomplete"
