"entrezgene_id","stat"
"3481",63.0603660158279
"4514",61.2167154824276
"8614",61.0401821730021
"4513",59.3472555646775
"5478",56.3599502132577
"4538",55.6637526318331
"754",54.6494759831393
"2547",53.6998317613082
"1012",52.9685296051662
"4508",52.0732541135521
"1282",51.9748132678144
"9805",50.4852230265738
"4288",50.3818972586966
"10618",48.5584491511603
"1294",48.0242671882118
"6187",47.3517937178537
"1490",46.920863960025
"4512",45.6719520946063
"4539",45.2152023201138
"10642",42.0937358796505
"293",41.8817848748204
"29128",41.7546745147934
"4535",41.6338013538962
"4519",41.5576867498241
"6130",41.4804728687641
"5054",41.3564755847339
"1284",41.345487603033
"164284",41.264689155997
"55714",41.0175892384349
"10410",40.802854333616
"23089",40.2404981941651
"79144",40.2190295073319
"6128",40.2018864167535
"10460",39.9926518327307
"894",39.1180309312818
"104",38.1736559952747
"4192",37.9751341179791
"1301",37.9464432184615
"1293",37.8453528829499
"3778",37.658346163758
"3371",37.4310823299596
"23353",37.4207401055488
"90861",37.331081652122
"2303",37.2318542403587
"162394",36.8388291285248
"221935",36.6475310535245
"1622",36.5812106268133
"60312",36.5805643506718
"81552",36.2258575867022
"8933",36.1624528625072
"2273",36.0791036495629
"4008",35.9958545509186
"285855",35.8801015043039
"23705",35.7195670523524
"4638",35.5829817790579
"4237",35.5526578479786
"4540",35.475872339879
"6727",35.4519049585906
"26147",35.2358101031012
"54908",35.1577643734534
"27122",34.8860627748296
"125058",34.5980483856127
"10602",34.4886996119297
"2321",34.4824839098348
"8795",34.3821518608706
"54919",34.0335954913177
"5018",34.0088940901051
"57493",33.9367450988147
"6228",33.9167475207931
"10762",33.7780290440413
"328",33.748555900384
"84247",33.7041536025538
"2150",33.6016013557447
"4869",33.4805959156256
"771",33.3883851232432
"2739",33.3659835779462
"6146",33.3404256912227
"11343",33.3300181188358
"114991",33.1899065322566
"3133",33.0876752799498
"7919",33.0121409345523
"1026",32.9298911236651
"57506",32.8837843000852
"7070",32.7640850197122
"8728",32.7504249413692
"7520",32.5440825198067
"5137",32.4736184869385
"966",32.4554142221266
"493",32.3855174309131
"955",32.2356022658417
"57574",32.2321473312671
"3189",32.1989830885857
"1292",32.1501209122796
"114794",32.0690171783058
"1676",31.901546779088
"80727",31.8510256989731
"6567",31.8463731070081
"140576",31.6128724513643
"302",31.6064666435488
"9265",31.5024779220558
"5591",31.4466158117628
"9590",31.3763214923602
"5270",31.3367940545037
"90411",31.3036657309059
"1153",31.240953935599
"8237",31.1874278319283
"23420",31.1695937100169
"2195",31.1462185675487
"10226",31.1217923943397
"64710",31.0834974546776
"7837",31.0621637313196
"7474",30.9533771362702
"100131755",30.9204894119793
"63901",30.8282653635723
"56265",30.8243832965865
"3921",30.7118445192238
"57136",30.4707369868009
"9883",30.4605743687385
"11130",30.3920890556736
"55744",30.3496722917545
"6241",30.3091797240702
"29997",30.229593213123
"9240",30.19752957489
"54443",30.1652431021038
"285761",30.0854033526574
"9787",30.0630988029402
"1854",30.0252606188986
"23645",29.954715346423
"2736",29.9539177549228
"7138",29.9452958046152
"9749",29.9116400579031
"25793",29.8808785224325
"55033",29.8480626337046
"3875",29.7810344872318
"2201",29.7778519393887
"6091",29.7615186199147
"146664",29.6645018910774
"119",29.6311905364657
"27102",29.6305171007777
"55147",29.4379727557639
"8793",29.4376273094516
"9697",29.3749360242011
"745",29.287292497699
"5116",29.1917230564605
"5872",29.1913096379323
"701",29.1825475558234
"80212",29.1654892151281
"22998",29.1210855881466
"3984",29.0419745162014
"1545",29.0233012946974
"79672",28.968701497882
"51665",28.9669460739758
"3486",28.9080897140162
"103",28.8451757826597
"79085",28.8129675490026
"55893",28.799161442081
"9351",28.7729816595084
"81792",28.7241997337332
"10652",28.7233231488386
"3151",28.7041768013766
"3897",28.6953017554607
"6159",28.6507956649743
"114801",28.543093592046
"84310",28.5243957321645
"3801",28.4593267947218
"10174",28.4010492254036
"6129",28.3809551660089
"7378",28.3727123016609
"9537",28.3671097549535
"1476",28.2271704070921
"51203",28.1998481104976
"5425",28.1659449381005
"3959",28.1230224348408
"7076",28.1151602249389
"10916",28.0887083498352
"100101267",28.0699037681259
"55859",28.0667705662953
"64770",28.0662193776289
"221927",28.029704435101
"26156",27.9420952011797
"51435",27.9288735986588
"1663",27.9069286795241
"4267",27.89232953206
"2010",27.8426325515837
"10147",27.8034400014908
"11222",27.7900993725333
"84823",27.7617834655205
"3609",27.7075997343056
"22974",27.573518301507
"5817",27.5538307127665
"214",27.5098123271965
"1075",27.5012440889195
"4059",27.4728608289993
"1956",27.447617402554
"5329",27.4425787088788
"11198",27.4221949532685
"8479",27.3983566748154
"114908",27.3614089493179
"6171",27.2944186766693
"441518",27.2784692629616
"84901",27.15681087857
"3624",27.1558011426806
"55536",27.1388511497237
"64065",27.1190982665378
"286223",27.0791155687408
"54863",27.0251776729861
"55351",26.989497541418
"79778",26.971723664788
"3219",26.960077078753
"64411",26.9524971732049
"5214",26.884540007213
"79649",26.864404631326
"3654",26.8526123942011
"201254",26.8008183550784
"344558",26.7945446908026
"55355",26.6935467784939
"1021",26.6925048170419
"3895",26.6472684219153
"29960",26.5980343912171
"4833",26.5886745983203
"143888",26.588665960841
"397",26.5863127592656
"54205",26.5779812412856
"9180",26.5003224570482
"6594",26.4818649809161
"374946",26.4421909475108
"23509",26.437939764888
"976",26.4221118268284
"3428",26.3863623068075
"344148",26.3602095029505
"1471",26.321552655944
"1643",26.3156302059592
"57522",26.3068319830418
"3454",26.3007611403032
"116832",26.2824040143025
"56917",26.2792356654714
"9469",26.2467182572202
"9656",26.2404173902769
"25894",26.2207154806939
"203286",26.1677055858969
"64110",26.1113801251833
"9019",26.1041562955149
"146909",26.0811961003882
"58986",26.0414251178789
"51495",26.026896881492
"79786",25.9766263155842
"55075",25.9589420052777
"5217",25.9088074782968
"54606",25.8907813728583
"9824",25.8418203602001
"51512",25.8104646595009
"55670",25.8079950088527
"80381",25.7983747989607
"6672",25.7973167074212
"53838",25.759855428866
"54753",25.7510187211836
"401474",25.7322205994502
"79017",25.6605973305656
"4017",25.6022988953658
"513",25.570887665409
"26278",25.560003693836
"1829",25.5580325798803
"51142",25.556254988855
"80023",25.4921542793583
"80700",25.4843082975338
"6282",25.4811092796088
"116372",25.473490570294
"1063",25.4511224463229
"55002",25.446013845354
"6879",25.4368374490349
"80003",25.4364528977872
"84733",25.4207526284835
"115908",25.3832918279754
"83700",25.3719450080486
"1635",25.3699097385412
"55568",25.3668066565043
"23076",25.347108123426
"53827",25.3157925489772
"51280",25.2833675372805
"9734",25.2497756625516
"23560",25.2274922332396
"10486",25.2062017490885
"221150",25.1855736723811
"9895",25.1756588410272
"55627",25.0876858116113
"23108",25.0845751684485
"10168",25.063900721844
"151011",25.0555352018695
"142",25.0525955540954
"6541",25.0317864245627
"8379",24.9988761606691
"4179",24.991045677252
"728661",24.9825299791306
"10079",24.9563804175449
"80152",24.9518413680683
"84798",24.9262528249053
"169611",24.9104813514811
"11083",24.9099786397497
"134265",24.9037468815402
"56731",24.8893045310054
"196",24.8778275551727
"8492",24.8478673549019
"64969",24.8428890514853
"131870",24.8378011450058
"55165",24.814163152125
"5010",24.7563042948873
"84284",24.7426663442722
"11135",24.7317382337179
"4698",24.7219877453206
"6133",24.7208930844831
"6050",24.7206697946873
"26011",24.6679246261252
"79623",24.6617151718222
"1291",24.6553139908131
"9263",24.6273941054145
"64220",24.6200832844822
"64399",24.5757001479476
"55038",24.5487878051037
"4907",24.5385624421366
"55101",24.5354516036627
"83987",24.5336410533384
"148137",24.5265774208186
"10036",24.52261983108
"51504",24.5169211633444
"339230",24.4831551929469
"51332",24.4720310631838
"5307",24.411369822068
"1514",24.3965590052632
"23336",24.3880339148068
"3833",24.3587684007469
"3315",24.3544914383891
"4710",24.3455438343614
"567",24.3377159522806
"100507436",24.3207879040826
"2987",24.3101754119088
"23677",24.2999570204332
"2034",24.2470841095098
"375790",24.246989626541
"6949",24.2365007497943
"3460",24.2079119268725
"84302",24.1839841663932
"10497",24.169784812233
"51300",24.1546018551035
"348235",24.1403050375811
"3945",24.136484883748
"23141",24.1352886880511
"9518",24.1110270398399
"54434",24.0966300449704
"10046",24.0903681113609
"79890",24.0709843163942
"26071",24.0519969504971
"1122",24.0482646599043
"84515",24.0311683335773
"7262",23.9947962937068
"55872",23.9825134371998
"54989",23.9744113054446
"6611",23.9712066969977
"113523636",23.9707837823443
"9858",23.9639540028675
"1288",23.9211215400917
"54749",23.914022511744
"57473",23.9015648795469
"1349",23.8620857767736
"37",23.8253539213775
"53834",23.8176362217076
"9907",23.8038235102715
"79875",23.7973698083131
"23270",23.7900801067308
"246243",23.7456043695383
"79901",23.7281896525949
"392617",23.7254032899572
"10615",23.7027989285832
"10687",23.6564146587915
"11245",23.6375131149028
"57693",23.609824998702
"55333",23.596491103364
"5836",23.5922571071421
"4605",23.5893263373613
"79701",23.586635958311
"4312",23.5865432750145
"56776",23.5838621382054
"55771",23.5817006395313
"159090",23.5644480471539
"55672",23.552528301022
"9491",23.5449954998345
"376267",23.5226583142749
"114884",23.5203408990642
"6294",23.5156163445374
"1002",23.5137644982015
"114049",23.5090022300959
"6218",23.4743885934905
"332",23.4700000530433
"1832",23.4632751101571
"221937",23.4221541994775
"3856",23.3875995456257
"586",23.3112593676173
"4537",23.3063674594335
"91607",23.2864710996154
"7818",23.2813442926424
"55746",23.279208074383
"9401",23.279098782545
"5965",23.1997215278089
"144455",23.1926783208063
"837",23.1646212237288
"3149",23.1535144017477
"23107",23.1475054969419
"3975",23.1013820451061
"6941",23.0841442493089
"23351",23.0494189593217
"6452",23.0354574278447
"1846",23.0143106849788
"8824",22.9866671694591
"5610",22.9614449586315
"50512",22.9442883569439
"57704",22.9337965963761
"58486",22.9143323404812
"1400",22.9127389242434
"2175",22.9088147609029
"6637",22.8609275389008
"81892",22.8473880270919
"8815",22.8445577002088
"26470",22.8414329671426
"133",22.809330299978
"54058",22.808652769745
"25927",22.7902800479343
"653784",22.764287685226
"118429",22.7390008482319
"2635",22.7360268837838
"147841",22.7350589293215
"285268",22.7158756968444
"57082",22.6916851352589
"79680",22.6860078244147
"55769",22.6859974212713
"10231",22.6834439993373
"79073",22.6761448477982
"7508",22.6614822383782
"54918",22.656275431092
"85395",22.6431478012535
"64098",22.6418072871691
"6422",22.6262029622729
"90480",22.6170541152968
"23043",22.6050746722188
"10024",22.5929291378907
"10617",22.5708570660581
"55173",22.5675223985847
"6666",22.5594889359303
"140688",22.5252805400875
"64427",22.5234448192485
"81831",22.518957293049
"8031",22.5145372725323
"64283",22.4700290599429
"9945",22.4569585080261
"6231",22.4496248319752
"22995",22.4472304947246
"9833",22.4434803531935
"539",22.4323788616789
"80336",22.3881300289607
"5442",22.366625284755
"84918",22.3630404985821
"9315",22.3621699366265
"7040",22.3574599036339
"92667",22.3424986391204
"23180",22.3413709592939
"6726",22.3059630141968
"7593",22.2826311831694
"54946",22.2784322335391
"6230",22.2754614405968
"9232",22.222178259934
"64857",22.2093391014581
"10783",22.1677695562943
"55041",22.1635878917972
"682",22.1507673695112
"259266",22.1314288108125
"79581",22.1285973569467
"83982",22.1043529882364
"55215",22.0763980693099
"55835",22.0763582376282
"10241",22.0759379522222
"26258",22.0594857780495
"6136",22.0324817324413
"4694",22.0320724059998
"114932",22.0261080539644
"8853",22.0258012772389
"85364",22.0011410066771
"83858",21.9671913420709
"359845",21.962812678322
"56978",21.9523609400512
"1806",21.9376230351663
"84959",21.8735463464121
"54751",21.855262755087
"2121",21.8546442385009
"3676",21.8473912994071
"51117",21.8419632167329
"1951",21.8352001027286
"3976",21.8030770076663
"23102",21.799484546512
"58499",21.7978262508704
"9900",21.7848718875585
"112495",21.7848297873272
"51283",21.7717184130134
"57226",21.7662271199594
"23361",21.7427263584838
"55028",21.7422617214274
"54811",21.7244094437077
"7275",21.7220670313256
"6899",21.7105377190479
"29123",21.6958908335963
"79016",21.6864068944517
"51287",21.6774684398883
"7388",21.6763629491645
"4502",21.6725500658572
"84262",21.6551422806385
"22873",21.6327737403391
"2802",21.6209673882538
"5879",21.6047495932601
"55806",21.6005785430772
"165918",21.5986573644338
"64780",21.592646364788
"140885",21.5895193335074
"81554",21.5575082916319
"3488",21.5471681284975
"57381",21.5432624175855
"3178",21.5359131286946
"79894",21.5273920100941
"321",21.5233532286049
"387914",21.5004020642779
"201292",21.4900571577959
"6224",21.4571093665213
"56896",21.4533072904762
"2990",21.4528590029443
"64759",21.4270038276809
"11227",21.4102633057431
"23231",21.4030593762402
"2887",21.3832914163592
"9270",21.3641337262125
"2290",21.3554000818015
"23780",21.3151430913642
"3755",21.3060933677077
"129642",21.2828795225823
"64781",21.2561140143615
"1719",21.2540718755381
"273",21.2349534630392
"90135",21.2194869469718
"55625",21.2039851169237
"2305",21.2032052482153
"9909",21.181995279207
"7132",21.1738333435836
"25926",21.1726001306906
"3912",21.1702198079372
"22861",21.1626439685558
"23731",21.1400995763595
"55323",21.123495884027
"79172",21.1028625492465
"1936",21.1021109090589
"699",21.0650143149272
"55143",21.0500041847273
"1004",21.0464698648796
"84668",21.041862729025
"27341",21.0293413043626
"348654",21.0274633055302
"5371",21.0172285619647
"26032",21.0161341700218
"54913",21.0104870541198
"7374",21.0096733167169
"93109",21.0088947583623
"11120",20.9991567017008
"27158",20.9971828545545
"10475",20.9849365351613
"81888",20.9675968491513
"64760",20.9555478951812
"9586",20.9496508534031
"1345",20.9319234073455
"57456",20.9290843767139
"80179",20.9282042246954
"9411",20.9037914563343
"3910",20.8962836327407
"6882",20.8952373058291
"7851",20.8727922645241
"203447",20.863809770987
"268",20.8330482190848
"80709",20.8239121853131
"7216",20.8202066199219
"23158",20.8179766276565
"23266",20.8073060778258
"9414",20.7997548466999
"2304",20.7919524340551
"60488",20.7844308493139
"7267",20.7777609055993
"7559",20.7772993473382
"22885",20.7726485473025
"79968",20.7724198119199
"9603",20.7603329216021
"93145",20.7565030453723
"51669",20.7472092503249
"29777",20.7127694736131
"55588",20.6625310294702
"2995",20.6410587721498
"143",20.6080147751476
"9556",20.5885159558119
"100131017",20.5696205670629
"1687",20.5683824157425
"9267",20.5575245285703
"113130",20.5573987860591
"2342",20.552398870556
"11098",20.5511406826442
"64745",20.5411124156783
"83931",20.5204288930951
"58493",20.5049535662914
"4885",20.4920924157874
"63895",20.4864045400036
"1969",20.484465468361
"3304",20.4796072558876
"203069",20.4721933513521
"26271",20.4634027478993
"84978",20.4616622587693
"56967",20.4519039560285
"7390",20.4348964811333
"79083",20.4257953153697
"3320",20.4240878360947
"138050",20.4226759246883
"6144",20.413189617198
"85363",20.4116468210124
"57698",20.3944567534725
"92737",20.3896653496116
"9238",20.3868713404663
"8763",20.3765662943192
"23306",20.375956052087
"388115",20.3653327447405
"284459",20.3549149028909
"9672",20.3525097527893
"2720",20.3377062097376
"9928",20.335575366994
"26167",20.319887199929
"121512",20.3041730563824
"3280",20.3030063405419
"10561",20.2799671315781
"27092",20.2766922277369
"26164",20.2662805662037
"57674",20.2373281369371
"131566",20.2245284702319
"25825",20.2228783723954
"51253",20.2014632571367
"9187",20.2008088433916
"9156",20.1949664129217
"1915",20.1927289549186
"7019",20.18153167146
"26053",20.1714917442392
"2151",20.1706240993753
"3269",20.1679976116419
"57661",20.1444468857276
"51312",20.1130850825092
"6100",20.1048166033654
"51020",20.0937798038452
"284266",20.0753957414587
"6150",20.0728459504141
"5327",20.0451604184054
"27346",20.0373939998436
"57157",20.0080776851371
"5209",19.9970325517244
"4725",19.9937426597479
"7297",19.9807750066629
"51199",19.9780654288767
"7074",19.9515945211815
"4615",19.9352742660869
"63922",19.9337309484329
"57568",19.9221389773752
"2801",19.9203972285546
"55037",19.917381414337
"8525",19.8969594872621
"835",19.8824884466647
"388561",19.8584135191287
"5889",19.8485935833692
"29058",19.843453697529
"59284",19.8423568885099
"64975",19.8279181662934
"3705",19.8275550490617
"2189",19.8167677001082
"7975",19.8137567181995
"51335",19.8107198222893
"5793",19.7940116289052
"23636",19.7920445458551
"9123",19.7765765146246
"65980",19.7687052634413
"197342",19.7511820934198
"9540",19.7447329265198
"389136",19.7272054030519
"7545",19.7250855434039
"81875",19.7130653952665
"54865",19.7102043253038
"27297",19.7087158528557
"541578",19.691588325721
"4325",19.6732178773916
"57062",19.6732105075698
"55668",19.6708796741449
"150468",19.6705148024207
"25758",19.6668009944813
"56940",19.6401678359298
"8975",19.6395793106498
"51652",19.6302810119839
"6515",19.6253071795227
"79966",19.5937304507029
"11178",19.5914817184598
"57580",19.5817648953983
"80772",19.5757599490279
"25792",19.5691511406773
"3141",19.5074105609645
"357",19.5038387267302
"92002",19.4902644898889
"27147",19.4848643134914
"9583",19.4512714948055
"23432",19.4486188375016
"11097",19.4460361881822
"23184",19.4338700793086
"5880",19.4198643376752
"199990",19.4009268293028
"1827",19.3966775749304
"54733",19.386175601107
"56005",19.3756563712889
"79664",19.3681855655915
"168455",19.3655660402636
"128308",19.3596926111832
"22822",19.3520019514025
"8394",19.3516012658063
"5770",19.3484994304994
"57602",19.3404036571427
"55755",19.3265139032142
"8091",19.3089816647009
"8323",19.3064395427754
"25994",19.3060404392822
"94239",19.2928215673428
"6232",19.2865872680386
"223117",19.2842398237893
"23521",19.2668146072937
"5578",19.2644457437075
"55619",19.2570010091732
"3106",19.2394185304177
"54876",19.2337561845249
"54504",19.2335869640183
"51634",19.2251541553035
"9875",19.2082971298937
"5210",19.2012207523468
"26240",19.2005156763914
"51293",19.1992870501112
"9455",19.1950736691763
"157285",19.1836586567291
"84969",19.1704310069062
"1535",19.1653163992438
"5089",19.1637217072452
"23051",19.1375234522758
"100101467",19.1252407208794
"79924",19.1072531188878
"23741",19.0914672422301
"55635",19.0816326973176
"54906",19.0761650820164
"79707",19.0479985750827
"5806",19.0432044423698
"93487",19.0399097997082
"493869",19.039318824308
"8910",19.0379181416093
"4061",19.014655915928
"5818",18.9937809922107
"23428",18.9790933184347
"149111",18.9539524518662
"79414",18.9424556166706
"3899",18.9411821099385
"56133",18.9392005115319
"10365",18.9371051660524
"2000",18.9341276306795
"9923",18.9134116431944
"3236",18.9094710374594
"64689",18.9031284451686
"83690",18.8938830839161
"54868",18.8698422452959
"23221",18.8672638929261
"130574",18.8575829765412
"63898",18.8454303990604
"1604",18.8435338053822
"113201",18.8393793300266
"89941",18.8348105021088
"57464",18.8335443864337
"51121",18.8242920793708
"57820",18.8196547687303
"79587",18.8180805704658
"439921",18.7924927181883
"375743",18.7911859647696
"4188",18.7890197590105
"636",18.787413432438
"116840",18.7829576869803
"55841",18.769822281385
"92675",18.7620898322256
"51768",18.756351736364
"51309",18.747707178624
"7675",18.7468876257062
"1773",18.7369452605386
"3150",18.7223210864556
"2686",18.7182783106393
"55148",18.7112428214506
"8912",18.7107687605122
"9128",18.7093708934041
"10795",18.7087794790597
"10776",18.6970596848604
"79145",18.6845686390343
"57106",18.670914651145
"8884",18.6686966104702
"4616",18.6685071930568
"5205",18.6593365702402
"79155",18.6538849841241
"51018",18.6496727374739
"22994",18.6482333888256
"51318",18.6326401760657
"9553",18.5983441949725
"55506",18.596724536764
"29089",18.5879758786829
"9915",18.5816840347016
"80022",18.5689924033196
"157",18.5684735021205
"6838",18.5565247826258
"133418",18.5538123473665
"5589",18.5525087365285
"26469",18.5513760408808
"132299",18.5451368786692
"6491",18.5442685366285
"83872",18.5438691730072
"10732",18.5294129194507
"63933",18.5248917289137
"7693",18.518940993594
"908",18.5176251415803
"84141",18.4885825459762
"1306",18.4847815023951
"55157",18.4813123623235
"5792",18.4774589438904
"54809",18.4746076392462
"285367",18.4593414844547
"286",18.4564386738945
"8558",18.4520724162975
"80279",18.4498819364975
"2791",18.4490703554733
"23310",18.4391700503907
"8567",18.4257843178964
"84792",18.4232720420086
"284001",18.368692958431
"25936",18.3652331081506
"64772",18.3596975096574
"5359",18.3549711491854
"387263",18.346154478982
"79794",18.3443002532574
"9100",18.3397181742772
"56951",18.3296184568838
"6124",18.3284199792965
"27242",18.3271560355949
"84752",18.3262195617935
"65981",18.3250174159142
"221895",18.3235511116259
"2760",18.3165748175131
"29980",18.3138986018178
"91544",18.3134849943434
"266727",18.3077653913004
"221749",18.3070066095319
"107987457",18.2918799291279
"5891",18.2682304922216
"9060",18.2651615479438
"27183",18.2520357467851
"11164",18.2397258281448
"9045",18.2373956870351
"158293",18.2308992504155
"3696",18.2189343773901
"81926",18.2152630957625
"55142",18.1938119288102
"644",18.1933308392442
"113419",18.1774845889259
"4088",18.1759663843674
"57619",18.1755501481712
"7748",18.1748466906438
"129787",18.1683666086344
"54476",18.1648203426172
"79648",18.1564291514896
"22909",18.1409623177041
"8061",18.1403386029726
"23312",18.1081020542487
"348110",18.1048646378336
"85460",18.0855674651183
"81576",18.0826845766483
"127281",18.0709443843646
"7035",18.0541771869527
"84268",18.0482881648541
"6891",18.0479774411838
"90639",18.042501781586
"4038",18.0364104716953
"79415",18.0313603196602
"5395",18.020748529232
"89891",18.0175766900626
"64430",17.9977560773582
"1774",17.9914094509343
"10449",17.9773821504658
"6546",17.9626474482596
"55183",17.9586175205237
"55320",17.9476514241639
"6919",17.9436366815451
"204",17.9410751973746
"4521",17.9409418367095
"3835",17.93930583737
"2139",17.9341466548276
"81610",17.9328494534655
"123811",17.9180187366591
"93349",17.8905901904019
"23384",17.886138859857
"9117",17.883017576552
"130576",17.88282917147
"51566",17.8778848081309
"23015",17.8661861720603
"127703",17.8635499399908
"8776",17.8621748965118
"8863",17.8581891706607
"10346",17.842253884115
"89122",17.8361339126857
"7551",17.8318896442587
"84365",17.829950580944
"25909",17.8248704211804
"84260",17.8176110021963
"27089",17.8168158869131
"285498",17.8067265071977
"9052",17.8026607439071
"148979",17.7900760842482
"55691",17.7891002385058
"55316",17.7640042107703
"840",17.7630342029218
"83986",17.7529419799859
"57542",17.7391187016626
"56339",17.7383880844382
"9781",17.7298000822551
"57407",17.7289447619968
"3675",17.7186738443682
"64393",17.7169763634028
"55973",17.7102278540802
"94122",17.7031095322057
"54386",17.7015723405672
"5587",17.6908519749332
"64221",17.688844397354
"79674",17.6692822992851
"89781",17.6671260950994
"9651",17.666140949864
"4293",17.6570173594445
"23406",17.6502136105391
"11091",17.6467992847316
"51550",17.6387487243543
"79772",17.6355796018409
"26123",17.6294579898467
"9319",17.6222412953851
"51196",17.6177254915877
"91272",17.6155584872538
"23516",17.61412658791
"6272",17.6101991973593
"11224",17.6097951314783
"122416",17.6012610093652
"10385",17.5944193977442
"3931",17.593714497396
"7105",17.5886591200426
"1789",17.5882381426889
"6867",17.5877914083296
"57494",17.5862481059052
"444",17.5813514485677
"51330",17.5783492941886
"8407",17.5627421479488
"610",17.5490973488496
"2591",17.5407232880759
"4548",17.5352270787602
"54478",17.5267898156272
"54898",17.5263480757171
"4711",17.5219092457552
"148252",17.5192847986577
"7552",17.5187952421033
"22863",17.5153672750441
"221830",17.5133177555428
"90313",17.5097750255517
"84221",17.496357382561
"25759",17.4959784614515
"514",17.4938130981243
"4536",17.489784816194
"56479",17.4828858700316
"374887",17.4750663711165
"55643",17.4741627477711
"79719",17.4643058330714
"5831",17.4631349770531
"23405",17.4617270498554
"54859",17.4551148967562
"10572",17.4532247851785
"51075",17.4496715973481
"81928",17.4467801247585
"85301",17.4368859951561
"1387",17.416913898345
"83695",17.4149366459634
"93323",17.4134128079653
"2313",17.3963543340412
"57611",17.3913588962562
"51246",17.3891835686645
"57575",17.378862579657
"286128",17.376690594982
"284307",17.3720155685503
"3337",17.3667095964922
"25805",17.3625145399517
"55930",17.3465170384881
"25824",17.3459811233623
"60626",17.3453861864721
"91624",17.338529101816
"84498",17.335583380144
"28974",17.3281094660022
"29767",17.3278028359841
"54069",17.32559435
"7626",17.3247395734762
"8886",17.3221929805231
"1948",17.3206425983778
"6509",17.3146076276937
"26173",17.3075376243782
"65265",17.2938874447604
"113026",17.2884777881849
"123096",17.2696607151637
"65010",17.2662275846706
"283209",17.2651712744168
"8566",17.2583186025308
"93134",17.2526455187495
"7161",17.245573292562
"1906",17.2209571088123
"55159",17.2110336980986
"6769",17.2050333820767
"4676",17.1924616394781
"84168",17.1902313816651
"79980",17.1807429058163
"2618",17.1779290634761
"8625",17.1778903873359
"339448",17.1752444042567
"51449",17.1715211754515
"55739",17.1675301463134
"7289",17.1635496371954
"2239",17.1588170483217
"8677",17.1564271557266
"114787",17.1433450811468
"7779",17.1343087746321
"7046",17.1141862249786
"23526",17.1113969786915
"66000",17.0976387324188
"83742",17.080931133762
"7057",17.0723430182334
"5178",17.0712750981096
"1182",17.0709821487003
"22925",17.0642930295123
"5829",17.057093441278
"387521",17.0450868980008
"7760",17.0353012834337
"2312",17.0311620311289
"2770",17.0307087083644
"57216",17.0272309968954
"740",17.0268242349344
"4356",17.0234862310618
"8682",17.0223921285464
"5789",17.0082869914169
"27316",16.9893129835363
"27075",16.9887150581136
"127253",16.9869004182587
"4173",16.9769437269828
"221955",16.965298803365
"54955",16.964911335894
"541565",16.9623929036644
"9388",16.9576613567421
"7433",16.9486988412448
"4232",16.9478981122177
"2250",16.9461792898502
"284309",16.9433169407499
"4277",16.9423413364823
"11260",16.9387047506706
"22981",16.9312606553806
"55662",16.9199615032134
"8906",16.9163091089254
"79080",16.909716700074
"2073",16.9094166576673
"117145",16.9081524840656
"7627",16.9074154786159
"79047",16.9065295330889
"126321",16.8950572276185
"22801",16.8907593655648
"90226",16.8832837527208
"115708",16.8754254415284
"92715",16.8687754379926
"6418",16.8536010386952
"51490",16.8368431060659
"23052",16.835330411934
"144501",16.8304178289394
"79036",16.8028122376338
"55270",16.8016725672377
"63979",16.7992513915141
"8665",16.7884880865436
"8125",16.7766372806697
"960",16.75720459459
"22836",16.7567393392645
"79101",16.7550979822714
"81890",16.7438298810577
"80346",16.7340274686973
"6773",16.7333067376089
"2040",16.7227075713945
"8629",16.7205049182443
"57707",16.7157973165702
"81620",16.7052230159185
"284217",16.7027813227258
"55970",16.6975279720475
"1287",16.6940605560768
"286451",16.6920015653672
"6804",16.6864072590075
"7586",16.6816102861247
"55137",16.6768654214688
"255928",16.6753892702937
"140691",16.6738579541218
"23300",16.6654845283059
"387597",16.6639567588803
"5152",16.6576556295492
"84624",16.6471682478959
"90338",16.6452543763901
"619279",16.6449948763203
"3772",16.6433051286974
"2564",16.6370553321774
"85236",16.6354101983281
"2495",16.6353710123431
"7582",16.6332692170946
"1845",16.6219007247878
"51497",16.619644480188
"4350",16.6170639475353
"84717",16.5996676088811
"100131897",16.5913544408969
"1808",16.5755449672684
"154807",16.5667688088634
"1347",16.5638283688835
"6695",16.5598953753876
"8140",16.5579804337889
"55690",16.5557011823246
"5293",16.5417724642698
"23593",16.5357032447621
"80178",16.5304480983737
"54458",16.5238838388565
"11270",16.5200600162583
"5324",16.5173931315598
"29080",16.5166449067062
"10082",16.5139590040875
"10544",16.4846554642283
"54793",16.4787236069682
"6273",16.4786905390469
"26586",16.4765461134888
"55695",16.4540770178693
"9341",16.4362833437115
"1820",16.4147518232992
"5062",16.4116736944376
"81493",16.3957371385447
"109",16.3937213428702
"91612",16.3921481947957
"3588",16.3907095367258
"7205",16.3839820326709
"151246",16.3719611050437
"970",16.369978848825
"257194",16.3667238812596
"11284",16.3641644725947
"27286",16.3593475395538
"10142",16.3586685790835
"51011",16.3447405817053
"4330",16.3314821992299
"55720",16.3188068472321
"112483",16.3186939124362
"140465",16.3117269006218
"23150",16.3052185604698
"9786",16.3044046744787
"51181",16.2947174145976
"10810",16.2886131242776
"4326",16.2873202504787
"9738",16.2782022408497
"7596",16.27100060577
"64764",16.2650837677626
"10763",16.2558743977068
"339175",16.2532642175875
"3608",16.246559828175
"6158",16.245470944557
"79616",16.2443183015407
"9823",16.2361118865707
"11278",16.228917705859
"6617",16.2273581553609
"9194",16.2227340775556
"3712",16.2195575844536
"80008",16.218488116209
"83692",16.2014325707146
"6299",16.1999634305288
"10234",16.1894217515383
"55701",16.1877279705696
"8225",16.1792900203922
"283431",16.1770024955142
"7428",16.1715525570374
"80174",16.1629809204173
"100533183",16.1421294473567
"4678",16.1288072357787
"55971",16.1279181960564
"4157",16.1260664928579
"89927",16.1215468340963
"11078",16.1208390736543
"151887",16.1118422968542
"55278",16.083583105497
"84319",16.0726151004924
"27301",16.0697738177713
"56975",16.0688804460492
"26108",16.0640091302139
"8470",16.0583784871745
"6189",16.0579026317864
"8110",16.0547947891192
"64651",16.0467104843135
"7517",16.0450105495021
"6790",16.036228380042
"147495",16.0344289486837
"57221",16.0336996699748
"60528",16.0325584486599
"2621",16.0284888573689
"22858",16.0214198904308
"8314",16.0161098743749
"7746",16.0064233072541
"10921",15.9959535546909
"55778",15.9933419709591
"22870",15.9900976901452
"79888",15.989999112322
"51232",15.9734515088392
"80304",15.9721758460029
"221710",15.9610622084701
"9612",15.9468810547579
"2735",15.945730599939
"9830",15.9455607755678
"9175",15.9249545972983
"125061",15.9177517612034
"388969",15.8983678611554
"6118",15.8897865974303
"6715",15.8846975631061
"22943",15.8805123380394
"148206",15.8768025690566
"283643",15.8710528883194
"91433",15.8660062760511
"79134",15.8468135242565
"1141",15.8447857280938
"8930",15.8437737757513
"285550",15.8433032634051
"5069",15.8311134294852
"5326",15.8293179742265
"23536",15.8288548096386
"2519",15.8138782282379
"642475",15.8120482730918
"55055",15.8081942527868
"182",15.8032550998495
"83540",15.7898462443135
"57228",15.7822035925713
"3930",15.7719778831105
"1191",15.7625509687372
"22879",15.7439835456788
"79780",15.7407519324241
"58478",15.7404975841103
"79091",15.7398318441245
"51523",15.735566688133
"170622",15.7260918963939
"79801",15.7253022677013
"55022",15.7226130795396
"55711",15.7220876685714
"80781",15.7160899245951
"54892",15.7091520064477
"52",15.7090646056221
"9891",15.699002376434
"153478",15.6985082046476
"128061",15.6953340806811
"91768",15.6913455691222
"11102",15.6736072261822
"79038",15.6626964272208
"54947",15.6598308222917
"3815",15.6559016185715
"2850",15.6495095376858
"3872",15.6454218002026
"91975",15.6410767205289
"56271",15.639353738382
"348995",15.6278840795366
"11118",15.6124126011801
"1979",15.6082856997172
"53615",15.6055105651671
"5797",15.6011728249133
"26155",15.6004824458669
"23354",15.6003532964028
"57343",15.5930717178598
"26995",15.5873639416133
"9837",15.5814276868957
"84547",15.5808347865811
"6542",15.5804975314373
"1802",15.5730634855367
"400506",15.5714091729867
"56675",15.5655029076437
"133584",15.562056086695
"6196",15.5541110581308
"9422",15.5371305342659
"65003",15.5366522983373
"6894",15.5347460915333
"23660",15.5324728201991
"26048",15.5318992520139
"3431",15.522255448611
"414",15.5140448823284
"4047",15.4631120700859
"9140",15.4504378581401
"3575",15.4482192582843
"55343",15.4434346301286
"84436",15.4413923038131
"55225",15.4355847238419
"123720",15.4205185314298
"3183",15.4194971634232
"389114",15.4130598078769
"2237",15.406865785099
"79611",15.4037538527369
"80830",15.4036530690714
"79728",15.3933463051409
"284184",15.393064248882
"10558",15.3896926766686
"55191",15.386841740724
"79048",15.3855706912076
"990",15.379357855638
"144193",15.3789196510943
"26002",15.377941816047
"23357",15.3754225178721
"7158",15.3641869690583
"460",15.3519066903469
"79682",15.3380209057231
"22852",15.3281475653634
"7025",15.3176282884355
"9647",15.3155657524946
"7775",15.3137339424194
"9620",15.3009922301372
"84878",15.292993577643
"79143",15.2845512428451
"7468",15.2828894933204
"9941",15.2812266640631
"79086",15.2664000829334
"56938",15.2626323586951
"284004",15.2600636377063
"3338",15.2596607043077
"10055",15.248717416319
"8798",15.2446411063462
"65124",15.24325452051
"1299",15.2426096587428
"134147",15.2377946299336
"6122",15.237695132845
"28986",15.2326828600577
"55009",15.2238631009042
"23362",15.2224219599426
"220134",15.216599626648
"56928",15.2093375532684
"2176",15.2025864768692
"51053",15.2025649291917
"2119",15.195341648502
"54801",15.1799815092132
"29886",15.1790715741314
"5527",15.1750523218933
"81029",15.1520083141195
"60526",15.1457487239775
"54332",15.1318601625472
"1508",15.1318222427756
"25871",15.1239106934231
"10965",15.1152114688432
"10775",15.1108040012655
"3838",15.1089336822297
"2068",15.1021094710171
"4023",15.090596991444
"64782",15.0897296994752
"126792",15.0842232369695
"1841",15.0657799287846
"57185",15.0619476117783
"83590",15.053709407788
"347862",15.0468342133078
"11335",15.0460754837422
"24145",15.0460526650047
"4144",15.0445616606362
"197335",15.0417895546244
"11014",15.0411463758738
"23288",15.0345564136234
"7637",15.0336333956244
"64963",15.023284296704
"10302",15.0108201946899
"10157",15.0079287872337
"91752",15.0078741488801
"10105",14.9962675396878
"93100",14.9918790054202
"83606",14.99054507279
"5468",14.9884877365587
"8934",14.9773089723526
"7772",14.966804048514
"9692",14.9650706787349
"51427",14.9579707433774
"2491",14.9504683444395
"375035",14.9443976947864
"84298",14.9416046357277
"79175",14.9411092351598
"23245",14.9395564529545
"9328",14.9375729788052
"3756",14.9368689219557
"3832",14.9305309736572
"8406",14.9257962103374
"26010",14.9214857529081
"6341",14.9143415360797
"55026",14.9121398593154
"7572",14.9101502493342
"10078",14.9082047805825
"2653",14.9081609033539
"7745",14.9009248793084
"79815",14.8997253819421
"80176",14.8948913777155
"2177",14.8819896353117
"205",14.8813777873513
"84908",14.8798275766356
"10782",14.8793261309195
"64116",14.8599400999892
"54741",14.8515413349155
"3911",14.8458574196246
"9889",14.8457211355316
"3977",14.8443247620262
"80223",14.8433547660169
"55117",14.8433258792479
"100129361",14.831245248192
"54625",14.822790236108
"26140",14.8224572445688
"55900",14.8161920458613
"9557",14.810114370529
"8675",14.8082772981019
"9321",14.8065477251375
"201799",14.7980892950578
"57631",14.7975349925975
"55765",14.7874391596283
"6904",14.7851002817879
"1337",14.7809459207044
"11099",14.7796185422024
"78996",14.769753613447
"54101",14.7659105417908
"23658",14.7533726492834
"51200",14.747163508237
"28991",14.7366178118647
"10825",14.7335070338278
"1736",14.7321735056286
"5613",14.7271082463291
"1295",14.71793413343
"51255",14.714971849435
"51249",14.7145638342312
"11167",14.7090386549014
"1267",14.7001213293431
"84294",14.6846352131267
"51176",14.6802014736356
"6510",14.6691417190424
"4830",14.6681695511213
"7516",14.6659809522379
"10038",14.6632930226317
"8829",14.6632531730792
"5908",14.6602994284199
"84173",14.6570699588852
"124045",14.656640777923
"655",14.6561376997589
"55630",14.6542974584677
"163126",14.648958688888
"85012",14.6451303398806
"51409",14.6354331706998
"8508",14.6342281681928
"55223",14.6263604626104
"94121",14.6234348006537
"10520",14.6124962658767
"55504",14.6095461960813
"3707",14.6084040975104
"6201",14.6069885004724
"92092",14.6066910410394
"7692",14.5855266355946
"126328",14.5756249397206
"7272",14.5720854507349
"290",14.5705835385941
"51149",14.5639231464537
"84056",14.5630878807276
"6612",14.5523498192475
"23163",14.5490881903037
"85352",14.5420427532012
"84679",14.5370969199187
"23386",14.5312207290655
"7327",14.5242507467707
"57405",14.5149073106156
"8481",14.5114583704417
"79744",14.5065946230622
"730051",14.5045204445323
"9424",14.5001359511348
"1612",14.492602496932
"11119",14.4892172716236
"116983",14.4888110581539
"6233",14.478489520604
"5192",14.478015304506
"135398",14.469606623632
"8702",14.4659387651507
"85441",14.4656798581091
"2067",14.4561318460407
"51567",14.455054088418
"3459",14.4403070822744
"55035",14.4401430755411
"8971",14.4397744830203
"8801",14.4350280700365
"2626",14.434216445115
"23463",14.419768140271
"1382",14.413399942483
"1876",14.4103846195389
"1464",14.4049921428473
"3017",14.3942230431793
"170689",14.3940577970013
"54465",14.3837799810601
"114818",14.3787741684808
"83743",14.375059954097
"114984",14.3741512824084
"55114",14.3704918876312
"1060",14.3696285988499
"27338",14.3683904122746
"54982",14.3656846679147
"390927",14.3578294616134
"3566",14.3572034271374
"83857",14.3519464656699
"9466",14.347129095983
"100505876",14.3351148481795
"79962",14.3321892911746
"55304",14.3270423260978
"57761",14.3202221726894
"373156",14.319739664256
"2738",14.318260075675
"57128",14.3111840076124
"4170",14.3088398095558
"87178",14.3052529104284
"6170",14.3049469834266
"57805",14.3049294043582
"79642",14.2997273976742
"64067",14.288463814311
"6650",14.2781510281969
"51186",14.2750300826952
"196513",14.2696168622949
"221662",14.2694920619386
"55616",14.2590027586038
"79691",14.2582201527707
"26268",14.2530074257374
"7581",14.2508233866934
"8226",14.2503053468936
"10124",14.2472671389468
"23704",14.2464449271814
"26507",14.24248326654
"25870",14.2424068020278
"22869",14.2417844891968
"23408",14.2379211645951
"2043",14.2233955081658
"123606",14.2195754067171
"100133941",14.2185174708867
"83596",14.2095428109055
"2624",14.2060363501347
"23204",14.1978647396112
"9894",14.1949365589413
"644538",14.1818455715176
"80329",14.1751846991438
"10094",14.1743211626696
"115703",14.1733141954369
"55964",14.1703294976277
"6443",14.16553569676
"64118",14.1634608472958
"5365",14.1621296949322
"149478",14.1592271772805
"6455",14.1556486561903
"84914",14.1520091351974
"22900",14.1500100182536
"65080",14.1439708973985
"6878",14.123992521227
"100132247",14.1233169399326
"81539",14.1166732392706
"6563",14.110004783866
"22877",14.1012860715224
"5826",14.0964580665062
"814",14.0914980990453
"7172",14.0914433065531
"255252",14.0895096142034
"10813",14.0830856424239
"79661",14.0712156932396
"57587",14.0649427860896
"5939",14.058691123145
"10620",14.056238306278
"5754",14.0557393074043
"84866",14.0532188878995
"148022",14.0469145206081
"23042",14.0443317857211
"1821",14.0405499958776
"81579",14.0302503402472
"257415",14.0171247864549
"8227",14.0138011137819
"79188",14.0108010761711
"54998",14.0029904410345
"23178",13.9976605767341
"9275",13.9942375178243
"79720",13.9938877757335
"958",13.9790180626982
"3949",13.9787252962194
"4824",13.9701829702786
"54680",13.96857263212
"79027",13.9657905898435
"55347",13.9640978757891
"146712",13.9575754351858
"7486",13.9549034774455
"9529",13.9540744483825
"124411",13.9534787973003
"661",13.9458233084653
"6641",13.9431585323745
"3858",13.9391726423362
"9842",13.9378787394609
"80335",13.9377422642809
"11226",13.9311784991746
"55329",13.9296859796729
"79710",13.9280587513324
"65110",13.9278157326269
"3075",13.9269046466378
"84671",13.916921077693
"84131",13.9136689691849
"10966",13.9121350903746
"55246",13.9107594462834
"7752",13.9008583774048
"3485",13.8998852442852
"283635",13.8921670198022
"64983",13.8842032308215
"440270",13.8839195285508
"219855",13.8838938958548
"81689",13.8819826699024
"8263",13.8753207940561
"2961",13.8751451621911
"283578",13.8729289400174
"84725",13.8723769638787
"672",13.8689695493518
"9592",13.8676339753975
"5998",13.8596548610107
"57414",13.8580122629772
"84939",13.8571580707429
"25959",13.8551480618203
"387103",13.8499660189758
"1763",13.849925358585
"164091",13.8493319834777
"84902",13.8485283965623
"57120",13.8447844670863
"8745",13.8413891462489
"222236",13.8382316712539
"1947",13.8360739265543
"5873",13.8332399323301
"285753",13.8242201548988
"55863",13.8218170930486
"163882",13.8153067751024
"50863",13.8133777393991
"147687",13.8124757746586
"6671",13.8047840422037
"168374",13.8026443852604
"51088",13.797333730562
"10780",13.7969770927147
"2012",13.7968141078537
"7706",13.7930894085132
"23272",13.7866182334373
"7083",13.7824287026372
"1482",13.7623570865703
"3913",13.7543698746172
"60436",13.7414556825598
"84986",13.7341675650338
"79850",13.7341360373773
"64946",13.7338134053364
"284565",13.732450362307
"79590",13.7308582511241
"1716",13.7141118370269
"3775",13.7128330408914
"63941",13.7114439029104
"54776",13.7081916707604
"55839",13.7070931637325
"51281",13.7070631039571
"55615",13.7040400183402
"84919",13.6951841232584
"11279",13.6898172956499
"2803",13.6833615042208
"81488",13.6810825103897
"203259",13.6781140299494
"10152",13.6769353295182
"57593",13.6749887225149
"24138",13.6571004203668
"339229",13.6567296313542
"55118",13.6489709229171
"9527",13.6475684359772
"4193",13.6436792029044
"5924",13.6364671643314
"585",13.6336229056516
"26751",13.6263650437846
"7270",13.6262812092061
"80153",13.6231305691138
"84317",13.6223748563454
"23514",13.617316677851
"90624",13.6149994835439
"57553",13.6050149783423
"85414",13.6031852718299
"6320",13.5989479490036
"7764",13.594597298963
"10244",13.5940950800893
"4738",13.5882123022838
"55239",13.5868335152965
"246184",13.585876250753
"10391",13.5700461512132
"23326",13.5673419039549
"28988",13.559613129722
"81853",13.5519365630018
"29090",13.5481647019836
"9878",13.5434722064876
"220064",13.5425386271841
"84266",13.5402824100306
"1429",13.5401039741779
"54531",13.5347925060563
"26284",13.5323894744733
"4595",13.5304086356718
"22882",13.5238359781964
"118460",13.5220135645803
"79637",13.5206000398099
"8458",13.5096515095618
"54107",13.506175974097
"221496",13.501666461051
"831",13.4986974148177
"10956",13.4975054998507
"90007",13.4895067506261
"90871",13.4866887560715
"10785",13.4800674825854
"122509",13.4786980466875
"994",13.4779402569695
"91664",13.4773198511128
"9679",13.4733021405763
"7099",13.4661949904913
"1889",13.4653721217171
"387882",13.4628870933627
"81858",13.4627942066041
"51204",13.4624101662651
"25807",13.461500770986
"9798",13.4610808893048
"5660",13.457486133217
"4010",13.4353487977318
"162972",13.4270088366619
"7013",13.4242768222642
"84464",13.4143821954185
"54328",13.4090785528423
"25941",13.4041394231859
"84267",13.3986389146674
"79943",13.3971493635242
"5420",13.3957647670381
"10635",13.3934683195436
"7453",13.3915240081915
"55654",13.3898406598007
"56034",13.3888724157159
"26574",13.378751459267
"1033",13.3606703858402
"7020",13.3543326871605
"3914",13.3535299317319
"283899",13.3514610052056
"57594",13.3512160504972
"552889",13.350026328376
"10392",13.3395088411238
"64801",13.3392079145036
"1848",13.3387198244152
"23541",13.325330208059
"56648",13.3250480916236
"84705",13.3243690079977
"60559",13.3215046540173
"64216",13.3163850134531
"139886",13.3082738250243
"8754",13.3082163714627
"27185",13.3064012907922
"8816",13.3040763358397
"10488",13.2913285441711
"256051",13.2898700804878
"79899",13.2750861488762
"90233",13.2720261196051
"6041",13.2614461943482
"10395",13.2535792343997
"51272",13.2506696248243
"10933",13.2417412380878
"139231",13.2370285858453
"10069",13.2318590643134
"55224",13.2288154592774
"4240",13.2270596552019
"412",13.1872446628445
"89890",13.1842599786203
"7039",13.1837762785471
"22868",13.179120793012
"9486",13.171327529504
"54470",13.1692859875525
"6606",13.1690850439459
"9493",13.1673505611605
"4509",13.1654551670921
"56255",13.1460904610143
"51175",13.1440251201693
"84532",13.1426514360891
"63915",13.1343753209388
"6624",13.1340970735582
"57129",13.1311216023235
"51310",13.1308037355502
"3228",13.1286340745344
"55795",13.1274504760009
"201725",13.1228195283906
"3671",13.1210038280659
"1353",13.1179410698633
"253769",13.1176596441629
"25932",13.1155886436509
"54537",13.1050292898957
"55632",13.0983045219566
"1745",13.097485604375
"90333",13.0941849993833
"5649",13.0922942140229
"339123",13.0886470736866
"91300",13.0870645774053
"9551",13.0857139471407
"127933",13.0852812911118
"10040",13.0836643783303
"6173",13.0832524707772
"55738",13.0740332886294
"79738",13.0731742589826
"22795",13.0696899558586
"7832",13.0661378102754
"11253",13.0603310815382
"154",13.0593138539845
"23416",13.059166098676
"57480",13.04851248408
"64750",13.045382332044
"7753",13.0447611653109
"389813",13.0361784894823
"220869",13.0285906073777
"80233",13.0281876897152
"54991",13.0278953241865
"4534",13.0199322242004
"64375",13.0182728117596
"5122",13.0000645821081
"80856",12.9959445778989
"30836",12.9955105079199
"2941",12.9913278998658
"3059",12.9908034763722
"151636",12.9835393663688
"7739",12.9785962633194
"57156",12.9737914713174
"100289635",12.9683393028726
"253143",12.9662126499139
"85474",12.9566218459163
"729991",12.9513033163531
"9076",12.9435257830019
"84107",12.9428983496581
"89932",12.9427092755424
"10068",12.9396780774542
"4717",12.9378090877028
"27300",12.9360170454426
"55017",12.9335606093809
"6744",12.9211062120717
"57585",12.9174323290104
"55824",12.911677798407
"9662",12.9093979994896
"1129",12.9013521780488
"23657",12.9002102119899
"2149",12.9000155394095
"115704",12.8998054970163
"51339",12.8998031335225
"59283",12.8977723619331
"221092",12.8963885460337
"54623",12.8962673026723
"10076",12.891682778757
"79443",12.8908852889735
"6300",12.8902728853385
"57189",12.8855037090126
"29126",12.8820670579512
"148398",12.8815045795979
"22847",12.8744974460023
"5325",12.8642826932948
"4854",12.8641043472703
"56849",12.8636176973917
"5865",12.8619523467984
"3927",12.8551431280235
"10518",12.8550701046775
"203427",12.852561978435
"4152",12.8473746618296
"148423",12.8430959125098
"11158",12.8409756406003
"339761",12.8382251310529
"8650",12.8327415730434
"25913",12.8317828309009
"55526",12.8292342007759
"4741",12.824712252488
"6235",12.8238268747731
"10671",12.8237386328823
"7570",12.8178930125224
"7416",12.8101599796892
"159371",12.8097052816598
"222962",12.8090496222896
"875",12.8046300535616
"51187",12.8016616094214
"90139",12.7971709899937
"55665",12.7932396972333
"643988",12.7873898665379
"81848",12.7823677252583
"54841",12.7805339664693
"734",12.7779897412016
"83468",12.7745204678071
"128239",12.7733017687128
"645369",12.7687226529823
"10806",12.7668509965374
"91582",12.7637773855289
"63967",12.7597305730574
"56267",12.736854197929
"5310",12.7364200104034
"163732",12.7340447546088
"258010",12.7334003732308
"7114",12.7314761973753
"221178",12.7262161264706
"88745",12.7255428582409
"170958",12.7243532663125
"11169",12.7237999499482
"55317",12.7231643449508
"51112",12.7188616857432
"2971",12.7150935502533
"6492",12.7118218293523
"84002",12.6994943187654
"54093",12.6976993284171
"401397",12.6972414874693
"59349",12.6967388782884
"147694",12.6950201380279
"9652",12.691460745755
"1933",12.6869663915674
"201965",12.6802449264358
"10555",12.6752028987193
"2178",12.6690129265914
"5547",12.6675476404129
"28978",12.6628235833743
"653319",12.6600704078584
"7091",12.6519000590087
"23113",12.6499528662867
"2086",12.6463134966996
"4001",12.6422708585209
"284371",12.6395527496438
"9334",12.6340630984906
"122616",12.6337749200291
"90637",12.6290503993229
"6210",12.6285138820401
"5819",12.6274802189127
"79174",12.6266832043177
"162966",12.625404114439
"26153",12.622991962815
"124359",12.62256502437
"29920",12.61851540929
"80820",12.6167014210361
"51765",12.6101994903643
"55072",12.6089837187282
"55814",12.6014607686477
"58538",12.6011140674708
"84886",12.5994904478037
"56033",12.5990481449101
"2232",12.5969512649949
"6936",12.5969133723858
"442213",12.5957403348158
"5638",12.5948207610431
"135228",12.5895887013709
"79789",12.586098300845
"10807",12.5828905812184
"347902",12.5819935704307
"112849",12.5693273790248
"8310",12.5608065198871
"1289",12.5518973266504
"65260",12.5486633853477
"6697",12.5428280046524
"93436",12.5416890410445
"80746",12.5412378037174
"147808",12.5347173911016
"55556",12.531934195646
"27336",12.5294531738907
"54850",12.5252283923718
"79600",12.5251021116982
"55847",12.5243598622711
"10970",12.5200792427826
"27154",12.5138733246004
"79930",12.5133442431143
"56906",12.5105398920198
"10924",12.5095331728041
"1163",12.5089879842251
"1801",12.5067764781295
"6119",12.5048144144065
"101410538",12.502021214923
"25966",12.501344144203
"64327",12.493509197397
"8434",12.4906261954258
"80745",12.4891208547217
"65251",12.4869160565819
"158135",12.4856693260275
"55871",12.4829501911478
"64773",12.4808392165792
"10570",12.478848414566
"7726",12.4741045820534
"80742",12.4709308686962
"84645",12.4707286547848
"9950",12.4702696111178
"84058",12.4696030391224
"9442",12.4683608792056
"4842",12.4659507867591
"5465",12.4595931341883
"51077",12.4592477000662
"8727",12.4524237635991
"80209",12.4523522759081
"55051",12.447133416898
"135114",12.4416405000677
"11154",12.4335780190905
"29015",12.4303017848475
"84851",12.4170182216926
"55201",12.4168765901607
"177",12.4166488898989
"2669",12.4132173909088
"160518",12.4125668218917
"1512",12.4103267040025
"3364",12.4069864512381
"92595",12.4054827903469
"55634",12.4017332379494
"91661",12.3980032779995
"96764",12.3933866091241
"165324",12.3915047754625
"5984",12.3858802703997
"10947",12.3827517550036
"3682",12.3791801927981
"374986",12.3685955293668
"84449",12.3638577431515
"27148",12.3605847638662
"29903",12.3601636514928
"415",12.3553886557762
"197320",12.3538599651396
"7866",12.3471764981682
"119016",12.3454968194783
"5605",12.345443554885
"26354",12.3394584680674
"1534",12.3382099638185
"56160",12.3377997408161
"26277",12.3364334634524
"3915",12.3315657331057
"84334",12.3262437383754
"116254",12.3230545003197
"4650",12.3191380407955
"57687",12.3177961613448
"81844",12.3132484954436
"51148",12.3108450308813
"6664",12.3102475381134
"220",12.3043305177412
"49854",12.304323276651
"4852",12.2918908811354
"27295",12.291562216217
"90987",12.2874756463085
"8425",12.2757946644676
"197322",12.2657552975955
"9338",12.2556762247795
"25925",12.2551882219948
"57461",12.2545112570067
"26150",12.2535005177297
"79874",12.2509681706371
"221294",12.2507125900822
"255783",12.2499860686692
"401115",12.2486623748546
"23576",12.2446193578542
"283459",12.2433552252001
"348013",12.2230782359881
"1788",12.2068823891334
"55775",12.2043820645846
"109504726",12.2007708563009
"55006",12.200724690282
"55080",12.1941831391009
"9890",12.1905126271838
"6464",12.1880449338967
"7077",12.182598649009
"134429",12.1822759419631
"145508",12.1812273130879
"79652",12.1788836834797
"90853",12.177837334613
"147686",12.1742685156085
"7295",12.1741676789017
"93649",12.1741194919936
"29766",12.1666737593643
"286827",12.1654375360142
"157697",12.1629920966993
"11065",12.1576258856671
"100289678",12.1575040136735
"168451",12.156345594598
"81544",12.151684825607
"1729",12.1511694147851
"3275",12.150220335373
"285598",12.1484809681139
"481",12.1484466086008
"57057",12.1476538261069
"1983",12.1436458259174
"4683",12.1336781819019
"116461",12.1267680800627
"55783",12.1259235930658
"8175",12.1244184674814
"57683",12.1203781533337
"25799",12.1200311626703
"121274",12.1154636574015
"9636",12.1088860967683
"7037",12.1016816845958
"5569",12.096083317963
"26502",12.0954526915791
"7554",12.0870937443352
"153733",12.0846675197169
"4043",12.0803431014161
"5308",12.0796277775901
"440275",12.0736951124501
"6204",12.0659759306566
"9943",12.0630132572536
"1298",12.0577053241255
"773",12.0576941084107
"146540",12.0553313779919
"5055",12.0543458129265
"55657",12.0449448471624
"51531",12.0446352205524
"5364",12.0435300530346
"24140",12.0423622612301
"25878",12.0420642121088
"10272",12.0408974041957
"9668",12.0345473895526
"93380",12.0319420414601
"9639",12.0312793407045
"10239",12.0243318564294
"5336",12.0181026831796
"51616",12.0114884483913
"22936",12.0002265296165
"4045",11.9969580230025
"220042",11.9960485068065
"7769",11.9892734440707
"57451",11.9881764088782
"4600",11.986530599237
"55762",11.9721505987373
"400720",11.9663053615214
"57621",11.9622935336272
"114803",11.9597063190157
"57002",11.9597020443937
"284098",11.959261539945
"23252",11.9589883998918
"4831",11.9584477252952
"57645",11.9571070561866
"10139",11.9498054264183
"8722",11.9493589535336
"79031",11.9425923061927
"7574",11.9425907203906
"26472",11.931609656631
"7980",11.9249015076464
"51115",11.9240637323285
"121642",11.9191924524804
"51507",11.9151296932204
"7473",11.9011341272134
"55197",11.8999814487982
"1769",11.8964891072553
"8718",11.8962495179886
"345778",11.8858793545948
"55862",11.8791046675615
"51119",11.872821184324
"283638",11.8504642492996
"637",11.8480397284765
"284207",11.8471892835567
"79230",11.8437289488304
"10384",11.8423586620124
"10505",11.8414293278375
"3589",11.8398304021254
"283870",11.8391111269515
"51109",11.8344323259122
"80185",11.8342958632169
"8888",11.829617370122
"9055",11.8260061834094
"25888",11.8240874047512
"114625",11.820319133555
"8501",11.820035917896
"4857",11.8180405379601
"91750",11.8179674149508
"90874",11.8150333159067
"80380",11.8071728308632
"59348",11.8061202484616
"55127",11.8036076878132
"51201",11.8033237901456
"56666",11.8029665284095
"10200",11.8005016992318
"200205",11.7982423217298
"26039",11.7956504907582
"995",11.7923190284832
"84804",11.7893617326423
"90417",11.7826981467068
"80851",11.7769827473257
"84874",11.7769823375498
"7284",11.7740922309672
"100462981",11.7739327598774
"80331",11.7695247951815
"80227",11.7659501352374
"1690",11.7633193890919
"28987",11.7625861791056
"29953",11.7600590527619
"90990",11.7494048942858
"3964",11.7405134505735
"6015",11.7391117503285
"85378",11.7341529293366
"26589",11.733219562887
"79465",11.7231130538202
"30001",11.7161184603912
"30845",11.7113647540501
"79675",11.7096068459182
"79903",11.7075316428011
"171023",11.699777423621
"83930",11.696145747133
"50810",11.6933216125711
"55319",11.6918934043938
"6653",11.690645959547
"136",11.6895051234859
"9731",11.6891010980785
"85315",11.6890078585022
"65095",11.6857892380814
"55233",11.6833067645405
"4735",11.6816685620653
"6843",11.6812067250531
"90799",11.674277837574
"7576",11.6722654292869
"4709",11.6631767587357
"22921",11.662903374099
"51334",11.6628991899459
"10400",11.6592823008014
"64321",11.6575073661226
"9939",11.6512118276881
"400818",11.6510715226639
"84953",11.6477194906931
"56965",11.644389342831
"7386",11.6419250512476
"221687",11.641353836279
"51124",11.6397109667762
"91574",11.6278422306459
"25987",11.6272966869987
"644524",11.6251693195294
"10438",11.6238547084097
"6297",11.6203549379734
"340385",11.6176706604168
"861",11.6159932924818
"57019",11.6109362285332
"150472",11.6089348536323
"353",11.6060918497676
"10211",11.6003693985283
"11020",11.5959692892412
"51166",11.5918486581073
"54984",11.5914344503079
"6449",11.5879977302957
"1870",11.5831115325087
"5439",11.5822578362501
"7584",11.5814595244064
"10099",11.5804390768794
"84946",11.5784363133788
"1825",11.5685488524417
"4126",11.5683052611641
"55819",11.5677951646958
"10097",11.5643868635467
"6400",11.5534739777174
"3281",11.5492981260776
"598",11.5478281304246
"222068",11.5477326327677
"5881",11.5432558009876
"9064",11.5360550224128
"10882",11.535436720987
"6921",11.5306204445838
"1114",11.5290954722887
"5863",11.5279358836755
"1627",11.5266988847361
"7410",11.5234463472456
"55751",11.5214315042275
"54849",11.5201124241329
"7768",11.5171441269439
"100293516",11.516259664446
"7425",11.5162177635073
"85415",11.5145262020222
"140680",11.5129580676771
"23199",11.5062418896933
"83707",11.5006898515331
"79724",11.4941118738214
"10573",11.4930866540013
"340526",11.4920835153209
"23225",11.4917245345201
"80028",11.4874531345207
"148327",11.4832012178792
"83637",11.480388485519
"58528",11.4711310374639
"100652748",11.4691298360317
"64841",11.4684673680783
"128977",11.4669494622416
"3140",11.4658842997375
"133957",11.4657280519301
"6886",11.4651616278663
"23080",11.4650022585149
"8334",11.4640129226889
"10535",11.4623788421546
"8161",11.4603779452726
"284992",11.4570549574015
"401152",11.4548239865597
"55020",11.4539498684296
"84838",11.4516952630845
"83464",11.4498068767099
"158056",11.4466157282072
"54845",11.4380056461282
"1058",11.4365811367685
"23594",11.4357873206469
"55608",11.4239362075856
"55367",11.4230258760106
"9882",11.4137602935278
"9189",11.4129851198984
"9755",11.4120630764654
"9391",11.4082212945892
"6182",11.3999699859256
"10172",11.3963971653004
"1593",11.3944647253415
"6234",11.3935938652317
"11173",11.3912576537887
"64130",11.3862026876236
"124491",11.3856558360301
"7529",11.3853341908377
"1968",11.380007983513
"7587",11.3617646016835
"64847",11.3554916590479
"24146",11.3551722700139
"25801",11.3540221996118
"3306",11.3504485355314
"55623",11.3492744241037
"58477",11.3471845990693
"6429",11.3469621743444
"55591",11.3401946316434
"595",11.3379071077963
"84444",11.3377602014599
"11228",11.3346446146577
"79921",11.3310498675412
"3363",11.3276314078469
"401089",11.3231382949806
"202915",11.3221525078815
"3237",11.3221225607839
"55388",11.3207782586764
"91056",11.3199210065244
"977",11.3091151611838
"254228",11.3082423213316
"2217",11.3076743500035
"256691",11.3026887765255
"79763",11.299705556832
"80264",11.2993094342877
"285440",11.2971532704353
"51292",11.2957837219875
"23213",11.2923379498078
"85300",11.2884752895112
"54901",11.2877719664157
"2683",11.2873327082035
"953",11.2822485025995
"219402",11.277724490879
"80071",11.2761759739185
"51021",11.2727874819824
"84910",11.2718914232225
"55266",11.266234687593
"81624",11.2577209106584
"26515",11.2553775948635
"80119",11.2552931581077
"54968",11.2526726857459
"2975",11.2508249237744
"80097",11.2462490807523
"54700",11.2330130562084
"54602",11.2282860144631
"53358",11.2282697194768
"115939",11.2267735036883
"192668",11.2234965333548
"8412",11.2220783477348
"6505",11.2165115974632
"56986",11.2132602606051
"79714",11.2110983044899
"55784",11.2031731869312
"4744",11.2029938069493
"26608",11.2028542720211
"9812",11.1973463655605
"55422",11.1944421460807
"254428",11.193175476872
"5982",11.186947869504
"3352",11.1865382212972
"4731",11.1863400385498
"823",11.1860542644794
"55663",11.1837301848554
"92714",11.1835787387633
"219285",11.182742260372
"203197",11.1784802594393
"653121",11.1741048242462
"137994",11.1739913307867
"124808",11.1733526956616
"400793",11.1713617461844
"25886",11.165574788574
"28976",11.1652229388471
"375341",11.1621887691242
"85464",11.1605818751687
"221786",11.157297091037
"10901",11.1541189830444
"23395",11.1510218249241
"79177",11.1496004476424
"89958",11.1467389931325
"144717",11.1446344615305
"50717",11.1438913645076
"25989",11.1333242016596
"144097",11.1302888853626
"126017",11.1296416874197
"23091",11.1276885492561
"157570",11.1264120634708
"11183",11.121359467281
"78988",11.1212955233596
"115004",11.1165719735922
"10189",11.1159827604371
"374654",11.113147133902
"9530",11.1101152594229
"2188",11.1090388985207
"56129",11.1061072854699
"64420",11.1012329963087
"23508",11.1005974978863
"85358",11.1004514910491
"9580",11.0954822100557
"83879",11.0951618380765
"2537",11.0950761184878
"57786",11.0880703171888
"84627",11.0801270916743
"4726",11.0767358893631
"84153",11.0750263701541
"8322",11.0744723692873
"3709",11.0661675382331
"121551",11.0649953193042
"50808",11.0642599804876
"11013",11.0631797919489
"7705",11.063095728054
"8482",11.0607012513187
"54795",11.0548265298481
"54790",11.0409493365557
"55796",11.0401250715278
"117583",11.039951472026
"4166",11.0368367189227
"3800",11.036722394093
"84140",11.0334457395149
"6009",11.0313415229189
"283358",11.0295524588582
"56829",11.0292895372382
"550643",11.0274103098999
"23592",11.0223404543824
"643641",11.0193408707654
"6631",11.0180878085612
"6596",11.0156669862246
"113452",11.0117214891994
"2957",11.0115405976333
"5915",11.0114055109617
"55151",11.0078203529257
"55505",11.0077642292036
"1850",11.0076117606672
"7592",11.0065774387106
"6304",11.0047706500517
"58516",11.0028752170638
"252969",11.000757569565
"92285",10.9986328312967
"7010",10.9978914193107
"54102",10.9904168516306
"8325",10.9752990299696
"90121",10.974065840394
"64755",10.9737471941718
"136895",10.9680911769923
"9827",10.9677590450583
"140901",10.9668248299512
"43",10.9607613182008
"9905",10.9587251685201
"899",10.9549633072767
"220963",10.9531634558782
"4439",10.951004635981
"57176",10.9498112255978
"170384",10.9467702979038
"54059",10.9448726852729
"90993",10.9435141762717
"57122",10.9429013791531
"56905",10.9420364976634
"9667",10.9401293407292
"10290",10.9399167278864
"80312",10.9393248902091
"54815",10.933750198065
"576",10.9266704814074
"8535",10.9265375244133
"150726",10.9240178409517
"23426",10.9211438002332
"8710",10.9124953720861
"79833",10.9119733466191
"6929",10.8942885243702
"3998",10.8933404492752
"55190",10.8879206254352
"170691",10.8797091536618
"4361",10.8787542375022
"55553",10.8778567624034
"7957",10.8755670550011
"6574",10.8755048795754
"3397",10.8698204290675
"145864",10.8696720955513
"81542",10.8630906198747
"63971",10.8608067544572
"9657",10.8593931941112
"220441",10.8592156259986
"51085",10.8550207826629
"92799",10.8546604398915
"57109",10.8536586467378
"11123",10.8514451912666
"27079",10.8511068978185
"27304",10.8504336764473
"22846",10.8466922707239
"51596",10.8447949327273
"54621",10.842281802401
"6480",10.835329979431
"8671",10.8318385277485
"7525",10.8300971180364
"10362",10.8289523426936
"3619",10.8267016204322
"146705",10.8157049460167
"163227",10.8104992018605
"55243",10.8102474038033
"790955",10.8097677942437
"125965",10.8087372062064
"220002",10.8038533696434
"122809",10.7885279970629
"8744",10.7850708061622
"11147",10.7755593099277
"6890",10.7751416267127
"402055",10.7741355713579
"124583",10.7725727613013
"83990",10.772115705045
"5429",10.7718372889921
"63939",10.7686727055712
"9221",10.7685698835391
"6781",10.7639779563327
"4162",10.7637117568292
"54360",10.7629839934501
"23786",10.7598074267726
"5563",10.758898937048
"10447",10.7575950385329
"1857",10.7547673504665
"51264",10.7481813237102
"79979",10.7302097868298
"3423",10.7256672176897
"163131",10.7224144995078
"115290",10.7214892593687
"152273",10.7162448447052
"90736",10.7147923387945
"116151",10.7077691015543
"54903",10.7060945736774
"6618",10.7055099825427
"10317",10.7003816736173
"2936",10.692805586191
"342357",10.6847744906764
"65267",10.6843814426062
"9847",10.681506531652
"388567",10.6723220984631
"7762",10.6686490984758
"399947",10.6649221256153
"54682",10.6639805567193
"7298",10.6559477561738
"124093",10.6549572753778
"207063",10.6494843943834
"79858",10.6483827569335
"3556",10.6369909265585
"94240",10.6361848774207
"5886",10.6315451357866
"79830",10.6313691051106
"355",10.6278576318618
"8498",10.6265793808442
"7259",10.6235697321168
"55687",10.6212051136149
"10133",10.6207599877
"23234",10.6148170106061
"3425",10.6125448232527
"140597",10.611907979503
"27440",10.6021030429053
"80005",10.6002179584313
"5294",10.5986740134843
"84932",10.5970499264291
"84527",10.5961192872133
"8208",10.5919447175602
"5092",10.5914471648769
"134145",10.5894611806188
"10587",10.5893599227886
"23623",10.5883418421924
"374378",10.5845749992135
"4808",10.5843568734644
"255738",10.5804191125046
"7621",10.5776880175954
"78992",10.5761630107004
"128710",10.5741897480829
"80759",10.5683907357669
"51603",10.5677215802475
"6591",10.5673799066701
"85027",10.5658479218856
"10101",10.559060760972
"57669",10.5573855642706
"3074",10.5563862278334
"23251",10.5556096321765
"3987",10.554933243716
"23328",10.5544622405923
"10155",10.5536622773481
"54807",10.5534660053562
"3661",10.5523843152029
"285282",10.5499197536301
"10202",10.5448859393062
"57713",10.5389010200899
"11247",10.538868278159
"55210",10.5364138462881
"991",10.5362629185027
"84283",10.534500565452
"22839",10.5263789829468
"124446",10.5209151781979
"10855",10.5206790290073
"26084",10.5186451499565
"10892",10.5136662478769
"25920",10.5014907633753
"137964",10.4942186160272
"121601",10.4937365213426
"51545",10.4870420036323
"3790",10.4824699524365
"221504",10.4816849822635
"54963",10.4778019304261
"81553",10.4764201621552
"54737",10.4762685798514
"50859",10.4717251986239
"54681",10.468567008627
"55629",10.4654905486917
"91351",10.4599794674712
"55779",10.4586086532374
"390",10.4553253627465
"7477",10.4523259645697
"1399",10.4517365893456
"317762",10.4493982597775
"85453",10.4387304523641
"286151",10.438071892121
"359948",10.43379934465
"55601",10.4290050099506
"3725",10.4267486155525
"8837",10.4242460775677
"400745",10.4168073379149
"84277",10.4164361931811
"440345",10.4129856227632
"6627",10.4121214688937
"6391",10.4119254939508
"4919",10.4050042627474
"79797",10.4009066904168
"150465",10.3981865252033
"3115",10.3959064446813
"7770",10.3910801697315
"126669",10.3898471697204
"10308",10.3873849246873
"119559",10.3849158966913
"5781",10.3847273854165
"146956",10.3831130207452
"6996",10.3830416492742
"79762",10.3808091436128
"83549",10.3793084248971
"166614",10.3773530360695
"24147",10.3765905732029
"4796",10.3726908112123
"950",10.3712823589648
"54566",10.3707825697267
"51635",10.3703136380089
"8914",10.3673417338484
"79624",10.3638535703535
"79703",10.3621532801262
"57171",10.3543795573745
"441272",10.3529197904397
"1305",10.3499536477065
"113178",10.3482120237885
"284129",10.3445039167083
"57563",10.3421488023986
"3887",10.3379283604948
"7699",10.3373032261818
"54516",10.330218239606
"987",10.3251619121405
"79844",10.323939218022
"283417",10.3122027991813
"27124",10.3040379847624
"25789",10.3039836191452
"286144",10.2979146934139
"6322",10.2942820626022
"5583",10.2905701572754
"56252",10.2850731869252
"8836",10.2832429850685
"10318",10.2816843051175
"89795",10.2802202335054
"29954",10.2783378188678
"1207",10.2741866518404
"92856",10.2684414162422
"282969",10.2644045690863
"4292",10.2634444072374
"3720",10.2628049385371
"6205",10.2611751954463
"6526",10.2596071850983
"64785",10.2536134066714
"51657",10.2499825322767
"3597",10.2499145214099
"9919",10.2497808988276
"90843",10.2475915362922
"441459",10.2392339262507
"3831",10.2329728209071
"49856",10.2303637901335
"3292",10.2302346410963
"9849",10.2294670622115
"51263",10.2284122607001
"79598",10.2277045353483
"11264",10.2222986221753
"10491",10.2220847624821
"10481",10.2211847744613
"202243",10.2181864166122
"84132",10.2174180550216
"79939",10.2170020481667
"7060",10.2111576040444
"54543",10.2091910409357
"9779",10.2071177012603
"84524",10.2068845391069
"25776",10.2065067505135
"57666",10.2044372809049
"84934",10.2035049240975
"55540",10.2021995286199
"27350",10.2015243365549
"255027",10.2008084038893
"51251",10.1996456453804
"221079",10.1883953733007
"132430",10.1882253489624
"5238",10.1868596061243
"84337",10.1859164216381
"117854",10.1832397361632
"767",10.1754240401057
"9753",10.1726197174918
"6137",10.1709729294702
"113612",10.1609798591159
"8082",10.16050312631
"9242",10.1586164681723
"57604",10.153616934435
"152137",10.1529474596869
"8904",10.1485986609873
"9735",10.1417490163835
"64968",10.1400394992902
"113189",10.1344985308391
"100463486",10.1318852410989
"79627",10.1301553764778
"3728",10.1283465753414
"84224",10.1238993812112
"55326",10.1238836375291
"51654",10.1210711369743
"374393",10.1172732202351
"5592",10.1153386493532
"10098",10.1107911980566
"8623",10.108807771347
"22898",10.10854336209
"137886",10.1050549461879
"9326",10.1028389017474
"22916",10.1021929150661
"27063",10.1021884392815
"196074",10.0954972689079
"257364",10.0916932235591
"54520",10.0915294948518
"11066",10.0879688891547
"55713",10.0865535764036
"340348",10.0830166421963
"54977",10.0821214017306
"4123",10.0797476557785
"339318",10.0783849484193
"7071",10.0751542749541
"116447",10.0656722096379
"219",10.0572165532538
"55166",10.0513048924858
"84812",10.0476661779678
"27031",10.0414896585945
"54742",10.0360917499336
"58488",10.0339029053065
"349667",10.0327353918769
"81789",10.0326776582237
"375248",10.0323082646574
"119710",10.0300171367358
"9955",10.0289149097736
"6141",10.0261511133548
"2356",10.0255086221437
"90407",10.0252513933603
"8445",10.0230046615031
"6331",10.0220979446272
"343450",10.0213018901517
"66035",10.01903703818
"30832",10.0149361084115
"374920",10.0120647326419
"200030",10.0096452551636
"6857",10.0038164420442
"51645",10.003792361042
"4133",10.0033384748427
"375190",10.0012400749277
"6793",10.0011261533562
"57657",10.0008528787725
"6809",9.99916192494266
"1953",9.99638450891103
"729515",9.9952969560158
"57691",9.99442886991648
"80142",9.98984466500245
"57455",9.98943828580743
"54973",9.97662065781527
"6674",9.97501682984975
"55573",9.97334733316393
"133396",9.96246495261405
"55344",9.95760078424142
"1373",9.95466837181303
"64979",9.95349489829446
"151963",9.94048494691645
"8660",9.93227785260131
"57415",9.93045802318599
"25821",9.927331506887
"55334",9.92389056136948
"90324",9.92121948451202
"11137",9.91838045681103
"140730",9.91822046533983
"3855",9.91439183452144
"22901",9.91229428830961
"10128",9.90910726005845
"4037",9.90625518884826
"89848",9.89974998254614
"4704",9.89913481741705
"9953",9.8929347834419
"79022",9.89224405738752
"79050",9.88973814190539
"126208",9.88886061426257
"93663",9.88659294224865
"7915",9.88550610754503
"116985",9.88163093025791
"338761",9.88103637614602
"3107",9.88092189094636
"5154",9.87839108732812
"23370",9.87669839993223
"93",9.87641563427247
"84888",9.87499709907338
"80818",9.87335553563884
"9790",9.86672394099671
"5911",9.86475709246162
"23596",9.86334458553569
"5445",9.86153638410652
"1949",9.86040372486474
"114826",9.86035192539225
"171586",9.85979133475734
"10574",9.85214372247789
"91392",9.85175033050159
"58496",9.85066155389051
"55432",9.849217417715
"6550",9.84719275122567
"4862",9.84655626939038
"399979",9.84636099486512
"10541",9.84543105744603
"10640",9.84329230734827
"51534",9.84299201152171
"8943",9.83918585871595
"55702",9.8383328348305
"10473",9.8349003841223
"30844",9.832280382938
"4296",9.83205923462097
"6909",9.83195482468164
"54867",9.83095861660415
"59353",9.83031189260315
"80723",9.82927774409274
"112840",9.82684373433579
"92017",9.82619218825716
"414189",9.82559089773978
"55205",9.82251926668712
"90557",9.82185356258316
"1054",9.81955965328517
"124565",9.81193802949258
"1786",9.79884218169134
"340252",9.79743577919645
"51337",9.79516492709366
"2152",9.79069559813253
"6652",9.78836580513911
"9870",9.7861128757978
"5768",9.78587661453735
"134266",9.78399859274013
"203062",9.78311171958383
"84628",9.78277100044372
"1565",9.78009908621372
"7743",9.78007489515885
"91050",9.77687299146888
"114928",9.77073587979373
"2247",9.7706520405287
"115",9.76686608811738
"51622",9.76604665797585
"6988",9.76394412957392
"114327",9.76279969960516
"375061",9.76275853345846
"84466",9.75529814312281
"57513",9.75107916069438
"474170",9.75006316564765
"57038",9.74654722579635
"6837",9.74324574786523
"92806",9.73854664190855
"8737",9.7340882697558
"285381",9.72473448618635
"57214",9.72388061872232
"79922",9.71314591169306
"392255",9.71291401821397
"404093",9.70916826109009
"93210",9.7079352800139
"10801",9.70679182413516
"10899",9.70409991123161
"261734",9.69891491091721
"2005",9.69770644801739
"4810",9.69286550555189
"94039",9.69150797035775
"102724250",9.69049884681418
"25956",9.68912683031348
"11159",9.68659978237018
"64398",9.68637116382121
"643911",9.68565044242481
"115286",9.68435175084872
"64794",9.68408311669921
"79871",9.68102169042059
"2045",9.67950313856356
"142940",9.67859788862261
"64762",9.67848881258499
"53905",9.67670568604838
"65979",9.67511191099111
"7691",9.66559975409091
"3673",9.66384863836732
"641",9.66159437367508
"122953",9.65409346210349
"199731",9.65302496524163
"57696",9.65248733619161
"55106",9.65186370989851
"282890",9.64885740735126
"26953",9.64870197137293
"56270",9.64705616236021
"6772",9.63423314055393
"7884",9.63352668645537
"57338",9.63334543837216
"728577",9.63040866612972
"56139",9.62958207839187
"84187",9.62674592125387
"23268",9.62638601464372
"9479",9.62601329808236
"55032",9.62378977409165
"118738",9.62365102443613
"631",9.62313242103284
"54935",9.6224332952589
"390980",9.61835992589957
"64927",9.61709770538554
"158880",9.61416482291032
"5032",9.60872607109178
"51762",9.60803856892668
"9277",9.60750407142787
"7458",9.60551443802531
"6789",9.60492595750013
"55199",9.60071137969472
"163081",9.59926700464497
"117144",9.59898008970272
"23119",9.59268157950391
"340061",9.59075068609544
"55217",9.5882722069779
"57149",9.58672945380364
"2028",9.586343432925
"79717",9.58495687255981
"55915",9.58372071649007
"1609",9.58350351325911
"64866",9.57879249237371
"10198",9.57253352704749
"4707",9.57226756110949
"388962",9.56966187055929
"255520",9.5693025719409
"5565",9.56870605284749
"55130",9.56781625045675
"200185",9.56632274490625
"23643",9.56540336826464
"5905",9.55798141810859
"22874",9.55769815351616
"54704",9.55485424426022
"2677",9.54808087259093
"3688",9.54393400300324
"54927",9.53758690628338
"149175",9.53703751488264
"64081",9.53489311827003
"285382",9.53327257356343
"23085",9.52202277674372
"51191",9.51790154169436
"7903",9.51651957442648
"54627",9.51553635771456
"10849",9.51274866732123
"84296",9.5122210915992
"152559",9.50552963537029
"130589",9.49985483482274
"8854",9.49711773374386
"375298",9.49526197475007
"5046",9.48793987185923
"115701",9.48595385854144
"145483",9.48468350304771
"1837",9.4765804382972
"388753",9.47578809239746
"285521",9.4734596842559
"10066",9.47066844240017
"100996709",9.46749841639354
"4752",9.46593775526792
"51535",9.46540879502517
"80347",9.46471889719495
"266812",9.46372451508014
"55331",9.460418563339
"11142",9.45355255801421
"6940",9.45309139316432
"51060",9.45050603112586
"23373",9.44641773549571
"90427",9.44614312481221
"1277",9.44438013427772
"84167",9.44219127437642
"23542",9.44055358130043
"26017",9.4370903418184
"54535",9.4312400761607
"57570",9.43079480606451
"7296",9.42912964561548
"3628",9.42168143047319
"113277",9.41980695713804
"51643",9.41972414398381
"3455",9.41932782033617
"27042",9.4163474397688
"116115",9.41436129566842
"25832",9.4136266385442
"59269",9.40783333987492
"6901",9.4078295848866
"51157",9.4068187601085
"7767",9.40538612005929
"388",9.40190037102518
"388552",9.40158637455015
"203523",9.39780754877734
"23333",9.39774693217611
"162967",9.39693432750917
"51116",9.39225198389774
"6139",9.39084658590698
"63876",9.38831909365634
"3212",9.38148046023954
"1138",9.38069436437664
"55603",9.37934653943534
"81889",9.37925643916409
"5794",9.37814631420476
"22853",9.37638416096827
"79446",9.37380528994043
"79673",9.37075151815299
"4674",9.36747918592072
"9976",9.36718094707058
"116966",9.36309244080689
"57552",9.3530158512374
"85377",9.35140521122446
"5223",9.34830654989183
"114134",9.34748229135374
"79683",9.34560309212477
"84622",9.343930858323
"23421",9.33993994729315
"51522",9.33242617424042
"605",9.33049164003313
"1374",9.33018837703716
"55245",9.32283805441911
"26092",9.31742696739995
"10195",9.31730888915932
"9079",9.31723139695052
"3426",9.3123626200148
"56911",9.30858664460845
"9832",9.29529184015028
"873",9.29385064912617
"8666",9.29025962954716
"79783",9.28344196879106
"51499",9.28140408796114
"58494",9.27996674046251
"5621",9.27896645610087
"51659",9.27690306999709
"115509",9.27606935905708
"2048",9.27440959075402
"2752",9.27363520114009
"3111",9.27342560070345
"27123",9.27075040869114
"11190",9.27005086257377
"29108",9.26914203378976
"79001",9.26483141870525
"8624",9.26339113487928
"97",9.26335958514343
"5902",9.26214982247147
"11149",9.26088371833678
"29785",9.26037292180687
"653464",9.25907557601104
"29990",9.25347055619425
"1748",9.25266669095326
"94107",9.25016922338485
"56882",9.24981707857278
"5433",9.248229648846
"9495",9.24150299892395
"84318",9.23869603170865
"9747",9.23796481139953
"1964",9.23658734005968
"57801",9.22741763763726
"80207",9.2243292799449
"54949",9.22340348468373
"3299",9.21863866892515
"57537",9.21706845118276
"1849",9.21625991766268
"2218",9.21490478649085
"5426",9.21473309293677
"79184",9.21417384458581
"8825",9.21252740619901
"26993",9.2124328361951
"2963",9.2095519333288
"9831",9.20917405680815
"7345",9.20493519534231
"84962",9.20423966297967
"112487",9.19620112018473
"540",9.19172783732301
"60343",9.19116594374131
"4522",9.18963262320015
"5366",9.1895977475757
"84765",9.1798821453816
"11213",9.17977610208479
"8905",9.17898548906749
"65005",9.17738625925154
"284325",9.17613846028313
"4940",9.17582257325009
"10548",9.16908994960025
"84278",9.16788450955256
"9751",9.16238341727721
"6575",9.1591384724169
"55509",9.15835685168767
"23543",9.15218952663187
"4983",9.14949125793716
"5993",9.14333232391296
"7368",9.13894085714288
"83640",9.13785947940683
"503542",9.13499741885443
"10626",9.13064376762754
"9582",9.12997866724187
"4982",9.1294197492098
"4998",9.1241876651676
"1104",9.12416046605169
"65988",9.12016384422177
"10935",9.11821289195808
"114898",9.11447120243636
"5834",9.1126056187259
"100170841",9.1116072524873
"26585",9.11130025738101
"79169",9.10935171601206
"3092",9.10901409411173
"57596",9.106872427393
"80321",9.10236285910166
"80011",9.10207360673783
"30012",9.09737551199986
"55253",9.09388862079098
"9510",9.08903443443919
"5867",9.08734785619535
"23609",9.08628130383164
"85450",9.08610385183565
"10944",9.08465883801218
"11093",9.08230057354262
"154881",9.07868884089114
"56852",9.07320810424402
"114",9.07152723435554
"23162",9.06981914278662
"572",9.0694932805843
"56893",9.06618559869162
"133308",9.06280499132857
"113655",9.06189694666138
"10622",9.06104495288247
"92822",9.05368978059474
"26577",9.05366563924284
"152217",9.05336578376257
"154141",9.04987757151445
"57168",9.0476497147529
"121457",9.04004150916311
"10797",9.03540470431538
"53944",9.03404499353417
"118472",9.03230060505316
"51808",9.03030196076524
"9400",9.0153000724695
"7840",9.01231056426635
"136051",8.99932889930271
"63905",8.9955947357252
"80195",8.99497364766025
"51524",8.99380065520287
"84681",8.99237028244181
"84081",8.99122319677983
"252839",8.98946729735346
"7301",8.98769598314079
"64860",8.98722908926044
"79666",8.98599937968463
"160897",8.98121235619132
"64374",8.97736834496756
"84619",8.97625755631415
"80254",8.96916921543638
"219790",8.96687991772267
"81930",8.96651072042028
"130162",8.96642751297274
"342132",8.96441124286325
"1112",8.96402378054952
"1810",8.95917524459964
"2863",8.95506455192366
"9918",8.95337887056568
"9610",8.94927371885411
"5955",8.94423856164962
"440295",8.94308843727584
"131474",8.93853827206219
"10144",8.93827602762843
"132720",8.93326460783419
"92949",8.93024647257645
"19",8.93000071707281
"54456",8.92840260362901
"10856",8.92118083216372
"57505",8.91949696631953
"624",8.91781722320592
"2395",8.91718878591948
"22929",8.91622717951577
"256435",8.91464653227365
"128434",8.91251930149256
"11232",8.90793484580673
"7156",8.90469467427106
"117608",8.90253489125832
"10166",8.89557730171203
"219902",8.89030873185012
"6482",8.88954019200618
"23117",8.88354541853683
"1911",8.8797490365655
"84450",8.87334464566736
"55003",8.87325618613477
"8518",8.87179634365999
"9534",8.87000893616406
"50507",8.86087777681982
"5892",8.86077136426046
"10955",8.86040562032507
"256281",8.86034596459067
"101060684",8.85374495149905
"284723",8.84922478820297
"27023",8.84781420148904
"84707",8.84680264539317
"7187",8.84415563737119
"81559",8.84124794241072
"10025",8.82909578571676
"54869",8.8287247217735
"6326",8.82629454285051
"81631",8.82015061828017
"54964",8.81721436905208
"4072",8.81574051712911
"9638",8.81371745032776
"107",8.81262928683539
"55644",8.81180653878072
"79957",8.79973197241297
"57449",8.79908074876473
"23580",8.79848844160496
"55297",8.79507637574138
"151648",8.7928550109501
"79187",8.79157868262141
"84289",8.79050221420003
"29883",8.7866970124829
"51079",8.7862158744394
"79937",8.78505689620623
"150275",8.78429643985131
"8821",8.78317878925327
"149013",8.78306540135631
"51070",8.77915372255085
"84142",8.77155765611241
"1454",8.76614570767731
"50509",8.75991026859552
"599",8.75673602914092
"140710",8.75647538588136
"55180",8.75521121624834
"84263",8.75414294073621
"79884",8.75379760894854
"148229",8.75305587599818
"9037",8.74629984437854
"56106",8.74546749444335
"11138",8.74536302803774
"280636",8.7405918369492
"51162",8.73684691607518
"27109",8.7360962672328
"169714",8.72923470661751
"64858",8.72753868293468
"26151",8.72737080965843
"22850",8.72577069774303
"84321",8.71911258024914
"2972",8.71895133431377
"79077",8.71387203010675
"348094",8.71298998677121
"5932",8.71280942220696
"7247",8.71240384182061
"149076",8.7094775016324
"55722",8.70899030360058
"80864",8.70711230224504
"90321",8.70601161556078
"57380",8.70494396912006
"29901",8.70471835069174
"57103",8.70034767279956
"320",8.69906281974232
"7464",8.69784563290436
"7292",8.69480024693449
"7319",8.6933911140551
"275",8.6919773941378
"10257",8.68794392509032
"55249",8.68611231450934
"23295",8.68202251954086
"221908",8.67744405508096
"25980",8.67331389932698
"23559",8.67151178128875
"22854",8.66941952710816
"146050",8.6690554911576
"55030",8.66568337959279
"9311",8.66520545181607
"284613",8.66432202106851
"10154",8.66107291417193
"89845",8.65785064533239
"2187",8.65719647481454
"3077",8.65630661326015
"63920",8.64936664556067
"6419",8.64897711893341
"150223",8.64876456860141
"81575",8.64794090652912
"2627",8.64552310009348
"10469",8.64027899876661
"89796",8.63420380620504
"9880",8.63266481811315
"56647",8.63050789435153
"3159",8.62855913242978
"83959",8.62802841877199
"55745",8.62740161839349
"57146",8.62605410286449
"94097",8.62292221097822
"79650",8.61881307255153
"7515",8.61662965450125
"10721",8.61542664699407
"26094",8.61206613971181
"6142",8.60191724772776
"90381",8.59662246994565
"79864",8.59609153235435
"9605",8.59416067140615
"55521",8.59379193127685
"51599",8.59021283062353
"286257",8.59007676534805
"7022",8.5876739461937
"10207",8.58692639072467
"348180",8.58224297204276
"120227",8.57916385224164
"200424",8.57783185570096
"8209",8.577819248284
"501",8.5776999878012
"10026",8.56426570422997
"51150",8.56378475464667
"23037",8.56362561800355
"51588",8.56317083288244
"84865",8.56112845462433
"9488",8.55871165566847
"79813",8.55825601857066
"7857",8.55810949801931
"22881",8.55745024879343
"64901",8.55385341019975
"79730",8.55167359398195
"84892",8.54358898341731
"10240",8.54305058039998
"143570",8.54236468029737
"4758",8.54146839697832
"23224",8.53607474035863
"65062",8.53134250238924
"29888",8.53130475015069
"7011",8.5293488845508
"1591",8.52523619816086
"10945",8.52301262374899
"100131211",8.51831610576067
"27434",8.51782876907887
"4835",8.5165099108391
"29117",8.51535955944133
"9088",8.51358914186193
"283576",8.51337797853509
"56890",8.51337016415215
"51006",8.51121037448288
"10266",8.51081259909576
"91687",8.50877223763994
"6845",8.50100023135193
"26249",8.50034300808125
"11112",8.49293674804429
"154467",8.49251022413079
"170679",8.4915003222604
"140685",8.48814859777194
"79695",8.48370963326501
"23126",8.47377079983185
"441250",8.47325034149066
"4163",8.47039422597906
"57184",8.4658609811545
"57718",8.46487438097368
"639",8.46159664803269
"154075",8.46088063364035
"2200",8.46042871844695
"283232",8.46013158044884
"79829",8.45943587220213
"128178",8.45602498698226
"84327",8.45597724666146
"51776",8.45543221813653
"10081",8.45107969035629
"27",8.44931350532473
"9181",8.44913610201339
"84126",8.44682472791557
"126298",8.44568914589366
"5575",8.44053643856811
"84320",8.43941424400379
"80328",8.43557473267451
"57532",8.43301868621233
"124222",8.42955274332148
"285613",8.42763654061268
"51170",8.42651189951508
"9284",8.42611167234289
"57465",8.41862399016023
"125919",8.41712668066737
"23457",8.41697663953943
"6398",8.41253397736425
"91368",8.41225470666651
"84650",8.41132816723742
"4801",8.40993459235714
"114659",8.40949275336654
"5588",8.4087974646632
"1062",8.40710516036851
"205251",8.40318453943345
"151188",8.40038301985086
"27342",8.39901725651538
"137682",8.3986822627064
"6048",8.39765486049945
"29965",8.39755663507179
"6573",8.39125564540474
"1952",8.38831178457073
"10212",8.3877407357437
"130916",8.38683676901054
"2117",8.38558634445342
"54994",8.38419022384557
"161176",8.37767804872389
"8869",8.37726623377173
"23550",8.37688802746453
"152579",8.37465671999196
"2868",8.36891990494153
"728340",8.36792167778647
"25915",8.36647616715062
"389337",8.36647495627902
"388558",8.36152205019183
"79066",8.3485103042886
"60492",8.34765501762243
"642",8.34334171446791
"253832",8.34272522934501
"1389",8.34230018273928
"54461",8.33819955459926
"27445",8.33757760547096
"57827",8.33525808704228
"84060",8.33448758535118
"23279",8.32905655504898
"79752",8.328241324882
"7697",8.32765802896574
"152519",8.32555082982346
"81611",8.32511463533312
"4085",8.32487890898791
"10969",8.32270041971379
"56848",8.31717143176119
"157869",8.31505748334692
"114926",8.31417746975868
"5774",8.31188907585166
"644019",8.3060525819995
"57099",8.30448386521427
"9578",8.30296302048472
"2042",8.29888051828598
"57335",8.29236624092666
"8894",8.29227621139928
"515",8.29140073223477
"9342",8.2862116426222
"5073",8.28555350101396
"79109",8.281451759314
"56992",8.27768855325883
"7443",8.2736306123003
"80219",8.25782834099222
"11180",8.25707311347607
"54820",8.25101461837142
"54331",8.24978303643326
"92591",8.24673588972571
"2020",8.24494524134496
"7976",8.24082049742177
"2074",8.23409731148305
"64112",8.23406202517271
"22985",8.23277673918849
"5228",8.23103091710506
"11064",8.22783487318214
"140862",8.22587157954798
"3083",8.22212852669841
"81566",8.21922822617856
"7918",8.21639375229018
"343099",8.21238429921402
"79669",8.20832969083347
"2222",8.20773431900987
"92170",8.20700385673462
"58191",8.20505409013836
"8273",8.18839957117763
"60489",8.18766964998669
"8908",8.18696696926498
"11073",8.18489272255009
"51250",8.18310790182796
"176",8.18187189198069
"65094",8.18103804218159
"80045",8.18076970438043
"23566",8.17763656205711
"79781",8.17435807321848
"84936",8.17142575813166
"1993",8.17077242604286
"2057",8.17052087208602
"11344",8.17047052858576
"57460",8.16950550399389
"55776",8.16928036475544
"7220",8.16750850088308
"115416",8.16715945255274
"828",8.16562866199416
"2331",8.16294490721385
"283349",8.16077808210292
"8767",8.14836390561526
"4134",8.14717032286445
"1124",8.1452805915937
"65082",8.14366069740624
"23532",8.13908281305506
"9331",8.13908145941301
"30811",8.13900419948564
"5305",8.13679037748239
"80034",8.13617856005857
"80228",8.1356178452202
"115560",8.13388746203582
"10682",8.1335262675666
"132001",8.13007557843674
"64863",8.12696265995529
"728215",8.12613609998389
"10975",8.1248060908897
"4716",8.1237366162984
"9212",8.12198697282182
"7165",8.12195674244568
"9071",8.11537757871481
"656",8.1132968366017
"147372",8.11315024143485
"6737",8.11266728397008
"55655",8.11033030974761
"24137",8.10753653422293
"5454",8.10749556012153
"55905",8.10334752097639
"83636",8.10215575401975
"84451",8.1019464543633
"253190",8.10047153160074
"2166",8.09677849017361
"2230",8.09518722017084
"84629",8.09515998729967
"3096",8.09331894580987
"348262",8.09315334595149
"6638",8.0923692100721
"6572",8.09033865639927
"9771",8.08957731282715
"3482",8.08921098840361
"11030",8.08776761353988
"10252",8.07792109617717
"55901",8.07645989431305
"25983",8.07449596934241
"54852",8.07430864464805
"9015",8.0741498180797
"23555",8.07272078896257
"23397",8.07043095834187
"10052",8.06933956976929
"51562",8.06933128606636
"140467",8.06413606996584
"339105",8.0635029669649
"56125",8.06179066941209
"56913",8.05800666180407
"55666",8.05751814360207
"92421",8.05701028936505
"10148",8.0549946411725
"55846",8.05341253995316
"378108",8.05052973997981
"7045",8.05026603561775
"55152",8.04905235128301
"9516",8.04423113304735
"27332",8.04256405093642
"58490",8.0420591594733
"5198",8.0419825618701
"131544",8.04196860056132
"23379",8.04011786082951
"285267",8.03414020810178
"55178",8.03266243525085
"374819",8.02873298577924
"23186",8.02663357579275
"84069",8.02253990375366
"317781",8.0209813521532
"6780",8.02046011527344
"116028",8.01639259599
"85865",8.01074126201554
"25945",8.01043673701344
"6498",8.00882090762498
"57717",8.00847194658451
"4302",8.00564629267001
"2191",8.0049135392844
"2077",8.0047168075653
"84894",7.99943647695367
"60493",7.99836726511994
"7741",7.99473667183621
"23194",7.99157294573847
"51218",7.99131064211922
"150771",7.98924034768258
"81557",7.98778918611193
"4324",7.98653501565431
"51754",7.9819108602175
"8635",7.98073824758526
"4976",7.98034845367081
"54534",7.98034773356008
"7798",7.97858792838581
"64582",7.97771506885435
"284297",7.97661369728783
"112724",7.97621170088886
"150946",7.97538937446894
"55116",7.97454232087025
"10528",7.97325870902952
"360200",7.96972487783666
"9640",7.96914057747453
"728841",7.96868081128024
"7222",7.96549976808279
"5081",7.95976327868688
"1513",7.95659717451542
"148641",7.956595031887
"10309",7.95608586054274
"282974",7.95455198206444
"222166",7.95180844478112
"147965",7.95169681175533
"23261",7.94523485664621
"51398",7.94347048408218
"3198",7.94310345929424
"81691",7.94308318126151
"8570",7.94057276963737
"222537",7.94051052968402
"122786",7.93973781120512
"80863",7.93932335444537
"23510",7.93687713279716
"57489",7.92573523629697
"7068",7.92041273495747
"10650",7.92017438114504
"4291",7.91824532599327
"64386",7.91662514354124
"9696",7.91630173445889
"51385",7.91619091895808
"90141",7.90860000064736
"25895",7.90602126490177
"10019",7.90383369310785
"10841",7.90359306457092
"113115",7.90163333071797
"90488",7.90013391451606
"1840",7.89796514739869
"56952",7.88796144397936
"2958",7.88638560028127
"727910",7.88427310931479
"9159",7.88089558088101
"3954",7.88084993913509
"5467",7.88077030301327
"23177",7.87931637972424
"23339",7.87841604379458
"283554",7.87761049368515
"55723",7.8773476491438
"23148",7.87604488644482
"6692",7.86469445534434
"1047",7.86219107630499
"3032",7.86179234570549
"83605",7.85976666613794
"6578",7.85842631156604
"10100",7.85064531800755
"286319",7.84639006486941
"65993",7.84504934723984
"3706",7.84195490022122
"1955",7.84189354589514
"249",7.84120033237743
"5954",7.840641710815
"9737",7.84048194596001
"81031",7.83988814894993
"64236",7.83985793428652
"84342",7.83716911029251
"9782",7.83682512282536
"4234",7.83586423050683
"130074",7.83418971145568
"51421",7.83417647971346
"84256",7.83265219817834
"2764",7.83265053916908
"10434",7.82978524741003
"10459",7.82674978008755
"51236",7.82260579326762
"79818",7.81903344619094
"2339",7.81757617042016
"5119",7.81586928231683
"50628",7.81351229436564
"4837",7.81341195940728
"7111",7.81115451658016
"10134",7.80978341457875
"57217",7.80933064202431
"91749",7.80642074692717
"55336",7.80365256182026
"84172",7.79798260789867
"51422",7.79384432546458
"29982",7.78866348758068
"283464",7.7873116933469
"85462",7.78516758170279
"128486",7.7845250173913
"56977",7.77983300816399
"112858",7.7797100311959
"54884",7.7793918521978
"139324",7.77694126022069
"441027",7.77290722262235
"283212",7.77129249236092
"521",7.76948814109092
"11056",7.7640277356314
"317749",7.76341269669991
"10311",7.7633081609073
"64145",7.76311007631186
"4174",7.76225986642309
"9208",7.75748487867549
"4967",7.75556533193219
"29923",7.7503285775575
"23598",7.74443878407838
"349136",7.74219969806271
"1317",7.73929859387641
"339487",7.73461037693842
"55140",7.724758081545
"27330",7.71406466252246
"53981",7.70919499538259
"4482",7.70464848879914
"6649",7.70397139500065
"145773",7.70087013923722
"7514",7.70045632998681
"51388",7.69647877978819
"4995",7.69303438065033
"255104",7.68992374219965
"400986",7.68592854680666
"132158",7.68581115721158
"9700",7.68316104754863
"161823",7.67677799062111
"112885",7.67584716142617
"55281",7.67398864218732
"85007",7.67215231508287
"10728",7.67077588915857
"65078",7.66999285199308
"4208",7.66836658725429
"317761",7.66810435223612
"10953",7.66747224692494
"965",7.66094185690551
"3215",7.65999134868074
"57711",7.6587473677322
"160335",7.65410549222336
"80024",7.65406245882107
"81856",7.65334979985161
"163033",7.65243330055176
"7727",7.6486633978561
"5184",7.64603221658691
"29948",7.64336043284236
"256227",7.64310572752572
"11067",7.64262476507905
"155054",7.63988266112968
"84248",7.63892001449926
"4528",7.63582815247225
"25912",7.63189091021131
"1017",7.62946993077575
"400673",7.62753970691059
"116236",7.62513656665516
"55124",7.6219111490592
"653519",7.6196241504166
"80724",7.61953093561279
"85459",7.61854745405997
"224",7.61848991176389
"50649",7.61653355727958
"9236",7.61649242249887
"2954",7.60864869495318
"113675",7.60683408786972
"59277",7.60641053456789
"64105",7.60556438493664
"25830",7.59665144922223
"151313",7.59563599706539
"64506",7.59320275826232
"23682",7.59075602531862
"10208",7.58841896139591
"1891",7.58380701790223
"28511",7.5831442351755
"84079",7.57741094002131
"8760",7.57620053825243
"55125",7.57589018081067
"54960",7.57552251750491
"283951",7.57258218773731
"98",7.56535378085258
"57730",7.56414451462893
"83594",7.56313233982822
"3209",7.55925446149579
"53637",7.55133487472216
"84279",7.54676748332311
"137492",7.5454593556013
"64084",7.54482314818768
"65990",7.54464223819481
"5859",7.54068764476543
"57037",7.53852940934778
"5090",7.53401073691267
"152573",7.52831523550159
"10267",7.52670720349717
"56603",7.52482242243905
"6815",7.51578185115514
"9829",7.51400453906624
"1967",7.51388819721203
"10137",7.51345714132967
"152189",7.51191518019743
"23127",7.50758967965647
"55929",7.49706511414308
"91775",7.49004496917871
"161882",7.4869718198291
"200316",7.47932944382275
"54981",7.47920946543019
"729533",7.47844304883921
"338657",7.47778678780331
"51295",7.474952913906
"22926",7.47098863784759
"65083",7.46705139640544
"347240",7.46468499048948
"3714",7.46316299174414
"6392",7.46134067687474
"54784",7.4587084059743
"580",7.4579956673772
"1717",7.45798920831045
"55052",7.45544341237417
"4820",7.45450849129423
"100127983",7.4537027136159
"10781",7.45217962314136
"84904",7.44389108500265
"5352",7.4431382519078
"55226",7.43841350200067
"1312",7.43034060426267
"730755",7.42966623288137
"7042",7.42758079455628
"284114",7.41993792985945
"4916",7.41641896856936
"79173",7.41638730540271
"84282",7.41312697613045
"892",7.41059928460156
"352954",7.40741334340805
"29081",7.40532771978531
"9774",7.40488214387508
"26286",7.40395606866185
"3170",7.40329865481844
"79868",7.39700126437213
"79007",7.39648140373581
"4905",7.39469168144096
"135293",7.39433108426403
"60672",7.39289543353781
"80344",7.38810665112508
"54830",7.37658119972673
"590",7.37622657479303
"696",7.37468382954795
"7711",7.37270539606429
"6138",7.37006141185415
"201780",7.36688821695675
"6785",7.36518471375585
"91748",7.36469336567125
"9801",7.3641311508484
"221785",7.36347339444326
"147650",7.36132224893996
"8731",7.36097903270149
"51496",7.36037926621212
"163154",7.3590903755812
"9985",7.35908081924434
"9093",7.35815671039351
"152815",7.35666075532771
"146691",7.34864755099601
"124512",7.34861382160559
"10464",7.34832080725438
"9453",7.34748796518997
"8541",7.34672096642279
"79867",7.3413996578476
"55352",7.340238427308
"338692",7.33966979850339
"27189",7.33779941232492
"23309",7.33716315583494
"266655",7.33704575466506
"55133",7.33423006674371
"143458",7.33180196813497
"152687",7.32489512312033
"51574",7.3240502585394
"11070",7.31758148139031
"91875",7.3171888827071
"9674",7.30714579393992
"90527",7.30547519892389
"6926",7.3013295035513
"56996",7.3013114667416
"126308",7.30022218829114
"259173",7.29828447152572
"4718",7.29534265322528
"653820",7.29330892755102
"2919",7.29155177005699
"8733",7.29073109551718
"28514",7.28921742958387
"7978",7.28808407832544
"196264",7.28726033097378
"57732",7.28481631913145
"121441",7.28332613808843
"284071",7.28230272380856
"26001",7.27980698079926
"389421",7.27344418044423
"84950",7.26920077302937
"84759",7.26770757785328
"57095",7.26559088788524
"84251",7.26270725830012
"9797",7.2623099373454
"571",7.26189293967035
"91445",7.26167371555715
"794",7.25385071379766
"154810",7.25345916728698
"64425",7.25288053910696
"267002",7.2525237395199
"11243",7.25113613255207
"9246",7.25088142026904
"57180",7.25070479481462
"24139",7.24868416351541
"10769",7.24467693340559
"4485",7.2420031705364
"3670",7.24055264952528
"91283",7.23623205809686
"201255",7.23303466598808
"84148",7.23290972378358
"11274",7.23060668330767
"474343",7.22877137592618
"56127",7.22819470031125
"115106",7.22667008036295
"283742",7.22478468739709
"7353",7.22462197243643
"84572",7.22422842679546
"4603",7.22155380322858
"29078",7.21759791652376
"23208",7.21627187730987
"170690",7.21545192073356
"283629",7.21109579264794
"64223",7.20477188202338
"51361",7.20308803396827
"4176",7.2012136678769
"129880",7.19299570824663
"8711",7.19288512011867
"160851",7.19201827002918
"2137",7.19003507845256
"84957",7.1876204157025
"57190",7.18292806123624
"4141",7.18256972260334
"8612",7.18223944338018
"114769",7.18177600285006
"25843",7.17878203044804
"169981",7.17624096281282
"159091",7.17233149235437
"9818",7.17144453063568
"26152",7.17121741831741
"5795",7.16980291740805
"84343",7.16898456289412
"6723",7.16800719080961
"6191",7.16666713974733
"286410",7.16520611155726
"643707",7.16186218998868
"64151",7.16094475041935
"23307",7.15939185852723
"79731",7.15861443225637
"92104",7.1572586041725
"23640",7.15674060801203
"9810",7.1525669301824
"4363",7.15199484983016
"8644",7.1516054063608
"4552",7.15056099877381
"27164",7.15024646305956
"85477",7.15018536982972
"23303",7.15016306091367
"675",7.14843270505985
"1973",7.14546207197944
"100",7.14518746028999
"55218",7.1412646142635
"283316",7.13692930063806
"100128071",7.13499496509549
"221491",7.13495989027737
"55177",7.13013795953032
"284252",7.12819809907403
"29070",7.12390474266809
"8692",7.12107397616316
"6525",7.11468311693296
"9906",7.10881732361545
"79885",7.10552343394222
"645811",7.1022836301078
"7153",7.10168167745377
"5493",7.09724745658539
"55676",7.09248415167265
"7306",7.0901714217666
"124936",7.0876397965895
"6194",7.08670856176348
"2632",7.08489522189246
"6374",7.08175960961766
"23478",7.08011249574106
"91608",7.07629619941649
"9994",7.07587719053236
"3207",7.07376697788339
"64784",7.07335108045925
"2029",7.06759971591374
"91966",7.0651877019957
"80303",7.06495788600338
"79034",7.05510501504917
"6619",7.05504919479513
"26095",7.05471668037643
"85465",7.05465970050982
"83877",7.05452095900025
"56942",7.053896150463
"6309",7.05255556918408
"29941",7.05243113568419
"9764",7.04695077628998
"253982",7.04653810461313
"728833",7.04644018165678
"55721",7.0413999407575
"54676",7.0402344271146
"389524",7.03802989710152
"7565",7.03746563461078
"7594",7.03621678869136
"201626",7.0358622968806
"10425",7.0297508468671
"57158",7.02931131200983
"9322",7.02879218217053
"6622",7.02671178077306
"2055",7.02377095515759
"56683",7.02207645451131
"1268",7.01905763059894
"57482",7.01520351642379
"346157",7.01419635431036
"100287171",7.01318096471668
"9975",7.01257389284788
"284403",7.0116103990514
"360",7.00984989348096
"9745",7.00982180075972
"9379",7.00752531855713
"2633",7.00316107740106
"222484",7.00192890626513
"3953",6.99629507251473
"101",6.99583118802133
"886",6.99096270527123
"64793",6.98978810622582
"100288142",6.98958097379645
"10127",6.98611889920553
"6382",6.98569690233798
"63943",6.98239728782047
"2664",6.98227939521164
"389831",6.98075395221126
"644096",6.97942774375036
"64769",6.97511720336483
"51528",6.97116378348646
"123169",6.96986823165408
"10455",6.96291119013224
"3662",6.96102590681725
"200765",6.95738845110815
"283219",6.95266545342131
"389",6.95171051630492
"4692",6.95144013997104
"56342",6.94956845858057
"151473",6.94693632643181
"2983",6.94320595589115
"133015",6.942187111959
"4437",6.94105698563522
"254427",6.9397834535249
"22884",6.93962577072397
"65244",6.93937908720401
"8443",6.939125122255
"387119",6.93601160928459
"728888",6.93298673786543
"4148",6.92998726690751
"5893",6.92979916298634
"1161",6.92910235767521
"121053",6.9272169424489
"3892",6.92578698915696
"28962",6.91976051195033
"80817",6.91611856928317
"547",6.90826139174365
"6840",6.9076862115374
"11321",6.90652536179162
"64844",6.90628682526626
"9454",6.90514866464413
"25900",6.90465157560969
"337867",6.90277854440124
"78995",6.90095275004363
"1666",6.90032516739014
"54487",6.89738888024274
"9235",6.89710195383527
"10389",6.89600032285211
"126549",6.89583495820392
"389610",6.89520357665868
"56123",6.89238404572564
"57452",6.88880646331504
"254225",6.8873000732097
"51668",6.88686392455389
"388569",6.88195066614457
"93099",6.88104990464207
"728568",6.8762988088518
"79159",6.8720196490282
"10233",6.87165855232678
"1775",6.87117618170331
"25902",6.87102875103423
"9675",6.86931936293005
"8193",6.86872730140846
"912",6.86788807745434
"124152",6.86195560106688
"6625",6.85969602278044
"116441",6.85935375337473
"1675",6.8590222570004
"8701",6.85864314295298
"102724159",6.85485091447246
"55149",6.85369957787566
"5441",6.85362144817545
"126731",6.85088008152674
"11249",6.85062006335717
"80755",6.84893247190169
"10452",6.84712782396728
"80339",6.84703958983324
"7556",6.84521158457939
"728537",6.8404491108809
"80896",6.8393569759951
"5706",6.83916030693976
"51690",6.83874082696473
"388789",6.83802048376899
"23678",6.83726868628711
"56122",6.83686628261205
"113802",6.83664814797419
"132989",6.83386326024006
"4696",6.83353890105075
"64417",6.83258975537722
"7005",6.83098697977139
"961",6.830263225354
"26747",6.82824615059266
"89782",6.82753514015516
"7167",6.8186727707083
"284018",6.81635421848961
"51373",6.81516698915274
"23030",6.81457524647457
"6787",6.81416053325969
"2030",6.81263554245722
"55005",6.81241717117084
"163859",6.81217392303403
"105372978",6.80985646291735
"65258",6.80939321547188
"342909",6.80878548325342
"339500",6.80639572588551
"22932",6.80621768036985
"55066",6.80499821748468
"153571",6.80339078360079
"10417",6.8028833855531
"55582",6.79881415721593
"253639",6.7960072441767
"342892",6.79541118682488
"56655",6.78928689167638
"9188",6.78733491940867
"26528",6.78375570160781
"727",6.77552275724269
"85002",6.77511749270345
"100310846",6.77405010981415
"8859",6.7717353298164
"10333",6.77076362939456
"7673",6.76912999635233
"1497",6.76646718273234
"10799",6.76600703751225
"94027",6.76293335636735
"255043",6.76266609663729
"29115",6.75903735788101
"23223",6.75873799275633
"9913",6.75643071916592
"3704",6.75419812157956
"10363",6.7531219760887
"79081",6.7510915440138
"91355",6.75071825934495
"22883",6.75033605042864
"55092",6.74598643161606
"374395",6.73934562223042
"5464",6.73699517415624
"5810",6.73693853963617
"4675",6.73395911418137
"5139",6.73349600063766
"253827",6.73056339672115
"10199",6.7304705488511
"1477",6.72846630475219
"22984",6.72648664477896
"253725",6.72584507794907
"578",6.72345044683054
"57085",6.72120287111714
"9021",6.71955271454606
"285989",6.71614299750965
"157773",6.71336360914169
"112755",6.71309293939006
"56154",6.71217095858993
"138716",6.71146149829193
"79947",6.70906753868075
"4249",6.7054916326155
"51279",6.70516764697649
"375387",6.70481386698112
"27249",6.69761681651645
"5612",6.69523690307917
"22893",6.69238983797847
"56910",6.69054371987163
"65975",6.69046032823888
"4091",6.68917444515036
"113000",6.68692854107065
"1749",6.68551907086426
"8996",6.68353623231364
"2639",6.68343471661914
"9859",6.68040483478859
"100130958",6.67903998992828
"154091",6.67444145092793
"151176",6.67267070861422
"54663",6.67130948615504
"9776",6.67087951883326
"4925",6.66733452502072
"55699",6.66632328116767
"10426",6.66528297693889
"54806",6.66318991644095
"55671",6.65905702670272
"7249",6.65781623543236
"29109",6.65234907780387
"57213",6.64850482021693
"51000",6.64813506627321
"25901",6.64734811805132
"9266",6.6466286913403
"147179",6.64634513528236
"5925",6.64490059174446
"5623",6.63982956966851
"2992",6.63802979646312
"8050",6.63498821211082
"7773",6.63449906878516
"81876",6.6322538719256
"80139",6.63217430750391
"347735",6.63144323898435
"153129",6.6311278580643
"9884",6.63081419744619
"90378",6.62999607275831
"90529",6.62904598415337
"91754",6.62789040497987
"8851",6.62637002755432
"92912",6.62053130438124
"1271",6.61919012016236
"51611",6.61865221686759
"10501",6.61790651485566
"1364",6.61731805093601
"282996",6.61543627839118
"11072",6.61336098967947
"11176",6.61244683842035
"134353",6.60967887717316
"7913",6.60844571837721
"80763",6.60617913506086
"79585",6.60561158767062
"200844",6.60534404427828
"79879",6.60378419512903
"23345",6.59665286433148
"554251",6.5948277310247
"11212",6.5945244281223
"81669",6.59125458970503
"200734",6.58971607085553
"9546",6.58911761999055
"5328",6.58811012599145
"54819",6.58386034284574
"126068",6.58298482452537
"245806",6.57989584132624
"56126",6.5782126520486
"79828",6.57747371446677
"4861",6.57663064070921
"2861",6.57187251645264
"94101",6.57090505023654
"169792",6.57065876094633
"9588",6.57042199679987
"1894",6.57039239818713
"2831",6.56559033606982
"10936",6.5653468830235
"3177",6.56127094214812
"7157",6.56014563328207
"9936",6.55873941602525
"102724594",6.55716850847395
"57462",6.55369467029397
"1407",6.55193989521937
"199746",6.55009321123839
"157313",6.54946990504017
"80067",6.54738093638357
"56128",6.54538209155968
"9677",6.54448649505938
"8349",6.54229506650254
"23400",6.53982136385009
"5167",6.53886475345426
"6821",6.53688773579558
"11103",6.53152984897122
"113878",6.52514905771821
"83932",6.52260955371625
"130340",6.51277053476189
"23024",6.50977906956804
"8038",6.5093154001004
"53904",6.50580579856756
"8774",6.50570365266524
"122961",6.50461671071433
"8846",6.49501499075194
"6915",6.49368682202856
"84326",6.48254119036916
"10946",6.48227085440096
"3052",6.4795356766331
"8681",6.47886167697179
"7188",6.47275888772967
"1992",6.47050021410871
"83758",6.46953419991121
"80025",6.4661088887653
"56477",6.4652658665169
"6423",6.46454727607044
"23020",6.46392024046241
"170959",6.4626552652805
"8880",6.46219549858997
"125893",6.46099100521212
"50624",6.45777367289768
"56948",6.45773554587073
"8777",6.45258629699284
"4994",6.45207472609128
"79866",6.44824785156375
"94030",6.44706904080114
"5111",6.44630653730861
"50865",6.44371146647743
"26043",6.44287858373098
"79774",6.43548084067269
"27067",6.43291324416103
"134549",6.4321616290138
"51621",6.43209299197639
"3692",6.42941069533807
"55172",6.42181454679281
"84930",6.41984470767583
"84541",6.41774295328609
"79692",6.4168771461256
"7290",6.40971486710743
"1962",6.40794449042648
"83451",6.40563534045461
"402778",6.40539612168691
"54965",6.39883947834612
"7993",6.39846458457968
"440515",6.39821581033695
"54521",6.39769663281611
"286046",6.39744509947429
"4688",6.3967971761368
"7784",6.39352156848776
"55332",6.39143483220128
"23169",6.38666278762529
"201973",6.38633937759848
"8772",6.38513570787677
"874",6.38266538799452
"83648",6.37936713069586
"84520",6.37702032297764
"78990",6.37359342632257
"3845",6.37327203063975
"401548",6.37271307943953
"9118",6.36769470216699
"9217",6.36404443530921
"79831",6.36044665536166
"203",6.35996645491008
"283298",6.3548004192728
"100037417",6.3541429047667
"3770",6.34906285712758
"55128",6.34592173707579
"493856",6.34519385948233
"29893",6.34266003749174
"286262",6.34248214100377
"643699",6.34085621152419
"348801",6.33300240402563
"2280",6.33019302244735
"25977",6.32754777465141
"140462",6.32707444299552
"64837",6.32193107860808
"55251",6.32073753478186
"10063",6.32070719525213
"114880",6.32048177849409
"23082",6.31778851620284
"58491",6.31673153235748
"84790",6.31551469111946
"8131",6.31543637035267
"23462",6.31472983017338
"8557",6.31302596286544
"9020",6.31298826425443
"3925",6.31213517294055
"6999",6.31050036881212
"11201",6.30563851496816
"83786",6.3028181687661
"5827",6.30210186098695
"91782",6.30181572749413
"205327",6.3016458565894
"4245",6.29869100560004
"59336",6.29820480287967
"399818",6.29631463553001
"119032",6.29559242499964
"6098",6.29380256143255
"8545",6.29326281722686
"403313",6.29167018812857
"51586",6.29141378644021
"23344",6.2893908802532
"117584",6.28895510442759
"10982",6.2865745701954
"148753",6.28462605408024
"143279",6.28382125617954
"10253",6.2781068869047
"63892",6.27765814027329
"155368",6.27703222598939
"221711",6.27676366954824
"51750",6.2763433262343
"8092",6.2747835743547
"4287",6.27430190159878
"84898",6.26983033234838
"223082",6.26690078607088
"57418",6.26389682601425
"9783",6.26143855079463
"10512",6.26035477256498
"6738",6.25998233995741
"2788",6.25981510907228
"4648",6.2576782727565
"84288",6.25490843950657
"1606",6.25067686440015
"1152",6.25065615196062
"7841",6.24888557046798
"26292",6.24609505104861
"79723",6.24575032623561
"2662",6.24331581455868
"29121",6.24068681114939
"5822",6.24066082180399
"9587",6.23962323407959
"28985",6.23069739087247
"2768",6.23057558526116
"87769",6.22983062129587
"80110",6.22530549002551
"54843",6.22498045339022
"342931",6.22279643248488
"64421",6.22124684625604
"4256",6.22061221595361
"80198",6.22037073713293
"55357",6.21997950251405
"6742",6.21840333529546
"54853",6.21694772141513
"64943",6.20148608164575
"54734",6.19645483732895
"201514",6.19409702828231
"10201",6.19400090048382
"8549",6.19336293756985
"90693",6.19160993287361
"60686",6.19141667661429
"90850",6.19067240565289
"26020",6.18883814180433
"9659",6.18837627510835
"54584",6.18384092710274
"3437",6.18350468960136
"10886",6.17894886087567
"9122",6.16326963935018
"10146",6.15958045165664
"120526",6.15922585075012
"54554",6.15819240015156
"9699",6.15681128143175
"10005",6.15052483023762
"64122",6.14943140252176
"4241",6.14808864612334
"84166",6.14323839110882
"619208",6.14159813033308
"91942",6.13422176261492
"57521",6.13100355352487
"374383",6.12938509236201
"11005",6.12711251438364
"5570",6.12540090053729
"51155",6.12374309936119
"196792",6.12207367810609
"54872",6.11922991352854
"148156",6.11912485678355
"11214",6.11838383996826
"135154",6.11801886478202
"54974",6.11752981134469
"9196",6.11610733992935
"26580",6.11449427103395
"254887",6.11296483607777
"51326",6.11176977137794
"9374",6.1105353370003
"440353",6.11048576182437
"11160",6.11014731286685
"65055",6.1071382157469
"1393",6.10465317012171
"126272",6.10455852877673
"55196",6.10346697112231
"113179",6.1027945883863
"3749",6.10161053370886
"90952",6.10021142080063
"11062",6.09838327882791
"23247",6.09523561783055
"7078",6.09491747417618
"9031",6.09325771019291
"94005",6.09254829627892
"1134",6.09038703986771
"259282",6.08869175947026
"84501",6.0879764091751
"11054",6.08395958786378
"80345",6.07660653858907
"54797",6.07645514957902
"2590",6.07307992782863
"56956",6.06780957733413
"79898",6.06485303475153
"6903",6.06191017398714
"91289",6.06152471424378
"57584",6.0613404588737
"79102",6.0607553214859
"10598",6.05737133663803
"729597",6.05408518760447
"55010",6.05261673742333
"79768",6.05221176784592
"10279",6.05197824460376
"5002",6.05183602199675
"51122",6.04899215615048
"51761",6.04887423410634
"445571",6.0481243308967
"9220",6.04783403714049
"221078",6.04441343270248
"4636",6.04352994403028
"84958",6.03942422022133
"8764",6.03806620905224
"55361",6.03708310711008
"5624",6.02877762151809
"89894",6.02645161872906
"55311",6.01880272973474
"388610",6.01645676350863
"1677",6.01548899796949
"10948",6.01298983139504
"57107",6.01138384428974
"3131",6.00875100529299
"83667",6.0082681637534
"55789",6.00715847615651
"5875",6.00104760978178
"64403",5.9984580325033
"10383",5.99768207699078
"29855",5.99731805344543
"83744",5.99706388596288
"57110",5.99676873258988
"1408",5.99545926592587
"90459",5.99141542149826
"54930",5.99090998313041
"6635",5.97948330628453
"27198",5.97706625176972
"55163",5.97550472937853
"126133",5.97391880318308
"152926",5.96984106414708
"1111",5.9679727829209
"728741",5.96613686556634
"28969",5.9659910826461
"2202",5.96497293287595
"57720",5.9606476277242
"27094",5.95844255639337
"5538",5.95690717648933
"55247",5.95538805963496
"55677",5.9542077601109
"10051",5.95312250919005
"4060",5.95102834508547
"100506658",5.95079004396565
"165055",5.95041655234833
"116540",5.9492205747015
"7444",5.9456119581151
"148103",5.94516231321424
"199745",5.94444457572619
"497661",5.94429316664572
"51258",5.94213753289789
"7171",5.94117398687244
"79796",5.93816253277854
"387856",5.93802331264453
"79906",5.93540834569104
"283989",5.93447813725925
"83448",5.93441459331439
"338707",5.93441347798489
"203068",5.93425158723883
"2787",5.93362808413169
"8794",5.93215701795553
"84331",5.92723849710042
"2120",5.92606525043508
"1760",5.92505561274694
"120103",5.92199926246877
"163702",5.92119838868917
"84720",5.91815911683707
"8440",5.91768481589798
"57507",5.91493256893537
"5978",5.91331756646493
"9912",5.91149105669119
"55103",5.91065471648099
"100653049",5.90820983080205
"347344",5.90797432135884
"90204",5.90524098856515
"5723",5.90445556766105
"55852",5.9024870961293
"284323",5.89768507128307
"84807",5.89727397908438
"51154",5.89529739645701
"29911",5.89301910269068
"56261",5.89143849872252
"55791",5.88894666392377
"255374",5.88708239727644
"50853",5.88636958847076
"3030",5.88525152674642
"9686",5.87889158313556
"770",5.87884121931642
"51026",5.87809292074427
"7936",5.87786548000331
"57697",5.87371700850722
"84859",5.87213149955627
"30968",5.87086765068799
"8462",5.86597291663384
"7145",5.86380004058478
"28957",5.8634419040643
"84285",5.8613935729989
"64434",5.85960315951642
"4666",5.84630415868938
"125150",5.84290069036815
"388015",5.84027628575869
"23093",5.83921170302637
"91151",5.83729979143836
"4194",5.8368792350985
"57654",5.83560157131894
"51129",5.83408415122246
"23729",5.83173383392468
"161394",5.82909576935669
"9851",5.82771349268379
"2996",5.82585207346722
"7738",5.82464836141859
"6533",5.82236449309507
"1594",5.82127443193628
"63894",5.81934176859168
"100131801",5.8149924514887
"441273",5.81401733826965
"55750",5.81289260197984
"8648",5.81211363570662
"23218",5.81092929914298
"201164",5.81054388581175
"100287036",5.80926671698612
"83442",5.80542275690425
"11162",5.79814726918065
"4081",5.79768959366399
"162681",5.79711920185693
"7283",5.79605513384025
"122769",5.7935358500077
"2737",5.79148993575452
"113540",5.78856846529712
"4884",5.78801777402983
"115650",5.78533947808685
"727851",5.78446603180355
"721",5.78218021877473
"221035",5.77958633932656
"23649",5.77941063859157
"11269",5.77871373251093
"222658",5.77865224208961
"285704",5.7784638452803
"116228",5.7768168958193
"29083",5.7733967225586
"440145",5.76910748971592
"1415",5.76786942348058
"51804",5.76675600772024
"658",5.76673846116559
"57647",5.76454570352893
"4714",5.76295888552673
"10280",5.75799683668751
"5682",5.7569709817265
"57053",5.75628102523336
"84441",5.7557266924171
"79954",5.75537808223973
"23708",5.75521170671794
"90673",5.75403885217044
"84303",5.75057946422516
"55909",5.74999748337559
"10972",5.73891619443572
"284406",5.73625148319427
"10613",5.7300733884703
"23467",5.72971221922298
"64951",5.72793795498057
"160428",5.72614672496509
"84940",5.72596127700965
"6002",5.72521850100928
"79872",5.7251927627873
"63908",5.72500895480211
"10248",5.7213104191262
"55113",5.72118786439153
"9836",5.72067387426983
"83440",5.72021125777637
"162494",5.71996933002594
"340542",5.7194240042014
"7127",5.71629509846334
"25855",5.71553223581797
"55229",5.71256044290066
"27018",5.7117342778281
"55216",5.71041249561766
"29074",5.71004189307561
"126668",5.70923656900998
"57541",5.70895631705468
"1743",5.70816438311726
"94081",5.70775506948991
"55337",5.7070523263923
"100132406",5.70678409665951
"91869",5.70634357825786
"170685",5.70548962066222
"1613",5.70461840077583
"91614",5.7045024222346
"79003",5.70165014007753
"55693",5.69929050400528
"10439",5.69884390389293
"957",5.69607540915316
"7564",5.69529833491225
"9768",5.694527549585
"57554",5.69337697446758
"1917",5.68849367787348
"54552",5.68791983423132
"6334",5.68763501344939
"5876",5.67862461065972
"55257",5.67793902786273
"60561",5.67771756041061
"9793",5.67537745152261
"85313",5.67407930439665
"441376",5.67393301074353
"3614",5.67198441815741
"7549",5.66993591817537
"3981",5.66701802852032
"10380",5.66026476415734
"10054",5.6597963229962
"401612",5.65963693683364
"10865",5.6583543716064
"51649",5.65591620573406
"3553",5.65361639733917
"1296",5.65334144034897
"5734",5.65030589729503
"92399",5.64719440289481
"26508",5.64668508046855
"9095",5.64375191905727
"4092",5.64315520967644
"55972",5.64154676302139
"8444",5.63869158670344
"3105",5.63779362501382
"64949",5.63142387889581
"158931",5.62964006880767
"133619",5.62914927911718
"10298",5.62294414835851
"3148",5.61936534686762
"553115",5.61775782361313
"239",5.61166166345793
"684",5.61053866779085
"92610",5.60980869250363
"80352",5.6095988498338
"139322",5.60888264147021
"6445",5.60842650731952
"404636",5.60626553134684
"54916",5.60067518740209
"5787",5.60052174964289
"60681",5.59646374106691
"10379",5.59624447846188
"147166",5.59473014538661
"54957",5.5925268344326
"79961",5.58859243191384
"57664",5.58525403870403
"9563",5.58174050616873
"7638",5.58167405724941
"1120",5.5810387679068
"1045",5.57778392015214
"8326",5.57774202044938
"468",5.57528855889184
"137970",5.57433524464205
"112609",5.5733945261774
"100505573",5.57335019933356
"79690",5.57333141888558
"55621",5.57287555902232
"80712",5.5721283205304
"93953",5.57072849289216
"11043",5.57041401291814
"165215",5.56853218936143
"6633",5.5673387237934
"374879",5.56641756217152
"59345",5.56238131069615
"163590",5.56080616371567
"8654",5.55987071238046
"5260",5.55705545129948
"95",5.55637454076451
"1368",5.55567359250299
"51202",5.55062911544395
"91252",5.55002472005322
"27043",5.5479509142515
"26520",5.54672643414972
"4923",5.5453075829524
"140699",5.54461773848227
"51012",5.54339999876966
"401251",5.54162325854381
"55353",5.54082994160647
"1645",5.53969376680096
"9425",5.53391582972646
"23410",5.53197452533622
"199800",5.53097227664493
"79183",5.52874643416203
"9134",5.5281060926959
"729852",5.52682858828515
"55450",5.52515236589537
"388662",5.52280514875579
"131408",5.52279289381915
"404281",5.51734838256921
"161424",5.51637217641288
"6792",5.51285962722838
"3611",5.50824025019428
"201176",5.50756284481548
"57622",5.50744929563144
"26049",5.50716562477862
"5585",5.50513950081626
"23294",5.5018984461348
"26263",5.49622020079983
"8269",5.49619068180883
"6884",5.49082859917027
"1036",5.49048456086695
"6209",5.48967586639221
"27347",5.48844581177938
"2700",5.48722075113155
"157574",5.48443221312496
"83641",5.48329999520877
"613037",5.48203821996686
"6335",5.47542851593138
"162461",5.47149032448717
"57496",5.47068671251071
"7084",5.46949439637059
"10003",5.46774706865875
"79147",5.46562224960538
"10607",5.46496273796157
"1519",5.46433121879147
"26524",5.46053800009177
"5507",5.45899327675176
"29082",5.45629278585131
"80325",5.45548537921697
"79608",5.455194487316
"51133",5.45299721561057
"3064",5.4490900188513
"6712",5.44587777518835
"26225",5.44546035393173
"3161",5.44395133235353
"4946",5.44372886911534
"128",5.44321078256257
"10893",5.44007202487056
"9816",5.43868968177439
"317",5.43754992313568
"157922",5.43595091675718
"7430",5.4332254508695
"129293",5.43282865209772
"79729",5.43100406648401
"85360",5.42592985476828
"219931",5.42560198482813
"8797",5.42488371841617
"54468",5.42372717835854
"668",5.42118553715329
"148223",5.42086425947316
"253461",5.41932921294988
"1106",5.41864125212125
"158866",5.41770896640634
"55786",5.41672651369882
"144165",5.4165476122456
"55572",5.41600517137776
"388695",5.41404365478928
"333929",5.41300730064942
"114800",5.41234173525408
"11007",5.40309112799313
"3569",5.402585790253
"53826",5.40245267316919
"84074",5.39907343369826
"51023",5.39782239307277
"219970",5.39553902428257
"65982",5.39328540061164
"91801",5.39220019908439
"79594",5.39037662135612
"8565",5.39036105977446
"79053",5.38504497135146
"7469",5.38339054910117
"7694",5.38338301819711
"84269",5.38230575864065
"254827",5.38221087225132
"79987",5.38190881709435
"84881",5.38123324636103
"2264",5.38056135751283
"283869",5.379786953621
"79758",5.37888232210292
"4952",5.3788803664229
"5021",5.37819932577671
"10085",5.37041564385801
"92609",5.36577057043467
"25790",5.36343776364774
"8502",5.36041573456793
"3672",5.3599422301351
"10509",5.358736062523
"55293",5.35644766086053
"51510",5.35410495670168
"50486",5.35319782233302
"51321",5.35290255634376
"55659",5.35266944414947
"3909",5.349543586608
"54674",5.3480029277834
"2257",5.34732362378743
"8527",5.34470300618058
"3679",5.34181083733919
"54472",5.34131146537085
"5080",5.33917005216197
"554282",5.33899184292455
"3615",5.33743486838244
"317649",5.3356134938542
"26973",5.33428140550493
"153830",5.3320442328227
"10557",5.33111638172716
"1794",5.33092256280425
"26024",5.3245671656853
"342945",5.32312869152763
"91833",5.32306587143517
"10556",5.32291068406528
"8844",5.32253339482753
"51444",5.31926603378799
"79635",5.3192649637557
"51308",5.3189090607843
"388730",5.31649793550326
"10914",5.31453176769482
"7481",5.31420697237086
"83394",5.30750850044654
"29057",5.3066900037364
"9404",5.30589510214996
"84614",5.30362417323314
"337876",5.30268551156016
"284370",5.30000196592101
"114112",5.29875810043184
"83445",5.29726103288386
"83992",5.29687829613201
"9112",5.29652910699367
"3939",5.2958629738451
"64328",5.29530174469706
"26035",5.29504472815981
"1311",5.29489583404969
"285368",5.29475514210923
"113146",5.2938140150024
"51569",5.29307650699636
"4140",5.28872134015671
"51605",5.28395419879538
"64799",5.27811294725738
"124637",5.27793628019709
"6751",5.27336258520391
"1427",5.27156080976052
"64921",5.26988224378339
"10484",5.26900107823653
"22999",5.26897643911349
"90423",5.26791109564959
"101928527",5.25675299613387
"641371",5.25464336053307
"145581",5.2485028903664
"57001",5.24581528610581
"9427",5.24459377352893
"9474",5.24224113801696
"4708",5.24154641800988
"84766",5.23901002043398
"348",5.23502994261524
"51514",5.2349248132491
"199704",5.23484979560963
"51451",5.23301415491625
"84641",5.23100000432784
"6595",5.22956744838309
"58487",5.22955911274663
"2710",5.22677320114383
"3972",5.22541367359403
"9543",5.22099327379181
"5695",5.22066480472524
"4713",5.22038394912872
"51302",5.2202796521319
"4329",5.22023761757223
"7041",5.21953833086283
"440957",5.2113095437154
"10627",5.21004908359222
"6939",5.20948998804498
"29079",5.20910229093625
"7148",5.20675710602947
"7528",5.20348702197011
"4488",5.20059859833117
"29967",5.19740809265147
"112476",5.19716107469069
"79622",5.19558767907395
"9678",5.19468585033419
"57670",5.19354920778687
"9421",5.19042997056828
"84309",5.18978250758278
"148203",5.1897603943893
"9371",5.18940885132132
"64423",5.18548395491327
"26289",5.18543403368678
"79072",5.18511312434399
"11339",5.1830771462319
"9570",5.18166930566454
"57636",5.17729680686912
"1781",5.17676489240249
"2047",5.17307645349556
"7265",5.16970636598982
"6120",5.16911181474177
"256471",5.16859047200624
"254394",5.16850493880277
"9937",5.16442485488936
"55898",5.16223598889659
"59084",5.16140744086881
"4900",5.15197670884128
"5800",5.15108112652527
"441457",5.15050255266144
"57650",5.15003571214987
"2539",5.14454464478346
"728498",5.14043636375817
"5744",5.13993251596721
"5698",5.13815442421131
"90187",5.13739550022661
"6402",5.13336651483043
"124961",5.1333316600635
"23468",5.13324493735209
"11051",5.1317828232302
"727866",5.12864096815893
"54923",5.12821475214335
"55924",5.12812011499282
"9258",5.12582637802668
"11077",5.12222692623578
"5283",5.12142540885004
"9942",5.12029440222782
"10908",5.12028519453126
"79644",5.11981904974779
"255631",5.11895906442857
"55244",5.11861874862237
"64779",5.1139886314593
"1564",5.11247752019619
"6741",5.10774078360717
"66036",5.10616842612237
"10443",5.10468552860862
"10477",5.10338923258148
"10904",5.1016854467861
"56931",5.09634569135158
"116362",5.09367702142042
"951",5.09278965633987
"4747",5.08974310371383
"79751",5.08817865039284
"5629",5.08548526140029
"10351",5.0853547638848
"84255",5.08474785033843
"80323",5.08130911971426
"54433",5.07998209696284
"60401",5.07864550422956
"26013",5.07840347586773
"9133",5.07837377926601
"10242",5.07595329083712
"51642",5.07492040060542
"57337",5.07326286137919
"285605",5.06946395609731
"23366",5.06916223681357
"399512",5.06670844027625
"26190",5.06416511184593
"339559",5.06140972858191
"148268",5.05467683648868
"401647",5.05249055466125
"582",5.05053483340683
"8218",5.05044733101718
"55109",5.04766498698747
"84964",5.04492581644476
"389289",5.04359456563869
"3655",5.04204672909499
"5411",5.04122869291035
"55164",5.03967432764595
"5013",5.03870676083148
"10206",5.03746066256653
"27257",5.03660776553317
"167127",5.03534286843302
"6339",5.03533800839899
"84236",5.03479603429967
"6746",5.03477900344403
"57821",5.03208411244336
"2242",5.03145046524129
"196385",5.02708511447769
"22903",5.02639670618462
"5531",5.02497305812071
"9077",5.02405780560923
"102724488",5.02057049709537
"989",5.01964175786561
"26579",5.01854093489376
"11219",5.0184315246982
"117246",5.01429031448318
"11016",5.01175804544588
"83983",5.00843671262559
"79603",5.00742241978002
"55285",5.00510335477228
"84335",5.00359448060839
"5279",5.00312583409393
"140883",4.99890590449761
"51372",4.99532693367571
"284021",4.99235522498616
"92369",4.99121747413571
"8800",4.9850593497485
"57528",4.98262905515503
"29969",4.98209301405103
"257144",4.97950663252505
"10084",4.97657762817052
"55612",4.97546952479666
"26063",4.97522763560455
"81606",4.97490827540997
"8900",4.97115687780709
"83699",4.97065125782722
"100287896",4.96904839948709
"114823",4.96894092260339
"393",4.96131017189454
"1159",4.96061873157661
"9886",4.96019103686259
"23013",4.96006118074359
"92014",4.95856000832735
"196383",4.95760951095411
"22826",4.95568821737285
"22871",4.95303039626159
"10236",4.9524447340691
"3799",4.95157452502084
"26205",4.95127214938387
"8195",4.94667338668051
"24149",4.94400672120135
"5315",4.93900041868938
"79811",4.93841432220933
"91860",4.93836797031994
"2909",4.93829373156568
"8540",4.93748168433151
"27258",4.93666187498585
"81873",4.9323549735157
"84529",4.93203059959817
"5066",4.93147156426321
"7101",4.93001187323987
"60496",4.92975973900865
"84057",4.92882965947091
"891",4.92010772889593
"3836",4.91914877430448
"9308",4.91842965133862
"23768",4.91631131664977
"23122",4.91491348041549
"79180",4.91043729703081
"757",4.90608107857574
"9585",4.90534566749357
"3983",4.90489855031197
"6447",4.90218640410986
"10746",4.89979007417562
"5521",4.8993570473867
"84984",4.89742618376391
"29099",4.89709963630602
"1031",4.89693175129274
"26005",4.89557136432235
"55559",4.89192983989564
"3601",4.89188834362128
"8463",4.88807313418009
"10811",4.8872126984959
"84971",4.88078006813626
"8995",4.88014368028986
"51533",4.87946807110961
"23595",4.87854932109308
"5347",4.87830303728355
"55096",4.8775897476845
"10672",4.87746980415469
"162989",4.87578633198829
"7728",4.8723849469414
"6910",4.8719873528143
"2767",4.86660938630604
"338645",4.86407687437058
"27349",4.86368405136402
"9254",4.86150273505301
"7026",4.85377233409689
"4058",4.85174992985716
"28990",4.85130130560112
"53346",4.85008561061969
"55437",4.8476874754189
"79029",4.84761343879713
"116150",4.84711973610548
"11033",4.84256213348097
"7633",4.84247566362357
"388121",4.84242467969365
"9136",4.84130275748563
"8871",4.84055856047251
"200942",4.83965781116258
"51081",4.83910603397312
"378884",4.83555567326878
"26999",4.83231839675556
"284306",4.8318222236606
"79897",4.83169787238992
"353091",4.83032593633687
"142891",4.82950143786587
"6687",4.82931675449911
"56919",4.82710539720428
"150383",4.82329252393183
"1018",4.81990703069333
"55809",4.81918813489863
"30846",4.81674988067033
"57447",4.81455716539829
"24148",4.81284202061953
"285346",4.81147607141241
"116496",4.81106214858419
"25981",4.80994132206492
"64802",4.80754429093016
"23584",4.8067201983081
"25992",4.80456016118303
"7407",4.80340174295852
"124454",4.80308413358031
"6629",4.80011368905864
"642517",4.79643661059202
"5533",4.79354477089503
"83851",4.79245695248967
"100507050",4.7907248331389
"9813",4.79005487317013
"92126",4.78794035606013
"9702",4.78777227213533
"2113",4.78611320305699
"8913",4.78135408363042
"644815",4.77970861304167
"440590",4.77588937347586
"100534012",4.77529698242596
"284023",4.77503908597124
"283927",4.77118099924129
"83693",4.76795106106585
"4860",4.7672474894098
"10761",4.76690679392599
"84552",4.76445981871659
"9050",4.76345924576878
"341",4.76295363242745
"23438",4.76229419361111
"1607",4.76217849449252
"10093",4.75851371452992
"55706",4.75479524455051
"18",4.75236185398443
"155435",4.75044670751779
"84967",4.74643814816451
"3181",4.74478904321002
"101927423",4.74419504510925
"50484",4.74414648536144
"112611",4.74240715368525
"22954",4.73838391953531
"6239",4.73693894013905
"80726",4.73480084034584
"7737",4.73432946106364
"126299",4.73082479404368
"126326",4.72859317415705
"92106",4.72844345449166
"55255",4.72243995746634
"79770",4.72209234766327
"115196",4.72073658068197
"91039",4.71750107323643
"54942",4.71654800865132
"653333",4.71460679721708
"9001",4.71336878719707
"29943",4.71249406368257
"90317",4.71152154585962
"286075",4.71102695396347
"388849",4.70834502616771
"9108",4.70814308665524
"56901",4.70770922805604
"23589",4.70553466039288
"254531",4.7028838195389
"10962",4.7026497014564
"92154",4.70207184998008
"9866",4.70184106373307
"84286",4.70071786371431
"100288413",4.70017116829341
"84080",4.69894274883475
"117155",4.69743469749676
"401138",4.69432001468772
"5796",4.69321902401702
"7620",4.69096067359218
"285966",4.69062688295964
"3484",4.68928634617196
"11092",4.68689511391298
"10056",4.68247108524262
"200931",4.68072925204341
"1603",4.67542133152793
"5552",4.67469328766961
"26297",4.67442498426926
"84516",4.674259774623
"3563",4.67215616204015
"81577",4.67127750831391
"84219",4.67127707146542
"8447",4.67108060782382
"6425",4.66843719116044
"8542",4.66812264870644
"3383",4.66757855335454
"7849",4.6659650000047
"126375",4.66487623070447
"79657",4.6637390200028
"79712",4.66336668525125
"23396",4.66203418230314
"388327",4.6611731973593
"606495",4.65990943810151
"9722",4.65968076966307
"644596",4.65236224530013
"84942",4.65130374381375
"51259",4.65084593073961
"64431",4.65046222751964
"92482",4.64858787586768
"23193",4.64548319890701
"122704",4.64512210810253
"2571",4.64223999149563
"729092",4.6392829119786
"23276",4.63898258988256
"9617",4.63619158161186
"9053",4.63520961113812
"55086",4.63411625502697
"27344",4.63113151802761
"10867",4.63035369326957
"55888",4.62543984042137
"4084",4.62498844979424
"6000",4.62472011441999
"7465",4.62459031060954
"5357",4.62452819061517
"80741",4.6244556564594
"22796",4.62440129184534
"147463",4.62361973579732
"8364",4.62358423491421
"83460",4.62072617875421
"54491",4.61698016244073
"27292",4.61255428319168
"164832",4.61060490910447
"405753",4.60848135662505
"10465",4.6084359831004
"132320",4.60309479655895
"112479",4.60199067436025
"84617",4.59971101657698
"8548",4.59719809755439
"6917",4.59546770873737
"158431",4.5954626370791
"729974",4.59499464770743
"1241",4.59213579289825
"5378",4.59152716524984
"11140",4.59044852790385
"5274",4.5884009541737
"85359",4.58730332933778
"127602",4.5857957332162
"23301",4.58520100618242
"153443",4.58358313584859
"133383",4.58175155975284
"84101",4.57782529204392
"89874",4.57741278431915
"2948",4.57599884815258
"100288332",4.57519131909885
"192111",4.56839562296542
"79621",4.56692781910927
"9129",4.5664523774992
"9993",4.56359029605543
"3665",4.56186522419791
"65008",4.55967040435146
"256309",4.55730147373491
"5936",4.55505962340073
"64087",4.55281490746543
"126282",4.54857601566965
"3491",4.54271610670469
"8969",4.5406082218344
"387680",4.54049984908612
"80332",4.53968280977454
"2796",4.53876068075167
"8989",4.53680903320017
"442590",4.53647702133804
"25974",4.53633952860331
"10468",4.53506768865681
"644353",4.53300493565402
"55084",4.5329716468011
"8874",4.53274086733215
"146198",4.53214281678715
"84513",4.53122367910319
"160418",4.52596971559507
"28971",4.52531712291132
"150051",4.52074698553981
"728130",4.52047836634342
"94115",4.51982717829707
"1032",4.51469799157503
"84458",4.5140742267601
"11082",4.51389663819554
"5782",4.51253810916862
"286006",4.50982162276118
"340485",4.50930978296041
"201931",4.50786696983926
"83732",4.50783852178748
"4809",4.50624728317533
"54626",4.50473160576696
"4239",4.50466480595092
"90649",4.5016352621762
"3038",4.50099606524003
"57684",4.50058367363828
"10156",4.49472314437897
"65012",4.49200168738627
"55146",4.49112679413444
"80235",4.48859916143461
"123283",4.48482103311703
"51537",4.48367910037077
"9564",4.48251917574931
"25893",4.48123587526764
"149951",4.48076324212088
"3508",4.48001699965765
"728642",4.47976416160382
"23585",4.47891650305184
"117178",4.47633352250087
"6238",4.47453572799791
"5801",4.47449395340677
"84816",4.47292570064257
"65057",4.47155131890233
"79020",4.47092974977306
"6678",4.46861307979557
"54619",4.46558773956574
"55780",4.46457866795329
"79583",4.46227694249269
"1486",4.46191938765987
"2553",4.46184729533687
"9025",4.46045218721191
"55732",4.45858428076124
"54557",4.45774304580119
"130540",4.45603357850401
"55135",4.45459576964917
"2595",4.45083245400787
"1371",4.44647449363302
"4691",4.44583042624352
"4053",4.44303856110533
"102723728",4.4424004958358
"8506",4.43850491642368
"93986",4.43748465919036
"4825",4.43103382383749
"55552",4.43093926831073
"5725",4.43081932497016
"7771",4.43015525713828
"285955",4.42936130691198
"4440",4.42912619643835
"5125",4.42894187976694
"388536",4.4267370652327
"79863",4.42653142220512
"5134",4.42646048719312
"617",4.42595067036665
"51118",4.42264808286173
"80007",4.42250317436344
"7159",4.42077155930708
"388559",4.41647353429073
"9398",4.4163963825031
"285193",4.41626235765877
"1780",4.41521635791463
"29889",4.41019391090935
"138162",4.4071884759748
"148254",4.40625554966562
"29927",4.40617264006675
"55349",4.40000136156861
"79596",4.39962371704367
"55154",4.39446386944385
"84947",4.39380020603751
"138429",4.39102742759415
"124923",4.38840595482222
"118471",4.38835999724191
"84163",4.3877145575802
"22928",4.38762238840488
"10610",4.38670545948477
"8396",4.38590885748003
"1608",4.38152337394914
"10435",4.37871074412825
"124751",4.37806505379079
"348487",4.37762039042376
"23275",4.37728362268291
"29104",4.37240561757888
"23327",4.36835340698534
"25849",4.36758798197786
"444882",4.36612528805232
"375484",4.36371508624024
"65983",4.36250348363795
"10766",4.35342781202647
"23583",4.35184847395353
"100125288",4.35158073453462
"26086",4.35008993988966
"10926",4.34983161206924
"6271",4.34932766534223
"91419",4.34864007840503
"347549",4.34819646112739
"1132",4.34810236694277
"25890",4.34791768017775
"115752",4.34720785869768
"56935",4.34718937982786
"55757",4.34600972514898
"1974",4.34600927856958
"3551",4.34544128246804
"26031",4.34358980864467
"84922",4.34357921260367
"83660",4.34345152350245
"255231",4.33724687558049
"5783",4.3367357728703
"10592",4.33637461991581
"51540",4.33390153399529
"864",4.33167696620704
"4223",4.3308947418794
"1725",4.32884086286516
"5129",4.32826807926804
"23092",4.32691595535794
"23363",4.32678487280435
"116068",4.32502309203117
"11046",4.32379759748745
"23401",4.32116362140782
"26149",4.3204909808071
"84968",4.32016458175564
"145258",4.31933818250419
"83608",4.31888037359931
"1488",4.31782234683264
"144453",4.31522189766774
"4041",4.31370781482605
"196463",4.31253680464715
"57709",4.30695699902765
"100507607",4.30675658140763
"83463",4.30573315989874
"6660",4.30369022273608
"6856",4.30335245814707
"8450",4.30274184815192
"166336",4.30251291594745
"4285",4.30110718058687
"390916",4.30038696600776
"10001",4.29971912643204
"94274",4.29775734995814
"11113",4.29748946092695
"8970",4.2946725631691
"85302",4.29343543878398
"57715",4.29240973682871
"27241",4.29210533100825
"83852",4.29187999382883
"9616",4.29167163525228
"91409",4.28967307494806
"197259",4.28717842650547
"23481",4.28709657729362
"81",4.28465286162601
"7447",4.28293021353167
"10838",4.2819377011336
"128497",4.28068325874561
"2797",4.27914572209355
"81614",4.27800083952764
"23659",4.2768272365903
"6404",4.27638963687237
"29844",4.2756811177108
"90196",4.27533479258169
"9811",4.27404948926708
"170463",4.27387394147126
"199953",4.27283565487493
"2878",4.27144530663283
"23759",4.27076228253024
"1509",4.26782359794259
"3936",4.26474393970821
"4915",4.26437888041845
"9732",4.25921795274674
"81788",4.25813201421532
"646962",4.25664657366413
"9120",4.2540185683547
"1577",4.25294787532255
"6902",4.25088440929121
"55150",4.2447719639369
"131583",4.24359576787111
"54954",4.24321363252645
"2072",4.24035597017461
"11129",4.23917501725375
"2298",4.23734673410787
"56204",4.23482442258165
"80055",4.23450445415181
"79582",4.23356942900596
"653308",4.2317734752003
"83544",4.22823290410604
"2078",4.22807662358903
"25880",4.22389391524928
"5082",4.22363137951235
"9317",4.22297689737898
"81790",4.22297093149731
"53833",4.22254115529626
"124872",4.21650563378632
"51241",4.21638377362475
"112937",4.21363087471157
"83787",4.21314211653976
"5424",4.20808731398962
"85366",4.20499342302046
"3294",4.20325084817239
"11177",4.20321349156375
"22907",4.19867932862955
"84518",4.1986676542421
"163049",4.19560096420645
"256356",4.19470502772594
"7170",4.19462976479205
"142678",4.18624095585116
"51071",4.18248035697681
"57595",4.17799636082024
"79646",4.1753006252705
"57556",4.17446528423022
"84307",4.17349699504811
"57639",4.17072481472238
"826",4.16892026680878
"153579",4.16746649027634
"3200",4.16620818962718
"25917",4.16107914409998
"11022",4.16089927762071
"9481",4.16042135089997
"89876",4.15952771519386
"201134",4.15933485011488
"401097",4.15803416802845
"51209",4.15633614485938
"84895",4.15624631894958
"8732",4.15480924937996
"57182",4.14797932994264
"23098",4.14574745577738
"50999",4.14555057497243
"100529063",4.14384064178947
"200315",4.13940679195687
"136647",4.1386578876679
"64224",4.13798420307098
"200172",4.13672943152911
"27032",4.13670062429928
"120863",4.13638915211858
"221303",4.13479272087099
"5763",4.13444248551152
"54467",4.1325546287034
"55108",4.13019719223081
"55830",4.1294839806317
"7260",4.12693420564647
"56941",4.1227905459048
"9727",4.12213807142896
"6835",4.11862245960715
"55240",4.11801037890438
"4065",4.11666260973063
"84948",4.11608077722275
"57191",4.11551519264511
"8812",4.1153791488785
"1375",4.11512913374673
"83714",4.11367581489615
"5603",4.10911883522056
"120071",4.10764499902963
"10297",4.10660103510265
"4214",4.10610022594808
"79862",4.10535191745477
"4217",4.09971342638354
"192670",4.09371285938974
"389677",4.09313394102422
"761",4.09183373462834
"55071",4.09070138516263
"3841",4.08901990377676
"51506",4.08895885192426
"347252",4.08716711071445
"147807",4.08565360429937
"256714",4.08390083067194
"84929",4.0835096544884
"57404",4.08243216218404
"55063",4.08168316525534
"7336",4.08082001615355
"26576",4.08041224608999
"728118",4.07987287094227
"126070",4.07807145994162
"440519",4.07743805187938
"90379",4.07726496436101
"6827",4.07414031702655
"123775",4.07282820413091
"8318",4.07197093487772
"94241",4.06894311255943
"2631",4.06876333229452
"79660",4.06062286462515
"5798",4.05957752209426
"51715",4.05759154194669
"9841",4.0552728948405
"55120",4.05519425857044
"925",4.0530459113186
"27343",4.05078190603385
"2300",4.05011019596025
"201158",4.05006602031191
"114791",4.04677915027639
"79628",4.04506850062867
"9938",4.04359515598149
"55544",4.03957718888955
"64318",4.03679574496559
"5212",4.03634235148003
"10474",4.03474609550102
"10421",4.03460900505919
"858",4.03457812651521
"84708",4.03386965347891
"135112",4.03193276348143
"79087",4.03170268370519
"4238",4.03074380817663
"83461",4.02661564661118
"834",4.024338983963
"8646",4.02211660539127
"10179",4.0198217069828
"34",4.01980110556284
"51087",4.01913497803373
"83439",4.01716359765966
"9487",4.01587534079379
"84280",4.01358129776101
"51447",4.01300933399545
"253582",4.00787099417022
"221061",4.0072586569948
"253714",4.00339016169759
"23641",4.00320537539352
"10403",4.00268493948693
"57701",4.00242048135873
"55069",4.00026687075484
"23129",3.99969810565834
"30851",3.99904569958844
"8938",3.99828501938057
"221154",3.99466220806161
"163786",3.98604158407675
"63976",3.98294378266548
"124989",3.98173768060885
"440400",3.98110915650775
"206412",3.9791430671476
"286527",3.97821824147479
"2550",3.97265833425685
"728294",3.97035890730715
"92305",3.96971518636441
"8021",3.96461140847796
"54765",3.96005370837267
"79905",3.95843053520446
"57624",3.95293662121647
"10951",3.95250110889731
"64981",3.95004801122182
"253980",3.94965672718047
"26256",3.94632858032561
"9693",3.94503330373393
"134510",3.94372468510997
"5028",3.94362661153109
"392509",3.94248841180205
"100310812",3.9413708895764
"10419",3.94045518260701
"79366",3.93943620102911
"90353",3.93765175593733
"153364",3.93493256530927
"56548",3.93400652371065
"222865",3.93057848169899
"23498",3.92745744432797
"3239",3.92722588446998
"548596",3.92659119049323
"4582",3.92651880446979
"64288",3.92572954887382
"84265",3.92315213186237
"329",3.91753746440215
"5721",3.91680052956594
"63906",3.91643604931345
"51548",3.91507335113296
"28227",3.914465886974
"51559",3.91363103152539
"220992",3.91284715708231
"79165",3.90957100842182
"91304",3.90791116109113
"113829",3.90609773237914
"8365",3.90390112139404
"11197",3.90318161010942
"400916",3.90290994799455
"8574",3.90196077742801
"54471",3.89929386041328
"84210",3.89854854899219
"7286",3.89454741934103
"94059",3.8925798511235
"23059",3.88939307827332
"283489",3.88730986018303
"79887",3.88698166392322
"1756",3.8850139333557
"55111",3.88447040262765
"3753",3.87976463500905
"374291",3.87859499995357
"92283",3.87816747457249
"1192",3.87482381437291
"134637",3.87367334058358
"100170229",3.8731952674157
"2524",3.87144122566763
"119504",3.87012980834095
"440836",3.8689888067209
"284131",3.86800990607716
"100507588",3.867394410377
"140564",3.8668308689703
"1761",3.86610197119707
"55214",3.86509877814142
"114548",3.86488108610616
"993",3.86380266732558
"2706",3.86293455781751
"11277",3.8611071443558
"23189",3.85584520134272
"340547",3.8555313302584
"64208",3.8545939002465
"50861",3.8531521310691
"407",3.85284786493501
"10325",3.85263665666936
"56103",3.84974490006209
"6396",3.84962386337817
"80224",3.84814953791502
"7007",3.84753714843823
"10910",3.84687521030087
"57680",3.84289031490983
"467",3.84250684719094
"142684",3.84143495175106
"9839",3.84000230155673
"309",3.83872656131661
"29066",3.83391844410313
"3955",3.83162700892892
"6432",3.82734017695259
"5036",3.82711157531617
"84197",3.82677826170337
"84612",3.82589060216179
"6199",3.82482884381001
"2617",3.82464235945478
"2784",3.82405857848886
"92840",3.82292848535212
"311",3.82066355279943
"79629",3.81882569280725
"28968",3.81493177087393
"148304",3.80973957913892
"1155",3.80866170820402
"56259",3.80793841219315
"83895",3.80735387180545
"83666",3.80216695475072
"8202",3.79998582575737
"55848",3.79579119185771
"83479",3.79462505125426
"11231",3.79208071356314
"3216",3.79196572488701
"55640",3.79019687041285
"2199",3.78916646848358
"64132",3.78847531208869
"167227",3.78469609526398
"114781",3.7834468113053
"66005",3.78109235852934
"54910",3.77711628638135
"23164",3.77615828075284
"83444",3.7760873486952
"51631",3.77461711501125
"6252",3.77021697851512
"100653515",3.76946886733321
"80144",3.76884833309595
"93010",3.76725327845981
"121504",3.7665453116899
"1352",3.76530509300149
"3113",3.76430491178757
"93659",3.76233967672361
"285203",3.76227339709287
"55421",3.76165046584856
"11237",3.76145765511763
"30061",3.75990316508179
"2882",3.75867669208383
"1520",3.75423950236108
"55138",3.75115743232676
"130026",3.75044516772604
"124790",3.74579079187364
"55186",3.74444418237826
"7755",3.74104343646321
"6397",3.73985370584411
"250",3.73984245301053
"92565",3.73933246390665
"7867",3.73737407362313
"92181",3.73565754082494
"404550",3.73223036329901
"29907",3.73127799732856
"333",3.73124721648431
"57512",3.72868436616118
"9329",3.72704974330748
"23341",3.72248336771693
"51030",3.71658338860031
"10655",3.71570854726114
"90025",3.71526450875989
"5330",3.71442778184373
"5257",3.71107765089636
"55957",3.70922533823546
"146227",3.70497218466598
"9091",3.70041997898912
"56132",3.69985433897
"54442",3.69573641466583
"7566",3.69462865955924
"152992",3.69365310632897
"84456",3.69249296891551
"9684",3.69160502838335
"29946",3.68926282268295
"5101",3.68776143541957
"57326",3.68614462405665
"84795",3.68305963833793
"1723",3.68203747064177
"8633",3.68066989178925
"389432",3.68062488097185
"283537",3.67950528475313
"4913",3.67839873785874
"9791",3.67443902941388
"79886",3.67359248700606
"344787",3.67322865568629
"115749",3.67212141895148
"27035",3.67202963764238
"7130",3.67174611501823
"606553",3.67155562175236
"4541",3.67047412563464
"6450",3.66945583418753
"2116",3.66635401754083
"55014",3.66578587075903
"3218",3.66522165508903
"90506",3.66299650889243
"7004",3.66214486543836
"114827",3.66039739360061
"345462",3.65947838349051
"9630",3.65926805780324
"4139",3.65831431352149
"6448",3.65818009308805
"89884",3.65773470706983
"51593",3.65733823346604
"768211",3.65344324716708
"705",3.65029496100092
"3054",3.64935029118292
"25794",3.64702033019188
"11132",3.64655953157749
"102723475",3.64500059980203
"124783",3.64301873967694
"55704",3.64300645396011
"1160",3.64082804229108
"91663",3.64035447386962
"3066",3.64025491450919
"100820829",3.63943125784575
"6103",3.63924737539614
"751071",3.63783040211847
"101060226",3.63572074798297
"22862",3.63562763132052
"5646",3.63469928806596
"85480",3.63300296976867
"5437",3.63250255482166
"29970",3.63160228022548
"7546",3.63105781580357
"7103",3.6295825486776
"122830",3.62825228287978
"57569",3.62807039185486
"25862",3.62752287018826
"643596",3.62694627775636
"5884",3.62667099888806
"9197",3.6254680707221
"114569",3.62542750889221
"127495",3.62031482327926
"57549",3.61938414263695
"115825",3.61132628483999
"5451",3.60903981474746
"102724843",3.60663690958796
"102724951",3.60663690958796
"113730",3.60589231865768
"4171",3.60374745137228
"116843",3.60159704272724
"4071",3.60000449940823
"9465",3.59990652819072
"50943",3.59946226588014
"1489",3.59819471800407
"6206",3.59701960027846
"79161",3.59558621655459
"642778",3.59528949862713
"127343",3.59113396678241
"167691",3.58950839491191
"60678",3.58582489682093
"84078",3.58011489636863
"10314",3.57841816458651
"5076",3.57829288676762
"54995",3.57797380444137
"56146",3.57746887208468
"2004",3.57738192770983
"92579",3.56982417151683
"56006",3.56664115298947
"56672",3.56608257650484
"151295",3.56272656310704
"116064",3.56260632417144
"2588",3.56164708908066
"144608",3.56091112404026
"55740",3.56021114501132
"64843",3.56008941832575
"124044",3.55791027878175
"7384",3.55563251828581
"9111",3.55205603359628
"64960",3.55142025085104
"25865",3.54882969055117
"6152",3.54498151563329
"10102",3.54479408893511
"22866",3.54436405612168
"9726",3.54398243781104
"391356",3.54334044374171
"145788",3.54251271488861
"9473",3.54237689124052
"340543",3.53652640124812
"347454",3.53604012273636
"3576",3.53241938583526
"284654",3.52952746831568
"164781",3.52946221183569
"22950",3.52704383207195
"100287932",3.52519632366252
"2921",3.52434336631504
"7182",3.52340200862251
"57562",3.52243702277565
"94031",3.52092141672366
"53335",3.51947688912178
"9380",3.51915471850739
"26061",3.51898282781565
"654483",3.51833580320573
"1813",3.51769505131022
"199223",3.51680701295924
"83855",3.51581858599674
"55283",3.51555011010556
"54851",3.51524698288246
"11004",3.51227755910745
"6428",3.51224910700556
"9014",3.50858597429692
"11100",3.50142690066005
"4602",3.50066715639905
"23246",3.49844965798561
"10045",3.49660654705073
"10765",3.49205076821372
"259307",3.49117985001717
"522",3.48988442568637
"147007",3.48857060846252
"51374",3.48730201420714
"79693",3.48649582190926
"128414",3.48534719918688
"2526",3.48349873842778
"146456",3.48140132269674
"23302",3.48099619867301
"116841",3.47837192521431
"6424",3.47822321757884
"5959",3.47793484718096
"63035",3.47699281923876
"113763",3.47675851105253
"3187",3.47637866538045
"196410",3.47612623868968
"23403",3.47470812726435
"5335",3.47304534389458
"85365",3.4713589155839
"10589",3.47075955705948
"9361",3.47074082718733
"51696",3.46637473173673
"10111",3.46047644691403
"54532",3.45907266022894
"9205",3.45751261420386
"8690",3.45447149390012
"220929",3.45325804656115
"81572",3.45319491536215
"23383",3.45289563668973
"81887",3.44963408530027
"7009",3.44064308881311
"9146",3.43297929470279
"79929",3.43241904007949
"54825",3.42926780953325
"84864",3.42809190945359
"79915",3.42783640027952
"11187",3.42717357463217
"8500",3.4251481635456
"54466",3.42437004890686
"80117",3.41928954226189
"5130",3.41699972492082
"653125",3.41492092051127
"23597",3.41429339228486
"3685",3.41384983279335
"51025",3.41257188352003
"10013",3.41243890893701
"435",3.41213126171913
"10229",3.41098408596637
"30837",3.41082648110856
"100507290",3.40646146905084
"51764",3.40418304981074
"57677",3.40280769793577
"80298",3.40060877635352
"134",3.39961620584255
"25861",3.39787711094861
"6728",3.39704603482695
"353497",3.39462150692796
"2483",3.39153935986515
"203102",3.38841740445006
"1457",3.38816022609054
"149840",3.38732423261266
"23160",3.38273112155406
"23423",3.38236488972951
"81786",3.37928800564218
"221468",3.37860590224888
"60509",3.37774351589464
"2596",3.37763926534617
"4897",3.37626787493328
"54482",3.37567018027844
"4613",3.37451626422093
"84675",3.37280683051768
"51163",3.37191315308081
"1662",3.37190064680338
"285343",3.37127285827201
"11076",3.37053141921863
"79697",3.3693209483195
"10585",3.36918545719389
"81832",3.36765640281656
"8632",3.3675090068803
"51106",3.36567097255334
"6782",3.36331511505397
"80177",3.36137420922762
"2592",3.3611777848061
"51289",3.36046364896671
"6609",3.36031794808896
"6166",3.35949680880825
"84154",3.35805994053619
"100302652",3.356001044
"90576",3.355916673323
"84254",3.35470085485788
"51367",3.35360508248332
"148534",3.35234181265479
"100131378",3.35084268994081
"9966",3.34813572742814
"9358",3.34719161001554
"2022",3.34654934073704
"94032",3.34449360482031
"8787",3.34189163910516
"54904",3.34178635633353
"22897",3.34173961953246
"7051",3.3399550266998
"51286",3.33902022070196
"8178",3.33874784951642
"7162",3.33748550043467
"11325",3.33735616411663
"1633",3.3367191739196
"342979",3.33417612484415
"5203",3.33416835830671
"7098",3.33406677268385
"83903",3.33265353696315
"1434",3.33254906466712
"558",3.33227929395551
"23255",3.32867031321807
"11328",3.32729756520031
"23398",3.32623461412049
"29085",3.32439917581201
"79602",3.32202973672851
"8034",3.31999257512272
"149499",3.31803353316773
"339327",3.31790153833818
"7695",3.31510434049594
"8428",3.3134755970412
"7064",3.3125940259968
"60673",3.31228736976943
"10588",3.31197619546253
"64175",3.31145399781645
"84830",3.31018011699744
"23513",3.30896965488269
"286097",3.30815170084825
"6253",3.30317756175254
"29775",3.29898875991113
"23133",3.29895396166736
"26060",3.29834872289725
"9595",3.29778347943676
"26267",3.29701115363944
"55812",3.29118326704439
"6347",3.2903451454521
"3606",3.28828595458448
"51691",3.28818744380111
"8291",3.28732954798039
"2353",3.28652996108229
"338917",3.2803390418788
"25847",3.27900964933214
"2968",3.27718913180577
"57142",3.27455673800442
"2743",3.27421937784245
"3978",3.27409587757052
"6434",3.27317714013405
"26054",3.27121619583208
"25950",3.26965027835532
"54931",3.26956695056807
"647087",3.26776493437443
"22990",3.2677520343414
"146542",3.26746619052231
"2124",3.26492631824696
"29094",3.26282983727801
"126074",3.26107699778599
"23770",3.26103845902938
"27173",3.25887992368775
"9201",3.25527978202635
"10981",3.25120076311747
"414149",3.25110319352318
"8120",3.25072404488611
"79841",3.24265146549349
"6799",3.24199865290898
"387921",3.23945663941578
"54939",3.23375208204257
"5923",3.23333096264434
"5576",3.23191829397241
"808",3.22729669759438
"5672",3.22628806921169
"56954",3.22479006356202
"23491",3.2241348931407
"7733",3.21685486281115
"145282",3.21657995734661
"84836",3.2150100165461
"2804",3.21268775498518
"54928",3.21134761644836
"54882",3.20828537375572
"28951",3.20694670746575
"80149",3.20517793522323
"55815",3.20385432514282
"3241",3.19322322886357
"6580",3.19266223629194
"85014",3.19107283338653
"8320",3.18896818917853
"84292",3.18895797018484
"54948",3.18554086496328
"57179",3.18523260521626
"7571",3.18487740825499
"56112",3.18487329960204
"347051",3.18319566159147
"9927",3.18287125370166
"8353",3.18200501730803
"79733",3.18136924068995
"1778",3.17753591145609
"7109",3.1764037661448
"124245",3.17404105595741
"4589",3.17399635305713
"266977",3.17275909473792
"84220",3.17244914341414
"23625",3.16875884295065
"284439",3.16636726758273
"84128",3.16564693354666
"115209",3.16471643393848
"8174",3.16377196332123
"402415",3.15976947702771
"2324",3.15868671724469
"51729",3.15849297574347
"8416",3.15387245149417
"28996",3.15236816341242
"23743",3.15225985440067
"7223",3.15195431846263
"729262",3.14935558262016
"55810",3.14657857395572
"5155",3.1464631737216
"48",3.14630752013161
"343521",3.14528331491969
"4729",3.14411125047271
"27291",3.13757042948599
"57862",3.1371761365577
"91442",3.13679942674712
"84875",3.13589137570987
"10042",3.13206959704341
"10293",3.13160634993858
"27097",3.13041574007913
"25764",3.12957278606111
"55975",3.12951215520148
"118924",3.12948149582354
"53339",3.12692037564842
"8819",3.12686179694139
"80775",3.12451926183835
"83871",3.12417210671175
"9855",3.12022987384007
"55825",3.11928654088041
"9962",3.11624181652453
"51430",3.11587868803359
"25948",3.11583926768376
"149371",3.11449890114993
"151230",3.11413611401117
"9848",3.11313839496251
"3743",3.11108637874326
"10726",3.11059830199459
"85319",3.11028971945737
"55876",3.10739443228129
"23099",3.10660000629102
"162993",3.1043598558302
"8345",3.10361869613061
"130752",3.10162710903444
"122553",3.09937126740415
"7547",3.09841374552384
"728047",3.09807242578114
"23367",3.09609885501965
"118424",3.09585417910518
"5342",3.09551846769563
"283933",3.09479528568422
"648791",3.0942206193726
"64168",3.09382698069082
"190",3.09311494670993
"6193",3.09127943325576
"6007",3.09027094731693
"10225",3.09008740321736
"57118",3.08815410008166
"51564",3.08529692595093
"220382",3.08483671118796
"140545",3.08422547572349
"5600",3.08344404659289
"1943",3.08309863800546
"2956",3.08300034428352
"64091",3.07782328992752
"55636",3.07713003768369
"169270",3.07681830988216
"84665",3.0745584074402
"80017",3.07173161178516
"9508",3.07052970980704
"6035",3.07031968185965
"6165",3.06829147727111
"8761",3.06644504361971
"2967",3.0653055109111
"339883",3.06485117097195
"55646",3.06267171442733
"54145",3.06266238251401
"79944",3.06048540705122
"124220",3.05852768661383
"283377",3.05647010568294
"4973",3.0544794362552
"1491",3.05423284066876
"2316",3.05190434088236
"3861",3.05121561030078
"6847",3.0508344591443
"10406",3.046266323399
"6621",3.0448630128338
"55184",3.04317449591857
"85376",3.0414185291928
"113174",3.03999410702104
"90864",3.03761745849763
"23293",3.03586627450455
"2246",3.03431108875378
"53342",3.03141136038721
"10755",3.02975021648282
"9107",3.0294431243778
"6495",3.02713222545918
"666",3.02374269750706
"2634",3.02354338242455
"23475",3.02308590691033
"55798",3.02301490768683
"222171",3.02229129384599
"79739",3.02224744805078
"254359",3.02213157163478
"374899",3.02180431479924
"22888",3.02122300467892
"27143",3.01971102435333
"51002",3.01962458408763
"440138",3.0183712763099
"8372",3.01796126876997
"55039",3.01706027885344
"55208",3.01649080465528
"387700",3.0159109347957
"197021",3.01591050046311
"85379",3.01465875032986
"4487",3.01298822237562
"54436",3.01261478051059
"124401",3.01119463237059
"7079",3.01056508952254
"494513",3.00992009806044
"254263",3.00768760257793
"91298",3.00663465351296
"79735",3.00481073366348
"127833",3.00268436889693
"254528",3.0015456844873
"115207",3.00053991220423
"29929",2.99428421778838
"147685",2.99323882229333
"200035",2.99295269097943
"6876",2.99214088270545
"5700",2.99171237566743
"8916",2.98393991381589
"8814",2.98345428638312
"401541",2.9782740373785
"256329",2.97824084550107
"23274",2.97729690516494
"79823",2.97644394626028
"51029",2.97388747990411
"79363",2.97324959066925
"1831",2.9709705084602
"8233",2.9696779080417
"10466",2.96499536105184
"6415",2.96379987918421
"200350",2.96361157701168
"8339",2.95709809277634
"54517",2.95532081034995
"115677",2.95237445346255
"3184",2.95126634561064
"55681",2.95000883927575
"8890",2.94930238356344
"55036",2.9478454272308
"64641",2.9474660580562
"54813",2.94664270951034
"144348",2.9443739162491
"5516",2.93662368877749
"51655",2.93527249824656
"6916",2.93314963941217
"149986",2.93294126619987
"1787",2.93117783090288
"57799",2.9308683296816
"55308",2.92998126818555
"6134",2.92901164763059
"10991",2.92809873649494
"60494",2.92711462182068
"206358",2.91986480035143
"11151",2.91982743348924
"155066",2.91845822013426
"23216",2.91797327708308
"9016",2.91646950257441
"55198",2.91437426191038
"22979",2.91351943553174
"132321",2.91344725976327
"9881",2.91161624128427
"489",2.91052541111341
"23587",2.91028477203267
"55171",2.90937089862944
"1890",2.90925577376914
"347734",2.9082231786562
"271",2.90737680278369
"7014",2.90714543568291
"23378",2.90043219847412
"51491",2.89993816559144
"51244",2.89854816768178
"79630",2.89519223024405
"11181",2.89506210645126
"153090",2.89336837085262
"56140",2.8898524629034
"65263",2.88728246319086
"129025",2.88410130897414
"85413",2.8838165393439
"147741",2.88284560959624
"57169",2.88250586663852
"23192",2.88217381071035
"116412",2.88181103169656
"78987",2.88158687015409
"23670",2.88108313714845
"56242",2.88098941967556
"9138",2.88026512970165
"3201",2.87262450292784
"55356",2.87194860030914
"402",2.8718549265278
"93611",2.87122292959498
"150159",2.87119387614137
"27340",2.8709082657816
"147920",2.87083330575666
"10677",2.8702450815062
"1632",2.86925667081931
"2890",2.86790377693593
"4987",2.86749959223414
"50848",2.86696912914749
"8260",2.86429320155206
"84240",2.86159982267184
"4299",2.86013204515714
"23005",2.85828516548995
"124540",2.8556804028262
"5244",2.85008314024192
"126014",2.84642535655593
"10018",2.84435334086145
"11001",2.84336465589931
"388591",2.84327573496795
"51188",2.8432412900131
"5738",2.84237501222306
"7568",2.84160113869772
"9409",2.84046896641306
"90835",2.83658243768444
"10683",2.83636512861905
"57558",2.83553542689981
"54938",2.83538682956223
"57863",2.83320958677242
"85403",2.83230311361001
"222389",2.83195549396443
"638",2.83114080661451
"23671",2.83094023818135
"84960",2.83089622183144
"219348",2.83039239546347
"55787",2.82537151037244
"129607",2.82245018634188
"100130348",2.82144511766327
"256987",2.8208790216379
"134701",2.81957436700233
"64795",2.81877654733377
"9716",2.8170070966123
"54555",2.8163672680733
"8826",2.81619446824002
"843",2.81409489399623
"51343",2.81351034241801
"8045",2.81252761245095
"9289",2.8124325637523
"145957",2.81184676894352
"84803",2.80975960095899
"93183",2.80969540262
"10112",2.80965373088657
"5051",2.80909157805136
"29114",2.80651037126419
"11193",2.80563846718864
"8877",2.80482154587701
"9214",2.80439074161227
"374875",2.8030912950274
"91461",2.80149755111972
"9410",2.80037618796375
"57643",2.80020672303369
"81034",2.79813818039218
"647135",2.79749336765223
"29995",2.79274157236868
"126248",2.79110562884756
"152185",2.79063304052378
"2947",2.78875415482872
"8805",2.78845062459391
"129530",2.78794719113438
"282809",2.78663815844604
"130940",2.78254098146729
"100130742",2.77848309034536
"8427",2.77700532372135
"7166",2.77678333948578
"60487",2.77658547932647
"57104",2.77361122303629
"5753",2.76999096953802
"185",2.76807708854366
"25999",2.76592253331882
"22841",2.76498230825946
"5558",2.76431562291525
"286183",2.76254823379167
"79412",2.76034290217501
"54951",2.7590494481707
"340156",2.75881140093432
"221806",2.75739437871013
"55227",2.75735300001186
"128853",2.75689061129966
"11161",2.7561472440029
"575",2.75185868203561
"10891",2.75161735168889
"10715",2.7514149503413
"374618",2.74825780787741
"27074",2.74595147610037
"6795",2.74080500062571
"653149",2.73852288738958
"3490",2.7368382753233
"57572",2.736711305808
"29992",2.73646147567797
"7056",2.73643047499689
"10221",2.73621537586129
"10344",2.73483265220509
"7761",2.73307250400437
"220388",2.73243370787921
"11141",2.73191118481012
"23195",2.73116937419649
"799",2.73032222995012
"7389",2.72713597372791
"731220",2.72658351533001
"55013",2.72637909810727
"1902",2.72528046356697
"57710",2.72302523447356
"3600",2.72258549375735
"10644",2.72250172533401
"123016",2.72139647105069
"51076",2.71989798612278
"4359",2.7183815170195
"29968",2.71789051824132
"84364",2.71518768375124
"348793",2.7146937667987
"54707",2.71427775084386
"56113",2.71411757159105
"2786",2.71301214365091
"30819",2.70873434907064
"202374",2.70868839346656
"80821",2.70862639207211
"22930",2.70850427897414
"57608",2.70833011200693
"51329",2.70616177300304
"89887",2.70606728684559
"148266",2.70314855088253
"55192",2.70302969314209
"23111",2.69821493553547
"6566",2.69636203824452
"79096",2.69635735263501
"64344",2.6917664426438
"51001",2.68879644525561
"203260",2.68688677659425
"56915",2.67279433128268
"10536",2.67217882216604
"2962",2.67002876899611
"196993",2.66834563571866
"6502",2.6632502132117
"8187",2.65924096788244
"23350",2.65843776134276
"196951",2.6575017920728
"79839",2.65687184199574
"5966",2.65656206014817
"64432",2.65557641635329
"10621",2.6554171198368
"51062",2.65472591279503
"653583",2.64980871871096
"7087",2.64938568119285
"55230",2.64932695835036
"145748",2.64271080208794
"23554",2.64251905196638
"56945",2.64101356951671
"28973",2.64080366451807
"25929",2.64039439170247
"1746",2.63569197607338
"883",2.62892784570007
"64428",2.62779166509855
"643382",2.62772611057912
"340120",2.62717146624263
"195814",2.62641684901238
"4821",2.62575726569655
"23590",2.62045890679016
"261726",2.62005170379195
"10848",2.6181231879487
"26257",2.61793544833057
"10733",2.61412536930414
"221481",2.61346570702495
"5458",2.61296617798289
"5599",2.60902281125991
"100128108",2.60859171351388
"4968",2.60721805467425
"9459",2.60628006916963
"80167",2.60558315930645
"339488",2.60540481263832
"53340",2.60424998060366
"285533",2.60405428856752
"785",2.6033383158184
"11015",2.60152618506217
"256126",2.60084650291184
"27098",2.60019513288352
"51004",2.59512867081435
"163071",2.59051212425572
"64219",2.58850009340482
"5554",2.5840840858866
"64895",2.58018926019794
"645426",2.57681933264071
"10163",2.57675393725542
"375316",2.5745700987432
"6431",2.57424860861323
"55733",2.57019338915129
"147660",2.56918110256046
"57224",2.56576592721283
"23456",2.5657180336756
"147",2.56455694230547
"399694",2.56382529272334
"9368",2.56261309883325
"80020",2.56131001482133
"2108",2.56042362414176
"151827",2.56014122694567
"6093",2.55908851531416
"5805",2.55668175078476
"84869",2.55595052550031
"6662",2.55382614864824
"5634",2.55267834717973
"2315",2.55104653192425
"54932",2.54797935253842
"55256",2.54791791099409
"4839",2.54731282858603
"27115",2.54727669584693
"641649",2.54598327891042
"25788",2.54588536718536
"729540",2.54582439356941
"7027",2.54527215403954
"79019",2.54377880187023
"142686",2.5424854839014
"3276",2.54097892984515
"10106",2.54049496924731
"55425",2.54006773705903
"3791",2.53889083086486
"54414",2.53392554351063
"55661",2.52869137429739
"23630",2.52836950575315
"29803",2.5266563643054
"23060",2.52558238045799
"7700",2.52505191186497
"93664",2.51985351227354
"2193",2.51896301941435
"2194",2.51882162248252
"8618",2.51748711951114
"54739",2.51431858652165
"9101",2.51146742437979
"23524",2.50844093227805
"9757",2.50776522263038
"729920",2.5068290443429
"84274",2.50535533927322
"285",2.50499507252489
"286148",2.50341494411634
"154064",2.50063967504935
"56898",2.49909876835951
"4257",2.49867029098596
"116442",2.49725716140488
"56",2.49613507651022
"114790",2.49202180377004
"23233",2.49004131794254
"123263",2.4871342595203
"3889",2.48603343421986
"340075",2.4855420383716
"84376",2.48491750825869
"353274",2.48400132389333
"1212",2.47590479609239
"408050",2.47449405524173
"23065",2.47333605886985
"9904",2.47009529653056
"55937",2.46831447352254
"8935",2.46814931002379
"3174",2.4674565120014
"8438",2.4672457057513
"5362",2.46554201155352
"29985",2.46352001629863
"400566",2.46277157612296
"8987",2.46142240343672
"29894",2.46127403801606
"83729",2.46118224667446
"83941",2.46016568460345
"51234",2.45743438640068
"84879",2.45735377114116
"8490",2.45218785485032
"131034",2.45130501563937
"646851",2.45111397433271
"114822",2.45065614965324
"1412",2.44993890813864
"83595",2.44888303149348
"8822",2.44444898966418
"23417",2.44309709173339
"58985",2.44220701146542
"81618",2.44192773877267
"9057",2.44164234797986
"2322",2.43975676463504
"10000",2.43928130503987
"54675",2.43817121193359
"51103",2.43670471960055
"55093",2.43648109570452
"2555",2.43539831101526
"8773",2.43425380121974
"84206",2.43405514267932
"22859",2.43380885333154
"84457",2.43283539420884
"116842",2.43194066202263
"3843",2.43064860063955
"110806298",2.43039817382987
"9743",2.42941550574595
"8503",2.42854381732339
"5874",2.4275506282079
"11171",2.42751612267285
"23016",2.42718537173347
"55342",2.42648977096984
"7150",2.42583621192568
"1056",2.42113530169187
"151903",2.42076012840894
"126567",2.4206562380474
"23413",2.41997784982351
"147991",2.41894906335833
"201232",2.41659559792262
"64756",2.41535915795613
"10343",2.41441170008777
"55094",2.4125528976214
"7988",2.4112052967638
"80271",2.41051368307795
"23308",2.40964484931159
"116444",2.40867052973134
"389084",2.4077739632895
"51174",2.40713293027308
"29105",2.40599043285449
"79753",2.40366800935797
"92797",2.40160884049405
"60",2.40088083424255
"652",2.39681156967979
"2542",2.39312890420478
"63940",2.39238464498673
"55314",2.38953068823791
"84688",2.38823995595854
"26098",2.38797830729881
"119392",2.38637474723731
"9982",2.38484038271962
"126003",2.38177392493082
"80135",2.38066274694937
"55586",2.38060450378031
"25934",2.3803763843561
"55145",2.37884258517364
"7710",2.37738163505028
"403341",2.37703197693758
"1844",2.37357381571348
"440730",2.37289472870986
"10326",2.37176223426078
"84769",2.36782426517242
"284338",2.36390856861682
"54756",2.36279139662546
"3782",2.36178861538249
"3351",2.36077423592445
"9538",2.36071388061655
"282679",2.35985048286224
"10713",2.359513855913
"2135",2.35553773674112
"60592",2.34523247053508
"83694",2.34516096330295
"84109",2.3438629339117
"79088",2.34176887025544
"1909",2.34019778561449
"1824",2.33775451496577
"1381",2.336303701651
"79736",2.33612500731497
"84281",2.3334786697305
"4599",2.33282201354194
"11023",2.33186607842244
"6117",2.33068423943153
"26056",2.32952821855446
"9369",2.32825116851483
"51619",2.32774780130183
"55076",2.32439103646951
"55607",2.32428064541894
"5261",2.32390902533729
"256643",2.32244507482171
"29952",2.32065928550645
"338699",2.31997765072998
"26206",2.31807115818211
"79725",2.31725922731415
"8241",2.31693665017782
"26519",2.31540619340268
"55328",2.31059979754589
"149473",2.30899877153693
"129685",2.30874643302255
"353174",2.30670968772422
"114882",2.30543756395707
"644974",2.30337709740745
"221302",2.30249160720137
"348751",2.30148432994118
"84072",2.30093123879161
"5201",2.29954580874435
"1453",2.29839400564301
"93550",2.29702640470751
"4673",2.29390270652458
"9312",2.2933276384876
"6183",2.28935053283624
"375791",2.28898636216743
"51773",2.28595570334488
"627",2.2852639986598
"752",2.28335755749195
"4172",2.28203802279295
"7485",2.27603690387232
"55222",2.27557048293862
"57630",2.27532670468643
"728492",2.27388075651294
"54148",2.27070336895376
"85013",2.27017120401497
"10643",2.26792489389577
"219738",2.26337172125964
"200081",2.26321434025268
"127579",2.26236996362233
"50856",2.26090245505852
"63932",2.26035114893437
"3014",2.25997881303815
"126969",2.25946215922514
"8864",2.25482202515304
"342977",2.25424407334428
"6047",2.25320385307093
"3595",2.25215761458415
"3552",2.24836483366815
"5537",2.24628837179904
"79869",2.2446736091747
"10600",2.24457938461763
"79676",2.24403505509376
"7625",2.24339857910663
"167555",2.24104774759741
"3730",2.23815192355422
"100137047",2.2372469777362
"2172",2.23517352380099
"54915",2.23268535937628
"51291",2.23230231804835
"93589",2.231551443111
"3690",2.23041739271319
"924",2.22923332000559
"8605",2.22686680159957
"5920",2.22578002923762
"140838",2.2253160032551
"57685",2.22414662227875
"1718",2.21661736438663
"79803",2.21437509473011
"3572",2.21415938085812
"92400",2.21340371786934
"81931",2.21068528507588
"51222",2.20948355196957
"79713",2.20918345878266
"84944",2.2079712085365
"10826",2.20633015729374
"257019",2.20574069658058
"8200",2.20529769000246
"4828",2.204548532576
"8669",2.20389691924802
"51067",2.2035304634657
"30820",2.20164515114588
"84059",2.20032541890418
"203859",2.19870204444388
"6874",2.19769270011363
"5245",2.1944077372545
"147381",2.19402964271774
"2852",2.19127170314598
"10616",2.19121856256733
"10554",2.18914734504867
"10793",2.18825706837264
"9683",2.18776437538278
"55153",2.18726807747356
"4668",2.18633500447271
"7539",2.18628234192216
"7092",2.18334337559197
"1543",2.17953445808985
"129563",2.17904387407902
"57634",2.17465161216793
"84330",2.1728310447235
"30817",2.17252470596975
"780",2.17102867958766
"339745",2.16931945007034
"84750",2.16874997044529
"6602",2.16790267770975
"92935",2.16640939363632
"54893",2.16604032842507
"55620",2.1642383997683
"54802",2.16406657288798
"130535",2.16255775758828
"196403",2.15900261589446
"79000",2.15822118585262
"89853",2.1566673622906
"339983",2.1528688562675
"23431",2.14955736305082
"1000",2.14887035163107
"151254",2.14787212727809
"27152",2.14559890199477
"266747",2.14491552111685
"58506",2.14462740501562
"10322",2.14371796748943
"389336",2.14245925547557
"80162",2.13961031768385
"84203",2.13558214071476
"8487",2.13191095983361
"50651",2.12949184518639
"79442",2.12845609145335
"56659",2.1279759627503
"50939",2.1272000029127
"8915",2.12474773938642
"623",2.12365199822176
"22845",2.12284765713019
"4204",2.11546289455939
"201798",2.1106402824345
"1395",2.10935172348125
"84273",2.10911728046547
"222223",2.10703401173086
"6520",2.10674848307377
"85455",2.105315002498
"64925",2.10460638441226
"2581",2.10388246420292
"131965",2.10348099752787
"81932",2.10304351737445
"80201",2.10154371668207
"8532",2.10074206415612
"6892",2.09951816355427
"92312",2.09820979153533
"8148",2.0947098897247
"158158",2.09333131723267
"56899",2.09064978390984
"8893",2.08921016918188
"222194",2.08905538112254
"91683",2.085953133924
"29998",2.08395064302413
"2118",2.0826924960708
"221120",2.08201011713266
"11234",2.0819191976331
"9501",2.08182085871521
"738",2.0799740457061
"158046",2.07967242296381
"9098",2.07880174828953
"388566",2.07750851148213
"920",2.07742663636325
"161779",2.07544225771987
"5509",2.07508514107191
"22934",2.07465505983672
"2597",2.07311780880156
"54617",2.0726699655537
"84189",2.07256267637637
"3104",2.07206104627867
"3297",2.0689517805347
"10817",2.06549658709144
"7186",2.06426988501308
"146429",2.06407111490289
"1186",2.06121737771935
"5933",2.05947642213565
"474383",2.05882819993127
"8790",2.05790618496271
"983",2.05624596921202
"1869",2.05090990817706
"158234",2.05030386510064
"25963",2.04855706049655
"10758",2.04734382486742
"2800",2.04669681494436
"6794",2.04635333573285
"117247",2.04528259711632
"64089",2.04427789228308
"22938",2.04408634100362
"65999",2.03814871939592
"55016",2.03280563825223
"285331",2.03116473432596
"8601",2.03105712460892
"57544",2.02399762976357
"6421",2.02199035208107
"6102",2.02117347576158
"2908",2.01674282429755
"90594",2.0147242627322
"839",2.01238870770027
"2329",2.01164770232916
"1101",2.01067949218503
"10073",2.00803550429224
"84656",2.0032344558423
"4804",2.0027816252132
"167826",2.00259483519024
"347744",1.99949467309346
"13",1.9909918638676
"284349",1.98977347834513
"6161",1.98824725921008
"23269",1.98650430886634
"6634",1.98175685154397
"163933",1.98068865473208
"27040",1.98014496019635
"120114",1.97900903298142
"85019",1.97782551909673
"91408",1.97715196112846
"55759",1.97622011208623
"94056",1.97568141731835
"10641",1.97542763512895
"7381",1.97495934954867
"51735",1.97402636758446
"5453",1.96988171121477
"9480",1.9696405138846
"10008",1.96927560882817
"56949",1.96714141601583
"4233",1.96506324765454
"25780",1.964333425782
"80816",1.96290114343041
"55698",1.962879421836
"10215",1.95823814397387
"152002",1.95643569453534
"83756",1.95550413555755
"55107",1.95437506717788
"55258",1.95218662892481
"10009",1.95200250873704
"5172",1.95170710995699
"790",1.95142957258681
"79892",1.94998514885899
"2874",1.94968832444376
"9765",1.9496507416247
"151556",1.94905396969163
"84870",1.94242831556779
"112703",1.94224831889909
"92691",1.93944890824975
"22865",1.93489698441038
"10844",1.93408911193836
"222234",1.93302588815542
"27238",1.93242702190509
"7385",1.9320895324296
"83890",1.93206395806409
"90580",1.9314053279507
"5229",1.93100025159492
"340277",1.92832831122449
"374900",1.92758087161782
"23433",1.92672850492192
"25923",1.92545657709051
"84709",1.92535352076499
"162417",1.92144254379585
"51406",1.9207834386436
"339804",1.92072492343997
"8111",1.91987156099518
"358",1.91825351757719
"81491",1.91662141156966
"196394",1.91531030481875
"94120",1.91478984273752
"2259",1.91008459900712
"3636",1.90861666257798
"2925",1.90655418231635
"79153",1.90654552528578
"7562",1.90505553786863
"169841",1.90056123533491
"339778",1.8988134586422
"83882",1.89533738541196
"23471",1.89281189841087
"4351",1.88683169642711
"57545",1.88341168920217
"54896",1.88320930125775
"124995",1.88282655492053
"23211",1.88244313368096
"149465",1.87958907469597
"126526",1.87940614672504
"83450",1.87393553734073
"6565",1.8735102906433
"5708",1.87181578737716
"3396",1.86823110672455
"89832",1.86797302517935
"79814",1.86786369185847
"7589",1.86657684263418
"9295",1.86557304792355
"84890",1.8651087970418
"57470",1.86229910450566
"142680",1.86019578278902
"150709",1.85888669107292
"22894",1.85794617344432
"54726",1.8555622443592
"135250",1.85490779863423
"246330",1.85461555297298
"196051",1.852882105982
"25800",1.84892760699074
"147968",1.84667222741097
"6242",1.8464199555453
"399665",1.84287676600171
"57050",1.84275826590311
"388324",1.84271654165074
"22989",1.84087586728281
"9262",1.84006065855603
"5529",1.83973360486645
"1589",1.83966311707646
"253650",1.83797579961107
"166793",1.83658968227646
"23314",1.83495438287742
"253959",1.83442311552942
"90956",1.83350155239183
"83856",1.8314404050468
"22993",1.82934670894164
"587",1.82728856715563
"2827",1.82545588325744
"23105",1.82458971804123
"221656",1.82343951705604
"8792",1.82207724363246
"132014",1.82135026162016
"22887",1.82105894660531
"56652",1.82026505507384
"347733",1.81613350206007
"56984",1.81548473258868
"22794",1.81532754545848
"10659",1.81371459665361
"25822",1.81352904821442
"375593",1.81194629482612
"28977",1.81053412138161
"1139",1.80967005581891
"2905",1.80669493727827
"7350",1.8034107076835
"100506581",1.80298878504233
"133121",1.80073712551734
"10283",1.80056418555623
"6168",1.79964478806155
"1959",1.79459423482635
"9744",1.79291157341378
"342908",1.79061715957695
"2161",1.78600696509848
"84905",1.78507290943402
"23064",1.78342554479666
"23515",1.77703387795706
"23644",1.77571541847407
"55837",1.77498248973036
"64131",1.76634154651213
"3232",1.76615477560854
"151242",1.76561649017724
"54840",1.764252034443
"55805",1.76394431127124
"220074",1.76350805028146
"56111",1.76202253998374
"9477",1.76156571724431
"8974",1.7594129431202
"347517",1.75876025566142
"55322",1.75671902671392
"219854",1.75556756675718
"342035",1.74838927166685
"85443",1.7470951985157
"611",1.74308136440456
"64062",1.74242173855896
"2184",1.7413995916795
"101060301",1.73970784138686
"210",1.7384675000491
"51125",1.73762671137916
"10861",1.73710356555052
"2746",1.73704472378248
"55717",1.73610754042621
"4782",1.73590959295866
"805",1.73424692116735
"6675",1.73311181806456
"59271",1.73267579828082
"57703",1.72948987751257
"100131390",1.72834237357334
"647174",1.72770611335421
"5987",1.72636895443042
"7490",1.72486375738952
"1259",1.72224102399858
"57466",1.72120931488905
"7072",1.72112463368379
"9227",1.71162695445241
"147837",1.70975737760672
"80320",1.70915296669297
"57536",1.70899285542967
"2512",1.70584069005205
"56061",1.70428180189912
"5780",1.70266777293481
"5460",1.70162317895119
"5064",1.70127617786561
"51440",1.70034299133581
"54976",1.69964495544194
"8725",1.69854245869496
"283726",1.69822771922666
"9649",1.69685051946004
"4701",1.69576708057406
"55287",1.69176032906871
"283848",1.68865628669971
"7112",1.68811309820926
"825",1.68788340685274
"55754",1.6866560779803
"79006",1.68614994454352
"84548",1.68545184043987
"113444",1.68523598977141
"57150",1.6835865837029
"55731",1.68282730439624
"3303",1.68052984784053
"9024",1.67977731865571
"114609",1.67895270606053
"79632",1.67694094328995
"2039",1.67381995549706
"6386",1.67374743154574
"26499",1.67362516304834
"2180",1.67287773721861
"81605",1.66676053528273
"100132074",1.66545768740498
"79746",1.66530435907306
"51065",1.66131504537027
"26121",1.65952777484505
"7644",1.65811619291392
"5590",1.65621630509435
"143282",1.65569023985844
"114821",1.65495379636247
"10791",1.65326948063744
"5457",1.65267943262654
"79802",1.65213977843562
"7579",1.64985102835876
"2044",1.6465593955677
"79605",1.64534524720644
"1187",1.64463936095525
"10527",1.64461090296785
"27087",1.64433849845142
"6330",1.64360582004577
"83999",1.64328865814132
"3231",1.64085752577527
"56616",1.64068426994928
"83850",1.64068299780112
"9721",1.63662327282517
"7766",1.63568788912658
"339965",1.6356100227731
"2977",1.63527660595104
"64108",1.63045825768124
"84105",1.62985548191272
"10742",1.62964700969884
"1728",1.62821146368792
"2261",1.62631317138704
"2066",1.62349916958942
"402160",1.6194132290421
"90678",1.61870276650608
"6202",1.61802865099046
"2731",1.61661608545527
"220108",1.61439973611697
"4253",1.61370460354715
"9555",1.61292080634438
"253152",1.61170559590892
"339451",1.61127376274034
"257313",1.61072874816706
"92162",1.60893020504846
"374354",1.60622203399171
"11079",1.60285802374033
"80274",1.60209274423621
"29916",1.60105151019905
"5003",1.60045643672195
"389549",1.59967159261607
"81849",1.59766510209458
"5452",1.59690673327651
"1877",1.59586690702086
"3394",1.5943730652248
"113263",1.59357799501321
"55653",1.59094116485816
"387787",1.59046214951694
"133522",1.59014698280671
"10614",1.58033748014383
"10261",1.57339992358669
"4985",1.56757943481755
"80199",1.56663185842266
"144811",1.5571961742838
"340146",1.55666184647981
"80115",1.55326308585528
"81619",1.55169521020994
"54475",1.55081695281549
"3329",1.54743021574663
"84924",1.54678625035731
"7248",1.54574668085161
"94086",1.54391339321806
"642819",1.54344790158686
"79709",1.5427175619288
"23762",1.54117368509012
"60558",1.53717525512054
"79663",1.53684418148261
"9261",1.53543809309897
"79039",1.53529216454196
"9627",1.53169790823255
"8986",1.53031564108075
"85442",1.52922683509629
"1750",1.52819843588377
"51760",1.52763176888412
"284346",1.52635933172934
"222696",1.5257621587273
"5394",1.52491815129172
"10714",1.5246249343427
"10316",1.52412109829574
"51341",1.5234988449485
"8516",1.52310029752185
"56990",1.52285030290398
"51517",1.52152913689349
"26996",1.52091220515273
"56109",1.52022691127177
"63977",1.51968658334165
"59285",1.51937200858167
"9687",1.51663628974342
"9260",1.51400615418044
"10577",1.51377228564015
"51460",1.51195456019031
"153396",1.50900394228698
"83546",1.50611481987292
"285800",1.50057091423454
"9576",1.49957334494966
"2637",1.49892490068562
"57700",1.49880154918146
"164633",1.49707332301375
"25891",1.49642036784719
"55679",1.49616685894135
"163",1.49573155361103
"9392",1.49556625235621
"4435",1.49228157129972
"57232",1.49056396084959
"221",1.49011083456211
"126295",1.48951979483681
"80833",1.48529636323487
"10103",1.48433815099109
"127396",1.48271399454737
"2",1.47908730479243
"25914",1.47779291896493
"26266",1.47568984257148
"10994",1.47478272624606
"153770",1.47053914296921
"92292",1.47025082000163
"204962",1.46887497477891
"9435",1.46872515276024
"57165",1.46735844836189
"51195",1.46530164480893
"220965",1.46522919249201
"26052",1.46365450757944
"5991",1.46253380103543
"1244",1.46149102358991
"10262",1.4607848658694
"23632",1.45580909216702
"3635",1.45129958756561
"56311",1.45096047350511
"11218",1.44792534674635
"54943",1.44551228744924
"83849",1.44549490542497
"8924",1.44292940744941
"8351",1.44251607342849
"51184",1.44219002879253
"51478",1.441874450681
"85409",1.44182276185984
"10522",1.44157061656659
"5097",1.44023338421921
"4909",1.43999135497258
"79618",1.43973963121759
"728116",1.43842143562907
"2672",1.43721184067946
"9541",1.437077835404
"51454",1.43584124806431
"708",1.43575230739513
"10116",1.43480481904525
"79641",1.4325233301147
"10845",1.43208397467037
"64412",1.42914248218268
"63926",1.42879973840102
"8662",1.42876176089351
"376940",1.42852585500892
"9956",1.42584940059425
"375748",1.42481724358225
"8704",1.42190602760231
"124842",1.42154602750768
"199221",1.4202564507616
"166929",1.41869662519979
"728591",1.41862359698048
"1939",1.41597443737141
"29028",1.41576418973643
"4331",1.41533912138565
"8607",1.41188745094607
"200894",1.41139524995292
"151126",1.4080245384322
"80333",1.40613062986879
"10734",1.40582264651507
"4093",1.40305039205505
"154007",1.39831391963524
"79441",1.39593177870827
"4978",1.39372026049317
"6817",1.39128353815778
"84233",1.38444503949796
"9796",1.3831483878253
"84626",1.38282913498072
"29842",1.38196915109234
"195828",1.38182424305985
"7504",1.38146739151769
"27175",1.37856386586376
"440498",1.37599891555572
"10228",1.37248293732916
"83933",1.36830468444135
"29106",1.36764605588147
"54496",1.36762906312814
"54862",1.36693489349957
"80777",1.36011134162117
"23032",1.35879556477017
"1355",1.35575671073278
"5428",1.35354873240122
"29902",1.35328076032274
"338321",1.35272612550295
"255403",1.35237212024922
"84726",1.35129713604582
"157695",1.34885638629377
"3166",1.34716232955707
"25957",1.34598182400145
"64800",1.34487380681348
"8899",1.34158811108682
"200879",1.3376999055285
"11200",1.33709368690115
"118490",1.33270178238466
"5631",1.33245156143407
"3013",1.33010788278454
"387338",1.32818183070621
"121227",1.32616672514993
"58512",1.32487924496314
"56105",1.32379452772072
"259232",1.32209352791881
"23265",1.32192477317181
"6217",1.32109625990641
"22843",1.31963033718387
"4436",1.31850241052662
"10446",1.31734502461346
"51575",1.31610703128863
"8139",1.31402803172988
"22835",1.31138810944406
"9168",1.31072240153767
"84811",1.30315573380242
"59352",1.30180878916517
"345643",1.30030001644796
"1397",1.29585994293906
"64147",1.29472691736072
"80127",1.29167613713518
"149428",1.29153666589573
"9758",1.28931308759012
"9988",1.28868021746718
"1994",1.28235584145174
"131616",1.2784750056479
"51710",1.27672929613293
"7352",1.27499340938728
"4751",1.27095291708909
"23259",1.27089433962723
"5784",1.26817050631877
"79612",1.26523171262431
"10550",1.26384441563457
"10197",1.26337594512936
"30812",1.2604266910848
"26610",1.26041469341524
"729967",1.25983504019608
"4886",1.25909257203517
"3557",1.25820642735271
"54529",1.25819648267748
"9615",1.25750224883818
"131601",1.25554148708395
"51090",1.25504876704467
"375033",1.25377334457797
"26974",1.25297249066303
"2657",1.2521839466925
"54587",1.25147070478282
"53820",1.25114256425111
"80216",1.24826284179851
"6274",1.24083962426123
"6778",1.237703933753
"25976",1.23331421538393
"118980",1.23269687926919
"8451",1.23191821504886
"10526",1.23044337584036
"400073",1.22982346924428
"340393",1.22898336090128
"23732",1.22657986456146
"4306",1.22055822573801
"1629",1.21792410982382
"80222",1.2177887039831
"2281",1.21727873966163
"3221",1.21633599976637
"79767",1.21390653052831
"58485",1.21377286531666
"112399",1.2126958453809
"10531",1.21191273083873
"340441",1.21124903863373
"80835",1.21052868681949
"85417",1.21019506543127
"720",1.21005350715689
"9752",1.2097443884752
"8872",1.20901703029559
"29107",1.20893322865752
"138715",1.20448771061905
"9441",1.20447710668964
"23483",1.20272653172093
"1815",1.20173468388366
"55290",1.20096191831635
"81532",1.19990169633763
"284422",1.19808305779473
"144404",1.19726840880122
"284348",1.19647490260014
"78989",1.19530712639809
"10584",1.19311985678539
"56124",1.1921922258341
"6328",1.19058732981967
"27107",1.18993262288024
"27131",1.18781531034458
"23764",1.18449431924612
"58504",1.18348099576624
"10203",1.18320814421588
"162",1.18235394752935
"80255",1.18217097991558
"140738",1.17951194284108
"689",1.17710257029349
"83985",1.17225810626081
"26290",1.17216658220576
"1200",1.17161428427071
"51132",1.17148676582906
"23138",1.16983204698659
"4938",1.16649515697728
"10606",1.16532170365821
"441478",1.16115016698294
"200558",1.15815420818218
"64718",1.15716255603137
"10553",1.15662318738267
"26027",1.15599571542422
"79178",1.15584899947957
"4584",1.15543231050423
"11266",1.15178748253689
"79807",1.14807568437428
"2875",1.14659933826885
"80308",1.14649700519989
"55802",1.14634590720393
"128229",1.14608695128505
"92979",1.14558297406485
"26262",1.14444134823839
"80184",1.14394468411051
"100506564",1.14110818127959
"200728",1.14036883513073
"2330",1.13881816426189
"7597",1.1379918685833
"5567",1.13686791578237
"7062",1.13677429595142
"144195",1.13648577471294
"3776",1.1363194017533
"10135",1.13187210525705
"23143",1.12913964589167
"10256",1.12840950656718
"25850",1.12618396521157
"491",1.12557957896728
"93974",1.1231644137254
"2937",1.12139446249483
"1739",1.11467123717131
"55609",1.11395289216618
"2309",1.11354652363579
"128989",1.11305286957842
"2532",1.11070115490425
"685",1.10987345740134
"80311",1.10792910204316
"27101",1.10709207041881
"114294",1.10564873601267
"7029",1.10420844492863
"55315",1.10220039266149
"7494",1.10139817611527
"79023",1.09861013927588
"2820",1.09768751036489
"9917",1.09451469064231
"162968",1.09230341042004
"90231",1.09069732345219
"5316",1.08930353136192
"158399",1.08666282130402
"55719",1.08436719398869
"760",1.07965178090925
"63899",1.07696444949765
"1128",1.07615575675354
"10020",1.07491289376095
"54345",1.07487661887831
"9673",1.07453812767985
"63897",1.07439321310757
"10929",1.07299934011099
"100506540",1.07214010419171
"8505",1.07155187663536
"128153",1.06877530771311
"414919",1.06605756112458
"158",1.06602703371741
"6296",1.06495438191744
"10591",1.06294705948009
"57835",1.05488752212572
"92270",1.05246172570547
"4255",1.05136092878539
"1131",1.05005963147018
"56623",1.04951980257622
"192683",1.0482999430357
"3592",1.04719282741784
"1822",1.04606651293775
"2114",1.04488210350522
"5594",1.04480075350721
"54457",1.04395281440774
"10090",1.04382019155424
"1861",1.03826036807115
"5903",1.03664032702423
"79856",1.0352846131267
"8563",1.03477874310219
"9517",1.03115641482858
"11311",1.02990362671306
"390637",1.02897762348282
"92597",1.02864332295023
"3176",1.0274323721967
"2828",1.02511032010192
"55631",1.01911595515924
"10190",1.01710035185741
"23381",1.01579035555936
"3171",1.01546702127859
"84988",1.01294383410989
"1783",1.01285406549098
"64919",1.01222313625828
"107987425",1.01182505626005
"395",1.01042748614465
"144100",1.00964038848762
"53353",1.00935081213503
"1892",1.00839665069654
"23142",1.00498751700767
"55907",1.00473088567376
"8985",1.00350246390048
"6710",1.00083729146604
"5534",1.00055030461351
"63934",0.999167995000022
"55813",0.998975426695734
"55179",0.996587953130811
"27296",0.994166372920636
"84223",0.993316282978184
"54814",0.991965019424939
"5427",0.991550373003951
"285051",0.990860268316153
"10857",0.99074405385328
"6623",0.988042142606169
"55800",0.983908503626574
"8519",0.983110501469121
"57662",0.981170281386671
"3798",0.980174958544528
"6775",0.975852744475639
"4811",0.974865934050406
"54978",0.974631435369889
"57533",0.974120280608531
"130612",0.971472590911758
"8266",0.970476395885439
"3694",0.970260750646625
"219927",0.969878844063097
"23114",0.969112910859861
"2122",0.968585662787294
"83443",0.966939648991741
"219833",0.964657513180464
"165140",0.962210587940912
"29890",0.959305693348104
"10342",0.956779029390545
"27324",0.953030527164268
"51073",0.953024823922525
"84293",0.952716290181537
"8439",0.950955292001871
"153642",0.950882730343295
"7398",0.948776011056256
"7126",0.947247936545002
"9209",0.947086330714963
"1839",0.947020425614543
"80095",0.946769839629871
"84063",0.944731934863481
"10633",0.942012467227168
"5393",0.941210491705923
"5337",0.940899937195008
"23493",0.939739818464654
"9103",0.937637156948918
"285671",0.937320403742201
"1871",0.936661811679192
"23155",0.931876638480136
"126075",0.927530550663414
"222584",0.925831110872254
"54758",0.92555723287398
"54883",0.925534056697612
"57181",0.924295590759106
"648",0.922683821875758
"151449",0.921638981857186
"10533",0.921110137591188
"3785",0.920877627811768
"170960",0.914947959428519
"23646",0.913158576705996
"5894",0.911711474193479
"222183",0.911574633645476
"246329",0.909637454832963
"257397",0.908497123649756
"1432",0.906796112059759
"79074",0.906603850655324
"9785",0.90550767579388
"11276",0.904904769632649
"9987",0.904474200192651
"5986",0.903760389898577
"100271715",0.900498350415076
"55707",0.89940639497342
"26261",0.897995387666338
"57498",0.89785856489034
"79718",0.8971659111922
"8602",0.896182094614569
"64897",0.895657264112407
"6474",0.895245696884728
"5510",0.89341511268265
"23389",0.893157867157456
"253738",0.891483954902274
"79365",0.889881233456416
"54905",0.888482969329342
"23404",0.887166296246433
"9581",0.887125360132153
"7090",0.886020427739729
"222229",0.885366257352176
"56926",0.884669827816037
"3957",0.881855294627788
"5281",0.879823228830263
"80032",0.879794074908732
"79133",0.879268641301597
"3205",0.878480558136757
"100131827",0.876909343676172
"7335",0.875191643623883
"6651",0.874196087631611
"79228",0.871339784884872
"51161",0.866055995646875
"3787",0.864175657331024
"10772",0.86324763018433
"22890",0.862177644213446
"136288",0.862169106111745
"22856",0.861530368008883
"6665",0.860917164675518
"10846",0.857391381121877
"10694",0.856056681188286
"197370",0.855277939967442
"79002",0.854971893467895
"23612",0.851444581725494
"23765",0.850854142412901
"640",0.84880354825881
"5997",0.846515846882267
"9028",0.845780322343475
"51747",0.842204644753645
"57369",0.841961592149475
"140825",0.839327080947643
"353322",0.838227698140783
"5179",0.838037985116918
"51239",0.833442471687505
"84186",0.832060960921253
"55346",0.831531148709478
"84502",0.83071499242572
"83860",0.829488098766499
"64766",0.828853515155458
"84814",0.825943175601162
"79917",0.825566473944932
"4125",0.82469424074011
"27314",0.824474766500387
"113402",0.822272152512495
"5581",0.816027347591012
"3550",0.81265299880938
"9920",0.811613921674446
"148811",0.810506970214965
"1995",0.809580730799526
"58508",0.808220841315114
"56110",0.804110410634606
"9526",0.802954017762752
"84070",0.801333719532285
"124590",0.800552650753195
"4793",0.800433899268314
"26301",0.800419809312335
"8317",0.798776444960049
"54971",0.798486385415587
"1040",0.798418122553267
"64077",0.798355379397009
"9092",0.797284874953
"55048",0.795230451843253
"392862",0.787552194305887
"89801",0.787547881565153
"79694",0.782001522596679
"129531",0.77870392009584
"51466",0.778666803899655
"81706",0.777104902825455
"64848",0.775874202253339
"6157",0.775502010674842
"222235",0.774725579774585
"25873",0.773633707283001
"114885",0.771667419810807
"898",0.770845289432341
"3301",0.770393603389417
"55280",0.768957503326488
"22848",0.767013832024829
"140700",0.764439115303245
"57332",0.764100840537
"222826",0.764097298250583
"9476",0.763784986883504
"9244",0.762833775323657
"8292",0.759778972637973
"162073",0.758807146958917
"55696",0.757205263746277
"51016",0.756843688421155
"9439",0.756765279570051
"2893",0.75654860689718
"729085",0.751983753341357
"2885",0.750151172597133
"83881",0.74960690748701
"7461",0.748392810772226
"10681",0.747613006421946
"6154",0.744213712680052
"100462977",0.743692218390236
"3217",0.741229386328887
"26115",0.737549438919458
"23237",0.734657658545291
"56288",0.733610854396367
"120",0.730627526992742
"56897",0.73025467093394
"25942",0.727131939284946
"83643",0.726589928824806
"353355",0.720708936430647
"27199",0.719070766884944
"55735",0.718099319489578
"56257",0.717183031706651
"146206",0.716353405477225
"79651",0.715972679565545
"219844",0.714475851624476
"10961",0.712603806961528
"64284",0.712579049584282
"10567",0.712468663248841
"6473",0.712085747700337
"100130705",0.71064657113254
"51393",0.710497674823516
"122970",0.706281713479974
"7456",0.70475864180862
"53841",0.702120234845732
"85025",0.699463076754205
"339231",0.698578414752133
"6547",0.698433377144154
"55770",0.693034364370438
"170261",0.692291530952893
"5737",0.692115021612152
"65268",0.690638868824634
"114881",0.690586063501268
"22837",0.689288977357953
"3658",0.686881377923098
"9665",0.684829539526637
"11199",0.684618068958932
"55974",0.678981166123671
"51601",0.677338337808255
"5990",0.676978499594844
"949",0.673554879739026
"2840",0.672781185910602
"5026",0.671731598075388
"3108",0.665225008860183
"55064",0.658461752634949
"1525",0.655634381269982
"129881",0.654424908944128
"23214",0.65295568158611
"60313",0.650450327156736
"140890",0.649743432774998
"4281",0.648429618146468
"11034",0.643085482965037
"7294",0.638307105126946
"147657",0.637819898170202
"64849",0.637015893892883
"768206",0.628822756193749
"84133",0.626669948555085
"57727",0.625917537037674
"79576",0.624475394259523
"54858",0.619223238224658
"50636",0.61257962894038
"50485",0.610866773064404
"6850",0.61021086393898
"5479",0.609875501672019
"5162",0.608957502829418
"8289",0.606657637103596
"9892",0.604023579806522
"56658",0.60128594810537
"5739",0.601069734696312
"144715",0.600711460222409
"84418",0.600286215245836
"347",0.600100698437477
"126789",0.599575476720214
"25875",0.59851713382796
"2101",0.596510594945168
"65061",0.593996908536568
"84899",0.592208341067985
"170850",0.590834437540713
"118487",0.589288845896871
"3663",0.58870530582006
"9274",0.587629159870126
"2521",0.584686887850904
"4430",0.583512270698457
"55341",0.581625177280402
"81607",0.58102665485722
"6676",0.579837766701355
"51231",0.578346347242743
"10471",0.575994254331094
"29958",0.574722871108844
"27436",0.573979951419297
"57828",0.570052365326378
"51389",0.560763941620348
"3732",0.56044622209514
"23072",0.559708065278692
"1762",0.559062067682151
"28512",0.55562794308263
"2687",0.555140864247496
"64222",0.55108266739613
"55203",0.544290120990056
"728",0.54257741320715
"94103",0.541580125312377
"57551",0.541514859407426
"220004",0.540434097607068
"56052",0.537842874256309
"8509",0.535134028227462
"710",0.534696706339503
"22913",0.534156570425096
"1734",0.53330476610557
"54875",0.532164883862925
"4803",0.531870430363448
"7093",0.531370431054364
"6655",0.527689667869712
"8892",0.525424290723348
"10456",0.522358574750219
"150082",0.518052886428843
"11017",0.516926150288103
"92342",0.511142404504811
"91156",0.510510975030094
"3761",0.509496964436654
"79912",0.509487391393281
"80150",0.509094821193555
"7169",0.506218362251068
"8936",0.504309607835853
"7439",0.500957328031284
"54539",0.49862521096741
"27235",0.493562999224523
"647310",0.49351790284092
"198437",0.493425315223045
"56180",0.491244990718643
"11285",0.491005201112957
"147798",0.48646896833978
"7100",0.486170526291064
"11223",0.483663859721819
"1",0.480165965956819
"29924",0.474480307431252
"57205",0.469142287937184
"254778",0.468966777733557
"6385",0.468284755586276
"6992",0.462754919402231
"8818",0.460134938580733
"2912",0.45958785436907
"27287",0.45750603943132
"6147",0.456131376023026
"23479",0.454151275251765
"80263",0.453133444369027
"10307",0.452705866348402
"84061",0.450945162549243
"11037",0.448332340998894
"26012",0.447344195951061
"11334",0.446773724453309
"79586",0.444276536071893
"10276",0.442057852830961
"728621",0.441249632039784
"4879",0.437696853424596
"4074",0.437143756602996
"23090",0.436950637275873
"100506127",0.435298488735454
"49861",0.432697497103227
"55034",0.432590630776992
"130013",0.426813959318449
"55897",0.426676261744148
"5373",0.425438354968867
"51428",0.422058982037532
"8495",0.421480548163054
"91057",0.420408043259103
"79792",0.419882278496814
"6223",0.418436519548327
"91694",0.416034112412752
"6830",0.413040217361496
"84071",0.412987215725781
"165257",0.411146814531811
"6188",0.406260856526188
"84747",0.404036189012564
"221914",0.400131897022776
"80757",0.395976668628965
"60625",0.3953867067834
"3691",0.394049388957088
"8446",0.393882058185156
"10436",0.393571198382588
"9863",0.391318074221055
"54941",0.390471796235907
"4841",0.388717835751606
"55734",0.388103177610658
"374786",0.387869264067472
"7164",0.386524746814361
"126820",0.386293363064601
"114825",0.385972178624492
"86",0.385555263579186
"22919",0.38437567301283
"130355",0.382710987414299
"5079",0.382399009077505
"5566",0.381577667400578
"10669",0.381129477205291
"4935",0.379414559649382
"27247",0.377513209905872
"63877",0.376714390794669
"9972",0.375083317641188
"151651",0.371104123548195
"1140",0.370655638821031
"27248",0.368225093334273
"57721",0.36556414444237
"583",0.364370962518156
"55922",0.36429592426261
"3748",0.36363945319626
"80010",0.359904687910463
"7411",0.358167646846334
"3376",0.355615655319392
"149483",0.354580010768809
"6310",0.35286830266119
"55840",0.3490457639741
"6543",0.34719314547439
"64210",0.342769288635778
"3224",0.338452172997926
"401207",0.338098069856482
"23511",0.338042893869352
"5912",0.335863398764808
"84909",0.334416609359228
"79364",0.331723571267286
"79741",0.331712328921237
"3167",0.32918107132804
"55760",0.328858876178108
"55008",0.328367845518904
"7023",0.324415696055156
"114784",0.324273495209573
"59274",0.317623135902116
"80148",0.316822887545079
"84808",0.316581266816248
"23039",0.315934745261198
"115273",0.315235834878715
"55729",0.31518387030241
"51527",0.314621437906249
"8493",0.312210170915513
"9074",0.310978297225957
"3199",0.309282984611963
"53917",0.308363353282848
"8697",0.305870730030348
"7417",0.304020173305155
"4338",0.303772504642504
"670",0.303521979694313
"292",0.302128982575859
"441549",0.29957338836355
"401565",0.299431001131794
"60386",0.295837999770131
"5824",0.295177141851682
"3123",0.290762836156113
"53407",0.290655030086824
"54956",0.286171797138616
"283310",0.285614277097564
"130367",0.282662056123889
"10251",0.280499720641071
"29914",0.27960785521309
"57576",0.278795834259926
"114799",0.277344229177964
"145853",0.277105520999161
"4016",0.275943647561663
"84275",0.27553824717979
"10741",0.273875614562282
"4117",0.272930014350328
"3737",0.272863417721339
"3087",0.271577101367281
"84437",0.268149649674432
"84328",0.265987784281231
"729359",0.264873633047908
"4838",0.26187640967565
"51741",0.261599912213038
"5536",0.25911230861738
"22800",0.254155626244348
"10569",0.25398832391776
"23600",0.252737578630408
"6752",0.251194067952997
"27303",0.248674020055368
"11044",0.247126745168277
"9789",0.245205032789755
"91147",0.24472559948207
"66008",0.240645426319466
"259217",0.239003329196271
"200845",0.238559708901205
"6046",0.237517787992075
"128864",0.236041250623603
"25978",0.234955577028223
"56971",0.23060765120241
"5999",0.230458158058017
"161742",0.228302054797261
"80737",0.228210177788837
"150365",0.220691133715029
"3257",0.215634130090103
"26022",0.214963467983934
"114987",0.214757387610895
"6222",0.214744959839453
"2824",0.209780334773832
"57088",0.209736757034809
"8870",0.20510343231068
"2123",0.203539082597768
"51315",0.203354932163968
"23066",0.203158197432992
"144233",0.201862435804714
"8409",0.201780969808245
"7994",0.196102062715267
"94104",0.195439822418005
"338440",0.193281487144899
"22997",0.190879560826058
"9873",0.190487228454463
"158326",0.189118657091047
"10495",0.185386846365765
"51058",0.182050931782152
"8717",0.180599074523889
"84916",0.179540405905225
"84885",0.179211739429115
"3340",0.175285474327359
"26984",0.171495122062149
"4671",0.171333032631297
"57822",0.168804370195812
"63875",0.167076798630531
"57623",0.16502409870064
"9048",0.159237320032971
"23355",0.154674866151177
"221393",0.153373385475187
"64342",0.152717544320659
"84333",0.150704827132783
"23568",0.142916113553554
"10423",0.140957034120703
"51360",0.140604843396179
"1154",0.139716327043093
"30818",0.139018833975316
"9132",0.136217286331614
"54207",0.129740846508961
"25854",0.129423496245012
"1201",0.128552374934295
"26145",0.128086619548132
"374",0.127861010099556
"9026",0.127814265900123
"9324",0.124293784466063
"56241",0.123670779421257
"84706",0.123099054423147
"51727",0.11912858024637
"29118",0.118551838206136
"83875",0.115656065414002
"6013",0.113424888382937
"201294",0.111223973001408
"83547",0.110146792034625
"56135",0.107645170405443
"79776",0.104221372708336
"201181",0.103988355820237
"84876",0.0999675891307896
"164592",0.0974416189451943
"26059",0.0934291874958965
"3036",0.08832572147276
"4939",0.0839729206543489
"1181",0.0829608277415814
"55916",0.0826336785220827
"79788",0.0783507631264829
"84912",0.077894116364466
"90806",0.077240343821398
"9394",0.0767063904068521
"54897",0.0766170610810265
"377841",0.0750197136336059
"80824",0.0726681285435619
"284076",0.0723565964201031
"134548",0.0717695193881089
"643664",0.0707697542310438
"6646",0.0693808079788971
"10062",0.0691551457077214
"51248",0.0655893823221037
"30834",0.0653285937834573
"5909",0.0644376818489813
"5896",0.0615647987460887
"84460",0.0611637372042365
"5318",0.0607851070396599
"1431",0.0605972744359504
"23086",0.0596543662786679
"100129654",0.0595687674910819
"56850",0.0590298040512743
"2794",0.0588644162754812
"245973",0.0579258615814194
"6169",0.0538525703984799
"3109",0.0534945091717935
"643866",0.0533931460065916
"889",0.0519176284404271
"23207",0.0513044286555131
"3344",0.0507641251847715
"3908",0.0450011732961609
"8739",0.04496433803176
"4496",0.0448199083951552
"8942",0.043861993174202
"9724",0.0432614739778731
"2271",0.0391507812562058
"3362",0.0384769383265325
"2134",0.0376780792889159
"287",0.0376330285605327
"26046",0.0355876548752409
"79631",0.0352830935423654
"63951",0.0319802713971728
"2589",0.0297177705302382
"26000",0.029652329625811
"8554",0.0291183940782167
"9777",0.025934354295926
"25778",0.0250899113458268
"79633",0.0244824261159648
"137835",0.0244252184533318
"2877",0.0226913491576952
"6181",0.0218585716388498
"129080",0.0213298117685636
"374403",0.0210504329303207
"1592",0.0194221478240393
"57655",0.0163308187676399
"10608",0.0110754422571816
"10594",0.0097502315492367
"2272",0.0062993201514993
"7168",0.00521506570225637
"28965",0.0047089663995032
"84181",0.00420512001959568
"375346",0.0038353685523584
"5976",0.00356143547909765
"116071",0.00336743276338243
"64167",0.00336134416736198
"57116",0.00292462985895087
"1767",-0.00144752092563313
"137209",-0.00269488219837688
"93081",-0.00425584531125459
"5110",-0.00536712094880637
"493861",-0.00560451845633407
"84315",-0.00627522162356039
"2696",-0.0119753095618609
"64743",-0.0127915513229594
"10552",-0.0152773739507433
"89792",-0.0171716953602895
"113457",-0.0172154202788947
"51277",-0.0201245543716423
"58492",-0.0203730947862162
"51560",-0.0215561073074745
"10885",-0.021631008940214
"5514",-0.0218916148435952
"7639",-0.0224054775073708
"56099",-0.0267644445001703
"6456",-0.0285669185296097
"153241",-0.0305465367200015
"147912",-0.0310831384734835
"26259",-0.0324332297157476
"1812",-0.0325844849578581
"79998",-0.0343844373562147
"10660",-0.036469866919429
"3422",-0.0365572747724057
"602",-0.0370810815510205
"136332",-0.0393513599702755
"10723",-0.042438272788196
"116211",-0.0428620570543177
"2274",-0.0450431528836645
"340554",-0.0469383792572442
"83706",-0.0515240008632779
"285237",-0.0547231165386613
"139221",-0.0559474973118902
"3248",-0.0599429390709293
"9325",-0.0675356589030825
"80183",-0.0679000642585068
"23544",-0.0736518015842361
"81578",-0.0736656730248802
"51227",-0.0737727649996127
"29922",-0.0791287580122736
"729956",-0.0793162838378382
"27068",-0.0794653710977744
"284612",-0.0801482911255784
"80705",-0.0803302019364342
"10209",-0.080488805427296
"54821",-0.0830073213996956
"10494",-0.0841501478171269
"54855",-0.0842887092857064
"10559",-0.0854246961832387
"80778",-0.0883678138002394
"55139",-0.0893606710786854
"26040",-0.0909763582637432
"51093",-0.0911641146148663
"123803",-0.0964818385881641
"7553",-0.0985211124061474
"143884",-0.0989981897792356
"3203",-0.099653898612096
"112441434",-0.100346847017072
"23034",-0.101465315906499
"84108",-0.102244126133586
"10381",-0.102260547142701
"11322",-0.104076194791329
"7781",-0.10517369303047
"80213",-0.105647129978118
"9047",-0.105997757529158
"8128",-0.107552650008628
"55689",-0.108123480464842
"2733",-0.109563463044404
"6613",-0.110484540395981
"53",-0.110884532386487
"338811",-0.111964461117798
"2286",-0.112756501539058
"64852",-0.113639896312145
"285971",-0.113879593973742
"79974",-0.115343690682978
"1521",-0.118224422754864
"285349",-0.118522220976858
"11273",-0.119527767612115
"64225",-0.119805273613474
"1240",-0.12107482798877
"100130311",-0.121780894538288
"23380",-0.123014833976608
"79873",-0.124971076907791
"127002",-0.1267760183472
"388931",-0.13144605058687
"4705",-0.134386557390455
"160857",-0.134782254183938
"54929",-0.13637441177798
"9641",-0.141134081351452
"5300",-0.143364277000047
"60481",-0.143418175845347
"114088",-0.144525828791763
"118813",-0.147116327001713
"8643",-0.149271369495858
"23654",-0.149836916276632
"440574",-0.150595128635591
"57018",-0.151101682122646
"4957",-0.152182902599084
"23567",-0.152191021017598
"4799",-0.155566975534637
"90120",-0.156052864140056
"191",-0.157693007137335
"201627",-0.160689729384303
"83592",-0.161144628195048
"5927",-0.166234837916762
"90627",-0.166750194236539
"10450",-0.168518612596808
"29988",-0.171731861316624
"54469",-0.171836865663285
"9399",-0.172095211223958
"5664",-0.172654680953504
"8568",-0.172789885676059
"26504",-0.172883832487243
"122945",-0.176713313819139
"84245",-0.176792850767283
"683",-0.176937607133314
"8526",-0.180441520500894
"388323",-0.182244330092262
"23359",-0.18271119169155
"7965",-0.182830775270582
"339541",-0.184104125430954
"100144748",-0.185190221638508
"100885848",-0.1867299919165
"285672",-0.187303775625437
"6307",-0.188472366991241
"27250",-0.193174090009795
"3786",-0.19325372919703
"343637",-0.195644706275934
"133022",-0.195729802199121
"114904",-0.196141010860879
"7314",-0.196542832703718
"64101",-0.200739006394807
"284739",-0.201327903687594
"54760",-0.201851276555094
"390940",-0.202035982483121
"10175",-0.206874300932875
"130399",-0.207510153338007
"57616",-0.2117591617201
"115811",-0.215042640336302
"25791",-0.216466173131082
"57030",-0.21913778366147
"91893",-0.222322697362883
"5504",-0.222929815292729
"81555",-0.223628900439412
"389941",-0.223995751437854
"54503",-0.225026597665829
"64838",-0.226340650171823
"84503",-0.229077004807505
"57474",-0.229468101093134
"163255",-0.234095100973618
"80852",-0.234598807952275
"64172",-0.234924065576428
"5756",-0.23569061382802
"85478",-0.236360362602447
"8030",-0.237235207767561
"10874",-0.237352146340125
"10399",-0.237934173377229
"54861",-0.239899535890275
"59343",-0.241263629795411
"84085",-0.241390084893063
"63929",-0.241760889096096
"5546",-0.242527995105894
"6632",-0.243155578888904
"838",-0.243366771920383
"174",-0.246160008642006
"10636",-0.247129695103018
"4771",-0.248465329043418
"144132",-0.248571379162457
"432",-0.249571726957552
"664",-0.25235352859935
"126147",-0.253073570253363
"3206",-0.254578881704313
"90161",-0.257196442644347
"8992",-0.25958371725919
"5899",-0.261511227981154
"9569",-0.26288585416664
"2825",-0.266046496387281
"57231",-0.266714283861078
"143425",-0.267011784938188
"56605",-0.272111211889587
"6733",-0.272573915053504
"9794",-0.273410567787811
"3091",-0.274603080048524
"123355",-0.279573164316536
"26270",-0.282569232172629
"54020",-0.282900994131983
"6176",-0.28326264218308
"6095",-0.285213810744651
"54556",-0.28561198879746
"55512",-0.285882840348869
"9804",-0.287111058294517
"3214",-0.288610686108746
"10712",-0.288719283154078
"25973",-0.288778310517863
"6016",-0.289836988226471
"56145",-0.290266863067216
"1660",-0.294881812439957
"54902",-0.295828048549667
"137695",-0.299718723251568
"7763",-0.30078433890648
"8636",-0.306760373035523
"163589",-0.307167962565472
"138241",-0.307200162193213
"122525",-0.308027835509931
"387",-0.311932036855677
"135",-0.312742776063895
"144535",-0.313144940111653
"55250",-0.313831749446634
"388697",-0.314949608011618
"57758",-0.315955795404219
"55660",-0.316920707011133
"11215",-0.318742639292809
"8655",-0.323496788699916
"2895",-0.325199379990027
"91",-0.325343548923976
"6924",-0.333631108824294
"51742",-0.337420099153304
"147923",-0.337800892317184
"5287",-0.339102343260595
"8638",-0.339457800516153
"340784",-0.341489714725447
"6470",-0.342643206740143
"8941",-0.342900132223807
"1646",-0.346606608147575
"91133",-0.348532609104715
"55761",-0.349839507478911
"728239",-0.354038097513762
"65249",-0.355289881819878
"56301",-0.356608205091881
"93587",-0.357440871625183
"56102",-0.357498891920395
"256472",-0.357973909213873
"26065",-0.358348150949979
"3155",-0.359198540307114
"404734",-0.359940889756974
"4155",-0.366143011833019
"10605",-0.366995897757573
"10205",-0.370113591517971
"7922",-0.370608098348608
"285315",-0.371070691163643
"643669",-0.372287437572514
"5211",-0.374017398525477
"55011",-0.376586744615573
"51629",-0.377314469375618
"9733",-0.378723432075626
"55212",-0.381021352395097
"10980",-0.381061644149564
"57546",-0.381378342943176
"245711",-0.382969471736417
"387763",-0.383252360983764
"102723899",-0.385895818196757
"91137",-0.386720338827943
"200312",-0.394078327464131
"9290",-0.39440172761065
"83989",-0.39521102695921
"116986",-0.396794027495949
"23603",-0.397942223905918
"54831",-0.398008612379559
"55718",-0.399363733541769
"114971",-0.399369617556038
"55252",-0.399510784275236
"6548",-0.399563096098671
"3006",-0.402758125560069
"348327",-0.403829041327831
"284615",-0.404010567251694
"347736",-0.405572910643705
"55622",-0.40597838947382
"1028",-0.408876719340277
"84340",-0.409218753799363
"9241",-0.412697145550967
"10492",-0.413852033026779
"4298",-0.416509484995253
"6597",-0.41724354085858
"54764",-0.417397193172979
"4914",-0.417694438114543
"222256",-0.418737721798974
"92960",-0.420239383406034
"90326",-0.42174573790695
"57583",-0.423689898338814
"9330",-0.425558005086643
"4646",-0.431548139734739
"79902",-0.443521014310724
"114795",-0.443633866293532
"55335",-0.445422548158467
"55766",-0.447398041330248
"256006",-0.449210249262954
"64388",-0.44991880918869
"84669",-0.454274314432732
"9925",-0.455177111980559
"11068",-0.458228347826058
"79090",-0.460540036235993
"7189",-0.462176491305506
"84311",-0.462524194836101
"284358",-0.471106493722091
"56902",-0.47500850512158
"7803",-0.475576176564051
"9375",-0.475688203407847
"25798",-0.47640608637483
"5188",-0.479768771050922
"3300",-0.479865158237806
"57478",-0.47988709906417
"10291",-0.480979673626058
"6433",-0.483987134405821
"81562",-0.486736101379709
"1826",-0.487371226727203
"55228",-0.489048092804723
"9",-0.493463812726184
"5745",-0.4952509784288
"6836",-0.496629102245808
"149603",-0.497474244914459
"92340",-0.497768992233152
"8270",-0.498122149252386
"80760",-0.499648615000681
"90060",-0.499719301861067
"65986",-0.499941786497779
"57659",-0.50053449680141
"90507",-0.501671518459767
"5434",-0.502439043846887
"11315",-0.505184236403749
"64776",-0.506018834661896
"10542",-0.509272373357821
"79934",-0.509633137681013
"114879",-0.510154788983236
"11069",-0.517651629759336
"643853",-0.518022286156126
"545",-0.520795760024645
"79925",-0.521271322265565
"126382",-0.527036788642766
"1474",-0.529671811207211
"1797",-0.53103164431697
"9245",-0.533062633745244
"57130",-0.541473923032009
"64149",-0.542271280174409
"154661",-0.543307504563808
"22904",-0.548768464020891
"26127",-0.548853619951061
"113220",-0.55016365921138
"10165",-0.552823961289326
"9070",-0.554565579654414
"64080",-0.558243734153419
"152485",-0.560784282131023
"2354",-0.566643707693184
"57673",-0.567701319794709
"199857",-0.568157608690851
"79716",-0.568794931592966
"10808",-0.57102006484216
"10978",-0.572069876975825
"3099",-0.57279155111303
"253782",-0.574195572436064
"55728",-0.575110260542811
"54538",-0.575764268377958
"83734",-0.576294999672869
"54987",-0.576910608795048
"10287",-0.576948736601532
"4858",-0.57846616161129
"79589",-0.57971943698272
"64853",-0.58370394416972
"28316",-0.583889548840591
"23254",-0.584521172613318
"154664",-0.58927288343557
"8569",-0.593711110995143
"26015",-0.594880161540437
"9121",-0.595302994199739
"10985",-0.601040532096171
"5696",-0.601870298607747
"317662",-0.602104141188408
"122622",-0.604095359067923
"283514",-0.604326490999474
"23174",-0.606146668879577
"9846",-0.609835329439349
"23390",-0.610740883135234
"91603",-0.613635517799333
"23411",-0.61378993811236
"727800",-0.618103227536521
"1121",-0.619498891899234
"719",-0.623569773210011
"1316",-0.624068754648104
"57565",-0.625872111009406
"659",-0.626552947098683
"55758",-0.627165927309827
"7402",-0.628198181016597
"64976",-0.630090341092727
"150737",-0.635937596666607
"5740",-0.636818963172374
"23500",-0.638285906470001
"118426",-0.639511506229172
"57524",-0.640779079274171
"27134",-0.642450589019495
"56000",-0.642557119896154
"55454",-0.642646484728077
"9767",-0.642663887401653
"10963",-0.643494296937863
"51728",-0.648022831371884
"57223",-0.648767253895924
"649",-0.649460390622177
"79800",-0.649724951286414
"10575",-0.654496126226361
"3119",-0.655192560440866
"83541",-0.656460282659323
"6257",-0.658765886796198
"84226",-0.660936293994397
"388581",-0.662368499645688
"84230",-0.665126684697535
"8693",-0.665587872104596
"4067",-0.665803930498198
"51084",-0.671300325607634
"9754",-0.671752730241751
"9124",-0.671888815918488
"164684",-0.677270989036618
"56650",-0.677589259007553
"29063",-0.678729516551755
"7942",-0.681139667324813
"6538",-0.684651324813957
"162239",-0.690813708001567
"84519",-0.696174285724682
"83752",-0.696949870405725
"84667",-0.699128009371098
"257068",-0.700860260142004
"55282",-0.701606098243802
"84787",-0.702950110802007
"55248",-0.710371435424824
"10125",-0.710507409070416
"1143",-0.712022718212117
"80208",-0.71323419607513
"23014",-0.71347503297706
"93343",-0.714435182367291
"5158",-0.715470522550088
"79832",-0.72993435210631
"211",-0.732641431079781
"653505",-0.735809850407569
"3434",-0.738685263761159
"57535",-0.739131655998918
"81550",-0.741850614928931
"78994",-0.743250705117443
"7991",-0.745458259463025
"55325",-0.745839418986431
"282991",-0.746683254582304
"9141",-0.747692071851064
"55275",-0.748927131423219
"8741",-0.752966186629438
"130733",-0.757091721038182
"3053",-0.758785322157123
"55254",-0.759334833273299
"283",-0.759596609199643
"25885",-0.760581020771218
"285755",-0.760720998356626
"3191",-0.761505721293841
"79171",-0.764590124635366
"29086",-0.770368728356467
"84698",-0.774099629792833
"2593",-0.778054650382127
"130502",-0.779172576518829
"10238",-0.779358234239776
"49855",-0.781310653148582
"9711",-0.786229931039004
"57529",-0.792588250783331
"112939",-0.792791186655255
"8464",-0.792892448485155
"25864",-0.79337325538071
"80975",-0.793958964105111
"10123",-0.797166517998225
"2256",-0.79960730672906
"984",-0.800303919762271
"23582",-0.802917003159352
"10529",-0.806708801087303
"26471",-0.8097881462335
"81490",-0.810204957203765
"55156",-0.810420895756853
"4493",-0.812527262312692
"10274",-0.813287600254579
"200634",-0.814344008678794
"1479",-0.814505639650595
"6748",-0.815807070038829
"84693",-0.817022561927157
"27113",-0.822565757224832
"400629",-0.824416272990708
"56413",-0.829698198673889
"284391",-0.831029113384851
"9860",-0.833777259147
"23523",-0.835422597704373
"90933",-0.837793589151203
"79955",-0.838118057915807
"8575",-0.841482106810993
"4851",-0.841888278805534
"80319",-0.847548941763241
"55081",-0.848978486320037
"5360",-0.849259977776623
"669",-0.852879411032705
"23329",-0.85289130572288
"88",-0.8537272267829
"2649",-0.859393479603985
"26100",-0.859509808668955
"25937",-0.861507227219404
"54969",-0.86333902987905
"1803",-0.864055966572729
"29068",-0.867163158086957
"55068",-0.875419163177332
"54620",-0.87700801919866
"2651",-0.878011203542497
"196483",-0.879223506047337
"9185",-0.880449389018206
"64757",-0.884446733178817
"387264",-0.886163641882082
"7307",-0.887216052563409
"253635",-0.887974962650073
"136259",-0.891546485492432
"146059",-0.892180452110771
"64377",-0.892425670094899
"123688",-0.89381262225327
"64215",-0.898633693505463
"79634",-0.905427997342413
"2799",-0.910520376223004
"54953",-0.911256428253638
"56997",-0.911318826654138
"145173",-0.911645819914485
"51296",-0.912969890742099
"53635",-0.918101211382157
"83591",-0.922081259825485
"4902",-0.923022778080391
"80273",-0.92522403617903
"56254",-0.929608904579748
"55869",-0.931608501712127
"401265",-0.931837623969925
"122060",-0.932593690929563
"55321",-0.933431055179977
"9817",-0.93351441251945
"115123",-0.933696865394267
"51555",-0.934128809706209
"353189",-0.935683861248039
"79671",-0.936141263064344
"54914",-0.937700160795738
"84299",-0.939436772475554
"7349",-0.940465342861844
"79149",-0.944565289643251
"339344",-0.948226394379153
"1390",-0.948939479583437
"3752",-0.949795735928592
"51031",-0.950259983101032
"2898",-0.951555600280196
"79075",-0.955362839675865
"51066",-0.955407634846967
"167838",-0.957719700215456
"168544",-0.958538863895372
"10331",-0.960921610613504
"58509",-0.962079300290158
"5828",-0.962596773985927
"200916",-0.965337283170658
"388335",-0.966256665697821
"349075",-0.96780093352682
"7518",-0.969007335139368
"26505",-0.971044699567665
"755",-0.978618753898257
"79982",-0.982329069880924
"1016",-0.985173966012365
"28984",-0.985187087718285
"56243",-0.986024840029674
"6875",-0.987682908859246
"10675",-0.988897052139383
"2580",-0.990560043552792
"79056",-0.990649826903381
"22807",-0.994388229695476
"25949",-0.996559965002978
"64135",-0.997133896728807
"55520",-0.997560930678614
"26007",-1.0005853015812
"2170",-1.00503002699935
"83943",-1.00693106221516
"55122",-1.00758014534927
"54798",-1.0097550934272
"2643",-1.01006211223615
"84164",-1.01072376982666
"1327",-1.01096010579606
"22876",-1.01559195177957
"284695",-1.01571448486061
"6229",-1.01703768193552
"50944",-1.01829793840283
"7094",-1.02075937707393
"202333",-1.02132115413106
"9742",-1.02255774744217
"84305",-1.02277532724123
"10794",-1.02293765417868
"27076",-1.02376507656317
"145567",-1.0257033319923
"114757",-1.02584632836121
"55844",-1.02790526786831
"8564",-1.03272760404635
"29896",-1.03280118678804
"384",-1.03741643643585
"51013",-1.038167797834
"163688",-1.04245033845942
"55345",-1.04271740416597
"30000",-1.04452328175076
"2900",-1.0446464408925
"203190",-1.04567353063474
"222553",-1.05150586698434
"10597",-1.05154954836817
"221143",-1.05368361633641
"8408",-1.05575654402281
"51434",-1.05702675626271
"135295",-1.06303091229834
"200933",-1.06902378732252
"11194",-1.07549937170939
"201501",-1.07766712809936
"6237",-1.07908437633646
"125228",-1.08056171760213
"1340",-1.08183199422571
"10023",-1.0837326908643
"55577",-1.08513129839482
"622",-1.08551959795284
"3480",-1.08712335340983
"6263",-1.08799558013415
"56262",-1.09422598430468
"51661",-1.09450571214101
"160622",-1.09505395224855
"84938",-1.09518652809249
"26503",-1.0966846665384
"9344",-1.09840505425588
"29979",-1.09897394357302
"3213",-1.10198008045519
"526",-1.10650059822929
"4150",-1.1072776841942
"51028",-1.10822497685001
"55743",-1.1098658539889
"54407",-1.11285679005632
"23621",-1.113847558197
"7569",-1.11866267988956
"9750",-1.12288724489453
"29928",-1.12618373408541
"2069",-1.12651888798649
"128344",-1.13331689474985
"2535",-1.13371971968211
"8411",-1.13382215586343
"3738",-1.13397966172584
"140609",-1.13424238940767
"7718",-1.13659848199666
"85461",-1.13947485965067
"28982",-1.14022752199326
"51008",-1.14176818302736
"6513",-1.14285183599327
"6372",-1.14550436768515
"55112",-1.14588147143042
"64763",-1.14660656689926
"3055",-1.14890656809325
"2064",-1.14983890969262
"54962",-1.15164429941119
"54832",-1.15183893135563
"207",-1.15572000287914
"163087",-1.15712161395087
"162515",-1.15718887834158
"55298",-1.1626103681062
"2050",-1.16283243431115
"80349",-1.16369050808896
"115265",-1.16690918466584
"54542",-1.17088324925092
"55650",-1.17488331595497
"10284",-1.17822561139283
"57178",-1.17862103166008
"147011",-1.17869722028184
"9568",-1.18260554575583
"2719",-1.18260928501773
"55748",-1.18346831315467
"283991",-1.18360607380581
"4826",-1.18367708140345
"157506",-1.18495608681754
"5164",-1.18555300780238
"23028",-1.1868668123179
"205564",-1.19191685283993
"8842",-1.19269211931603
"51050",-1.19303860337415
"255488",-1.19438136548526
"10920",-1.19522046997877
"2017",-1.19556794906339
"8000",-1.19851571491103
"6314",-1.1996126799855
"146177",-1.19975184180765
"10289",-1.20083329263123
"23365",-1.20342412301189
"4682",-1.20463092431449
"148789",-1.20854613813908
"338785",-1.20922026981699
"8455",-1.20971293731262
"8804",-1.20996511667416
"55374",-1.21463045121931
"6399",-1.21466376350944
"23264",-1.21590786525296
"284716",-1.22156013086186
"9701",-1.22174850857905
"11052",-1.22179762867162
"871",-1.22672340814295
"23175",-1.2273039939804
"3195",-1.23008662604986
"10180",-1.23010810382429
"114789",-1.23419851372501
"134553",-1.23530027270449
"51637",-1.23542484026455
"342926",-1.23577054108408
"56980",-1.23796373860175
"3146",-1.23926007382717
"55850",-1.24352888293367
"262",-1.25164558775893
"8106",-1.25358138867372
"9456",-1.25367430707388
"83940",-1.26098094235757
"54149",-1.26359504394438
"1388",-1.26858876268067
"134285",-1.26999200021797
"83538",-1.26999613685936
"131076",-1.27109720234886
"112869",-1.27113380913852
"57589",-1.27130669333022
"1836",-1.27202362690464
"23551",-1.27384802138235
"23057",-1.27534795080045
"26038",-1.27586720712198
"78991",-1.27595183747104
"23368",-1.2778035745036
"6598",-1.28410093676178
"124817",-1.28501268170794
"10847",-1.29120926340569
"29904",-1.29161600961504
"2054",-1.2959039058365
"9172",-1.29686321870596
"3570",-1.29743773273855
"79809",-1.29805189036026
"10053",-1.29931023323077
"7311",-1.3022734743599
"4211",-1.30240293285291
"51294",-1.30278722679081
"57167",-1.30387142315866
"8313",-1.30472615045069
"200539",-1.30817357797015
"57479",-1.30828783967514
"84295",-1.30846596003201
"118788",-1.30922808781454
"7122",-1.31186633556109
"56131",-1.313229597088
"10129",-1.31335385284985
"8708",-1.31380286321412
"4131",-1.31500801980466
"3420",-1.31536430474004
"1196",-1.31594567213464
"83715",-1.31923249240977
"7709",-1.32125703485852
"26235",-1.32251244139701
"9712",-1.3253960129788
"80000",-1.32642575237219
"84193",-1.32657261477023
"51268",-1.32909964825844
"10059",-1.33002433172454
"5286",-1.33058083700552
"26512",-1.33102747037898
"11319",-1.33161051221476
"643155",-1.3340913405636
"284106",-1.33540662949902
"51134",-1.33585915735098
"84945",-1.34290905062813
"94134",-1.34515074974307
"11094",-1.34963819743478
"80021",-1.35070719354175
"84196",-1.35528907500561
"5746",-1.3560196155459
"3902",-1.35694919484663
"1428",-1.35782996514059
"54778",-1.35865894096402
"5264",-1.36317763517032
"148523",-1.36344715154641
"27151",-1.36796442933513
"23324",-1.36936716374199
"51276",-1.37009397626084
"5175",-1.37103546209353
"5265",-1.37340377416792
"10979",-1.37577089998028
"54993",-1.3785891653301
"2979",-1.38053040429141
"254102",-1.38162531582236
"54505",-1.38289508409962
"5757",-1.38522468428656
"200162",-1.3856936368873
"841",-1.38589812586047
"3656",-1.38595613851552
"57102",-1.38691744109265
"22880",-1.38694358715358
"1069",-1.38819930904113
"4358",-1.3890799433071
"51278",-1.3933576338377
"125170",-1.3935257130305
"8622",-1.39510023776665
"10534",-1.39918462255253
"64748",-1.40348538082777
"10224",-1.40477907296971
"56147",-1.40498130188625
"1209",-1.40555155795225
"5193",-1.40919048743381
"26099",-1.41051923177575
"147929",-1.41239114817794
"55647",-1.41531547649141
"4695",-1.41648482635953
"3632",-1.41831930335794
"84329",-1.41832497712915
"57121",-1.41907726141443
"4137",-1.42003455354314
"93627",-1.42148237111445
"9402",-1.4247485067347
"65109",-1.4301313493655
"57143",-1.43048598175719
"112970",-1.43065411510849
"51014",-1.43708594349766
"58525",-1.43724565948257
"374882",-1.441182738085
"54492",-1.44144685593949
"10897",-1.44260947929007
"5016",-1.44910211380952
"219541",-1.45074260865103
"1747",-1.45146477574401
"140460",-1.45149151520342
"51639",-1.45163553034516
"64333",-1.45225039805194
"22808",-1.45376734049671
"253558",-1.45468401007889
"29799",-1.45560456101879
"10227",-1.45632149108572
"6560",-1.45788802213213
"3993",-1.45928617762462
"23097",-1.46204576438755
"4697",-1.46710671847355
"10352",-1.46819409050545
"127294",-1.47181393900352
"25907",-1.47330055634258
"9204",-1.47528119252275
"415116",-1.47551805334139
"7133",-1.47749291179138
"6524",-1.47799291932489
"60685",-1.48023816397382
"10243",-1.48354894635979
"6636",-1.48472973964447
"123879",-1.48501226990028
"9130",-1.48560033952123
"54622",-1.48616337504498
"140876",-1.48739180331971
"27294",-1.48865097640409
"8925",-1.49116365630697
"9355",-1.4921116745259
"90249",-1.4934235999264
"2826",-1.49354017442578
"85457",-1.49404680163203
"157753",-1.49932527148949
"57819",-1.50862415072645
"9184",-1.51249332208235
"79726",-1.51392614136231
"81629",-1.51583971395486
"5716",-1.51689763310166
"51673",-1.51834649451177
"50506",-1.51944857141129
"84913",-1.52094136556855
"85463",-1.52176021391423
"64170",-1.52178235391527
"79798",-1.52852370647937
"9654",-1.52873284881546
"54549",-1.52898908900634
"2869",-1.53207126929874
"23",-1.53269572944842
"283385",-1.53811511046487
"11186",-1.53839536643725
"115572",-1.5387586431194
"51172",-1.53925657814739
"113510",-1.54274412123572
"55204",-1.54445900055037
"282617",-1.54565630198269
"55110",-1.54614776673062
"28989",-1.54657498805883
"7341",-1.54936461339622
"55558",-1.55245370864503
"84125",-1.55417835653291
"7328",-1.55649810068193
"80306",-1.56059983590312
"6767",-1.56290464768376
"80739",-1.56338292593351
"254065",-1.56381521809733
"5153",-1.56664688251646
"79699",-1.56950427437793
"60491",-1.56955193418617
"55312",-1.57423289572816
"56894",-1.57511926159906
"54854",-1.57583710356597
"154791",-1.57938653092082
"7106",-1.58579117458387
"153",-1.58921323843682
"57097",-1.59066265473606
"7264",-1.59180187045647
"5128",-1.59180494713043
"79842",-1.59290889024273
"8356",-1.59573694751314
"9390",-1.59717489547672
"23149",-1.59812860580803
"152110",-1.59858212872971
"8531",-1.59869101821184
"3204",-1.60680478546452
"146330",-1.60737440607163
"80704",-1.60796673585602
"10773",-1.60882658971481
"833",-1.60901060986394
"657",-1.61311852690598
"145389",-1.61560840078844
"10645",-1.61721862309129
"55211",-1.61745125111162
"375607",-1.62157842629055
"140612",-1.62322525501426
"1459",-1.62744878320542
"10278",-1.62850496186227
"5074",-1.63004191664083
"2811",-1.63005211171997
"643008",-1.63048046005341
"79026",-1.6319627971208
"3795",-1.63198217771506
"84179",-1.63206890015041
"2678",-1.63314320700836
"84818",-1.63538921694996
"3037",-1.63579430890816
"3607",-1.64008630435361
"10432",-1.6441355543019
"10927",-1.64754385644349
"9690",-1.65376615761835
"29906",-1.65384475346959
"3746",-1.65385656880344
"3005",-1.65595905984531
"1874",-1.65687403370031
"56101",-1.65820080134149
"23067",-1.65916116151186
"8785",-1.66226028849845
"4357",-1.66263298215531
"4345",-1.66272985292135
"340267",-1.66297191241147
"9179",-1.66378305188321
"137392",-1.66585660766411
"10444",-1.66610362502602
"7036",-1.67061004141991
"2774",-1.67474713408482
"80206",-1.67719481066936
"254042",-1.67976654360977
"8165",-1.6843978224577
"80324",-1.68466697068134
"80309",-1.6852735764979
"9147",-1.68566428763309
"445",-1.6863099470932
"8809",-1.68671397820758
"26276",-1.6882175906624
"5170",-1.68865318645968
"254295",-1.68965453599597
"64708",-1.69060455095446
"23109",-1.69334918269139
"5888",-1.69517159050671
"83854",-1.69625123660385
"28232",-1.69627794659648
"55567",-1.69650422178976
"23263",-1.6974938125292
"3295",-1.6990429063411
"10964",-1.70181531612055
"79025",-1.70202230118643
"152100",-1.70362692882161
"283373",-1.70496096713133
"54936",-1.70553117593831
"7324",-1.70686657225791
"140831",-1.70881915375675
"92345",-1.71066344288364
"1385",-1.71228269115581
"55715",-1.71437601409475
"55168",-1.7151706976391
"9947",-1.71645757279146
"4055",-1.71828530819463
"10809",-1.72404137494328
"414918",-1.72713382628958
"541468",-1.73203131882694
"9515",-1.73322353050678
"63827",-1.73507803744938
"1636",-1.73882225714123
"83548",-1.73981268853881
"158427",-1.74049443491213
"475",-1.7421691668545
"6832",-1.74231548845477
"80164",-1.7431832049997
"64395",-1.74419959293248
"7844",-1.74485305127738
"79935",-1.74488487103813
"53405",-1.74590828982262
"222255",-1.747782418161
"84065",-1.7486829847026
"10666",-1.74953944250072
"2475",-1.75250994876714
"10487",-1.75290015376027
"23348",-1.75526337579208
"55015",-1.75814517934826
"10802",-1.75974162399433
"23376",-1.76289133045637
"1912",-1.76321157267009
"55683",-1.76668209774807
"5727",-1.76735092614183
"1946",-1.76780790448117
"6549",-1.76820872197733
"51426",-1.76897972707204
"57463",-1.76961054558673
"137075",-1.77339518206336
"4684",-1.77404267242749
"51780",-1.78366541451529
"2897",-1.78714911679079
"996",-1.79409539580693
"4773",-1.7953755397913
"51225",-1.79553802765168
"57534",-1.79662415820452
"55832",-1.79690842388179
"54873",-1.80221254935761
"170082",-1.80341802828214
"64856",-1.80438821709273
"117248",-1.80476869817183
"782",-1.81299962255052
"123228",-1.81335707561924
"8556",-1.81364316990318
"375323",-1.81383301371034
"7155",-1.82299277773039
"57648",-1.82413301967116
"346007",-1.82549434423166
"55279",-1.82713274354427
"148362",-1.82911229009748
"3689",-1.8309944001964
"9202",-1.8311831518385
"114788",-1.83241414818617
"390598",-1.83315172550457
"23562",-1.83529868217077
"9213",-1.83599224092815
"200895",-1.83972276160459
"10319",-1.84099452291872
"220359",-1.84234932164426
"368",-1.84265796240565
"390937",-1.84550538379323
"10396",-1.84981151550641
"352909",-1.85040382605283
"79577",-1.85662504919544
"55269",-1.85698049344165
"534",-1.85824793054683
"83607",-1.85947657899175
"54842",-1.86288241493071
"6616",-1.8653488251261
"23277",-1.86713435350799
"123872",-1.87424969665231
"64599",-1.87817934053437
"23382",-1.88350669041891
"158787",-1.8837948491252
"26750",-1.88395667000863
"107080638",-1.88440446012821
"2023",-1.88999788480503
"23349",-1.89019363611807
"10519",-1.89057782703227
"54662",-1.89190428300904
"84640",-1.90306743648437
"7163",-1.90689498620928
"56920",-1.90745422704942
"56130",-1.90799277602308
"219736",-1.90903417372127
"285148",-1.90995856613202
"6628",-1.91088291121295
"2766",-1.9137907504428
"10480",-1.91695797888579
"138311",-1.91889306447361
"57091",-1.91915144703185
"57577",-1.91921391190263
"84448",-1.91996846141177
"27232",-1.92273429904617
"4999",-1.92293480397638
"4753",-1.92315277350523
"2297",-1.92524956035908
"161835",-1.92976769871949
"152789",-1.93100554640616
"56521",-1.9339237827508
"201456",-1.93452874731494
"79064",-1.93821562398476
"5970",-1.93832845475923
"5522",-1.94152046315533
"9625",-1.94204677845424
"51271",-1.94252844306057
"369",-1.94462868080149
"87",-1.94768073230526
"723790",-1.94772246791826
"1445",-1.94836969944687
"90293",-1.94952615922606
"255758",-1.95625063199803
"23168",-1.95853288733592
"351",-1.95962628182899
"28231",-1.96001357403708
"145482",-1.96050485859027
"6522",-1.96122970260523
"2318",-1.96396260563157
"10131",-1.96777382557344
"353088",-1.97225197081494
"2894",-1.97561964285981
"341640",-1.97686251524237
"8600",-1.97953787593327
"26030",-1.98088680805741
"80063",-1.98309802930247
"1185",-1.98398361508308
"10349",-1.9841441628426
"90550",-1.99077257712277
"284293",-1.99153698484178
"84314",-1.99201112053234
"6626",-1.99300711640244
"79613",-1.99469918659502
"92344",-1.99764923771077
"51805",-2.00016639686097
"89797",-2.00062758288957
"55602",-2.00105264287446
"8813",-2.00158652349008
"162962",-2.00255184572137
"55785",-2.00255793045277
"6855",-2.00594296126413
"64789",-2.00602625429301
"55892",-2.006147028611
"64426",-2.00744419706989
"9723",-2.00782632402445
"79369",-2.01001657359838
"57336",-2.01284396766125
"79989",-2.01397103900321
"54499",-2.01495083854064
"26233",-2.02193315467672
"5609",-2.02401915719018
"84514",-2.02536418818643
"10923",-2.0276823616062
"56907",-2.02908288682759
"9054",-2.03209083175411
"8504",-2.03383242075799
"409",-2.03511465501011
"10472",-2.03537230512833
"55680",-2.03680399554813
"260334",-2.03783948660765
"8895",-2.04407610010141
"130814",-2.04665589325166
"10973",-2.04669974910525
"7325",-2.04782425959901
"11316",-2.04787395752545
"126520",-2.04788075455187
"51135",-2.04847952400578
"57665",-2.05134133584383
"5962",-2.0529793025777
"8729",-2.05560480309373
"79848",-2.05580212471534
"11128",-2.06179379211679
"55313",-2.06184692349974
"55515",-2.06306678844835
"10149",-2.06447381248149
"80725",-2.06605437847972
"57403",-2.06608253456745
"9806",-2.06989237374279
"10523",-2.07048758823955
"6584",-2.07098922284381
"84084",-2.0710120308442
"84073",-2.07303526782903
"6642",-2.07362222781362
"26045",-2.07374901754187
"9940",-2.07559513116781
"25796",-2.07563372716035
"56884",-2.07627904803521
"23171",-2.07806168044847
"1965",-2.07969809789227
"10479",-2.07976302189498
"1173",-2.08040747562463
"2904",-2.08078270636117
"9926",-2.08264750348144
"26034",-2.0830613662767
"283229",-2.08432136364448
"84553",-2.08528076899366
"5564",-2.08546267378492
"23025",-2.08969425435784
"388759",-2.09088706681385
"100130519",-2.09267844605586
"128312",-2.09340473832193
"55638",-2.09384355204487
"80114",-2.09809476837577
"1006",-2.10426752707522
"54762",-2.10647305713711
"8634",-2.10867510469451
"816",-2.10903914077843
"7567",-2.11041921712942
"79684",-2.11490919887734
"9145",-2.11526125932488
"10430",-2.11712164800823
"8019",-2.11795312078286
"9746",-2.11945502970611
"254251",-2.11967700218259
"4129",-2.12346170918359
"331",-2.12397114081894
"29940",-2.12448495636614
"25998",-2.12526597210434
"57348",-2.1270077307755
"11313",-2.13098923949909
"60490",-2.13326235619496
"401466",-2.13651945141975
"23012",-2.140570939749
"80012",-2.14576317899587
"55781",-2.14663431907871
"9360",-2.14775067579157
"143384",-2.15129576694675
"192669",-2.15603073226669
"375056",-2.15727105961116
"64285",-2.1593670265596
"84570",-2.16091670581884
"57161",-2.16255524798613
"23209",-2.16686664232046
"7347",-2.16698758026596
"55692",-2.16820023155142
"23241",-2.17674081066447
"9143",-2.17997467906498
"2810",-2.18294087107832
"115201",-2.18423651113999
"79140",-2.18841732213713
"463",-2.18997369673702
"57787",-2.1902734756906
"10402",-2.19041821500844
"7507",-2.19136156522064
"8027",-2.19241204668463
"84250",-2.19403278447323
"441054",-2.19528611305348
"147138",-2.20128818994739
"57699",-2.20408811249958
"116225",-2.20606000666948
"80854",-2.20679007772569
"153768",-2.21189594648069
"51167",-2.21306983362386
"5557",-2.21394113931238
"140458",-2.21402563076199
"148808",-2.21405318242187
"399671",-2.21490203577582
"56104",-2.21529905773102
"124976",-2.21629450885257
"27111",-2.21639063855762
"11116",-2.21647777225454
"594",-2.21781831848651
"56704",-2.21836317450982
"11320",-2.22235579520964
"7982",-2.22483476993151
"64005",-2.22507030109983
"9980",-2.22529532144907
"4145",-2.22551843867841
"3842",-2.23231825291705
"399664",-2.23234910912445
"143879",-2.2338979968327
"6175",-2.23530628848824
"58189",-2.23829995177013
"9775",-2.23879845819792
"84191",-2.23912148818127
"78997",-2.2408593677769
"23062",-2.24101747602799
"64840",-2.24102926498108
"55083",-2.24141176101454
"2146",-2.24621796512882
"9475",-2.24747051181661
"53344",-2.24945431306851
"5713",-2.24970358377629
"4645",-2.25282672047057
"6834",-2.25340662906101
"5681",-2.25639148407918
"84216",-2.25849669191918
"79913",-2.26097261194384
"51057",-2.26130328925819
"399474",-2.26168741474611
"107984138",-2.26305782424281
"51072",-2.26713741264591
"10153",-2.26989474912464
"896",-2.27027761896969
"79852",-2.27259009421186
"202",-2.27539701529105
"7318",-2.27643448955131
"147948",-2.27752736589327
"23023",-2.2836224634529
"80169",-2.28374314061919
"22982",-2.28508773822465
"123920",-2.28679549312463
"197358",-2.29783752593746
"55700",-2.29959316479727
"79659",-2.30163477891033
"79400",-2.3030712863733
"10217",-2.30311513476888
"147339",-2.30427264685212
"9856",-2.30631346021854
"55366",-2.30806399357533
"4034",-2.30960218538989
"7003",-2.31011713108573
"776",-2.31246762184633
"3626",-2.31336319450684
"367",-2.31362014852729
"51538",-2.31440224618426
"155185",-2.31507612255794
"221443",-2.32251186923282
"326625",-2.32601985604874
"26118",-2.32689411449326
"85451",-2.32776641777282
"1203",-2.32904040227792
"7678",-2.32904145693162
"54585",-2.33561374808598
"2673",-2.33599307104509
"25852",-2.33805698803143
"80125",-2.33875301396821
"5733",-2.34061810323488
"9604",-2.34233422137754
"7137",-2.34312823067231
"286826",-2.35131029476078
"1639",-2.35413694765539
"11168",-2.35579091555834
"10898",-2.35888384921346
"252884",-2.35897057001986
"9094",-2.35941544192708
"151354",-2.36522920722938
"972",-2.36558151170835
"220972",-2.36569962596805
"5693",-2.36601821986802
"5799",-2.36865210083345
"577",-2.37065087198115
"145407",-2.37136831104345
"7268",-2.37197679417314
"23131",-2.37337846956158
"5239",-2.37811029892077
"3012",-2.38806760251921
"943",-2.38947647628417
"100129480",-2.39097340573579
"392",-2.39745314914915
"286336",-2.39820131113446
"11080",-2.39991756507723
"1236",-2.40141525192253
"54880",-2.40188386082827
"23316",-2.40478041609577
"283234",-2.40744331153324
"57547",-2.41193529405777
"326624",-2.41381744151385
"158358",-2.4163932106211
"51455",-2.41881227573598
"57186",-2.42126587651625
"8562",-2.42445430680318
"11155",-2.42574741940458
"55023",-2.42634783825098
"7287",-2.42693495942387
"90668",-2.42742576655858
"5432",-2.43173669015211
"203522",-2.43181226615871
"169436",-2.43824879006284
"113622",-2.44073687620963
"2645",-2.4414451330668
"8220",-2.44268235999077
"9655",-2.44282741862064
"25842",-2.44582905012455
"91523",-2.44865857805797
"84824",-2.44969806724854
"145501",-2.45048923035365
"389206",-2.45228703202611
"85016",-2.45761634202591
"401546",-2.45988101183777
"51377",-2.46094708555406
"389015",-2.46124055166426
"9704",-2.46364779260783
"79812",-2.46441211033049
"6135",-2.46470203850821
"2842",-2.46481621080848
"440",-2.47051746181354
"8517",-2.4747322196783
"80196",-2.47498452070954
"206338",-2.48198033783403
"5930",-2.48231615079864
"91746",-2.48245690922253
"4728",-2.48255457832501
"3918",-2.48365755865349
"4261",-2.48586444511894
"340719",-2.48797839231882
"221477",-2.48947807740391
"81543",-2.48981376532621
"26128",-2.49310877495311
"4124",-2.49619934972313
"388272",-2.49817706250762
"10220",-2.50073666032142
"256586",-2.50292191119881
"8288",-2.50642143367986
"8347",-2.50648001149305
"6991",-2.50758604973351
"6529",-2.51365768204335
"8449",-2.51754677283338
"3754",-2.51887664858188
"7257",-2.52387080398079
"57510",-2.52764542290598
"2192",-2.52986659942303
"11133",-2.53149611393885
"2920",-2.5322035184451
"144406",-2.53704866924955
"2914",-2.53751670816466
"51400",-2.53929872371627
"55531",-2.54125889020146
"57092",-2.54312903023414
"8100",-2.54316975288204
"10161",-2.54358648550704
"8882",-2.54387906103119
"23144",-2.54933898802038
"64778",-2.55048565178569
"56834",-2.55510236163452
"5788",-2.55538497060704
"208",-2.55646980337894
"3777",-2.55704510854099
"79784",-2.55718276555512
"7337",-2.5587448775751
"7881",-2.56639936159173
"2288",-2.56811376621425
"9814",-2.5686887223455
"4843",-2.57076420579519
"54477",-2.57700672543219
"4352",-2.57754108388443
"8994",-2.58138631202659
"51693",-2.58282549765004
"5972",-2.5851057673155
"1440",-2.58513180211174
"51701",-2.58989080697926
"79654",-2.59115933085273
"6854",-2.59143452074452
"9348",-2.59209120962667
"7066",-2.59345457728296
"23446",-2.59356834235154
"64422",-2.59471812405258
"219293",-2.6013218378559
"79958",-2.60677804060367
"134829",-2.60785078204084
"2009",-2.60923149114245
"3399",-2.60929252040239
"23181",-2.61051403137384
"388428",-2.61381925557827
"197131",-2.61733422239786
"79042",-2.61822646217393
"10270",-2.62193466090071
"8192",-2.62446488365969
"8867",-2.62457893421883
"55596",-2.62492612916843
"157777",-2.62528105265877
"157855",-2.62624359753401
"23075",-2.62889766465334
"27351",-2.6359846458311
"40",-2.63627030379926
"122481",-2.63732890160977
"4247",-2.64038568109888
"64115",-2.6418140597648
"11238",-2.64306588629284
"79819",-2.64316602745767
"65117",-2.6435779903415
"6472",-2.64513321416137
"246269",-2.64678237968062
"114897",-2.64848917201886
"9230",-2.65228663804264
"27034",-2.65673266876736
"347404",-2.65926205614105
"8578",-2.66234502445428
"6184",-2.66446642322084
"27006",-2.66556784459946
"260429",-2.6697166638576
"4739",-2.6698502816129
"482",-2.67184596596082
"203245",-2.67556481965157
"10631",-2.6760709366383
"10328",-2.67877915022878
"863",-2.68015096896411
"2932",-2.68432155455148
"5934",-2.68605568766587
"26091",-2.68619765036796
"7316",-2.68824208140837
"55090",-2.68835290123206
"64928",-2.68875073747766
"284352",-2.69056432124072
"51473",-2.69174630319177
"338324",-2.69247421305684
"285190",-2.69480130783434
"9719",-2.69593098395281
"4486",-2.69744414587187
"7703",-2.69819156367521
"23564",-2.70572780369486
"1145",-2.70602523011687
"6948",-2.70654336912214
"146556",-2.70684390443032
"29091",-2.70888204932227
"168667",-2.71034074462064
"26018",-2.71227607412232
"94137",-2.71589317955404
"159686",-2.71651686270854
"2615",-2.71784581878253
"162514",-2.72108717101784
"2960",-2.72491285420495
"23094",-2.73156643319193
"389119",-2.73205610570937
"4026",-2.73454054801715
"51068",-2.73553055422593
"2917",-2.73653235246682
"54536",-2.737948035165
"132949",-2.74129442092069
"92335",-2.7438129453822
"9162",-2.74671703826558
"340527",-2.74761002228343
"10388",-2.74827867200474
"1777",-2.74937926549281
"9139",-2.74953367298095
"2053",-2.75117690158976
"80305",-2.75480288501224
"100874261",-2.75490289726766
"51111",-2.75574919860555
"2785",-2.75578460812039
"7048",-2.75828721955538
"170506",-2.75844548293689
"136853",-2.75848240782636
"221458",-2.76045079665662
"5878",-2.76133060121741
"4082",-2.7622337402955
"65991",-2.7624482269313
"3621",-2.76305457589244
"2671",-2.76442017255317
"54980",-2.76581337537472
"57488",-2.77177173526822
"1793",-2.77329239477165
"116138",-2.77480963139062
"2196",-2.77950749604189
"27129",-2.78035647880691
"7561",-2.78399343854878
"197135",-2.78917241836011
"10171",-2.78961623977913
"6051",-2.79087915788953
"6932",-2.79203483910633
"8714",-2.79241081935176
"84316",-2.7924917726651
"9861",-2.79842569116113
"5918",-2.79845767583885
"118442",-2.79957353730295
"115024",-2.79996109811597
"2287",-2.80033680006807
"29789",-2.80317742873227
"85476",-2.80411968770605
"7073",-2.80682673962264
"79896",-2.80685232678477
"55503",-2.80779296226505
"55651",-2.80792941448371
"80262",-2.80877683515644
"51096",-2.81099880011303
"9099",-2.81116770218213
"5498",-2.81673577155977
"23137",-2.82037535497569
"148113",-2.8236747865047
"81894",-2.82631118114567
"26136",-2.82670057347225
"5143",-2.82851543979024
"7123",-2.82916424631709
"54732",-2.83240708223333
"23212",-2.83362287823621
"27333",-2.83405545678565
"55079",-2.83546224366937
"9666",-2.83687094421199
"147699",-2.83857685552087
"4090",-2.83995535071446
"91452",-2.84134085024705
"23332",-2.84510565347602
"23132",-2.84725160903831
"105",-2.84786802151285
"143187",-2.84816079003701
"9633",-2.84939747778728
"83449",-2.85087095446144
"26154",-2.85122771634526
"71",-2.85245694488586
"11244",-2.8537833701222
"388228",-2.85577364869463
"161502",-2.85585942721826
"55260",-2.85611995685591
"128876",-2.85649497008424
"8802",-2.85676823279773
"129450",-2.85693694923539
"2523",-2.85861198259001
"151393",-2.86178534779241
"2946",-2.86321531854792
"55726",-2.86366850041793
"51131",-2.86382087948039
"159013",-2.86516761604474
"25775",-2.86652831041188
"124925",-2.86660204379276
"6207",-2.86837857730801
"146923",-2.87022962894875
"51501",-2.87228144635746
"9826",-2.87354708522125
"27254",-2.8743784002517
"1997",-2.87565452432064
"55182",-2.87670571766869
"1272",-2.87738672247587
"1938",-2.88385812474185
"10699",-2.88610456900432
"25874",-2.88613911058217
"7038",-2.88658430990713
"4849",-2.88706778608977
"199720",-2.88994501370794
"79698",-2.89177164583621
"55527",-2.89214135611166
"55300",-2.89214683277622
"55856",-2.89250106344283
"27090",-2.89283751822292
"728489",-2.89530141763325
"55301",-2.89575305320869
"84258",-2.89929752265036
"643677",-2.90041761260133
"8555",-2.90169585951892
"6195",-2.90261073919521
"10998",-2.90306821852747
"23552",-2.90350167551479
"101059918",-2.905527787809
"114990",-2.90895528717775
"80205",-2.90908979627967
"1303",-2.91131904493745
"128637",-2.91191844189237
"51726",-2.912028259972
"80145",-2.91509635308951
"165082",-2.91592705871681
"9609",-2.91773804085959
"79070",-2.91879889023628
"10730",-2.91909859216071
"57458",-2.92267993997738
"59341",-2.92514258073945
"55908",-2.92648324028008
"81796",-2.92737551665864
"255809",-2.92800011122559
"51128",-2.93047840625592
"6477",-2.93117094770071
"51530",-2.93492245680325
"4722",-2.9366512320356
"55236",-2.93725422159639
"1039",-2.93807596830504
"26036",-2.93850866539845
"6579",-2.93942511039001
"57649",-2.94253954181876
"283078",-2.94521839432722
"51304",-2.94539637054636
"280",-2.94558080066513
"2873",-2.94829351705514
"56937",-2.94908982104318
"116085",-2.95235510517696
"23360",-2.95311596565157
"11230",-2.95937420490538
"26231",-2.95944437000601
"51720",-2.96077132414345
"7030",-2.96207812251127
"5520",-2.9628435083045
"285600",-2.96371663895844
"56987",-2.96416343271328
"5870",-2.96489931454248
"6648",-2.96602503604616
"93233",-2.96666687552311
"3263",-2.96687509113696
"9867",-2.96948443624299
"6478",-2.96977689938332
"9119",-2.97093672406518
"967",-2.97225053367158
"5001",-2.97279308557355
"4893",-2.97301330907838
"55752",-2.97533973679983
"79706",-2.97587918439877
"8659",-2.98119275970242
"1558",-2.98709943166647
"25782",-2.98948265111081
"166968",-2.98948478388952
"8721",-2.99285876493351
"90102",-3.0012747202856
"9879",-3.0031383895358
"64114",-3.0077122683014
"79054",-3.00794167557439
"5202",-3.01082805112099
"7454",-3.0128960607332
"51384",-3.01406964613323
"9871",-3.01474384269418
"10971",-3.01973577269914
"84842",-3.02164753790538
"4904",-3.0223345815368
"58533",-3.02305011644957
"5208",-3.02671341813433
"6897",-3.02706453347057
"51585",-3.02841608432858
"867",-3.02887558719112
"55920",-3.02933158926747
"2104",-3.03623655146302
"100129543",-3.03744977552082
"105375355",-3.03763523413671
"5977",-3.03968327043382
"51752",-3.04001437989714
"115111",-3.04123211074751
"781",-3.04405341079286
"10906",-3.04635180255666
"9853",-3.04638720780284
"144363",-3.04770820658894
"988",-3.04949126165885
"9887",-3.04980832219363
"162979",-3.05133051330616
"3687",-3.05205813044387
"1022",-3.05281646506432
"9584",-3.05323926499878
"388588",-3.0536233627416
"60680",-3.05498996377084
"54629",-3.0556845261824
"66004",-3.05938541784418
"5524",-3.06315866208087
"5641",-3.06415702448585
"59307",-3.06450223017509
"6668",-3.06588979151228
"55209",-3.0669212277756
"23250",-3.07103589522512
"153769",-3.07337670788684
"79759",-3.07414926597431
"8309",-3.07430598135606
"127255",-3.07750086894651
"55339",-3.07973061639883
"81556",-3.08011580004156
"252995",-3.08269282429173
"400713",-3.08437819860364
"79876",-3.08464334499835
"9857",-3.08658881319888
"225689",-3.087372400391
"114034",-3.0940081555433
"2670",-3.09568278203451
"125950",-3.09630316809681
"8724",-3.09675020165893
"7355",-3.10149621637568
"5436",-3.10155023124111
"388595",-3.10264517457075
"89944",-3.10382437961424
"93643",-3.10473543176857
"339366",-3.109428373211
"1326",-3.10950138527127
"199692",-3.11421141874769
"79132",-3.11435565454768
"647219",-3.11498067785972
"651746",-3.11612034504669
"2289",-3.11893544048627
"7181",-3.11922441730701
"5771",-3.12096984426263
"28966",-3.12302893892618
"3400",-3.12425764899354
"55082",-3.12453370903178
"25797",-3.12719147941261
"389203",-3.12750097448643
"3326",-3.12797801403646
"150786",-3.12800281561608
"55756",-3.12850682593334
"94",-3.12873836951649
"4901",-3.13423088373972
"23639",-3.13488797767761
"394",-3.13564046606685
"28999",-3.13630746954904
"57724",-3.14239323223294
"55486",-3.14266111976533
"27012",-3.14306650889308
"27130",-3.14756777962554
"7351",-3.15075767143722
"112752",-3.15361935232418
"94234",-3.15638018395186
"90780",-3.15775234523683
"4593",-3.16390305059218
"8811",-3.16842247632078
"51604",-3.16855610049813
"55040",-3.17229432420241
"54550",-3.17382133452666
"171019",-3.17859688984829
"7555",-3.18014232126098
"64400",-3.1817105695749
"283130",-3.18194217130061
"8858",-3.18421925527652
"5714",-3.18456151955316
"2911",-3.19015660012642
"25803",-3.19255269504023
"79269",-3.19460808280554
"7052",-3.19693196539298
"8515",-3.19860505241298
"51411",-3.20228694327252
"7462",-3.20367533153106
"51069",-3.20614862690776
"5194",-3.20628829797292
"2997",-3.20673878395962
"10254",-3.20764613351094
"1602",-3.2137913732629
"148932",-3.21416448134908
"84231",-3.21494297496346
"145270",-3.21645067116241
"85021",-3.21680110659129
"91647",-3.21773798073254
"8736",-3.21810769772259
"83737",-3.21967198116652
"1945",-3.22673048192458
"255239",-3.22701134721743
"5688",-3.2296067365638
"9949",-3.23183333025766
"26509",-3.23212904462963
"2745",-3.23273499895427
"963",-3.23298789435062
"29035",-3.23411521633559
"7185",-3.23661958996484
"286207",-3.2410009534541
"56924",-3.2427746055323
"663",-3.24297900887351
"4259",-3.24386802054937
"57520",-3.24408206851167
"10767",-3.24683603047718
"3373",-3.24970852747947
"112616",-3.25336497751662
"2636",-3.25404929744778
"340260",-3.25474451198961
"51651",-3.25479325717094
"55007",-3.25479982521318
"9762",-3.25517364296342
"5145",-3.25732167840152
"57644",-3.25772838202362
"126626",-3.26036314869524
"2186",-3.26121046950959
"8534",-3.26226848777599
"23466",-3.26487847200756
"129401",-3.26782928152418
"6489",-3.26851209552991
"2147",-3.26988523274417
"4649",-3.27247056900828
"283254",-3.27254615958316
"345611",-3.27275943484276
"79567",-3.27349858497333
"4015",-3.27520584313518
"26251",-3.27657789021712
"4495",-3.27673228195286
"201161",-3.27751352130359
"283208",-3.28263708769451
"55276",-3.28504879834709
"3479",-3.2857682260129
"8887",-3.28829529186793
"84920",-3.29475878004226
"161142",-3.295328731513
"478",-3.29943464116153
"525",-3.30417207211995
"152",-3.30492011434618
"2100",-3.30514919076044
"55291",-3.30753048358525
"84522",-3.30846421051215
"125476",-3.30914858629082
"29994",-3.31248032652583
"23347",-3.31298913684113
"2002",-3.31343351908058
"50632",-3.31672044192246
"6885",-3.3179306678122
"3222",-3.31803165754261
"199920",-3.31998020695813
"132946",-3.32365992269898
"8476",-3.3239521746473
"143689",-3.32533962337888
"51091",-3.32686750811015
"401036",-3.32728983949633
"26122",-3.32735786838501
"4624",-3.33020231426709
"327",-3.33045577709139
"4883",-3.33099845875207
"90342",-3.33169177129166
"5126",-3.3322563245807
"829",-3.33491865809282
"10609",-3.33685493197632
"338322",-3.33835373442448
"90416",-3.33857931225596
"23443",-3.34235317276644
"55272",-3.34428267634916
"9446",-3.34536663574626
"695",-3.34900651733655
"2782",-3.34976559337499
"54432",-3.3501368772503
"84915",-3.3503764259014
"80714",-3.35387573690363
"10060",-3.35551679470347
"55727",-3.35815368585352
"4651",-3.36301153724306
"374864",-3.36354040881629
"389058",-3.36485982843957
"387082",-3.36666741280447
"10361",-3.36721987272612
"4628",-3.37102680432211
"8357",-3.37518222654637
"80315",-3.37663583869088
"29127",-3.37709506575461
"153328",-3.38054561769731
"171568",-3.38057605309909
"3355",-3.38167151946761
"54567",-3.3859504639183
"10667",-3.38857905208881
"8674",-3.38885032150886
"3382",-3.38915510537829
"84687",-3.38931259529055
"400954",-3.39589324659625
"63925",-3.3972662299347
"29088",-3.39901539323666
"5096",-3.40241379395822
"130813",-3.40399502195445
"84542",-3.4044310676626
"339453",-3.41284177451667
"56851",-3.4139668130205
"8694",-3.41722582899447
"389072",-3.41823066061908
"3768",-3.41853680887573
"79595",-3.42276831779407
"9158",-3.4227728950855
"147015",-3.42318093111706
"151613",-3.42327304562658
"387032",-3.4247359210719
"146",-3.42518434295153
"4723",-3.42601558426091
"154865",-3.42935755054022
"6760",-3.42941972164774
"54464",-3.42969436009514
"8991",-3.42997452104584
"1136",-3.43430296970393
"8883",-3.43591249470637
"3268",-3.43683876826704
"8909",-3.44394959972198
"5169",-3.44988204201307
"51257",-3.45579214669239
"54920",-3.45687332099731
"57706",-3.45804745297895
"5601",-3.45934631976637
"25804",-3.46070235903589
"8973",-3.46142898914734
"22917",-3.46685181242493
"6530",-3.46986478168564
"23230",-3.47337157097906
"51573",-3.48296634965179
"26521",-3.48498320930602
"2582",-3.48646588940723
"58473",-3.48691901524641
"4588",-3.48734085949584
"57147",-3.48881347672225
"2744",-3.49137731662371
"80790",-3.4921845925953
"378807",-3.49310889293095
"4507",-3.49349432852995
"138724",-3.49645879694179
"84144",-3.49835553986024
"121643",-3.49876041321323
"7874",-3.50819073801651
"9113",-3.50842528239814
"100129583",-3.5088186341505
"91543",-3.50891913064213
"4927",-3.50907514686366
"5814",-3.50948924979233
"339324",-3.50984011613201
"161725",-3.51074884576722
"11018",-3.51146324582443
"134218",-3.51290872744298
"6711",-3.51353814358407
"23281",-3.517100702931
"23418",-3.51989086086238
"157638",-3.52033959184645
"11331",-3.52242157433187
"11108",-3.52243417283601
"26275",-3.52592702032522
"4515",-3.52676446707068
"2969",-3.5275219398673
"22889",-3.52765972623124
"163782",-3.52929793515237
"51074",-3.52974928640759
"3421",-3.53207576078878
"55604",-3.53231164281723
"9310",-3.53239556787898
"6786",-3.53421535879985
"166348",-3.53829272205924
"6908",-3.5445003661258
"81847",-3.54724487519982
"10461",-3.54903961932613
"54716",-3.55018225424683
"9648",-3.55073284507025
"8437",-3.55209965249733
"1977",-3.55358392831588
"131578",-3.55396280514864
"6389",-3.55576018051373
"83480",-3.5566877274444
"27309",-3.56575508588391
"400224",-3.56678356066816
"5618",-3.56736128207102
"7128",-3.56839435726551
"84446",-3.57199751900302
"5471",-3.5722294141132
"654254",-3.57488333696027
"164312",-3.57529583169954
"90075",-3.57623969000535
"1404",-3.57835589837643
"7006",-3.58092355744625
"5663",-3.58379867894902
"160298",-3.5857303326189
"9056",-3.58722182654716
"3678",-3.59057780975712
"23533",-3.5948389914156
"58495",-3.59943590197406
"79065",-3.6022297339043
"51647",-3.60321307110519
"342371",-3.60327248852077
"64834",-3.60500074477338
"51474",-3.60707792543259
"2822",-3.6084572462861
"2823",-3.60984617718734
"64601",-3.61034987179571
"51547",-3.61166527476266
"3298",-3.61231739923355
"5297",-3.61341146704759
"284119",-3.61730996071825
"10939",-3.61860547286926
"9924",-3.61910224914705
"80317",-3.62584586270532
"29796",-3.6280050072636
"27030",-3.62890022603582
"22820",-3.6320716136247
"64072",-3.63671541648968
"23101",-3.6367921358848
"25769",-3.64011508991619
"83937",-3.64137428005477
"171425",-3.6417829893002
"26112",-3.6433347698194
"9440",-3.64573021489026
"1875",-3.64663134783637
"2115",-3.65584017348283
"80829",-3.66261392622896
"151525",-3.66557508265577
"64855",-3.66629649266958
"26025",-3.66759282490452
"23534",-3.66816409834925
"6688",-3.6704917129612
"126432",-3.67132103951767
"254268",-3.67397821934227
"25844",-3.67762470862873
"339210",-3.67909583163251
"2562",-3.68049800183008
"7941",-3.68167789420419
"132625",-3.68291242936794
"54460",-3.68321968270105
"3857",-3.68605910399739
"54439",-3.6897977404795
"57007",-3.69188602352067
"57469",-3.69313234024757
"84440",-3.69944925450051
"11179",-3.70194659111415
"80765",-3.70311443776642
"6586",-3.7032139771772
"619373",-3.70774245880992
"2528",-3.70850284366969
"5611",-3.7110416900148
"83891",-3.71372224168545
"8668",-3.71809227039243
"340665",-3.72034440299177
"388282",-3.72297523167181
"200150",-3.72424727424774
"51365",-3.72747083194791
"9780",-3.72789934092259
"51763",-3.72916106887136
"80143",-3.73002551868535
"57586",-3.74009436633365
"51667",-3.74251781980104
"6540",-3.74587156137596
"55879",-3.74858894181452
"55131",-3.74963485497018
"253430",-3.75088576002514
"8277",-3.7511985723125
"5901",-3.75431367360077
"27132",-3.75964290762327
"284417",-3.76061141864958
"8621",-3.76136038237525
"143098",-3.76290668384542
"9389",-3.76335020985224
"79035",-3.76365212025527
"79953",-3.76387920716358
"80070",-3.76672740970362
"2267",-3.77211267465234
"23036",-3.77229885457614
"6453",-3.77270480495358
"111240474",-3.77511637550956
"150084",-3.77655620287134
"1727",-3.77693404949677
"36",-3.77837341111386
"84304",-3.77940676759013
"10235",-3.78486256033492
"23217",-3.78554526800267
"57504",-3.7881001792494
"374928",-3.78945067574268
"245972",-3.79006206579278
"28958",-3.79108646526448
"6441",-3.79212644293466
"10668",-3.79272018771508
"4025",-3.79756125964312
"440689",-3.79874781488802
"6645",-3.80056183617694
"3850",-3.80182979841738
"1003",-3.80508427009203
"55012",-3.80909147799654
"219771",-3.81074790605377
"84276",-3.81103786638227
"7534",-3.8124752768622
"58505",-3.814690820155
"30827",-3.81658329825048
"23563",-3.81688741054639
"8086",-3.81769100478642
"10500",-3.81949840191374
"27085",-3.82199852381338
"51265",-3.82326683999226
"84306",-3.82390332070641
"102724428",-3.82760995567478
"92211",-3.82794030350889
"55095",-3.83067902417421
"100505741",-3.83078306942608
"10514",-3.83095012663202
"5981",-3.8335796514711
"7541",-3.83375049901363
"146562",-3.83469421690569
"747",-3.83567238503821
"5189",-3.84064243051404
"642843",-3.8407247669179
"4594",-3.84234226194873
"10842",-3.84238027126714
"9933",-3.84286733612168
"8641",-3.84376236381212
"55286",-3.84603245660451
"252983",-3.84739026521313
"113235",-3.84751980135654
"9739",-3.85300279369995
"6553",-3.85338063057184
"10653",-3.85423914463041
"139716",-3.8543032215678
"79760",-3.8576893627115
"9365",-3.85931196473473
"84264",-3.8594776635493
"9852",-3.86013751549828
"50619",-3.86140635223589
"339855",-3.86853513364211
"55697",-3.86861114184668
"285973",-3.8692541092626
"26146",-3.86945843421029
"79838",-3.87316337269997
"4659",-3.87319230102892
"282973",-3.87479489549957
"10664",-3.87577496080101
"165904",-3.87672459653858
"26093",-3.87803712754241
"55628",-3.87881954911493
"64900",-3.88033922189354
"154043",-3.88309858372725
"91012",-3.88343589981481
"6829",-3.88663252572837
"3938",-3.89135890203374
"51078",-3.89370956560835
"8766",-3.8995013984995
"153339",-3.90189144541499
"23286",-3.90245315461888
"10413",-3.90330440594701
"29925",-3.90355638241839
"440738",-3.90456808091054
"10204",-3.90510032124219
"8862",-3.9062361220327
"55284",-3.90927441326685
"901",-3.91078909379505
"552",-3.91258314825158
"25939",-3.91317823416127
"55359",-3.91499176092438
"238",-3.91547950483125
"23271",-3.91814029677982
"55234",-3.92061127942928
"115950",-3.9220599179913
"154197",-3.9239218808625
"6132",-3.92535970162475
"11341",-3.92675730389477
"147872",-3.9329599896817
"283152",-3.93342677081427
"8076",-3.94164077143568
"171392",-3.94358481460996
"654",-3.94541395894728
"10490",-3.94561011773543
"163183",-3.9507237895225
"7097",-3.95670290571918
"51316",-3.95891044294326
"474384",-3.95984107045899
"11104",-3.96235162834314
"5455",-3.96259418845249
"255022",-3.96713233010407
"667",-3.96842892970007
"9948",-3.96922825792987
"55576",-3.96946792423719
"7538",-3.96972764296243
"126",-3.97291271039667
"338755",-3.973821292428
"112398",-3.97405445092999
"80256",-3.97686500662675
"1144",-3.97913083930344
"23081",-3.98430353347617
"10724",-3.98676066918686
"8945",-3.98788927893747
"11146",-3.98959606554806
"1855",-3.99037093983725
"138639",-3.99084769151405
"25960",-3.99285854442287
"6603",-3.99441506951185
"730183",-3.99572051990176
"25837",-3.99674365320262
"5596",-3.99699006091398
"22823",-3.99699058065655
"24",-3.99715411722393
"93624",-3.99866950252287
"3312",-3.99872499878188
"2157",-4.00160183820684
"64359",-4.00495388177825
"158405",-4.01964799068514
"387733",-4.02170717972103
"54413",-4.02191246741378
"149461",-4.02228904104974
"8647",-4.02284354659173
"9462",-4.02548253860407
"83878",-4.02753675520235
"1768",-4.0299495796249
"22803",-4.03148114791056
"115019",-4.03255146591455
"378",-4.03539555077448
"8073",-4.03590599855614
"57560",-4.03687649190203
"9080",-4.03903875443072
"23460",-4.04757224571883
"200014",-4.04788908144114
"1452",-4.05005810351071
"84680",-4.05168923951227
"4712",-4.05205553953406
"55571",-4.05342623319536
"2886",-4.05450810965673
"5106",-4.0567992275582
"758",-4.05714500556511
"5868",-4.05756929627002
"200132",-4.06027504476131
"56916",-4.06204149758221
"27190",-4.0664208482887
"9519",-4.06886930799493
"51290",-4.07058525518884
"79810",-4.07091119787217
"22927",-4.07224270347573
"51099",-4.08153195939579
"56994",-4.08544996153726
"8613",-4.08697148001234
"6819",-4.09154074727734
"124739",-4.0926624664703
"952",-4.09285257152668
"3097",-4.09472147931815
"8189",-4.0953434267946
"7372",-4.0963011282615
"55231",-4.10057545535518
"5277",-4.10244032689884
"7757",-4.10341920147106
"170394",-4.10431611104986
"492311",-4.10847931520947
"5926",-4.10866516504875
"2071",-4.11134980040341
"64777",-4.11377509592906
"842",-4.1176440577842
"6945",-4.11776395658851
"121006",-4.11846292129832
"2769",-4.12243486379642
"51266",-4.12734231634206
"122618",-4.13144976557797
"8522",-4.13365589039894
"2583",-4.13366577894409
"5348",-4.13878000007327
"51602",-4.14023616239226
"147040",-4.14211083437443
"93517",-4.14276071045218
"53938",-4.14315369165774
"90634",-4.14465795800197
"10250",-4.14668361174657
"2131",-4.14683002735392
"1981",-4.15382951571254
"58517",-4.15732684050973
"284361",-4.15739071459445
"7450",-4.15810299459024
"8448",-4.16040431486119
"51228",-4.16084101212596
"79845",-4.16158881832825
"132332",-4.16178431022542
"51095",-4.16371814763652
"3547",-4.16394145929985
"100303755",-4.16467065979262
"54474",-4.16700600444344
"811",-4.16837919446814
"56097",-4.16905135208865
"84135",-4.17211839844692
"11235",-4.17361375192039
"5549",-4.17587196664596
"1369",-4.17810181166769
"3631",-4.18264838471554
"83861",-4.18701917914498
"8833",-4.19254946681136
"118491",-4.19564494233292
"284359",-4.19672583813713
"7392",-4.19835964494292
"4116",-4.19974942551732
"84138",-4.20051833597769
"84900",-4.20056010638295
"57519",-4.20177723631202
"64146",-4.20261539959413
"284111",-4.20270647093486
"10879",-4.20732728318646
"285601",-4.20772232626125
"440603",-4.20968838389143
"83988",-4.21108523527779
"824",-4.21118683497886
"4774",-4.21562124606823
"51061",-4.22242481777972
"340390",-4.2233840369331
"23503",-4.22352656043009
"11165",-4.22511499282049
"730094",-4.22589563487918
"149095",-4.22618610115697
"22955",-4.22781919137526
"997",-4.234638840057
"338382",-4.23596821642491
"55088",-4.23625909398775
"1982",-4.23821311365486
"10193",-4.24142180077923
"158586",-4.24488771458283
"3158",-4.24536531324559
"1950",-4.24585984035881
"6777",-4.24819174133352
"57763",-4.24868305790233
"345079",-4.24940162122056
"100288072",-4.25107336498633
"6049",-4.25297438567262
"84033",-4.25724185896954
"10330",-4.25833672370097
"54509",-4.26080243847446
"5423",-4.26105498822956
"10954",-4.26141127962992
"202052",-4.26330595544922
"55105",-4.26463423706117
"26229",-4.26464101973735
"11280",-4.2648692779495
"114824",-4.271349693682
"9126",-4.2720565479766
"56107",-4.27266987972232
"1621",-4.2769769851651
"91369",-4.27789430157851
"4610",-4.28204245183835
"144108",-4.28340228569105
"10922",-4.28435096726493
"55794",-4.28461680803765
"1118",-4.28797678346714
"4634",-4.28842338408261
"23262",-4.29032387870359
"11170",-4.29164155355396
"5636",-4.29393694093064
"342372",-4.29451578149344
"2644",-4.29756188943392
"2872",-4.29963377911276
"8539",-4.30021610011626
"55102",-4.30897067512433
"286530",-4.30916575796066
"205717",-4.31027230283031
"115098",-4.31330779095923
"85456",-4.31497775955151
"1029",-4.31571635210396
"6801",-4.31740198652672
"375704",-4.31851002551502
"7466",-4.32131634864785
"7414",-4.3215780024332
"127018",-4.32158350927765
"9825",-4.32284393768668
"132884",-4.3236788631706
"100191040",-4.32415738695131
"4795",-4.3276538335547
"130617",-4.32775944384329
"121260",-4.32807203224518
"314",-4.32874306670154
"27153",-4.32951854300924
"117166",-4.33297338321326
"114780",-4.33688918891254
"51594",-4.33742396791757
"154214",-4.33793991452614
"342933",-4.33935222669532
"57794",-4.34106545056648
"151195",-4.34140365337067
"2935",-4.34531456930647
"53371",-4.34614759624341
"51397",-4.35104790858142
"3880",-4.35198467146418
"9862",-4.3525047920647
"1634",-4.35407817649305
"56143",-4.35542551695341
"55969",-4.35891729087006
"10818",-4.3592079786682
"120237",-4.3607827175835
"529",-4.36267241870801
"57017",-4.36901107888042
"63917",-4.3721331905035
"59338",-4.38035216748216
"115827",-4.38407862215027
"83853",-4.38562933508475
"2674",-4.38907654245661
"6327",-4.39141880284765
"81027",-4.39335735809015
"83475",-4.396744992586
"56108",-4.39733139187371
"51164",-4.39744226521252
"55843",-4.39750617578439
"2060",-4.39774904806299
"163486",-4.39823159489073
"51306",-4.39861381372176
"83483",-4.40192728790991
"890",-4.40253109031959
"84549",-4.40401947862498
"286205",-4.40423106568417
"55324",-4.40603601897599
"256297",-4.40699434174041
"23054",-4.4074009011676
"55890",-4.40789825770625
"9792",-4.41123656425287
"81035",-4.4127449808564
"54495",-4.41305442025194
"7203",-4.41839108502258
"54808",-4.41841423836885
"3960",-4.41955538824232
"170961",-4.41991169075634
"127687",-4.42141741279563
"9397",-4.42353517475973
"253012",-4.42476679777118
"9689",-4.42513198892189
"51802",-4.42558685709765
"1653",-4.42947208163558
"144423",-4.43028701801955
"22832",-4.43313583299
"3612",-4.43467696037925
"140739",-4.43507153881485
"11152",-4.43508279551228
"29101",-4.43684526986887
"65059",-4.44093027006143
"151050",-4.44161587019591
"7332",-4.44177232403188
"56914",-4.44230506407671
"1644",-4.44270221833304
"84649",-4.44287153808908
"7532",-4.44484130005837
"55070",-4.4458251723904
"8876",-4.44921769712302
"2355",-4.45191259194913
"4049",-4.45414484548346
"1281",-4.45437253968012
"84159",-4.45503610494768
"56922",-4.45518173399542
"8170",-4.45596927218942
"84775",-4.45639127866528
"80728",-4.45650213337093
"57148",-4.45887135879933
"3792",-4.4594336115048
"148479",-4.46032079384295
"1984",-4.46300039623785
"4686",-4.46778451514237
"28970",-4.47332867586687
"1123",-4.47344208027508
"844",-4.47420939129052
"1329",-4.47502924972293
"7780",-4.47927908752697
"23205",-4.48073597444053
"100131244",-4.48108435008191
"10630",-4.48210389956457
"255743",-4.48381016452252
"2208",-4.48657540485056
"114805",-4.48694165244772
"4706",-4.49218749721071
"8404",-4.4928433522153
"5361",-4.49312944547484
"5732",-4.49616054239946
"113",-4.50161031808705
"387885",-4.50214521127413
"55129",-4.50246399472062
"9377",-4.50268276093416
"51526",-4.50293836713268
"92689",-4.50405587851838
"8705",-4.50508470941302
"6468",-4.50676093236048
"847",-4.50676568090068
"2128",-4.50891697527351
"55061",-4.51196906358062
"59344",-4.51461569905363
"3642",-4.5146421386561
"3988",-4.51643033605178
"442117",-4.5182676250482
"146713",-4.52057311781894
"688",-4.52080366434098
"146857",-4.52407681438564
"9885",-4.52422546748426
"4066",-4.52493528609583
"2833",-4.52495410823879
"3033",-4.52559908603741
"399473",-4.52709461485607
"3764",-4.5307091461811
"25819",-4.53358966550039
"5683",-4.53396261805351
"2213",-4.54019414933964
"51284",-4.54284929689965
"221545",-4.54660681276443
"4832",-4.54867955588087
"157657",-4.55032831382757
"6262",-4.55118721825787
"126231",-4.5521656560434
"57406",-4.5536159883024
"604",-4.55844420684905
"9637",-4.55959231723042
"4201",-4.5670711128484
"53616",-4.56767537961413
"23517",-4.56795244847134
"79677",-4.56985699230977
"4146",-4.57157065132056
"353324",-4.57197338513221
"286053",-4.57240263655831
"54823",-4.5731593268561
"905",-4.57430319831666
"3384",-4.57486151447192
"400451",-4.5803347274659
"2294",-4.58311785071823
"389170",-4.58421503041048
"9135",-4.58817747258595
"22906",-4.58862084176992
"57282",-4.59118974081199
"821",-4.59329509099105
"148281",-4.59368509640912
"3780",-4.59842883736611
"257106",-4.60042010894281
"266675",-4.60480288086058
"5979",-4.6064443143763
"127435",-4.60692203284083
"266629",-4.60884836717349
"25853",-4.60921207504147
"8907",-4.60959912816993
"55295",-4.61042695340099
"388611",-4.61216535430537
"7542",-4.61236335410179
"1742",-4.61503458615779
"643802",-4.61515319296484
"1015",-4.61945123212095
"26019",-4.62247027198544
"5000",-4.622828584814
"4783",-4.62771345484755
"54887",-4.62899310165322
"84290",-4.62951683579916
"79817",-4.62959843085185
"63923",-4.63274343220978
"5199",-4.63364519850605
"140459",-4.63465623145757
"390212",-4.63657591128605
"10058",-4.64129512936205
"57590",-4.64142316634878
"9619",-4.64247532576167
"8972",-4.64264752573606
"9506",-4.64275320781523
"2913",-4.64302502223095
"11096",-4.64805018783023
"23415",-4.64949575824337
"22976",-4.65394305799802
"671",-4.65427561312157
"3996",-4.65586599582148
"51646",-4.65715544913227
"5948",-4.65967443157421
"222008",-4.65994304087226
"100129969",-4.66037486034735
"9407",-4.66085898265581
"390205",-4.66310656292223
"8022",-4.66544650946521
"160140",-4.66900104180872
"3235",-4.66937934538992
"374877",-4.67264119021843
"4926",-4.67531470687184
"1536",-4.67651585784309
"131405",-4.68032803109946
"440533",-4.68229150841274
"58513",-4.68314518330281
"3590",-4.68507657945843
"27202",-4.68570475066388
"3643",-4.68680938573101
"5711",-4.68820015833761
"199777",-4.68923160267549
"93273",-4.69048957747647
"1785",-4.69095442285909
"2335",-4.69209842667618
"4892",-4.69235206332163
"5877",-4.69498256949951
"5724",-4.69500700212907
"116443",-4.70029513548676
"83746",-4.7003964803591
"6329",-4.70067788619241
"2819",-4.70166429636193
"6768",-4.702804470073
"9760",-4.7063184799742
"3763",-4.70711518376268
"23011",-4.71021956889574
"23769",-4.71233056206202
"1378",-4.71488250656269
"64859",-4.71755654434721
"8742",-4.71982015436243
"5298",-4.72157362175529
"726",-4.72401252058419
"57514",-4.72562527266844
"148345",-4.72701022966481
"10990",-4.73227946549898
"4185",-4.73234423416691
"10462",-4.73263213136914
"23031",-4.73323467242894
"8703",-4.7344203997308
"6585",-4.7370587034763
"84858",-4.73838641359909
"10902",-4.73946372963198
"51809",-4.7424595494157
"5095",-4.74430474067278
"84631",-4.74658187497873
"84504",-4.74867298981507
"149685",-4.75213046622147
"4336",-4.75400302745635
"23116",-4.75800404415459
"1188",-4.75879928896806
"10827",-4.76083876610105
"59340",-4.76272150570256
"84871",-4.7670838550489
"2091",-4.76731761175595
"221527",-4.76825306315312
"6284",-4.76878360584754
"116092",-4.77076567065698
"8340",-4.77145993463267
"869",-4.77459711012446
"55500",-4.77461373222274
"390667",-4.77955909344381
"112464",-4.78349870960384
"5832",-4.78415272519417
"216",-4.78507832344139
"150280",-4.78725257553832
"340481",-4.78824585694141
"23185",-4.78961611491161
"439996",-4.79128373015953
"10743",-4.79194618110198
"253512",-4.7936000015232
"57716",-4.79540700251125
"634",-4.79600895170378
"2162",-4.7971087871353
"148581",-4.79899242722795
"146310",-4.79947634774349
"4097",-4.79966534981318
"89780",-4.80058537096173
"120065",-4.80154893856696
"28959",-4.8031643194846
"389856",-4.8050023539696
"9203",-4.80708301387149
"126119",-4.81459404727074
"162655",-4.81967019798593
"10282",-4.82105991930456
"5292",-4.82307946545529
"51692",-4.82375244437555
"274",-4.82420630309771
"7424",-4.82465509665571
"150696",-4.82600865955772
"23235",-4.82820067024481
"55816",-4.83159552713201
"84935",-4.83183299676627
"257218",-4.83540129631733
"5271",-4.83875743624428
"345630",-4.84244126527782
"1975",-4.84289456937889
"70",-4.84388925347955
"3727",-4.84394492627625
"5226",-4.84458094527948
"84455",-4.8460486706243
"919",-4.85264983533376
"23229",-4.85349048641634
"59350",-4.85546117673061
"92749",-4.85575045290079
"5607",-4.85797886418524
"9429",-4.85868809493507
"7791",-4.85966960838311
"342510",-4.86359381011324
"8520",-4.86388039668883
"410",-4.86551726158495
"3674",-4.8669274199159
"5031",-4.86702324966767
"84660",-4.86715262257516
"204219",-4.86941728694287
"9467",-4.86993145047526
"4621",-4.87063546915579
"51633",-4.87197628856845
"2103",-4.87294673401048
"10376",-4.87457906328857
"868",-4.8777099084242
"84100",-4.88031259713706
"400961",-4.88100051555733
"83638",-4.88201467447367
"57538",-4.88221216845671
"284274",-4.88449645124318
"81855",-4.88589379905163
"134430",-4.88721717153402
"27112",-4.88877099382947
"91851",-4.88885843739159
"85289",-4.89176180897475
"219899",-4.89206398355473
"341019",-4.89284175872938
"6536",-4.89302796725948
"6059",-4.89488458783614
"4759",-4.89625720777236
"29087",-4.89705264988696
"55777",-4.89810448446524
"221322",-4.89944630957426
"54677",-4.89997183637221
"9255",-4.90077786318505
"57605",-4.90365004766711
"57620",-4.90554145819855
"4626",-4.90678139991747
"84991",-4.90822996641293
"517",-4.90835390892148
"23215",-4.90843591458721
"120425",-4.90875190533381
"1478",-4.90966875068625
"3929",-4.91272419032876
"10454",-4.91285131942166
"23248",-4.91448675071506
"51520",-4.9161460072308
"8608",-4.92031057750106
"51015",-4.92084583488589
"54462",-4.92607056144036
"57539",-4.92790934576819
"9253",-4.92853235700485
"83642",-4.92964779104393
"168417",-4.93558166083624
"4863",-4.93689914538898
"51301",-4.9403688963197
"29071",-4.94205014492262
"166378",-4.94262729686715
"196374",-4.94489311497578
"923",-4.94873746072546
"5705",-4.95041458591012
"80122",-4.95075557053757
"256949",-4.95313893836468
"92922",-4.95467868198531
"56136",-4.95525007129006
"8243",-4.96157573657831
"121214",-4.96236924464074
"815",-4.96833364645166
"10959",-4.97203113261945
"8799",-4.97262468004631
"11010",-4.97784397561254
"2705",-4.97792617209237
"283455",-4.97810585332669
"3839",-4.980812506713
"939",-4.9816379011343
"3920",-4.98197731706175
"431705",-4.98340394097332
"53831",-4.98397422109435
"219988",-4.98523706949726
"55195",-4.98649277959091
"84182",-4.98715889056053
"377",-4.98799807633292
"100113407",-4.98848631585842
"6620",-4.98935713686693
"84545",-4.9903586141183
"57492",-4.99148414515389
"7135",-4.99391105695868
"23161",-4.99762924854312
"50805",-4.9985254653532
"4258",-5.00067075049211
"4921",-5.0008503807022
"112936",-5.0009842860688
"11095",-5.0023029310457
"56900",-5.00277367403452
"29933",-5.00382485944371
"7408",-5.00486609529894
"56341",-5.00646052844122
"23469",-5.00698784875178
"79572",-5.00740113512486
"8940",-5.00950112010231
"346389",-5.01017251176304
"5775",-5.01141221962898
"3070",-5.01248799969786
"27072",-5.0147562239994
"8856",-5.01517535317533
"11057",-5.01640888590163
"113791",-5.01769409930875
"151306",-5.01809383702043
"9935",-5.02215113600282
"90362",-5.03083447679352
"23318",-5.03263600548569
"4087",-5.03631290555686
"2888",-5.03890733783203
"10717",-5.03917410055914
"54545",-5.04026022695753
"92",-5.04213251350263
"340371",-5.0445785725945
"57222",-5.04553161428367
"6871",-5.04656758316063
"131873",-5.05096058007467
"10905",-5.05228147525246
"6461",-5.05903461610268
"6869",-5.0603007024481
"342346",-5.06078433708778
"5251",-5.06138316407082
"57571",-5.06378203368038
"445328",-5.06482594955346
"55658",-5.06659819721613
"83733",-5.0673543246693
"5083",-5.06799239635308
"2549",-5.06881650028568
"7015",-5.0744600187836
"283953",-5.07556390102093
"2357",-5.07908604594135
"1417",-5.08036433537985
"284485",-5.08236499371453
"11124",-5.08473528519268
"9278",-5.08555841109803
"149420",-5.08611736001872
"29841",-5.08738847093085
"51009",-5.08759500247678
"11040",-5.08777427532644
"55716",-5.08995853729918
"6582",-5.09328776788971
"9559",-5.09537752593011
"55330",-5.0966318466928
"1261",-5.09826611390859
"5675",-5.09849744860326
"2159",-5.09863888122586
"23608",-5.09880834085403
"219699",-5.09897748025416
"128387",-5.09997807508821
"152206",-5.10022166857802
"169166",-5.10252947668628
"1308",-5.10528437119125
"402635",-5.10587827676853
"116113",-5.10971421166299
"471",-5.11209724099417
"5655",-5.11327488922289
"374655",-5.11510939151519
"6506",-5.11510998367975
"6605",-5.11878429212855
"387893",-5.11922364999722
"54518",-5.12028579508477
"26073",-5.12057602196496
"283987",-5.12129438846829
"5582",-5.12254864214452
"642987",-5.12469735622209
"56985",-5.125203524913
"3560",-5.12525597438182
"81671",-5.12567417310113
"5256",-5.12888884726977
"4637",-5.12974781060799
"4504",-5.13257041691803
"57117",-5.13265792038242
"55764",-5.13286387326896
"79158",-5.13429226238132
"126123",-5.13442457610838
"389816",-5.13442457610838
"51322",-5.13564222172613
"54890",-5.13580374658142
"57484",-5.13594166595538
"5190",-5.13960326455787
"120406",-5.14381652394227
"1798",-5.14483745782149
"6521",-5.14678755310255
"26280",-5.14684724428526
"118",-5.15232867963139
"123036",-5.15401193466202
"56961",-5.1562085929645
"4168",-5.15668822607253
"4607",-5.15793027063291
"79747",-5.15928201319957
"285220",-5.16042059907829
"162963",-5.16157060377597
"3034",-5.16485247899833
"4200",-5.16569703588601
"8735",-5.16901028992973
"22911",-5.16904845175473
"59335",-5.16925503911477
"117157",-5.1695390561982
"10181",-5.17005407599053
"3680",-5.17098656100308
"3433",-5.17233615819066
"330",-5.17280454500607
"80310",-5.17719832175994
"3309",-5.17924446558547
"56114",-5.17999387021716
"64061",-5.18034883901978
"57617",-5.18104289082514
"3273",-5.18331646474643
"57198",-5.18350848236015
"5354",-5.18363602481244
"285513",-5.18688407944057
"8683",-5.18889562647649
"6240",-5.18891673024476
"79959",-5.1896093540215
"60385",-5.19121509001682
"7089",-5.19139159204701
"9531",-5.19211339516947
"81621",-5.19665814847796
"7750",-5.19693877782177
"51371",-5.19711321232198
"441151",-5.19883504640537
"146395",-5.19970678880034
"401250",-5.20010808135638
"5173",-5.20078991912732
"51126",-5.20107907527968
"7869",-5.2013820478726
"2019",-5.20568301667846
"55530",-5.20570382169547
"201163",-5.20703856349892
"11346",-5.21379410702584
"25817",-5.21580867749746
"5157",-5.21627028422105
"128826",-5.21845277518433
"64965",-5.21880590726034
"146439",-5.2192004803594
"4798",-5.22189935996288
"2781",-5.22430625731955
"23232",-5.22661770513183
"7429",-5.22685347134848
"10718",-5.22690651208089
"5289",-5.22764949211301
"6323",-5.22862919170778
"6507",-5.23119175694785
"140432",-5.2336394779363
"155382",-5.23407432216235
"257629",-5.23469647922578
"1183",-5.23515327469735
"9152",-5.23532678226292
"51719",-5.23796574691228
"51270",-5.24096748159355
"486",-5.24202643900225
"284427",-5.24258373518802
"2792",-5.2436180215333
"58500",-5.24582247216653
"10858",-5.24966870004819
"81492",-5.25046360822686
"23473",-5.25115972715143
"63950",-5.25179641873954
"1580",-5.25266813610925
"54796",-5.25328612228013
"9169",-5.25506883753315
"375611",-5.25712426863301
"92259",-5.25831587087099
"63931",-5.25903710593292
"10657",-5.25938238083001
"150274",-5.26100251120905
"284353",-5.26117511293314
"9144",-5.26181920437395
"84190",-5.2619849412495
"113246",-5.26315581173666
"338328",-5.26331236177983
"23507",-5.26642747792911
"114783",-5.26809733076851
"57215",-5.26864133558842
"7018",-5.26898572564309
"3489",-5.27032418530961
"9451",-5.27139786407604
"84951",-5.27272624025757
"6853",-5.2729371689311
"3702",-5.27326931644884
"79679",-5.27459696688973
"126638",-5.27618906039308
"2647",-5.27745293037224
"27145",-5.27885501541965
"2021",-5.2796762241115
"846",-5.28079101845623
"353131",-5.2836367870014
"79933",-5.2853476928945
"231",-5.28539146096184
"5338",-5.28604925673212
"283237",-5.28718602707227
"53916",-5.28748749072176
"5922",-5.2878982301252
"5511",-5.29004713439531
"116449",-5.29007321872493
"8848",-5.29157361812261
"389362",-5.29382596099225
"29093",-5.29435280751387
"11333",-5.29571732104952
"80131",-5.29716770842657
"285489",-5.30237216442583
"79094",-5.30387600285761
"4478",-5.3040019184209
"389434",-5.30468244169922
"51097",-5.30552023009086
"64174",-5.30747289951548
"79847",-5.3096222968096
"448834",-5.31022462866209
"7342",-5.31225165599721
"55998",-5.31232108342072
"441234",-5.31287118382949
"8817",-5.31477015574692
"55508",-5.31719042067972
"6185",-5.31811271150305
"22937",-5.31948487155365
"1961",-5.32004311226145
"114132",-5.32099651686966
"730087",-5.32154550636642
"4190",-5.32374445195917
"25988",-5.32449616314688
"128408",-5.32456089804613
"54881",-5.32564251748118
"2556",-5.32651279338931
"8337",-5.32655487154457
"132851",-5.32807482935754
"6861",-5.32814182024718
"123103",-5.32966410967358
"4760",-5.33203079359423
"341676",-5.33391279099475
"84106",-5.33602926741886
"81615",-5.33875430688403
"59286",-5.33876455694467
"254552",-5.34096635605736
"147746",-5.34104719881491
"26273",-5.34261586367929
"284433",-5.34455985557948
"130827",-5.34501550857605
"4653",-5.3485858611337
"29950",-5.34883345920596
"7442",-5.35025973727988
"26468",-5.35114686389972
"6001",-5.35416317514592
"334",-5.35478000847991
"55001",-5.35684261954153
"84272",-5.35750079449129
"202500",-5.35883420330997
"201243",-5.3588421937273
"4283",-5.36091393658292
"7732",-5.36314662193438
"23633",-5.36343330605501
"128371",-5.36376930346642
"2155",-5.36849344873022
"26050",-5.37047745220704
"150372",-5.37289359212993
"10160",-5.37551266192195
"8403",-5.38411605159282
"79058",-5.38537642277379
"23315",-5.38545016893463
"51378",-5.38603144335303
"23035",-5.387153144163
"6337",-5.38745714793614
"51102",-5.38803373436357
"8029",-5.39080591815742
"10440",-5.39103656807115
"339766",-5.391431911069
"166379",-5.39165990189986
"285852",-5.39223954634351
"118672",-5.39419510139962
"146547",-5.39528034774214
"10483",-5.39734485189165
"57567",-5.39736943823656
"23495",-5.39748022881632
"2926",-5.39868350392475
"171017",-5.40208837020412
"117283",-5.40299441677822
"676",-5.40795981134252
"54826",-5.40843661179285
"284257",-5.4097923362851
"4103",-5.4111102437278
"2531",-5.41119293209379
"79625",-5.41241551243489
"57804",-5.41244541689811
"25823",-5.41318660467462
"662",-5.41439188923144
"148014",-5.41543479191761
"150483",-5.41585831344261
"327657",-5.41662187282423
"54961",-5.41841038914331
"7173",-5.41871035073899
"170825",-5.41900637073325
"7086",-5.4192763391781
"5288",-5.42727205236243
"221476",-5.42799723931898
"10629",-5.42816135241947
"90592",-5.42833564869736
"653",-5.42896512097473
"10368",-5.4325643601905
"91807",-5.43428436873816
"93129",-5.43552127745274
"146434",-5.43700657571418
"10603",-5.43718569334121
"53347",-5.43724858374738
"29801",-5.44042754915011
"2515",-5.44187220971852
"163115",-5.44671778714059
"5597",-5.4469062885976
"79078",-5.4470895494429
"472",-5.44943980341709
"1019",-5.45355587269446
"5317",-5.45439887248239
"5250",-5.45661639639628
"391104",-5.4583166666616
"9545",-5.45838400466035
"1350",-5.46043226483792
"2245",-5.46166049396331
"4142",-5.46191941736811
"126433",-5.46307208285506
"23291",-5.46618609006269
"643136",-5.46671876021551
"79573",-5.46948003832087
"221395",-5.48006364733502
"9542",-5.48390561442943
"6500",-5.4862495595997
"493753",-5.49043884989371
"64926",-5.49527491196857
"5063",-5.49815360678046
"8294",-5.49862845343084
"7263",-5.50093215414266
"100129697",-5.50561588622692
"2697",-5.50638794339713
"9653",-5.50648942817996
"57628",-5.50671321976818
"64783",-5.50861136171061
"5741",-5.50922154447531
"3359",-5.50977204090497
"54039",-5.51078634223468
"51267",-5.5109419683286
"7380",-5.51169769924179
"7082",-5.51220624116715
"26119",-5.51265023878118
"205428",-5.51296606891266
"283463",-5.51673417757968
"4586",-5.52002518475815
"116987",-5.52177098803181
"3741",-5.52292867865384
"6911",-5.52517192817235
"26548",-5.52519265893617
"100499483",-5.52838086974569
"7476",-5.52916995305715
"5937",-5.52942877914563
"9843",-5.53133381635199
"6654",-5.53166428277794
"23325",-5.5318551257743
"22798",-5.53213258915005
"7139",-5.53253977928441
"5983",-5.53366929692365
"646",-5.53380385877452
"6667",-5.53427700320496
"3809",-5.53466856925628
"81839",-5.53550434202477
"10071",-5.53781761697555
"6709",-5.53922635413169
"51127",-5.54069980583447
"3613",-5.54204098287389
"391189",-5.54256556043083
"202151",-5.54317099761571
"9362",-5.54840022039121
"392636",-5.54879557865628
"1362",-5.54882824256643
"200010",-5.55127266314639
"1571",-5.5513079652489
"7391",-5.56054398562318
"114792",-5.56093929342964
"9177",-5.5613816214094
"129852",-5.56757622637312
"2982",-5.56786616713151
"6753",-5.56841282731212
"30833",-5.57129608493588
"55891",-5.57630363469397
"635",-5.5767031989106
"55161",-5.57931412152175
"11262",-5.5799372171722
"386678",-5.5835638017557
"23435",-5.58389145207993
"2779",-5.58389207983033
"2620",-5.58399698127314
"51114",-5.58579399848002
"79754",-5.58664080271321
"146850",-5.58868819757053
"8001",-5.59216983915978
"64600",-5.59279583277261
"55350",-5.59583549328213
"220001",-5.5965221719782
"121355",-5.59892619076159
"1630",-5.59907231206335
"3937",-5.59921334247542
"2844",-5.59935133694447
"55773",-5.60016939262786
"93190",-5.60419499404589
"375337",-5.60480960045251
"57646",-5.60546173614447
"550",-5.60589417987664
"201562",-5.60702704957773
"55534",-5.61099422195334
"2210",-5.61193681611854
"85437",-5.61320279313794
"51010",-5.61406284382371
"55188",-5.61439259562826
"55174",-5.61533930465943
"8359",-5.61572377110864
"2566",-5.61607738638833
"9183",-5.61771227655926
"9671",-5.6208963841202
"80004",-5.62299641680305
"10960",-5.62339705556307
"139728",-5.62343372817308
"92745",-5.62366826250668
"7278",-5.62378286456845
"440073",-5.62404583930256
"1310",-5.62423611723138
"115761",-5.62469250146951
"125",-5.6285278385221
"55858",-5.63036769722165
"10864",-5.63055853514183
"9575",-5.63177686190325
"136371",-5.63222686682164
"2776",-5.63283319381126
"124599",-5.63478201076138
"57211",-5.63658332572336
"145741",-5.6384484180371
"26168",-5.63982229448253
"80031",-5.64162314176327
"54715",-5.64262052876065
"283897",-5.64498737536341
"3952",-5.64610713721613
"29072",-5.64645883773389
"3651",-5.64732771369324
"54827",-5.64975953384156
"10418",-5.65266230512741
"10788",-5.65534320813849
"1958",-5.65745218013658
"257236",-5.65954449670168
"124975",-5.66046280005006
"22899",-5.66046280005006
"100131303",-5.66163218462431
"8645",-5.66262546129387
"57719",-5.66565075858947
"9413",-5.66607933753466
"170692",-5.6666026166359
"166785",-5.66804189772555
"57515",-5.6702522166295
"51663",-5.67045818851114
"256710",-5.67151294788479
"11258",-5.67273638203395
"5890",-5.67299585429324
"9436",-5.67361381822059
"100190949",-5.67368709005744
"10678",-5.67755778631679
"29909",-5.67983314308914
"5928",-5.68290085011736
"84152",-5.68423149996643
"30062",-5.68953266810265
"126374",-5.69084605502789
"57798",-5.6923040611633
"83886",-5.69363726741773
"4800",-5.69373040112497
"4070",-5.69476299275199
"139189",-5.69495982794181
"79932",-5.69503967755925
"57094",-5.69559441119354
"9058",-5.70199281361069
"6256",-5.7031213687837
"402381",-5.7052452445739
"129807",-5.70612653093237
"23746",-5.70642792032104
"4215",-5.70663147287138
"79722",-5.70994054502517
"57690",-5.71003717324865
"390442",-5.71357247349893
"399693",-5.71366447288773
"813",-5.71745015139014
"8499",-5.71802891759965
"8976",-5.71849995833547
"22944",-5.71972605385332
"27177",-5.72122734626515
"23338",-5.72185235090125
"257407",-5.72261416616231
"282966",-5.72456575741373
"4597",-5.72601422588633
"8048",-5.72638846862988
"1005",-5.72660369160868
"89970",-5.72716536074872
"123207",-5.72899686460328
"55906",-5.73118249418197
"57531",-5.73242140989556
"80210",-5.73635340831408
"10050",-5.73880840579569
"728763",-5.73956850133123
"10332",-5.74122000912512
"51733",-5.74125306015515
"100128569",-5.74176167491132
"3035",-5.74554388276359
"633",-5.74929728491175
"84659",-5.75530129660714
"90525",-5.76250289615124
"23022",-5.76271747657567
"57333",-5.7657035648186
"416",-5.76892951420085
"3321",-5.76964807109168
"57708",-5.77139032783513
"55132",-5.77252480626364
"6557",-5.77568980357751
"712",-5.77740191245688
"199786",-5.77787665848158
"3476",-5.77824823507919
"56660",-5.78137476359222
"64240",-5.78324586392854
"3202",-5.78532937306677
"8204",-5.78621487536061
"728441",-5.78753108615895
"93979",-5.78941563429373
"151056",-5.79002630290761
"148",-5.79539689071861
"5989",-5.79663370965077
"2790",-5.79867788378435
"57154",-5.80127900307803
"23430",-5.80368797252723
"495",-5.80387946426911
"23504",-5.80395270481039
"283238",-5.80558545502515
"4604",-5.80950153397647
"9761",-5.80977396127579
"143471",-5.81188015628282
"3783",-5.81455712757044
"245812",-5.81572694086234
"10654",-5.81734430228811
"11153",-5.82147741231645
"4342",-5.82315137781169
"11196",-5.82343698254894
"79696",-5.82365432706563
"6376",-5.82622911961387
"10716",-5.82668984312667
"23474",-5.8293788928546
"226",-5.83446278988828
"89869",-5.83629694967715
"3163",-5.83634313294995
"4147",-5.83680911832272
"256076",-5.83681429488486
"5355",-5.83802561810132
"10747",-5.83910291627874
"2295",-5.84171806883276
"85439",-5.84200094071678
"8808",-5.84281646847903
"55808",-5.84414164136382
"165721",-5.84560714527074
"57124",-5.84647585506628
"23450",-5.84696934587134
"374659",-5.8471051679852
"1290",-5.84850071285076
"9991",-5.84910481202104
"57026",-5.85045367010684
"389690",-5.85182800712542
"55237",-5.85196985924185
"89872",-5.8521268550964
"116179",-5.8528506050891
"344657",-5.85320070349098
"148198",-5.85378899973346
"196527",-5.85437770326892
"5216",-5.85857903062136
"10576",-5.85984898031529
"51362",-5.86278465812739
"887",-5.86284124021761
"79135",-5.8635976036336
"254050",-5.86403565182572
"8999",-5.86453285417957
"142679",-5.86570857364342
"6487",-5.86614854121603
"4736",-5.86652467599169
"6403",-5.8695697793566
"84896",-5.87238637527815
"197257",-5.87327459300893
"8089",-5.87387282198842
"7399",-5.8742416718721
"25896",-5.87566744866137
"921",-5.8776406526796
"404217",-5.87899616512847
"363",-5.88004715854648
"9097",-5.88243385938144
"138009",-5.88574780641616
"8658",-5.88641083172031
"23476",-5.88746337734173
"54165",-5.89235596698769
"4848",-5.89392145782384
"196294",-5.89510327169877
"64864",-5.90065961101678
"27329",-5.90164892422219
"64324",-5.90316013932313
"2896",-5.90328871817225
"340895",-5.90350803721205
"122773",-5.90391865711305
"2065",-5.90408490419582
"80731",-5.904826407594
"128338",-5.90520370526562
"57481",-5.90575844313331
"10752",-5.90629869897541
"1944",-5.90655878749988
"57089",-5.91031104400337
"84561",-5.91210977840741
"5813",-5.9122060532613
"3554",-5.91297374502113
"3817",-5.91374146713814
"112942",-5.91591182349586
"388743",-5.91654076723269
"2978",-5.91708911135565
"221833",-5.91741954149238
"6839",-5.91831253251085
"386684",-5.92142462401608
"221960",-5.92160037764991
"84623",-5.92161278928449
"54848",-5.92237501775111
"29947",-5.92406445852721
"4724",-5.92419232036068
"339122",-5.92583013610045
"2692",-5.92863791794101
"25962",-5.92869961033639
"6883",-5.92985983340737
"166752",-5.93344188003946
"113278",-5.93607434599667
"55589",-5.93697877032578
"11163",-5.94054878747776
"25906",-5.94590265506543
"158747",-5.9463779224937
"494188",-5.9468668739077
"1463",-5.94802441017
"8698",-5.95087557015292
"10507",-5.9510246990572
"5045",-5.95246374321537
"5606",-5.95300183985003
"608",-5.95380671146347
"50488",-5.95383011840858
"9963",-5.95463962053997
"323",-5.95939748165717
"57728",-5.96033727410113
"391475",-5.96174519647268
"8685",-5.96435503037794
"157378",-5.96562303725035
"6332",-5.96737838058451
"5995",-5.9673996105824
"9989",-5.96834857707702
"65217",-5.96909824693936
"54346",-5.96948607410889
"729993",-5.97157652911287
"3622",-5.97212644321452
"9378",-5.97219294609715
"50862",-5.9728216560499
"1856",-5.97304612489305
"3932",-5.97444201233967
"28964",-5.97544897385114
"8896",-5.97621101197204
"317701",-5.97653590031723
"10907",-5.97671566441105
"54454",-5.97738133261413
"4855",-5.97738901422161
"93432",-5.97758787382785
"27252",-5.97813083333939
"121268",-5.97876348247116
"6362",-5.98098641320625
"127731",-5.98266656807602
"10900",-5.98662613234063
"116328",-5.98955000390434
"340351",-5.99147968405955
"124404",-5.99304292721258
"346288",-5.99311360414169
"219749",-5.99327879583631
"91181",-5.99709533940686
"130271",-5.99772670482538
"344905",-5.99986533812648
"23253",-5.99992146555796
"79575",-6.00116422968853
"646480",-6.00688855277269
"22821",-6.01000132900766
"10329",-6.0104819779292
"2037",-6.01086989054825
"146433",-6.01089366137911
"146894",-6.01188683955944
"8312",-6.0122029343989
"1611",-6.01255958030372
"255275",-6.01416117529063
"56903",-6.0154603984548
"100463289",-6.01647727031754
"23201",-6.01666430982057
"10881",-6.01696029375716
"7142",-6.01848459414397
"3021",-6.02054015006473
"10915",-6.02069777394996
"3699",-6.02423499773312
"90",-6.02621685927851
"3487",-6.02781538199136
"11012",-6.02961592952993
"10245",-6.03111497361752
"89790",-6.03298677837913
"84700",-6.0330068015414
"112950",-6.03430082286696
"23197",-6.03557620734381
"219670",-6.03724244942047
"64922",-6.0375560404022
"8715",-6.03958691089275
"387755",-6.04103230208309
"10286",-6.04315585162536
"8433",-6.04823900195844
"79977",-6.04846189237789
"256364",-6.04849661226231
"64771",-6.0505154435102
"374470",-6.05117673974175
"5358",-6.05138207836518
"90050",-6.05166689511644
"93058",-6.06009000911226
"3172",-6.06217410889968
"56993",-6.06386539995775
"10983",-6.06442044576345
"56098",-6.06453512565273
"219409",-6.06549500326242
"10044",-6.065879844508
"57722",-6.06845922372022
"862",-6.07033652911779
"55578",-6.07078621350552
"29915",-6.07288332773078
"1260",-6.07301936899488
"7482",-6.07441241165353
"115361",-6.07512645344088
"55624",-6.0758774695804
"374977",-6.08165449420132
"5075",-6.08300588566721
"27244",-6.08664485167482
"9406",-6.08774433821437
"4111",-6.09080055497452
"7543",-6.09182814828616
"340024",-6.09243527958216
"930",-6.0962562826353
"58527",-6.09709061195126
"54541",-6.09837609700684
"51382",-6.10230833258429
"137814",-6.10482395470328
"84249",-6.10503050169064
"93973",-6.10620208271274
"857",-6.1066311786201
"138065",-6.11061057814734
"2587",-6.11082237544754
"27239",-6.1122575465875
"84634",-6.11339949797898
"22875",-6.11361776234737
"27237",-6.1167774113261
"1524",-6.1193484691165
"100509620",-6.12308111517195
"114793",-6.12402689159201
"64579",-6.12513847800425
"340419",-6.12532591197103
"202051",-6.12607419562616
"84064",-6.12732416804815
"57325",-6.12967088850063
"9931",-6.13128007716836
"9521",-6.1315081206076
"84911",-6.13165710459065
"5440",-6.13179459190523
"10004",-6.13183688137619
"339",-6.13267519059472
"255189",-6.13274646208909
"4846",-6.13289144498088
"79991",-6.13403335691252
"63974",-6.13531526286874
"79092",-6.13735787976269
"81688",-6.13907856406916
"11006",-6.14047653725358
"158724",-6.14107586778061
"139411",-6.14833437756956
"84844",-6.14929106396074
"168850",-6.1496612630572
"51046",-6.14984022967565
"1175",-6.15144176892087
"4332",-6.15218264261028
"83889",-6.1533279026267
"644168",-6.15338578587983
"6442",-6.15343379981454
"84620",-6.15432732336303
"10482",-6.15459813515879
"131669",-6.15946545109736
"10158",-6.16087829948128
"25884",-6.16123507637704
"8891",-6.16154040340826
"10300",-6.16312189662425
"8301",-6.16418467465577
"57508",-6.16553939628541
"2944",-6.167255447605
"5500",-6.16913639979655
"3745",-6.16919135949306
"1655",-6.16963075111367
"7809",-6.16982856837335
"5579",-6.17142558446245
"23506",-6.17190538984415
"146802",-6.17277864126906
"2551",-6.17494973789147
"83482",-6.17736465320415
"203238",-6.18075999369189
"2130",-6.18106118995324
"255877",-6.18217420784281
"5980",-6.1860018967134
"7434",-6.18629838004215
"343035",-6.187470685607
"5303",-6.18987145795457
"2625",-6.19013395371215
"84616",-6.19061227982844
"50618",-6.19084235319245
"3990",-6.19088170862949
"4853",-6.19115050036572
"310",-6.19445603027467
"284355",-6.19480339949886
"83741",-6.19502005306012
"10498",-6.19548786613733
"10412",-6.19576349723081
"3251",-6.19627318011051
"56144",-6.20143870955868
"84465",-6.20505007860747
"55885",-6.20565662005329
"147949",-6.20960476637648
"3750",-6.21266916842378
"9412",-6.21493273631569
"6556",-6.21513051567509
"65992",-6.21641624730564
"100128731",-6.21692440352847
"127254",-6.21781224075719
"283871",-6.21844734504843
"117177",-6.21878846593556
"3594",-6.21947631940071
"11345",-6.21951931944365
"100288485",-6.22158176997282
"5470",-6.22370875797459
"57705",-6.22554169560318
"1073",-6.22804134434761
"100129792",-6.23056034963057
"653808",-6.23366898141894
"60506",-6.23827694779865
"10463",-6.23923092755042
"60676",-6.24543941250632
"30849",-6.2464836234969
"388795",-6.24685908158136
"5100",-6.25405915112345
"57139",-6.25424620803325
"285590",-6.25629325706945
"140732",-6.25983537314784
"5267",-6.26055040213826
"25970",-6.26329396120382
"93035",-6.26555484212297
"121256",-6.26568378340078
"6730",-6.26618277497299
"7326",-6.2729164601993
"5133",-6.27314831360229
"115992",-6.2765399041413
"64746",-6.27676970786224
"9443",-6.2772884976707
"2301",-6.28104261648998
"55845",-6.28372034462434
"353333",-6.28380137734585
"7421",-6.28413946389172
"2557",-6.28814633279216
"284996",-6.29071749949755
"200186",-6.29147583538306
"126410",-6.29153924271565
"2847",-6.29427070488284
"11075",-6.29510974585895
"4036",-6.29553120343896
"92235",-6.29690416919884
"5053",-6.30056629215243
"4114",-6.3008139372058
"1842",-6.30114490565129
"729440",-6.30371558883102
"9376",-6.30385976554283
"8355",-6.30404048554251
"50604",-6.30455764916565
"646799",-6.31004817467234
"4635",-6.31108288725581
"2642",-6.3122523297755
"1816",-6.31386575376775
"64711",-6.31606964656886
"3903",-6.31998055892086
"653489",-6.32402859127111
"26224",-6.32614879966059
"9628",-6.32660763945454
"3069",-6.32870746149496
"2258",-6.33241853259452
"124602",-6.33390927367459
"6610",-6.3349350735381
"5654",-6.33655921770167
"3620",-6.33870087192922
"23130",-6.34312968633015
"4794",-6.3432054233979
"51412",-6.34519831664833
"64410",-6.34607569627938
"3693",-6.34783069050248
"79882",-6.34876507912248
"256394",-6.3491612832844
"1027",-6.35218057044548
"196996",-6.35929182597557
"4761",-6.35959500407094
"79176",-6.36019235156433
"401562",-6.36023452414581
"1503",-6.36500072596567
"717",-6.3673020825409
"5914",-6.37364988738751
"2554",-6.37895004751773
"1105",-6.37943241545155
"25924",-6.37962772985134
"9415",-6.38249003884949
"10016",-6.38266520830934
"56649",-6.38269680006
"116519",-6.38659031885619
"374308",-6.38754481834492
"284948",-6.38848643056476
"55790",-6.39175686996922
"3068",-6.39480582507976
"8780",-6.39647954270193
"29100",-6.39652590150926
"5314",-6.40556424785915
"10580",-6.40571600237569
"84083",-6.40754380716372
"93107",-6.40904220553352
"55749",-6.41017573994756
"8651",-6.41398406361312
"3627",-6.41604201372946
"64090",-6.41604356520086
"2241",-6.41811259086968
"4642",-6.42097550985865
"3652",-6.4234842856586
"284194",-6.42457038868252
"157927",-6.42499900862006
"100137049",-6.42585451728553
"85444",-6.42696837246247
"23683",-6.42763545153062
"106707243",-6.43156932455771
"26232",-6.43164430710306
"81628",-6.43167178243807
"8726",-6.43208974378129
"653598",-6.43350567962138
"27128",-6.43427815354671
"80157",-6.43433985273403
"4286",-6.4358255439825
"6900",-6.43595187228382
"54885",-6.43622761216819
"11216",-6.43764446809081
"388701",-6.43969991458526
"406",-6.43981871359671
"9127",-6.44116938534219
"51390",-6.44301706115141
"2182",-6.44365217817266
"63916",-6.4458575096012
"54970",-6.44780861532452
"10485",-6.44923553392301
"494470",-6.45186725122826
"3886",-6.45217306471112
"6497",-6.45437885331299
"9249",-6.45484913455645
"84443",-6.46044525929813
"3888",-6.46155528956579
"6518",-6.46156574066884
"3837",-6.46338235651063
"3816",-6.46588001210747
"100288797",-6.46688860927044
"9688",-6.46765049770175
"127943",-6.46881710442598
"286234",-6.47081347092753
"28954",-6.47369461421488
"25972",-6.47424469610498
"63826",-6.47495046224296
"79568",-6.47613268392992
"1030",-6.47653676124862
"5406",-6.47657175068922
"10623",-6.47701535801128
"23607",-6.47749818348854
"647589",-6.477802442558
"10083",-6.48024293902131
"84312",-6.48074915051995
"112441426",-6.48244499198834
"6319",-6.4836325007084
"107987423",-6.48485927696601
"347365",-6.48656891918781
"51738",-6.48758927261084
"6160",-6.48820140858892
"1540",-6.48832062179535
"5929",-6.48863378426643
"5950",-6.4892909146135
"3898",-6.48932091994753
"1523",-6.49331759160437
"5715",-6.49825991099606
"100507203",-6.49845644251152
"7812",-6.49887710409399
"1641",-6.50011995039809
"549",-6.50098193228036
"10049",-6.50584472695633
"205147",-6.50592943613281
"64106",-6.50710348746007
"120534",-6.50778093309293
"3568",-6.51126370962665
"9522",-6.51179900947628
"680",-6.51251173612116
"8559",-6.51481989883278
"7024",-6.51805985662209
"54986",-6.51834972943612
"338323",-6.5203777294154
"5241",-6.52052567402943
"374969",-6.52215250256868
"27430",-6.5250784787329
"9514",-6.52517665509864
"5334",-6.52669293633873
"783",-6.52913232712395
"3587",-6.52964937451085
"10010",-6.53927355402452
"5496",-6.5401949296762
"8467",-6.54099539773124
"108",-6.54106919559666
"4580",-6.54191184087917
"58475",-6.5427779009328
"156",-6.54472250029588
"391",-6.54524826029038
"6317",-6.54579767973327
"144568",-6.55115855897552
"26533",-6.55210018321363
"57633",-6.55262357423216
"8803",-6.55345945875706
"6336",-6.55499529687064
"5651",-6.55626765907396
"1595",-6.55687829653181
"150678",-6.55724751718036
"6559",-6.55769539551323
"10625",-6.55890760399114
"221002",-6.55967236383682
"729857",-6.5623400338968
"836",-6.56729962939444
"90957",-6.56758722230065
"26269",-6.56883187288563
"27010",-6.57214279914125
"54785",-6.57214784044509
"259239",-6.57276560388842
"23385",-6.57306087898916
"79990",-6.57446678089325
"5163",-6.5774018252427
"83938",-6.57788267788599
"665",-6.57796524190154
"7846",-6.57877513059815
"140803",-6.57897013950153
"9971",-6.57936766549561
"29125",-6.5794865542828
"1014",-6.5794969292694
"284390",-6.58053643947564
"283383",-6.58088523445944
"759",-6.58104724416091
"800",-6.58210605164761
"132141",-6.58910355387334
"401258",-6.5939076756254
"23409",-6.59627370578374
"201299",-6.60055960571325
"79571",-6.60295033641749
"64343",-6.6052821137808
"51059",-6.60639854406865
"113828",-6.60747787213496
"5339",-6.61252533487436
"50640",-6.61437046588434
"197258",-6.6189310950837
"23165",-6.62143044748103
"26085",-6.6218242656321
"192286",-6.62296149637033
"11240",-6.62322456699363
"148930",-6.6236894647278
"4762",-6.62542109749318
"64786",-6.62547916861744
"1278",-6.62586104992725
"3965",-6.62694355284549
"388886",-6.62741482279085
"8533",-6.633536110976
"56998",-6.63367887696858
"9967",-6.63458671354836
"161829",-6.63719022622592
"389161",-6.63915591961867
"259249",-6.64195565145346
"95681",-6.64317711791449
"55613",-6.64361802452998
"83759",-6.6438723298753
"1585",-6.64502538209948
"199699",-6.64787599132811
"58476",-6.6482617962739
"26135",-6.64880944654402
"4343",-6.64945783244266
"23125",-6.65015437275137
"9961",-6.65131960500838
"3442",-6.65275896656507
"56833",-6.65608434474426
"312",-6.65610398604299
"388553",-6.65815556711669
"11338",-6.65841544249747
"6656",-6.65879729084791
"23787",-6.65976300398524
"3192",-6.66012667127239
"333932",-6.66159937228767
"3660",-6.66398277923229
"6094",-6.66447132013683
"353219",-6.66487872208075
"9899",-6.66551069236433
"100128124",-6.66884901456258
"26051",-6.66932585724928
"11329",-6.6694024412977
"391121",-6.67010975749196
"79981",-6.67063224389734
"7702",-6.6715125236965
"389257",-6.67174439719643
"51193",-6.67275430299676
"375444",-6.6727670109046
"5414",-6.67395444246472
"100287226",-6.67527210408131
"9554",-6.67659234881675
"54546",-6.67730930932853
"5898",-6.67962746803989
"79948",-6.68072300972992
"55709",-6.68235920450598
"51650",-6.6824215010608
"55471",-6.68401400546679
"79816",-6.68408453466915
"646625",-6.68578640019537
"255101",-6.68687835505631
"2859",-6.68760866140429
"7096",-6.69100717120918
"140679",-6.69117487375004
"84891",-6.69122760917907
"6285",-6.69389894760837
"3684",-6.69399949672716
"221091",-6.69451250658853
"169044",-6.69801802519309
"51136",-6.69962611060609
"3827",-6.70206303799456
"5702",-6.70249196517761
"54187",-6.7025588392482
"23710",-6.70458711539231
"80758",-6.70501755514162
"157848",-6.70664555654358
"366",-6.70985545231724
"51608",-6.71611619433982
"10560",-6.71838494741275
"22818",-6.72088916181512
"1044",-6.72269853915178
"55340",-6.72705416006913
"64768",-6.72818492173608
"414157",-6.72895440769276
"203547",-6.73056755133626
"79834",-6.73084300901178
"5985",-6.73174928738335
"132204",-6.73460328476244
"388818",-6.73624192657496
"388630",-6.73666387453445
"442425",-6.73705240117415
"7343",-6.73996118922744
"8929",-6.74148718644428
"5345",-6.74305404567977
"55288",-6.74721188501908
"340359",-6.7481430535625
"9482",-6.74826161359626
"23556",-6.74836731363863
"4212",-6.74927770315916
"29095",-6.74951338752839
"8435",-6.74967314079178
"5351",-6.75147279295547
"168507",-6.75234532299132
"90113",-6.75736509838028
"390664",-6.75906356710859
"56936",-6.76056622087522
"27181",-6.7647382788244
"51614",-6.76586272482948
"6716",-6.76740890746767
"284443",-6.76925376247338
"15",-6.77429186455732
"146223",-6.77433484615329
"126205",-6.77551525962026
"55966",-6.78517292071914
"22978",-6.78550065617111
"124274",-6.78567209506163
"2314",-6.78623687364658
"219968",-6.78756264445017
"6670",-6.78762428010025
"128869",-6.78777871340372
"7701",-6.7933459027384
"51185",-6.79418280605533
"115362",-6.79568546655819
"140453",-6.80158457519464
"164656",-6.80160215423555
"113835",-6.80531724933749
"3697",-6.80531724933749
"147906",-6.80753274712247
"100128927",-6.8083155619124
"3090",-6.80985774944974
"7634",-6.81145856194318
"10369",-6.81585530798825
"7140",-6.81623820808352
"9013",-6.81665250114393
"222487",-6.81674381138558
"51324",-6.81689977747948
"51439",-6.81783425879975
"26047",-6.81861436979556
"22834",-6.81868555915088
"7471",-6.81902064189428
"390874",-6.82711657206874
"390595",-6.82846560928966
"285141",-6.82865036846556
"7329",-6.8288129841543
"257240",-6.83074064786138
"27086",-6.83342796403436
"27201",-6.83747735952926
"51734",-6.84282727799922
"25",-6.8474185518865
"10744",-6.84774818795191
"85416",-6.8482467472584
"122046",-6.84923315425237
"5438",-6.85282146041608
"23305",-6.85528739574591
"8898",-6.85703665072369
"6354",-6.8575143261409
"56981",-6.85763886910047
"105373377",-6.86251497184162
"189",-6.86278160399964
"5699",-6.86505676100654
"2899",-6.86599778406846
"348093",-6.87210882588442
"2918",-6.87653915561733
"10538",-6.87716325805577
"255394",-6.87765183595821
"56100",-6.87864599041758
"30010",-6.87929800457848
"374569",-6.87949982980277
"2307",-6.8812533325509
"9148",-6.88370351018114
"6717",-6.88570284900302
"51101",-6.88798353435884
"84695",-6.89493203738135
"646892",-6.89777636839626
"248",-6.89796765895922
"79639",-6.90179689724827
"116379",-6.90233545579769
"7419",-6.90283012290578
"2306",-6.90310424231512
"9960",-6.9050557268684
"2734",-6.90650575994543
"4719",-6.90822557393848
"84243",-6.90954400981646
"55705",-6.91128495450907
"117194",-6.91215017258996
"23063",-6.91905780977311
"25943",-6.92274026492548
"4660",-6.92334249318624
"391013",-6.92973928049543
"942",-6.92980353908927
"6604",-6.93342490540244
"23569",-6.93422611152127
"354",-6.93720559338776
"26960",-6.93895150868832
"4327",-6.93904733243097
"4942",-6.93948339414424
"389692",-6.94281910514078
"219333",-6.94295115726838
"51755",-6.9441903114844
"642273",-6.94483014959868
"100129278",-6.94647024575618
"79877",-6.95255917262962
"347741",-6.95393722352435
"81563",-6.95459621991742
"1647",-6.95641799206499
"8672",-6.95911273263981
"337960",-6.95995493263657
"4670",-6.96124073306502
"1731",-6.9646904458822
"54438",-6.96552526755359
"6295",-6.9656904355662
"1164",-6.97029967607495
"339501",-6.97047018714269
"51340",-6.97250829320097
"28972",-6.97311371100537
"9669",-6.97354529391288
"51143",-6.97526544589399
"2709",-6.97545034946305
"375759",-6.97577119081028
"339398",-6.97727964966487
"51317",-6.97790464332536
"64714",-6.97921208376216
"114876",-6.98056075104944
"3765",-6.98079706163862
"29843",-6.98085871071769
"4993",-6.9811551659717
"284498",-6.98161285207693
"2834",-6.98746896033583
"8087",-6.9917064202706
"170302",-6.99375566173952
"285025",-6.9937846393904
"29993",-6.99555606389256
"1650",-7.00065994395634
"283710",-7.00103304619094
"2805",-7.00224546385605
"171222",-7.0055747853581
"26130",-7.00786365414647
"83939",-7.01068652951329
"10247",-7.01150656870663
"386672",-7.01317598727253
"25961",-7.01322151628939
"221188",-7.01355674512196
"127428",-7.01415910962925
"23173",-7.01525344825291
"2204",-7.0159505197447
"212",-7.02289503229855
"2661",-7.02430395094582
"9650",-7.02938842037355
"55917",-7.0299744140738
"215",-7.03146885124968
"81442",-7.03258912563689
"122664",-7.03268164566118
"9419",-7.03371082812247
"3015",-7.0344085376666
"344892",-7.04383324017149
"23191",-7.04456652925346
"401024",-7.05273342434114
"4115",-7.05634822373988
"3633",-7.0627207176853
"2487",-7.06572787933769
"100507679",-7.06866466316948
"400935",-7.06946537339589
"7404",-7.0703217378977
"9819",-7.07060226541142
"170575",-7.0706754869447
"83698",-7.07207838533994
"5871",-7.0721055792645
"155038",-7.0736760099338
"6508",-7.07544082204404
"339834",-7.07642110827985
"8065",-7.07929002921963
"7136",-7.07950372640469
"23256",-7.08011898061618
"144577",-7.08308649816791
"55144",-7.08425311919784
"27180",-7.08455884893147
"24142",-7.08457361126708
"8838",-7.08475371271096
"286430",-7.08674244658958
"1468",-7.08838106214631
"6870",-7.08870962838587
"1135",-7.08928777851141
"26175",-7.08962598164279
"3020",-7.09034683010179
"570",-7.09141066610057
"102157402",-7.09259294156188
"84215",-7.0928565022807
"29880",-7.09393378491921
"10549",-7.09697653783357
"4585",-7.09844227932706
"23616",-7.09950896672517
"8521",-7.10272593590503
"155006",-7.10313795123559
"6833",-7.1092838171451
"137362",-7.10939333810777
"3242",-7.1105234881236
"23061",-7.11069391376599
"58158",-7.11199831834164
"84674",-7.11324674361275
"10815",-7.11514941022505
"10313",-7.11865025016652
"3223",-7.12247728069589
"146760",-7.12526408160477
"64405",-7.12646495217469
"8835",-7.13550128540015
"11282",-7.13597858295254
"8550",-7.13672776868555
"9903",-7.1369231998771
"10007",-7.1380198105816
"5573",-7.13848887818931
"57614",-7.14479437426418
"168002",-7.14533684947595
"345651",-7.14945333373695
"223075",-7.15048936947925
"8720",-7.15087907349366
"6444",-7.15098773394012
"114785",-7.15127345856469
"8573",-7.15250429795323
"79742",-7.15260823776754
"5502",-7.15309964346005
"81030",-7.16046363944424
"140707",-7.16545575834301
"134728",-7.1678280966717
"27433",-7.16844618178845
"286133",-7.17110777256947
"1394",-7.1738002522054
"55054",-7.17444603522952
"1008",-7.17449526622835
"130497",-7.17549809729264
"411",-7.18043886255648
"219527",-7.18086810041951
"253314",-7.18158301577372
"8362",-7.18462616197728
"643338",-7.18495674406322
"6208",-7.18546349628163
"64319",-7.18682814776514
"51465",-7.19049029097015
"6927",-7.19213815055122
"64754",-7.19726543364777
"391059",-7.20139628339746
"121278",-7.2032364763665
"143941",-7.20534468184375
"9231",-7.205488380445
"2530",-7.20861298307594
"56927",-7.21627637310419
"3757",-7.21681356283736
"10691",-7.21961324218675
"7535",-7.21992144547761
"2923",-7.22188086073983
"3483",-7.22289860155153
"6725",-7.22292512999323
"1441",-7.22556108563147
"9125",-7.22559178971028
"8939",-7.22616667954002
"3805",-7.23411102930098
"6499",-7.23642662691403
"1678",-7.23658921178778
"168391",-7.24074604537306
"80823",-7.24344009027078
"11267",-7.24668149328557
"84253",-7.24684700730616
"221264",-7.24700798494274
"22918",-7.25013516519066
"51160",-7.25229134341971
"81168",-7.25417398719371
"123591",-7.2567694842698
"54455",-7.2616572828968
"127534",-7.26387535894161
"116534",-7.26569751466008
"477",-7.26659385080244
"23190",-7.26939866264588
"5161",-7.27001352233961
"6770",-7.27045146854769
"2533",-7.27254188462435
"56895",-7.27269959337797
"373",-7.27372498705924
"348807",-7.27611326827772
"121340",-7.27728655997056
"79057",-7.27742354263046
"114026",-7.27824909493694
"388646",-7.2791681063875
"55593",-7.27972313747233
"5692",-7.28170632660196
"375",-7.28232927709469
"3991",-7.28304267189995
"51542",-7.2843362122433
"23176",-7.28456958180333
"51702",-7.28733291296606
"11031",-7.29191938613516
"644943",-7.29649915184919
"2015",-7.29724631913584
"10516",-7.2977823152926
"29926",-7.29792416324188
"10285",-7.2979267412846
"54522",-7.30197596065655
"1376",-7.302086899804
"84000",-7.30304012009981
"6708",-7.30608114652916
"125336",-7.30975320453219
"126129",-7.31048870153658
"91862",-7.31138656413059
"5356",-7.31230930212999
"11248",-7.31446197914668
"5444",-7.31467942255937
"158297",-7.32114187124439
"83887",-7.32155541787304
"5598",-7.32289088034209
"4216",-7.32345549396579
"23243",-7.32478119115617
"4189",-7.32501992946237
"10",-7.32694725198839
"1258",-7.32717005384141
"203228",-7.32769657030509
"23586",-7.33234406987758
"60437",-7.33248477329386
"440193",-7.33253862777685
"10295",-7.33481857846264
"51441",-7.33589900826604
"677",-7.33687340781887
"642636",-7.34067057527806
"219972",-7.34170410608556
"23017",-7.3479859023226
"284339",-7.35233070456034
"8079",-7.35259888213709
"6511",-7.35703464275861
"9748",-7.35787295668416
"4547",-7.36138121746862
"26003",-7.36700111456708
"55861",-7.37274822549151
"390245",-7.37418692543132
"6705",-7.37799298353235
"163259",-7.37904439812626
"84889",-7.38003019790333
"10777",-7.38234952067346
"9772",-7.38266308922278
"54437",-7.3827033394907
"127262",-7.38628075930561
"54972",-7.38632197976949
"3071",-7.38863220368413
"3916",-7.39185254735514
"4064",-7.39348526886466
"80834",-7.39357585730714
"22902",-7.39416733819172
"64241",-7.39508814281858
"92359",-7.40233228327187
"4051",-7.40352601128853
"7617",-7.40448058838522
"340533",-7.40474803639415
"27335",-7.4111634887738
"80301",-7.41282414610106
"779",-7.41339517370672
"654463",-7.42191149736196
"10299",-7.42247028306755
"2268",-7.42494835788601
"51379",-7.427315596885
"774",-7.42776291701438
"160777",-7.42958541056852
"90522",-7.43592839729053
"147646",-7.4382364709647
"5422",-7.4431175906147
"60529",-7.44340271322197
"9562",-7.4505939041739
"7204",-7.4534061727022
"64418",-7.45420735791996
"11027",-7.45680293096712
"221472",-7.46111332525918
"3681",-7.46376084364632
"79607",-7.46469488397973
"5309",-7.465053778781
"9349",-7.46893506902715
"80774",-7.47051406445528
"2001",-7.47941723278929
"6865",-7.48239900140485
"51035",-7.48581847344915
"27156",-7.48666596055021
"401494",-7.49032560498685
"10360",-7.49237837700013
"7916",-7.49239503180233
"11211",-7.49411184054937
"25979",-7.50041923433234
"400569",-7.50140499521151
"246777",-7.50210424709111
"2171",-7.50509967923536
"6011",-7.50856568505187
"50804",-7.50911010563889
"286256",-7.51061918711286
"4733",-7.51062974086672
"3067",-7.5194350948529
"101060200",-7.52023973203337
"342125",-7.5203672938434
"140735",-7.5219739148997
"132160",-7.52469808161878
"386682",-7.52481787854617
"84952",-7.52739992677642
"83473",-7.52815722938046
"101929773",-7.53389147589677
"63982",-7.53618741717348
"1198",-7.53734774765428
"144809",-7.53779237799513
"359710",-7.53868140629023
"6503",-7.5418660602755
"1990",-7.54538658040352
"348938",-7.54625053492061
"9910",-7.55376611700128
"150368",-7.55385175262488
"54480",-7.55418374822791
"3354",-7.55451072676186
"10693",-7.55612315300145
"5372",-7.563792951172
"64064",-7.56558114535005
"285641",-7.57539598616304
"55289",-7.57710736266125
"3284",-7.57735120892978
"115350",-7.57850014668013
"83639",-7.57887147981691
"9032",-7.58199934640828
"9447",-7.58287357254575
"246",-7.58452448512496
"64409",-7.58698957608201
"100507003",-7.58746429827028
"6944",-7.58822811299484
"146862",-7.58914444297394
"57502",-7.59135916175891
"8832",-7.59241936474629
"84217",-7.59470399103263
"1737",-7.59482909471296
"51282",-7.59502869731881
"269",-7.59955397177577
"284656",-7.60562667035862
"158248",-7.60694131478694
"9730",-7.60840926494402
"26160",-7.60881929067675
"4077",-7.61053180193017
"353299",-7.61258923820922
"11283",-7.61372352001023
"54996",-7.61401172602536
"2650",-7.61641597486023
"114804",-7.61992440719154
"6599",-7.62079925526987
"4153",-7.62208982306637
"10409",-7.62306633207823
"163479",-7.62897257506974
"1659",-7.62938724174462
"221938",-7.62983901432707
"6745",-7.6299951004433
"85458",-7.63078396694924
"153020",-7.63425519268341
"84336",-7.63446379466779
"254187",-7.6360598994568
"23492",-7.63862160114115
"3313",-7.6413021996812
"4014",-7.64172508608863
"4988",-7.6422321484527
"55967",-7.64660628826145
"4924",-7.64744492113792
"201595",-7.65329759364852
"1628",-7.65465117782494
"23412",-7.65619232269256
"155061",-7.66121354939748
"27293",-7.66408343029268
"132660",-7.66578497481754
"100271849",-7.66702977144526
"57187",-7.66827956839335
"54888",-7.66942085268755
"3683",-7.67378462616649
"54838",-7.67440399878888
"100506374",-7.67565116681481
"131377",-7.67643550934217
"54870",-7.67730283078613
"2328",-7.67842892704079
"2249",-7.67877385626187
"54577",-7.67927657995618
"144699",-7.67929048130007
"256380",-7.68117992060281
"4928",-7.68307172653458
"55686",-7.69352896708412
"23742",-7.69798625022874
"10371",-7.69823551282261
"55561",-7.70017734691544
"5050",-7.70682074653437
"128611",-7.7083992284449
"153201",-7.71038643421105
"1999",-7.71047776999625
"341405",-7.7133410050233
"1302",-7.71630124137261
"4703",-7.71640662992038
"219287",-7.71696683853438
"9496",-7.71871602781582
"51019",-7.72184525340887
"389541",-7.72320155988114
"55599",-7.72341161498376
"5837",-7.7251950793206
"84734",-7.72549885181094
"6783",-7.72592491368288
"7280",-7.73140010737918
"6383",-7.73227182249158
"401137",-7.73886545832216
"10011",-7.74001435796233
"26298",-7.74243315091963
"90701",-7.74318555482368
"55501",-7.74557294389217
"407738",-7.7475535744385
"3190",-7.75476573776381
"259308",-7.75588037747859
"340990",-7.75773227261103
"4242",-7.75839232591438
"5608",-7.76214454348468
"129684",-7.76254680208558
"5551",-7.76553677170041
"6813",-7.76695442331349
"4702",-7.76750583983013
"5146",-7.76906575839118
"84433",-7.77002523342653
"116238",-7.77032817050912
"159296",-7.77093737347233
"6749",-7.77298128684617
"9784",-7.77649675319474
"23049",-7.7769697960848
"8751",-7.77880962214436
"79157",-7.77896225178634
"100506742",-7.77968232151766
"11157",-7.78188669063238
"5349",-7.78277499815986
"92999",-7.79000199622673
"1796",-7.79134157102764
"79777",-7.79165927724292
"2224",-7.79339550036315
"88455",-7.79354296795287
"399823",-7.79678969866587
"26228",-7.8008486347587
"5602",-7.80367832715206
"4756",-7.80387531670144
"100287898",-7.80662068869473
"3110",-7.80689929437676
"27069",-7.80996208081065
"266722",-7.81069601134676
"81545",-7.81091415045026
"57162",-7.81268751150575
"10260",-7.81898341649208
"94033",-7.82400644542763
"8417",-7.82588254522522
"9223",-7.82729558410487
"4750",-7.83098488955589
"51676",-7.83115262842922
"83888",-7.83168472893823
"23527",-7.83278940480499
"1066",-7.83421762016957
"80314",-7.83488172717149
"51529",-7.83491219598737
"118812",-7.83678849089637
"137872",-7.83758520756706
"1501",-7.83813686538251
"63910",-7.8382088886823
"81602",-7.83930163518365
"54431",-7.83959514699055
"23071",-7.8404587269839
"167410",-7.84743288652157
"147658",-7.85371109267304
"9306",-7.8547852694029
"113177",-7.85691886175155
"5029",-7.85824774851319
"23047",-7.85874027543216
"3667",-7.8593889835039
"134111",-7.86108811738681
"93185",-7.86337691093621
"388722",-7.86561938465573
"116541",-7.87198961741604
"23154",-7.87487968431972
"25813",-7.87832098579219
"7323",-7.87942203185467
"285429",-7.8801155723197
"3000",-7.88020915904572
"128954",-7.8807145568355
"57530",-7.88208750560189
"1859",-7.88375129602799
"6647",-7.88440219365747
"10218",-7.88895209159566
"79095",-7.89194034664383
"387923",-7.89202850053495
"54014",-7.90373587464834
"26994",-7.9045231129077
"8784",-7.90543708372204
"195827",-7.90794110348937
"25833",-7.90806289209192
"84985",-7.91143188420921
"10992",-7.91150696796815
"51700",-7.9138052516271
"140733",-7.91460123607638
"728597",-7.91705425446579
"169522",-7.91715910550616
"150572",-7.92117632032582
"22948",-7.92283127823482
"345557",-7.92549281367306
"5586",-7.93263837704382
"89849",-7.9397626841823
"25940",-7.94403336050949
"11261",-7.94458166991071
"79791",-7.94471909930905
"7044",-7.94663261318057
"55703",-7.95388624915457
"57826",-7.9552447083374
"54985",-7.95890558831416
"646174",-7.96038089847473
"10525",-7.96760463356065
"54847",-7.96930075468377
"25840",-7.96993986840641
"375287",-7.97016028024021
"8775",-7.97232013110254
"246176",-7.97638241278963
"643836",-7.97704365611886
"283659",-7.98077049081164
"4353",-7.98683136001829
"5450",-7.98779839711557
"5778",-7.99288187185384
"57689",-7.99467083254719
"23139",-7.9952156353204
"8649",-7.99745376187999
"8348",-7.99747472950897
"201633",-7.99955190326338
"5687",-8.00036285364656
"2567",-8.00348983858617
"29062",-8.0051776351196
"1804",-8.00744476334964
"80168",-8.00748502650653
"5860",-8.0135860917547
"51311",-8.01366616747277
"4337",-8.01503218276059
"23077",-8.01516543744908
"2906",-8.01801134400086
"57678",-8.01944595499348
"283685",-8.02105696370014
"84893",-8.02335980896241
"6534",-8.02621218396968
"5213",-8.02912582635045
"8028",-8.02959560084492
"9807",-8.03311794788279
"11021",-8.03394162021013
"255057",-8.03471120468061
"8538",-8.03577201825492
"92558",-8.03613190012782
"84872",-8.04054975179122
"11336",-8.04424942806484
"2629",-8.04736112489118
"6490",-8.04808976641603
"10950",-8.05066730038982
"11122",-8.05102786872367
"23484",-8.05317406835836
"5191",-8.05805074110503
"3840",-8.06013440701838
"91319",-8.06614798525724
"57010",-8.06638322141047
"2079",-8.07107156590912
"9717",-8.07376899598973
"56953",-8.07526141452925
"11166",-8.07550893595004
"285313",-8.08510300602049
"64446",-8.08696391082569
"58526",-8.08742686684715
"10988",-8.09026682836267
"1465",-8.09142010271639
"29881",-8.09234833537278
"200810",-8.09449915118361
"338773",-8.09811075643127
"22905",-8.10271361913419
"494143",-8.10358151636598
"28960",-8.10372525816627
"55954",-8.10892161571215
"8609",-8.11209159543604
"80230",-8.11218656391955
"27243",-8.11430782688119
"5913",-8.11445260337814
"83953",-8.1180582655359
"80204",-8.11876194829306
"80014",-8.12363681068841
"998",-8.12578099546528
"56624",-8.13056225315761
"125988",-8.13412104127528
"5604",-8.13503842390623
"386617",-8.13553922825682
"148213",-8.13661953116829
"6427",-8.14254204243205
"83452",-8.14296920533701
"9150",-8.14306937189603
"84232",-8.14386680865454
"11332",-8.14789365724167
"9547",-8.15107467381492
"9381",-8.15314104354237
"5138",-8.15576899863781
"92105",-8.1585172180717
"8553",-8.15871973627099
"131118",-8.15906638204576
"203054",-8.15936734259928
"100271846",-8.16071507449291
"5034",-8.16234787099014
"29763",-8.16277258502662
"55768",-8.16396072549189
"200008",-8.16496626015565
"81502",-8.17124744257599
"90355",-8.17233987519891
"57495",-8.1727129638998
"5704",-8.17524572689565
"8497",-8.17594109206597
"3270",-8.17648767499365
"55857",-8.17716481398412
"644139",-8.18297724195202
"8242",-8.1866530782913
"64753",-8.18676360111303
"285172",-8.18824937682433
"402682",-8.19237956095894
"6844",-8.19249834294129
"5971",-8.19259664525315
"128866",-8.1942103411514
"57476",-8.19655685310848
"4776",-8.19902018104095
"7021",-8.20187767670967
"23118",-8.20269093630355
"112817",-8.20298161694045
"24144",-8.20338377462049
"4953",-8.2057387847391
"1286",-8.21847026579724
"338",-8.21947484242234
"5869",-8.22346645710466
"7805",-8.22952093745565
"80243",-8.23122627344752
"2058",-8.23150974992897
"285362",-8.23171689274438
"60495",-8.23431716282371
"151194",-8.23451752433097
"8547",-8.23483265877995
"4494",-8.23526241107158
"4520",-8.24078128155403
"57592",-8.24238479705536
"4609",-8.24249430956826
"152007",-8.24263746320336
"81617",-8.24518659137598
"255967",-8.24646938962319
"10695",-8.2479969813005
"548645",-8.2490733695455
"23172",-8.24933823660462
"396",-8.25216151693488
"344758",-8.25455152479511
"1847",-8.25669528054074
"257160",-8.25992446498597
"284273",-8.26015970732775
"11340",-8.26043192774911
"10884",-8.26872952698171
"506",-8.27227149854959
"284958",-8.27661332318085
"4947",-8.27785871183365
"7075",-8.2807905403672
"9498",-8.28879617612477
"125488",-8.2965249735641
"115817",-8.29689899108102
"29899",-8.29880414597886
"644150",-8.29993267499833
"8740",-8.30319064287638
"29942",-8.30677508787163
"9040",-8.31161997471547
"9658",-8.31840873727975
"388939",-8.31883193305711
"55262",-8.31936792740446
"11309",-8.32057359546026
"7862",-8.32084043248173
"3577",-8.32090485898275
"5469",-8.3210828310863
"6197",-8.32133970780259
"55884",-8.32255620032898
"64320",-8.32323786760071
"11275",-8.3246773802034
"84817",-8.32530395032642
"81696",-8.33137821095058
"7179",-8.3317898170796
"65243",-8.33293164781518
"339479",-8.33356528407979
"375057",-8.33431650009745
"6814",-8.33834149622452
"84722",-8.3390491320663
"10913",-8.33948342432213
"55565",-8.34642657760735
"79836",-8.35466060784768
"57606",-8.35497240547215
"284086",-8.35533332955247
"8344",-8.3600949596897
"6640",-8.36646787938205
"343263",-8.36820007322776
"341350",-8.3685125077191
"131540",-8.36981297963587
"641339",-8.37062228145573
"50940",-8.37123289640942
"9318",-8.37176445474568
"55664",-8.37177171286792
"2778",-8.37193280779847
"6305",-8.3758017822439
"7436",-8.37618420481437
"9632",-8.37738219284508
"2059",-8.38238004550578
"169200",-8.38282277686715
"81569",-8.38634438890226
"975",-8.38909531653336
"2976",-8.38987206571448
"79041",-8.39123510824729
"4802",-8.39719306546173
"4205",-8.39748277338478
"51463",-8.39769163877234
"8303",-8.4017212919688
"6950",-8.40403332266724
"345222",-8.40569325131369
"10296",-8.40588780514998
"124460",-8.40593401774315
"9643",-8.40683262371863
"6352",-8.40775744460114
"9973",-8.41004899157248
"57003",-8.41204082171535
"203076",-8.41581635522613
"5435",-8.41638449996027
"162427",-8.4172528713113
"6125",-8.4180990355627
"116135",-8.42177626913504
"154796",-8.42402009224926
"4685",-8.42700697199365
"6583",-8.43001801816323
"285676",-8.43124059695509
"57459",-8.43155728650004
"4297",-8.43531778592782
"79670",-8.43612079645181
"3995",-8.43637622346824
"5049",-8.44194786117241
"1265",-8.44949799497664
"84068",-8.45181331168986
"220164",-8.45685277368986
"902",-8.4603974701382
"6920",-8.46068780109901
"9256",-8.46228685988845
"54952",-8.46558491123989
"221184",-8.47045703813531
"7054",-8.47177566643914
"11011",-8.47182621515669
"113251",-8.4722696331007
"85446",-8.4737338795955
"400891",-8.47391991761828
"51022",-8.47817552429767
"54894",-8.48215905340257
"56929",-8.48856070845146
"2063",-8.48966150468739
"57523",-8.49331858540542
"6614",-8.49371689959004
"4620",-8.49403779061526
"53919",-8.49849352309793
"1436",-8.49898136217416
"10335",-8.50515468048438
"129138",-8.5074605865152
"157807",-8.50914587153584
"11035",-8.50978852601292
"51704",-8.5102930894902
"143684",-8.51366564431037
"57101",-8.51377864714043
"85452",-8.51673701894041
"5332",-8.52190775813561
"83658",-8.52310605233185
"1795",-8.52356742074987
"490",-8.5272428494934
"6734",-8.52764663930851
"78986",-8.52883215014359
"10401",-8.53079715059318
"27319",-8.53108033160781
"149297",-8.53286575731252
"399909",-8.53290078212223
"10021",-8.53369647154112
"1610",-8.54377775835221
"116143",-8.54406485109303
"9191",-8.54453051210064
"7334",-8.54741099502538
"285636",-8.55066798115355
"115353",-8.55087003656438
"28992",-8.55254290677754
"652991",-8.5530424948667
"79089",-8.56345665860516
"2729",-8.56557761670852
"55753",-8.56575909037515
"8529",-8.57017905970004
"23200",-8.57117144127146
"9293",-8.57509128010744
"54958",-8.57962759042025
"801",-8.58163287964413
"85235",-8.58548632645906
"54108",-8.5858787054373
"79870",-8.58729570043899
"3980",-8.58894908315763
"6143",-8.59020521049607
"1852",-8.59037663945536
"480",-8.59039848294826
"63891",-8.60114447060502
"402665",-8.60213925901453
"51144",-8.6029755325494
"2846",-8.604951778053
"8368",-8.60785818909201
"8897",-8.6082079680867
"6426",-8.60843634814431
"6097",-8.61149472235015
"100532736",-8.61822993126023
"54578",-8.61844595959141
"84239",-8.61908893264201
"128553",-8.6235978053311
"3418",-8.62716834290616
"10999",-8.6274794271463
"115727",-8.62838885485185
"9219",-8.62911174030425
"347442",-8.63278286843895
"27125",-8.63323742971098
"9420",-8.63638829936997
"2145",-8.64520893868788
"3739",-8.64705601600191
"10578",-8.64841906584191
"9533",-8.64946029475869
"111",-8.65118063627182
"84955",-8.65232155176469
"79969",-8.65324692137163
"160",-8.66271762463876
"80218",-8.6658422785101
"9044",-8.67598387507581
"165829",-8.67627968952432
"148741",-8.67700293517752
"4792",-8.67751180680656
"32",-8.67865720120992
"90410",-8.68021534732844
"9874",-8.68182906939044
"9589",-8.68406602780205
"5430",-8.68442552307985
"51660",-8.68593620625167
"57188",-8.68909886541291
"55827",-8.68949893842616
"91107",-8.69011215112435
"167359",-8.69204001730412
"388403",-8.69372636571756
"440435",-8.69742510843875
"50614",-8.71032247497145
"85015",-8.71351137679228
"2334",-8.71353218738538
"79685",-8.71666605143532
"5291",-8.7194141716428
"388698",-8.71973680585784
"93621",-8.72371995801987
"55829",-8.72823986702763
"23394",-8.73520102922246
"63935",-8.74180508941552
"23040",-8.74415484839097
"9200",-8.74434518443776
"26985",-8.74553821406854
"53947",-8.74736446751957
"6877",-8.7478092878584
"1649",-8.74807771136799
"10943",-8.75029129161849
"5532",-8.7519727472597
"94025",-8.7542569462744
"9709",-8.75852134735292
"25766",-8.76206550164208
"54777",-8.76393287506253
"8013",-8.76396753153142
"9464",-8.76538385809726
"2132",-8.76621442218101
"51230",-8.76862619072764
"129049",-8.77629339494507
"55904",-8.78027301619441
"8453",-8.78260256603067
"202018",-8.78463757007527
"83401",-8.78686196420048
"11131",-8.78911884486628
"22977",-8.78922067640985
"1487",-8.79211526764436
"171483",-8.79509972391479
"645745",-8.80007116819598
"1266",-8.80044813632864
"4018",-8.80271923732726
"23236",-8.80526322919244
"2018",-8.80616474809071
"139425",-8.81365435755053
"1263",-8.8155621887149
"114900",-8.81765938081745
"132789",-8.81794719169193
"23558",-8.81992167714147
"51364",-8.8219762757937
"142683",-8.8220213809716
"9631",-8.82206292197974
"81558",-8.82492048914027
"23157",-8.82969632124759
"10169",-8.83397805661432
"8604",-8.83487377770333
"10398",-8.83982474889198
"167681",-8.84009842621415
"3596",-8.84868124433168
"23322",-8.84886460430296
"57446",-8.8556539229979
"8363",-8.86153085931502
"84632",-8.86260194541777
"9497",-8.86557214961463
"374872",-8.86909430966779
"7712",-8.87037594005351
"11189",-8.87044009048216
"7580",-8.8708865699449
"84467",-8.87526775608857
"118881",-8.87695718437714
"55327",-8.88436193146809
"91584",-8.8858885056122
"63893",-8.88748658323051
"7536",-8.88779820090675
"80313",-8.8901062366351
"25816",-8.89274344183317
"3747",-8.89306828475646
"125704",-8.89374095747176
"2879",-8.89746190856853
"1103",-8.89819111375666
"30835",-8.89852555668325
"1515",-8.90293092297232
"196740",-8.90469523860496
"79837",-8.90840708926262
"54097",-8.90876723981493
"2903",-8.91508503628261
"23041",-8.91508514422146
"5048",-8.91576020005043
"285556",-8.91582995602461
"1495",-8.91755143290468
"4289",-8.91757758292699
"26009",-8.92333076938484
"64478",-8.92587747181627
"23033",-8.92591159720354
"57834",-8.92599113299268
"90288",-8.92882053247827
"159195",-8.93242093083587
"66002",-8.9337681818681
"55238",-8.93561870107357
"5232",-8.93596283488843
"57194",-8.93599600342163
"5861",-8.94562702473448
"259230",-8.94937136899876
"6895",-8.95017988185212
"58480",-8.95085908389646
"2876",-8.95160813495917
"9218",-8.95245846874903
"10002",-8.95367957066428
"5431",-8.95572845164018
"5462",-8.9613853239055
"3065",-8.96262215011679
"23440",-8.96875454080114
"4917",-8.96947964699456
"54839",-8.96948589636931
"23140",-8.97185887534307
"7690",-8.9742476864687
"9416",-8.97925560319568
"84662",-8.98090986377224
"116154",-8.98221475462621
"25771",-8.98228497532194
"80762",-8.98430519838998
"51319",-8.98816608300492
"57509",-8.9895079766884
"84883",-8.9957374592551
"80036",-8.99659423079986
"64137",-9.00550649875289
"27230",-9.00688093722506
"7134",-9.00710291868314
"1738",-9.0077955343323
"3561",-9.01087487986955
"7110",-9.0123361530957
"91464",-9.01700736138619
"550631",-9.01767952389289
"126069",-9.02766729168533
"57540",-9.0296406284486
"56888",-9.03140175495236
"54856",-9.03320692499849
"5786",-9.0350681942609
"5803",-9.03883580001307
"10350",-9.03971810028112
"283571",-9.04631051510878
"706",-9.05059369351771
"1147",-9.05326098172866
"1009",-9.05586782157115
"3029",-9.05796633881013
"153743",-9.05994201743019
"79068",-9.06042835700967
"53373",-9.0616502230953
"51307",-9.0627198304752
"6258",-9.06889255113646
"11059",-9.07071493198472
"4284",-9.07341215869367
"79919",-9.07370287856394
"2965",-9.07397725727178
"9990",-9.07422033059027
"9356",-9.07636246916964
"256302",-9.0779201257296
"84530",-9.07917566913333
"1052",-9.0797924095341
"31",-9.08287366591347
"1978",-9.08318347482935
"51094",-9.08442766304422
"441531",-9.08558585864108
"374462",-9.08758879332068
"103910",-9.08812576920525
"6923",-9.09183241541937
"673",-9.09318014930528
"284058",-9.09869602649233
"9646",-9.10130440797881
"4135",-9.1026257782663
"4867",-9.10415810466091
"476",-9.10964435850014
"91522",-9.11158690431395
"5639",-9.11411061233099
"10840",-9.11774073923776
"22895",-9.11784153643984
"7422",-9.11813725694656
"27334",-9.12092440377002
"23519",-9.1213799115899
"84987",-9.13032980073496
"92703",-9.13324994398834
"929",-9.13669129346809
"579",-9.13852253476336
"8615",-9.14339470360032
"7175",-9.14479004771938
"51252",-9.14725388583409
"53822",-9.14833442712205
"7143",-9.15049751212084
"65056",-9.15230374302665
"116224",-9.15918293026894
"51347",-9.16097530398644
"8507",-9.16106587921979
"124935",-9.16304050862854
"727897",-9.16600825842834
"57613",-9.16969174118647
"2302",-9.17501312312544
"5093",-9.17561464532193
"25834",-9.18339210682073
"286204",-9.18458491138917
"51177",-9.18883432885384
"219793",-9.19401165994546
"143872",-9.2000918988247
"23304",-9.20100643659076
"30",-9.20335683575101
"79827",-9.20407802699459
"6446",-9.20478842302836
"80832",-9.2091299938915
"60684",-9.21035130200396
"241",-9.21113761509842
"23461",-9.21196480221329
"84867",-9.21470976750203
"51105",-9.2149354498393
"2902",-9.22073471913616
"25879",-9.22493171164545
"9228",-9.2252289066699
"5272",-9.22787520887687
"2310",-9.229276892932
"51552",-9.23017418356525
"54664",-9.23241551194263
"5108",-9.23287663680859
"9705",-9.23898141004697
"10513",-9.24092723019262
"4931",-9.24329386857698
"6569",-9.24451059215094
"687",-9.25194394155363
"22891",-9.25301093139653
"3574",-9.2533254344049
"2332",-9.25596144312218
"2950",-9.25612333898803
"64127",-9.25624696311994
"197407",-9.26189201842912
"1050",-9.26408694021101
"8543",-9.26908230920805
"134526",-9.2701069831264
"23522",-9.2735549459514
"64798",-9.27862224566787
"96459",-9.27995296144561
"219623",-9.2863548439719
"51182",-9.28814175030253
"11182",-9.28860428412596
"79647",-9.29518316441211
"796",-9.29627035713864
"64699",-9.2977807070826
"23152",-9.29928032785211
"4591",-9.30248172155571
"57453",-9.3026723076259
"55213",-9.30586929486318
"9986",-9.31306476218826
"5195",-9.32327666606301
"27037",-9.32637325019549
"9788",-9.33588398649953
"375775",-9.33636972375114
"5949",-9.33705673389721
"29110",-9.34299282155917
"29957",-9.34313252477198
"200576",-9.34762085316911
"9372",-9.34872216356288
"10940",-9.34956677145397
"5480",-9.35226810744623
"64332",-9.35702071647839
"79098",-9.35761841968768
"4046",-9.36012880518446
"55684",-9.36284922840112
"7095",-9.36453832314991
"26872",-9.36646739782761
"7681",-9.36886853931467
"379",-9.37005825338289
"5142",-9.37906903966097
"4882",-9.37992761567504
"6045",-9.38054721563524
"100506736",-9.3843231829386
"60468",-9.38442749434471
"80764",-9.38674027176681
"2046",-9.38791837886317
"778",-9.3888502845894
"283748",-9.39221121396195
"84146",-9.39274740470243
"56062",-9.39361041670617
"84557",-9.40015206465791
"7376",-9.40107647824019
"3781",-9.41269127496737
"65220",-9.41532468935721
"256158",-9.41812005980334
"440026",-9.42131542508832
"54440",-9.42499155096271
"149563",-9.42927541095583
"64396",-9.43795826526699
"140823",-9.43877753656287
"79973",-9.44293779554029
"441061",-9.44955525874508
"51205",-9.45108273166587
"55788",-9.45276019888671
"27348",-9.45413737289815
"9567",-9.45454038539644
"5027",-9.45469761153502
"254170",-9.45923707843964
"65266",-9.46013212673228
"9929",-9.46061784509996
"10159",-9.46099818795702
"55193",-9.46231582790964
"55027",-9.46853817532017
"5252",-9.47092629090568
"22828",-9.47248766404467
"57132",-9.47531747071077
"64419",-9.47769526714342
"3084",-9.47830551742474
"9703",-9.47888566266206
"255919",-9.48287841299018
"51098",-9.49095298864395
"123099",-9.49141387264666
"10524",-9.49264581053995
"23539",-9.49335944015502
"372",-9.49413010049524
"288",-9.49471212648039
"3716",-9.50107620577212
"51582",-9.5031470943707
"196441",-9.50495649048571
"91179",-9.50759141883271
"84301",-9.50918857757962
"23392",-9.51837458034283
"4690",-9.52159881695535
"5887",-9.53150768772266
"56667",-9.53156986023594
"10663",-9.53182460479919
"3430",-9.53539855455472
"79413",-9.5363232649039
"9868",-9.53873139982534
"146853",-9.54954494637608
"84676",-9.55261752639084
"55870",-9.5613856596126
"421",-9.56344490536853
"23650",-9.56812180838947
"318",-9.56831956226504
"89953",-9.57235065588335
"4254",-9.57544335761546
"3419",-9.5790228022406
"6539",-9.58175832584564
"342897",-9.59297524392272
"5476",-9.59535411641964
"6155",-9.59722991238321
"220988",-9.60593386146348
"5222",-9.60829518073468
"4850",-9.6087312288612
"9572",-9.61176884778031
"5825",-9.61402590123256
"54822",-9.61424615520268
"56256",-9.61880920861535
"55656",-9.61974866100358
"2806",-9.62145996594078
"3796",-9.6233407289486
"25827",-9.62606354741689
"79665",-9.6329161801318
"115557",-9.63507779906426
"7174",-9.64830756158338
"3603",-9.65710203703843
"360023",-9.65930108133219
"10184",-9.66439745950975
"338567",-9.67019781446184
"23038",-9.67454966941504
"55466",-9.67516322925335
"51313",-9.67797265299087
"6092",-9.68441276765084
"4622",-9.68446093929104
"11174",-9.68575586573082
"11101",-9.68971509985627
"80013",-9.69031852478554
"440279",-9.69129323793608
"80173",-9.69155842096128
"132864",-9.69285178898308
"2153",-9.70430465011529
"1462",-9.70739149584332
"9525",-9.70915746416606
"4583",-9.70965005457243
"730130",-9.71146242992512
"8911",-9.71177554489567
"10949",-9.71328518138029
"285386",-9.71407105359726
"5568",-9.72038560751545
"6693",-9.72055372612378
"607",-9.72199188935563
"388336",-9.72346220803638
"1573",-9.72414666782838
"84287",-9.72487178848405
"63874",-9.72815164652332
"2928",-9.73502869546241
"256536",-9.73765026066133
"2319",-9.73773212179846
"79956",-9.74370504704105
"401720",-9.74406148813276
"647024",-9.74513405533558
"140461",-9.7482641046183
"168448",-9.75061023004542
"865",-9.75427786751322
"39",-9.75600817337258
"9922",-9.75718604115046
"100506012",-9.75963541939737
"9229",-9.76307929129943
"54344",-9.76582673495897
"23244",-9.77004387631204
"5443",-9.77108485094439
"5690",-9.77699489223785
"2041",-9.77751278283945
"57600",-9.78456798025707
"64397",-9.78560009733726
"4958",-9.78868960668468
"1770",-9.79171930073892
"91949",-9.79211528206239
"441282",-9.79244451861702
"439",-9.79329974400135
"6731",-9.79387086868434
"150962",-9.79766835634909
"8834",-9.79771593066435
"16",-9.80603251787399
"8514",-9.80761741452577
"8085",-9.82394997982823
"171546",-9.82828960992315
"9682",-9.8310116268536
"85407",-9.83262502230017
"64282",-9.84112567952807
"79574",-9.84433356226456
"57609",-9.84534301870315
"102",-9.84541788174004
"84691",-9.84549866292392
"50813",-9.85431345900746
"51107",-9.85714760862232
"10320",-9.86167709237162
"65125",-9.86224588418893
"23352",-9.86237608434037
"6532",-9.86280067697292
"6907",-9.86364118345589
"23283",-9.86569082060326
"55860",-9.86870932241399
"4640",-9.87535878324447
"5523",-9.87833253981387
"90203",-9.88364666273621
"1991",-9.88498928447376
"80128",-9.88765992650176
"6261",-9.88820507017804
"4784",-9.89294110164974
"140766",-9.89956148723331
"9908",-9.903789810513
"440335",-9.9064391928892
"83593",-9.91049816829117
"81537",-9.91057605313183
"84246",-9.91788198270534
"23166",-9.9212952287301
"89846",-9.93065213566642
"22924",-9.93990955778747
"55119",-9.9417575805772
"55633",-9.94191696055916
"9854",-9.94481257394173
"6390",-9.9454796392956
"1384",-9.94585726906476
"89857",-9.94850400592178
"4677",-9.94899090780528
"5947",-9.95487214826108
"5657",-9.97136956613082
"3958",-9.97300227145926
"91404",-9.99528810586191
"43847",-9.99928349031936
"1896",-9.99994949001844
"2717",-9.9999620120903
"440695",-10.0005235719168
"80267",-10.0047071048831
"57561",-10.0050051588971
"124857",-10.0066950199591
"79656",-10.0149962429209
"9600",-10.015227437677
"1960",-10.0166602872368
"3735",-10.0230344063152
"55268",-10.0261153246809
"9718",-10.0284852174683
"54799",-10.0333588579781
"10952",-10.0377634921649
"9550",-10.0408985860504
"6663",-10.0459233854005
"6355",-10.0610754067848
"22996",-10.0642404578163
"8661",-10.0663732517541
"1025",-10.0709402895814
"1211",-10.0752707195707
"5883",-10.0795385319521
"4236",-10.0820432676773
"440829",-10.0860781817885
"3009",-10.0892614677564
"10213",-10.0895382732947
"163175",-10.0902629668111
"5218",-10.0923913575142
"10595",-10.1060869882571
"55379",-10.1079604410541
"382",-10.1292717629124
"10771",-10.1295107960582
"1297",-10.1425068430899
"83543",-10.1494646541238
"25841",-10.152985725414
"64788",-10.1553069821685
"10445",-10.1594487058472
"10651",-10.1612040676896
"6747",-10.1661784924531
"10564",-10.1666986005547
"777",-10.1722901871585
"8483",-10.1736956157002
"25953",-10.1745387489821
"5446",-10.1797295819993
"25820",-10.1818435537205
"25876",-10.1864349500183
"57597",-10.1910589388545
"4000",-10.1947211154432
"64218",-10.1964332055827
"81627",-10.2016390852969
"55854",-10.202922444726
"147111",-10.2096126842682
"441631",-10.2253702927156
"818",-10.2271991668083
"8796",-10.2306579057026
"2107",-10.2353005678789
"55669",-10.2398326567675
"165545",-10.240576560024
"56983",-10.2422216476091
"150356",-10.2423807081047
"6990",-10.243759303352
"22980",-10.2467759742971
"5627",-10.2469152856167
"26517",-10.2475988230627
"5710",-10.2492127833475
"3208",-10.2505416774592
"83874",-10.2550433574951
"9902",-10.2552590551307
"27071",-10.2601967930692
"6388",-10.2611045809578
"345757",-10.2617936801286
"401399",-10.2627191338377
"3028",-10.2752391002134
"254122",-10.2763566842985
"4094",-10.2784283823097
"5094",-10.2867802367607
"170370",-10.2885346522196
"23518",-10.2942637753457
"10427",-10.2969912931584
"7917",-10.3025215386047
"56892",-10.3026454133153
"163351",-10.3049353181413
"1537",-10.3166024444344
"127700",-10.3170505578561
"84171",-10.3180264670968
"10223",-10.3225746298604
"51003",-10.324523475013
"161145",-10.3256922658306
"3188",-10.3258588054673
"8603",-10.3278468208592
"10210",-10.3319370677376
"5528",-10.3367130165393
"8284",-10.3442827216086
"8332",-10.3507105115389
"7058",-10.3511189796364
"10269",-10.3514467901882
"23358",-10.3524629324435
"4490",-10.3539260525183
"4314",-10.3590874373105
"5864",-10.3608117342746
"79591",-10.363228184024
"1460",-10.3715925181515
"401505",-10.3724475369487
"153222",-10.3767008918359
"400966",-10.377106324691
"54940",-10.3796784988592
"414332",-10.3806364929185
"4664",-10.3827058336663
"9296",-10.3836367972146
"153527",-10.385234635331
"3308",-10.3862924472153
"23424",-10.386772482828
"84461",-10.3940941228252
"9946",-10.3952092851961
"23499",-10.3953892328356
"139596",-10.4006602343995
"81037",-10.4051935247131
"27020",-10.4104293482052
"1954",-10.4132717787135
"25777",-10.4150497419813
"140606",-10.4184348654075
"9984",-10.4203625350675
"7423",-10.4244100042514
"114786",-10.4313767634565
"100507421",-10.4338629569431
"152877",-10.4389397048891
"131",-10.4470473578353
"3229",-10.4475369446084
"9472",-10.449133564814
"81570",-10.4494255764405
"142910",-10.4514241703518
"79156",-10.4571023707936
"4772",-10.4586375533481
"9681",-10.4597633010413
"93474",-10.460989578801
"84925",-10.4678440944324
"3797",-10.4761325041602
"79846",-10.4764231968252
"10057",-10.4832623649043
"5584",-10.4842369009816
"4005",-10.4867963013422
"5481",-10.487761438008
"10404",-10.4960399799447
"788",-10.5003611291179
"26191",-10.501404057301
"27246",-10.5029081644444
"25802",-10.5032872119528
"23170",-10.5036653426114
"56681",-10.5075613969959
"79918",-10.5076797662652
"54512",-10.5100028701107
"8689",-10.5119418658682
"377007",-10.5135192875121
"729020",-10.5143493125949
"55365",-10.5174239968442
"3293",-10.5180922329683
"23321",-10.5210053510348
"5684",-10.5372579858705
"1107",-10.5386091040668
"165186",-10.543784656637
"8341",-10.5450127299934
"9815",-10.5667381300022
"51083",-10.5699690305981
"79012",-10.5714386582199
"60682",-10.577727188335
"54788",-10.5787279599489
"6344",-10.5788081769544
"5720",-10.5830352870948
"2845",-10.5859729921826
"146057",-10.5870515301112
"80018",-10.5875428768665
"57695",-10.5895867848331
"7707",-10.5914782057555
"23520",-10.5966193504041
"1496",-10.5989520572772
"6303",-10.5999666965241
"126917",-10.6020977440922
"57486",-10.6078324009501
"116729",-10.6083601668245
"57511",-10.6101759977643
"22",-10.6128643540558
"1264",-10.6142425669574
"161436",-10.6198832456326
"5719",-10.6238678137117
"51386",-10.6253142542745
"64839",-10.6423587937285
"10634",-10.6450627888931
"140775",-10.6516666849624
"81794",-10.6538505561163
"11041",-10.6646189053883
"283450",-10.6677786575161
"65997",-10.6806327554044
"819",-10.682436807327
"4054",-10.6840562685778
"23334",-10.6844578628876
"144245",-10.6879588581834
"254013",-10.6909557941827
"388341",-10.6928010301646
"94160",-10.6945416178833
"3101",-10.7019317037005
"11107",-10.7058327927196
"6167",-10.707674909026
"5685",-10.7102188151691
"5518",-10.7124414894762
"29780",-10.7151701405211
"5099",-10.7188792915334
"57153",-10.7292204430237
"54361",-10.7313747021636
"91120",-10.7437308945922
"65977",-10.7486428560693
"9066",-10.7558959903363
"27013",-10.7665815110068
"84034",-10.767086958353
"3265",-10.7679740493335
"29966",-10.7686760294286
"80217",-10.7691238446602
"29",-10.7701335766387
"283849",-10.7723457173315
"8287",-10.7822271115082
"2771",-10.7943432955124
"50809",-10.80380979726
"5313",-10.8045593128641
"9663",-10.8093673871933
"51375",-10.8142578672881
"1072",-10.8214012583018
"23335",-10.823148225613
"581",-10.8279631946139
"55294",-10.828737135637
"686",-10.8411232290504
"516",-10.8481091941407
"2773",-10.8557418358086
"9685",-10.8558857758692
"51063",-10.8569096813259
"6576",-10.8610786936364
"3992",-10.868264672878
"148867",-10.8731656046652
"55170",-10.8734893176341
"5376",-10.882626411969
"4121",-10.8827218814442
"91828",-10.8911776189973
"4221",-10.8975353557453
"388021",-10.9055625446099
"7360",-10.9127818174243
"9170",-10.9151983884253
"85508",-10.9154161855751
"7905",-10.9165283404812
"10787",-10.9269314543303
"91653",-10.9300629999123
"1351",-10.9311048478432
"56946",-10.9367780551339
"6868",-10.9368332865744
"10393",-10.9369387581412
"133746",-10.9442447709074
"5207",-10.9503691667573
"4294",-10.9655419444916
"1674",-10.9732452171985
"27439",-10.9734801436675
"7088",-10.9742086268234
"9618",-10.9762540562334
"84923",-10.9812689300785
"57599",-10.9880269840686
"166815",-10.9893977724521
"55610",-11.0117421051818
"5025",-11.0131633123241
"23647",-11.0179216241542
"10162",-11.0197296814584
"10989",-11.0198919850352
"54829",-11.0211732324405
"653604",-11.0215954377147
"54816",-11.0286634083588
"10476",-11.0314876683519
"389333",-11.0319646487007
"8706",-11.0411885683962
"51108",-11.0431684757751
"10457",-11.045586364189
"441150",-11.0467074663364
"5994",-11.0468468867233
"27285",-11.0526392604458
"27429",-11.0604917660701
"139378",-11.0647896627445
"9821",-11.0702005378556
"41",-11.0719830832886
"546",-11.0762297784323
"28981",-11.0786904352934
"93166",-11.0804925259984
"1108",-11.0841484995704
"8099",-11.0928116376794
"8480",-11.0960397169678
"308",-11.0967998677256
"9698",-11.108300343784
"79891",-11.1094204873534
"79148",-11.1219065550211
"57410",-11.1224563595779
"5580",-11.128459419791
"27044",-11.129560276377
"126823",-11.1376087825731
"7455",-11.1436318238931
"7357",-11.1456516804671
"56889",-11.1545448850172
"9708",-11.1568086787249
"54453",-11.157072354147
"26227",-11.1649543560721
"128272",-11.1668133402195
"8216",-11.1670486669975
"2317",-11.1774776340152
"117289",-11.1851275697128
"161253",-11.1930561047994
"57591",-11.1952942015109
"25851",-11.2155368686046
"160287",-11.2156565649516
"7871",-11.221805825773
"3145",-11.2301982117565
"25911",-11.2303958709667
"79893",-11.2351175422361
"80108",-11.2352189212674
"84134",-11.236195046912
"9725",-11.2381837293418
"26234",-11.2390615346452
"1665",-11.2395447645201
"401944",-11.2398695297417
"22864",-11.240470615423
"219431",-11.2503441519142
"221336",-11.25510751929
"23788",-11.2625100133615
"8879",-11.2648395130314
"4689",-11.2660419378626
"57468",-11.2662414907384
"7533",-11.2768226495746
"64787",-11.277493915721
"56121",-11.2806740930138
"9444",-11.2833067876069
"57192",-11.2870944343173
"56853",-11.2879789841366
"57125",-11.2890653598397
"10096",-11.2956842093386
"64924",-11.2969676920855
"9577",-11.2990733321615
"3860",-11.2992645664751
"55364",-11.3001775893643
"5447",-11.3074035220768
"646960",-11.3093556581985
"860",-11.3184771045899
"7475",-11.3193833453857
"401145",-11.3262631969874
"3475",-11.3299828684263
"80006",-11.3327361515103
"728113",-11.3358447511863
"55911",-11.3462316978313
"1809",-11.3568136071916
"1741",-11.3596256594588
"9283",-11.3620338538201
"9034",-11.370362116944
"5866",-11.3721710759007
"23070",-11.3799249399931
"57688",-11.3810621948249
"284434",-11.3867605105705
"317671",-11.3867695278443
"349565",-11.3888925418798
"51592",-11.3898887558442
"65018",-11.3917958331437
"23613",-11.3932636244255
"8857",-11.3934710970291
"55167",-11.3976972021271
"8452",-11.398369441389
"51479",-11.4087513812445
"90826",-11.4122827237947
"23187",-11.4166452318761
"2275",-11.4253119936307
"55617",-11.4258743047818
"6608",-11.4273973309714
"3669",-11.4337080347359
"51141",-11.4409199494225
"387496",-11.4429904352062
"23046",-11.4462154770473
"54878",-11.4647107630042
"3225",-11.4653168351496
"57475",-11.4664289724035
"4665",-11.4688536608749
"6251",-11.4784045438845
"866",-11.4932287931204
"4817",-11.4946819807441
"23505",-11.4990037912506
"59339",-11.4991334671318
"219743",-11.5008196449325
"57610",-11.5105372116017
"2051",-11.5129380641737
"10540",-11.5191560202067
"8807",-11.5202951295226
"10232",-11.5263746115698
"57409",-11.5264539548903
"80776",-11.5273018625683
"2622",-11.5321069889235
"27289",-11.5390258247892
"55626",-11.5442506952358
"29934",-11.5445362076875
"2125",-11.5464333292726
"8496",-11.5519264202467
"3623",-11.5627962730649
"25903",-11.562850265444
"441024",-11.5730544771275
"3249",-11.5820785974718
"23198",-11.5826191245506
"343069",-11.5828100027847
"84067",-11.5837980610044
"5311",-11.592053812082
"4661",-11.5977997876955
"316",-11.6088109571675
"2255",-11.6102052434295
"6301",-11.6105709312208
"5718",-11.6106190558178
"22949",-11.6109965843828
"130888",-11.6158384742482
"29761",-11.6168551962936
"6720",-11.6213082769928
"57020",-11.6226627322303
"139285",-11.6263330874589
"9448",-11.6310361774191
"124801",-11.633165476758
"54583",-11.6347223469104
"1137",-11.6452963575578
"483",-11.6518971342812
"64792",-11.6602487037314
"8153",-11.669533329986
"5187",-11.6710065474454
"399668",-11.672443607169
"150684",-11.6734572249537
"25839",-11.6761572992342
"7531",-11.6814423057333
"6227",-11.682876128467
"57045",-11.6859813379356
"84993",-11.6940224318049
"152006",-11.6976384807011
"9463",-11.7038348151168
"399687",-11.7132522922607
"2889",-11.722788960947
"727957",-11.7391067606508
"134957",-11.7491222951644
"9096",-11.7527847728663
"254048",-11.7600377358804
"8295",-11.7626505268877
"7016",-11.7732042756378
"10114",-11.7831805954535
"4301",-11.7869385045557
"23087",-11.7887789805371
"7266",-11.7930908132997
"220213",-11.7931453818178
"4669",-11.796828929153
"221037",-11.797248362662
"26254",-11.8022294162122
"65084",-11.8138006676523
"114907",-11.8157301791951
"9114",-11.8168378517022
"57477",-11.8176988760072
"23557",-11.8181634119168
"2891",-11.8211967760415
"54329",-11.8217414144589
"904",-11.8251311088342
"5550",-11.8328373655427
"166647",-11.8453606000831
"51194",-11.852144931502
"79084",-11.8607876210695
"9877",-11.8608638782225
"51571",-11.8638103052108
"23002",-11.8654667661004
"54899",-11.8696384520981
"6414",-11.8708090901679
"8473",-11.8762646980022
"123745",-11.8787030419753
"84271",-11.8837234505447
"8881",-11.8878195603181
"1843",-11.8965974550637
"121665",-11.8986354243928
"30815",-11.8995755807294
"64761",-11.9006211796344
"51305",-11.906058755471
"26260",-11.9080680071612
"54891",-11.9199504921978
"4627",-11.9220987649433
"26207",-11.9343832464406
"27163",-11.9370247971662
"57679",-11.9386803623832
"51477",-11.944394605475
"3866",-11.9562272905475
"2534",-11.95954892393
"23451",-11.9606189923181
"53349",-11.9611482371985
"8831",-11.9675595591987
"91978",-11.9846144086761
"29800",-11.9853770069546
"5127",-11.9856432042256
"8537",-11.9876922003684
"23528",-11.992546559307
"72",-11.9937468930958
"3169",-11.9947484338699
"6732",-11.9974390086497
"283149",-12.0089320370325
"25806",-12.0105480442493
"9478",-12.011891382498
"27327",-12.0160600333374
"151987",-12.0169337227651
"8738",-12.0184344353443
"81693",-12.0247661276878
"134492",-12.0307926095311
"84313",-12.0336000450275
"4007",-12.0345034414815
"164395",-12.0376489543029
"7544",-12.0409785021582
"10075",-12.0428293784425
"301",-12.04381577543
"342538",-12.0462147722756
"9552",-12.0493820834501
"90809",-12.0500195863271
"4929",-12.0608126189813
"83876",-12.0669410220437
"56925",-12.0731318770511
"7920",-12.0751706557432
"23604",-12.0889596305471
"51056",-12.0932249477907
"29959",-12.0947054782706
"2013",-12.0964380761661
"115548",-12.0985220547607
"144402",-12.0999207263543
"79191",-12.1009039383746
"1439",-12.1175610032339
"7776",-12.1221704448699
"27339",-12.1255816270038
"5764",-12.1280725253996
"4076",-12.1301185276063
"90665",-12.1315157691792
"1051",-12.1435272595059
"139341",-12.1443253072481
"5150",-12.1448036622075
"60560",-12.1477230573929
"26353",-12.1512831771646
"9086",-12.1527081876118
"4218",-12.1543796744123
"6722",-12.1603035490442
"5058",-12.1663641467265
"4191",-12.1667284204015
"90268",-12.1731093568104
"399948",-12.1736301593674
"3162",-12.1748850494565
"7873",-12.1806115906287
"27315",-12.1833056732596
"54834",-12.1851708162251
"4320",-12.1909247123178
"488",-12.2022078377659
"7403",-12.2060106037169
"284069",-12.2073315834436
"60485",-12.2075244399092
"10194",-12.2094589180432
"148170",-12.2126250521463
"64645",-12.2276660446529
"55200",-12.2302252147591
"85004",-12.2327527818491
"4089",-12.2420304933598
"27106",-12.260484473752
"5571",-12.2605266076481
"10196",-12.2606870167584
"4209",-12.2626509897197
"51433",-12.2740716142192
"64429",-12.275011589088
"6811",-12.2826209043611
"23287",-12.2869927726408
"25938",-12.2908709807509
"57582",-12.2915924314564
"6293",-12.2952439459509
"81573",-12.2954271621921
"164",-12.2972778091827
"374897",-12.3053619397344
"23008",-12.3110172022426
"23074",-12.3110601057473
"613",-12.3124875963801
"5331",-12.3207943545708
"284805",-12.3210219137323
"728276",-12.3251743374813
"23529",-12.3331696594781
"6249",-12.3418112676008
"55502",-12.3487127161639
"9958",-12.3529346979346
"11156",-12.3603094833089
"84261",-12.3645696021759
"8544",-12.3793911586474
"362",-12.3802865796572
"6484",-12.392772920198
"7484",-12.3966628900358
"10067",-12.3980122911761
"57559",-12.4002700594138
"440854",-12.4031061241232
"7629",-12.4065289940326
"51363",-12.4095466382189
"56904",-12.4095724106795
"7756",-12.4179704418264
"114883",-12.4208212159188
"596",-12.4223646324969
"23369",-12.4444844670461
"63924",-12.4462657293503
"1300",-12.4505558145775
"5396",-12.4630499619168
"487",-12.4657357371303
"27245",-12.4660450525286
"51247",-12.4694004390527
"10422",-12.4718863667995
"4779",-12.4724593866017
"29116",-12.4741614760588
"51703",-12.4799590210433
"30011",-12.4815936541276
"2829",-12.4816680026593
"55089",-12.4849595622167
"60314",-12.4850153105395
"54879",-12.4855058146554
"25996",-12.4858764300415
"27095",-12.4941647822498
"55799",-12.5183315278725
"83723",-12.5370148106539
"10957",-12.5441247876131
"6683",-12.5446158237858
"53632",-12.5531963381158
"1315",-12.5606516884458
"2444",-12.5722838173096
"6457",-12.5740450215046
"494551",-12.5786881788829
"23760",-12.5820366689703
"79895",-12.5893041241091
"150094",-12.5899225090664
"4012",-12.5952411129773
"2821",-12.6007987098976
"55741",-12.6009632302017
"55176",-12.6027197849419
"285195",-12.6052760471506
"155",-12.615918418802
"645",-12.6230185517123
"8840",-12.6272887883936
"389792",-12.6370000057788
"10087",-12.640012796782
"339665",-12.6479936428696
"85406",-12.6499496210546
"322",-12.6503681525756
"64376",-12.6514397034052
"6531",-12.6586439289483
"84445",-12.6696908166337
"3336",-12.67153315119
"8546",-12.6766836285912
"65009",-12.6850697163482
"89978",-12.6888875883645
"5033",-12.6990362076416
"10428",-12.7000641833028
"166",-12.7027044889158
"51303",-12.7027167502079
"342184",-12.7133601725022
"1654",-12.7139403531207
"56674",-12.7212746296672
"10611",-12.7219027488529
"23531",-12.7248581994496
"79609",-12.7284929265715
"283985",-12.730279817278
"222",-12.7353712522317
"29102",-12.7355008120414
"1500",-12.7389243210539
"1456",-12.746896294016
"6545",-12.747486317423
"23429",-12.7599890374893
"6935",-12.7625858849556
"115294",-12.7628735738851
"5087",-12.7676361192892
"9489",-12.7681467923665
"6164",-12.768190607164
"5159",-12.78730510026
"55435",-12.7985767959319
"6203",-12.8076478903444
"55187",-12.8170813818702
"51684",-12.8275653571779
"55274",-12.8284767639466
"5147",-12.8297735354344
"5885",-12.8299660597478
"55065",-12.8401393584377
"5204",-12.8434579271215
"9500",-12.8457336078788
"6096",-12.8457926543676
"57047",-12.8490336783237
"64207",-12.8509564245325
"753",-12.856509761493
"60412",-12.8637780957593
"3156",-12.8861146562069
"10735",-12.8885680351371
"6558",-12.8921418806514
"25921",-12.8948844417253
"84124",-12.9002489593674
"11144",-12.9003046350933
"54665",-12.9075360870051
"65123",-12.9189040224552
"319089",-12.9231530190135
"4499",-12.9346961174998
"6198",-12.9460217262441
"200373",-12.9471333565851
"65998",-12.9511231207706
"5333",-12.956200701816
"1307",-12.9700695410209
"89766",-12.9864543277028
"23203",-12.9872712326039
"306",-12.9918526443527
"10089",-12.9952464312411
"493911",-13.0036558603258
"4130",-13.0065752738027
"8321",-13.0163307157886
"2668",-13.0179497617938
"147645",-13.019533842786
"55296",-13.0233179130238
"780776",-13.0233841449972
"3164",-13.0262194127474
"8841",-13.0356925853845
"4864",-13.036799742496
"11143",-13.0389277250505
"93594",-13.0413588883434
"9969",-13.0420788442846
"2109",-13.0460782851563
"653145",-13.0488444136584
"56970",-13.0509845656554
"150921",-13.0637506464065
"2901",-13.0676249633402
"56912",-13.0687157711539
"29887",-13.0756911083084
"9043",-13.0816139627741
"79411",-13.0971041038829
"2783",-13.1056574338553
"2931",-13.1083535917869
"51168",-13.1193469247468
"81603",-13.1255951777663
"51759",-13.132356221602
"1070",-13.1327694230242
"51274",-13.1361779307483
"3726",-13.1384732655782
"3549",-13.1426290611567
"253943",-13.1431289008936
"55181",-13.1439898922056
"10130",-13.1475919345029
"79825",-13.1520561555482
"10566",-13.1555656515584
"55206",-13.1608412532096
"157680",-13.1626666085761
"23048",-13.1740140539917
"10072",-13.1740925121683
"9869",-13.1807536362769
"10347",-13.2034033534068
"646817",-13.2180525822404
"84225",-13.2225708865898
"23239",-13.2227309065462
"9167",-13.2256678388615
"78999",-13.2310435632306
"10150",-13.2322421034318
"10467",-13.2356180592104
"29944",-13.237179702469
"22838",-13.2402567796908
"159",-13.2553262282949
"375616",-13.2634096612679
"408",-13.2641468184586
"400",-13.2793897055228
"92140",-13.2901266344312
"353116",-13.2909341876251
"7371",-13.2909967094289
"9914",-13.2923496199439
"7226",-13.308809182859
"23299",-13.3181382919399
"9828",-13.3258974000822
"163059",-13.331439569857
"165",-13.3318288336671
"5495",-13.3350547800449
"5830",-13.3721233793475
"1285",-13.3909893296974
"84926",-13.3913150961009
"2260",-13.3955643668899
"140809",-13.3977151849505
"2775",-13.40161239554
"6729",-13.4021254445674
"6324",-13.4065485152893
"50855",-13.4114871226211
"1180",-13.4199393850417
"25930",-13.4371374682826
"10186",-13.437983469874
"113455421",-13.4390726222877
"170392",-13.4430257037589
"4048",-13.4685424399532
"130557",-13.4781256586158
"9468",-13.4795098314252
"55968",-13.4837836685639
"9337",-13.4915738969764
"51626",-13.5001353995874
"10006",-13.5010731813029
"4323",-13.5042558657154
"26090",-13.5056323034868
"3339",-13.5232150257379
"5802",-13.5278798370669
"92255",-13.5281575835154
"8078",-13.5350759184495
"5007",-13.5396738263063
"115399",-13.5436795477144
"741",-13.547347570272
"286343",-13.5569362329791
"64682",-13.558843289696
"53343",-13.5609638421117
"84678",-13.5636229023429
"339768",-13.5637707881184
"415117",-13.5707586298438
"55914",-13.5792794144468
"7251",-13.5813865040592
"1119",-13.5822303267637
"10390",-13.5842706478136
"1657",-13.596312895668
"1466",-13.6061434531819
"23673",-13.6111478757854
"55763",-13.6239785383166
"4524",-13.629925647053
"2098",-13.6331395555267
"11047",-13.6533642237049
"23219",-13.6559268892513
"57140",-13.669596147736
"3703",-13.6732630053446
"9820",-13.6762923108398
"118987",-13.6794357157964
"4641",-13.6923544374197
"10015",-13.6932744210661
"79154",-13.6948414332678
"11127",-13.6951689526748
"7321",-13.6966647755348
"1879",-13.7039285714533
"91947",-13.7096853138161
"8839",-13.7141154265145
"10890",-13.7151190291154
"54780",-13.7168171274777
"220323",-13.7189192535294
"11019",-13.7202462719157
"29919",-13.7209272665653
"10521",-13.7281963341631
"10928",-13.7343475013478
"65108",-13.7411640332518
"5412",-13.7417569949645
"9061",-13.7463357399287
"5906",-13.747442303123
"29760",-13.7506146088849
"129446",-13.7522253306211
"29882",-13.7704813046323
"84447",-13.7708429859022
"65264",-13.7729931754809
"9343",-13.77477203684
"10170",-13.7750833925831
"23242",-13.7851062314645
"55614",-13.7864567441125
"6018",-13.7877468579153
"22827",-13.7882274874356
"157567",-13.7916705306474
"2006",-13.7922077606843
"9470",-13.7944406122506
"375449",-13.7966365383674
"138151",-13.7983226440356
"9728",-13.806471331928
"23399",-13.8126467546612
"9736",-13.8189373787233
"822",-13.8307667395094
"414328",-13.8343845151238
"84749",-13.8356740935827
"79142",-13.8363093369028
"2014",-13.8411290395155
"11136",-13.8497964005638
"25809",-13.8610808068879
"25904",-13.8717857963346
"57578",-13.8835480964965
"51699",-13.892104657997
"64598",-13.8957886538398
"1730",-13.8967704207951
"8454",-13.8973621924241
"6888",-13.8982104318323
"10814",-13.9013886356925
"10113",-13.9086425319446
"9644",-13.9115446038724
"6881",-13.914295734327
"116984",-13.9264753738268
"27077",-13.9308270011759
"79137",-13.936770661982
"80789",-13.9370852688445
"10736",-13.9399130589143
"63027",-13.941792611199
"8878",-13.9489462814119
"10268",-13.9496636690635
"3398",-13.9515071489979
"23588",-13.9682776291747
"7184",-13.9738044704429
"26064",-13.9826597353347
"117143",-13.9950047617794
"141",-14.000750852781
"7923",-14.004132107587
"6342",-14.008697095084
"347088",-14.0150688829357
"3094",-14.0153568692979
"144983",-14.0158439785009
"388564",-14.0220364208051
"7789",-14.0317425259495
"89",-14.0452869688149
"9382",-14.0566774359833
"7879",-14.0582898185955
"11145",-14.0596971626568
"388284",-14.0599555570031
"55273",-14.0777346262073
"58472",-14.0910474664008
"5243",-14.0915461893261
"4035",-14.1015868315198
"124930",-14.1023001377789
"11259",-14.1077453311209
"126393",-14.1275727131583
"84300",-14.1427605241597
"1455",-14.1497265601815
"123",-14.1502197649627
"5494",-14.1504730663737
"10489",-14.15148528157
"54812",-14.1553418766095
"50807",-14.1785841232845
"10109",-14.1849639305592
"27000",-14.1887656377199
"84630",-14.2033686514503
"7317",-14.2093501529661
"4898",-14.2128803834267
"171177",-14.217049867886
"222663",-14.2216476728213
"1735",-14.2698895171777
"11060",-14.2723711348723
"1010",-14.2729553276142
"7799",-14.27585312748
"178",-14.2837029617605
"4122",-14.2870132229242
"9002",-14.2874987455468
"6643",-14.2879984705523
"10061",-14.2914568816573
"23545",-14.2947602196281
"29956",-14.2985799045476
"79971",-14.3163974730152
"4791",-14.3230316484548
"9957",-14.3263518326458
"6416",-14.3301689559414
"10370",-14.3364869388218
"10121",-14.346214703016
"3234",-14.3490297824016
"7979",-14.3543966853975
"81929",-14.3557494206657
"79822",-14.3820960771484
"8676",-14.3903996864359
"537",-14.3989947224496
"55207",-14.4096202425029
"55818",-14.414313654711
"81609",-14.4196736394588
"53918",-14.4253568018064
"55742",-14.4287531451356
"65250",-14.4354221662496
"492",-14.4392580859856
"83478",-14.4429989928028
"8436",-14.4458450923739
"138199",-14.4558859880357
"9611",-14.463058407766
"84661",-14.46656090454
"54800",-14.4779779265019
"81533",-14.4786954927326
"6659",-14.4821536484549
"10411",-14.4886635558846
"25897",-14.4906779417194
"9354",-14.4938731833136
"11009",-14.5031013673214
"196883",-14.5095115723592
"51110",-14.5163411215909
"817",-14.5315089393694
"81622",-14.535407182859
"22878",-14.5385977841312
"64094",-14.5642380264042
"23548",-14.6022050503969
"3659",-14.6028804503887
"347273",-14.6071314357023
"283337",-14.6077252658145
"23151",-14.6182685019663
"79643",-14.6213031275825
"10658",-14.6353628462938
"4780",-14.6519483826621
"2740",-14.6828110151497
"22908",-14.6892198007188
"56943",-14.6937047695524
"9166",-14.71296602226
"2011",-14.7160702972238
"26578",-14.7203373128059
"7716",-14.7266407114461
"154743",-14.7308832444645
"219539",-14.7334403615822
"3759",-14.7380586301252
"64693",-14.7445118826712
"81565",-14.7651536723676
"55831",-14.7748475146767
"2185",-14.7774987232642
"343702",-14.7870884833475
"389898",-14.7927141079233
"8788",-14.8125125931367
"201475",-14.8441872183404
"23019",-14.8490102986009
"29984",-14.8529705165993
"387640",-14.8556795986404
"57396",-14.8601443504883
"56944",-14.8794536506601
"57573",-14.8883571036528
"79018",-14.8901903292158
"29781",-14.8990268889128
"54926",-14.9072456453811
"80086",-14.9222586605083
"1176",-14.9233375894412
"56063",-14.9269326248019
"10478",-14.9424604502166
"405",-14.9461868491075
"440093",-14.9490607485347
"8331",-14.9520441871594
"4086",-14.968148715471
"152518",-14.9699188465509
"9770",-14.9750547653682
"427",-14.9848579168028
"324",-14.9933265592441
"1363",-14.9941396676462
"89910",-15.031035505782
"1901",-15.0337805250802
"3891",-15.036584280387
"57579",-15.0575769149086
"151742",-15.0649219262281
"56963",-15.0650918139189
"6345",-15.0730187275128
"81608",-15.0875014739324
"221692",-15.0963456627202
"55049",-15.099216889866
"3073",-15.1029436777415
"28998",-15.1038438723619
"5635",-15.1237570440037
"7322",-15.1330537729749
"7855",-15.1486526971733
"56181",-15.1669086335762
"23317",-15.1677911711695
"767558",-15.1704578353441
"27236",-15.1726895132845
"57210",-15.1816991811577
"2959",-15.1864857622764
"830",-15.1887824941479
"10581",-15.1917106841997
"221424",-15.209582718804
"5253",-15.2124962746828
"9802",-15.2212198686036
"9844",-15.2372929376715
"10043",-15.2391654795562
"23313",-15.2488646349679
"7804",-15.2535623457227
"1740",-15.2584911253874
"2817",-15.2732139712157
"2197",-15.2804308318633
"55062",-15.2806375970807
"9364",-15.2857038789065
"9715",-15.311776303881
"80155",-15.3376069663208
"51503",-15.343319227029
"956",-15.3496750683486
"8560",-15.3552034882539
"6913",-15.3604199020925
"10938",-15.3677986507994
"10499",-15.3752312544196
"79960",-15.3753637100565
"83696",-15.4153562839292
"573",-15.4213185923839
"91977",-15.4424345622918
"786",-15.4449096808027
"51429",-15.4473456454758
"1819",-15.4490922543759
"23753",-15.4586576334988
"81704",-15.4597633720031
"5791",-15.4689304628544
"51226",-15.4701457096604
"10868",-15.4723077144352
"11184",-15.4792714772993
"1893",-15.4847892520606
"80270",-15.4864984787366
"4335",-15.4949010027187
"55611",-15.5039842177506
"64854",-15.5137182881415
"4175",-15.5162009004763
"11342",-15.5282753698187
"3646",-15.5301695899107
"10420",-15.5438643370143
"27229",-15.5461969760625
"26355",-15.5558097199
"1838",-15.5560625033252
"5900",-15.5654614505632
"84928",-15.5740720266222
"9524",-15.5747982739402
"344167",-15.5784462021385
"4318",-15.5799908939832
"3429",-15.5855433288771
"4313",-15.586419682731
"55",-15.5922057654946
"26575",-15.5931922168063
"27005",-15.5973271003468
"64093",-15.5987573483912
"57035",-15.6107314719107
"11117",-15.6130689089319
"6494",-15.6174365264871
"55175",-15.6455334100802
"5743",-15.6501779163672
"8491",-15.6508202759112
"5166",-15.6845189964374
"29097",-15.7043933158422
"10092",-15.7112201541667
"26137",-15.7242435749434
"9695",-15.7299082441942
"7431",-15.7436263943091
"57692",-15.7497767549495
"23135",-15.7607096203017
"84933",-15.7678611382919
"157769",-15.7720144410231
"124997",-15.7729746294781
"10120",-15.8102420565089
"339287",-15.8139941197325
"23078",-15.8141222334303
"50617",-15.8169377170065
"128240",-15.8305220756466
"9710",-15.8613871106934
"9911",-15.871528426345
"80019",-15.8784360172569
"4881",-15.8868205613256
"6938",-15.8881513519306
"84102",-15.9035593295498
"2730",-15.9048257590673
"1102",-15.9145139075549
"375757",-15.9206179806044
"8642",-15.9206731764217
"79033",-15.9265504644439
"123041",-15.9343567283606
"129285",-15.948362933693
"6657",-15.9498315468284
"85449",-15.9514760444392
"57555",-15.9541531139821
"1059",-15.9586422509171
"54922",-15.9590477797719
"6311",-15.9632469239328
"10336",-15.9762158399235
"4063",-15.9796317391209
"6496",-15.9931248195918
"84188",-15.9964133079077
"22872",-16.0066227220599
"6810",-16.0131747539422
"54497",-16.0149928560192
"55737",-16.0380281206535
"80853",-16.0381995241254
"58497",-16.0428418201976
"7405",-16.0508333597155
"1601",-16.0616699310605
"28952",-16.0767690416432
"9670",-16.0807520452187
"27352",-16.0874082808957
"7483",-16.091148180339
"9532",-16.0941885468924
"8338",-16.1095184836149
"9898",-16.1294470450208
"201191",-16.1295828292055
"4303",-16.1314541500502
"10367",-16.1375322389727
"7108",-16.1580856440492
"27443",-16.1629074351846
"161",-16.1806819397969
"1615",-16.1876333555634
"79745",-16.1983091749467
"56947",-16.2175391635984
"2548",-16.2500513267155
"1280",-16.263414298658
"91526",-16.2647028300694
"10263",-16.2755216126021
"10725",-16.2927999873632
"56172",-16.2940806959735
"50626",-16.3012578186821
"57419",-16.3189447168761
"535",-16.3236773296817
"6004",-16.3290691510589
"7008",-16.3498639656474
"116835",-16.3636160123179
"6483",-16.3648655482141
"5921",-16.3692095045993
"84937",-16.3789179459505
"51082",-16.3821881028611
"5694",-16.4018180401239
"5935",-16.4117892126926
"1184",-16.4139880355653
"9314",-16.4243019469137
"90390",-16.4396158169829
"8572",-16.4421647464117
"5717",-16.4500883575935
"116535",-16.4714261183001
"26986",-16.4741069510305
"23774",-16.4819707716924
"8639",-16.5000207472983
"5777",-16.5010407511596
"84779",-16.5014936208604
"7059",-16.5056632952954
"11252",-16.5105830978164
"79071",-16.5243610577135
"90019",-16.539682769029
"4899",-16.5412759408623
"2665",-16.5447706748797
"23001",-16.5452259916115
"7786",-16.5716458211509
"4700",-16.5830071873376
"6721",-16.5924762654524
"51024",-16.5927101481689
"307",-16.5975795537356
"2675",-16.6060503647333
"9601",-16.6087382036249
"6774",-16.6218113659547
"5917",-16.6675880368073
"3134",-16.6786948080513
"28956",-16.679177149069
"56474",-16.6803465301008
"146212",-16.6938725708164
"1528",-16.7363065785147
"8576",-16.739546328813
"218",-16.7442960207945
"1024",-16.7628806087081
"3718",-16.7894396611883
"387509",-16.7902632793587
"23371",-16.798833168753
"175",-16.8067771415843
"253260",-16.8273142858332
"6934",-16.8317419602034
"150290",-16.8422616022346
"389558",-16.8751275651634
"4149",-16.8899237233329
"401",-16.8983548327349
"10987",-16.9043429792618
"5463",-16.9061636473681
"51320",-16.908925582809
"171389",-16.9118605653356
"7320",-16.9281478985531
"9039",-16.9311564732682
"55585",-16.9375526640375
"140690",-16.9463693480168
"1020",-16.9509644066754
"81857",-16.9589415503341
"50",-16.9635624510248
"8664",-16.9724105655519
"4013",-16.9827138917192
"91010",-16.983404057033
"55958",-16.9835117256473
"445582",-16.9919597636063
"6451",-17.0026088253247
"7782",-17.0037091510614
"22809",-17.0233963369192
"51",-17.0253597515702
"9445",-17.0570931148048
"84259",-17.059662690605
"51100",-17.0751768368971
"8577",-17.0762026044208
"9352",-17.0780701452087
"4943",-17.079078535184
"1195",-17.0844044477709
"728635",-17.0885190539242
"5519",-17.0887019724188
"23167",-17.0946771172983
"8036",-17.122155858204
"5526",-17.1320056292807
"11188",-17.1471609914614
"56134",-17.1505279449718
"5701",-17.1514769327997
"3267",-17.1603411962155
"885",-17.1617224258342
"51333",-17.1661288916559
"4598",-17.1712778324532
"494115",-17.1767107570694
"5562",-17.1785799149053
"6942",-17.1847116359327
"6281",-17.1964180704806
"1398",-17.2140860374536
"23464",-17.2258462415805
"8402",-17.2608823916834
"26959",-17.264876060781
"8315",-17.2659030051046
"23240",-17.2692880859013
"2934",-17.284772469268
"678",-17.2880509229043
"9766",-17.2997156946692
"23414",-17.3017562929844
"26037",-17.3034479341775
"80232",-17.3201448520476
"64978",-17.3303204036863
"6601",-17.3306036149128
"2584",-17.3465149505236
"5689",-17.3467595474885
"21",-17.3608429130454
"2585",-17.3659732906864
"23096",-17.3706148874982
"6776",-17.374241702065
"196743",-17.3982940263823
"29937",-17.4126835170135
"65989",-17.4193010112981
"56654",-17.4217139300268
"55031",-17.4273521185727
"5862",-17.4560254992749
"6277",-17.4605416757629
"150",-17.489685074746
"729747",-17.4941301843052
"26958",-17.4948534044043
"9865",-17.4968966718248
"2099",-17.5377751446376
"8678",-17.5403197817135
"2035",-17.5542940486651
"6993",-17.5588208475215
"715",-17.5753608279298
"10140",-17.5929042208385
"4836",-17.5932878198784
"4790",-17.6000580744321
"7050",-17.6008833039036
"2648",-17.6119603408162
"25831",-17.6120565190115
"3093",-17.6517347236805
"80124",-17.6797827776615
"54540",-17.683296798152
"199870",-17.6882489699964
"128077",-17.7136608057846
"50650",-17.7173428057073
"538",-17.7216975263808
"4920",-17.725494893968
"26511",-17.7369095389308
"54103",-17.7382889913967
"285527",-17.7550052277886
"5037",-17.761924283076
"9978",-17.7654635465337
"10749",-17.7761543167846
"10579",-17.7831432710541
"115426",-17.7849032533945
"56478",-17.8039582754755
"38",-17.8288012229274
"54857",-17.8641086287538
"9051",-17.8740599067761
"284611",-17.8756543912576
"5931",-17.8946660853161
"8324",-17.9214249466026
"222950",-17.9282269024349
"25898",-17.9336258957442
"80318",-17.9579771717058
"10903",-17.9990330507969
"25836",-18.0104248798569
"112574",-18.0294184502413
"6873",-18.0374263275217
"1386",-18.0409049533346
"7178",-18.0604247457331
"55529",-18.0731439419952
"25814",-18.0784314594039
"5077",-18.0789156761377
"84861",-18.0888221190519
"23210",-18.0920849540624
"900",-18.0939223979856
"6236",-18.0966748183983
"404672",-18.1204224735518
"8460",-18.1232642536425
"7273",-18.1261256942534
"473",-18.1275030240849
"498",-18.1486179750528
"204801",-18.1555359039215
"54828",-18.1668463754739
"130507",-18.1775656301665
"5052",-18.18325967297
"26097",-18.1873797820441
"167153",-18.1897511911208
"51027",-18.1901553785434
"10039",-18.2196387955925
"54877",-18.2308473598033
"84961",-18.2401237632239
"377677",-18.262772443445
"23530",-18.2822123702087
"201895",-18.2840251066807
"9896",-18.2899117175345
"84162",-18.2908752672285
"171024",-18.2970850678358
"533",-18.3077607432449
"221823",-18.315539995112
"2308",-18.3181635301016
"6812",-18.3236815349491
"5255",-18.3248250113737
"10014",-18.3299609237206
"3645",-18.3403655929037
"160760",-18.3460163699249
"376497",-18.3563824948659
"51380",-18.4076156443389
"10382",-18.4137177877688
"5910",-18.4222886287013
"58498",-18.4395835851538
"51714",-18.4668298128024
"84727",-18.4668613544373
"10126",-18.4669882213358
"3604",-18.4735404035347
"5747",-18.4763995639834
"56886",-18.4879811517675
"5141",-18.5331295894595
"6714",-18.5409526734729
"51104",-18.5820538362208
"1942",-18.5902346461724
"153572",-18.5911447787204
"9968",-18.5915807153394
"225",-18.6055647946054
"50814",-18.60710335733
"7227",-18.608860875406
"84833",-18.6209926077481
"54206",-18.6296973073898
"51399",-18.648281184363
"143244",-18.6497433796289
"8611",-18.6615639659463
"5295",-18.6717409676397
"7358",-18.6949263629361
"4319",-18.7232707540818
"3226",-18.7250245430596
"26523",-18.728798541199
"8630",-18.7319318868571
"143686",-18.7340706222038
"2517",-18.7421215324459
"79009",-18.7590417505468
"112",-18.7657361094062
"3098",-18.7738142788475
"7043",-18.7914833769115
"7984",-18.8703761174976
"53354",-18.9040477937218
"51606",-18.908802921913
"9741",-18.9134844791439
"1080",-18.9146427243299
"10670",-18.9153308905859
"51123",-18.9167611054874
"55299",-18.9388447192719
"9131",-18.9428322804196
"6430",-18.9487949762695
"80221",-18.9985175587168
"9215",-19.0100131989207
"27146",-19.0187052781159
"51260",-19.0417845406728
"10628",-19.0580519661992
"388135",-19.0630478151828
"9759",-19.0799737329397
"23480",-19.1290800240403
"54502",-19.1297656910876
"89765",-19.1307478621067
"80146",-19.146522637687
"83862",-19.1648345019375
"528",-19.2265042502009
"51147",-19.2268323110439
"132",-19.2311455479635
"2235",-19.2405550973207
"20",-19.2735910416441
"10265",-19.2758927078268
"56171",-19.2884770224523
"113451",-19.3032457821724
"79883",-19.3055129930871
"466",-19.3223822966875
"9403",-19.3284644721636
"92521",-19.3294525244252
"10873",-19.3723249023367
"10048",-19.3744834783269
"22931",-19.4491980317915
"10565",-19.4503711614128
"55277",-19.4513810178413
"150209",-19.5148276418379
"518",-19.5187003445645
"5017",-19.5270073779182
"509",-19.5324036396906
"6872",-19.589815723198
"84954",-19.6029625202105
"140711",-19.6048139152171
"26133",-19.6099438548663
"6156",-19.6118396809787
"51043",-19.6239732016737
"22933",-19.6322018274468
"81567",-19.6447988729432
"3985",-19.6727266849346
"400499",-19.6729115528646
"57175",-19.7316295967593
"26272",-19.7364243065721
"10458",-19.752797684615
"25829",-19.7602999945606
"65985",-19.7770705259132
"92906",-19.817220844294
"343990",-19.8194928791439
"23095",-19.8265772531489
"5269",-19.8277650898955
"55100",-19.8468982866828
"10869",-19.8501375712716
"149041",-19.8672760249307
"5686",-19.878781122201
"8395",-19.8819153946955
"4154",-19.8884863336033
"5236",-19.8917370302592
"978",-19.8945122812495
"79805",-19.8998950862516
"57448",-19.91430677056
"116988",-19.9203104559972
"65065",-19.9232491802638
"347688",-19.9256704084329
"4481",-19.9403330712807
"55160",-19.9696489121301
"642658",-19.9892256560017
"8932",-19.9981409727807
"25828",-20.0108038525141
"56950",-20.014029813872
"4814",-20.0198089688877
"84976",-20.0507306945809
"8329",-20.053423120891
"2070",-20.0974449207671
"9520",-20.1172515963461
"9276",-20.1386165970005
"116039",-20.163679271792
"50515",-20.2120273058313
"55219",-20.2232321405204
"729438",-20.2604560766448
"2870",-20.2674008634875
"23635",-20.2743465541927
"64744",-20.3035984490739
"23220",-20.3181509963296
"5501",-20.3211969382573
"381",-20.3446437387839
"10138",-20.3767888344052
"254863",-20.3841217865233
"140801",-20.3958806318685
"3008",-20.4404856950946
"22941",-20.4533272857459
"286077",-20.4690620550902
"79139",-20.4806047222416
"83892",-20.4828439472317
"9706",-20.5008784509899
"1435",-20.5414986299868
"3882",-20.5736236100628
"10188",-20.573700846227
"30850",-20.6012757665331
"10424",-20.6481837238003
"3227",-20.652903164829
"3717",-20.655331474983
"4355",-20.6614807600176
"1314",-20.6797223086396
"5709",-20.6913827921564
"158471",-20.7121606838545
"5833",-20.7325844819738
"134359",-20.7329849606837
"26873",-20.7335946494244
"10912",-20.7457647243781
"5290",-20.7583653645184
"51678",-20.7723937861571
"139818",-20.7750194545878
"3710",-20.7837073113632
"84525",-20.8516707426754
"23284",-20.8765478326769
"10539",-20.8851131006441
"26230",-20.9038680243609
"4891",-20.9348991823985
"9778",-20.9488065517562
"10277",-20.9566958399802
"653781",-20.9627322425099
"2140",-20.9783847380018
"29103",-21.006963970458
"9110",-21.0540713644655
"3956",-21.102465043063
"9536",-21.1125293315317
"1656",-21.1210081512552
"2110",-21.138019235312
"55667",-21.1449819077216
"3142",-21.1576217718669
"55793",-21.1685440350554
"64121",-21.1859793184955
"51299",-21.1906924163227
"51366",-21.1909681752803
"3127",-21.1912997954849
"4644",-21.2125188614173
"130132",-21.2840502209116
"3417",-21.3068110508657
"122011",-21.317594035713
"83719",-21.3193306635251
"23331",-21.3527816481854
"4199",-21.3952821116986
"136227",-21.4194473344379
"14",-21.4559432809103
"57209",-21.4602770230479
"149345",-21.4674928365121
"119391",-21.4743630333581
"7480",-21.4799993768947
"55362",-21.4891953663713
"9049",-21.4909417376892
"22824",-21.5232100940706
"4763",-21.5295489167689
"51450",-21.5643122480866
"1759",-21.5699092762796
"81846",-21.5941969229987
"51706",-21.6019557778429
"2033",-21.6197765144179
"246175",-21.6364831932691
"47",-21.6437156576457
"284161",-21.6451113580643
"9901",-21.658010570059
"58489",-21.6682687900964
"1998",-21.6875482609026
"55902",-21.6972425199748
"124402",-21.6987851391195
"1356",-21.7073010157564
"11236",-21.7767645235494
"55194",-21.8010943803664
"22983",-21.8074595266241
"55833",-21.8715315889621
"51138",-21.8787832073973
"4775",-21.9065361580122
"57134",-21.9084445211502
"272",-21.9128764608666
"162466",-21.9331534731491
"8626",-21.9431130253772
"22992",-21.9520474172902
"5098",-21.9602395686518
"79705",-21.9741889584371
"253559",-21.9774966258976
"284",-21.987242098116
"928",-22.0090059911873
"29978",-22.0147323141953
"4647",-22.0178060306388
"6259",-22.0566654881939
"55823",-22.0977232322271
"54510",-22.1112649799557
"143903",-22.1546360806489
"2181",-22.1988427943486
"25946",-22.2001400567023
"3157",-22.2230414934327
"9282",-22.2419728930529
"54933",-22.2790512576223
"443",-22.2821440994057
"10294",-22.3286646507938
"4542",-22.380831250992
"3185",-22.3814987764047
"83716",-22.3838870337196
"440567",-22.4010389655539
"4643",-22.413665312345
"26033",-22.4178229162367
"54874",-22.4292990841482
"133686",-22.4322853836855
"10397",-22.4605001257319
"10327",-22.4914511903068
"2628",-22.4943691789467
"8239",-22.5129878187958
"84696",-22.5625457672549
"146754",-22.5693281636196
"7511",-22.5709820413516
"832",-22.5727689502404
"2296",-22.5740533611005
"23136",-22.5927379217
"147700",-22.5927757514442
"54498",-22.5929618448517
"57472",-22.607483816431
"1757",-22.623955112306
"2036",-22.6261806648716
"6764",-22.6308501468516
"10237",-22.6389782934784
"4501",-22.6440952818151
"152503",-22.6529430714258
"204851",-22.6881178753087
"121536",-22.6963308996207
"10273",-22.8255181159725
"8723",-22.8492752477681
"56999",-22.849556708676
"51493",-22.884318046394
"3416",-22.8905650528852
"58515",-22.9271369076922
"55004",-22.94442727196
"729830",-22.9505008690669
"22920",-22.9678880820183
"8405",-22.9693911943327
"1174",-22.9909196208937
"6387",-23.0000413076975
"5691",-23.0182636651648
"746",-23.0400253341737
"445577",-23.0544670709819
"388650",-23.0792799456628
"5151",-23.0943672756366
"92370",-23.1216594648224
"283248",-23.1861419597818
"51368",-23.2314378133759
"7415",-23.2347561443883
"223",-23.2401354692212
"6788",-23.2586653559625
"79570",-23.2953302406101
"6713",-23.3235445161449
"116931",-23.391467479879
"5321",-23.3970990706058
"9294",-23.4020227755935
"129831",-23.4163951055833
"2747",-23.4243725891371
"58190",-23.4381896906511
"260425",-23.4707699997503
"4720",-23.4947347244024
"26057",-23.5018516402117
"27161",-23.505736306349
"35",-23.5412910539713
"5144",-23.5703790377272
"5160",-23.6089581609191
"26058",-23.6384347531393
"283106",-23.639046146753
"144110",-23.6615948764925
"344838",-23.6900090118969
"5593",-23.6904317463427
"9507",-23.7365386494159
"127829",-23.753184428766
"84439",-23.7877092257102
"9373",-23.8201632032318
"138474",-23.8331321105932
"5165",-23.8475049071543
"23512",-23.8483628409436
"112770",-23.8597232760165
"2949",-23.8672276764769
"9512",-23.9101749602168
"1213",-23.9197692534202
"283446",-23.9366295636416
"55959",-24.0492506377468
"9320",-24.1133877892679
"716",-24.139180282012
"650",-24.1599892434553
"221981",-24.1757968094945
"10768",-24.1775705495548
"2277",-24.1968601395196
"8673",-24.1976548485225
"29945",-24.3011755989474
"9367",-24.3448588351861
"5530",-24.3721902947498
"91689",-24.3965587247932
"5731",-24.4010114576256
"2762",-24.4419109309397
"8927",-24.4459335209161
"1130",-24.4786901477164
"196500",-24.4892770590871
"91373",-24.5036856875626
"9149",-24.5114527969664
"100996492",-24.5218744974718
"5230",-24.545411907613
"27345",-24.5689364136933
"267",-24.5755491720855
"2081",-24.5810781547361
"23258",-24.5953554086741
"11000",-24.6259227131266
"107986084",-24.6413460353357
"56957",-24.6711758874525
"5707",-24.6968919658864
"1499",-24.7004879999415
"57016",-24.7062913334515
"54805",-24.7064602266534
"727936",-24.722330754708
"100463482",-24.7342946825541
"58155",-24.747898615865
"641700",-24.7684472948832
"23228",-24.7928009713847
"4781",-24.8036011221319
"5515",-24.8058532332747
"57060",-24.8184358839391
"23767",-24.8215136307075
"7813",-24.8245701879498
"6615",-24.8397736957146
"6493",-24.8648601188439
"6405",-24.8716991383182
"23112",-24.9004671863766
"1600",-24.9293261973575
"129804",-24.9320791638306
"5413",-24.9427922523617
"55851",-24.9737622239395
"8459",-24.9930114882991
"8398",-25.0376545305952
"5306",-25.049006731956
"84975",-25.0578133477239
"129303",-25.0984796682607
"9513",-25.2304045563256
"79668",-25.2476320494102
"9528",-25.3766937074915
"5973",-25.4167536539213
"57658",-25.4903591863017
"10745",-25.5153867627694
"9694",-25.5646548203336
"775",-25.5728681920113
"51005",-25.5815958166452
"8861",-25.6639663681263
"85369",-25.6735113617796
"54558",-25.6920448208494
"10656",-25.6926907741783
"117581",-25.7332366707393
"3135",-25.7810925306243
"403",-25.8062628183277
"1365",-25.8500414137809
"4040",-25.9106548732483
"9173",-25.912926551716
"23648",-25.91827652238
"56995",-25.9397762123612
"5662",-26.0436064919657
"84897",-26.0800834314085
"84270",-26.1905803581915
"827",-26.2102821415323
"10095",-26.2945254490462
"80351",-26.301440540353
"6302",-26.3625574902737
"10919",-26.3777881731064
"8850",-26.3927826070078
"3182",-26.3966570414885
"10632",-26.403158702211
"7107",-26.5425009076628
"6925",-26.6429718553456
"285643",-26.6747488190683
"4969",-26.7961757233476
"80326",-26.8010416399595
"64326",-26.8811391589487
"84062",-26.9092248877984
"60370",-26.9534699628743
"4300",-26.9607634001041
"6535",-26.9693036666339
"148418",-27.11572498261
"23549",-27.1520516765046
"79993",-27.2410498051033
"2690",-27.2976102583393
"8536",-27.2977721195921
"11337",-27.3403925206765
"23761",-27.4124803207771
"389840",-27.4227453859969
"2026",-27.4293770090327
"5742",-27.4377340560261
"26088",-27.4828059156946
"127544",-27.5558640658438
"27166",-27.5663597475161
"9921",-27.8073630234199
"3695",-27.8409823843449
"4715",-27.8897534243366
"5728",-28.2660082982038
"8663",-28.2926527725573
"55220",-28.391012654145
"7412",-28.4880553316276
"2263",-28.4990017409482
"22849",-28.6246806772514
"158219",-28.6736414667291
"64747",-28.8204615276396
"7067",-28.8540434844658
"80895",-28.9202091039531
"9423",-28.9311442391987
"5091",-28.9381356910089
"100463488",-28.9459155637111
"9063",-29.1210688496022
"4601",-29.178661814724
"10451",-29.2071988912662
"79004",-29.2088988709545
"50937",-29.3059111354673
"4052",-29.3696773485462
"33",-29.566525432312
"23053",-29.590109921791
"23179",-29.6111285464443
"23452",-29.6622303500769
"11221",-29.6843316893208
"5525",-29.9832544127895
"55605",-30.1321086163664
"7001",-30.1423753059152
"7291",-30.2093067760776
"8653",-30.2929383788206
"4856",-30.4392647793324
"2049",-30.6407734953536
"150864",-30.6567899724861
"196528",-30.6732192621072
"5595",-30.7373746054643
"94015",-30.7389262533886
"1605",-30.7691109551121
"342667",-30.8342045999138
"3625",-30.8625333773851
"230",-30.9147761637655
"23196",-30.9203912316906
"3516",-30.9305842021336
"5916",-30.9587671129948
"3638",-31.0440523399157
"2167",-31.2229772740889
"54507",-31.2701656358562
"5499",-31.5238451496864
"1522",-31.5648396920928
"8667",-31.6554784163924
"64097",-31.9411239063869
"8828",-32.0423415582439
"285175",-32.0850580585709
"23387",-32.1914657327922
"4128",-32.2620342039428
"4248",-32.3712283751846
"5156",-32.3720884223124
"219654",-32.3890616006144
"54757",-32.5571585801327
"64129",-32.5589166672063
"80194",-32.6608302728407
"59342",-32.8167258115182
"51092",-32.9000182551715
"5042",-33.1943298634611
"201266",-33.1981089360791
"64083",-33.2257914749985
"57731",-33.4885069497167
"8997",-33.524543827875
"7373",-33.5286926753716
"10612",-33.593543607571
"90441",-33.870283211805
"374868",-33.9820216381026
"718",-34.0393399518145
"4322",-34.1981741929969
"79658",-34.4404837050843
"79192",-34.5944766669625
"404785",-34.6492429045579
"1410",-35.0231283061272
"5140",-35.0829373477136
"3708",-35.1043360503157
"2907",-35.1186832811599
"57526",-35.1760250148493
"79734",-35.4379058636028
"120892",-35.4568906450245
"261729",-35.6936350808601
"54463",-35.8316532168963
"30008",-35.855368961943
"55652",-36.0753645408328
"57642",-36.0765041563714
"5168",-36.4504639330081
"728689",-36.7064311987618
"784",-36.7260086899711
"54708",-36.8637253906034
"54934",-37.1539456057035
"3082",-37.4046908881782
"83481",-37.8275013836102
"5019",-37.9770361808972
"523",-38.1010281410534
"5648",-38.4150390767182
"4734",-38.6950028227295
"255308",-39.6085249712319
"5577",-39.6907952949516
"694",-39.9785665395146
"5176",-41.5143110433734
"2052",-41.8462786285079
"3310",-42.522353264953
"7049",-42.6997939779654
"27065",-43.1738152623907
"6696",-43.3308819008668
"1642",-43.995800567719
"9353",-44.1951846107804
"2027",-45.1292772490965
"9897",-45.4155613161996
"217",-46.2950010651554
"2619",-46.4086754618528
"10312",-46.4722533724222
"3305",-46.712891484447
"2138",-46.8475164416236
"2252",-47.5705311256575
"9252",-49.2627080933842
"5118",-50.3402918558608
"85440",-50.491918354399
"291",-50.685437091624
"55074",-50.6908519994412
"10493",-50.8386212734307
"4354",-51.5686351416781
"728378",-52.8444331671904
"947",-53.2540509437735
"92815",-53.7260724807868
"7498",-54.4829351478106
"653269",-55.1857224379005
"7277",-57.9909761522815
"4311",-58.0348024906955
"8786",-58.3562552843377
"58",-59.2999555030718
"4629",-60.1364751416738
"59",-61.4524042035935
"NA",-71.9127918315574
"6275",-82.4797588029244
