"ID","Description","setSize","enrichmentScore","NES","pvalue","p.adjust","qvalue","rank","leading_edge","core_enrichment","log2err"
"R-HSA-5607764","CLEC7A (Dectin-1) signaling",85,-0.588559812241293,-2.52953301161959,1e-10,1.28545454545455e-08,6.97641466071581e-09,2791,"tags=48%, list=18%, signal=40%","84433/5687/23118/5704/9040/5971/7334/801/4792/5532/1147/5690/10213/5719/5685/4772/5684/5580/5718/11047/7321/8454/7979/4791/7322/5694/5717/9039/5689/5701/4790/6714/5686/5709/3710/4775/5691/10768/5530/5707/3708",NA
"R-HSA-5419276","Mitochondrial translation termination",101,0.617307701788044,2.52632393264952,1e-10,1.28545454545455e-08,6.97641466071581e-09,2811,"tags=46%, list=18%, signal=38%","4514/4513/4538/4508/4512/4539/4535/4519/4540/5018/11222/64969/7818/4537/23107/55173/90480/60488/51253/55037/64975/128308/51318/9553/4536/740/65003/64963/6150/65080/54998/64983/79590/26284/57129/4509/26589/10573/6182/51021/78988/51264/54516/64968/51263/64979",NA
"R-HSA-5621481","C-type lectin receptors (CLRs)",117,-0.546699398741051,-2.49517872794762,1e-10,1.28545454545455e-08,6.97641466071581e-09,2791,"tags=44%, list=18%, signal=37%","84433/5687/23118/5704/9040/5971/7334/801/4792/5532/94025/30835/1147/727897/56667/5690/4583/5568/10213/5719/5685/4772/5684/3265/5580/5718/2534/5058/11047/7321/8454/7979/4791/7322/5694/5717/9039/5689/5701/4790/6714/5686/5709/3710/2033/4775/5691/10768/5530/5707/3708/9252",NA
"R-HSA-5368287","Mitochondrial translation",112,0.599085744664283,2.47008230733654,1e-10,1.28545454545455e-08,6.97641466071581e-09,2811,"tags=44%, list=18%, signal=36%","4514/4513/4538/4508/4512/4539/4535/4519/4540/5018/11222/64969/7818/4537/23107/55173/90480/60488/51253/55037/64975/128308/51318/9553/4536/740/65003/64963/6150/65080/54998/64983/79590/26284/57129/4509/7284/26589/91574/10573/6182/51021/219402/78988/51264/54516/64968/51263/64979",NA
"R-HSA-156902","Peptide chain elongation",80,0.61989695351966,2.45149368956093,1e-10,1.28545454545455e-08,6.97641466071581e-09,2732,"tags=46%, list=18%, signal=38%","6187/6130/6128/6228/6146/3921/6159/6129/6171/116832/6133/6218/6231/6230/6136/6224/6144/1915/23521/6232/51121/6124/9045/6158/6189/6122/6233/6201/6170/6173/6235/6210/6204/6234/6205/6137/6141",NA
"R-HSA-156842","Eukaryotic Translation Elongation",83,0.623056293709147,2.4391254309571,1e-10,1.28545454545455e-08,6.97641466071581e-09,1907,"tags=41%, list=12%, signal=36%","6187/6130/6128/6228/6146/3921/6159/6129/6171/116832/6133/6218/6231/6230/6136/6224/1936/6144/1915/23521/6232/51121/6124/9045/6158/6189/6122/6233/6201/6170/6173/6235/1933/6210",NA
"R-HSA-72312","rRNA processing",190,0.521601879991379,2.31339488216928,1e-10,1.28545454545455e-08,6.97641466071581e-09,4146,"tags=48%, list=27%, signal=36%","6187/6130/6128/6228/6146/3921/6159/6129/6171/29960/116832/6133/51504/114049/6218/6231/6230/6136/6224/81554/25926/27341/54913/6144/51335/81875/23521/6232/79707/51121/6124/285367/9045/6158/55720/60528/6189/11102/26995/6122/9692/1736/6233/6201/6170/10813/22868/6173/6235/6210/88745/51077/26354/6204/55127/10200/28987/10438/84946/6234/55623/115939/55505/6205/92856/6137/6141/79050/9790/79922/9277/27042/6139/1454/6142/130916/10969/10528/55178/11056/51388/65083/6138/55226/6191/6194/9188/79159/22984/10799/10199",NA
"R-HSA-8868773","rRNA processing in the nucleus and cytosol",173,0.511494014907189,2.22900661600929,1e-10,1.28545454545455e-08,6.97641466071581e-09,4146,"tags=46%, list=27%, signal=34%","6187/6130/6128/6228/6146/3921/6159/6129/6171/116832/6133/51504/114049/6218/6231/6230/6136/6224/25926/27341/54913/6144/81875/23521/6232/79707/51121/6124/9045/6158/55720/6189/11102/6122/1736/6233/6201/6170/10813/6173/6235/6210/88745/51077/26354/6204/55127/10200/28987/10438/84946/6234/55623/115939/55505/6205/92856/6137/6141/79050/9790/9277/27042/6139/1454/6142/10969/10528/11056/51388/65083/6138/55226/6191/6194/9188/79159/22984/10799/10199",NA
"R-HSA-5673001","RAF/MAP kinase cascade",243,-0.43616208802384,-2.22626091043816,1e-10,1.28545454545455e-08,6.97641466071581e-09,2835,"tags=37%, list=18%, signal=30%","2249/3667/5604/8649/5687/2906/5778/5704/1847/801/1852/115727/5291/5786/673/3561/3716/2902/9986/3084/4254/5690/10213/818/5528/5719/5685/5684/3265/5518/1741/5718/8452/2255/1843/8831/2534/1439/5147/5159/2668/408/11047/2260/5906/7979/817/1740/5900/5694/5921/5717/28956/2675/3718/5689/8036/5526/5519/5701/8315/5037/9978/5747/6714/51104/5295/10048/5686/5709/5501/3717/5290/4763/58489/284/5691/5593/5707/5515/2263/23179/11221/5525/5595/5156/57731/3082/2252",NA
"R-HSA-5684996","MAPK1/MAPK3 signaling",249,-0.424947672236906,-2.21410948967097,1e-10,1.28545454545455e-08,6.97641466071581e-09,2835,"tags=36%, list=18%, signal=30%","2249/3667/5604/8649/5687/2906/5778/5704/1847/801/1852/115727/5291/5786/673/3561/3716/2902/9986/3084/4254/5690/10213/818/5528/5719/5685/5684/3265/5518/1741/5718/8452/2255/1843/8831/2534/1439/5147/5159/2668/408/11047/2260/5906/7979/817/1740/5900/5694/5921/5717/28956/2675/3718/5689/8036/5526/5519/5701/8315/5037/9978/5747/6714/51104/5295/10048/5686/5709/5501/3717/5290/4763/58489/284/5691/5593/5707/5515/2263/23179/11221/5525/5595/5156/57731/3082/2252",NA
"R-HSA-5683057","MAPK family signaling cascades",287,-0.397807799508159,-2.08894391378867,1e-10,1.28545454545455e-08,6.97641466071581e-09,2835,"tags=35%, list=18%, signal=29%","2249/998/3667/5604/8649/5687/2906/5778/5704/1847/4609/801/1852/115727/5291/5786/673/3561/3716/2902/9986/3084/4254/5690/5568/10213/818/5528/5719/5685/5684/3265/5518/1741/5718/8452/2255/27327/1843/8831/2534/5058/148170/1439/5147/5159/2668/408/11047/2260/5906/7979/817/1740/5900/5694/5921/5717/28956/2675/3718/5689/8036/5526/5519/5701/8315/5037/9978/5747/2308/6714/51104/26523/5295/10048/5686/5709/5501/3717/5290/4763/58489/284/5691/27161/5593/5707/23112/5515/2263/23179/11221/5525/5595/5156/57731/8997/3082/2252",NA
"R-HSA-192823","Viral mRNA Translation",80,0.610771098036477,2.4154038572076,1.75074999063703e-10,1.90427729750827e-08,1.03348874554777e-08,2732,"tags=45%, list=18%, signal=37%","6187/6130/6128/6228/6146/3921/6159/6129/6171/116832/6133/6218/6231/6230/6136/6224/6144/23521/6232/51121/6124/9045/6158/6189/6122/6233/6201/6170/6173/6235/6210/6204/6234/6205/6137/6141",0.826657301178302
"R-HSA-168255","Influenza Infection",146,0.521376793821176,2.23920535773643,1.71138695073821e-10,1.90427729750827e-08,1.03348874554777e-08,2271,"tags=33%, list=15%, signal=28%","6187/293/6130/6128/6228/10762/6146/3921/9883/6159/6129/6171/116832/142/6133/6218/55746/5610/6231/6230/7040/6136/6224/6144/3320/23636/23521/11097/6232/51121/6124/9045/6158/6189/348995/6122/3838/6233/6201/6170/6173/6235/6210/9636/6204/5439/23225/6234",0.826657301178302
"R-HSA-6791226","Major pathway of rRNA processing in the nucleolus and cytosol",163,0.507248282147338,2.20950723940807,1.99783231576503e-10,2.01781063892268e-08,1.09510552307789e-08,4146,"tags=45%, list=27%, signal=34%","6187/6130/6128/6228/6146/3921/6159/6129/6171/116832/6133/114049/6218/6231/6230/6136/6224/25926/27341/54913/6144/81875/23521/6232/79707/51121/6124/9045/6158/55720/6189/11102/6122/6233/6201/6170/10813/6173/6235/6210/88745/51077/26354/6204/55127/10200/28987/10438/84946/6234/6205/92856/6137/6141/79050/9790/9277/27042/6139/1454/6142/10969/10528/11056/51388/65083/6138/6191/6194/9188/79159/22984/10799/10199",0.826657301178302
"R-HSA-72764","Eukaryotic Translation Termination",84,0.601756062494884,2.39915967811218,2.32620381422047e-10,2.19283479553849e-08,1.19009457551165e-08,1907,"tags=38%, list=12%, signal=34%","6187/6130/6128/6228/6146/3921/6159/6129/6171/116832/6133/51504/6218/6231/6230/6136/6224/6144/23521/6232/51121/6124/9045/6158/6189/6122/6233/6201/6170/6173/6235/6210",0.826657301178302
"R-HSA-5663202","Diseases of signal transduction by growth factor receptors and second messengers",424,-0.347932048303078,-1.88016060612548,2.88847186041602e-10,2.55268700664266e-08,1.38539344859241e-08,2079,"tags=26%, list=13%, signal=23%","3084/4254/5690/102/6907/51107/4000/10213/818/5528/5719/5685/5684/3265/55294/57599/5518/6868/9444/27044/8496/5718/139285/2255/399687/2534/4627/613/4089/1051/6249/8546/5159/8841/2931/3164/5495/3726/3549/408/11047/2260/84447/9061/55914/5906/8454/8878/9611/7979/817/324/81608/7855/9715/22872/80853/5694/5717/4303/6774/1024/5777/253260/6934/5689/8036/5526/5519/5701/8315/2648/6776/2099/5037/9978/10014/2308/6714/26523/5295/9759/57448/5686/5709/5501/3717/5290/2033/4763/7415/5691/27161/1213/5707/5515/1499/55851/4040/80351/8850/5728/2263/11221/5525/7291/5595/3516/5156/3082/2252",0.814035837847908
"R-HSA-2408557","Selenocysteine synthesis",84,0.599167589732484,2.38883961676757,3.13977856190223e-10,2.61155699207633e-08,1.41734334763068e-08,2732,"tags=44%, list=18%, signal=37%","6187/6130/6128/6228/6146/3921/6159/6129/6171/116832/6133/6218/6231/6230/6136/6224/6144/23521/6232/51121/6124/9045/6158/6189/6122/79048/6233/6201/6170/6173/6235/6210/6204/6234/6205/6137/6141",0.814035837847908
"R-HSA-9954714","PELO:HBS1L and ABCE1 dissociate a ribosome on a non-stop mRNA",80,0.602831311044835,2.38400454544142,3.93950010493766e-10,2.83263179647308e-08,1.53732499240856e-08,2732,"tags=45%, list=18%, signal=37%","6187/6130/6128/6228/6146/3921/6159/6129/6171/116832/6133/6218/6231/6230/6136/6224/6144/23521/6232/51121/6124/9045/6158/6189/6122/6233/6201/6170/6173/6235/6210/6204/6234/6205/6137/6141",0.814035837847908
"R-HSA-2454202","Fc epsilon receptor (FCERI) signaling",115,-0.511223407211148,-2.33066355144331,4.00655133871723e-10,2.83263179647308e-08,1.53732499240856e-08,2791,"tags=40%, list=18%, signal=33%","84433/5602/5687/23118/5704/7334/801/115727/5291/4792/5532/1147/5690/10213/5719/5685/4772/5684/3265/5718/2534/5058/11047/7321/8454/6416/7979/7322/5694/5717/5689/5701/4790/5295/5686/5709/3710/5290/4775/5691/10768/5530/5707/10451/5595/3708",0.814035837847908
"R-HSA-168273","Influenza Viral RNA Transcription and Replication",126,0.539952754759458,2.25497746077011,3.87615553348336e-10,2.83263179647308e-08,1.53732499240856e-08,2732,"tags=37%, list=18%, signal=31%","6187/6130/6128/6228/10762/6146/3921/9883/6159/6129/6171/116832/142/6133/6218/55746/6231/6230/6136/6224/6144/3320/23636/23521/11097/6232/51121/6124/9045/6158/6189/348995/6122/6233/6201/6170/6173/6235/6210/6204/5439/23225/6234/57122/6205/6137/6141",0.814035837847908
"R-HSA-9006925","Intracellular signaling by second messengers",284,-0.380588284906204,-1.98621794178162,6.64363650372523e-10,4.47338191250832e-08,2.42779235312195e-08,2785,"tags=33%, list=18%, signal=28%","3667/8649/84232/5687/5704/57459/80243/9219/801/5291/111/3065/79837/1147/6446/6045/3084/4254/5690/5568/10213/818/5528/1107/1460/5719/5685/5684/5518/1108/5580/5718/2255/27327/2534/2444/5159/8841/2931/3164/23239/11047/2260/11060/7979/196883/817/5694/5717/4303/28956/253260/5689/5526/5519/5701/2099/1386/5931/10014/2308/6714/26523/5295/112/10670/5686/8395/5709/3710/5290/64121/10273/55004/5691/27161/23512/10768/5707/23112/5515/6615/9173/80351/5728/2263/5525/5595/5156/3708/3082/4734/5577/2252",0.801215574617779
"R-HSA-195721","Signaling by WNT",290,-0.375672161171635,-1.95458090779,8.05837669005131e-10,5.17933847260571e-08,2.81092886410222e-08,2725,"tags=33%, list=17%, signal=28%","5687/8348/5704/4609/8344/54894/801/160/8368/23236/5532/3065/1487/8363/10524/607/5690/10213/1211/5528/1460/5719/5685/4772/5684/8341/4221/5518/7088/54361/653604/5718/8452/7475/8295/139285/27327/23002/283149/5331/7484/166/8321/2783/11047/2775/50855/9736/8454/1455/51699/79971/7979/84661/6659/324/8331/7855/161/6657/55737/5694/8338/7483/5717/6934/5689/5526/5519/5701/4920/9978/8324/26523/5686/8395/5709/3710/2033/7480/6259/5691/27161/1213/5593/5530/5707/23112/5515/1499/4040/80351/80326/5525/3708",0.801215574617779
"R-HSA-975956","Nonsense Mediated Decay (NMD) independent of the Exon Junction Complex (EJC)",86,0.584628574966607,2.27303969985409,9.63438608936085e-10,5.92305301319836e-08,3.21455737377803e-08,2749,"tags=43%, list=18%, signal=36%","6187/6130/6128/6228/6146/3921/6159/6129/6171/116832/6133/6218/6231/6230/6136/6224/6144/23521/6232/51121/6124/9045/6158/6189/6122/6233/6201/6170/6173/6235/6210/6204/6234/6205/6137/6141/22916",0.788186810800237
"R-HSA-1257604","PIP3 activates AKT signaling",243,-0.39349937015082,-2.00850163300054,2.84405128160235e-09,1.67562021341072e-07,9.09392048436585e-08,2879,"tags=35%, list=18%, signal=29%","389541/2249/3667/8649/84232/5687/5704/57459/80243/9219/5291/3065/79837/1147/6446/6045/3084/4254/5690/10213/5528/1107/1460/5719/5685/5684/5518/1108/5718/2255/27327/2534/2444/5159/8841/2931/3164/23239/11047/2260/11060/7979/5694/5717/4303/28956/253260/5689/5526/5519/5701/2099/1386/5931/10014/2308/6714/26523/5295/10670/5686/8395/5709/5290/64121/10273/55004/5691/27161/23512/5707/23112/5515/6615/9173/80351/5728/2263/5525/5595/5156/3082/4734/2252",0.774939030136436
"R-HSA-9633012","Response of EIF2AK4 (GCN2) to amino acid deficiency",92,0.569099960652717,2.24937142907552,3.1715455916159e-09,1.79382618661795e-07,9.73544755149021e-08,2822,"tags=43%, list=18%, signal=36%","6187/6130/6128/6228/6146/3921/6159/6129/6171/116832/6133/6218/6231/6230/6136/6224/6144/23521/6232/51121/6124/9045/6158/6189/6122/6233/6201/6170/57761/6173/6235/6210/440275/6204/1968/6234/6205/6137/6141/1054",0.774939030136436
"R-HSA-9954716","ZNF598 and the Ribosome-associated Quality Trigger (RQT) complex dissociate a ribosome stalled on a no-go mRNA",87,0.58093250378666,2.31965964233258,4.09489363911886e-09,2.22699215604387e-07,1.20863244691626e-07,2732,"tags=41%, list=18%, signal=34%","6187/6130/6128/6228/6146/3921/6159/6129/6171/116832/6133/6218/6231/6230/6136/6224/6144/23521/6232/51121/6124/9045/6158/6189/6122/6233/6201/6170/6173/6235/6210/6204/6234/6205/6137/6141",0.761460801445585
"R-HSA-927802","Nonsense-Mediated Decay (NMD)",106,0.53984871310062,2.23170749144055,8.38382927052332e-09,4.23383378161428e-07,2.29778487069282e-07,2749,"tags=39%, list=18%, signal=32%","6187/6130/6128/6228/6146/3921/6159/6129/6171/116832/6133/6218/6231/6230/6136/6224/6144/23521/6232/51121/6124/9045/6158/10921/6189/6122/6233/6201/6170/65110/6173/6235/6210/6204/9939/6234/55629/6205/6137/6141/22916",0.747739663149885
"R-HSA-975957","Nonsense Mediated Decay (NMD) enhanced by the Exon Junction Complex (EJC)",106,0.53984871310062,2.23170749144055,8.38382927052332e-09,4.23383378161428e-07,2.29778487069282e-07,2749,"tags=39%, list=18%, signal=32%","6187/6130/6128/6228/6146/3921/6159/6129/6171/116832/6133/6218/6231/6230/6136/6224/6144/23521/6232/51121/6124/9045/6158/10921/6189/6122/6233/6201/6170/65110/6173/6235/6210/6204/9939/6234/55629/6205/6137/6141/22916",0.747739663149885
"R-HSA-72766","Translation",356,0.392239857061942,1.85566922133294,1.11271885185105e-08,5.42546364316341e-07,2.94450583532393e-07,2434,"tags=26%, list=16%, signal=23%","4514/4513/4538/4508/6187/4512/4539/4535/4519/6130/6128/4540/6727/5018/6228/6146/3921/6159/6129/11222/6171/116832/64969/6133/51504/6218/7818/4537/23107/6231/55173/90480/6230/6726/6136/6224/1936/60488/6144/1915/51253/55037/64975/23521/6232/128308/79587/51121/51318/9553/6124/55157/9045/4536/740/8665/6158/6189/65003/6122/64963/6150/6233/6201/6170/65080/54998/64983/79590/26284/7453/60559/57129/4509/6173/6235/1933/6210/1983/6204/7284/26589/91574/6921/10573/1968/6234/58477/6182/51021/219402/23395/78988/57176",0.747739663149885
"R-HSA-6807070","PTEN Regulation",126,-0.469167502628526,-2.2074026492967,1.24507461498066e-08,5.8684516852755e-07,3.18492415913325e-07,2745,"tags=39%, list=18%, signal=32%","8649/84232/5687/5704/57459/80243/9219/3065/6045/5690/10213/1107/1460/5719/5685/5684/1108/5718/27327/2444/8841/11047/11060/7979/5694/5717/28956/5689/5701/1386/5931/10014/26523/10670/5686/5709/64121/10273/55004/5691/27161/23512/5707/23112/6615/80351/5728/5595/4734",0.747739663149885
"R-HSA-195253","Degradation of beta-catenin by the destruction complex",70,-0.574837977685361,-2.42051017857232,1.35453035643009e-08,6.1784062064263e-07,3.3531425744135e-07,2725,"tags=49%, list=17%, signal=40%","5687/5704/3065/1487/5690/10213/5528/5719/5685/5684/5518/7088/5718/139285/166/11047/8454/7979/324/5694/5717/6934/5689/5526/5519/5701/9978/5686/5709/5691/5707/5515/1499/5525",0.747739663149885
"R-HSA-3247509","Chromatin modifying enzymes",245,-0.384144661343606,-1.97420444407001,1.42196091448045e-08,6.28328979086051e-07,3.41006495869404e-07,4280,"tags=46%, list=27%, signal=34%","10629/8337/29072/8294/1019/5928/9575/64324/23338/8359/8089/6839/6883/55578/57325/10498/5929/8355/8726/51412/11240/333932/6604/51317/23569/7404/64754/8362/51702/6944/6599/54014/80314/8242/8348/7862/9643/57459/4297/8344/9219/51230/85235/10943/79685/8368/3065/26009/8363/284058/23522/55193/55870/10524/6907/8085/9682/10445/1107/8284/8332/79918/8341/55170/1108/653604/55167/8295/79084/8473/7403/10196/11143/8841/56970/9869/84678/6881/117143/9611/55818/84661/4791/56943/5253/8331/10499/79960/339287/23135/80853/8338/23774/6601/2648/4790/1386/5931/5077/23210/51147/8329/3717/2033/22992/121536/23512/10919/8850/196528/54934/92815",0.747739663149885
"R-HSA-388841","Regulation of T cell activation by CD28 family",230,-0.381081187015614,-1.92839563462811,1.81433475128633e-08,7.77414951005717e-07,4.21918385277337e-07,2725,"tags=32%, list=17%, signal=27%","5687/8348/91319/5704/4609/4297/8344/5291/8368/8363/3716/5690/10213/5528/1460/5719/5685/5684/8341/5518/653604/5718/8452/27327/2534/5058/5571/53632/11047/3703/8454/7979/84661/4791/4780/3659/8331/5694/8338/5717/6774/5777/10987/253260/6934/5689/5562/5526/5519/5701/4790/9978/5931/6714/26523/5295/5686/5709/79139/5290/2033/3127/8405/7415/5691/746/27161/23512/5707/23112/5515/1499/5525",0.73376198835648
"R-HSA-1799339","SRP-dependent cotranslational protein targeting to membrane",103,0.537433502561527,2.1439494121223,3.1177193528453e-08,1.29660446027155e-06,7.03692744156061e-07,2304,"tags=36%, list=15%, signal=31%","6187/6130/6128/6727/6228/6146/3921/6159/6129/6171/116832/6133/6218/6231/6230/6726/6136/6224/6144/23521/6232/51121/6124/9045/6158/6189/6122/6233/6201/6170/60559/6173/6235/6210/6204/6234/58477",0.719512826338911
"R-HSA-202424","Downstream TCR signaling",73,-0.551161891650039,-2.32987119668344,5.00538487034607e-08,1.96600394629704e-06,1.066989011978e-06,2791,"tags=44%, list=18%, signal=36%","84433/5687/23118/5704/7334/5291/4792/1147/5690/10213/5719/5685/5684/5718/11047/7321/8454/7979/7322/5694/5717/5689/5701/4790/5295/5686/5709/5290/3127/5691/5707/5728",0.719512826338911
"R-HSA-2408522","Selenoamino acid metabolism",106,0.52791674982703,2.18238135398933,4.96078208099786e-08,1.96600394629704e-06,1.066989011978e-06,2732,"tags=38%, list=18%, signal=31%","6187/6130/6128/6228/6146/3921/6159/6129/6171/116832/6133/6218/6231/6230/6136/6224/6144/23521/6232/51121/6124/9060/9045/6158/6189/6122/79048/6233/6201/6170/6173/6235/875/6210/6204/6234/2936/6205/6137/6141",0.719512826338911
"R-HSA-9764265","Regulation of CDH1 Expression and Function",182,-0.406576872627088,-1.99932846640151,8.11443225037771e-08,3.01942294790371e-06,1.63870022437927e-06,2725,"tags=31%, list=17%, signal=26%","5687/8348/5704/4609/8344/1495/8368/3065/1487/8363/687/288/5690/10213/1460/5719/5685/5684/8341/7088/653604/5718/27327/2534/72/1500/6935/11047/3703/7979/8331/6938/5694/8338/5717/9314/5689/5701/5931/6714/26523/5686/5709/5691/746/27161/283106/23512/5707/23112/1499/6615/117581/7291/5595/58/59",0.704975715167238
"R-HSA-9764274","Regulation of Expression and Function of Type I Classical Cadherins",182,-0.406576872627088,-1.99932846640151,8.11443225037771e-08,3.01942294790371e-06,1.63870022437927e-06,2725,"tags=31%, list=17%, signal=26%","5687/8348/5704/4609/8344/1495/8368/3065/1487/8363/687/288/5690/10213/1460/5719/5685/5684/8341/7088/653604/5718/27327/2534/72/1500/6935/11047/3703/7979/8331/6938/5694/8338/5717/9314/5689/5701/5931/6714/26523/5686/5709/5691/746/27161/283106/23512/5707/23112/1499/6615/117581/7291/5595/58/59",0.704975715167238
"R-HSA-9909648","Regulation of PD-L1(CD274) expression",175,-0.401797053449704,-1.96977833022881,1.8415124476978e-07,6.67666307960177e-06,3.62355637995142e-06,2725,"tags=33%, list=17%, signal=28%","5687/8348/91319/5704/4609/4297/8344/8368/8363/3716/5690/10213/1460/5719/5685/5684/8341/653604/5718/8452/27327/5571/53632/11047/3703/8454/7979/84661/4791/4780/3659/8331/5694/8338/5717/6774/10987/6934/5689/5562/5701/4790/9978/5931/26523/5686/5709/79139/2033/8405/7415/5691/746/27161/23512/5707/23112/1499",0.690132458796796
"R-HSA-8939902","Regulation of RUNX2 expression and activity",59,-0.585035652813755,-2.40595255116592,2.36522487068477e-07,8.36106991787065e-06,4.53771710252709e-06,2725,"tags=47%, list=17%, signal=39%","5687/5704/11059/579/5690/865/10213/5719/5685/5684/860/5718/11047/8454/7979/5694/5717/5689/5701/2099/9978/5686/5709/10273/5691/650/5707/7291",0.690132458796796
"R-HSA-5685942","HDR through Homologous Recombination (HRR)",68,0.564335023848235,2.1308071134246,3.3862022588826e-07,1.16782682781951e-05,6.33802590032177e-06,4507,"tags=65%, list=29%, signal=46%","5425/348654/9156/5889/197342/83695/63979/7517/6118/79728/6233/7516/7486/1763/672/23514/54107/10635/84464/6119/3364/5984/4683/5982/4361/83990/5429/146956/641/5426/7156/5892/5932/84126/11073/116028/580/675/56655/5810/5111/80198/51750/1111",0.674962860011025
"R-HSA-8948751","Regulation of PTEN stability and activity",56,-0.57787553949331,-2.37619707978262,3.55112748366274e-07,1.19554625283312e-05,6.48846467214407e-06,2725,"tags=46%, list=17%, signal=38%","5687/5704/80243/5690/10213/1460/5719/5685/5684/5718/2444/11047/11060/7979/5694/5717/5689/5701/5686/5709/10273/5691/5707/80351/5728/4734",0.674962860011025
"R-HSA-72689","Formation of a pool of free 40S subunits",92,0.524799924283357,2.07427523683197,4.7363348203926e-07,1.55748312465934e-05,8.45276726673263e-06,1907,"tags=35%, list=12%, signal=31%","6187/6130/6128/6228/6146/3921/6159/6129/6171/116832/6133/6218/6231/6230/6136/6224/6144/23521/6232/51121/6124/9045/8665/6158/6189/6122/6233/6201/6170/6173/6235/6210",0.674962860011025
"R-HSA-351202","Metabolism of polyamines",46,-0.602751179397555,-2.32465663681307,5.48734610021979e-07,1.75685142158752e-05,9.53477822891714e-06,2725,"tags=54%, list=17%, signal=45%","5687/4953/4947/5704/51582/5690/10213/5719/5685/5684/6303/5718/11047/7979/5694/5717/5689/5701/196743/113451/5686/5709/54498/5691/5707",0.659444398037935
"R-HSA-389948","Co-inhibition by PD-1",186,-0.397222597976471,-1.96844333092826,5.59111131339734e-07,1.75685142158752e-05,9.53477822891714e-06,2725,"tags=32%, list=17%, signal=27%","5687/8348/91319/5704/4609/4297/8344/8368/8363/3716/5690/10213/1460/5719/5685/5684/8341/653604/5718/8452/27327/5571/53632/11047/3703/8454/7979/84661/4791/4780/3659/8331/5694/8338/5717/6774/5777/10987/6934/5689/5562/5701/4790/9978/5931/26523/5686/5709/79139/2033/3127/8405/7415/5691/746/27161/23512/5707/23112/1499",0.659444398037935
"R-HSA-8878166","Transcriptional regulation by RUNX2",104,-0.473105521507456,-2.11346253139503,6.2705027370951e-07,1.92749801527228e-05,1.0460910858183e-05,2397,"tags=38%, list=15%, signal=32%","9464/11059/579/5690/865/10213/3958/4094/5719/5685/5684/581/860/5718/4089/8841/3549/11047/8454/7979/4086/5694/5717/5689/5701/2099/9978/6714/9759/5686/5709/10273/5691/650/5707/117581/7291/5595/4322",0.659444398037935
"R-HSA-187037","Signaling by NTRK1 (TRKA)",112,-0.454650609121813,-2.10598199949585,7.50833597333991e-07,2.25889086517077e-05,1.22594450379122e-05,2785,"tags=38%, list=18%, signal=32%","3667/5604/6197/4205/160/5291/673/6446/1211/1960/5528/4664/3265/5518/1108/2889/4665/4209/6722/6457/3726/5906/3398/5900/6938/161/6774/1020/1398/5519/1386/6236/6714/10126/5295/466/5290/2033/1759/1213/5515/5595/9252",0.659444398037935
"R-HSA-72706","GTP hydrolysis and joining of the 60S ribosomal subunit",103,0.507706290695718,2.02536052977691,7.77982660978399e-07,2.29180725546553e-05,1.24380887625326e-05,3050,"tags=42%, list=20%, signal=34%","6187/6130/6128/6228/6146/3921/6159/6129/6171/116832/6133/6218/6231/6230/6136/6224/6144/23521/6232/51121/6124/9045/8665/6158/6189/6122/6233/6201/6170/6173/6235/6210/1983/6204/1968/6234/6205/6137/6141/7458/6139/1964/8666",0.659444398037935
"R-HSA-5689880","Ub-specific processing proteases",169,-0.402612376851271,-1.96354220034799,8.5500461855951e-07,2.46729904212887e-05,1.33905172071186e-05,2725,"tags=34%, list=17%, signal=29%","5687/8348/5704/4609/8344/63891/85235/4792/9986/9868/5690/10213/23358/5719/5685/8332/57695/5684/8341/57599/5718/8295/29761/4089/9958/408/11047/8078/9736/84749/6881/7979/4086/8331/55611/10868/27005/5694/8338/5717/4303/5689/55031/5701/8678/2648/1080/10869/5686/8329/5709/8239/3416/5691/5707/80351/5728/92815",0.659444398037935
"R-HSA-5676590","NIK-->noncanonical NF-kB signaling",46,-0.595592232202452,-2.29704641442193,8.87784097995829e-07,2.51065342913221e-05,1.36258099929786e-05,2725,"tags=52%, list=17%, signal=43%","5687/5704/9040/5971/1147/5690/10213/5719/5685/5684/5718/11047/8454/7979/4791/5694/5717/9039/5689/5701/5686/5709/5691/5707",0.659444398037935
"R-HSA-983168","Antigen processing: Ubiquitination & Proteasome degradation",282,-0.334450069389925,-1.73571759850459,9.14990253886123e-07,2.5368553313627e-05,1.37680128701677e-05,2821,"tags=30%, list=18%, signal=25%","7323/51529/51676/79791/5687/80204/5704/64320/11275/9040/7334/63891/8453/63893/11059/23304/6923/4591/7174/84676/5690/140461/23352/10213/5719/27246/5685/5684/55294/10393/26234/5718/8452/8881/114907/10075/84261/10422/51433/29116/4012/11047/64682/65264/9820/7321/29882/8454/10489/7317/7979/9354/25897/54926/7322/89910/55175/5694/5717/84937/55585/9039/7320/51320/5689/55958/5701/25831/3093/25898/9978/84861/84961/84727/26272/9520/5686/5709/10273/5691/9320/29945/5707/127544/4734",0.659444398037935
"R-HSA-9759476","Regulation of Homotypic Cell-Cell Adhesion",197,-0.377711517539373,-1.89524895059948,9.63983606372266e-07,2.62129388348151e-05,1.42262775011609e-05,2725,"tags=31%, list=17%, signal=26%","5687/8348/5704/4609/8344/154796/1495/27319/8368/3065/1487/8363/1009/687/288/5690/10213/6663/1460/5719/5685/5684/8341/7088/653604/5718/27327/2534/72/1500/6935/11047/3703/7979/8331/6938/5694/8338/5717/9314/5689/5701/5931/6714/26523/5686/5709/5691/746/27161/283106/23512/5707/23112/1499/6615/117581/7291/5595/58/59",0.643551836150722
"R-HSA-2871837","FCERI mediated NF-kB activation",65,-0.542855117400193,-2.26592133189156,1.02058484055519e-06,2.67475687103064e-05,1.45164316504946e-05,2791,"tags=43%, list=18%, signal=36%","84433/5687/23118/5704/7334/115727/4792/1147/5690/10213/5719/5685/5684/5718/11047/7321/8454/7979/7322/5694/5717/5689/5701/4790/5686/5709/5691/5707",0.643551836150722
"R-HSA-983705","Signaling by the B Cell Receptor (BCR)",96,-0.48051424349856,-2.11296780269568,1.02147716432571e-06,2.67475687103064e-05,1.45164316504946e-05,2791,"tags=41%, list=18%, signal=34%","84433/5687/5704/801/4792/5532/1147/4690/5690/10213/27071/5719/5685/4772/5684/3265/5718/2534/30011/11047/8454/29760/7979/5694/5717/5777/5689/5701/4790/5295/5686/5709/3710/4775/5691/10768/5530/5707/3708",0.643551836150722
"R-HSA-350562","Regulation of ornithine decarboxylase (ODC)",38,-0.634784012996859,-2.37674102783362,1.19807443909667e-06,3.08014046705944e-05,1.67165281630857e-05,2725,"tags=55%, list=17%, signal=46%","5687/4953/4947/5704/51582/5690/10213/5719/5685/5684/5718/11047/7979/5694/5717/5689/5701/5686/5709/5691/5707",0.643551836150722
"R-HSA-611105","Respiratory electron transport",153,0.450261384769326,1.94224733004557,1.26655372638045e-06,3.19804815911065e-05,1.73564363997059e-05,3511,"tags=39%, list=23%, signal=30%","4514/4513/4538/4512/4535/4519/4540/5018/55744/54205/4698/55101/4710/51300/1349/4537/4694/57226/7388/1345/4725/25994/90639/27089/4711/4536/1347/284184/6341/1337/126328/57128/55863/90624/29090/51204/90871/1353/4717/4709/7386/4731/28976/4726/125965/790955/6391/119559/4704/4707/285521/55245/2395/51079/25915/137682/80219/10975/4716",0.643551836150722
"R-HSA-156827","L13a-mediated translational silencing of Ceruloplasmin expression",102,0.499129333494692,2.03674348868797,1.3414378640586e-06,3.32770726276993e-05,1.80601218585675e-05,3050,"tags=41%, list=20%, signal=33%","6187/6130/6128/6228/6146/3921/6159/6129/6171/116832/6133/6218/6231/6230/6136/6224/6144/23521/6232/51121/6124/9045/8665/6158/6189/6122/6233/6201/6170/6173/6235/6210/6204/1968/6234/6205/6137/6141/7458/6139/1964/8666",0.643551836150722
"R-HSA-5358346","Hedgehog ligand biogenesis",49,-0.573954596188463,-2.21744560350994,1.60465314203585e-06,3.91203369454946e-05,2.12313763379462e-05,2725,"tags=49%, list=17%, signal=41%","5687/5034/5704/5690/10213/147111/5719/5685/5684/6868/5718/3549/11047/84447/7979/5694/5717/5689/5701/5686/5709/7415/5691/5707",0.643551836150722
"R-HSA-4839726","Chromatin organization",339,-0.312962146980154,-1.66159401646332,1.80671856938772e-06,4.33000009680378e-05,2.34997622148989e-05,3394,"tags=33%, list=22%, signal=27%","11240/333932/7329/6604/51317/3020/23569/7404/10285/64754/8362/51702/6944/6599/6749/10992/54014/80314/8242/8348/57592/7862/9643/57459/4297/8344/23394/9219/51230/85235/10943/79685/8368/3065/26009/8363/284058/9646/23522/55193/55870/10524/6907/8085/9682/10320/10445/1107/8284/8332/79918/8341/55170/1108/1665/653604/8099/55167/23613/8295/23451/79084/8473/7403/10196/55274/11143/8841/56970/9869/84678/22827/6881/117143/9611/55818/84661/4791/4780/56943/5253/8331/10499/79960/339287/6938/23135/80853/8338/10263/23774/6601/2648/4790/1386/5931/5077/23210/51147/8932/8329/3717/2033/22992/121536/23512/1499/10919/8850/6925/196528/54934/92815",0.643551836150722
"R-HSA-9958825","Activation of STAT3 by cadherin engagement",75,-0.507569752291946,-2.17953940476945,1.90379877370674e-06,4.48661911003556e-05,2.43497644058909e-05,2795,"tags=44%, list=18%, signal=36%","998/5687/5704/1495/1009/3716/5690/10213/5719/5685/5684/5718/72/1500/11047/7979/9844/5694/5717/6774/5689/5701/4790/6714/5686/5709/3717/5691/5707/1499/127544/58/59",0.643551836150722
"R-HSA-5607761","Dectin-1 mediated noncanonical NF-kB signaling",47,-0.592417480328197,-2.25703397173393,2.03288752894132e-06,4.71229994413611e-05,2.55745786828554e-05,2725,"tags=51%, list=17%, signal=42%","5687/5704/9040/5971/1147/5690/10213/5719/5685/5684/5718/11047/8454/7979/4791/5694/5717/9039/5689/5701/5686/5709/5691/5707",0.627256739718528
"R-HSA-72613","Eukaryotic Translation Initiation",110,0.482648172508537,1.98963208200367,2.20643807992807e-06,4.95222769050522e-05,2.68767137549984e-05,3050,"tags=39%, list=20%, signal=32%","6187/6130/6128/6228/6146/3921/6159/6129/6171/116832/6133/6218/6231/6230/6136/6224/6144/23521/6232/51121/6124/9045/8665/6158/6189/6122/6233/6201/6170/6173/6235/6210/1983/6204/1968/6234/6205/6137/6141/7458/6139/1964/8666",0.627256739718528
"R-HSA-72737","Cap-dependent Translation Initiation",110,0.482648172508537,1.98963208200367,2.20643807992807e-06,4.95222769050522e-05,2.68767137549984e-05,3050,"tags=39%, list=20%, signal=32%","6187/6130/6128/6228/6146/3921/6159/6129/6171/116832/6133/6218/6231/6230/6136/6224/6144/23521/6232/51121/6124/9045/8665/6158/6189/6122/6233/6201/6170/6173/6235/6210/1983/6204/1968/6234/6205/6137/6141/7458/6139/1964/8666",0.627256739718528
"R-HSA-917977","Transferrin endocytosis and recycling",28,-0.675819420888026,-2.2776242964414,2.24809818646457e-06,4.96689193072016e-05,2.69562994710282e-05,1951,"tags=46%, list=13%, signal=41%","9550/9296/57192/9114/537/23545/50617/535/533/51606/528/523/10312",0.627256739718528
"R-HSA-180024","DARPP-32 events",26,-0.694027866713265,-2.31863078397403,2.53964060435649e-06,5.35977882770161e-05,2.90885739398507e-05,2465,"tags=54%, list=16%, signal=45%","801/5532/5142/5568/5528/5518/1020/5519/5141/5144/5530/5515/5499/5577",0.627256739718528
"R-HSA-5658442","Regulation of RAS by GAPs",55,-0.557751320144041,-2.21336098356277,2.4912417475374e-06,5.35977882770161e-05,2.90885739398507e-05,2057,"tags=40%, list=13%, signal=35%","5690/10213/5719/5685/5684/3265/5718/8452/8831/11047/7979/5694/5921/5717/5689/5701/9978/5686/5709/4763/5691/5707",0.627256739718528
"R-HSA-9937383","Mitochondrial ribosome-associated quality control",89,0.511939993565766,2.02550956442457,2.52746263462896e-06,5.35977882770161e-05,2.90885739398507e-05,3833,"tags=48%, list=25%, signal=37%","5018/11222/64969/7818/23107/55173/90480/60488/51253/55037/64975/128308/51318/9553/740/65003/64963/6150/65080/54998/64983/79590/26284/57129/26589/91574/10573/6182/51021/78988/51264/64968/51263/64979/51116/65005/10240/115416/51250/54534/65993/55052/9801",0.627256739718528
"R-HSA-73894","DNA Repair",313,0.37155784226191,1.72962987574782,2.68662318426306e-06,5.58659585668818e-05,3.03195545699455e-05,3477,"tags=35%, list=22%, signal=28%","2547/328/7520/5591/5425/201254/1643/9656/142/2175/7508/55215/165918/348654/7374/9156/2189/5889/197342/199990/94239/29089/9100/22909/5395/2139/55183/54386/83695/63979/85236/4350/11284/7517/8314/6118/8930/2237/79728/7158/7468/2176/3838/2068/2177/9557/6233/10038/7516/2067/6612/51567/3017/2073/79661/7486/1763/672/7706/23514/54107/4595/7013/10635/84464/283899/80233/25913/63967/2178/6119/3364/26277/5984/55775/57461/4683/9636/121642/5439/8334/5982/2188/252969/4361/83990/5429/5886/6996/8914/146956/4292/641/5426/5433/79184/56852/7156/5892/5932/84142/64858/7515/10721/51588/2187/27434/84126/2074/11073/55666",0.627256739718528
"R-HSA-202403","TCR signaling",95,-0.464313512735767,-2.11235261456934,2.79658020939511e-06,5.65634985438295e-05,3.06981232357004e-05,3154,"tags=40%, list=20%, signal=32%","5692/7535/2533/84433/5687/23118/5704/7334/5291/4792/1147/4690/5690/10213/5719/5685/5684/26191/5718/5058/11047/7321/8454/7979/7322/5694/5717/5689/5701/4790/5295/5686/5709/5290/3127/5691/5707/5728",0.627256739718528
"R-HSA-5368286","Mitochondrial translation initiation",87,0.515426578100972,2.05809491466409,2.80017319523908e-06,5.65634985438295e-05,3.06981232357004e-05,4706,"tags=57%, list=30%, signal=40%","5018/11222/64969/7818/23107/55173/90480/60488/51253/55037/64975/128308/51318/9553/740/65003/64963/6150/65080/54998/64983/79590/26284/57129/26589/10573/6182/51021/219402/78988/51264/64968/51263/64979/51116/65005/10240/54534/65993/4528/55052/9801/51373/51258/116540/28957/29074/64951/51649/64949",0.627256739718528
"R-HSA-9762114","GSK3B and BTRC:CUL1-mediated-degradation of NFE2L2",42,-0.601536561755244,-2.28260339794523,3.02559327658123e-06,5.96431224006291e-05,3.23694956774595e-05,2057,"tags=45%, list=13%, signal=39%","5690/10213/5719/5685/5684/5718/11047/8454/7979/4780/5694/5717/5689/5701/9978/5686/5709/5691/5707",0.627256739718528
"R-HSA-9759194","Nuclear events mediated by NFE2L2",85,-0.473774707198547,-2.03620555974659,3.03699067386513e-06,5.96431224006291e-05,3.23694956774595e-05,2057,"tags=36%, list=13%, signal=32%","5690/10213/5719/5685/5684/5718/3162/596/140809/11047/6888/8454/8878/10061/7979/4780/2730/5694/5717/5689/5701/4790/9978/5052/5686/5709/2033/3417/4199/5691/5707",0.627256739718528
"R-HSA-5610785","GLI3 is processed to GLI3R by the proteasome",47,-0.586172859258364,-2.23324277319028,3.21079435700801e-06,6.21926468604018e-05,3.37531727496599e-05,2057,"tags=43%, list=13%, signal=37%","5690/5568/10213/5719/5685/5684/5718/51684/11047/8454/7979/5694/5717/5689/5701/9978/5686/5709/5691/5707",0.627256739718528
"R-HSA-9764561","Regulation of CDH1 Function",59,-0.553520459119425,-2.27634667107181,3.33704531970235e-06,6.37646227305286e-05,3.46063149743635e-05,2057,"tags=39%, list=13%, signal=34%","5690/10213/5719/5685/5684/5718/2534/72/1500/11047/7979/5694/5717/5689/5701/6714/5686/5709/5691/5707/1499/58/59",0.627256739718528
"R-HSA-9909615","Regulation of PD-L1(CD274) Post-translational modification",86,-0.464305332987803,-2.0353802802184,3.61235719299016e-06,6.81049742785077e-05,3.69619091320141e-05,2199,"tags=35%, list=14%, signal=30%","3716/5690/10213/1460/5719/5685/5684/5718/8452/5571/53632/11047/3703/8454/7979/5694/5717/10987/5689/5562/5701/9978/5686/5709/79139/8405/7415/5691/746/5707",0.627256739718528
"R-HSA-6783310","Fanconi Anemia Pathway",36,0.655297846339498,2.23064728028792,3.66856811477298e-06,6.82546751880131e-05,3.70431547601453e-05,3366,"tags=61%, list=22%, signal=48%","201254/2175/55215/2189/197342/199990/29089/22909/6118/2176/2177/6233/2067/84464/80233/2178/6119/2188/146956/64858/2187/84126",0.627256739718528
"R-HSA-5389840","Mitochondrial translation elongation",87,0.510228780048928,2.03734014144736,4.04240074914591e-06,7.42331773934067e-05,4.02878055011858e-05,4706,"tags=56%, list=30%, signal=40%","5018/11222/64969/7818/23107/55173/90480/60488/51253/55037/64975/128308/51318/9553/740/65003/64963/6150/65080/54998/64983/79590/26284/57129/7284/26589/10573/6182/51021/78988/51264/64968/51263/64979/51116/65005/10240/54534/65993/55052/9801/51373/51258/116540/28957/29074/64951/51649/64949",0.610526878385931
"R-HSA-3000157","Laminin interactions",30,0.670011743269833,2.20975262246748,4.16119799543121e-06,7.54350508402529e-05,4.09400858610439e-05,2043,"tags=50%, list=13%, signal=44%","1282/1294/1284/1288/3912/3910/3675/1287/284217/80781/3911/3913/3914/22795/3915",0.610526878385931
"R-HSA-1236978","Cross-presentation of soluble exogenous antigens (endosomes)",38,-0.616755595279823,-2.30923951680358,4.39328583610899e-06,7.82171883349028e-05,4.24500066026551e-05,3552,"tags=61%, list=23%, signal=47%","5702/5699/5692/5687/5704/5690/10213/9902/5719/5685/5720/5684/5718/11047/7979/5694/5717/5689/5701/5686/5709/5691/5707",0.610526878385931
"R-HSA-174084","Autodegradation of Cdh1 by Cdh1:APC/C",54,-0.551069853119946,-2.15633767105447,4.42530061300723e-06,7.82171883349028e-05,4.24500066026551e-05,2057,"tags=43%, list=13%, signal=37%","5690/10213/5719/5685/5684/10393/5718/8881/51433/11047/64682/7321/29882/7979/5694/5717/5689/5701/5686/5709/5691/29945/5707",0.610526878385931
"R-HSA-74752","Signaling by Insulin receptor",68,-0.501470473028558,-2.06524074432827,5.00857907294473e-06,8.74337136931339e-05,4.74519961990501e-05,1951,"tags=32%, list=13%, signal=28%","9550/9296/3265/2255/9114/2260/537/23545/50617/535/533/5295/51606/528/5290/3416/2263/5595/5140/523/10312/2252",0.610526878385931
"R-HSA-9755511","KEAP1-NFE2L2 pathway",111,-0.431574646505395,-1.96351080505503,5.12846150527414e-06,8.84346898592394e-05,4.79952456531003e-05,2057,"tags=35%, list=13%, signal=31%","5690/10213/1460/5584/5719/5685/5684/64839/5580/5718/8452/139285/3162/596/10072/140809/11047/6888/8454/8878/10061/7979/4780/2730/5694/5717/5689/5701/4790/9978/5052/5686/5709/2033/3417/4199/7415/5691/5707",0.610526878385931
"R-HSA-5688426","Deubiquitination",244,-0.334527176162178,-1.69406866114333,5.55668636144381e-06,9.46645122298982e-05,5.13762927911733e-05,2162,"tags=27%, list=14%, signal=24%","5887/9986/64127/9929/9868/5690/10213/23358/10445/5719/5685/8332/57695/5684/8341/57599/9577/5718/8295/29761/54891/8473/4089/57559/9958/408/11047/8078/9736/7321/84749/6881/7979/324/4086/8331/55611/10868/27005/5694/8338/5717/4303/5689/55031/5701/8678/2648/2099/80124/1080/10869/5686/8329/5709/2033/8239/3416/7415/5691/5707/56957/80351/8850/5728/92815",0.610526878385931
"R-HSA-5693532","DNA Double-Strand Break Repair",156,0.42343858252726,1.83920529747287,6.19057605009101e-06,0.000104208030176532,5.65557476970764e-05,4421,"tags=49%, list=28%, signal=36%","2547/7520/5591/5425/9656/142/165918/348654/9156/5889/197342/2139/55183/83695/63979/85236/7517/8314/6118/2237/79728/7158/7468/3838/6233/10038/7516/2067/51567/3017/7486/1763/672/23514/54107/10635/84464/63967/6119/3364/5984/55775/4683/5982/4361/83990/5429/8914/146956/641/5426/79184/7156/5892/5932/84142/7515/10721/51588/27434/84126/11073/116028/1017/580/675/5893/23030/56655/5810/7157/5111/8349/80198/51750/64421/9031",0.610526878385931
"R-HSA-201681","TCF dependent signaling in response to WNT",194,-0.36206632725345,-1.81782879700761,6.33661722018156e-06,0.000105411491168667,5.72088896489891e-05,2725,"tags=32%, list=17%, signal=27%","5687/8348/5704/4609/8344/54894/8368/3065/1487/8363/10524/607/5690/10213/5528/1460/5719/5685/5684/8341/4221/5518/7088/54361/653604/5718/8452/8295/139285/283149/8321/11047/9736/1455/7979/84661/6659/324/8331/7855/6657/5694/8338/7483/5717/6934/5689/5526/5519/5701/9978/5686/8395/5709/2033/6259/5691/5707/5515/1499/4040/80351/5525",0.610526878385931
"R-HSA-9929356","GSK3B-mediated proteasomal degradation of PD-L1(CD274)",44,-0.57727872770228,-2.18266993187824,6.53058229726953e-06,0.000107374922887664,5.82744826626168e-05,2057,"tags=43%, list=13%, signal=38%","5690/10213/5719/5685/5684/5718/11047/8454/7979/5694/5717/10987/5689/5701/9978/5686/5709/5691/5707",0.610526878385931
"R-HSA-983169","Class I MHC mediated antigen processing & presentation",350,-0.304346467243252,-1.63408756434814,6.66239829079163e-06,0.000108283117048039,5.87673774971808e-05,2821,"tags=29%, list=18%, signal=24%","7323/51529/51676/79791/5687/80204/5704/64320/11275/9040/9632/7334/63891/8453/63893/11059/1515/23304/1147/6923/4591/929/7174/84676/5690/140461/23352/10952/10213/10427/9902/5719/27246/5685/5720/5684/55294/10393/26234/5718/4689/8452/8881/114907/10075/84261/10422/51433/29116/4012/55176/11047/64682/65264/9820/7321/29882/8454/10489/7317/7979/9354/25897/54926/7322/89910/55175/6810/22872/5694/5717/84937/3134/55585/9039/7320/51320/5689/55958/5701/25831/8678/3093/25898/9978/84861/84961/84727/23480/26272/9520/5686/5709/10273/5691/9320/29945/8673/5707/3135/127544/4734",0.610526878385931
"R-HSA-9824272","Somitogenesis",43,-0.567953991460512,-2.11214808453718,7.12619156247183e-06,0.000114504941696991,6.21440841143722e-05,2057,"tags=42%, list=13%, signal=36%","5690/10213/5719/5685/5684/5718/11047/7979/5694/5717/5689/5701/5686/5709/5691/5707/1499/3516",0.610526878385931
"R-HSA-9793380","Formation of paraxial mesoderm",56,-0.531527388912095,-2.18561566122842,7.6607154417436e-06,0.000121710692523882,6.60547868216711e-05,2057,"tags=39%, list=13%, signal=34%","5690/10213/5719/5685/5684/5718/11047/2260/7979/5694/5717/5689/5701/2648/5686/5709/2033/5691/5707/1499/8850/3516",0.593325476396405
"R-HSA-382556","ABC-family protein mediated transport",88,-0.465037578790693,-2.02079958790392,8.04157894822595e-06,0.00012634214036435,6.85683646629754e-05,2725,"tags=38%, list=17%, signal=31%","5687/91319/5704/64137/10350/23461/5825/5690/10213/5719/10057/5685/5684/22/5718/10347/11047/5243/7979/5694/5717/5689/5701/21/225/1080/20/5686/5709/79139/7415/5691/5707",0.593325476396405
"R-HSA-9013694","Signaling by NOTCH4",71,-0.485599948545475,-2.03419075107009,8.54491864403296e-06,0.000132774889699589,7.20595442561988e-05,2057,"tags=38%, list=13%, signal=33%","5690/102/51107/10213/5719/5685/5684/55294/5718/11047/8454/7979/5694/5717/5689/5701/2648/9978/5686/5709/2033/5691/5707/55851/8850/3516/59",0.593325476396405
"R-HSA-5693538","Homology Directed Repair",127,0.450401959016394,1.89481469172714,9.23799756447596e-06,0.000141846645937704,7.69829648035701e-05,4403,"tags=50%, list=28%, signal=36%","5425/9656/142/165918/348654/9156/5889/197342/83695/63979/85236/7517/6118/2237/79728/7158/7468/6233/10038/7516/2067/3017/7486/1763/672/23514/54107/10635/84464/63967/6119/3364/5984/4683/5982/4361/83990/5429/8914/146956/641/5426/79184/7156/5892/5932/84142/7515/10721/51588/84126/11073/116028/1017/580/675/5893/56655/5810/5111/8349/80198/51750",0.593325476396405
"R-HSA-5358351","Signaling by Hedgehog",132,-0.396003952946534,-1.85884490191109,9.32937628868919e-06,0.000141846645937704,7.69829648035701e-05,2106,"tags=30%, list=14%, signal=26%","51098/5690/5568/10213/147111/5719/5685/5684/6868/91653/5718/8452/2622/6608/51684/3549/408/11047/84447/11127/8454/7979/196883/5694/5717/5689/5701/9978/10382/112/5686/5709/8405/7415/5691/5707/50937/5577/2619/7277",0.593325476396405
"R-HSA-9929491","SPOP-mediated proteasomal degradation of PD-L1(CD274)",46,-0.565198196243842,-2.1798244166461,9.8943696458517e-06,0.000147269880834045,7.99262610541551e-05,2057,"tags=43%, list=13%, signal=38%","5690/10213/1460/5719/5685/5684/5718/8452/11047/7979/5694/5717/5689/5701/9978/5686/5709/8405/5691/5707",0.593325476396405
"R-HSA-2029480","Fcgamma receptor (FCGR) dependent phagocytosis",80,-0.464473572602095,-2.01245116694526,9.84524989170189e-06,0.000147269880834045,7.99262610541551e-05,1738,"tags=32%, list=11%, signal=29%","1072/10787/5580/10096/2534/4627/5058/10006/4641/10109/9844/10092/1398/5747/6714/5295/10458/3710/5290/4644/10768/8398/10095/10451/5595/3708",0.593325476396405
"R-HSA-166520","Signaling by NTRKs",130,-0.410550348302406,-1.9045774821103,1.0592579091402e-05,0.000156019862867109,8.4675048411306e-05,2785,"tags=36%, list=18%, signal=30%","3667/5604/6197/4205/1795/160/5291/673/6446/1211/1960/5528/4664/3265/581/5518/1108/2889/4665/2534/4209/6722/6457/3726/5802/5906/3398/5900/6938/161/6774/1020/1398/5519/1386/6236/6714/10126/5295/466/5290/2033/1759/1213/5515/5595/9252",0.593325476396405
"R-HSA-3214847","HATs acetylate histones",119,-0.407152311725911,-1.87695929827302,1.0916010432061e-05,0.000159126172690043,8.63609038517861e-05,2714,"tags=34%, list=17%, signal=29%","8348/7862/9643/8344/51230/85235/10943/8368/26009/8363/284058/23522/10524/10445/8332/8341/653604/55167/8295/8473/11143/56970/6881/117143/56943/8331/10499/79960/339287/8338/23774/2648/1386/5931/5077/51147/8329/2033/8850/54934/92815",0.593325476396405
"R-HSA-9735869","SARS-CoV-1 modulates host translation machinery",35,0.647682880566019,2.17276715198419,1.18205336435963e-05,0.000170553414000461,9.25626924791192e-05,2271,"tags=49%, list=15%, signal=42%","6187/6228/3921/6218/6231/6230/6224/3178/1915/6232/6189/6233/6201/6235/6210/6204/6234",0.593325476396405
"R-HSA-5387390","Hh mutants abrogate ligand secretion",44,-0.565444415207924,-2.13792482556072,1.3262804171948e-05,0.000189430354536712,0.000102807579408201,2057,"tags=43%, list=13%, signal=38%","5690/10213/5719/5685/5684/5718/3549/11047/84447/7979/5694/5717/5689/5701/5686/5709/7415/5691/5707",0.593325476396405
"R-HSA-69017","CDK-mediated phosphorylation and removal of Cdc6",60,-0.501726506485973,-2.05174669337556,1.49950545968218e-05,0.000209930764355505,0.000113933555049754,2057,"tags=38%, list=13%, signal=33%","5690/10213/5719/5685/5684/10393/5718/8881/51433/11047/64682/7321/29882/7979/5694/5717/5689/5701/5686/5709/5691/29945/5707",0.593325476396405
"R-HSA-449147","Signaling by Interleukins",384,-0.296969899553035,-1.60635561399161,1.49622346381155e-05,0.000209930764355505,0.000113933555049754,3552,"tags=36%, list=23%, signal=28%","5702/8651/5898/3627/836/3587/3568/3965/759/1278/333932/3684/6285/10538/116379/942/375/5692/5598/8835/1441/3313/6647/246/6813/54014/4988/57162/5608/998/5602/3667/5604/5687/23118/5778/5034/6950/5704/6844/4609/6197/4205/6352/1265/7334/1436/5291/6097/4792/58480/1147/5803/3561/7422/1052/3716/29110/3574/84867/64127/5690/3603/5443/10213/5657/5528/5719/5685/4314/5684/5518/1072/653604/5718/2889/8807/2534/301/1439/23529/3162/596/6935/3726/25930/11047/6888/8454/29760/8878/7184/6416/7979/4791/11009/2185/1901/4313/7431/4318/6810/5743/6657/5694/5717/6774/5777/3718/5689/1398/5519/5701/6776/4790/1386/9978/2308/5295/466/5686/5709/3717/1435/5290/9049/3185/5691/5707/5515/5306/9173/7412/7291/5595/4128/3082/9252",0.593325476396405
"R-HSA-983712","Ion channel transport",159,-0.379314106861662,-1.80802754408142,1.59866808634719e-05,0.000221619281774012,0.000120277143360118,2553,"tags=31%, list=16%, signal=26%","23200/801/490/57101/11035/480/84239/53373/11059/57194/476/80036/53822/6446/65266/54822/65125/6261/9550/818/9296/41/57192/483/9114/488/487/79895/9914/7226/1180/57578/537/23545/492/817/50617/535/1184/538/533/51606/528/26133/94015/285175/374868/523/10312",0.575610261071129
"R-HSA-1169091","Activation of NF-kappaB in B cells",54,-0.526715876964697,-2.06104050332482,1.85010983832032e-05,0.000253985952561644,0.000137843172232929,3670,"tags=50%, list=24%, signal=38%","5579/4794/5702/5692/84433/5687/5704/4792/1147/5690/10213/5719/5685/5684/5718/11047/8454/7979/5694/5717/5689/5701/4790/5686/5709/5691/5707",0.575610261071129
"R-HSA-141424","Amplification of signal from the kinetochores",92,0.479876314240792,1.89671436544343,1.92792368608584e-05,0.000259627056392893,0.000140904710239862,3488,"tags=50%, list=22%, signal=39%","54908/11130/701/1063/8379/80152/348235/332/55746/147841/57082/55143/79172/699/6232/25936/25909/79980/151246/55055/83540/348995/79682/5527/220134/2491/57405/1060/64946/55839/1058/57122/3619/991/9735/55166/5905/23421/81930/151648/91687/1062/23279/4085/54820/9212",0.575610261071129
"R-HSA-141444","Amplification  of signal from unattached  kinetochores via a MAD2  inhibitory signal",92,0.479876314240792,1.89671436544343,1.92792368608584e-05,0.000259627056392893,0.000140904710239862,3488,"tags=50%, list=22%, signal=39%","54908/11130/701/1063/8379/80152/348235/332/55746/147841/57082/55143/79172/699/6232/25936/25909/79980/151246/55055/83540/348995/79682/5527/220134/2491/57405/1060/64946/55839/1058/57122/3619/991/9735/55166/5905/23421/81930/151648/91687/1062/23279/4085/54820/9212",0.575610261071129
"R-HSA-77387","Insulin receptor recycling",27,-0.646294276171666,-2.19384686566918,2.06070882465408e-05,0.000274890780949138,0.000149188633786429,1951,"tags=48%, list=13%, signal=42%","9550/9296/9114/537/23545/50617/535/533/51606/528/3416/523/10312",0.575610261071129
"R-HSA-3858494","Beta-catenin independent WNT signaling",130,-0.402487677923854,-1.86717407833251,2.15138278623291e-05,0.00028430422988162,0.000154297497679959,2465,"tags=35%, list=16%, signal=29%","801/160/23236/5532/5690/10213/1211/5719/5685/4772/5684/54361/5718/27327/23002/5331/8321/2783/11047/2775/50855/7979/7855/161/5694/5717/6934/5689/5701/4920/8324/26523/5686/5709/3710/6259/5691/27161/1213/5593/5530/5707/23112/1499/3708",0.575610261071129
"R-HSA-9864848","Complex IV assembly",44,0.58860150871527,2.09759010173378,2.77755095889497e-05,0.000363653431099767,0.000197361869940483,1791,"tags=32%, list=11%, signal=28%","4514/4513/4512/55744/1349/1345/25994/90639/1347/6341/1337/29090/51204/1353",0.575610261071129
"R-HSA-5610780","Degradation of GLI1 by the proteasome",47,-0.553249877680435,-2.10781047191687,2.89427236842234e-05,0.00037545881916965,0.000203768886252137,2057,"tags=43%, list=13%, signal=37%","5690/5568/10213/5719/5685/5684/5718/51684/11047/8454/7979/5694/5717/5689/5701/9978/5686/5709/5691/5707",0.575610261071129
"R-HSA-69541","Stabilization of p53",44,-0.544450309919005,-2.05854687490732,3.1721937335492e-05,0.000407771085385324,0.000221305388693635,2725,"tags=45%, list=17%, signal=38%","5687/5704/51230/5690/10213/5719/5685/5684/5718/11047/7979/5694/5717/5689/5701/5686/5709/5691/5707/64326",0.557332238758646
"R-HSA-917937","Iron uptake and transport",54,-0.516331627457317,-2.02040690983097,3.33597330288601e-05,0.000424960923448722,0.00023063465192623,1951,"tags=35%, list=13%, signal=31%","9550/9296/26234/57192/9114/3162/8454/537/23545/50617/535/533/51606/528/10539/4891/1356/523/10312",0.557332238758646
"R-HSA-5693567","HDR through Homologous Recombination (HRR) or Single Strand Annealing (SSA)",121,0.43705500195577,1.83320272439958,3.61397293204899e-05,0.000456264082671185,0.000247623492153878,4403,"tags=48%, list=28%, signal=35%","5425/9656/165918/348654/9156/5889/197342/83695/63979/85236/7517/6118/79728/7158/7468/6233/7516/2067/3017/7486/1763/672/23514/54107/10635/84464/63967/6119/3364/5984/4683/5982/4361/83990/5429/8914/146956/641/5426/79184/7156/5892/5932/84142/51588/84126/11073/116028/1017/580/675/5893/56655/5810/5111/8349/80198/51750",0.557332238758646
"R-HSA-9675135","Diseases of DNA repair",51,0.554282500452688,2.02439095636972,3.78693312426565e-05,0.000473869330770941,0.000257178206584115,4138,"tags=63%, list=27%, signal=46%","9156/5889/5395/83695/6118/79728/7516/79661/7486/1763/672/4595/10635/6119/3364/5984/4683/5982/4361/83990/4292/641/7156/5892/5932/84126/11073/116028/580/675/4437/5810",0.557332238758646
"R-HSA-9909396","Circadian clock",110,-0.40912742150546,-1.87334635523028,3.97293907916521e-05,0.000492783847187685,0.000267443486682639,2725,"tags=37%, list=17%, signal=31%","5687/5469/5704/8553/4297/6097/9572/5690/6907/10213/1460/5719/5685/5684/5718/5187/6720/4209/150094/8841/6096/11047/7321/8454/9611/7979/10499/5694/5717/1020/5689/5701/1386/9978/5686/5709/5501/2033/5691/5707/5499",0.557332238758646
"R-HSA-5610783","Degradation of GLI2 by the proteasome",47,-0.546622593694615,-2.08256137716019,4.09899905902246e-05,0.00050399866690937,0.00027352998993554,2057,"tags=43%, list=13%, signal=37%","5690/5568/10213/5719/5685/5684/5718/51684/11047/8454/7979/5694/5717/5689/5701/9978/5686/5709/5691/5707",0.557332238758646
"R-HSA-349425","Autodegradation of the E3 ubiquitin ligase COP1",39,-0.587139306280452,-2.19643754815045,4.28739623758105e-05,0.000522618817236173,0.000283635511767018,2057,"tags=44%, list=13%, signal=38%","5690/10213/5719/5685/5684/5718/11047/7979/5694/5717/5689/5701/5686/5709/5691/5707/64326",0.557332238758646
"R-HSA-174154","APC/C:Cdc20 mediated degradation of Securin",55,-0.512428398869335,-2.03350307558934,4.6116530958855e-05,0.000557339955348897,0.00030247935636836,2057,"tags=42%, list=13%, signal=36%","5690/10213/5719/5685/5684/10393/5718/8881/51433/11047/64682/7321/29882/7979/5694/5717/5689/5701/5686/5709/5691/29945/5707",0.557332238758646
"R-HSA-9639288","Amino acids regulate mTORC1",53,-0.516991749633122,-2.11611489183495,4.70325810133668e-05,0.000563593809770345,0.000305873446173095,2188,"tags=36%, list=14%, signal=31%","96459/57600/9550/9296/9681/23334/9114/81929/154743/28956/533/10670/51606/528/729438/64121/55004/523/10312",0.557332238758646
"R-HSA-5362768","Hh mutants are degraded by ERAD",42,-0.560147660943523,-2.12554819692074,4.8227376277147e-05,0.000573054706351983,0.000311008060839093,2057,"tags=43%, list=13%, signal=37%","5690/10213/5719/5685/5684/5718/11047/84447/7979/5694/5717/5689/5701/5686/5709/7415/5691/5707",0.557332238758646
"R-HSA-9932298","Degradation of CRY and PER proteins",48,-0.538747604976781,-2.12302545011119,4.94538572169922e-05,0.000578806665894802,0.000314129762421173,2057,"tags=42%, list=13%, signal=36%","5690/10213/5719/5685/5684/5718/5187/11047/7321/8454/7979/5694/5717/5689/5701/9978/5686/5709/5691/5707",0.557332238758646
"R-HSA-5693568","Resolution of D-loop Structures through Holliday Junction Intermediates",34,0.614759468831042,2.03329713856504,5.03488118140457e-05,0.000578806665894802,0.000314129762421173,3943,"tags=74%, list=25%, signal=55%","348654/9156/5889/197342/63979/7517/79728/7516/7486/1763/672/23514/10635/84464/4683/4361/83990/146956/641/7156/5892/5932/116028/580/675",0.557332238758646
"R-HSA-174184","Cdc20:Phospho-APC/C mediated degradation of Cyclin A",60,-0.479881559613467,-1.96241456335407,5.01583281175191e-05,0.000578806665894802,0.000314129762421173,2057,"tags=38%, list=13%, signal=33%","5690/10213/5719/5685/5684/10393/5718/8881/51433/11047/64682/7321/29882/7979/5694/5717/5689/5701/5686/5709/5691/29945/5707",0.557332238758646
"R-HSA-418990","Adherens junctions interactions",240,-0.323282841431077,-1.64299834307705,4.95935931689234e-05,0.000578806665894802,0.000314129762421173,2725,"tags=29%, list=17%, signal=24%","5687/8348/5704/4609/8344/154796/1495/27319/8368/3065/1487/8363/1009/687/3716/288/5690/10213/6663/1460/5719/5685/5684/8341/7088/653604/5718/4301/27327/2534/72/1500/6935/11047/3703/7979/1010/8331/9844/6938/5694/8338/5717/6774/9314/5689/5701/4790/5931/6714/26523/5686/5709/3717/253559/5691/746/27161/283106/23512/5707/23112/1499/6615/117581/127544/7291/5595/58/59",0.557332238758646
"R-HSA-1168372","Downstream signaling events of B Cell Receptor (BCR)",70,-0.47035871449868,-1.98057209199809,5.13041564003724e-05,0.000585032880242956,0.000317508851414465,2791,"tags=41%, list=18%, signal=34%","84433/5687/5704/801/4792/5532/1147/5690/10213/5719/5685/4772/5684/3265/5718/11047/8454/7979/5694/5717/5689/5701/4790/5686/5709/4775/5691/5530/5707",0.557332238758646
"R-HSA-9754678","SARS-CoV-2 modulates host translation machinery",48,0.55547823706449,1.9625988476732,5.25506798544983e-05,0.000594453290514085,0.000322621493363404,2972,"tags=40%, list=19%, signal=32%","6187/6228/3921/6218/6637/6231/6230/6224/6232/6189/6233/6201/6235/6210/6204/6234/79833/6205/6606",0.557332238758646
"R-HSA-6799198","Complex I biogenesis",67,0.511994693078733,1.93015426091921,5.67567050924881e-05,0.000636936357149033,0.000345677889247042,4065,"tags=52%, list=26%, signal=39%","4538/4535/4540/5018/55744/4698/55101/4710/51300/4537/4694/57226/4725/4711/4536/284184/126328/55863/90871/4717/4709/4731/28976/4726/119559/4704/4707/51079/25915/137682/4716/51295/4718/29078/4696",0.557332238758646
"R-HSA-1234174","Cellular response to hypoxia",60,-0.476472398603502,-1.94847323328888,5.93132620253053e-05,0.000660385452785683,0.000358404174681134,2821,"tags=48%, list=18%, signal=40%","7323/5687/5704/8453/6923/7422/5690/10213/5719/5685/5684/5718/54583/11047/7321/7979/10370/405/7322/5694/5717/5689/5701/9978/5686/5709/2033/5691/5707",0.557332238758646
"R-HSA-73933","Resolution of Abasic Sites (AP sites)",38,0.603622542600229,2.03716288216561,6.14095871308924e-05,0.000678384032836577,0.000368172358097897,3280,"tags=53%, list=21%, signal=42%","328/5425/142/7374/4350/11284/6118/8930/2237/10038/79661/54107/4595/6119/5984/5982/252969/6996/5426/7515",0.538434096309916
"R-HSA-169911","Regulation of Apoptosis",40,-0.563410723936923,-2.11174466894897,6.74104845623264e-05,0.000738902520706431,0.00040101693183351,2057,"tags=42%, list=13%, signal=37%","5690/10213/5719/5685/5684/5718/11047/7979/5694/5717/5689/5701/5686/5709/5691/5707/79658",0.538434096309916
"R-HSA-69601","Ubiquitin-Mediated Degradation of Phosphorylated Cdc25A",51,-0.516531747750144,-2.05434473294424,6.8888331224848e-05,0.000743573285129276,0.000403551847557407,2725,"tags=41%, list=17%, signal=34%","5687/5704/1263/5690/10213/5719/5685/5684/5718/11047/8454/7979/5694/5717/5689/5701/9978/5686/5709/5691/5707",0.538434096309916
"R-HSA-69613","p53-Independent G1/S DNA Damage Checkpoint",51,-0.516531747750144,-2.05434473294424,6.8888331224848e-05,0.000743573285129276,0.000403551847557407,2725,"tags=41%, list=17%, signal=34%","5687/5704/1263/5690/10213/5719/5685/5684/5718/11047/8454/7979/5694/5717/5689/5701/9978/5686/5709/5691/5707",0.538434096309916
"R-HSA-4641257","Degradation of AXIN",42,-0.554726575265998,-2.10497723020849,7.06516409107278e-05,0.000756828941270978,0.000410745952877692,2057,"tags=40%, list=13%, signal=35%","5690/10213/5719/5685/5684/5718/11047/7979/5694/5717/5689/5701/5686/5709/5691/5707/80351",0.538434096309916
"R-HSA-5678895","Defective CFTR causes cystic fibrosis",48,-0.532455977408101,-2.09823223464714,7.21779425473829e-05,0.000767365494451123,0.000416464347537332,2725,"tags=46%, list=17%, signal=38%","5687/91319/5704/5690/10213/5719/5685/5684/5718/11047/7979/5694/5717/5689/5701/1080/5686/5709/79139/7415/5691/5707",0.538434096309916
"R-HSA-180585","Vif-mediated degradation of APOBEC3G",41,-0.562538424655215,-2.1182265927821,7.39454439090872e-05,0.000774510056944069,0.000420341842132255,3209,"tags=54%, list=21%, signal=43%","8065/5692/5687/5704/6923/5690/10213/5719/5685/5684/5718/11047/7979/5694/5717/5689/5701/9978/5686/5709/5691/5707",0.538434096309916
"R-HSA-1500931","Cell-Cell communication",321,-0.292544552765902,-1.54691511194922,7.34135146994462e-05,0.000774510056944069,0.000420341842132255,2479,"tags=25%, list=16%, signal=21%","154796/1495/27319/5291/8368/3065/1487/8363/1009/687/3716/4690/288/5690/10213/6663/1460/5584/5719/5685/5684/8341/29780/7088/653604/5718/6251/7016/4301/27327/2534/72/1500/6935/11047/50855/3703/55742/89/7979/1010/2185/8331/9844/6938/5694/8338/5717/6774/9314/5777/5689/5701/4790/5931/5747/6714/26523/5295/5686/5709/3717/5290/253559/5691/746/27161/283106/23512/5707/23112/1499/6615/117581/1365/127544/7291/5595/58/59",0.538434096309916
"R-HSA-2682334","EPH-Ephrin signaling",92,-0.426075906204862,-1.84439917094736,7.90683554506237e-05,0.000822078342699867,0.000446158086456516,2421,"tags=37%, list=16%, signal=31%","160/10398/103910/2902/2046/102/51107/2041/1211/3265/1072/10096/2051/2534/4627/5058/10109/4313/10092/4318/161/5921/5747/6714/1942/3985/1759/1213/55851/10095/10451/2049/8997/4629",0.538434096309916
"R-HSA-198725","Nuclear Events (kinase and transcription factor activation)",60,-0.47019531025498,-1.92280387937471,8.17555941401966e-05,0.000837698624016218,0.000454635520370086,2596,"tags=40%, list=17%, signal=33%","6197/4205/6446/1960/5528/4664/5518/1108/4665/4209/6722/6457/3726/3398/6938/1020/5519/1386/6236/466/2033/5515/5595/9252",0.538434096309916
"R-HSA-157118","Signaling by NOTCH",203,-0.33367423074676,-1.64613390594435,8.13240428550085e-05,0.000837698624016218,0.000454635520370086,2057,"tags=27%, list=13%, signal=24%","5690/102/6907/51107/10213/10320/1991/56983/5584/5719/5685/5684/8341/55294/6868/7088/653604/5718/27327/488/6484/487/5087/8841/408/11047/8454/9611/11060/7979/8788/8331/5694/8338/5717/1024/5689/5701/2648/9978/10014/26523/9759/5686/5709/23220/2033/5691/27161/5707/23112/55851/8850/3516/59",0.538434096309916
"R-HSA-9692914","SARS-CoV-1-host interactions",93,0.467536174201327,1.90470054687994,8.25634384502307e-05,0.000839889942220332,0.000455824791861601,3193,"tags=37%, list=21%, signal=29%","5478/6187/6228/4869/57506/3921/6218/6231/6230/6224/3178/1915/6232/4088/6189/3838/6233/6201/7706/6235/6210/6204/598/861/6234/7529/11123/3661/6205/8737/64398/340061/29108/7187",0.538434096309916
"R-HSA-4641258","Degradation of DVL",44,-0.527508067442426,-1.99448887058866,8.3525266773309e-05,0.000843605194410421,0.000457841132302331,2057,"tags=41%, list=13%, signal=36%","5690/10213/5719/5685/5684/5718/8452/11047/7979/5694/5717/5689/5701/9978/5686/5709/5691/5707",0.538434096309916
"R-HSA-5619084","ABC transporter disorders",64,-0.471015097660165,-1.95017421754272,8.4458943748209e-05,0.000846985435886295,0.000459675655838961,3234,"tags=44%, list=21%, signal=35%","215/5692/6833/64241/5687/91319/5704/55788/5690/10213/5719/5685/5684/5718/11047/7979/5694/5717/5689/5701/21/1080/5686/5709/79139/7415/5691/5707",0.538434096309916
"R-HSA-4641262","Disassembly of the destruction complex and recruitment of AXIN to the membrane",29,-0.612672151302322,-2.0918390816937,8.53459810353975e-05,0.000849853642141212,0.000461232287789699,1912,"tags=45%, list=12%, signal=39%","5528/5518/139285/8321/1455/324/7855/5526/5519/5515/1499/4040/5525",0.538434096309916
"R-HSA-1234176","Oxygen-dependent proline hydroxylation of Hypoxia-inducible Factor Alpha",53,-0.506819591568219,-2.07447891760805,9.16100695285087e-05,0.000905850617575604,0.000491622947790679,2821,"tags=47%, list=18%, signal=39%","7323/5687/5704/8453/6923/5690/10213/5719/5685/5684/5718/54583/11047/7321/7979/7322/5694/5717/5689/5701/9978/5686/5709/5691/5707",0.538434096309916
"R-HSA-68877","Mitotic Prometaphase",200,0.376857675817633,1.69730876356131,9.97299029208565e-05,0.000979292241181188,0.000531481161481743,3914,"tags=42%, list=25%, signal=32%","54908/11130/5116/701/1063/8379/80152/348235/332/55746/653784/147841/57082/22995/10783/55835/55143/79172/699/113130/3320/6232/55755/22994/25936/55142/25909/93323/79980/22981/10142/151246/9738/55055/83540/23354/348995/79682/5527/220134/54801/2491/57405/8481/1060/84131/64946/55839/9662/10806/85378/1058/80097/57122/3619/991/9735/55166/5905/23421/11190/80321/9918/7840/80254/81930/1454/151648/55722/91687/1062/23279/4085/54820/11064/9212/23397/7514/55125/64105/121441/11243/64151/115106",0.538434096309916
"R-HSA-9604323","Negative regulation of NOTCH4 signaling",44,-0.524249009257663,-1.98216648979622,0.00010053022485706,0.000980343020330229,0.000532051439994232,2057,"tags=43%, list=13%, signal=38%","5690/10213/5719/5685/5684/55294/5718/11047/8454/7979/5694/5717/5689/5701/9978/5686/5709/5691/5707",0.538434096309916
"R-HSA-180534","Vpu mediated degradation of CD4",39,-0.570129899352375,-2.1328068226157,0.000103001297410793,0.000997560510540148,0.000541395710590649,2725,"tags=46%, list=17%, signal=38%","5687/5704/5690/10213/5719/5685/5684/5718/11047/7979/5694/5717/5689/5701/5686/5709/5691/5707",0.538434096309916
"R-HSA-6811436","COPI-independent Golgi-to-ER retrograde traffic",50,-0.503097224577874,-1.91788409436446,0.000106787904668236,0.00102719794014208,0.000557480526589161,3451,"tags=40%, list=22%, signal=31%","7846/51143/140735/7280/5050/5049/5048/55860/10540/23299/10121/80086/830/10382/22931/347688/832/5321/8398/7277",0.538434096309916
"R-HSA-5693537","Resolution of D-Loop Structures",35,0.603862588356403,2.02576420600514,0.000112963763792872,0.00107926190542649,0.000585736664621386,4403,"tags=77%, list=28%, signal=55%","348654/9156/5889/197342/63979/7517/79728/7516/7486/1763/672/23514/10635/84464/4683/4361/83990/146956/641/7156/5892/5932/116028/580/675/80198/51750",0.538434096309916
"R-HSA-9640148","Infection with Enterobacteria",36,0.60037346408026,2.04368355899318,0.000119192771590603,0.00113113140287995,0.000613887261136668,2043,"tags=42%, list=13%, signal=36%","1282/1284/1288/837/2635/3912/3910/1287/284217/3911/6233/3913/3914/1289/3915",0.538434096309916
"R-HSA-418594","G alpha (i) signalling events",203,-0.328167783803487,-1.6189686406066,0.000125282004396669,0.00118099169477926,0.000640947422277639,4431,"tags=39%, list=28%, signal=28%","5582/2357/2781/6001/5173/2792/846/4283/2776/6753/2779/84152/2790/6376/8698/5995/2587/1524/2847/9628/156/3627/108/3827/26960/2918/5573/80834/3354/353299/4988/2778/29899/3577/5332/6352/801/111/23236/5532/5142/10663/5568/5443/818/5528/2771/51083/2773/5518/9170/5580/9283/301/5331/2783/196883/817/26575/6004/1020/5519/150/5141/6714/112/3710/6387/5321/5144/9294/10768/5530/5515/5499/718/3708/5577/8786",0.518848077743792
"R-HSA-8854050","FBXL7 down-regulates AURKA during mitotic entry and in early mitosis",42,-0.53900993111145,-2.04533851889427,0.000147257742441789,0.00137895660803106,0.000748386874571055,2057,"tags=43%, list=13%, signal=37%","5690/10213/5719/5685/5684/5718/11047/8454/7979/5694/5717/5689/5701/9978/5686/5709/5691/5707",0.518848077743792
"R-HSA-179419","APC:Cdc20 mediated degradation of cell cycle proteins prior to satisfation of the cell cycle checkpoint",61,-0.478357663837872,-1.98001412003371,0.000151624545143185,0.00140667661234475,0.000763431066150832,2057,"tags=38%, list=13%, signal=33%","5690/10213/5719/5685/5684/10393/5718/8881/51433/11047/64682/7321/29882/7979/5694/5717/5689/5701/5686/5709/5691/29945/5707",0.518848077743792
"R-HSA-9931269","AMPK-induced ERAD and lysosome mediated degradation of PD-L1(CD274)",55,-0.487301826891642,-1.93379165930485,0.000152207582523866,0.00140667661234475,0.000763431066150832,2725,"tags=44%, list=17%, signal=36%","5687/91319/5704/5690/10213/5719/5685/5684/5718/5571/53632/11047/7979/5694/5717/5689/5562/5701/5686/5709/79139/7415/5691/5707",0.518848077743792
"R-HSA-163685","Integration of energy metabolism",100,-0.407683429838674,-1.81528934488931,0.000163177498381442,0.00149826612150233,0.000813138494290875,2647,"tags=35%, list=17%, signal=29%","2778/6844/32/111/23236/3747/51094/31/5568/5528/777/2771/5518/5313/5207/5331/2783/5906/6888/10411/196883/2740/5519/150/6812/112/3710/47/2181/10768/5515/775/3708/784/5577",0.518848077743792
"R-HSA-9766229","Degradation of CDH1",52,-0.495750718663547,-1.91160771572486,0.000170999832347954,0.00155995976090327,0.000846620845877054,2725,"tags=44%, list=17%, signal=37%","5687/5704/1495/5690/10213/5719/5685/5684/5718/2534/1500/11047/7979/5694/5717/5689/5701/6714/5686/5709/5691/5707/1499",0.518848077743792
"R-HSA-421270","Cell-cell junction organization",265,-0.302365960115095,-1.58485145101114,0.000180975825010594,0.0016403834395191,0.000890268358155736,2725,"tags=28%, list=17%, signal=23%","5687/8348/5704/4609/8344/154796/1495/27319/8368/3065/1487/8363/1009/687/3716/288/5690/10213/6663/1460/5584/5719/5685/5684/8341/7088/653604/5718/4301/27327/2534/72/1500/6935/11047/50855/3703/7979/1010/8331/9844/6938/5694/8338/5717/6774/9314/5689/5701/4790/5931/6714/26523/5686/5709/3717/253559/5691/746/27161/283106/23512/5707/23112/1499/6615/117581/1365/127544/7291/5595/58/59",0.518848077743792
"R-HSA-446728","Cell junction organization",292,-0.287197509597596,-1.48702038057181,0.000191607029586338,0.00172568369321708,0.000936562483651317,2479,"tags=25%, list=16%, signal=21%","154796/1495/27319/8368/3065/1487/8363/1009/687/3716/288/5690/10213/6663/1460/5584/5719/5685/5684/8341/29780/7088/653604/5718/6251/7016/4301/27327/2534/72/1500/6935/11047/50855/3703/55742/7979/1010/8331/9844/6938/5694/8338/5717/6774/9314/5689/5701/4790/5931/6714/26523/5686/5709/3717/253559/5691/746/27161/283106/23512/5707/23112/1499/6615/117581/1365/127544/7291/5595/58/59",0.518848077743792
"R-HSA-9675136","Diseases of DNA Double-Strand Break Repair",41,0.560886947407518,1.95954406919771,0.00019419297773316,0.00172697402839427,0.00093726277393223,4138,"tags=66%, list=27%, signal=48%","9156/5889/83695/6118/79728/7516/7486/1763/672/10635/6119/3364/5984/4683/5982/4361/83990/641/7156/5892/5932/84126/11073/116028/580/675/5810",0.518848077743792
"R-HSA-9701190","Defective homologous recombination repair (HRR) due to BRCA2 loss of function",41,0.560886947407518,1.95954406919771,0.00019419297773316,0.00172697402839427,0.00093726277393223,4138,"tags=66%, list=27%, signal=48%","9156/5889/83695/6118/79728/7516/7486/1763/672/10635/6119/3364/5984/4683/5982/4361/83990/641/7156/5892/5932/84126/11073/116028/580/675/5810",0.518848077743792
"R-HSA-5673000","RAF activation",36,-0.547045798818462,-1.93939500805859,0.000198631559565696,0.00175540640766183,0.000952693585411537,2760,"tags=47%, list=18%, signal=39%","5604/801/673/818/5528/3265/5518/817/8036/5526/5519/8315/6714/5501/3717/5515/5525",0.518848077743792
"R-HSA-8941858","Regulation of RUNX3 expression and activity",45,-0.518223939642123,-2.02603584295201,0.000200055514720766,0.00175700930319977,0.000953563508348137,2057,"tags=42%, list=13%, signal=37%","5690/865/10213/5719/5685/5684/5718/11047/7979/5694/5717/5689/5701/6714/5686/5709/2033/5691/5707",0.518848077743792
"R-HSA-1632852","Macroautophagy",139,-0.357271896009089,-1.69035259536205,0.000226557374156301,0.00197748226578401,0.00107321852173643,3030,"tags=34%, list=19%, signal=27%","140735/4077/7280/389541/7323/89849/8649/128866/27243/7334/8897/29110/9868/64419/84557/55669/1460/401505/9821/65018/55626/139341/5571/53632/5830/84749/8878/123/79643/7322/80086/55062/7431/7405/28956/5562/8678/10382/6714/10670/1080/347688/64121/55004/7415/11337/7277",0.518848077743792
"R-HSA-211733","Regulation of activated PAK-2p34 by proteasome mediated degradation",37,-0.55898066035381,-2.01689665680646,0.000229132016216269,0.00198768509772886,0.00107875579931755,2725,"tags=49%, list=17%, signal=40%","5687/5704/5690/10213/5719/5685/5684/5718/11047/7979/5694/5717/5689/5701/5686/5709/5691/5707",0.518848077743792
"R-HSA-9638630","Attachment of bacteria to epithelial cells",22,0.683774847970463,2.06265697532976,0.000234540618356009,0.00200994202639634,0.00109083507228814,2043,"tags=55%, list=13%, signal=47%","1282/1284/1288/3912/3910/1287/284217/3911/3913/3914/1289/3915",0.518848077743792
"R-HSA-9931953","Biofilm formation",22,0.683774847970463,2.06265697532976,0.000234540618356009,0.00200994202639634,0.00109083507228814,2043,"tags=55%, list=13%, signal=47%","1282/1284/1288/3912/3910/1287/284217/3911/3913/3914/1289/3915",0.518848077743792
"R-HSA-5632684","Hedgehog 'on' state",70,-0.446915370754358,-1.88185757702921,0.000242162344889357,0.00206275635947923,0.00111949844968396,2057,"tags=40%, list=13%, signal=35%","5690/10213/5719/5685/5684/91653/5718/8452/2622/6608/51684/3549/408/11047/11127/7979/5694/5717/5689/5701/9978/5686/5709/8405/5691/5707/50937/2619",0.518848077743792
"R-HSA-69563","p53-Dependent G1 DNA Damage Response",53,-0.482162526901133,-1.97355432496613,0.000250561038931763,0.00210888874434234,0.0011445354023503,2725,"tags=42%, list=17%, signal=34%","5687/5704/51230/5690/10213/5719/5685/5684/5718/11047/7979/5694/5717/5689/5701/5686/5709/25946/5691/57060/5707/64326",0.49849310876659
"R-HSA-69580","p53-Dependent G1/S DNA damage checkpoint",53,-0.482162526901133,-1.97355432496613,0.000250561038931763,0.00210888874434234,0.0011445354023503,2725,"tags=42%, list=17%, signal=34%","5687/5704/51230/5690/10213/5719/5685/5684/5718/11047/7979/5694/5717/5689/5701/5686/5709/25946/5691/57060/5707/64326",0.49849310876659
"R-HSA-5693579","Homologous DNA Pairing and Strand Exchange",43,0.555634120056194,1.92980845002938,0.000253114716823312,0.00211777638809564,0.00114935890143076,4138,"tags=65%, list=27%, signal=48%","9156/5889/83695/7517/6118/79728/7516/7486/1763/672/10635/6119/3364/5984/4683/5982/4361/83990/641/7156/5892/5932/84126/11073/116028/580/675/5810",0.49849310876659
"R-HSA-450408","AUF1 (hnRNP D0) binds and destabilizes mRNA",41,-0.536107535987172,-2.01870163805243,0.000256789069382781,0.00213588084768972,0.00115918454775821,2057,"tags=41%, list=13%, signal=36%","5690/10213/5719/5685/5684/5718/11047/7979/5694/5717/26986/5689/5701/5686/5709/5691/5707",0.49849310876659
"R-HSA-174178","APC/C:Cdh1 mediated degradation of Cdc20 and other APC/C:Cdh1 targeted proteins in late mitosis/early G1",61,-0.465173814290716,-1.92544363808442,0.000259767292814762,0.00214801726339224,0.00116577121927725,2057,"tags=38%, list=13%, signal=33%","5690/10213/5719/5685/5684/10393/5718/8881/51433/11047/64682/7321/29882/7979/5694/5717/5689/5701/5686/5709/5691/29945/5707",0.49849310876659
"R-HSA-72306","tRNA processing",111,0.425113147269324,1.75285648049058,0.000277301283014097,0.00225633866354678,0.00122455937376934,4893,"tags=50%, list=31%, signal=34%","10762/9883/51504/55746/54913/23636/11097/11260/127253/115708/81890/60528/23536/11102/348995/10775/9692/79691/10785/84705/84267/80746/116461/55006/24140/23225/54901/57122/55687/57604/25821/57570/55253/55644/348180/23279/4234/112858/339487/283742/9818/10799/84520/63892/54974/113179/221078/283989/10248/9836/55621/91801/10556/51605/10557",0.49849310876659
"R-HSA-9658195","Leishmania infection",145,-0.349217166897318,-1.66183146478318,0.000277654121256818,0.00225633866354678,0.00122455937376934,1766,"tags=24%, list=11%, signal=22%","2771/2773/6868/10787/5025/10096/2534/4627/3162/2783/10006/4641/10109/4791/196883/9844/10092/1398/4790/9051/8324/5747/6714/112/10628/10458/3710/4644/10768/10095/10451/5595/718/3708/5577",0.49849310876659
"R-HSA-9824443","Parasitic Infection Pathways",145,-0.349217166897318,-1.66183146478318,0.000277654121256818,0.00225633866354678,0.00122455937376934,1766,"tags=24%, list=11%, signal=22%","2771/2773/6868/10787/5025/10096/2534/4627/3162/2783/10006/4641/10109/4791/196883/9844/10092/1398/4790/9051/8324/5747/6714/112/10628/10458/3710/4644/10768/10095/10451/5595/718/3708/5577",0.49849310876659
"R-HSA-75815","Ubiquitin-dependent degradation of Cyclin D",39,-0.552977318676332,-2.06864049642778,0.00028268051357769,0.00228405854970774,0.0012396035012253,2725,"tags=46%, list=17%, signal=38%","5687/5704/5690/10213/5719/5685/5684/5718/11047/7979/5694/5717/5689/5701/5686/5709/5691/5707",0.49849310876659
"R-HSA-5610787","Hedgehog 'off' state",99,-0.396078600404101,-1.78244491980898,0.00029185378372811,0.00234477983063379,0.00127255813474136,3191,"tags=37%, list=20%, signal=30%","5573/5692/26160/7280/5687/5704/2778/111/23322/51098/5690/5568/10213/5719/5685/5684/5718/6608/51684/11047/11127/8454/7979/196883/5694/5717/5689/5701/9978/10382/112/5686/5709/5691/5707/5577/7277",0.49849310876659
"R-HSA-174437","Removal of the Flap Intermediate from the C-strand",17,0.719920736896665,2.03467053498681,0.00030267025055676,0.00237764296826255,0.0012903936059341,2006,"tags=59%, list=13%, signal=51%","5425/54386/6118/2237/7486/1763/7013/25913/6119/26277",0.49849310876659
"R-HSA-69615","G1/S DNA Damage Checkpoints",67,-0.446114319415549,-1.87544167560711,0.000300955230591091,0.00237764296826255,0.0012903936059341,2725,"tags=37%, list=17%, signal=31%","5687/5704/51230/1263/5690/10213/5719/5685/5684/5718/11047/8454/7979/5694/5717/5689/5701/9978/5686/5709/25946/5691/57060/5707/64326",0.49849310876659
"R-HSA-176409","APC/C:Cdc20 mediated degradation of mitotic proteins",63,-0.449959270206074,-1.8647986592904,0.000301093268123741,0.00237764296826255,0.0012903936059341,2057,"tags=37%, list=13%, signal=32%","5690/10213/5719/5685/5684/10393/5718/8881/51433/11047/64682/7321/29882/7979/5694/5717/5689/5701/5686/5709/5691/29945/5707",0.49849310876659
"R-HSA-8856688","Golgi-to-ER retrograde transport",129,-0.364767457364701,-1.70917119949146,0.000297701461951609,0.00237764296826255,0.0012903936059341,2398,"tags=26%, list=15%, signal=22%","5048/5861/372/89953/3796/55860/3797/23046/10540/1315/23299/11127/55614/10121/80086/830/51226/26958/10749/10382/22931/23095/9276/347688/381/1314/832/147700/22920/5321/8398/285643/55605/7277",0.49849310876659
"R-HSA-174113","SCF-beta-TrCP mediated degradation of Emi1",42,-0.520008634496246,-1.9732357956738,0.000325760035817957,0.00254488779362758,0.00138116066228247,2057,"tags=40%, list=13%, signal=35%","5690/10213/5719/5685/5684/5718/11047/8454/7979/5694/5717/5689/5701/5686/5709/5691/5707",0.49849310876659
"R-HSA-111885","Opioid Signalling",88,-0.406617014149557,-1.76693568886393,0.000337442740179619,0.00260734445144252,0.00141505711897013,2508,"tags=35%, list=16%, signal=30%","5332/801/111/23236/5532/5142/5568/5443/818/5528/2771/2773/5518/5580/5331/2783/196883/817/1020/5519/5141/112/3710/5321/5144/10768/5530/5515/5499/3708/5577",0.49849310876659
"R-HSA-73886","Chromosome Maintenance",121,0.409458575691372,1.71745106022641,0.000337241319993641,0.00260734445144252,0.00141505711897013,2406,"tags=30%, list=15%, signal=25%","4869/5425/201254/55355/80152/57082/79172/63922/94239/55320/54386/54069/85236/6118/2237/79682/2491/1736/3017/1060/7486/1763/387103/64946/55839/7013/25913/6119/26277/5984/5439/1058/8334/80119/5982/55505",0.49849310876659
"R-HSA-176408","Regulation of APC/C activators between G1/S and early anaphase",68,-0.438821658782137,-1.80722977314553,0.000361091327622507,0.00277490835466427,0.00150599734514744,2057,"tags=35%, list=13%, signal=31%","5690/10213/5719/5685/5684/10393/5718/8881/51433/11047/64682/7321/29882/8454/7979/5694/5717/5689/5701/5686/5709/5691/29945/5707",0.49849310876659
"R-HSA-9031628","NGF-stimulated transcription",38,-0.527339169090807,-1.97444896705049,0.000364258383387592,0.00278411542762192,0.00151099420474012,2200,"tags=42%, list=14%, signal=36%","6446/1960/4664/1108/4665/4209/6722/6457/3726/3398/6938/1020/1386/6236/466/2033",0.49849310876659
"R-HSA-446652","Interleukin-1 family signaling",124,-0.358750051237301,-1.65244723662848,0.000368176544574683,0.0027989335162828,0.00151903627292083,2848,"tags=32%, list=18%, signal=27%","57162/5608/5604/5687/23118/5778/5704/7334/4792/1147/29110/84867/64127/5690/10213/5719/5685/5684/5718/8807/25930/11047/8454/8878/6416/7979/4791/5694/5717/6774/5777/5689/5701/4790/9978/5686/5709/5691/5707/9173",0.49849310876659
"R-HSA-9709603","Impaired BRCA2 binding to PALB2",24,0.642456908966747,1.95102481113682,0.000388118488411794,0.00292345017214391,0.00158661391123753,3943,"tags=75%, list=25%, signal=56%","9156/5889/79728/7516/7486/1763/672/10635/4683/4361/83990/641/7156/5892/5932/116028/580/675",0.49849310876659
"R-HSA-6802957","Oncogenic MAPK signaling",81,-0.402980900064072,-1.74173394200335,0.000388690687668356,0.00292345017214391,0.00158661391123753,2465,"tags=30%, list=16%, signal=25%","801/1852/673/4000/818/3265/9444/27044/8546/408/9061/5906/817/9715/80853/8036/8315/5037/6714/5501/3717/4763/11221/5595",0.49849310876659
"R-HSA-176814","Activation of APC/C and APC/C:Cdc20 mediated degradation of mitotic proteins",64,-0.445026303278561,-1.8425711343299,0.000400458275133527,0.0029960211695175,0.0016259996189477,2057,"tags=36%, list=13%, signal=31%","5690/10213/5719/5685/5684/10393/5718/8881/51433/11047/64682/7321/29882/7979/5694/5717/5689/5701/5686/5709/5691/29945/5707",0.49849310876659
"R-HSA-8852276","The role of GTSE1 in G2/M progression after G2 checkpoint",64,-0.444245240219235,-1.83933724852,0.000409508084435561,0.00304760227048359,0.00165399369701667,2057,"tags=31%, list=13%, signal=27%","5690/10213/5719/5685/5684/5718/11047/7979/80086/5694/5717/5689/5701/10382/5686/347688/5709/5691/5707/7277",0.49849310876659
"R-HSA-3214842","HDMs demethylate histones",38,-0.522423002841254,-1.95604199115675,0.000439763419526012,0.00325563076026064,0.0017668948502359,4186,"tags=53%, list=27%, signal=39%","8294/8359/8355/333932/7404/8362/8242/8368/8363/9682/8284/653604/7403/84678/55818/5253/23135/80853/23210/22992",0.49849310876659
"R-HSA-5689603","UCH proteinases",83,-0.415173269195449,-1.81688115007214,0.000453246587798242,0.00333797226638913,0.00181158320522842,2057,"tags=30%, list=13%, signal=26%","5690/10213/10445/5719/5685/8332/5684/5718/54891/8473/9958/11047/7979/8331/5694/8338/5717/5689/5701/5686/8329/5709/5691/5707/92815",0.49849310876659
"R-HSA-69618","Mitotic Spindle Checkpoint",109,0.420834436913655,1.73755071339841,0.000491250039082459,0.00359910650395128,0.00195330589233434,3488,"tags=45%, list=22%, signal=35%","54908/11130/701/1063/8379/80152/348235/332/55746/147841/57082/55143/79172/699/6232/25936/25909/79980/151246/55055/83540/348995/79682/5527/220134/2491/57405/27338/1060/64946/55839/246184/11065/1058/57122/3619/991/9735/55166/5905/23421/81930/151648/91687/1062/23279/4085/54820/9212",0.477270815362862
"R-HSA-1266695","Interleukin-7 signaling",27,-0.570785808531571,-1.93753326183385,0.000503981593401328,0.00367335037664679,0.00199359950238636,3614,"tags=56%, list=23%, signal=43%","8355/8651/333932/8835/54014/3667/3561/3716/3574/653604/6774/3718/6776/5295/3082",0.477270815362862
"R-HSA-6790901","rRNA modification in the nucleus and cytosol",60,0.49584402900936,1.84735442835017,0.00050857525166613,0.00368782259413286,0.00200145385947738,5364,"tags=60%, list=34%, signal=39%","6187/51504/114049/25926/27341/1736/6201/10813/88745/51077/55127/55623/115939/55505/92856/79050/9790/9277/27042/10528/11056/65083/55226/6194/22984/10199/11103/5822/57647/10607/51202/54433/9136/27292/4809/51118",0.477270815362862
"R-HSA-438064","Post NMDA receptor activation events",80,-0.400065886543468,-1.73338830822807,0.000515305602021278,0.00371756184315351,0.00201759393487717,2713,"tags=30%, list=17%, signal=25%","2906/6197/801/2903/2902/3084/5568/818/3265/1741/2891/5571/53632/817/80086/1740/5562/10382/6714/347688/8536/5595/5577/7277",0.477270815362862
"R-HSA-9705683","SARS-CoV-2-host interactions",184,0.36714554256538,1.61457846773441,0.000530578899802101,0.00380831758538158,0.00206684886130478,3950,"tags=35%, list=25%, signal=27%","6187/6228/10762/3133/57506/3921/9883/3654/3454/567/6218/55746/6637/6231/6230/6224/3320/7297/23636/11097/6232/3106/89122/22863/1387/6773/6189/348995/3838/6233/6201/7706/10392/6235/6210/9636/6204/7284/23225/6234/7529/57122/79833/3661/5781/6205/3107/64398/6772/340061/6606/3455/7187/81631/10207/23279/8767/65082/23339/50628/54960/84282/9818/6191/6194",0.477270815362862
"R-HSA-9006936","Signaling by TGFB family members",149,-0.334687153826097,-1.60587197273101,0.00054623320462641,0.00390087753202901,0.00211708296495859,1807,"tags=24%, list=12%, signal=22%","4054/4221/51592/904/3623/27327/4089/9958/3726/408/4323/50855/7321/5494/9611/4086/6938/1024/7050/26523/7043/5501/9110/2033/8239/10273/27161/650/23112/55851/6925/4052/5595/5499/3625/7049",0.477270815362862
"R-HSA-73884","Base Excision Repair",76,0.456051764848697,1.75457674096142,0.000554937550671686,0.00394312410376766,0.00214001101041027,2629,"tags=34%, list=17%, signal=29%","328/5425/142/7374/94239/54386/85236/4350/11284/6118/8930/2237/10038/3017/79661/54107/4595/7013/25913/6119/26277/5984/8334/5982/252969/6996",0.477270815362862
"R-HSA-8878171","Transcriptional regulation by RUNX1",193,-0.32120319404014,-1.58178922118336,0.000579956180941602,0.00410029019925713,0.00222530814181156,2772,"tags=31%, list=18%, signal=25%","57678/8784/5687/8348/5704/4297/8344/902/8368/3065/8013/8363/10398/1515/6045/55193/5690/865/8085/10213/3958/1460/5719/5685/4005/5684/8341/55170/860/653604/5718/27327/23429/11047/7979/84661/8331/6938/5694/8338/5717/6601/5689/5701/2099/6714/26523/5686/5709/10138/2033/1998/5691/27161/5707/23112/8861/8850/196528",0.477270815362862
"R-HSA-216083","Integrin cell surface interactions",78,0.452516696386202,1.77917550658955,0.000593266847590047,0.00417352896762351,0.00226505626197425,1422,"tags=27%, list=9%, signal=25%","1282/1294/1284/1293/3371/1292/83700/1291/375790/1288/682/3676/3696/3675/22801/7057/1287/960/80781/1299/1295",0.477270815362862
"R-HSA-4839743","Signaling by CTNNB1 phospho-site mutants",15,-0.707562282942017,-2.06932433049235,0.000619296332417273,0.00421002410595204,0.00228486289138641,1912,"tags=60%, list=12%, signal=53%","5528/5518/139285/324/5526/5519/5515/1499/5525",0.477270815362862
"R-HSA-5339716","Signaling by GSK3beta mutants",15,-0.707562282942017,-2.06932433049235,0.000619296332417273,0.00421002410595204,0.00228486289138641,1912,"tags=60%, list=12%, signal=53%","5528/5518/139285/324/5526/5519/5515/1499/5525",0.477270815362862
"R-HSA-5358747","CTNNB1 S33 mutants aren't phosphorylated",15,-0.707562282942017,-2.06932433049235,0.000619296332417273,0.00421002410595204,0.00228486289138641,1912,"tags=60%, list=12%, signal=53%","5528/5518/139285/324/5526/5519/5515/1499/5525",0.477270815362862
"R-HSA-5358749","CTNNB1 S37 mutants aren't phosphorylated",15,-0.707562282942017,-2.06932433049235,0.000619296332417273,0.00421002410595204,0.00228486289138641,1912,"tags=60%, list=12%, signal=53%","5528/5518/139285/324/5526/5519/5515/1499/5525",0.477270815362862
"R-HSA-5358751","CTNNB1 S45 mutants aren't phosphorylated",15,-0.707562282942017,-2.06932433049235,0.000619296332417273,0.00421002410595204,0.00228486289138641,1912,"tags=60%, list=12%, signal=53%","5528/5518/139285/324/5526/5519/5515/1499/5525",0.477270815362862
"R-HSA-5358752","CTNNB1 T41 mutants aren't phosphorylated",15,-0.707562282942017,-2.06932433049235,0.000619296332417273,0.00421002410595204,0.00228486289138641,1912,"tags=60%, list=12%, signal=53%","5528/5518/139285/324/5526/5519/5515/1499/5525",0.477270815362862
"R-HSA-9758941","Gastrulation",103,-0.383649293837961,-1.74418098198395,0.000615344751831282,0.00421002410595204,0.00228486289138641,2057,"tags=30%, list=13%, signal=26%","5690/10213/5719/5685/5684/51592/5718/3169/4089/3549/11047/2260/7979/6657/5694/5717/6934/5689/5701/2648/5077/5686/5709/2033/2296/5691/5707/1499/6615/8850/3516",0.477270815362862
"R-HSA-2029485","Role of phospholipids in phagocytosis",20,-0.634556052605387,-2.00865465442439,0.000654864027057312,0.00443051547492363,0.00240452789428317,545,"tags=30%, list=3%, signal=29%","5295/3710/5290/10768/8398/3708",0.477270815362862
"R-HSA-157858","Gap junction trafficking and regulation",39,-0.530425980038597,-1.98427788194235,0.000669291609253042,0.00450307737497889,0.00244390866469975,939,"tags=21%, list=6%, signal=19%","80086/1601/10382/6714/347688/1759/1213/7277",0.477270815362862
"R-HSA-9612973","Autophagy",153,-0.331759558245776,-1.59587261766356,0.000671958505035747,0.00450307737497889,0.00244390866469975,3496,"tags=35%, list=22%, signal=28%","23710/7846/51143/7419/55054/51160/140735/4077/7280/389541/7323/89849/8649/128866/27243/7334/8897/29110/9868/64419/84557/55669/1460/401505/9821/65018/55626/139341/5571/53632/5830/7251/84749/8878/123/79643/7322/80086/55062/7431/7405/28956/5562/8678/10382/6714/10670/1080/347688/64121/55004/7415/11337/7277",0.477270815362862
"R-HSA-3000178","ECM proteoglycans",73,0.45796860502513,1.76502958750459,0.000685362481834764,0.00457123844016206,0.002480901015469,2101,"tags=29%, list=13%, signal=25%","1282/5054/1284/1293/3371/1292/1291/375790/1288/7040/3912/3910/4038/1287/284217/1299/3911/3913/1289/3915/1298",0.477270815362862
"R-HSA-196299","Beta-catenin phosphorylation cascade",17,-0.684767211774751,-2.01338493476219,0.000707442900457522,0.00469635803402318,0.00254880588009779,1912,"tags=53%, list=12%, signal=46%","5528/5518/139285/324/5526/5519/5515/1499/5525",0.477270815362862
"R-HSA-9664407","Parasite infection",56,-0.452537682518431,-1.86081369811006,0.000732055058491089,0.00479224931808518,0.00260084796609224,3679,"tags=48%, list=24%, signal=37%","55845/63916/25/23191/3071/2268/998/644150/4620/4690/10787/10096/2534/4627/10006/4641/10109/9844/10092/1398/5747/6714/10458/4644/10095/10451/5595",0.477270815362862
"R-HSA-9664417","Leishmania phagocytosis",56,-0.452537682518431,-1.86081369811006,0.000732055058491089,0.00479224931808518,0.00260084796609224,3679,"tags=48%, list=24%, signal=37%","55845/63916/25/23191/3071/2268/998/644150/4620/4690/10787/10096/2534/4627/10006/4641/10109/9844/10092/1398/5747/6714/10458/4644/10095/10451/5595",0.477270815362862
"R-HSA-9664422","FCGR3A-mediated phagocytosis",56,-0.452537682518431,-1.86081369811006,0.000732055058491089,0.00479224931808518,0.00260084796609224,3679,"tags=48%, list=24%, signal=37%","55845/63916/25/23191/3071/2268/998/644150/4620/4690/10787/10096/2534/4627/10006/4641/10109/9844/10092/1398/5747/6714/10458/4644/10095/10451/5595",0.477270815362862
"R-HSA-5693616","Presynaptic phase of homologous DNA pairing and strand exchange",40,0.533629724725707,1.85326527179093,0.000758735415541379,0.00494401786901157,0.00268321574389212,4138,"tags=62%, list=27%, signal=46%","9156/5889/83695/6118/7516/7486/1763/672/6119/3364/5984/4683/5982/4361/83990/641/7156/5892/5932/84126/11073/116028/580/675/5810",0.477270815362862
"R-HSA-8939236","RUNX1 regulates transcription of genes involved in differentiation of HSCs",95,-0.382556831594348,-1.74040793833101,0.000766689363433043,0.00497293009125836,0.00269890697559452,3696,"tags=42%, list=24%, signal=32%","2625/8355/5702/333932/25/3020/5692/8362/5687/8348/5704/4297/8344/902/8368/8363/5690/865/10213/5719/5685/4005/5684/8341/653604/5718/11047/7979/8331/6938/5694/8338/5717/5689/5701/5686/5709/5691/5707/8861",0.477270815362862
"R-HSA-9839394","TGFBR3 expression",21,-0.622205715646296,-2.00860183076532,0.000825946949510201,0.00533282642286495,0.00289422979373978,1511,"tags=43%, list=10%, signal=39%","27327/4089/6938/26523/2033/27161/23112/6925/7049",0.477270815362862
"R-HSA-1445148","Translocation of SLC2A4 (GLUT4) to the plasma membrane",71,-0.413400520012138,-1.73174547652883,0.000873000305710816,0.00561101105579588,0.00304520606578516,1632,"tags=27%, list=10%, signal=24%","7533/7531/4627/4218/5571/4012/53632/60412/10890/4641/55763/11127/80086/6810/10382/347688/4644/22920/7277",0.477270815362862
"R-HSA-9678108","SARS-CoV-1 Infection",137,0.383027935762419,1.62749051952536,0.000878575852511299,0.00562129527353383,0.00305078751303701,3215,"tags=33%, list=21%, signal=26%","5478/6187/6228/4869/57506/3921/1514/6218/6231/6230/6224/3178/143/1915/51652/6232/5589/4088/7428/6189/3838/54625/6233/6201/7706/6235/6210/6204/56965/598/861/6234/7529/6480/11123/3661/6205/8737/64398/340061/29108/6482/7187/256435/81631",0.477270815362862
"R-HSA-8853884","Transcriptional Regulation by VENTX",39,-0.523176234278487,-1.95715720779957,0.000980098152443125,0.00621461339710573,0.00337279292897272,1702,"tags=38%, list=11%, signal=34%","10393/8881/27327/1051/51433/64682/7321/29882/6934/4790/26523/29945/23112/1499/10919",0.45505986738723
"R-HSA-186763","Downstream signal transduction",28,-0.558667135552926,-1.88280153282172,0.000979531022644569,0.00621461339710573,0.00337279292897272,2418,"tags=46%, list=16%, signal=39%","5291/4690/3265/2889/5159/5921/6774/1398/6776/6714/5295/5290/5156",0.45505986738723
"R-HSA-9024446","NR1H2 and NR1H3-mediated signaling",42,-0.488469382829113,-1.85355628223911,0.000989265254302286,0.00622763484438462,0.00337985992453638,4103,"tags=50%, list=26%, signal=37%","6256/57690/8204/64240/27329/4343/6319/64241/7376/6907/9682/6720/27327/29116/8841/9611/55818/26523/2033/27161/23112",0.45505986738723
"R-HSA-9010553","Regulation of expression of SLITs and ROBOs",149,0.365113001804844,1.55407609747476,0.000990960282875913,0.00622763484438462,0.00337985992453638,2271,"tags=27%, list=15%, signal=23%","6187/6130/6128/6228/6146/3921/6091/6159/6129/6171/116832/6133/6218/6231/6230/6136/6224/6144/23521/6232/51121/6124/9045/64221/1287/6158/10921/6189/6122/6233/6201/6170/65110/6173/6235/6210/6204/9939/6921/6234",0.45505986738723
"R-HSA-2022090","Assembly of collagen fibrils and other multimeric structures",59,0.470534786285852,1.76316478257491,0.00101626023436129,0.00635837155480914,0.00345081330881002,2301,"tags=37%, list=15%, signal=32%","1282/1294/1284/1301/1293/1292/7837/4017/1291/1514/1288/1306/85301/1287/80781/1508/1299/1295/3914/1289/1298/977",0.45505986738723
"R-HSA-199418","Negative regulation of the PI3K/AKT network",102,-0.366319721318395,-1.66817114923518,0.00106011644715047,0.00660354474128092,0.00358387361954324,2079,"tags=25%, list=13%, signal=21%","3084/4254/5528/5518/2255/2534/5159/23239/2260/5526/5519/2099/6714/5295/8395/5290/5515/9173/5728/2263/5525/5595/5156/3082/2252",0.45505986738723
"R-HSA-437239","Recycling pathway of L1",47,-0.476899714222953,-1.81692622492351,0.00106542191015795,0.00660748500422519,0.00358601207774612,939,"tags=21%, list=6%, signal=20%","80086/161/10382/6714/347688/1759/1213/285643/9252/7277",0.45505986738723
"R-HSA-2132295","MHC class II antigen presentation",113,-0.359701372252975,-1.66603677638938,0.00108474366035673,0.00669793683731187,0.00363510206670496,2141,"tags=25%, list=14%, signal=22%","89953/3796/5476/55860/1211/10427/3797/10540/164/11127/7879/10121/80086/830/10120/22872/161/10382/347688/3127/1759/832/147700/22920/1174/1213/285643/7277",0.45505986738723
"R-HSA-9020702","Interleukin-1 signaling",97,-0.373665205023182,-1.67102588213494,0.00109109929370743,0.00670788870131435,0.00364050313904733,2848,"tags=33%, list=18%, signal=27%","57162/5608/5604/5687/23118/5704/7334/4792/1147/64127/5690/10213/5719/5685/5684/5718/11047/8454/8878/6416/7979/4791/5694/5717/5689/5701/4790/9978/5686/5709/5691/5707",0.45505986738723
"R-HSA-5685938","HDR through Single Strand Annealing (SSA)",38,0.543260027054238,1.83344571213627,0.0011064123519256,0.00677258469966579,0.00367561492989086,4138,"tags=61%, list=27%, signal=45%","9156/83695/6118/2067/7486/1763/672/6119/3364/5984/4683/5982/4361/83990/641/7156/5932/84126/11073/116028/580/5893/5810",0.45505986738723
"R-HSA-4608870","Asymmetric localization of PCP proteins",51,-0.46161236071528,-1.83591991398001,0.00116072878086616,0.00707444179372738,0.00383943871221742,2057,"tags=39%, list=13%, signal=34%","5690/10213/5719/5685/5684/5718/8321/11047/50855/7979/7855/5694/5717/5689/5701/8324/5686/5709/5691/5707",0.45505986738723
"R-HSA-70263","Gluconeogenesis",17,-0.670806420417949,-1.97233675588941,0.00118346817345124,0.00718207724145947,0.00389785458683751,221,"tags=29%, list=1%, signal=29%","5230/2026/5091/230/2027",0.45505986738723
"R-HSA-5668541","TNFR2 non-canonical NF-kB pathway",80,-0.386018343593187,-1.67252371684856,0.00122391206334718,0.00739577631441415,0.00401383327708479,2735,"tags=36%, list=18%, signal=30%","8784/5687/5704/9040/5971/8740/10913/1147/5690/10213/1896/5719/5685/5684/5718/11047/8454/7979/4791/5694/5717/9039/5689/5701/3604/5686/5709/5691/5707",0.45505986738723
"R-HSA-174414","Processive synthesis on the C-strand of the telomere",19,0.663405155530335,1.90597938891261,0.00123022664015996,0.00740229986887739,0.00401737373840707,2006,"tags=53%, list=13%, signal=46%","5425/54386/6118/2237/7486/1763/7013/25913/6119/26277",0.45505986738723
"R-HSA-9907900","Proteasome assembly",51,-0.459489624416588,-1.82747738909429,0.00123659235998605,0.00740907456364522,0.00402105049851246,2057,"tags=37%, list=13%, signal=32%","5690/10213/5710/5719/5685/5720/5684/5718/23198/11047/7979/5694/5717/5689/5701/5686/5709/5691/5707",0.45505986738723
"R-HSA-69052","Switching of origins to a post-replicative state",79,-0.405011593548394,-1.70581624351944,0.00124842189160582,0.0074483905262896,0.00404238804476505,2057,"tags=33%, list=13%, signal=29%","5690/10213/5719/5685/5684/10393/5718/8881/51433/11047/64682/7321/29882/8454/7979/4175/5694/5717/5689/5701/9978/5686/5709/5691/29945/5707",0.45505986738723
"R-HSA-9620244","Long-term potentiation",24,-0.594156571968292,-1.92905068111098,0.00125530061951157,0.00745796250415695,0.00404758294542972,2713,"tags=46%, list=17%, signal=38%","2906/801/2903/2902/3084/818/1741/2891/817/1740/6714",0.45505986738723
"R-HSA-5687128","MAPK6/MAPK4 signaling",75,-0.403340346198128,-1.73197117066687,0.00131933814157986,0.00780562398407502,0.00423626566891014,2057,"tags=33%, list=13%, signal=29%","5690/5568/10213/5719/5685/5684/5718/27327/5058/148170/11047/7979/5694/5717/5689/5701/2308/26523/5686/5709/5691/27161/5707/23112/8997",0.45505986738723
"R-HSA-1428517","Aerobic respiration and respiratory electron transport",252,0.329366954619626,1.49862388883571,0.00132684422901311,0.00781732391593556,0.00424261545206272,1892,"tags=21%, list=12%, signal=18%","4514/4513/4538/4508/4512/4535/4519/4540/5018/2739/55744/54205/513/4698/55101/4710/3945/51300/1349/4537/539/4694/57226/7388/1345/9556/4725/25994/90639/27089/514/4711/4536/1347/284184/6341/1337/6233/126328/8801/57128/81689/55863/90624/29090/51204/90871/1353/4509/9551/4717/7416",0.45505986738723
"R-HSA-422356","Regulation of insulin secretion",71,-0.405269359498466,-1.69768383471457,0.00135373844541238,0.00790986017278142,0.00429283669879524,2647,"tags=32%, list=17%, signal=27%","2778/6844/111/23236/3747/5568/777/2771/5331/2783/5906/10411/2740/150/6812/112/3710/2181/10768/775/3708/784/5577",0.45505986738723
"R-HSA-9006931","Signaling by Nuclear Receptors",259,-0.283021799293899,-1.47396620619805,0.00134938338377775,0.00790986017278142,0.00429283669879524,4255,"tags=39%, list=27%, signal=29%","8337/6667/7391/8294/6256/57690/8359/8204/2790/64240/3021/8312/27329/1655/5440/857/10498/5914/4846/2625/1105/8355/1027/4343/9249/6319/5163/5241/333932/5438/3020/8362/5161/1737/64241/2171/57678/8348/5469/4609/5435/8344/5430/801/8368/5431/3065/1738/8363/6258/7376/10524/865/6907/9682/1025/5481/4314/3265/8341/2771/2773/653604/904/6720/27327/3169/6722/596/5885/29116/10735/8841/2783/10170/9611/55818/9166/8331/10499/4313/4318/5166/8338/2099/1386/5747/6714/26523/5295/5290/2033/5160/6387/27161/5165/23112/8850/5595/5916",0.45505986738723
"R-HSA-190828","Gap junction trafficking",37,-0.5158206450812,-1.86116803024549,0.00140726525606173,0.00818877807436744,0.00444421093016278,939,"tags=19%, list=6%, signal=18%","80086/1601/10382/347688/1759/1213/7277",0.45505986738723
"R-HSA-9659379","Sensory processing of sound",64,-0.413653231348848,-1.71267517917607,0.00141487430246389,0.00819931255608172,0.00444992820059715,2800,"tags=34%, list=18%, signal=28%","340990/6844/2059/9381/490/3781/5864/64787/4627/9478/51168/4641/339768/129446/830/2934/4647/832/23136/2036/8927/4354",0.45505986738723
"R-HSA-5693554","Resolution of D-loop Structures through Synthesis-Dependent Strand Annealing (SDSA)",27,0.583649523575632,1.83101881599235,0.00144487000108075,0.00833896400623747,0.00452571978947144,3943,"tags=70%, list=25%, signal=53%","9156/5889/7517/79728/7516/7486/1763/672/10635/4683/4361/83990/641/7156/5892/5932/116028/580/675",0.45505986738723
"R-HSA-3214841","PKMTs methylate histone lysines",56,-0.436917824091701,-1.79658557381056,0.00149059748961315,0.00856790589558129,0.00464997105599175,4205,"tags=48%, list=27%, signal=35%","29072/8294/5928/64324/8359/6839/5929/8355/8726/333932/64754/8362/4297/8368/8363/55870/8085/79918/653604/9869/84661/4791/4790/5931/121536/23512/10919",0.45505986738723
"R-HSA-3108214","SUMOylation of DNA damage response and repair proteins",76,0.437802925123903,1.68436762831545,0.00156122689222201,0.00893754990122235,0.00485058412856743,3405,"tags=34%, list=22%, signal=27%","10762/9883/9656/6672/84733/142/55746/7508/165918/5371/23636/11097/348995/6612/7486/672/56160/6015/23225/57122/8535/6996/641/1911/51588/23279",0.45505986738723
"R-HSA-165159","MTOR signalling",51,-0.454293830071205,-1.80681272948064,0.00159985298943489,0.00911195869087318,0.00494523920924532,1511,"tags=27%, list=10%, signal=25%","27327/5571/53632/6198/5494/28956/5562/26523/10670/64121/55004/27161/23112/5230",0.45505986738723
"R-HSA-174417","Telomere C-strand (Lagging Strand) Synthesis",32,0.555239599830177,1.79614988620434,0.00160458112731784,0.00911195869087318,0.00494523920924532,2883,"tags=44%, list=19%, signal=36%","5425/63922/54386/6118/2237/7486/1763/7013/25913/6119/26277/5984/5982/641",0.45505986738723
"R-HSA-2871809","FCERI mediated Ca+2 mobilization",29,-0.543208282295337,-1.85466943778939,0.00171718409399286,0.00971239323562364,0.00527110684693111,427,"tags=21%, list=3%, signal=20%","3710/4775/10768/5530/10451/3708",0.45505986738723
"R-HSA-6782315","tRNA modification in the nucleus and cytosol",45,0.502807835774895,1.76619634595038,0.00177449967904383,0.00999658384927483,0.00542534268284804,4882,"tags=58%, list=31%, signal=40%","51504/127253/115708/81890/23536/79691/10785/84267/24140/54901/57604/57570/55253/55644/348180/4234/112858/84520/63892/54974/113179/221078/9836/55621/91801/51605",0.45505986738723
"R-HSA-6811558","PI5P, PP2A and IER3 Regulate PI3K/AKT Signaling",95,-0.36641956297233,-1.66699288442728,0.00189511772693986,0.0106337161344959,0.00577112690611358,2079,"tags=24%, list=13%, signal=21%","3084/4254/5528/5518/2255/2534/5159/2260/5526/5519/2099/6714/5295/8395/5290/5515/9173/2263/5525/5595/5156/3082/2252",0.45505986738723
"R-HSA-8951664","Neddylation",221,-0.291639253241313,-1.4532282881954,0.00194223825120908,0.01085503907988,0.00589124322188612,2882,"tags=32%, list=19%, signal=26%","23412/144699/9306/7323/51676/79791/5687/80204/5704/11275/9040/55884/56929/9318/55827/8453/6923/25879/23038/5690/140461/50813/10213/5719/5685/5684/55294/26234/5718/8452/150684/139285/114907/84261/23369/10072/11047/9820/7321/8454/8878/10489/7979/4780/7322/55175/28952/5694/5717/10987/9039/5689/84259/55958/5701/9978/5931/84861/84961/84727/26272/5686/5709/51138/7415/5691/5707/56995/64326/1642",0.45505986738723
"R-HSA-2214320","Anchoring fibril formation",15,0.686971609239746,1.82909536835271,0.0019661213516655,0.0109452582332875,0.00594020693100636,1750,"tags=40%, list=11%, signal=36%","1282/1294/1284/1288/1287/3914",0.431707695803346
"R-HSA-1222556","ROS and RNS production in phagocytes",33,-0.533213852037122,-1.88703740408496,0.00198770874719817,0.0110220398766205,0.00598187783910001,1951,"tags=36%, list=13%, signal=32%","9550/9296/4689/9114/23545/50617/535/533/51606/528/523/10312",0.431707695803346
"R-HSA-9701192","Defective homologous recombination repair (HRR) due to BRCA1 loss of function",25,0.593697352419429,1.80664156337245,0.00202667877283095,0.0110645705976176,0.00600496009794336,3943,"tags=72%, list=25%, signal=54%","9156/5889/79728/7516/7486/1763/672/10635/4683/4361/83990/641/7156/5892/5932/116028/580/675",0.431707695803346
"R-HSA-9701193","Defective homologous recombination repair (HRR) due to PALB2 loss of function",25,0.593697352419429,1.80664156337245,0.00202667877283095,0.0110645705976176,0.00600496009794336,3943,"tags=72%, list=25%, signal=54%","9156/5889/79728/7516/7486/1763/672/10635/4683/4361/83990/641/7156/5892/5932/116028/580/675",0.431707695803346
"R-HSA-9704331","Defective HDR through Homologous Recombination Repair (HRR) due to PALB2 loss of BRCA1 binding function",25,0.593697352419429,1.80664156337245,0.00202667877283095,0.0110645705976176,0.00600496009794336,3943,"tags=72%, list=25%, signal=54%","9156/5889/79728/7516/7486/1763/672/10635/4683/4361/83990/641/7156/5892/5932/116028/580/675",0.431707695803346
"R-HSA-9704646","Defective HDR through Homologous Recombination Repair (HRR) due to PALB2 loss of BRCA2/RAD51/RAD51C binding function",25,0.593697352419429,1.80664156337245,0.00202667877283095,0.0110645705976176,0.00600496009794336,3943,"tags=72%, list=25%, signal=54%","9156/5889/79728/7516/7486/1763/672/10635/4683/4361/83990/641/7156/5892/5932/116028/580/675",0.431707695803346
"R-HSA-8878159","Transcriptional regulation by RUNX3",86,-0.368494701904931,-1.61537418662809,0.0021017309375489,0.0114301828680544,0.00620338506852145,2057,"tags=31%, list=13%, signal=27%","5690/865/10213/5719/5685/5684/5718/4089/11047/7979/5694/5717/6934/5689/5701/2648/6714/9759/5686/5709/2033/5691/5707/1499/8850/3516/6696",0.431707695803346
"R-HSA-9648025","EML4 and NUDC in mitotic spindle formation",113,0.390666647398718,1.59925137931852,0.00211374787828423,0.0114514923367582,0.00621495013633368,3488,"tags=42%, list=22%, signal=33%","54908/11130/701/1063/8379/80152/348235/332/55746/147841/57082/10783/55143/79172/699/6232/25936/25909/79980/151246/55055/83540/348995/79682/5527/220134/2491/57405/1060/64946/55839/1058/57122/3619/991/9735/55166/5905/23421/81930/151648/91687/1062/23279/4085/54820/9212",0.431707695803346
"R-HSA-110373","Resolution of AP sites via the multiple-nucleotide patch replacement pathway",25,0.590579286875877,1.79715318215373,0.00213622608929563,0.0115290980544428,0.00625706828578709,2364,"tags=40%, list=15%, signal=34%","328/5425/142/6118/2237/10038/54107/6119/5984/5982",0.431707695803346
"R-HSA-432142","Platelet sensitization by LDL",17,-0.653138809063157,-1.92038960958436,0.00217607623954949,0.0116995125578821,0.00634955558877234,2958,"tags=65%, list=19%, signal=52%","2268/338/5528/5518/7804/5777/5526/5519/5321/5515/5525",0.431707695803346
"R-HSA-210991","Basigin interactions",24,0.60222644942602,1.82885222083247,0.00224204920864817,0.011933191501402,0.00647637774776956,2049,"tags=42%, list=13%, signal=36%","5478/3897/4312/682/9123/23428/3675/8140/23657/481",0.431707695803346
"R-HSA-606279","Deposition of new CENPA-containing nucleosomes at the centromere",58,0.460269470129418,1.70965194187333,0.00224485780719444,0.011933191501402,0.00647637774776956,1661,"tags=29%, list=11%, signal=26%","4869/201254/55355/80152/57082/79172/94239/55320/54069/85236/79682/2491/3017/1060/387103/64946/55839",0.431707695803346
"R-HSA-774815","Nucleosome assembly",58,0.460269470129418,1.70965194187333,0.00224485780719444,0.011933191501402,0.00647637774776956,1661,"tags=29%, list=11%, signal=26%","4869/201254/55355/80152/57082/79172/94239/55320/54069/85236/79682/2491/3017/1060/387103/64946/55839",0.431707695803346
"R-HSA-397014","Muscle contraction",183,-0.306667176845991,-1.49240266884216,0.0023804527545708,0.0126065924904985,0.00684184571001571,2465,"tags=23%, list=16%, signal=20%","801/490/480/10398/476/7134/103910/53822/4882/8911/338567/6261/818/25802/1674/483/5058/51305/301/488/72/487/10089/6324/89/492/817/3759/7431/4881/7273/58498/3710/204851/10768/775/8850/3708/217/4311/58/4629/59",0.431707695803346
"R-HSA-194138","Signaling by VEGF",105,-0.348372071018193,-1.59269231584244,0.00248075202151,0.013040086834257,0.00707711161699219,2465,"tags=31%, list=16%, signal=27%","801/1495/5291/7422/4690/5568/7423/3265/10787/5580/4689/2534/5058/1500/10006/2185/9844/5921/253260/1398/5747/6714/5295/10458/3710/5290/14/10768/2277/1499/10451/8828/3708",0.431707695803346
"R-HSA-9711097","Cellular response to starvation",145,0.36137321672198,1.56296273911111,0.00247154318324376,0.013040086834257,0.00707711161699219,2288,"tags=26%, list=15%, signal=23%","6187/6130/6128/6228/6146/3921/6159/6129/6171/116832/6133/23677/6218/6231/6230/6136/6224/6144/23521/6232/51121/6124/9045/6158/6189/6122/6233/6201/6170/57761/6173/6235/6210/440275/6204/1968/6234/58528",0.431707695803346
"R-HSA-9948299","Ribosome-associated quality control",134,0.363502003216341,1.53336337171653,0.00259246639779408,0.0135768425425216,0.00736841949758596,2271,"tags=25%, list=15%, signal=22%","6187/6130/6128/6228/6146/3921/6159/6129/6171/116832/6133/6218/6231/6230/6136/6224/6144/23521/6232/51121/6124/9045/6158/6189/6122/6233/6201/6170/6173/6235/6210/6204/6921/6234",0.431707695803346
"R-HSA-174143","APC/C-mediated degradation of cell cycle proteins",75,-0.389147098570363,-1.671024389763,0.00263608314793693,0.0136535588688015,0.00741005495683016,2057,"tags=32%, list=13%, signal=28%","5690/10213/5719/5685/5684/10393/5718/8881/51433/11047/64682/7321/29882/8454/7979/5694/5717/5689/5701/5686/5709/5691/29945/5707",0.431707695803346
"R-HSA-453276","Regulation of mitotic cell cycle",75,-0.389147098570363,-1.671024389763,0.00263608314793693,0.0136535588688015,0.00741005495683016,2057,"tags=32%, list=13%, signal=28%","5690/10213/5719/5685/5684/10393/5718/8881/51433/11047/64682/7321/29882/8454/7979/5694/5717/5689/5701/5686/5709/5691/29945/5707",0.431707695803346
"R-HSA-15869","Metabolism of nucleotides",89,0.412050304309263,1.63029230552828,0.00263199139368252,0.0136535588688015,0.00741005495683016,2705,"tags=36%, list=17%, signal=30%","955/6241/1854/7378/4833/1635/131870/4907/2987/1806/9583/11164/4521/204/2618/55270/1841/205/4830/8226/7083/1716/7295/4831/353/51292/953/2936/7298/54963/83549/51251",0.431707695803346
"R-HSA-1251985","Nuclear signaling by ERBB4",31,-0.504313784905844,-1.77198232526154,0.00271422975282364,0.0140070104762505,0.00760188009641053,4319,"tags=48%, list=28%, signal=35%","10718/9542/23385/5241/6285/23118/3084/51107/6868/9611/6776/2099/6714/6387/55851",0.431707695803346
"R-HSA-438066","Unblocking of NMDA receptors, glutamate binding and activation",21,-0.580585131123007,-1.87424243777234,0.00281680959776157,0.0144310462725901,0.00783201266365785,2713,"tags=43%, list=17%, signal=35%","2906/801/2903/2902/818/1741/2891/817/1740",0.431707695803346
"R-HSA-376176","Signaling by ROBO receptors",192,0.337569726543145,1.49706848755979,0.00281276921638393,0.0144310462725901,0.00783201266365785,2271,"tags=25%, list=15%, signal=22%","6187/6130/6128/6228/6146/3921/6091/6159/6129/6171/57522/116832/5217/10486/6133/6218/6231/6230/6136/6224/5879/6144/23521/6232/5578/51121/6124/9045/64221/1287/5062/6158/10921/6189/6122/8829/6233/6201/6170/65110/6173/6235/6210/4650/6204/9939/6921/6234",0.431707695803346
"R-HSA-112315","Transmission across Chemical Synapses",244,-0.272609951656557,-1.38051557160571,0.0028947569455435,0.0147768459241824,0.00801968493628464,3452,"tags=30%, list=22%, signal=23%","783/7846/108/140679/10369/26960/2899/5573/3765/8573/1135/10815/6511/774/7280/2906/2567/8497/6844/6197/801/9256/160/111/23236/55327/1103/2903/2902/3084/6539/5568/6532/818/777/5864/27020/3265/2771/2773/1741/9463/1137/2891/27163/5331/5571/55799/53632/6531/2783/2901/196883/817/3759/80086/1740/161/5562/6812/10382/6714/112/347688/2036/8536/5595/4128/784/5577/217/7277",0.431707695803346
"R-HSA-499943","Interconversion of nucleotide di- and triphosphates",29,0.553806344970962,1.77892981144382,0.00299452093144889,0.0152311244498875,0.00826623082761814,3273,"tags=52%, list=21%, signal=41%","6241/1854/4833/1635/2987/204/1841/205/4830/7295/4831/2936/7298/7296/79077",0.431707695803346
"R-HSA-9609736","Assembly and cell surface presentation of NMDA receptors",41,-0.475582517056934,-1.79079595373362,0.00301335047892337,0.0152719626422855,0.00828839451789949,3451,"tags=39%, list=22%, signal=30%","7846/26960/8573/7280/2906/55327/2903/2902/818/1741/817/80086/1740/10382/347688/7277",0.431707695803346
"R-HSA-9709570","Impaired BRCA2 binding to RAD51",35,0.53523838610325,1.79555214241552,0.00307760551579175,0.0155419078547484,0.00843489909439156,4138,"tags=63%, list=27%, signal=46%","9156/83695/6118/7486/1763/672/6119/3364/5984/4683/5982/4361/83990/641/7156/5932/84126/11073/116028/580/675/5810",0.431707695803346
"R-HSA-68949","Orc1 removal from chromatin",58,-0.406149562176072,-1.64570015956457,0.00309106587765508,0.0155543314982359,0.00844164165007915,2057,"tags=33%, list=13%, signal=29%","5690/10213/5719/5685/5684/5718/11047/8454/7979/4175/5694/5717/5689/5701/9978/5686/5709/5691/5707",0.431707695803346
"R-HSA-1655829","Regulation of cholesterol biosynthesis by SREBP (SREBF)",55,-0.427616316222802,-1.69693774999575,0.00310874784738952,0.0155878349510949,0.00845982463294206,4355,"tags=60%, list=28%, signal=43%","22937/6667/4800/6256/4597/10654/10498/3837/6319/1595/6604/8720/2224/57678/4520/5469/4802/9632/32/31/6907/10427/51141/6720/3156/10499/7108/6721/79071/4598/3157/6713/3638",0.431707695803346
"R-HSA-202733","Cell surface interactions at the vascular wall",104,0.391401201029048,1.58614642790979,0.00319207565138725,0.0159490988376734,0.00865588965006966,1189,"tags=20%, list=8%, signal=19%","5478/8795/8793/3897/4267/83700/4312/682/7040/3676/140885/2995/9672/9123/23428/3675/960/8140/10544/83692/2621",0.431707695803346
"R-HSA-451927","Interleukin-2 family signaling",32,-0.500199208153574,-1.7568550937231,0.00327603254675593,0.0163109507785665,0.00885227381584057,2418,"tags=38%, list=16%, signal=32%","5291/3561/3716/1439/2185/6774/5777/3718/6776/5295/3717/5290",0.431707695803346
"R-HSA-1369062","ABC transporters in lipid homeostasis",18,-0.621818362943625,-1.87540229095527,0.0033033061332395,0.0163890346400023,0.00889465146331262,3234,"tags=56%, list=21%, signal=44%","215/64241/64137/10350/23461/5825/10347/21/225/20",0.431707695803346
"R-HSA-4791275","Signaling by WNT in cancer",33,-0.513881831870673,-1.81862161741467,0.00335382210141926,0.0165814840958281,0.00899909756837462,2493,"tags=45%, list=16%, signal=38%","54894/1487/5528/5518/139285/324/7855/6934/5526/5519/5515/1499/4040/80351/5525",0.431707695803346
"R-HSA-4086400","PCP/CE pathway",79,-0.382016202839825,-1.60896491476342,0.00351752048399538,0.0173302228723675,0.00940545282972294,2057,"tags=34%, list=13%, signal=30%","5690/10213/1211/5719/5685/5684/54361/5718/23002/8321/11047/50855/7979/7855/161/5694/5717/5689/5701/4920/8324/5686/5709/6259/5691/1213/5707",0.431707695803346
"R-HSA-5654727","Negative regulation of FGFR2 signaling",27,-0.507623268760067,-1.72312792820435,0.00363607543189986,0.017852120349675,0.00968869685612229,1739,"tags=26%, list=11%, signal=23%","5518/2255/6714/5515/2263/5595/2252",0.431707695803346
"R-HSA-1236975","Antigen processing-Cross presentation",88,-0.361664960832022,-1.57159859147122,0.00367508634081723,0.0179812182903653,0.00975876084782737,2306,"tags=34%, list=15%, signal=29%","1515/1147/929/5690/10952/10213/9902/5719/5685/5720/5684/5718/4689/4012/55176/11047/7979/6810/5694/5717/3134/5689/5701/23480/5686/5709/5691/8673/5707/3135",0.431707695803346
"R-HSA-983695","Antigen activates B Cell Receptor (BCR) leading to generation of second messengers",29,-0.520775954778004,-1.77807901451919,0.00398329274572004,0.0193476932381369,0.0105003736798676,2465,"tags=38%, list=16%, signal=32%","801/4690/27071/2534/30011/29760/5777/5295/3710/10768/3708",0.407017918923954
"R-HSA-512988","Interleukin-3, Interleukin-5 and GM-CSF signaling",40,-0.462053626045074,-1.73184364463476,0.00400422780939623,0.0193476932381369,0.0105003736798676,2418,"tags=35%, list=16%, signal=30%","5291/3561/3716/2889/2534/1439/29760/5777/3718/1398/6776/5295/3717/5290",0.407017918923954
"R-HSA-5656169","Termination of translesion DNA synthesis",32,0.525441019180172,1.69975417296644,0.00400910475160829,0.0193476932381369,0.0105003736798676,4650,"tags=53%, list=30%, signal=37%","5425/9100/6118/6233/7706/54107/6119/5984/9636/5982/5429/5426/9246/56655/5111/11201/9768",0.407017918923954
"R-HSA-381426","Regulation of Insulin-like Growth Factor (IGF) transport and uptake by Insulin-like Growth Factor Binding Proteins (IGFBPs)",105,0.382188141206386,1.55047158475213,0.00397507236224211,0.0193476932381369,0.0105003736798676,2263,"tags=28%, list=15%, signal=24%","3481/8614/10618/3371/3486/7076/3895/1471/51280/4312/3488/3912/11098/5589/84141/51246/2621/56975/5069/2519/11167/3485/3913/4240/10970/3915/10272/1114/7425",0.407017918923954
"R-HSA-9707564","Cytoprotection by HMOX1",51,0.461917390684744,1.6870483688884,0.00409833760776492,0.0197110523040122,0.0106975757920107,2008,"tags=29%, list=13%, signal=26%","4514/4513/4512/54205/1349/1345/7975/644/1387/1347/9612/1337/85441/5465/96764",0.407017918923954
"R-HSA-9830369","Kidney development",45,-0.445436855901002,-1.741469212037,0.0041369054653527,0.0198288216604151,0.0107614915381954,1352,"tags=24%, list=9%, signal=22%","7484/2668/10736/153572/3227/2296/1499/79192/57526/9353/2138",0.407017918923954
"R-HSA-1236974","ER-Phagosome pathway",77,-0.382553583360668,-1.64135897937776,0.00415087072947869,0.0198288216604151,0.0107614915381954,2267,"tags=34%, list=15%, signal=29%","1147/929/5690/10952/10213/5719/5685/5720/5684/5718/55176/11047/7979/6810/5694/5717/3134/5689/5701/23480/5686/5709/5691/8673/5707/3135",0.407017918923954
"R-HSA-68886","M Phase",379,0.292592892488714,1.39429833164217,0.00417684632666434,0.019885726282503,0.0107923747958882,1717,"tags=20%, list=11%, signal=18%","54908/10762/9883/11130/5116/701/2010/1063/8379/80152/23141/348235/332/55746/8815/653784/147841/57082/22995/9232/10783/55835/55143/79172/699/113130/26271/3320/2801/23636/51652/11097/6232/94239/5578/55755/64689/22994/10776/23310/25936/27183/55142/79648/25909/93323/79980/22981/6418/85236/10142/151246/9738/54892/55055/3930/83540/23354/348995/79682/5527/220134/54801/2491/6233/57405/8481/27338/3017/1060/84131/64946/55839/246184/9798/221496",0.407017918923954
"R-HSA-3371497","HSP90 chaperone cycle for steroid hormone receptors (SHR) in the presence of ligand",54,-0.414396349187072,-1.62153391886787,0.00421140968453828,0.0199829976306615,0.010845165869813,1037,"tags=17%, list=7%, signal=16%","10121/80086/830/10382/347688/10294/832/3305/7277",0.407017918923954
"R-HSA-9912633","Antigen processing: Ub, ATP-independent proteasomal degradation",19,-0.607246197169799,-1.90054498998435,0.004537499792827,0.021458276612232,0.0116458287911172,3288,"tags=58%, list=21%, signal=46%","5699/5692/5687/5690/5685/5720/5684/5694/5689/5686/5691",0.407017918923954
"R-HSA-187577","SCF(Skp2)-mediated degradation of p27/p21",50,-0.43382276510882,-1.6537991869733,0.0046062542177938,0.0217108115465348,0.0117828844672002,2057,"tags=34%, list=13%, signal=30%","5690/10213/5719/5685/5684/5718/11047/8454/7979/5694/5717/5689/5701/5686/5709/5691/5707",0.407017918923954
"R-HSA-1236394","Signaling by ERBB4",57,-0.40714872814944,-1.66369653098782,0.00464556465873056,0.0218233502572924,0.011843961439109,4319,"tags=44%, list=28%, signal=32%","10718/6654/9542/2566/2065/23385/2554/5241/6285/23118/2567/11059/3084/51107/3265/6868/9611/6776/2099/6714/5295/5290/6387/55851/4734",0.407017918923954
"R-HSA-9843745","Adipogenesis",102,-0.339753414046393,-1.54719172947211,0.00489590497971518,0.0229232107328386,0.0124408773528981,2652,"tags=32%, list=17%, signal=27%","5469/57459/9219/3065/83401/1052/1050/6907/84246/1107/51003/1108/6720/4089/1051/8841/9969/1879/9611/4086/10499/90390/9314/6721/1024/81857/4790/5931/9968/2033/7480/9282/2167",0.407017918923954
"R-HSA-442755","Activation of NMDA receptors and postsynaptic events",92,-0.356038318823823,-1.54122016875653,0.00492102480192282,0.0229647824089732,0.0124634391192305,3253,"tags=32%, list=21%, signal=25%","26960/5573/8573/7280/2906/6197/801/55327/2903/2902/3084/5568/818/3265/1741/2891/5571/53632/817/80086/1740/5562/10382/6714/347688/8536/5595/5577/7277",0.407017918923954
"R-HSA-9619483","Activation of AMPK downstream of NMDARs",29,-0.516350488321545,-1.76296919817015,0.00494166266268295,0.0229852335691898,0.0124745383661443,1394,"tags=24%, list=9%, signal=22%","5571/53632/80086/5562/10382/347688/7277",0.407017918923954
"R-HSA-8948216","Collagen chain trimerization",44,0.481118225292669,1.71455358539662,0.00500968256755213,0.0232252168869466,0.0126047820330437,1422,"tags=32%, list=9%, signal=29%","1282/1294/1284/1301/1293/1292/1291/1288/1306/85301/1287/80781/1299/1295",0.407017918923954
"R-HSA-166663","Initial triggering of complement",15,-0.634968829794903,-1.85701878163357,0.0050587103272189,0.023375870597018,0.0126865447647833,642,"tags=27%, list=4%, signal=26%","715/716/718/5648",0.407017918923954
"R-HSA-9711123","Cellular response to chemical stress",183,-0.294615892687743,-1.43375482519055,0.00522767522665028,0.0240779569071124,0.013067580814961,2747,"tags=34%, list=18%, signal=29%","81502/5687/5034/5469/5704/4609/9973/2729/2876/2950/318/5690/6907/10213/1460/5584/5719/5685/5684/64839/1351/5580/5718/4689/8452/139285/3162/596/645/8841/9167/10072/140809/11047/6888/8454/8878/10061/9611/7979/4780/10499/2730/5694/5717/6774/5689/5701/4790/538/9978/5052/10628/25828/5686/5709/2033/3417/4199/7415/5691/5707/7001",0.407017918923954
"R-HSA-9694516","SARS-CoV-2 Infection",280,0.305103943271576,1.41011663325552,0.00539487090776276,0.0247673618947291,0.0134417344619948,3215,"tags=26%, list=21%, signal=21%","6187/6228/10762/3133/57506/3921/9883/3654/3454/375790/1514/567/6218/55746/6637/6231/6230/6224/143/3320/9672/7297/23636/51652/11097/6232/3106/5589/89122/22863/1387/2239/6773/10082/7428/6189/348995/3838/54625/8829/6233/6201/7706/10392/11253/6235/6210/9636/6204/7284/51201/56965/23225/6234/7529/57122/79833/6480/3661/5781/121601/79844/6205/3107/64398/6772/340061/6606/3455/6482/7187/256435/81631",0.407017918923954
"R-HSA-9820841","M-decay: degradation of maternal mRNAs by maternally stored factors",22,-0.550931415595828,-1.78809718377984,0.00558566337137534,0.0255602848127014,0.0138720693259789,1169,"tags=36%, list=8%, signal=34%","9337/25904/23019/26986/678/246175/57472/27161",0.407017918923954
"R-HSA-8868766","rRNA processing in the mitochondrion",17,0.636883807939403,1.79998804286492,0.0056232053105735,0.025566599064794,0.0138754961947878,3582,"tags=65%, list=23%, signal=50%","29960/81554/51335/285367/60528/26995/9692/22868/79922/130916/55178",0.407017918923954
"R-HSA-450531","Regulation of mRNA stability by proteins that bind AU-rich elements",62,-0.389385136220767,-1.61620722498814,0.00560658820174111,0.025566599064794,0.0138754961947878,2057,"tags=29%, list=13%, signal=25%","5690/10213/5719/5685/5684/5580/5718/11047/7979/5694/5717/26986/5689/5701/5686/5709/5691/5707",0.407017918923954
"R-HSA-201556","Signaling by ALK",27,-0.487856834573374,-1.65603073844924,0.00596271028115901,0.0270233087742271,0.0146660812068546,2785,"tags=56%, list=18%, signal=46%","3667/4609/5291/3065/5803/3561/5764/8841/6774/5777/3718/6714/5295/5290/2033",0.407017918923954
"R-HSA-5635838","Activation of SMO",16,-0.603943084760283,-1.80730156671901,0.00602302419458909,0.0272094447640542,0.0147671008697365,1705,"tags=50%, list=11%, signal=45%","91653/2622/6608/3549/408/11127/50937/2619",0.407017918923954
"R-HSA-9029569","NR1H3 & NR1H2 regulate gene expression linked to cholesterol transport and efflux",34,-0.480930506771466,-1.71734271051059,0.00605281696766663,0.027256952841658,0.0147928844379123,2149,"tags=32%, list=14%, signal=28%","7376/6907/9682/27327/8841/9611/55818/26523/2033/27161/23112",0.407017918923954
"R-HSA-5693607","Processing of DNA double-strand break ends",85,0.389678660342092,1.53190137937951,0.00615600776427743,0.0276336348529787,0.0149973171746044,3801,"tags=39%, list=24%, signal=30%","9656/165918/9156/83695/85236/6118/7158/7468/6233/3017/7486/1763/672/63967/6119/3364/5984/4683/5982/4361/83990/8914/641/79184/7156/5932/84142/51588/84126/11073/116028/1017/580",0.407017918923954
"R-HSA-5654736","Signaling by FGFR1",46,-0.423060109808796,-1.63163428899609,0.00624885985210469,0.0279616703508735,0.0151753484916075,1790,"tags=24%, list=11%, signal=21%","3265/5518/2255/2260/6714/5295/5290/5515/23767/5595/7049",0.407017918923954
"R-HSA-190840","Microtubule-dependent trafficking of connexons from Golgi to the plasma membrane",18,-0.597919677497058,-1.8033239283525,0.00651032352610833,0.0290397396401173,0.0157604378999684,939,"tags=22%, list=6%, signal=21%","80086/10382/347688/7277",0.407017918923954
"R-HSA-5663220","RHO GTPases Activate Formins",136,0.353938380883415,1.52049504078463,0.00663605157238268,0.0295074746017267,0.0160142868637485,3488,"tags=39%, list=22%, signal=31%","54908/11130/701/5217/1063/8379/80152/348235/332/55746/147841/57082/5879/55143/79172/699/6232/25936/25909/79980/151246/55055/83540/348995/79682/5527/220134/2491/57405/1060/64946/55839/1729/1058/81624/57122/3619/1857/991/9735/55166/5905/3688/388/23421/81930/151648/91687/1062/23279/4085/54820/9212",0.407017918923954
"R-HSA-5675221","Negative regulation of MAPK pathway",43,-0.421860622567763,-1.56884557428119,0.00714087079026075,0.0312606541716059,0.0169657719004946,2760,"tags=40%, list=18%, signal=33%","5604/5778/1847/1852/673/5528/3265/5518/1843/5526/5519/8315/5037/5515/11221/5525/5595",0.407017918923954
"R-HSA-190236","Signaling by FGFR",81,-0.347184261441203,-1.5005738787753,0.00706679608830362,0.0312606541716059,0.0169657719004946,569,"tags=12%, list=4%, signal=12%","6714/5295/5290/3185/5515/23767/2263/5595/7049/2252",0.407017918923954
"R-HSA-6785807","Interleukin-4 and Interleukin-13 signaling",87,-0.338643695909576,-1.4885492715561,0.00709938630958906,0.0312606541716059,0.0169657719004946,2414,"tags=33%, list=16%, signal=28%","6097/58480/3561/7422/1052/3716/5443/4314/301/3162/596/6935/3726/7184/1901/4313/7431/4318/5743/6657/6774/3718/2308/5295/3717/7412/7291/4128/3082",0.407017918923954
"R-HSA-9663891","Selective autophagy",85,-0.342947622289476,-1.4739323239454,0.00709745260294417,0.0312606541716059,0.0169657719004946,2192,"tags=27%, list=14%, signal=23%","29110/9868/84557/55669/1460/401505/65018/139341/5571/53632/5830/84749/8878/123/7322/80086/7431/10382/6714/1080/347688/7415/7277",0.407017918923954
"R-HSA-983231","Factors involved in megakaryocyte development and platelet production",139,-0.308053182129641,-1.45748518632188,0.00713065029073051,0.0312606541716059,0.0169657719004946,1120,"tags=17%, list=7%, signal=15%","11127/55614/3659/80086/830/10938/81704/1020/23414/10749/10382/23095/347688/3717/139818/832/147700/22920/285643/55605/5577/85440/7277",0.407017918923954
"R-HSA-180786","Extension of Telomeres",49,0.454902191242858,1.62268577047453,0.0072599664199784,0.0316839275242267,0.0171954906745389,2406,"tags=33%, list=15%, signal=28%","5425/63922/54386/6118/2237/1736/7486/1763/7013/25913/6119/26277/5984/80119/5982/55505",0.407017918923954
"R-HSA-9917777","Epigenetic regulation by WDR5-containing histone modifying complexes",142,-0.314727803210839,-1.49061509366707,0.007286464816495,0.031701726924689,0.0172051507592751,2772,"tags=30%, list=18%, signal=25%","57678/8348/5469/4297/8344/51230/8368/26009/8363/284058/51105/1050/6907/8085/84246/10445/51003/8341/4221/653604/55617/8473/7403/63924/8841/9969/123/9611/84661/8331/10499/5166/8338/90390/1024/1020/2648/9968/2033/9282/8850/2167/54934",0.407017918923954
"R-HSA-9725371","Nuclear events stimulated by ALK signaling in cancer",30,-0.490974987180517,-1.71102685781188,0.00751203191036613,0.0324832205543049,0.0176292827236598,1396,"tags=37%, list=9%, signal=33%","1051/3726/8454/6774/5777/6776/9978/26523/27161/7291/5595",0.407017918923954
"R-HSA-2029482","Regulation of actin dynamics for phagocytic cup formation",56,-0.401105928412942,-1.64932874060395,0.0075056420156434,0.0324832205543049,0.0176292827236598,1738,"tags=30%, list=11%, signal=27%","1072/10787/10096/4627/5058/10006/4641/10109/9844/10092/1398/5747/10458/4644/10095/10451/5595",0.407017918923954
"R-HSA-2500257","Resolution of Sister Chromatid Cohesion",123,0.362533471358376,1.52883744707727,0.00762603263265599,0.0328756406785841,0.0178422568438153,1661,"tags=25%, list=11%, signal=23%","54908/11130/701/1063/8379/80152/348235/332/55746/147841/57082/55143/79172/699/113130/6232/25936/25909/79980/151246/55055/83540/348995/79682/5527/220134/2491/57405/1060/64946/55839",0.407017918923954
"R-HSA-1980143","Signaling by NOTCH1",73,-0.361486686556561,-1.52807629074514,0.00809879305639333,0.0348075786679032,0.018890757590881,2042,"tags=29%, list=13%, signal=25%","102/6907/51107/55294/6868/7088/8841/408/8454/9611/8788/1024/2648/9978/10014/9759/23220/2033/55851/8850/3516",0.380730400722792
"R-HSA-5626467","RHO GTPases activate IQGAPs",31,-0.472649435928457,-1.66072487323825,0.00823490970281347,0.0352853403629644,0.0191500482601262,2905,"tags=35%, list=19%, signal=29%","7280/998/801/1495/4221/6249/80086/10382/347688/1499/7277",0.380730400722792
"R-HSA-525793","Myogenesis",25,-0.51720051390843,-1.70339561769418,0.00828592190407087,0.0353966573182967,0.0192104621613344,2940,"tags=56%, list=19%, signal=46%","4756/5608/998/4205/1495/4917/1496/91653/4209/9043/6938/1499/6925/50937",0.380730400722792
"R-HSA-9018519","Estrogen-dependent gene expression",127,-0.309096115745268,-1.44370309027399,0.00841985237856485,0.0358604556123214,0.019462174618184,4255,"tags=43%, list=27%, signal=32%","8337/6667/7391/8294/57690/8359/8204/3021/8312/1655/5440/10498/2625/1105/8355/4343/5241/333932/5438/3020/8362/57678/8348/5469/4609/5435/8344/5430/8368/5431/3065/8363/10524/865/1025/8341/653604/904/27327/3169/596/5885/10735/9166/8331/10499/8338/2099/1386/26523/2033/6387/27161/23112/8850",0.380730400722792
"R-HSA-5620924","Intraflagellar transport",53,-0.3990504609884,-1.63336576200761,0.00845216458695751,0.0358899721500238,0.0194781938237708,3030,"tags=30%, list=19%, signal=24%","140735/26160/7280/83658/90410/51098/80173/3797/28981/64792/56912/51626/11127/10382/22920/7277",0.380730400722792
"R-HSA-5218921","VEGFR2 mediated cell proliferation",21,-0.546741319300323,-1.76498798915881,0.00863202463772072,0.0365439605920272,0.0198331262148744,2465,"tags=43%, list=16%, signal=36%","801/7422/3265/5580/5921/6714/3710/10768/3708",0.380730400722792
"R-HSA-9614085","FOXO-mediated transcription",58,-0.382673847227404,-1.55057759528081,0.00870314759561484,0.0367350767170131,0.0199368486950636,2616,"tags=33%, list=17%, signal=27%","4802/3065/1649/91584/84676/5443/65018/6720/114907/4089/10370/4303/9314/2308/10628/2033/57060/8850/694",0.380730400722792
"R-HSA-6811434","COPI-dependent Golgi-to-ER retrograde traffic",96,-0.344850940922803,-1.51641485087711,0.00873492651407024,0.0367594824133789,0.0199500941465293,1120,"tags=18%, list=7%, signal=17%","11127/55614/80086/51226/26958/10749/10382/23095/9276/347688/381/1314/147700/22920/285643/55605/7277",0.380730400722792
"R-HSA-2142691","Synthesis of Leukotrienes (LT) and Eoxins (EX)",15,-0.614368152975229,-1.79677040096761,0.00903039462113555,0.0378901424162779,0.0205637255696241,4294,"tags=73%, list=28%, signal=53%","1580/64174/126410/4051/246/11283/8529/57834/241/22949/4048",0.380730400722792
"R-HSA-9646399","Aggrephagy",40,-0.438841212064302,-1.64484016849429,0.00916286984785147,0.038219168037941,0.0207422942462714,939,"tags=18%, list=6%, signal=16%","80086/7431/10382/1080/347688/7415/7277",0.380730400722792
"R-HSA-69202","Cyclin E associated events during G1/S transition",73,-0.35875390064572,-1.51652425988664,0.0091522727184039,0.038219168037941,0.0207422942462714,2725,"tags=30%, list=17%, signal=25%","5687/5704/4609/902/5690/10213/5719/5685/5684/5718/11047/8454/7979/5694/5717/4149/5689/5701/5686/5709/5691/5707",0.380730400722792
"R-HSA-9927432","Developmental Lineage of Mammary Gland Myoepithelial Cells",19,-0.585916768868959,-1.83378864258304,0.00927600050597168,0.0384575154064157,0.0208716500513172,868,"tags=26%, list=6%, signal=25%","7431/8626/4311/4629/59",0.380730400722792
"R-HSA-4615885","SUMOylation of DNA replication proteins",45,0.46187185430163,1.62240188661276,0.00930160556505953,0.0384575154064157,0.0208716500513172,3928,"tags=42%, list=25%, signal=32%","10762/9883/332/55746/55143/23636/11097/6790/348995/6612/23225/57122/3619/5905/51588/23279/9212/9818/7153",0.380730400722792
"R-HSA-3108232","SUMO E3 ligases SUMOylate target proteins",173,0.327650535389067,1.42784703209819,0.00926638719581602,0.0384575154064157,0.0208716500513172,2909,"tags=28%, list=19%, signal=23%","10762/4869/9883/9656/6672/84733/142/332/6294/55746/5610/7508/165918/55143/5371/23636/11097/1789/1387/7428/6790/9612/348995/3183/7158/5468/6612/7486/672/4193/7020/4152/5465/56160/1788/59348/6015/23225/9189/57122/6304/8535/3619/10155/6996/1786/641/5905",0.380730400722792
"R-HSA-9752946","Expression and translocation of olfactory receptors",21,-0.544185071415814,-1.75673592066828,0.00951171007048541,0.039211539474246,0.0212808737442081,4590,"tags=76%, list=29%, signal=54%","120065/284433/128371/391189/390442/26533/391121/219968/4993/81442/344892/81168/81696/219431/1879/8861",0.380730400722792
"R-HSA-2219528","PI3K/AKT Signaling in Cancer",95,-0.33374111941245,-1.51832524112082,0.00960444443399567,0.0394787338071799,0.0214258853642714,1514,"tags=19%, list=10%, signal=17%","2255/2534/5159/2931/3164/2260/4303/253260/2099/2308/6714/5295/5290/5728/2263/5156/3082/2252",0.380730400722792
"R-HSA-6811442","Intra-Golgi and retrograde Golgi-to-ER traffic",198,-0.277356749359436,-1.38429924564957,0.00973127290481798,0.0398841156156888,0.0216458940454083,2398,"tags=24%, list=15%, signal=21%","5048/5861/7110/372/89953/3796/91949/55860/3797/57511/4121/23647/23046/10540/25839/6293/60560/6811/1315/23299/400/11127/9382/55614/10121/4122/80086/830/51226/26958/10749/10382/22931/23095/9276/347688/381/1314/57134/832/147700/22920/5321/9367/8398/285643/55605/7277",0.380730400722792
"R-HSA-69620","Cell Cycle Checkpoints",276,0.298272397466974,1.37200658151011,0.00988175501377697,0.0403838196227764,0.0219170932389847,3488,"tags=33%, list=22%, signal=26%","54908/1026/11130/701/9656/51512/1063/8379/80152/348235/84515/332/55746/147841/57082/165918/55143/79172/699/9156/6232/25936/25909/83695/79980/4173/85236/151246/6118/55055/83540/348995/990/79682/7158/7468/5527/220134/2491/6233/57405/27338/3017/1060/7486/1763/672/64946/55839/4193/246184/63967/6119/3364/5984/11065/4683/995/1058/23594/7529/55388/5982/57122/4361/83990/3619/991/79858/9735/55166/641/5905/23421/79184/4998/81930/7156/1454/151648/5932/84142/51588/9088/91687/84126/1062/23279/4085/54820/11073/9212",0.380730400722792
"R-HSA-190872","Transport of connexons to the plasma membrane",19,-0.582920112586421,-1.82440977761686,0.00994253176531551,0.0405151006229283,0.0219883420199993,939,"tags=21%, list=6%, signal=20%","80086/10382/347688/7277",0.380730400722792
"R-HSA-6802952","Signaling by BRAF and RAF1 fusions",64,-0.375549713615834,-1.55491272474575,0.0100239746840658,0.0407295982852559,0.0221047541204072,2465,"tags=28%, list=16%, signal=24%","801/673/4000/818/3265/9444/27044/8546/408/9061/5906/817/9715/80853/5037/6714/3717/5595",0.380730400722792
"R-HSA-8957322","Metabolism of steroids",131,-0.303016333675464,-1.43056115317125,0.0101192005089526,0.0409987092253838,0.0222508059208933,4358,"tags=47%, list=28%, signal=34%","231/22937/10858/26119/6667/8029/4800/6256/4597/10654/10498/7421/3837/4036/6319/1595/9971/1585/7329/6604/6716/114876/8720/570/6770/3284/2224/57678/4520/5469/4802/9632/51144/9256/32/9420/31/706/39/6907/5443/441282/10427/3293/51141/866/6720/114883/3156/5007/6342/10499/80270/7108/6721/79071/4598/50814/3157/6713/3638",0.380730400722792
"R-HSA-3214858","RMTs methylate histone arginines",60,-0.36980532282788,-1.51227180245857,0.0103066672288574,0.041638935604584,0.0225982693698206,4255,"tags=47%, list=27%, signal=34%","8337/8294/1019/8359/10498/8355/51412/333932/6604/8362/6599/85235/8368/8363/55193/8332/55170/653604/79084/10196/8331/8338/6601/5931/8329/3717/196528/92815",0.380730400722792
"R-HSA-6802946","Signaling by moderate kinase activity BRAF mutants",44,-0.406647289653191,-1.53751865331776,0.0106868294787856,0.0424584769154954,0.0230430505592234,2760,"tags=30%, list=18%, signal=24%","5604/801/673/818/3265/408/5906/817/8315/5037/6714/3717/5595",0.380730400722792
"R-HSA-6802949","Signaling by RAS mutants",44,-0.406647289653191,-1.53751865331776,0.0106868294787856,0.0424584769154954,0.0230430505592234,2760,"tags=30%, list=18%, signal=24%","5604/801/673/818/3265/408/5906/817/8315/5037/6714/3717/5595",0.380730400722792
"R-HSA-6802955","Paradoxical activation of RAF signaling by kinase inactive BRAF",44,-0.406647289653191,-1.53751865331776,0.0106868294787856,0.0424584769154954,0.0230430505592234,2760,"tags=30%, list=18%, signal=24%","5604/801/673/818/3265/408/5906/817/8315/5037/6714/3717/5595",0.380730400722792
"R-HSA-9649948","Signaling downstream of RAS mutants",44,-0.406647289653191,-1.53751865331776,0.0106868294787856,0.0424584769154954,0.0230430505592234,2760,"tags=30%, list=18%, signal=24%","5604/801/673/818/3265/408/5906/817/8315/5037/6714/3717/5595",0.380730400722792
"R-HSA-418346","Platelet homeostasis",79,-0.355404712067036,-1.49688339920289,0.0106896872573666,0.0424584769154954,0.0230430505592234,2647,"tags=33%, list=17%, signal=27%","2778/5138/338/50940/801/490/10335/5027/5528/5518/5025/488/487/2783/492/7804/5777/5526/5519/3710/5321/5593/5515/27345/5525/3708",0.380730400722792
"R-HSA-2990846","SUMOylation",179,0.326958686930138,1.46340689803642,0.0105754618788963,0.0424584769154954,0.0230430505592234,2629,"tags=26%, list=17%, signal=22%","10762/4869/9883/9656/6672/84733/142/332/6294/55746/5610/7508/165918/55143/5371/23636/11097/1789/1387/7428/6790/9612/348995/10055/3183/7158/5468/6612/7486/672/4193/7020/4152/5465/56160/1788/59348/6015/23225/9189/57122/6304/8535/3619/10155/6996",0.380730400722792
"R-HSA-68867","Assembly of the pre-replicative complex",113,-0.320456880180451,-1.48426719721312,0.0107590661608973,0.0426143404804168,0.0231276407816652,2798,"tags=31%, list=18%, signal=26%","51529/5687/8348/5704/8344/8368/8363/5690/10213/5719/5685/5684/8341/10393/653604/5718/8881/51433/11047/64682/7321/29882/7979/8331/4175/5694/8338/5717/5689/5701/5686/5709/5691/29945/5707",0.380730400722792
"R-HSA-983189","Kinesins",57,-0.388659604874553,-1.58814603033111,0.0108312484503092,0.0427804058903275,0.023217767746048,2141,"tags=28%, list=14%, signal=24%","89953/3796/3797/23046/11127/55614/80086/10749/10382/23095/347688/147700/22920/285643/55605/7277",0.380730400722792
"R-HSA-5693571","Nonhomologous End-Joining (NHEJ)",55,0.434669608813485,1.59700809126228,0.0109216169289097,0.0430171764275161,0.0233462677737393,3342,"tags=35%, list=21%, signal=27%","2547/7520/5591/9656/165918/55183/85236/7158/7468/51567/3017/672/55775/4683/4361/79184/84142/51588/27434",0.380730400722792
"R-HSA-190861","Gap junction assembly",26,-0.480884251319973,-1.60655368770581,0.0110022614190409,0.0432144379070107,0.0234533254586965,4853,"tags=50%, list=31%, signal=34%","81027/10376/2705/2697/7278/7846/2709/127534/7280/80086/10382/347688/7277",0.380730400722792
"R-HSA-4420097","VEGFA-VEGFR2 Pathway",96,-0.336981840264449,-1.4818120132875,0.0112505376863378,0.0440672030151847,0.0239161378563693,2465,"tags=30%, list=16%, signal=26%","801/1495/5291/7422/4690/5568/3265/10787/5580/4689/2534/5058/1500/10006/2185/9844/5921/253260/1398/5747/6714/5295/10458/3710/5290/10768/1499/10451/3708",0.380730400722792
"R-HSA-446203","Asparagine N-linked glycosylation",300,-0.250462088140061,-1.29472478062784,0.0116726089709613,0.0455941134943074,0.024744822206961,2211,"tags=20%, list=14%, signal=17%","372/25834/5887/288/5476/91949/54344/2153/55860/80267/10427/57511/144245/4121/10540/25839/30815/55741/6811/27095/6484/1315/3703/84447/10113/9382/10121/4122/80086/830/51226/83696/9695/22872/6483/26958/10382/56886/3098/51399/2517/9276/347688/381/79139/1314/11236/57134/832/7415/746/2762/267/5973/51005/1522/4248/57731/7277",0.380730400722792
"R-HSA-9662361","Sensory processing of sound by outer hair cells of the cochlea",45,-0.417613854083726,-1.63269307371493,0.0117239244676271,0.0456683999923547,0.0247851389506299,1609,"tags=24%, list=10%, signal=22%","64787/4627/51168/4641/339768/129446/2934/4647/23136/2036/4354",0.380730400722792
"R-HSA-9925563","Developmental Lineage of Pancreatic Ductal Cells",44,0.460850735427513,1.64232664493068,0.0117798845005258,0.0457603205597347,0.024835026050579,3234,"tags=41%, list=21%, signal=33%","1301/302/3912/3910/85301/284217/3872/3911/2626/3913/3914/1289/3915/7980/8671/3855/1277/50509",0.380730400722792
"R-HSA-9861718","Regulation of pyruvate metabolism",33,-0.472407403056749,-1.67184411306828,0.0121513434957752,0.0470739717891129,0.0255479704116307,3508,"tags=45%, list=23%, signal=35%","5163/23409/5161/1737/4750/10296/1738/4289/79018/5166/80232/10048/4199/5160/5165",0.380730400722792
"R-HSA-5621575","CD209 (DC-SIGN) signaling",20,-0.552159610269446,-1.7478329402093,0.0123916251492463,0.047873655631241,0.0259819745621382,2589,"tags=45%, list=17%, signal=38%","5971/30835/5568/3265/2534/5058/4790/2033/9252",0.380730400722792
"R-HSA-3214815","HDACs deacetylate histones",72,-0.354781746705647,-1.51130707399599,0.0125375503934758,0.0480436212909884,0.0260742182688234,2714,"tags=31%, list=17%, signal=25%","8348/57459/8344/9219/85235/79685/8368/3065/8363/6907/1107/8332/8341/1108/653604/8841/9611/8331/8338/5931/8329/92815",0.380730400722792
"R-HSA-8943724","Regulation of PTEN gene transcription",60,-0.363874979684199,-1.48802041892922,0.0125284395576955,0.0480436212909884,0.0260742182688234,2879,"tags=33%, list=18%, signal=27%","389541/8649/84232/57459/9219/3065/6045/1107/1108/8841/28956/1386/5931/10014/10670/64121/55004/23512/6615/5595",0.380730400722792
"R-HSA-211859","Biological oxidations",145,-0.2945084329467,-1.40148717447994,0.0124976072935823,0.0480436212909884,0.0260742182688234,3010,"tags=30%, list=19%, signal=25%","10/4051/54996/11283/2328/54577/6783/1066/494143/2729/8529/54578/9420/22977/57834/66002/2950/1573/5443/131/7360/5447/2098/405/10499/2730/8639/218/196743/8460/7358/80146/26873/9049/119391/55902/54498/10327/2949/8459/5742/4128/2052/217",0.380730400722792
"R-HSA-352230","Amino acid transport across the plasma membrane",30,0.502795477801518,1.65825992872074,0.0128080593866633,0.0489475566830861,0.0265648017860757,2170,"tags=37%, list=14%, signal=32%","6541/23428/6509/123096/8140/6542/55117/6510/81539/23657/8501",0.380730400722792
"R-HSA-2644602","Signaling by NOTCH1 PEST Domain Mutants in Cancer",57,-0.380389540090427,-1.55435278196476,0.0133270980472989,0.0499854552755455,0.027128089767154,2042,"tags=30%, list=13%, signal=26%","102/6907/51107/55294/6868/8841/8454/9611/1024/2648/9978/10014/9759/2033/55851/8850/3516",0.380730400722792
"R-HSA-2644603","Signaling by NOTCH1 in Cancer",57,-0.380389540090427,-1.55435278196476,0.0133270980472989,0.0499854552755455,0.027128089767154,2042,"tags=30%, list=13%, signal=26%","102/6907/51107/55294/6868/8841/8454/9611/1024/2648/9978/10014/9759/2033/55851/8850/3516",0.380730400722792
"R-HSA-2644606","Constitutive Signaling by NOTCH1 PEST Domain Mutants",57,-0.380389540090427,-1.55435278196476,0.0133270980472989,0.0499854552755455,0.027128089767154,2042,"tags=30%, list=13%, signal=26%","102/6907/51107/55294/6868/8841/8454/9611/1024/2648/9978/10014/9759/2033/55851/8850/3516",0.380730400722792
"R-HSA-2894858","Signaling by NOTCH1 HD+PEST Domain Mutants in Cancer",57,-0.380389540090427,-1.55435278196476,0.0133270980472989,0.0499854552755455,0.027128089767154,2042,"tags=30%, list=13%, signal=26%","102/6907/51107/55294/6868/8841/8454/9611/1024/2648/9978/10014/9759/2033/55851/8850/3516",0.380730400722792
"R-HSA-2894862","Constitutive Signaling by NOTCH1 HD+PEST Domain Mutants",57,-0.380389540090427,-1.55435278196476,0.0133270980472989,0.0499854552755455,0.027128089767154,2042,"tags=30%, list=13%, signal=26%","102/6907/51107/55294/6868/8841/8454/9611/1024/2648/9978/10014/9759/2033/55851/8850/3516",0.380730400722792
"R-HSA-4570464","SUMOylation of RNA binding proteins",46,0.432111192608525,1.51155490932675,0.0131827939522835,0.0499854552755455,0.027128089767154,2468,"tags=26%, list=16%, signal=22%","10762/9883/84733/55746/23636/11097/348995/3183/6015/23225/57122/8535",0.380730400722792
"R-HSA-9824439","Bacterial Infection Pathways",95,0.366779880593153,1.45567700670579,0.0132346711381897,0.0499854552755455,0.027128089767154,2214,"tags=26%, list=14%, signal=23%","1282/1284/567/1288/837/2635/118429/9900/3912/3910/3320/57674/84168/1287/284217/6804/3911/6233/6455/3913/3914/1289/5605/3915/6843",0.380730400722792
"R-HSA-70268","Pyruvate metabolism",46,-0.39616111446976,-1.52789176608474,0.0134884479734739,0.0504567868637356,0.0273838906909233,3032,"tags=41%, list=19%, signal=33%","5161/1737/4750/10296/51660/1738/4289/3029/5313/160287/79018/5166/80232/10048/10873/4199/5160/5165/5091",0.380730400722792
"R-HSA-69205","G1/S-Specific Transcription",28,0.503664175706801,1.60713088800235,0.0136033272023002,0.0507522550502705,0.0275442470874685,3120,"tags=36%, list=20%, signal=29%","6241/1719/26271/81620/990/1876/7083/91750/7298/4998",0.380730400722792
"R-HSA-72695","Formation of the ternary complex, and subsequently, the 43S complex",50,0.43456349691196,1.53813983110935,0.0139811388700693,0.0520245535849421,0.028234748527716,2271,"tags=34%, list=15%, signal=29%","6187/6228/3921/6218/6231/6230/6224/6232/8665/6189/6233/6201/6235/6210/6204/1968/6234",0.380730400722792
"R-HSA-8978868","Fatty acid metabolism",152,-0.290790746904216,-1.37581657054065,0.014415117422838,0.0534986247661233,0.0290347559519921,3257,"tags=34%, list=21%, signal=27%","23305/215/1376/5444/401494/4051/55289/246/11283/79777/58526/11332/51144/8529/32/9200/83401/2876/2879/57834/31/30/241/134526/1573/1384/5446/788/3293/3992/22949/51703/4048/6342/7923/10478/9524/5743/79071/51/376497/80221/9536/47/2181/5321/35/11000/79993/5742/33",0.380730400722792
"R-HSA-68962","Activation of the pre-replicative complex",32,0.48721069889317,1.57608254462066,0.0145255196829676,0.0537672377793616,0.0291805375177613,4115,"tags=50%, list=26%, signal=37%","84515/4173/81620/6118/990/51053/54107/6119/23594/55388/5426/4998/4174/1017/4176/56655",0.380730400722792
"R-HSA-72702","Ribosomal scanning and start codon recognition",57,0.423171487136132,1.53640293418516,0.0145936080564815,0.0538782292215791,0.0292407747565993,3050,"tags=39%, list=20%, signal=31%","6187/6228/3921/6218/6231/6230/6224/6232/8665/6189/6233/6201/6235/6210/1983/6204/1968/6234/6205/7458/1964/8666",0.380730400722792
"R-HSA-389513","Co-inhibition by CTLA4",19,-0.570561607870185,-1.78573041769396,0.0152164726936102,0.0560314905957417,0.0304093920579407,1912,"tags=42%, list=12%, signal=37%","5528/5518/2534/5526/5519/6714/5515/5525",0.380730400722792
"R-HSA-8957275","Post-translational protein phosphorylation",91,0.363351425788529,1.46448927901248,0.0154011950641754,0.0565643891447897,0.0306986065823592,2263,"tags=27%, list=15%, signal=24%","8614/10618/3371/3486/7076/3895/1471/51280/3488/3912/11098/5589/84141/51246/2621/56975/2519/11167/3913/4240/10970/3915/10272/1114/7425",0.380730400722792
"R-HSA-5620920","Cargo trafficking to the periciliary membrane",67,-0.358787631960811,-1.50832476875711,0.0154476045635852,0.0565878571318899,0.0307113431205622,4238,"tags=37%, list=27%, signal=27%","166379/6753/7278/10576/1260/117177/2847/7846/1258/22948/7280/11336/6950/79969/5311/6608/4218/5147/60412/55763/50807/10382/347688/403/7277",0.380730400722792
"R-HSA-5689901","Metalloprotease DUBs",32,-0.453659190218322,-1.5933920849084,0.0158168987941002,0.0577909428807691,0.0313642814205789,2609,"tags=38%, list=17%, signal=31%","23172/85235/10213/8332/9577/57559/8331/8338/8329/2033/8850/92815",0.352487857583619
"R-HSA-9013418","RHOBTB2 GTPase cycle",23,0.526250659248747,1.57390487559831,0.0159042904744364,0.0579604812650854,0.0314562932364833,2798,"tags=39%, list=18%, signal=32%","7919/3320/23221/908/27316/3183/29766/1627/10574",0.352487857583619
"R-HSA-1839117","Signaling by cytosolic FGFR1 fusion mutants",18,-0.564669463122861,-1.70304138295303,0.0160101337464118,0.0581962188108643,0.0315842326394182,1512,"tags=33%, list=10%, signal=30%","399687/613/6774/6776/5295/5290",0.352487857583619
"R-HSA-1170546","Prolactin receptor signaling",11,-0.649508690981161,-1.69186282845519,0.0160975893726308,0.0582148116953961,0.0315943233635664,1097,"tags=45%, list=7%, signal=42%","8454/2690/6776/9978/3717",0.352487857583619
"R-HSA-1474290","Collagen formation",88,0.365710857182741,1.42018964640604,0.016056880038959,0.0582148116953961,0.0315943233635664,1422,"tags=20%, list=9%, signal=19%","1282/1294/1284/1301/1293/1292/7837/4017/1291/1514/1288/1306/85301/1287/80781/1508/1299/1295",0.352487857583619
"R-HSA-9705671","SARS-CoV-2 activates/modulates innate and adaptive immune responses",109,0.351292687444742,1.45042516994989,0.016297416356982,0.0587871090019708,0.0319049203686487,3016,"tags=28%, list=19%, signal=23%","10762/3133/57506/9883/3654/3454/567/55746/3320/7297/23636/11097/3106/89122/22863/1387/6773/348995/3838/6233/7706/10392/9636/23225/57122/3661/5781/3107/6772/340061/3455",0.352487857583619
"R-HSA-429947","Deadenylation of mRNA",21,-0.516554489942899,-1.66753899570278,0.0172291486137289,0.0619898629511774,0.0336431179334649,5363,"tags=76%, list=34%, signal=50%","1977/55571/1981/85456/1975/23318/4848/9125/79670/4850/9337/25904/23019/26986/246175/57472",0.352487857583619
"R-HSA-69656","Cyclin A:Cdk2-associated events at S phase entry",75,-0.343607839864116,-1.47547568268172,0.0174344347325351,0.0625692657660015,0.0339575712376359,2725,"tags=29%, list=17%, signal=24%","5687/5704/4609/902/5690/10213/5719/5685/5684/5718/11047/8454/7979/5694/5717/4149/5689/5701/5686/5709/5691/5707",0.352487857583619
"R-HSA-912526","Interleukin receptor SHC signaling",20,-0.537590183833699,-1.70171416771899,0.0175980859192469,0.0629966923792789,0.0341895440679311,2418,"tags=45%, list=16%, signal=38%","5291/3561/3716/1439/5777/3718/5295/3717/5290",0.352487857583619
"R-HSA-170834","Signaling by TGF-beta Receptor Complex",93,-0.329697753831176,-1.47680238033177,0.017912513145369,0.063799228180231,0.034625096032589,1945,"tags=26%, list=12%, signal=23%","1025/4054/4221/51592/904/4089/9958/3726/50855/7321/5494/9611/1024/7050/7043/5501/9110/2033/8239/10273/4052/5595/5499/7049",0.352487857583619
"R-HSA-9839923","Dengue Virus Infection",367,-0.230523603661497,-1.21428488837688,0.0178781525909919,0.063799228180231,0.034625096032589,3945,"tags=31%, list=25%, signal=24%","712/10286/10907/5045/8896/1655/30849/5440/1175/84844/100128731/3069/3837/55749/8355/11338/3192/333932/7329/5438/8672/51340/4670/28972/1650/10313/2923/10285/5356/8362/3190/201595/10992/54431/90701/4153/6383/10525/8348/3840/6427/5034/5435/8344/6426/5430/85235/160/8368/5431/4792/5093/9416/8363/30835/9646/929/220988/23283/10949/54344/23352/22924/818/5627/3188/5094/25777/8332/8341/9685/1665/653604/23451/29959/27339/1654/5033/10015/7251/9343/3703/3339/55763/22827/9382/7317/817/81608/8331/51503/2817/7431/4318/161/9532/8338/26986/9039/253260/8678/4836/6993/6430/5295/8329/10294/3185/7415/746/5593/716/1499/54463/92815",0.352487857583619
"R-HSA-9659787","Aberrant regulation of mitotic G1/S transition in cancer due to RB1 defects",17,0.594893230029437,1.68131248979117,0.0180306673922054,0.063898154617991,0.0346787853561953,2315,"tags=29%, list=15%, signal=25%","894/1026/1021/1870/595",0.352487857583619
"R-HSA-9661069","Defective binding of RB1 mutants to E2F1,(E2F2, E2F3)",17,0.594893230029437,1.68131248979117,0.0180306673922054,0.063898154617991,0.0346787853561953,2315,"tags=29%, list=15%, signal=25%","894/1026/1021/1870/595",0.352487857583619
"R-HSA-1834941","STING mediated induction of host immune responses",15,0.617074408017842,1.64299066577659,0.0182047159164194,0.0643536707645426,0.0349260029287055,2915,"tags=53%, list=19%, signal=43%","2547/7520/5591/3428/115004/4361/3661/340061",0.352487857583619
"R-HSA-381340","Transcriptional regulation of white adipocyte differentiation",79,-0.343408756022195,-1.44635917470217,0.0182773882993695,0.0644494440282006,0.0349779809627053,2226,"tags=29%, list=14%, signal=25%","1052/1050/6907/84246/51003/6720/1051/8841/9969/1879/9611/10499/90390/9314/6721/1024/81857/4790/9968/2033/7480/9282/2167",0.352487857583619
"R-HSA-5651801","PCNA-Dependent Long Patch Base Excision Repair",21,0.552078835406777,1.63369741889736,0.0184062769532285,0.0647424766464307,0.0351370155284251,3056,"tags=43%, list=20%, signal=34%","328/5425/6118/2237/54107/6119/5984/5982/5426",0.352487857583619
"R-HSA-2980766","Nuclear Envelope Breakdown",52,0.43341605278618,1.56239160377865,0.0185088110864467,0.0647808388025634,0.0351578354251229,2445,"tags=29%, list=16%, signal=24%","10762/9883/2010/55746/8815/10783/23636/11097/5578/348995/221496/4001/23225/57122/23592",0.352487857583619
"R-HSA-381753","Olfactory Signaling Pathway",28,-0.460630217833857,-1.55240074994428,0.0185005518638237,0.0647808388025634,0.0351578354251229,4590,"tags=68%, list=29%, signal=48%","120065/284433/128371/391189/390442/1260/26533/391121/219968/4993/81442/344892/81168/1258/81696/57101/219431/1879/8861",0.352487857583619
"R-HSA-1442490","Collagen degradation",59,0.400877917759477,1.50214999465752,0.0185737482482316,0.0648476049950604,0.0351940707510489,1422,"tags=27%, list=9%, signal=25%","1282/1294/1284/1301/1293/1292/1291/1514/1288/4312/1306/1287/80781/1508/1299/1295",0.352487857583619
"R-HSA-3928665","EPH-ephrin mediated repulsion of cells",51,-0.39080821420334,-1.55431839366499,0.018656988697206,0.0649777882213036,0.0352647237485706,2119,"tags=33%, list=14%, signal=29%","2046/102/51107/2041/1211/2051/2534/4313/4318/161/6714/1942/1759/1213/55851/10451/2049",0.352487857583619
"R-HSA-432720","Lysosome Vesicle Biogenesis",35,-0.442776475770458,-1.61211718415393,0.0189120134400738,0.0653828533111598,0.035484560540265,2708,"tags=31%, list=17%, signal=26%","27243/6844/157807/1211/164/408/81567/1174/1213/8673/1522",0.352487857583619
"R-HSA-163125","Post-translational modification: synthesis of GPI-anchored proteins",62,0.399879825251224,1.51010438784323,0.0188839648439532,0.0653828533111598,0.035484560540265,5784,"tags=58%, list=37%, signal=37%","7070/5329/116372/4061/266727/130576/257194/50863/135228/8434/284098/4045/54742/349667/84628/503542/22854/10026/9488/80328/249/8733/54965/94005/54872/4241/84720/1368/5283/5279/353091/80235/80055/9487/7007/9091",0.352487857583619
"R-HSA-1989781","PPARA activates gene expression",109,-0.311608379424546,-1.43720302885626,0.0188972214385354,0.0653828533111598,0.035484560540265,2149,"tags=26%, list=14%, signal=22%","7376/9572/6907/84246/51003/3992/6720/8841/9969/3156/123/9611/405/10499/90390/4899/6721/1024/81857/51/9968/376497/26230/2033/4199/9282/3157/23179",0.352487857583619
"R-HSA-140534","Caspase activation via Death Receptors in the presence of ligand",14,0.61127181982841,1.64345889156277,0.0192368824118621,0.0663437847082268,0.0360060769104973,2959,"tags=50%, list=19%, signal=41%","8795/148022/7099/355/8837/8737/23643",0.352487857583619
"R-HSA-112316","Neuronal System",363,-0.225857582368344,-1.2076755681375,0.0196449071301206,0.0675861281800257,0.0366803211489225,3264,"tags=26%, list=21%, signal=21%","10369/26960/2899/10313/5573/3765/8573/1135/10815/6833/3757/6511/774/7280/57502/169522/2906/2567/8497/6844/6197/10021/801/9256/160/111/23236/3739/55327/1103/3747/2903/2902/3781/3084/2319/6539/8514/338567/5568/9229/6532/818/777/5864/27020/3265/2771/2773/9066/1741/8496/9463/1137/2891/27163/51305/5331/5571/10611/55799/53632/6531/10089/2783/2901/78999/5802/196883/817/3759/80086/1740/57555/161/5562/26037/2035/6812/10382/6714/112/347688/22941/23136/2036/27345/8536/5595/4128/784/5577/217/7277",0.352487857583619
"R-HSA-9609507","Protein localization",158,-0.277329683848804,-1.34153740977704,0.0197401254389026,0.067748877113127,0.0367686481961074,2821,"tags=30%, list=18%, signal=25%","7323/25813/131118/5191/6844/9381/506/1610/8604/9218/27230/30/5195/9868/5825/439/1384/10952/7917/10651/26517/1537/401505/819/516/219743/6811/3162/23203/5830/7321/6342/7322/10478/51024/1528/51/50/196743/498/225/23480/3417/8239/3416/9512/291",0.352487857583619
"R-HSA-8939211","ESR-mediated signaling",193,-0.272690249400772,-1.34288358655001,0.0199237894556508,0.0682136520346012,0.0370208906878836,4305,"tags=39%, list=28%, signal=28%","2792/8337/6667/7391/8294/57690/8359/8204/2790/3021/8312/1655/5440/857/10498/4846/2625/1105/8355/1027/4343/5241/333932/5438/3020/8362/57678/8348/5469/4609/5435/8344/5430/801/8368/5431/3065/8363/10524/865/1025/5481/4314/3265/8341/2771/2773/653604/904/27327/3169/6722/596/5885/10735/2783/9166/8331/10499/4313/4318/8338/2099/1386/5747/6714/26523/5295/5290/2033/6387/27161/23112/8850/5595",0.352487857583619
"R-HSA-3000171","Non-integrin membrane-ECM interactions",77,0.385292328343381,1.49144381066239,0.0211924183039146,0.0723818344969449,0.0392830452962794,2991,"tags=39%, list=19%, signal=32%","1282/1284/1301/3371/375790/1288/7040/3912/3910/9672/5578/8910/7057/1287/284217/3911/6443/1821/6641/3913/3914/1289/3915/8082/5154/2247/3673/3688/1277/1837",0.352487857583619
"R-HSA-9669938","Signaling by KIT in disease",19,-0.557002260191182,-1.7432926874638,0.0215656988245048,0.0731268540476014,0.0396873820605858,1790,"tags=42%, list=11%, signal=37%","3265/2534/6774/6776/6714/5295/3717/5290",0.352487857583619
"R-HSA-9670439","Signaling by phosphorylated juxtamembrane, extracellular and kinase domain KIT mutants",19,-0.557002260191182,-1.7432926874638,0.0215656988245048,0.0731268540476014,0.0396873820605858,1790,"tags=42%, list=11%, signal=37%","3265/2534/6774/6776/6714/5295/3717/5290",0.352487857583619
"R-HSA-400206","Regulation of lipid metabolism by PPARalpha",111,-0.307741754313428,-1.40011528632151,0.0215581726603554,0.0731268540476014,0.0396873820605858,2149,"tags=25%, list=14%, signal=22%","7376/9572/6907/84246/51003/3992/6720/8841/9969/3156/123/9611/405/10499/90390/4899/6721/1024/81857/51/9968/376497/26230/2033/4199/9282/3157/23179",0.352487857583619
"R-HSA-2142753","Arachidonate metabolism",44,-0.387618736776957,-1.46557238504728,0.0217452364895519,0.0735592449670489,0.0399220491174848,3012,"tags=41%, list=19%, signal=33%","5444/4051/246/11283/8529/2876/2879/57834/241/1573/5446/22949/4048/5743/376497/9536/5321/5742",0.352487857583619
"R-HSA-199992","trans-Golgi Network Vesicle Budding",72,-0.341311304211064,-1.45392538730845,0.022077877629573,0.0745062505208025,0.0404360076586365,1948,"tags=25%, list=13%, signal=22%","1211/9685/9698/23557/164/8546/408/6643/1176/51429/6810/81567/152503/1174/1213/8673/84062/1522",0.352487857583619
"R-HSA-8866652","Synthesis of active ubiquitin: roles of E1 and E2 enzymes",30,-0.450706964536868,-1.57069451898964,0.0223796673328165,0.0753448800204823,0.0408911483835391,1414,"tags=33%, list=9%, signal=30%","90268/8078/65264/7321/7317/54926/7322/7320/3093/8239",0.352487857583619
"R-HSA-2426168","Activation of gene expression by SREBF (SREBP)",42,-0.405445239460167,-1.53851110657685,0.0225616158477175,0.0754187347722754,0.0409312308100235,4250,"tags=62%, list=27%, signal=45%","6667/4800/6256/4597/10654/10498/6319/1595/6604/2224/57678/4520/5469/4802/32/31/6907/6720/3156/10499/7108/6721/79071/4598/3157/6713",0.352487857583619
"R-HSA-3928662","EPHB-mediated forward signaling",42,-0.405091574492014,-1.53716908198622,0.0225616158477175,0.0754187347722754,0.0409312308100235,1790,"tags=36%, list=11%, signal=32%","3265/1072/10096/2051/2534/5058/10109/10092/5921/5747/6714/3985/10095/2049/8997",0.352487857583619
"R-HSA-9662360","Sensory processing of sound by inner hair cells of the cochlea",57,-0.366613510482792,-1.4980609871379,0.0225261427723259,0.0754187347722754,0.0409312308100235,2630,"tags=32%, list=17%, signal=26%","6844/2059/9381/490/5864/64787/4627/9478/51168/4641/339768/129446/830/4647/832/23136/2036/8927",0.352487857583619
"R-HSA-9772755","Formation of WDR5-containing histone-modifying complexes",41,-0.415850445875349,-1.56587609746543,0.0226286722365485,0.0754644871284895,0.0409560615136671,2559,"tags=37%, list=16%, signal=31%","4297/51230/26009/284058/51105/8085/10445/4221/55617/8473/7403/84661/2648/8850/54934",0.352487857583619
"R-HSA-2243919","Crosslinking of collagen fibrils",18,0.561252116203555,1.58318782207206,0.0227158349551544,0.0755769191213844,0.0410170805676927,1084,"tags=33%, list=7%, signal=31%","1282/1284/7837/4017/1288/1287",0.352487857583619
"R-HSA-1566977","Fibronectin matrix formation",18,0.559781572571992,1.57903969202123,0.0229846582853731,0.0762918000364262,0.0414050605016389,3234,"tags=50%, list=21%, signal=40%","1282/1294/1284/1288/1287/1289/3688/1277/50509",0.352487857583619
"R-HSA-4086398","Ca2+ pathway",59,-0.370233973097407,-1.52258305595193,0.0231093577393352,0.0765260698909132,0.0415322033596409,1511,"tags=24%, list=10%, signal=22%","27327/5331/2783/2775/7855/6934/26523/3710/27161/5593/5530/23112/1499/3708",0.352487857583619
"R-HSA-9634815","Transcriptional Regulation by NPAS4",32,-0.439476749877533,-1.54357894616691,0.0231900731136706,0.0766139331372201,0.0415798884716381,1511,"tags=28%, list=10%, signal=25%","27327/6722/9500/405/1020/26523/27161/23112/5595",0.352487857583619
"R-HSA-9637690","Response of Mtb to phagocytosis",22,-0.500253192849925,-1.62361647927524,0.0235827032159438,0.0777294693411295,0.0421853119115437,1268,"tags=23%, list=8%, signal=21%","2931/7879/51606/5230/5595",0.352487857583619
"R-HSA-9855142","Cellular responses to mechanical stimuli",101,-0.309109686629802,-1.385696901379,0.0236564433668565,0.0777911881877562,0.042218807943587,2804,"tags=28%, list=18%, signal=23%","5586/5029/2778/801/5291/111/4792/1147/5027/5568/5518/2534/2783/4323/3339/196883/253260/5519/4790/5747/112/5290/5144/5515/1499/784/5577/6696",0.352487857583619
"R-HSA-8956319","Nucleotide catabolism",28,0.485845969300112,1.55027516693621,0.023785424042153,0.0780338505698477,0.0423505055913968,1088,"tags=32%, list=7%, signal=30%","955/7378/131870/4907/1806/9583/11164/4521/55270",0.352487857583619
"R-HSA-1483255","PI Metabolism",80,-0.327402810417079,-1.4185568496261,0.024227929138645,0.0789476720694937,0.0428464544936704,2704,"tags=30%, list=17%, signal=25%","80230/6305/7179/8897/5291/79837/25816/51552/200576/64419/375775/65977/59339/90809/23760/22908/9896/5295/8395/5290/9110/81846/284161/5728",0.352487857583619
"R-HSA-5617472","Activation of anterior HOX genes in hindbrain development during early embryogenesis",100,-0.314671188025447,-1.40113434336121,0.0242314637044981,0.0789476720694937,0.0428464544936704,4255,"tags=39%, list=27%, signal=29%","8337/8294/5928/6256/8359/3021/5440/5914/5929/8355/8726/333932/5438/3020/9125/8362/8348/5435/8344/5430/8368/5431/8363/8085/8341/653604/7403/5087/8841/9611/84661/8331/8338/5931/2033/57472/23512/9063/5916",0.352487857583619
"R-HSA-5619507","Activation of HOX genes during differentiation",100,-0.314671188025447,-1.40113434336121,0.0242314637044981,0.0789476720694937,0.0428464544936704,4255,"tags=39%, list=27%, signal=29%","8337/8294/5928/6256/8359/3021/5440/5914/5929/8355/8726/333932/5438/3020/9125/8362/8348/5435/8344/5430/8368/5431/8363/8085/8341/653604/7403/5087/8841/9611/84661/8331/8338/5931/2033/57472/23512/9063/5916",0.352487857583619
"R-HSA-1912422","Pre-NOTCH Expression and Processing",90,-0.30880755950675,-1.36405696466592,0.0243099012781017,0.0790211503614617,0.042886332608003,4255,"tags=43%, list=27%, signal=32%","8337/8294/57690/55534/8359/6487/5045/3021/4855/4853/8355/4343/333932/3020/8362/4242/1999/8348/8344/8368/8363/1991/56983/5584/8341/653604/27327/488/6484/487/8331/8338/2648/26523/2033/27161/23112/8850/3516",0.352487857583619
"R-HSA-5654695","PI-3K cascade:FGFR2",16,-0.553708859878119,-1.6569754919226,0.0245744991455863,0.0796980316327043,0.0432536893878252,545,"tags=25%, list=3%, signal=24%","5295/5290/2263/2252",0.352487857583619
"R-HSA-8955332","Carboxyterminal post-translational modifications of tubulin",40,-0.408573917229906,-1.53139398120233,0.0253046530149777,0.0818782136457173,0.0444369170493864,1889,"tags=25%, list=12%, signal=22%","23170/91978/164395/23287/25809/80086/10382/347688/79805/7277",0.352487857583619
"R-HSA-450294","MAP kinase activation",63,-0.347603270449404,-1.44059730651207,0.0260212286936876,0.0840046058741422,0.0455909519368331,2839,"tags=32%, list=18%, signal=26%","5608/5602/5604/23118/6197/4205/7334/1147/64127/5528/5518/8454/6416/5519/4790/1386/466/5515/5595/9252",0.352487857583619
"R-HSA-9764725","Negative Regulation of CDH1 Gene Transcription",74,-0.332422990885722,-1.412868784921,0.0260832679366867,0.0840130771354783,0.0455955494569857,4481,"tags=42%, list=29%, signal=30%","387893/7750/8337/8294/5928/8359/3021/8355/8726/333932/3020/8362/8348/8344/8368/3065/1487/8363/8341/7088/653604/6935/8331/6938/8338/5931/23512/6615/117581/7291/5595",0.352487857583619
"R-HSA-8949664","Processing of SMDT1",16,-0.550431674457297,-1.64716850431907,0.0261472345503807,0.0840277037596326,0.0456034876136127,1265,"tags=25%, list=8%, signal=23%","23203/10367/9512/91689",0.352487857583619
"R-HSA-450282","MAPK targets/ Nuclear events mediated by MAP kinases",31,-0.427156281702136,-1.50087783430695,0.0262819634535987,0.0842691526607451,0.0457345266814266,2786,"tags=35%, list=18%, signal=29%","5602/6197/4205/5528/5518/5519/1386/466/5515/5595/9252",0.352487857583619
"R-HSA-383280","Nuclear Receptor transcription pathway",50,-0.37921160982455,-1.44561305320473,0.0265075927709985,0.0848003080954566,0.0460227951834085,3746,"tags=42%, list=24%, signal=32%","3172/5914/7421/5241/9971/5469/2063/6097/8013/10002/6258/7376/9572/29959/4929/6096/3164/9611/2099/7067/5916",0.352487857583619
"R-HSA-176187","Activation of ATR in response to replication stress",37,0.455110053323991,1.54158973776197,0.0268454753568527,0.0856873637801122,0.0465042177514165,4138,"tags=49%, list=27%, signal=36%","84515/4173/6118/990/63967/6119/3364/5984/995/23594/55388/5982/4998/84126/4174/1017/4176/5810",0.352487857583619
"R-HSA-9769739","Regulation of clotting cascade",39,0.455242481043493,1.55732451364776,0.0270944430433669,0.086287257800272,0.0468297920357751,1143,"tags=21%, list=7%, signal=19%","5054/5270/375790/9672/7035/2239/10082/10544",0.352487857583619
"R-HSA-9013420","RHOU GTPase cycle",39,-0.424773205170151,-1.58903995577208,0.0273903271726848,0.0866441221972623,0.0470234693633674,4261,"tags=51%, list=27%, signal=37%","81839/6709/5063/28964/50618/79834/9231/998/58480/4690/9815/5058/50855/11060/2185/9352/6714/5295/8239/1213",0.352487857583619
"R-HSA-69473","G2/M DNA damage checkpoint",84,0.360690344923695,1.43804738457897,0.0273463064739364,0.0866441221972623,0.0470234693633674,3579,"tags=36%, list=23%, signal=28%","9656/165918/9156/83695/85236/6118/7158/7468/3017/7486/1763/672/6119/3364/5984/4683/995/7529/5982/4361/83990/641/79184/7156/5932/84142/51588/84126/11073/116028",0.352487857583619
"R-HSA-8936459","RUNX1 regulates genes involved in megakaryocyte differentiation and platelet function",73,-0.333179725978943,-1.40841712505427,0.0273657906626623,0.0866441221972623,0.0470234693633674,4255,"tags=44%, list=27%, signal=32%","8337/8294/57690/8359/3021/5929/8355/4343/333932/3020/8362/8348/4297/8344/8368/3065/8013/8363/10398/865/8085/8341/55170/653604/27327/84661/8331/8338/26523/2033/23112/8850",0.352487857583619
"R-HSA-9769740","Coagulation pathway",42,0.437978755742941,1.52013467790818,0.0280319903997866,0.0883284067547878,0.0479375637217785,1143,"tags=19%, list=7%, signal=18%","5054/5270/375790/9672/7035/2239/10082/10544",0.352487857583619
"R-HSA-9839373","Signaling by TGFBR3",42,-0.395568064122724,-1.50103096751172,0.0280477048323195,0.0883284067547878,0.0479375637217785,1527,"tags=31%, list=10%, signal=28%","3623/27327/4089/408/4323/6938/26523/2033/27161/23112/55851/6925/7049",0.352487857583619
"R-HSA-112040","G-protein mediated events",54,-0.359929821667893,-1.40840626465818,0.0281239214215377,0.0883716108667874,0.0479610114431641,2508,"tags=33%, list=16%, signal=28%","5332/801/111/23236/5568/818/2771/2773/5580/5331/196883/817/112/3710/5321/10768/3708/5577",0.352487857583619
"R-HSA-9958863","SLC-mediated transport of amino acids",35,0.462159140334157,1.55039484481936,0.0289214537268351,0.0906761320836914,0.0492117204363674,2376,"tags=34%, list=15%, signal=29%","6541/23428/6509/123096/8140/6542/55117/6510/81539/23657/8501/6505",0.352487857583619
"R-HSA-1650814","Collagen biosynthesis and modifying enzymes",67,0.379888544728806,1.43213104197146,0.0292947550487141,0.0916433266346942,0.0497366359434337,1422,"tags=21%, list=9%, signal=19%","1282/1294/1284/1301/1293/1292/1291/1288/1306/85301/1287/80781/1299/1295",0.352487857583619
"R-HSA-1912408","Pre-NOTCH Transcription and Translation",74,-0.327790415716821,-1.39317934998601,0.0294117735949436,0.0918062866738416,0.0498250775620222,4255,"tags=43%, list=27%, signal=32%","8337/8294/57690/55534/8359/3021/4855/4853/8355/4343/333932/3020/8362/1999/8348/8344/8368/8363/1991/5584/8341/653604/27327/8331/8338/2648/26523/2033/27161/23112/8850/3516",0.352487857583619
"R-HSA-373753","Nephrin family interactions",20,-0.512773659195618,-1.62315873117993,0.0297578388130272,0.0919510903485823,0.0499036653645204,4170,"tags=55%, list=27%, signal=40%","6709/8976/84623/23607/8573/5291/4690/2534/89/5295/5290",0.352487857583619
"R-HSA-177243","Interactions of Rev with host cellular proteins",36,0.457496227191815,1.55732652049447,0.0296674997308364,0.0919510903485823,0.0499036653645204,3909,"tags=42%, list=25%, signal=31%","10762/4869/9883/55746/23636/11097/348995/23225/57122/5905/5902/1104/23279/7514/9818",0.352487857583619
"R-HSA-9664323","FCGR3A-mediated IL10 synthesis",35,-0.422791192611539,-1.53935221091407,0.0296843936009627,0.0919510903485823,0.0499036653645204,2465,"tags=31%, list=16%, signal=27%","801/111/5568/2534/196883/6714/112/3710/10768/3708/5577",0.352487857583619
"R-HSA-6804756","Regulation of TP53 Activity through Phosphorylation",92,0.357364263383801,1.41248465894495,0.0297833093208279,0.0919510903485823,0.0499036653645204,3801,"tags=41%, list=24%, signal=31%","11198/22974/6879/6882/9156/83695/6790/6118/9891/26155/6233/6878/7486/1763/672/4193/6119/3364/5984/4683/51616/5982/4361/83990/5563/8445/641/5565/7156/5932/84126/11073/9212/116028/51422/112858/1017/580",0.352487857583619
"R-HSA-112314","Neurotransmitter receptors and postsynaptic signal transmission",184,-0.262024577095337,-1.27650042493972,0.0295439503273186,0.0919510903485823,0.0499036653645204,3264,"tags=27%, list=21%, signal=22%","10369/26960/2899/5573/3765/8573/1135/7280/2906/2567/6197/801/160/111/23236/55327/2903/2902/3084/5568/818/27020/3265/2771/2773/1741/9463/1137/2891/5331/5571/53632/2783/2901/196883/817/3759/80086/1740/161/5562/10382/6714/112/347688/2036/8536/5595/5577/7277",0.352487857583619
"R-HSA-5696400","Dual Incision in GG-NER",40,0.429326865226759,1.49102745350364,0.0299228497859442,0.0921806309309914,0.0500282415535432,2364,"tags=35%, list=15%, signal=30%","5425/1643/142/6118/2068/9557/6233/10038/2067/2073/54107/6119/5984/5982",0.352487857583619
"R-HSA-109704","PI3K Cascade",33,-0.432416881319154,-1.53031813800328,0.0299893973388548,0.0921847996459581,0.0500305039971522,1514,"tags=21%, list=10%, signal=19%","2255/2260/5295/5290/2263/5140/2252",0.352487857583619
"R-HSA-69190","DNA strand elongation",32,0.470029756616253,1.52050375030375,0.0301750308304308,0.0925542160395425,0.0502309935401877,3053,"tags=41%, list=20%, signal=33%","5425/84515/4173/6118/9837/2237/1763/6119/5984/5982/64785/84296/51659",0.352487857583619
"R-HSA-6784531","tRNA processing in the nucleus",57,0.401043655543354,1.45606371847765,0.0303164762874484,0.0927867910615845,0.0503572165792853,2431,"tags=26%, list=16%, signal=22%","10762/9883/55746/54913/23636/11097/11260/60528/11102/348995/10775/80746/116461/23225/57122",0.352487857583619
"R-HSA-6798695","Neutrophil degranulation",394,-0.223162659190006,-1.18857060227897,0.0306577262699643,0.093628563597688,0.050814063091877,2236,"tags=21%, list=14%, signal=18%","51552/30/929/2950/10159/5476/102/8514/23352/55860/2717/10213/1991/5657/3958/1460/5864/5719/57153/3101/5580/9725/5718/57020/10075/1315/2444/1654/2821/79895/4048/7226/10890/5906/7879/178/26578/23317/10043/8560/427/10092/4318/55/10120/161/5717/535/2665/2548/28956/5777/175/5689/5701/2934/4790/6993/2517/22931/81567/5269/5236/5686/978/5709/3417/47/272/83716/55004/7415/127829/8673/5707/230/1522/718/3310/10312/10493/4311",0.352487857583619
"R-HSA-74751","Insulin receptor signalling cascade",42,-0.392258625043892,-1.48847289977833,0.0307840086742994,0.0938116126410761,0.0509134074082076,1790,"tags=21%, list=11%, signal=19%","3265/2255/2260/5295/5290/2263/5595/5140/2252",0.352487857583619
"R-HSA-109581","Apoptosis",157,-0.268618633304536,-1.28336000416342,0.0308808993224426,0.0939044981546966,0.0509638182034614,2057,"tags=23%, list=13%, signal=20%","5690/4000/10213/3009/5719/5685/5684/581/5580/7533/5718/7531/23604/596/9500/11047/7979/324/7431/5694/5717/6774/5689/5701/2934/4836/5747/5686/5709/3008/8626/5691/5707/1499/5595/79658",0.352487857583619
"R-HSA-1474228","Degradation of the extracellular matrix",123,0.332908470697111,1.40390605740192,0.0310208489014998,0.0941276402290145,0.0510849217962877,2101,"tags=26%, list=13%, signal=23%","1282/1294/1284/1301/1293/1292/2201/7076/1291/1514/1288/4312/682/3912/4325/1306/1287/960/4326/80781/1508/1299/3911/1295/6650/831/8754/3914/1289/7077/3915/1298",0.352487857583619
"R-HSA-2219530","Constitutive Signaling by Aberrant PI3K in Cancer",69,-0.33125313046328,-1.38701429104201,0.0311932653104837,0.0944481309400941,0.0512588584090839,1514,"tags=17%, list=10%, signal=16%","2255/2534/5159/2260/2099/6714/5295/5290/2263/5156/3082/2252",0.352487857583619
"R-HSA-72649","Translation initiation complex formation",57,0.400221545151768,1.45307889351601,0.0313529121965645,0.094634993181228,0.0513602722228349,3050,"tags=37%, list=20%, signal=30%","6187/6228/3921/6218/6231/6230/6224/6232/8665/6189/6233/6201/6235/6210/6204/1968/6234/6205/7458/1964/8666",0.321775918075361
"R-HSA-6807878","COPI-mediated anterograde transport",97,-0.303621931289682,-1.35779328326109,0.0313888343719914,0.094634993181228,0.0513602722228349,2370,"tags=26%, list=15%, signal=22%","5861/8615/372/288/91949/55860/57511/10540/25839/6811/1315/9382/10121/80086/830/51226/26958/10382/9276/347688/381/1314/832/57731/7277",0.321775918075361
"R-HSA-2122947","NOTCH1 Intracellular Domain Regulates Transcription",47,-0.382628499268722,-1.45776508978878,0.0316803784165992,0.0953107554916411,0.0517270217206056,2029,"tags=30%, list=13%, signal=26%","6907/55294/7088/8841/8454/9611/1024/2648/9978/10014/9759/2033/8850/3516",0.321775918075361
"R-HSA-3928663","EPHA-mediated growth cone collapse",29,-0.442440454453746,-1.51061906760631,0.0327859152334974,0.0982213714885909,0.0533066702725234,2317,"tags=31%, list=15%, signal=26%","10398/103910/2046/2041/2534/4627/6714/1942/4629",0.321775918075361
"R-HSA-191859","snRNP Assembly",52,0.412720119747078,1.4877862637023,0.0328562296422231,0.0982213714885909,0.0533066702725234,3909,"tags=37%, list=25%, signal=27%","10762/9883/55746/6637/23636/11097/348995/96764/23225/57122/79833/1207/22916/6606/51808/23279/50628/54960/9818",0.321775918075361
"R-HSA-194441","Metabolism of non-coding RNA",52,0.412720119747078,1.4877862637023,0.0328562296422231,0.0982213714885909,0.0533066702725234,3909,"tags=37%, list=25%, signal=27%","10762/9883/55746/6637/23636/11097/348995/96764/23225/57122/79833/1207/22916/6606/51808/23279/50628/54960/9818",0.321775918075361
"R-HSA-3000170","Syndecan interactions",27,0.476016175004253,1.49335266789873,0.03311198647822,0.0987771073422005,0.053608279051326,3234,"tags=41%, list=21%, signal=32%","3371/7040/9672/5578/7057/1289/2247/3673/3688/1277/50509",0.321775918075361
"R-HSA-948021","Transport to the Golgi and subsequent modification",177,-0.263198861580083,-1.28584493272692,0.0335695009992248,0.0999311040271659,0.0542345757507992,2282,"tags=22%, list=15%, signal=19%","8615/372/25834/288/91949/2153/55860/10427/57511/4121/10540/25839/6811/27095/6484/1315/10113/9382/10121/4122/80086/830/51226/83696/22872/26958/10382/51399/2517/9276/347688/381/1314/57134/832/1522/4248/57731/7277",0.321775918075361
"R-HSA-8864260","Transcriptional regulation by the AP-2 (TFAP2) family of transcription factors",36,0.453264979629946,1.54292326719701,0.0337245008699792,0.100181605525526,0.0543705278411996,2100,"tags=31%, list=13%, signal=26%","4869/1026/1956/4605/1387/79047/3815/7020/7039/163732/5308",0.321775918075361
"R-HSA-435354","Zinc transporters",13,0.606438221750407,1.5699564662451,0.0338829293806269,0.100441220428106,0.0545114259553259,1458,"tags=31%, list=9%, signal=28%","23516/7779/64116/55630",0.321775918075361
"R-HSA-373760","L1CAM interactions",118,-0.289165050118092,-1.33949058360096,0.0340795386937809,0.100812693960264,0.0547130319479283,1179,"tags=14%, list=8%, signal=13%","6324/2260/80086/161/10382/6714/10048/347688/1759/1213/285643/5595/8828/57731/9252/7277",0.321775918075361
"R-HSA-982772","Growth hormone receptor signaling",20,-0.504776119526488,-1.5978429293459,0.0342727543913489,0.101172598558178,0.0549083592523612,791,"tags=30%, list=5%, signal=29%","2690/6774/5777/6776/3717/5595",0.321775918075361
"R-HSA-4655427","SUMOylation of DNA methylation proteins",16,0.562858470299694,1.56881267360219,0.0343801467757456,0.101278182376884,0.0549656616675542,3210,"tags=44%, list=21%, signal=35%","84733/1789/1788/6015/8535/1786/1911",0.321775918075361
"R-HSA-2980736","Peptide hormone metabolism",65,-0.344774611236838,-1.43911721793763,0.0346471095590184,0.1015348631018,0.055104967345749,2887,"tags=29%, list=19%, signal=24%","90701/11336/1066/5034/6844/10159/5443/64924/3623/60412/55763/1363/9314/6934/4644/1499/3625/1522/4311",0.321775918075361
"R-HSA-5576891","Cardiac conduction",118,-0.287821716022105,-1.33326789738259,0.0346827007624962,0.1015348631018,0.055104967345749,2465,"tags=22%, list=16%, signal=19%","801/490/480/476/53822/4882/338567/6261/818/483/51305/488/487/10089/6324/492/817/3759/4881/3710/204851/10768/775/8850/3708/4311",0.321775918075361
"R-HSA-9679506","SARS-CoV Infections",388,0.264576535456974,1.26162056380578,0.0346062052505967,0.1015348631018,0.055104967345749,3215,"tags=24%, list=21%, signal=20%","5478/6187/6228/10762/4869/3133/57506/3921/9883/3654/3454/375790/1514/567/3460/6218/55746/6637/6231/6230/3676/6224/3178/143/3320/9672/1915/7297/23636/51652/11097/6232/3106/5589/4088/89122/22863/1387/2239/6773/10082/7428/6189/2342/53615/348995/3838/54625/8829/6233/6201/3459/7706/10392/11253/6235/6210/481/9636/6204/5336/7284/51201/56965/598/861/23225/6234/7529/57122/54815/79833/6480/11123/10362/3661/5781/121601/79844/6205/3107/8737/64398/6772/340061/3688/6606/3455/29108/6482/7187/256435/81631",0.266350657088526
"R-HSA-9617324","Negative regulation of NMDA receptor-mediated neuronal transmission",22,-0.48221950332969,-1.5650865270317,0.0349021984465374,0.101966340089678,0.0553391383940082,2713,"tags=41%, list=17%, signal=34%","2906/801/2903/2902/818/1741/817/1740/8536",0.321775918075361
"R-HSA-5663213","RHO GTPases Activate WASPs and WAVEs",36,-0.403359667956829,-1.4299967720751,0.035059522739486,0.102214773512646,0.0554739680992153,3361,"tags=42%, list=22%, signal=33%","25/23191/3071/998/644150/4690/10787/10096/10006/10109/10092/5747/10458/10095/5595",0.321775918075361
"R-HSA-9671555","Signaling by PDGFR in disease",19,-0.534693178286336,-1.67347024305325,0.0355988357514559,0.103455379533521,0.0561472693888494,2418,"tags=42%, list=16%, signal=36%","5291/3265/57599/81608/6774/5295/5290/5156",0.321775918075361
"R-HSA-168276","NS1 Mediated Effects on Host Pathways",41,0.430351123022835,1.50349726391345,0.0356313789482494,0.103455379533521,0.0561472693888494,2431,"tags=27%, list=16%, signal=23%","10762/9883/55746/5610/23636/11097/348995/3838/9636/23225/57122",0.321775918075361
"R-HSA-432722","Golgi Associated Vesicle Biogenesis",56,-0.352005134372681,-1.44742858141781,0.035790318862645,0.103703915720861,0.0562821548663022,1948,"tags=29%, list=13%, signal=25%","1211/9685/9698/23557/164/8546/408/6643/1176/51429/81567/152503/1174/1213/8673/84062",0.321775918075361
"R-HSA-9909649","Regulation of PD-L1(CD274) transcription",81,-0.308116266074933,-1.33171710773568,0.036171182641501,0.104086728576407,0.0564899149327463,4255,"tags=41%, list=27%, signal=30%","8337/8294/5928/8359/23476/3021/5929/8355/8726/333932/3020/8362/8348/4609/4297/8344/8368/8363/8341/653604/84661/4791/4780/3659/8331/8338/6774/6934/4790/5931/2033/23512/1499",0.321775918075361
"R-HSA-9818564","Epigenetic regulation of gene expression by MLL3 and MLL4 complexes",110,-0.290311318936362,-1.3293013927307,0.0362168815131487,0.104086728576407,0.0564899149327463,3669,"tags=36%, list=24%, signal=28%","9443/5929/8355/6319/333932/25/3020/3991/8362/57678/8348/5469/8344/8368/8363/1050/6907/8085/84246/51003/8341/653604/7403/63924/8841/9969/123/9611/84661/8331/10499/5166/8338/90390/1024/1020/9968/2033/9282/2167",0.321775918075361
"R-HSA-9841922","MLL4 and MLL3 complexes regulate expression of PPARG target genes in adipogenesis and hepatic steatosis",110,-0.290311318936362,-1.3293013927307,0.0362168815131487,0.104086728576407,0.0564899149327463,3669,"tags=36%, list=24%, signal=28%","9443/5929/8355/6319/333932/25/3020/3991/8362/57678/8348/5469/8344/8368/8363/1050/6907/8085/84246/51003/8341/653604/7403/63924/8841/9969/123/9611/84661/8331/10499/5166/8338/90390/1024/1020/9968/2033/9282/2167",0.321775918075361
"R-HSA-9851695","Epigenetic regulation of adipogenesis genes by MLL3 and MLL4 complexes",110,-0.290311318936362,-1.3293013927307,0.0362168815131487,0.104086728576407,0.0564899149327463,3669,"tags=36%, list=24%, signal=28%","9443/5929/8355/6319/333932/25/3020/3991/8362/57678/8348/5469/8344/8368/8363/1050/6907/8085/84246/51003/8341/653604/7403/63924/8841/9969/123/9611/84661/8331/10499/5166/8338/90390/1024/1020/9968/2033/9282/2167",0.321775918075361
"R-HSA-68882","Mitotic Anaphase",218,0.285670884759713,1.28821631383601,0.036697247706422,0.105253363604221,0.0571230707094731,1717,"tags=21%, list=11%, signal=19%","54908/9883/11130/701/2010/1063/8379/80152/23141/348235/332/55746/8815/147841/57082/9232/55143/79172/699/113130/23636/51652/6232/25936/27183/25909/79980/151246/55055/3930/83540/348995/79682/5527/220134/2491/6233/57405/27338/1060/64946/55839/246184/9798/221496",0.271288554688953
"R-HSA-211945","Phase I - Functionalization of compounds",78,-0.326844113340408,-1.39781074323347,0.036983127042939,0.10585858631319,0.0574515369780612,2967,"tags=32%, list=19%, signal=26%","4051/54996/11283/2328/1066/8529/9420/57834/66002/1573/5443/131/5447/405/10499/8639/218/196743/9049/55902/54498/5742/4128/2052/217",0.321775918075361
"R-HSA-1295596","Spry regulation of FGF signaling",16,-0.530793617907062,-1.58840155878041,0.037156419750703,0.105925761144141,0.0574879940801141,2285,"tags=31%, list=15%, signal=27%","673/5518/6714/5515/5595",0.321775918075361
"R-HSA-8866427","VLDLR internalisation and degradation",16,-0.530769441505887,-1.58832921082441,0.037156419750703,0.105925761144141,0.0574879940801141,2531,"tags=44%, list=16%, signal=37%","7436/160/7376/1211/29116/161/1213",0.321775918075361
"R-HSA-9013695","NOTCH4 Intracellular Domain Regulates Transcription",19,-0.528630243632473,-1.65449461153064,0.0377563152887685,0.107419375891989,0.0582986081824327,663,"tags=26%, list=4%, signal=25%","2648/2033/8850/3516/59",0.321775918075361
"R-HSA-5654738","Signaling by FGFR2",66,-0.334059841846549,-1.37087427589574,0.0378874657752971,0.107560671080381,0.0583752918603789,569,"tags=12%, list=4%, signal=12%","6714/5295/5290/3185/5515/2263/5595/2252",0.321775918075361
"R-HSA-2555396","Mitotic Metaphase and Anaphase",219,0.291167928585712,1.29622399581619,0.0379581151832461,0.107560671080381,0.0583752918603789,1717,"tags=21%, list=11%, signal=19%","54908/9883/11130/701/2010/1063/8379/80152/23141/348235/332/55746/8815/147841/57082/9232/55143/79172/699/113130/26271/23636/51652/6232/25936/27183/25909/79980/151246/55055/3930/83540/348995/79682/5527/220134/2491/6233/57405/27338/1060/64946/55839/246184/9798/221496",0.266350657088526
"R-HSA-9700206","Signaling by ALK in cancer",84,-0.314370267185115,-1.39071159895756,0.0382467142231677,0.107945816190737,0.0585843176873824,1615,"tags=24%, list=10%, signal=21%","8496/4627/1051/5495/3726/8454/8878/22872/6774/5777/6776/9978/26523/5295/57448/5290/27161/1213/7291/5595",0.321775918075361
"R-HSA-9725370","Signaling by ALK fusions and activated point mutants",84,-0.314370267185115,-1.39071159895756,0.0382467142231677,0.107945816190737,0.0585843176873824,1615,"tags=24%, list=10%, signal=21%","8496/4627/1051/5495/3726/8454/8878/22872/6774/5777/6776/9978/26523/5295/57448/5290/27161/1213/7291/5595",0.321775918075361
"R-HSA-9764560","Regulation of CDH1 Gene Transcription",84,-0.313505887949601,-1.38688775696547,0.0387402134100308,0.109019016097322,0.0591667643859962,4481,"tags=40%, list=29%, signal=29%","387893/7750/8337/6667/8294/5928/8359/3021/8355/8726/333932/3020/8362/8348/8344/8368/3065/1487/8363/687/8341/7088/653604/6935/8331/6938/8338/9314/5931/23512/6615/117581/7291/5595",0.321775918075361
"R-HSA-162587","HIV Life Cycle",144,0.31423571091358,1.33397189757397,0.038781163434903,0.109019016097322,0.0591667643859962,3090,"tags=25%, list=20%, signal=20%","5478/2547/10762/7520/9883/11198/6879/55746/8815/6882/23636/51652/11097/27183/51497/348995/2237/2068/6233/6878/79720/2961/51616/6921/5439/23225/2957/57122/25920/22916/51534/5905/5902/5433/2963/1104",0.271288554688953
"R-HSA-9660826","Purinergic signaling in leishmaniasis infection",22,-0.47795373493547,-1.55124159418445,0.0390416848595367,0.109316717606703,0.0593283328507781,2098,"tags=36%, list=13%, signal=32%","5027/5025/3162/4791/4790/9051/10628/718",0.321775918075361
"R-HSA-9664424","Cell recruitment (pro-inflammatory response)",22,-0.47795373493547,-1.55124159418445,0.0390416848595367,0.109316717606703,0.0593283328507781,2098,"tags=36%, list=13%, signal=32%","5027/5025/3162/4791/4790/9051/10628/718",0.321775918075361
"R-HSA-72662","Activation of the mRNA upon binding of the cap-binding complex and eIFs, and subsequent binding to 43S",58,0.392027583333626,1.45617027113658,0.0393343419062027,0.109864816072481,0.059625796668981,3050,"tags=36%, list=20%, signal=29%","6187/6228/3921/6218/6231/6230/6224/6232/8665/6189/6233/6201/6235/6210/6204/1968/6234/6205/7458/1964/8666",0.282013350011725
"R-HSA-9730414","MITF-M-regulated melanocyte development",142,-0.283291853459282,-1.34172802139262,0.0393928300910522,0.109864816072481,0.059625796668981,2075,"tags=23%, list=13%, signal=20%","4254/5443/3735/9550/6663/7533/7531/27327/9114/596/6935/3094/427/1615/6657/5917/6934/6601/5077/533/26523/51606/528/1435/4644/2033/27161/23112/1499/727936/5595/523",0.321775918075361
"R-HSA-174411","Polymerase switching on the C-strand of the telomere",24,0.502548072131062,1.52614711404314,0.0398769266046145,0.110996012241978,0.0602397190802349,2364,"tags=33%, list=15%, signal=28%","5425/63922/54386/7013/25913/26277/5984/5982",0.321775918075361
"R-HSA-5358508","Mismatch Repair",15,0.577675010045248,1.53808784973837,0.0403988518113142,0.11222785159371,0.0609082625260887,2650,"tags=40%, list=17%, signal=33%","5425/9156/5395/6118/6119/4292",0.321775918075361
"R-HSA-6781823","Formation of TC-NER Pre-Incision Complex",50,-0.36778649888241,-1.4020587708875,0.040612223411714,0.112599380204242,0.0611098984108082,2579,"tags=26%, list=17%, signal=22%","5435/9318/5430/902/5431/2965/50813/27339/10987/9978/404672/51138/1642",0.321775918075361
"R-HSA-5357801","Programmed Cell Death",185,-0.262662260876942,-1.28192953200986,0.0407252823689235,0.112691877240035,0.0611600983715037,2078,"tags=23%, list=13%, signal=20%","2319/5690/4000/10213/1991/3009/5719/5685/5684/581/5580/7533/5718/7531/8473/23604/596/9500/11047/10015/7979/3659/79643/324/7431/5694/5717/6774/5689/5701/2934/4836/5747/5686/5709/3008/8626/10273/5691/5707/1499/5595/79658",0.321775918075361
"R-HSA-1474244","Extracellular matrix organization",290,0.275931339638226,1.28816685026381,0.0415094339622641,0.114637382075472,0.0622159621128105,2101,"tags=21%, list=13%, signal=19%","1282/1294/5054/1284/1301/1293/3371/4237/8728/1292/7837/2201/7076/4017/83700/1291/375790/1514/1288/4312/682/7040/3676/3912/3910/9672/4325/5578/8910/1306/3696/4038/3675/85301/22801/7057/1287/960/284217/4326/80781/1508/1299/3911/1295/655/6650/6443/1821/6641/3913/831/8754/3914/22795/1289/8425/3682/7077/3915/1298",0.248911114434702
"R-HSA-5619115","Disorders of transmembrane transporters",144,-0.276001448857713,-1.29693856998475,0.0423719568086155,0.116791319546554,0.0633849463452487,3552,"tags=33%, list=23%, signal=26%","5702/9688/23165/6559/215/5692/6833/64241/4928/153201/5687/91319/5704/10999/9631/7175/9990/6569/55788/5690/10213/5719/5685/5684/8480/5718/285195/6531/11047/11136/7979/81929/123041/5694/5717/5689/5701/21/3098/1080/5686/5709/79139/4891/1356/7415/5691/5707",0.321775918075361
"R-HSA-75105","Fatty acyl-CoA biosynthesis",34,-0.409953041127221,-1.46389105477567,0.0426476178278238,0.117322435036076,0.0636731931681904,3698,"tags=50%, list=24%, signal=38%","2182/6319/23305/401494/51144/9200/83401/31/3293/51703/7923/9524/79071/47/2181/11000/79993",0.321775918075361
"R-HSA-9830674","Formation of the ureteric bud",21,-0.472936854796254,-1.52673273242665,0.0433526222402264,0.11903030650035,0.0646000886048366,1238,"tags=29%, list=8%, signal=26%","2668/10736/3227/2296/9353/2138",0.321775918075361
"R-HSA-442742","CREB1 phosphorylation through NMDA receptor-mediated activation of RAS signaling",29,-0.427766055972402,-1.46051644717813,0.0437908208489631,0.119976836737003,0.0651137891820485,2713,"tags=34%, list=17%, signal=29%","2906/6197/801/2902/818/3265/1741/817/1740/5595",0.321775918075361
"R-HSA-9945266","Differentiation of T cells",81,-0.303083068845048,-1.30996299866824,0.0438670612397669,0.119976836737003,0.0651137891820485,2577,"tags=28%, list=17%, signal=24%","57459/4297/9219/3065/6045/6907/1107/4094/4772/4221/1108/8841/9611/84661/2648/6776/5931/10014/9759/2033/8459/8850/3516",0.321775918075361
"R-HSA-180746","Nuclear import of Rev protein",33,0.45677836943522,1.48173017126881,0.0441176470588235,0.120429252782194,0.065359324268573,1274,"tags=21%, list=8%, signal=20%","10762/4869/9883/55746/23636/11097/348995",0.276500599254472
"R-HSA-9824594","Regulation of MITF-M-dependent genes involved in apoptosis",15,-0.537620195461318,-1.5723146609884,0.0451547623972165,0.123022801598582,0.0667668942250458,1511,"tags=40%, list=10%, signal=36%","27327/596/3094/26523/27161/23112",0.321775918075361
"R-HSA-110313","Translesion synthesis by Y family DNA polymerases bypasses lesions on DNA template",39,0.425797730283927,1.45659790296105,0.0453074433656958,0.12320139407518,0.0668638198749212,4369,"tags=51%, list=28%, signal=37%","5425/9100/6118/6233/7706/54107/6119/5984/9636/5982/5429/5426/55666/10459/7353/9246/56655/83932/5111/11201",0.271288554688953
"R-HSA-165054","Rev-mediated nuclear export of HIV RNA",34,0.440203954840302,1.45596039937987,0.0455259026687598,0.12355782413364,0.0670572614784496,3909,"tags=41%, list=25%, signal=31%","10762/9883/55746/23636/11097/348995/23225/57122/5905/5902/1104/23279/7514/9818",0.266350657088526
"R-HSA-211935","Fatty acids",10,-0.619736825270944,-1.5685715808432,0.045708118008659,0.1238147104679,0.0671966787448794,4294,"tags=90%, list=28%, signal=65%","1580/126410/4051/11283/8529/57834/66002/1573/131",0.321775918075361
"R-HSA-390466","Chaperonin-mediated protein folding",84,-0.30927661718856,-1.36817830344375,0.0461427098875366,0.124752947955979,0.0677058786843257,2931,"tags=24%, list=19%, signal=19%","10693/22948/7280/2629/6950/26985/10564/1460/55294/26234/84261/5204/8841/2783/80086/6774/10382/26272/7277/8786",0.321775918075361
"R-HSA-9007101","Rab regulation of trafficking",118,-0.280131847996683,-1.29764635250716,0.0467459840505382,0.126142789021872,0.0684601727682707,2838,"tags=29%, list=18%, signal=24%","10260/11021/83452/5869/6305/5861/60684/51552/382/83874/5864/54453/80006/5866/7531/57679/4218/27095/10890/7879/22878/201475/83696/2665/4943/51399/22931/55667/81846/6764/9367/23258/26088/11337",0.321775918075361
"R-HSA-8876198","RAB GEFs exchange GTP for GDP on RABs",90,-0.295409873043386,-1.30487704186884,0.0469577397762621,0.126472845797399,0.0686393010724023,3108,"tags=33%, list=20%, signal=27%","11031/163259/10260/11021/5869/6305/5861/60684/51552/5864/54453/80006/5866/7531/57679/4218/27095/10890/7879/22878/201475/83696/2665/51399/22931/55667/81846/6764/9367/23258",0.321775918075361
"R-HSA-1226099","Signaling by FGFR in disease",56,-0.341821726225557,-1.4055548853575,0.0471672276078894,0.126795551021969,0.0688144395452279,2835,"tags=27%, list=18%, signal=22%","2249/5435/5430/5431/3265/2255/399687/613/2260/6774/6776/5295/5290/2263/2252",0.321775918075361
"R-HSA-2024096","HS-GAG degradation",19,0.524608873648981,1.50721424468926,0.0473856209150327,0.126820973749028,0.0688282369592556,2609,"tags=47%, list=17%, signal=39%","375790/1514/138050/9672/2239/10082/3423/3425/10855",0.266350657088526
"R-HSA-380972","Energy dependent regulation of mTOR by LKB1-AMPK",29,-0.425134435307623,-1.45153133671885,0.0474457532625432,0.126820973749028,0.0688282369592556,1394,"tags=28%, list=9%, signal=25%","5571/53632/5494/28956/5562/10670/64121/55004",0.321775918075361
"R-HSA-9609646","HCMV Infection",136,-0.267447065192065,-1.2667631049603,0.0474259256367279,0.126820973749028,0.0688282369592556,3614,"tags=34%, list=23%, signal=26%","8355/8726/9688/23165/7846/333932/51143/11267/51160/8362/140735/3190/4928/7280/128866/8348/27243/8344/85235/8368/9631/8363/7175/1052/6907/8332/8341/8480/653604/84313/8841/7251/9611/81929/79643/80086/8331/8338/4790/5931/10382/347688/8329/23512/92815/7277",0.321775918075361
"R-HSA-3301854","Nuclear Pore Complex (NPC) Disassembly",35,0.437926413491074,1.46910186260923,0.0480251039097146,0.128127352694974,0.0695372345090464,1274,"tags=20%, list=8%, signal=18%","10762/9883/55746/10783/23636/11097/348995",0.321775918075361
"R-HSA-419037","NCAM1 interactions",41,0.403915615297756,1.41114078705418,0.0484652665589661,0.128815576906726,0.0699107473257927,1346,"tags=22%, list=9%, signal=20%","1282/1284/1293/1292/1291/375790/8912/1287/1299",0.261663521711573
"R-HSA-5633008","TP53 Regulates Transcription of Cell Death Genes",41,0.40090870806462,1.40063569817209,0.0484652665589661,0.128815576906726,0.0699107473257927,3119,"tags=37%, list=20%, signal=29%","8795/8793/3486/64065/332/835/9540/1387/7161/637/55367/355/124446/51499/5366",0.261663521711573
"R-HSA-9613829","Chaperone Mediated Autophagy",20,0.507316864916157,1.47758216214541,0.0489864864864865,0.129956645200548,0.0705300275330974,1449,"tags=25%, list=9%, signal=23%","10226/5116/3320/1915/6233",0.266350657088526
"R-HSA-112399","IRS-mediated signalling",37,-0.407072214445182,-1.46878532053975,0.0494827080812364,0.13085635981558,0.0710183203516158,2835,"tags=30%, list=18%, signal=24%","2249/3667/5291/3265/2255/2260/5295/5290/2263/5140/2252",0.321775918075361
"R-HSA-9918487","Dengue Virus Genome Translation and Replication",81,-0.300676633522845,-1.29956208368877,0.0495107160546926,0.13085635981558,0.0710183203516158,3720,"tags=33%, list=24%, signal=26%","100128731/3069/3837/7329/8672/28972/1650/10313/2923/201595/54431/90701/10525/3840/5034/54344/25777/5033/3703/7431/9532/26986/4836/10294/7415/746/5593",0.321775918075361
"R-HSA-9833109","Evasion by RSV of host interferon responses",22,0.51241670674065,1.54574257531006,0.0498094585953077,0.131400325473442,0.0713135412136724,3016,"tags=50%, list=19%, signal=40%","57506/3454/5610/7297/1387/6773/6233/7706/6921/3661/3455",0.321775918075361
"R-HSA-180910","Vpr-mediated nuclear import of PICs",33,0.446323487850903,1.44781588259599,0.0506535947712418,0.133199461449033,0.0722899676957377,1274,"tags=21%, list=8%, signal=20%","10762/9883/55746/8815/23636/11097/348995",0.257206466468838
"R-HSA-3700989","Transcriptional Regulation by TP53",343,0.263913253700244,1.24150031821276,0.0506798516687268,0.133199461449033,0.0722899676957377,3488,"tags=30%, list=22%, signal=24%","4514/4513/4512/8795/4869/1026/8793/3486/11198/22974/64065/54205/1643/9656/6879/1349/332/144455/55215/55835/5371/1345/6882/9156/835/9540/5395/83695/1387/7161/25824/51497/1347/1820/6790/6118/9891/53615/26155/5527/2176/2068/2177/1337/6233/6878/7486/1763/672/55615/4193/7832/5325/6119/27154/3364/5984/7295/4683/51616/637/995/6921/5439/58528/55367/7529/5982/6009/54815/4361/125965/83990/2936/5563/355/25920/124446/3725/4292/8445/641/5565/7296/51499/5433/2963/5366/7156/5892/29883/84289/5932/79813/57103/29117/84126/639/79109/11073/5305/9212",0.222056046145248
"R-HSA-159230","Transport of the SLBP Dependant Mature mRNA",35,0.427689087663268,1.43475893654119,0.0512,0.134316883116883,0.07289641441401,2921,"tags=31%, list=19%, signal=26%","10762/9883/55746/23636/11097/348995/23225/10189/57122/22916/7884",0.252961123069611
"R-HSA-69186","Lagging Strand Synthesis",20,0.505046264363455,1.47096894049628,0.0523648648648649,0.136926139745777,0.0743125093092946,2364,"tags=35%, list=15%, signal=30%","5425/6118/2237/1763/6119/5984/5982",0.257206466468838
"R-HSA-9013423","RAC3 GTPase cycle",90,0.345100729559942,1.36795748535865,0.0523882896764253,0.136926139745777,0.0743125093092946,2515,"tags=30%, list=16%, signal=25%","10652/2010/64411/397/1829/11135/1969/7074/57580/55619/1535/9341/5062/55971/3930/182/6510/55114/10152/347902/7037/5881/7410/81624/23592/3998/4162",0.245041785430996
"R-HSA-75876","Synthesis of very long-chain fatty acyl-CoAs",22,-0.456146146476903,-1.4804631154048,0.053170686128344,0.13871466823889,0.0752831789019755,3257,"tags=55%, list=21%, signal=43%","23305/401494/51144/9200/83401/3293/51703/9524/79071/2181/11000/79993",0.321775918075361
"R-HSA-69183","Processive synthesis on the lagging strand",15,0.544991993511561,1.45106772640064,0.0545144804088586,0.141958518044431,0.0770436799963595,1980,"tags=33%, list=13%, signal=29%","5425/6118/2237/1763/6119",0.252961123069611
"R-HSA-8854518","AURKA Activation by TPX2",72,0.352147708851091,1.36595597724363,0.0549295774647887,0.142546692680575,0.0773628939404983,1885,"tags=26%, list=12%, signal=23%","5116/22974/22995/55835/3320/55755/22994/55142/93323/22981/10142/9738/6790/23354/54801/8481/84131/9662/10806",0.227987202850442
"R-HSA-70326","Glucose metabolism",73,-0.309497170585429,-1.30830624200678,0.0549419713655682,0.142546692680575,0.0773628939404983,2404,"tags=29%, list=15%, signal=24%","132789/9631/7175/5232/5568/5528/5518/3101/5313/8480/5207/2821/81929/5519/3098/5515/5230/2026/5091/230/2027",0.321775918075361
"R-HSA-176033","Interactions of Vpr with host cellular proteins",36,0.429286901928359,1.46130139996464,0.055471817885565,0.143657784780566,0.0779659054777938,1274,"tags=22%, list=8%, signal=20%","293/10762/9883/55746/8815/23636/11097/348995",0.321775918075361
"R-HSA-9856651","MITF-M-dependent gene expression",97,-0.286668865298729,-1.28197939512915,0.0556246079092943,0.143790119897152,0.0780377263485313,1511,"tags=20%, list=10%, signal=18%","27327/9114/596/6935/3094/427/6657/6934/6601/533/26523/51606/528/4644/27161/23112/1499/727936/523",0.321775918075361
"R-HSA-171319","Telomere Extension By Telomerase",23,0.485320736607724,1.45149209820715,0.0565428109854604,0.145896961192411,0.0791811505599916,5360,"tags=65%, list=34%, signal=43%","54386/1736/7013/25913/26277/80119/55505/10856/1017/51750/54433/55164/8900/65057/55135",0.241339976815091
"R-HSA-5654743","Signaling by FGFR4",34,-0.395135220090346,-1.41097846847676,0.0567922829788938,0.146273748874601,0.079385640646343,2285,"tags=24%, list=15%, signal=20%","673/3265/5518/6714/5295/5290/5515/5595",0.321775918075361
"R-HSA-73929","Base-Excision Repair, AP Site Formation",48,0.393225418547713,1.38933211388433,0.0572755417956656,0.14725021108922,0.0799155858967445,2629,"tags=31%, list=17%, signal=26%","7374/94239/54386/85236/4350/8930/3017/79661/4595/7013/25913/26277/8334/252969/6996",0.234392647294686
"R-HSA-936964","Activation of IRF3, IRF7 mediated by TBK1, IKKε (IKBKE)",17,0.509071254388185,1.43875878055321,0.0574912891986063,0.147536629631269,0.080071030873225,3193,"tags=47%, list=21%, signal=37%","6233/148022/7099/10133/3661/5781/23643/7187",0.248911114434702
"R-HSA-5694530","Cargo concentration in the ER",31,0.44089801339397,1.42942075483374,0.0577249575551783,0.14786791663591,0.0802508268468945,762,"tags=16%, list=5%, signal=15%","1294/966/90411/1075/149111",0.245041785430996
"R-HSA-936837","Ion transport by P-type ATPases",51,-0.346377794541068,-1.3776101874158,0.058241724788994,0.14892187857439,0.0808228327218164,3033,"tags=39%, list=19%, signal=32%","477/5349/23200/801/490/480/84239/57194/476/53822/818/483/488/487/79895/9914/492/817/538/374868",0.321775918075361
"R-HSA-9614657","FOXO-mediated transcription of cell death genes",15,-0.526719501656073,-1.54043468172121,0.0595400202793492,0.151966766561371,0.0824753533237879,2616,"tags=47%, list=17%, signal=39%","4802/1649/65018/10370/4303/2308/2033",0.321775918075361
"R-HSA-5654696","Downstream signaling of activated FGFR2",23,-0.459038011998866,-1.47651790113617,0.0601848688894671,0.153335864161633,0.0832183895209209,1790,"tags=26%, list=11%, signal=23%","3265/2255/5295/5290/2263/2252",0.321775918075361
"R-HSA-5696397","Gap-filling DNA repair synthesis and ligation in GG-NER",25,0.474019015516939,1.44245624773611,0.0614617940199336,0.156307512129831,0.0848311613241035,4259,"tags=44%, list=27%, signal=32%","5425/6118/6233/54107/6119/5984/5982/5426/7515/56655/5111",0.234392647294686
"R-HSA-389977","Post-chaperonin tubulin folding pathway",20,-0.463278449596023,-1.46648418253172,0.0626929059050491,0.158866969443977,0.0862202291517468,939,"tags=15%, list=6%, signal=14%","80086/10382/7277",0.287805130535564
"R-HSA-381676","Glucagon-like Peptide-1 (GLP1) regulates insulin secretion",39,-0.385211613493642,-1.44104345052469,0.0626192363088088,0.158866969443977,0.0862202291517468,2647,"tags=31%, list=17%, signal=26%","2778/111/3747/5568/2783/5906/10411/2740/112/3710/3708/5577",0.287805130535564
"R-HSA-176412","Phosphorylation of the APC/C",20,-0.461033589399537,-1.45937819266102,0.0634146341463415,0.159836528846572,0.0867464281102874,1702,"tags=35%, list=11%, signal=31%","10393/8881/51433/64682/7321/29882/29945",0.282013350011725
"R-HSA-9687136","Aberrant regulation of mitotic exit in cancer due to RB1 defects",20,-0.460101329740291,-1.45642717250136,0.0634146341463415,0.159836528846572,0.0867464281102874,1702,"tags=35%, list=11%, signal=31%","10393/8881/51433/64682/7321/29882/29945",0.282013350011725
"R-HSA-912631","Regulation of signaling by CBL",20,-0.455470899196338,-1.44176978199045,0.0634146341463415,0.159836528846572,0.0867464281102874,1577,"tags=30%, list=10%, signal=27%","2889/2534/29760/1398/5295/5290",0.282013350011725
"R-HSA-9924644","Developmental Lineages of the Mammary Gland",34,-0.392830376840382,-1.40274816139815,0.0640615489301773,0.161179769016496,0.0874754309713731,868,"tags=18%, list=6%, signal=17%","7431/2099/8626/4311/4629/59",0.287805130535564
"R-HSA-2022377","Metabolism of Angiotensinogen to Angiotensins",9,-0.633376020300934,-1.54327632548788,0.0645933014354067,0.16222900218413,0.0880448704493441,90,"tags=22%, list=1%, signal=22%","1522/4311",0.276500599254472
"R-HSA-159227","Transport of the SLBP independent Mature mRNA",34,0.426626122873588,1.41105215756241,0.0659340659340659,0.165302782324059,0.0897130713910146,2749,"tags=29%, list=18%, signal=24%","10762/9883/55746/23636/11097/348995/23225/10189/57122/22916",0.219250346703755
"R-HSA-1660514","Synthesis of PIPs at the Golgi membrane",17,-0.500166517985227,-1.47061324617741,0.0677570093457944,0.168296125006376,0.0913376173422742,5340,"tags=71%, list=34%, signal=46%","5297/55697/5298/377/5289/5288/30849/375/7179/200576/22908/9896",0.266350657088526
"R-HSA-1855170","IPs transport between nucleus and cytosol",29,0.44585136141375,1.4321581641202,0.0677165354330709,0.168296125006376,0.0913376173422742,2431,"tags=28%, list=16%, signal=23%","10762/9883/55746/23636/11097/348995/23225/57122",0.216542836735348
"R-HSA-1855196","IP3 and IP4 transport between cytosol and nucleus",29,0.44585136141375,1.4321581641202,0.0677165354330709,0.168296125006376,0.0913376173422742,2431,"tags=28%, list=16%, signal=23%","10762/9883/55746/23636/11097/348995/23225/57122",0.216542836735348
"R-HSA-1855229","IP6 and IP7 transport between cytosol and nucleus",29,0.44585136141375,1.4321581641202,0.0677165354330709,0.168296125006376,0.0913376173422742,2431,"tags=28%, list=16%, signal=23%","10762/9883/55746/23636/11097/348995/23225/57122",0.216542836735348
"R-HSA-3238698","WNT ligand biogenesis and trafficking",24,-0.439739686611059,-1.42770471957998,0.0676691729323308,0.168296125006376,0.0913376173422742,1727,"tags=38%, list=11%, signal=33%","54361/7475/7484/51699/79971/55737/7483/7480/80326",0.276500599254472
"R-HSA-9692916","SARS-CoV-1 activates/modulates innate immune responses",39,0.402259124236641,1.37607543473596,0.0679611650485437,0.168296125006376,0.0913376173422742,3193,"tags=28%, list=21%, signal=22%","5478/57506/3838/6233/7706/861/11123/3661/340061/29108/7187",0.219250346703755
"R-HSA-5696395","Formation of Incision Complex in GG-NER",42,0.393489113827586,1.36572023064,0.0679304897314376,0.168296125006376,0.0913376173422742,1980,"tags=29%, list=13%, signal=25%","1643/142/7508/6118/2068/9557/6233/10038/2067/6612/2073/6119",0.216542836735348
"R-HSA-913531","Interferon Signaling",236,0.27205917883721,1.24476070195501,0.0685640362225097,0.169492215417183,0.0919867591347243,1496,"tags=17%, list=10%, signal=16%","10762/4869/3133/57506/9883/3609/201254/3454/6672/567/3460/55746/5610/2175/2635/4502/5371/10475/3304/85363/10561/7297/2189/23636/199990/11097/5770/3106/10346/6773/960/3608/2342/9830/348995/2176/3838/55223/6233/3459",0.193813302725311
"R-HSA-9840310","Glycosphingolipid catabolism",36,0.403879447455743,1.37481390495002,0.0688073394495413,0.169796820212306,0.0921520741484628,2823,"tags=36%, list=18%, signal=30%","55627/57704/2720/2760/414/10825/25870/79642/5660/412/415/3074/22901",0.211400189384923
"R-HSA-8876384","Listeria monocytogenes entry into host cells",19,-0.496791274783516,-1.55484574915129,0.0693095801284485,0.169962325078289,0.0922418968946301,1335,"tags=26%, list=9%, signal=24%","30011/1500/6457/6714/1499",0.287805130535564
"R-HSA-1502540","Signaling by Activin",16,-0.495708423998087,-1.48340900646814,0.0693552062023851,0.169962325078289,0.0922418968946301,1527,"tags=31%, list=10%, signal=28%","3623/4089/5595/3625/7049",0.287805130535564
"R-HSA-3232142","SUMOylation of ubiquitinylation proteins",38,0.424162505550696,1.43150404653876,0.0693548387096774,0.169962325078289,0.0922418968946301,2431,"tags=29%, list=16%, signal=24%","10762/9883/55746/5371/23636/11097/7428/348995/4193/23225/57122",0.216542836735348
"R-HSA-9022692","Regulation of MECP2 expression and activity",33,-0.392310495878323,-1.38838212268719,0.0692307692307692,0.169962325078289,0.0922418968946301,2465,"tags=33%, list=16%, signal=28%","801/3065/6907/818/27327/8841/9611/817/26523/27161/23112",0.276500599254472
"R-HSA-204174","Regulation of pyruvate dehydrogenase (PDH) complex",15,-0.522904002732802,-1.52927594001714,0.0699294096233689,0.171072984787965,0.092844673765197,3508,"tags=53%, list=23%, signal=41%","5163/23409/5161/1737/1738/5166/5160/5165",0.287805130535564
"R-HSA-9856649","Transcriptional and post-translational regulation of MITF-M expression and activity",55,-0.346021295866541,-1.37313890275516,0.0701422110763313,0.171297213233044,0.0929663669528039,2075,"tags=27%, list=13%, signal=24%","4254/5443/3735/6663/7533/7531/3094/1615/6657/5917/5077/1435/2033/1499/5595",0.287805130535564
"R-HSA-442982","Ras activation upon Ca2+ influx through NMDA receptor",21,-0.44981685451349,-1.45209684637244,0.0702894897943937,0.171360928567711,0.0930009465181769,2713,"tags=38%, list=17%, signal=32%","2906/801/2902/818/3265/1741/817/1740",0.287805130535564
"R-HSA-170822","Regulation of Glucokinase by Glucokinase Regulatory Protein",30,0.440645479567425,1.45328423543826,0.0714285714285714,0.173539518900344,0.0941833103434878,2431,"tags=27%, list=16%, signal=23%","10762/9883/55746/23636/11097/348995/23225/57122",0.211400189384923
"R-HSA-5619107","Defective TPR may confer susceptibility towards thyroid papillary carcinoma (TPC)",30,0.440645479567425,1.45328423543826,0.0714285714285714,0.173539518900344,0.0941833103434878,2431,"tags=27%, list=16%, signal=23%","10762/9883/55746/23636/11097/348995/23225/57122",0.211400189384923
"R-HSA-2730905","Role of LAT2/NTAL/LAB on calcium mobilization",12,-0.547744018454758,-1.47067145699562,0.0720720720720721,0.17480258989693,0.0948688038173151,2418,"tags=33%, list=16%, signal=28%","5291/2534/5295/5290",0.252961123069611
"R-HSA-9034015","Signaling by NTRK3 (TRKC)",16,-0.478659608664115,-1.43239037335303,0.0724299065420561,0.175369670976828,0.0951765698735793,1790,"tags=38%, list=11%, signal=33%","3265/581/5802/6714/5295/5290",0.257206466468838
"R-HSA-73864","RNA Polymerase I Transcription",90,-0.282001874089781,-1.24565156699993,0.0728161230058644,0.176003415265457,0.0955205153644543,4255,"tags=41%, list=27%, signal=30%","8337/8294/5928/8359/3021/5440/8355/7343/333932/9013/3020/8362/8348/5435/57459/8344/902/9219/9533/8368/3065/8363/2965/1107/8341/1108/653604/8331/51082/8338/2648/5931/404672/8932/10919/8850/5595",0.287805130535564
"R-HSA-176407","Conversion from APC/C:Cdc20 to APC/C:Cdh1 in late anaphase",20,-0.450720822869451,-1.42673365888722,0.0731707317073171,0.176558728044618,0.0958218945324322,1702,"tags=35%, list=11%, signal=31%","10393/8881/51433/64682/7321/29882/29945",0.261663521711573
"R-HSA-5621480","Dectin-2 family",19,-0.456477543296741,-1.42867277225682,0.0743589743589744,0.179120255099812,0.0972120856492527,4643,"tags=58%, list=30%, signal=41%","10462/10071/283463/4586/140453/4585/94025/727897/56667/4583/2534",0.266350657088526
"R-HSA-175474","Assembly Of The HIV Virion",16,0.516835358928286,1.44053595004213,0.0749128919860627,0.180084784309445,0.0977355546231314,1592,"tags=19%, list=10%, signal=17%","5478/6233/79720",0.216542836735348
"R-HSA-4420332","Defective B3GALT6 causes EDSP2 and SEMDJL1",19,0.499233581994177,1.43431040534083,0.0751633986928105,0.180084784309445,0.0977355546231314,1483,"tags=32%, list=10%, signal=29%","375790/9672/2239/10082/126792/1464",0.208955027549354
"R-HSA-389958","Cooperation of Prefoldin and TriC/CCT  in actin and tubulin folding",31,-0.405346989669207,-1.42424760692573,0.0750605326876513,0.180084784309445,0.0977355546231314,4941,"tags=45%, list=32%, signal=31%","7203/81027/10376/7278/10576/7846/10693/22948/7280/6950/5204/80086/10382/7277",0.257206466468838
"R-HSA-5674135","MAP2K and MAPK activation",37,-0.375533397222242,-1.35498793982837,0.0752688172043011,0.180084784309445,0.0977355546231314,2760,"tags=27%, list=18%, signal=22%","5604/8649/673/3265/408/5906/28956/5037/6714/5595",0.271288554688953
"R-HSA-9656223","Signaling by RAF1 mutants",40,-0.380865341284672,-1.42753824141868,0.0757946210268949,0.181036476574374,0.0982520567346234,2760,"tags=28%, list=18%, signal=23%","5604/801/673/818/3265/408/5906/817/6714/3717/5595",0.257206466468838
"R-HSA-4090294","SUMOylation of intracellular receptors",28,-0.419919411195559,-1.41519853369949,0.0769230769230769,0.183421974315735,0.0995467132804175,3725,"tags=43%, list=24%, signal=33%","5914/7421/5241/9971/7329/10401/7376/4929/2099/9759/7067/9063",0.261663521711573
"R-HSA-112043","PLC beta mediated events",50,-0.359130976704057,-1.36906258743964,0.0780346820809249,0.185759327377824,0.100815240761789,2508,"tags=32%, list=16%, signal=27%","5332/801/111/23236/5568/818/5580/5331/196883/817/112/3710/5321/10768/3708/5577",0.276500599254472
"R-HSA-9694614","Attachment and Entry",16,0.513061778250572,1.43001813516603,0.078397212543554,0.186308669809387,0.101113379704691,1443,"tags=38%, list=9%, signal=34%","375790/1514/9672/2239/10082/8829",0.211400189384923
"R-HSA-372708","p130Cas linkage to MAPK signaling for integrins",12,-0.543918053949335,-1.4603988906069,0.0788288288288288,0.186987569426078,0.101481831880288,1129,"tags=33%, list=7%, signal=31%","5906/1398/5747/6714",0.241339976815091
"R-HSA-191273","Cholesterol biosynthesis",26,-0.41952732230031,-1.40157047124099,0.0789473684210526,0.186987569426078,0.101481831880288,2045,"tags=35%, list=13%, signal=30%","39/6720/3156/7108/6721/4598/50814/3157/6713",0.261663521711573
"R-HSA-76009","Platelet Aggregation (Plug Formation)",33,-0.380084546707735,-1.34511463573575,0.0794871794871795,0.187951290626876,0.102004862331879,1129,"tags=18%, list=7%, signal=17%","5906/10411/1398/150/5747/6714",0.257206466468838
"R-HSA-389960","Formation of tubulin folding intermediates by CCT/TriC",24,-0.432320415710419,-1.40361654104345,0.0802005012531328,0.189321383592537,0.102748438733393,4941,"tags=54%, list=32%, signal=37%","7203/81027/10376/7278/10576/7846/10693/22948/7280/6950/80086/10382/7277",0.252961123069611
"R-HSA-9609523","Insertion of tail-anchored proteins into the endoplasmic reticulum membrane",22,-0.431622750582179,-1.40087024069344,0.0807174887892377,0.190224215246637,0.103238423230324,2630,"tags=55%, list=17%, signal=45%","6844/9381/9218/27230/439/10952/7917/819/6811/3162/1528/23480",0.237793834423688
"R-HSA-1614558","Degradation of cysteine and homocysteine",12,-0.54069507450272,-1.45174531572717,0.0810810810810811,0.190763142510231,0.103530909656708,4173,"tags=58%, list=27%, signal=43%","7263/23474/1468/2806/58472/51380/25828",0.237793834423688
"R-HSA-168271","Transport of Ribonucleoproteins into the Host Nucleus",31,0.422095328422802,1.36846119655065,0.0814940577249576,0.191036020987679,0.103679006173803,2431,"tags=26%, list=16%, signal=22%","10762/9883/55746/23636/11097/348995/23225/57122",0.204294756516886
"R-HSA-380270","Recruitment of mitotic centrosome proteins and complexes",81,0.333694760712469,1.31258437686646,0.0816023738872404,0.191036020987679,0.103679006173803,4617,"tags=47%, list=30%, signal=33%","5116/653784/22995/55835/3320/55755/22994/55142/93323/22981/10142/9738/23354/54801/8481/84131/9662/10806/85378/80097/11190/80321/7840/80254/1454/55722/54820/11064/55125/121441/115106/10426/10383/203068/54930/7283/9793/440145",0.190023305279108
"R-HSA-380287","Centrosome maturation",81,0.333694760712469,1.31258437686646,0.0816023738872404,0.191036020987679,0.103679006173803,4617,"tags=47%, list=30%, signal=33%","5116/653784/22995/55835/3320/55755/22994/55142/93323/22981/10142/9738/23354/54801/8481/84131/9662/10806/85378/80097/11190/80321/7840/80254/1454/55722/54820/11064/55125/121441/115106/10426/10383/203068/54930/7283/9793/440145",0.190023305279108
"R-HSA-5083632","Defective C1GALT1C1 causes TNPS",15,-0.490083147802928,-1.43328863926454,0.0819277108433735,0.191480633276909,0.103920306008472,4571,"tags=67%, list=29%, signal=47%","29071/10071/283463/4586/140453/4585/94025/727897/56667/4583",0.245041785430996
"R-HSA-8874081","MET activates PTK2 signaling",30,0.430095076794515,1.41848815845945,0.0825396825396825,0.192275306608091,0.104351590856135,3234,"tags=50%, list=21%, signal=40%","1301/3912/3910/3675/85301/284217/3911/3913/3914/1289/3915/3673/3688/1277/50509",0.195789002148949
"R-HSA-69239","Synthesis of DNA",108,-0.267940951673375,-1.22892928630173,0.0825082508250825,0.192275306608091,0.104351590856135,2057,"tags=24%, list=13%, signal=21%","5690/10213/5719/5685/5684/10393/5718/8881/51433/11047/64682/7321/29882/8454/7979/4175/5694/5717/5689/5701/9978/5686/5709/5691/29945/5707",0.287857117255149
"R-HSA-198753","ERK/MAPK targets",22,-0.426155639774639,-1.38312624359753,0.0829596412556054,0.192525992827563,0.104487643198316,2596,"tags=36%, list=17%, signal=30%","6197/4205/5528/5518/5519/5515/5595/9252",0.234392647294686
"R-HSA-168274","Export of Viral Ribonucleoproteins from Nucleus",31,0.421700462489581,1.36718101486877,0.0831918505942275,0.192525992827563,0.104487643198316,2431,"tags=26%, list=16%, signal=22%","10762/9883/55746/23636/11097/348995/23225/57122",0.20207170902116
"R-HSA-168333","NEP/NS2 Interacts with the Cellular Export Machinery",31,0.421700462489581,1.36718101486877,0.0831918505942275,0.192525992827563,0.104487643198316,2431,"tags=26%, list=16%, signal=22%","10762/9883/55746/23636/11097/348995/23225/57122",0.20207170902116
"R-HSA-69002","DNA Replication Pre-Initiation",129,-0.26834520579639,-1.25737065631443,0.0831919247649511,0.192525992827563,0.104487643198316,3218,"tags=30%, list=21%, signal=24%","3020/5692/8362/5422/51529/5687/8348/5704/8344/8368/8363/5690/10213/5719/5685/5684/8341/10393/653604/5718/8881/51433/11047/64682/7321/29882/7979/8331/4175/5694/8338/5717/5689/5701/5686/5709/5691/29945/5707",0.287805130535564
"R-HSA-5654726","Negative regulation of FGFR1 signaling",27,-0.400946283596355,-1.3610127460512,0.0833333333333333,0.192538126361656,0.104494228305928,2835,"tags=30%, list=18%, signal=24%","2249/673/5518/2255/2260/6714/5515/5595",0.248911114434702
"R-HSA-448424","Interleukin-17 signaling",68,-0.327597696239461,-1.34916838859081,0.0840579710144927,0.193895548147623,0.105230927808986,2839,"tags=29%, list=18%, signal=24%","5608/5602/5604/23118/6197/4205/7334/1147/64127/5528/5518/8454/6416/5519/4790/1386/466/5515/5595/9252",0.266350657088526
"R-HSA-909733","Interferon alpha/beta signaling",45,0.382123091597605,1.34227106274673,0.0846394984326019,0.194918975217751,0.105786361810248,3093,"tags=33%, list=20%, signal=27%","3133/3454/5610/7297/5770/3106/6773/6233/9636/3661/5781/3107/6772/3455/4940",0.191892240384838
"R-HSA-5628897","TP53 Regulates Metabolic Genes",78,-0.29698487781216,-1.2701120682304,0.0855457227138643,0.196685612873828,0.106745150815087,1694,"tags=27%, list=11%, signal=24%","1351/7533/7531/27327/5571/2821/53632/9167/28956/5562/5052/26523/10670/143686/64121/8626/55004/27161/23112/5728/7001",0.266350657088526
"R-HSA-445355","Smooth Muscle Contraction",41,-0.349208208905588,-1.31493615742781,0.0861618798955614,0.197780678851175,0.107339464660398,2465,"tags=29%, list=16%, signal=25%","801/10398/103910/8911/25802/5058/301/72/58498/217/4629/59",0.248911114434702
"R-HSA-9841251","Mitochondrial unfolded protein response (UPRmt)",17,-0.472936401458194,-1.39054997000907,0.0864485981308411,0.198117208682349,0.107522106019151,1695,"tags=29%, list=11%, signal=26%","27429/3336/4899/22809/2099",0.234392647294686
"R-HSA-844456","The NLRP3 inflammasome",15,-0.48526578965997,-1.41919987753396,0.0867469879518072,0.198479354310446,0.107718649574744,2098,"tags=40%, list=13%, signal=35%","5027/3162/4791/4790/9051/10628",0.237793834423688
"R-HSA-391251","Protein folding",89,-0.285572566328662,-1.23535263429268,0.0887573964497041,0.202424126741745,0.109859555164927,2931,"tags=22%, list=19%, signal=18%","10693/22948/7280/2629/6950/26985/10564/1460/55294/26234/84261/5204/8841/2783/80086/6774/10382/26272/7277/8786",0.261663521711573
"R-HSA-73854","RNA Polymerase I Promoter Clearance",89,-0.284642832492056,-1.23133071734524,0.0887573964497041,0.202424126741745,0.109859555164927,4255,"tags=42%, list=27%, signal=30%","8337/8294/5928/8359/3021/5440/8355/7343/333932/9013/3020/8362/8348/5435/57459/8344/902/9219/9533/8368/3065/8363/2965/1107/8341/1108/653604/8331/51082/8338/2648/5931/404672/8932/10919/8850/5595",0.261663521711573
"R-HSA-204005","COPII-mediated vesicle transport",66,0.345592427181729,1.30882818018652,0.0890625,0.202792874396135,0.110059681770049,1221,"tags=15%, list=8%, signal=14%","1294/966/90411/10652/1075/2801/149111/64689/9117/22870",0.186432558434075
"R-HSA-9615017","FOXO-mediated transcription of oxidative stress, metabolic and neuronal genes",24,-0.428794313063993,-1.39216832851384,0.0902255639097744,0.205110847859198,0.111317691561841,2392,"tags=38%, list=15%, signal=32%","3065/91584/84676/5443/6720/114907/4089/4303/2308",0.237793834423688
"R-HSA-8856828","Clathrin-mediated endocytosis",141,-0.256622405085215,-1.22546573742696,0.0905797101449275,0.20558540954242,0.111575245521719,2679,"tags=24%, list=17%, signal=20%","29763/22905/5869/6844/338/9318/160/27348/50813/1211/382/10096/115548/30011/6457/23048/408/10109/51429/10092/161/1601/11252/10987/90019/3267/112574/1080/1759/51138/29978/54874/1213/8673",0.287857117255149
"R-HSA-5578775","Ion homeostasis",49,-0.341277620888599,-1.31850945186484,0.0914127423822715,0.207143618154698,0.112420915984793,2465,"tags=31%, list=16%, signal=26%","801/490/480/476/53822/6261/818/483/488/487/492/817/3710/10768/3708",0.248911114434702
"R-HSA-8964043","Plasma lipoprotein clearance",36,-0.382018151962777,-1.35433650803018,0.0919540229885057,0.208036781609195,0.112905653359631,4256,"tags=47%, list=27%, signal=34%","26119/8029/1175/3990/3069/8435/338/7436/160/7376/1211/55911/81693/29116/4864/161/1213",0.252961123069611
"R-HSA-9609690","HCMV Early Events",112,-0.274039367818717,-1.2693746894878,0.092129359932151,0.20810050310553,0.112940236269061,3614,"tags=33%, list=23%, signal=26%","8355/8726/9688/23165/7846/333932/51143/8362/140735/4928/7280/8348/8344/85235/8368/9631/8363/7175/6907/8332/8341/8480/653604/8841/9611/81929/80086/8331/8338/4790/5931/10382/347688/8329/23512/92815/7277",0.287805130535564
"R-HSA-190241","FGFR2 ligand binding and activation",13,-0.516194386385569,-1.42764894121576,0.0925,0.208604465709729,0.113213746687055,2835,"tags=38%, list=18%, signal=31%","2249/83888/2255/2263/2252",0.234392647294686
"R-HSA-5627117","RHO GTPases Activate ROCKs",19,-0.47940081808241,-1.50041750322589,0.0946979981520285,0.213221288832752,0.115719387406541,2317,"tags=37%, list=15%, signal=31%","10398/103910/1072/4627/5058/3985/4629",0.287805130535564
"R-HSA-416572","Sema4D induced cell migration and growth-cone collapse",20,-0.440717206327828,-1.39506772355352,0.0951219512195122,0.213835356159603,0.116052653823222,2317,"tags=30%, list=15%, signal=26%","10398/103910/27289/4627/3985/4629",0.227987202850442
"R-HSA-168164","Toll Like Receptor 3 (TLR3) Cascade",103,-0.278482208810967,-1.26606090570343,0.095287904582767,0.213868408063544,0.116070591741606,2839,"tags=26%, list=18%, signal=22%","5608/7323/5602/5604/23118/6197/4205/7334/11035/4792/1147/29110/64127/5528/5518/7321/8454/6416/4791/7322/5519/4790/1386/466/5515/5595/9252",0.287805130535564
"R-HSA-9617828","FOXO-mediated transcription of cell cycle genes",16,-0.458424615652649,-1.37183709359044,0.0957943925233645,0.214539621987168,0.116434872740402,1409,"tags=38%, list=9%, signal=34%","4089/4303/9314/2308/57060/694",0.222056046145248
"R-HSA-9976102","Differentiation of naive CD4+ T cells to T helper 2 cells (Th2 cells)",72,-0.298860485791276,-1.27309245897865,0.0958904109589041,0.214539621987168,0.116434872740402,2577,"tags=29%, list=17%, signal=24%","57459/4297/9219/3065/6045/6907/1107/4094/4221/1108/8841/9611/84661/2648/6776/5931/10014/9759/2033/8850/3516",0.271288554688953
"R-HSA-9764260","Regulation of Expression and Function of Type II Classical Cadherins",30,-0.386726774278509,-1.34772628892028,0.0967741935483871,0.215833926935993,0.117137317494465,2479,"tags=40%, list=16%, signal=34%","154796/1495/27319/1009/6663/27327/1500/26523/27161/23112/1499/6615",0.237793834423688
"R-HSA-9820448","Developmental Cell Lineages of the Exocrine Pancreas",60,0.34986658509172,1.30348970137289,0.0967741935483871,0.215833926935993,0.117137317494465,3290,"tags=35%, list=21%, signal=28%","1301/302/3912/3910/85301/284217/3872/3911/2626/3913/3914/1289/3915/7980/64321/8671/3855/2247/1277/50509/2627",0.176694268938498
"R-HSA-389356","Co-stimulation by CD28",43,-0.354742728793925,-1.31924273161425,0.0969529085872576,0.215891988570681,0.117168828685654,1912,"tags=28%, list=12%, signal=25%","5528/5518/2534/5058/253260/5526/5519/6714/5295/5290/5515/5525",0.241339976815091
"R-HSA-5083636","Defective GALNT12 causes CRCS1",14,-0.503020451446465,-1.40855624220871,0.0979020979020979,0.217321140398063,0.117944457493082,4135,"tags=64%, list=27%, signal=47%","10071/283463/4586/140453/4585/94025/727897/56667/4583",0.219250346703755
"R-HSA-199977","ER to Golgi Anterograde Transport",149,-0.251201241269975,-1.2052958360042,0.0978260869565217,0.217321140398063,0.117944457493082,2370,"tags=22%, list=15%, signal=19%","5861/8615/372/288/91949/2153/55860/10427/57511/10540/25839/6811/27095/1315/10113/9382/10121/80086/830/51226/83696/22872/26958/10382/51399/9276/347688/381/1314/832/1522/57731/7277",0.276500599254472
"R-HSA-76046","RNA Polymerase III Transcription Initiation",36,0.387948960181988,1.32058620023626,0.099388379204893,0.220274558300499,0.119547335481,3243,"tags=33%, list=21%, signal=26%","112495/27297/6617/9328/10302/661/2971/55814/2975/6618/10622/2972",0.173747838999571
"R-HSA-5654700","FRS-mediated FGFR2 signaling",18,-0.433566009675434,-1.30763376619574,0.101063829787234,0.223637332267839,0.121372379057171,1790,"tags=22%, list=11%, signal=20%","3265/2255/2263/2252",0.231126709673834
"R-HSA-1839124","FGFR1 mutant receptor activation",26,-0.408994829125632,-1.36638317678486,0.102631578947368,0.226751644736842,0.123062577691081,1512,"tags=27%, list=10%, signal=24%","399687/613/2260/6774/6776/5295/5290",0.227987202850442
"R-HSA-8963743","Digestion and absorption",11,-0.551899114303993,-1.43760600822407,0.103044496487119,0.226954700985649,0.123172780311324,5609,"tags=82%, list=36%, signal=52%","280/3938/1118/8972/6518/5406/248/29881/8544",0.213927855492356
"R-HSA-9927426","Developmental Lineage of Mammary Gland Alveolar Cells",13,0.540127943940923,1.39829141333167,0.102990033222591,0.226954700985649,0.123172780311324,2053,"tags=46%, list=13%, signal=40%","3875/3856/3815/100133941/4240/220",0.178219874951973
"R-HSA-5620912","Anchoring of the basal body to the plasma membrane",97,0.31083007858896,1.26821637276125,0.103953147877013,0.228599923947273,0.124065675173317,3914,"tags=39%, list=25%, signal=30%","5116/22995/55835/3320/55755/22994/55142/26123/93323/22981/10142/9738/23354/54801/8481/84131/84902/9662/10806/79600/4735/9657/54903/79598/261734/11190/80321/7840/80254/1454/55722/54820/11064/55125/347240/121441/79867/115106",0.165656695205483
"R-HSA-379726","Mitochondrial tRNA aminoacylation",21,0.468734638520118,1.38706742585753,0.105263157894737,0.230021807182301,0.124837359172705,5171,"tags=52%, list=33%, signal=35%","79587/55157/23395/57176/57038/57505/5859/79731/55699/124454/23438",0.175204047558551
"R-HSA-9635486","Infection with Mycobacterium tuberculosis",24,-0.418107688659483,-1.35747201939451,0.105263157894737,0.230021807182301,0.124837359172705,1268,"tags=21%, list=8%, signal=19%","2931/7879/51606/5230/5595",0.219250346703755
"R-HSA-389957","Prefoldin mediated transfer of substrate  to CCT/TriC",28,-0.400905692048549,-1.35111912527106,0.105128205128205,0.230021807182301,0.124837359172705,4044,"tags=36%, list=26%, signal=26%","7278/10576/7846/10693/22948/7280/6950/5204/10382/7277",0.222056046145248
"R-HSA-5620916","VxPx cargo-targeting to cilium",19,-0.429416489942234,-1.34397771839512,0.105128205128205,0.230021807182301,0.124837359172705,3738,"tags=47%, list=24%, signal=36%","1260/117177/1258/11336/5311/4218/60412/55763/50807",0.222056046145248
"R-HSA-9033241","Peroxisomal protein import",60,-0.309781423903401,-1.26681170706843,0.105413105413105,0.230021807182301,0.124837359172705,3242,"tags=30%, list=21%, signal=24%","189/570/7323/5191/1610/30/5195/1384/219743/5830/7321/6342/7322/51/196743/3417/8239/3416",0.234392647294686
"R-HSA-76005","Response to elevated platelet cytosolic Ca2+",116,0.295154627288344,1.24025541623278,0.105633802816901,0.230148223702771,0.124905967904914,1981,"tags=18%, list=13%, signal=16%","3481/5478/5054/9749/7076/10916/3959/54863/7040/5578/8407/7057/23052/2621/1191/94121/5660/3671/7114/135228/27154",0.160801401070022
"R-HSA-399954","Sema3A PAK dependent Axon repulsion",16,0.493172596920815,1.3745825303308,0.106271777003484,0.231068405399222,0.125405368611096,1443,"tags=31%, list=9%, signal=28%","3984/5879/3320/5062/8829",0.179782316298324
"R-HSA-5625740","RHO GTPases activate PKNs",74,-0.292349712550771,-1.24254878413512,0.106382978723404,0.231068405399222,0.125405368611096,4255,"tags=39%, list=27%, signal=29%","8337/8294/8359/3021/3817/5500/8355/333932/4660/3020/354/8362/5586/8348/8344/8368/8363/10398/103910/8341/653604/7533/7531/4627/5058/8331/10499/8338/4629",0.241339976815091
"R-HSA-3371556","Cellular response to heat stress",89,-0.278719830233632,-1.20570852072834,0.109467455621302,0.237403347006934,0.12884346602676,1927,"tags=21%, list=12%, signal=19%","818/3308/8480/7531/7266/26353/27000/81929/817/573/9532/116835/2033/22824/7415/5595/1410/3310/3305",0.234392647294686
"R-HSA-9820960","Respiratory syncytial virus (RSV) attachment and entry",22,0.443618770231213,1.33820855435172,0.111510791366906,0.241464408871065,0.131047484179497,1718,"tags=27%, list=11%, signal=24%","1956/375790/9672/2239/10082/7099",0.178219874951973
"R-HSA-1483257","Phospholipid metabolism",194,-0.231219816585362,-1.16088685798572,0.11284046692607,0.243970061519057,0.132407351156507,2772,"tags=23%, list=18%, signal=19%","57678/80230/6305/7179/8897/5291/79837/25816/1103/51552/200576/64419/375775/51205/283748/63874/9600/1460/9663/65977/57153/10162/59339/90809/123745/23760/9489/10390/1119/9468/11145/22908/9896/5295/8395/5833/5290/9110/81846/284161/162466/5321/8398/23761/5728",0.266350657088526
"R-HSA-2033519","Activated point mutants of FGFR2",10,-0.55149816784097,-1.3958575925906,0.113895216400911,0.245639635883538,0.133313462003811,129,"tags=20%, list=1%, signal=20%","2263/2252",0.199915231309662
"R-HSA-70171","Glycolysis",67,-0.303750207128191,-1.27695026281339,0.113960113960114,0.245639635883538,0.133313462003811,2404,"tags=30%, list=15%, signal=25%","132789/9631/7175/5232/5568/5528/5518/3101/5313/8480/5207/2821/81929/5519/3098/5515/5230/2026/230/2027",0.224966093540314
"R-HSA-5654221","Phospholipase C-mediated cascade; FGFR2",11,-0.536621496427458,-1.39781033781725,0.114754098360656,0.246599232647367,0.133834254042333,129,"tags=18%, list=1%, signal=18%","2263/2252",0.20207170902116
"R-HSA-9696270","RND2 GTPase cycle",41,0.370994636542559,1.29612632831146,0.11470113085622,0.246599232647367,0.133834254042333,2445,"tags=29%, list=16%, signal=25%","3895/2802/1969/9928/157285/91544/57216/27316/22852/10970/7037/23592",0.165656695205483
"R-HSA-163841","Gamma carboxylation, hypusinylation, hydroxylation, and arylsulfatase activation",58,0.348012940574215,1.29267969800921,0.114977307110439,0.246703963966859,0.133891093789435,2033,"tags=28%, list=13%, signal=24%","6228/79672/444/92715/2621/91433/1802/414/23463/25870/79642/55239/56648/412/1801/415",0.159646701919906
"R-HSA-168142","Toll Like Receptor 10 (TLR10) Cascade",93,-0.275473750989729,-1.23391890436981,0.116505423593978,0.24884995311463,0.135055764310473,2848,"tags=25%, list=18%, signal=20%","57162/5608/5602/5604/23118/6197/4205/7334/4792/1147/64127/5528/5518/8454/6416/4791/5519/4790/1386/466/5515/5595/9252",0.287805130535564
"R-HSA-168176","Toll Like Receptor 5 (TLR5) Cascade",93,-0.275473750989729,-1.23391890436981,0.116505423593978,0.24884995311463,0.135055764310473,2848,"tags=25%, list=18%, signal=20%","57162/5608/5602/5604/23118/6197/4205/7334/4792/1147/64127/5528/5518/8454/6416/4791/5519/4790/1386/466/5515/5595/9252",0.287805130535564
"R-HSA-975871","MyD88 cascade initiated on plasma membrane",93,-0.275473750989729,-1.23391890436981,0.116505423593978,0.24884995311463,0.135055764310473,2848,"tags=25%, list=18%, signal=20%","57162/5608/5602/5604/23118/6197/4205/7334/4792/1147/64127/5528/5518/8454/6416/4791/5519/4790/1386/466/5515/5595/9252",0.287805130535564
"R-HSA-901032","ER Quality Control Compartment (ERQC)",21,-0.416774504183049,-1.34542967232121,0.116751269035533,0.248998935771107,0.135136620128557,1974,"tags=33%, list=13%, signal=29%","80267/55741/84447/9695/56886/11236/267",0.208955027549354
"R-HSA-8941326","RUNX2 regulates bone development",29,-0.389387727225257,-1.32948178566672,0.11716621253406,0.249507567052953,0.13541266432974,2048,"tags=34%, list=13%, signal=30%","865/4094/860/4089/8841/3549/4086/6714/9759/5595",0.216542836735348
"R-HSA-9668328","Sealing of the nuclear envelope (NE) by ESCRT-III",30,-0.379188685583073,-1.32145637181407,0.118279569892473,0.251499717034522,0.13649384330934,1350,"tags=20%, list=9%, signal=18%","6683/79643/80086/10382/347688/7277",0.213927855492356
"R-HSA-5576893","Phase 2 - plateau phase",14,0.503181045064346,1.35284718803,0.118673647469459,0.25195876504777,0.136742977695377,1829,"tags=36%, list=12%, signal=32%","27092/59284/10142/23704/59283",0.169570644405628
"R-HSA-139853","Elevation of cytosolic Ca2+ levels",11,-0.530152305580254,-1.38095916449725,0.11943793911007,0.252067531196477,0.136802007223656,2098,"tags=36%, list=13%, signal=31%","5027/5025/3710/3708",0.197822021315103
"R-HSA-977068","Termination of O-glycan biosynthesis",21,-0.414240857499097,-1.33725056492968,0.119289340101523,0.252067531196477,0.136802007223656,4135,"tags=57%, list=27%, signal=42%","10071/283463/4586/6487/140453/4585/94025/727897/56667/4583/6484/6483",0.206587922696891
"R-HSA-9865881","Complex III assembly",26,0.420567326826159,1.33469464305039,0.118971061093248,0.252067531196477,0.136802007223656,3598,"tags=42%, list=23%, signal=33%","4519/7388/27089/57128/90624/7386/790955/55245/2395/10975/3954",0.161978948883402
"R-HSA-532668","N-glycan trimming in the ER and Calnexin/Calreticulin cycle",35,-0.357337288458296,-1.30103927102314,0.119363395225464,0.252067531196477,0.136802007223656,3148,"tags=40%, list=20%, signal=32%","2923/10299/51035/55768/5887/80267/55741/84447/9695/56886/79139/11236/7415/267",0.211400189384923
"R-HSA-9937850","NuRD complex assembly",71,-0.292341275165425,-1.22462516703058,0.12037037037037,0.253656786443672,0.137664527306171,4255,"tags=42%, list=27%, signal=31%","8337/8294/5928/8359/3021/8355/333932/7329/3020/8362/8348/57592/57459/8344/9219/8368/3065/8363/10320/1107/8341/1108/653604/8099/23613/8331/8338/10263/5931/8932",0.227987202850442
"R-HSA-9662851","Anti-inflammatory response favouring Leishmania parasite infection",66,-0.30493568780996,-1.25135810371745,0.121546961325967,0.255185937147518,0.138494427470784,2647,"tags=26%, list=17%, signal=21%","2778/801/111/5568/2771/2773/6868/2534/4627/2783/196883/6714/112/3710/10768/3708/5577",0.213927855492356
"R-HSA-9664433","Leishmania parasite growth and survival",66,-0.30493568780996,-1.25135810371745,0.121546961325967,0.255185937147518,0.138494427470784,2647,"tags=26%, list=17%, signal=21%","2778/801/111/5568/2771/2773/6868/2534/4627/2783/196883/6714/112/3710/10768/3708/5577",0.213927855492356
"R-HSA-9012999","RHO GTPase cycle",435,0.241597580255461,1.15137224492062,0.121637426900585,0.255185937147518,0.138494427470784,2938,"tags=25%, list=19%, signal=21%","10602/7919/9590/54443/10652/2010/64411/3895/397/57522/25894/55075/9824/1829/4698/11135/23141/57473/1832/64283/64857/57381/2802/5879/9414/9411/1969/3320/121512/9928/7074/57580/5880/55619/157285/1535/23221/908/91544/8776/51566/4548/57216/23526/27316/2040/9341/5062/10810/9738/55971/55701/3930/182/153478/123720/3183/22852/65124/6510/55114/115703/57120/84986/5924/10152/84317/10395/57480/128239/221178/347902/10970/4001/4650/7037/29766/5364/9639/1729/10505/10211/5881/1627/7410/85415/81624/23592/92799/3998/4162/152273/80005/94240/390/26084/79598/3728/6793/10574/93663/116985/4296/23370/4810/23268/3688",0.134273452883202
"R-HSA-9837999","Mitochondrial protein degradation",98,0.30616665287089,1.23993894801213,0.122599704579025,0.256823677444061,0.139383261343258,1612,"tags=15%, list=10%, signal=14%","4513/4508/4512/293/4535/4540/51142/55173/539/7019/27089/4536/10965/8801/64983",0.152144922367565
"R-HSA-201722","Formation of the beta-catenin:TCF transactivating complex",72,-0.288723155588116,-1.22990923720997,0.123287671232877,0.257882791602497,0.139958063429291,4415,"tags=43%, list=28%, signal=31%","7015/7089/8337/8294/8359/3021/5929/8355/333932/3020/8362/8348/4609/8344/8368/3065/8363/10524/607/8341/4221/7088/653604/8295/283149/84661/8331/8338/6934/2033/1499",0.237793834423688
"R-HSA-5654699","SHC-mediated cascade:FGFR2",16,-0.447621886574523,-1.33950989309689,0.123831775700935,0.258638302571819,0.140368094092868,1790,"tags=25%, list=11%, signal=22%","3265/2255/2263/2252",0.193813302725311
"R-HSA-9860931","Response of endothelial cells to shear stress",91,-0.27666497911674,-1.21095702018141,0.124242424242424,0.259113256458389,0.140625860909217,2804,"tags=26%, list=18%, signal=22%","5586/5029/2778/801/5291/111/4792/1147/5568/5518/2534/2783/4323/196883/253260/5519/4790/5747/112/5290/5144/5515/1499/5577",0.222056046145248
"R-HSA-114608","Platelet degranulation",111,0.298186480175431,1.2295035040143,0.124463519313305,0.259192071147294,0.140668635191132,1981,"tags=18%, list=13%, signal=16%","3481/5478/5054/9749/7076/10916/3959/54863/7040/8407/7057/23052/2621/1191/94121/5660/3671/7114/135228/27154",0.148261500475107
"R-HSA-5205647","Mitophagy",37,-0.349982283921599,-1.26279520643196,0.126344086021505,0.26272137887413,0.142584059914219,2821,"tags=35%, list=18%, signal=29%","7323/7334/29110/9868/84557/55669/1460/401505/65018/139341/8878/7322/6714",0.206587922696891
"R-HSA-9954709","Ribosome Quality Control (RQC) complex extracts and degrades nascent peptide",95,0.31066282635529,1.23295948630632,0.126984126984127,0.263664545602872,0.143095935049528,1503,"tags=19%, list=10%, signal=17%","6130/6128/6146/6159/6129/6171/116832/6133/6136/6144/23521/51121/6124/9045/6158/6122/6233/6170",0.147331213699377
"R-HSA-5656121","Translesion synthesis by POLI",17,0.466252761223111,1.31774333825457,0.127177700348432,0.263679279021529,0.143103931165633,4369,"tags=47%, list=28%, signal=34%","6118/6233/6119/5984/5982/10459/5111/11201",0.163180127180689
"R-HSA-159234","Transport of Mature mRNAs Derived from Intronless Transcripts",42,0.363602128096946,1.26198861619166,0.127962085308057,0.264917113653869,0.143775728368197,3909,"tags=33%, list=25%, signal=25%","10762/9883/55746/23636/11097/348995/23225/10189/57122/22916/7884/23279/53981/9818",0.154190966581424
"R-HSA-429914","Deadenylation-dependent mRNA decay",35,-0.353127211558373,-1.28571068495685,0.129973474801061,0.268687855802193,0.14582218430072,1169,"tags=20%, list=8%, signal=19%","9337/25904/23019/26986/1656/246175/57472",0.20207170902116
"R-HSA-4085377","SUMOylation of SUMOylation proteins",34,0.392005884420594,1.29654683417672,0.130298273155416,0.268966070425924,0.145973176849363,2431,"tags=24%, list=16%, signal=20%","10762/9883/55746/23636/11097/348995/23225/57122",0.152144922367565
"R-HSA-418360","Platelet calcium homeostasis",25,-0.394925513937159,-1.30068391593919,0.1325,0.273112244897959,0.148223387288532,2465,"tags=36%, list=16%, signal=30%","801/490/5027/5025/488/487/492/3710/3708",0.193813302725311
"R-HSA-186712","Regulation of beta-cell development",33,-0.356800942327872,-1.26271424009926,0.135897435897436,0.278491267186919,0.151142688487451,1708,"tags=21%, list=11%, signal=19%","5313/2255/2648/2308/2033/8850/3516",0.193813302725311
"R-HSA-5655302","Signaling by FGFR1 in disease",33,-0.356532801484693,-1.26176529288285,0.135897435897436,0.278491267186919,0.151142688487451,1790,"tags=24%, list=11%, signal=22%","3265/399687/613/2260/6774/6776/5295/5290",0.193813302725311
"R-HSA-73728","RNA Polymerase I Promoter Opening",43,-0.338675860709756,-1.25949210892521,0.135734072022161,0.278491267186919,0.151142688487451,4255,"tags=44%, list=27%, signal=32%","8337/8294/8359/3021/8355/7343/333932/3020/8362/8348/8344/8368/8363/8341/653604/8331/8338/8932/5595",0.20207170902116
"R-HSA-159231","Transport of Mature mRNA Derived from an Intronless Transcript",41,0.359311966765068,1.25531114018721,0.135702746365105,0.278491267186919,0.151142688487451,2749,"tags=24%, list=18%, signal=20%","10762/9883/55746/23636/11097/348995/23225/10189/57122/22916",0.151148761385484
"R-HSA-163615","PKA activation",20,-0.416246540480954,-1.31760708528781,0.136585365853659,0.278689332347869,0.151250182346142,3437,"tags=45%, list=22%, signal=35%","108/26960/5573/801/111/5568/196883/112/5577",0.188204146308491
"R-HSA-380259","Loss of Nlp from mitotic centrosomes",69,0.328810676348809,1.24369076541892,0.136563876651982,0.278689332347869,0.151250182346142,3914,"tags=41%, list=25%, signal=31%","5116/22995/55835/3320/55755/22994/55142/93323/22981/10142/9738/23354/54801/8481/84131/9662/10806/11190/80321/7840/80254/1454/55722/54820/11064/55125/121441/115106",0.142901149386948
"R-HSA-380284","Loss of proteins required for interphase microtubule organization from the centrosome",69,0.328810676348809,1.24369076541892,0.136563876651982,0.278689332347869,0.151250182346142,3914,"tags=41%, list=25%, signal=31%","5116/22995/55835/3320/55755/22994/55142/93323/22981/10142/9738/23354/54801/8481/84131/9662/10806/11190/80321/7840/80254/1454/55722/54820/11064/55125/121441/115106",0.142901149386948
"R-HSA-9018678","Biosynthesis of specialized proresolving mediators (SPMs)",14,-0.484507907586905,-1.35671747673195,0.137529137529138,0.279302991937096,0.151583227475595,2900,"tags=43%, list=19%, signal=35%","246/2879/241/22949/4048/5743",0.183023938384487
"R-HSA-9824878","Regulation of TBK1, IKKε (IKBKE)-mediated activation of IRF3, IRF7",13,0.511656084659544,1.32458303219468,0.137873754152824,0.279302991937096,0.151583227475595,3193,"tags=46%, list=21%, signal=37%","6233/148022/7099/10133/23643/7187",0.152144922367565
"R-HSA-68875","Mitotic Prophase",121,0.290625006925107,1.21901031240839,0.137834036568214,0.279302991937096,0.151583227475595,2445,"tags=21%, list=16%, signal=18%","10762/9883/2010/55746/8815/10783/2801/23636/11097/94239/5578/64689/10776/23310/79648/6418/85236/54892/348995/3017/221496/4001/23225/8334/57122/23592",0.13880510939114
"R-HSA-166166","MyD88-independent TLR4 cascade",106,-0.267885161445945,-1.20654926742066,0.137704918032787,0.279302991937096,0.151583227475595,2839,"tags=26%, list=18%, signal=22%","5608/7323/5602/5604/23118/6197/4205/7334/11035/4792/1147/929/29110/64127/5528/5518/7321/8454/6416/4791/7322/5519/4790/1386/466/5515/5595/9252",0.219250346703755
"R-HSA-937061","TRIF (TICAM1)-mediated TLR4 signaling",106,-0.267885161445945,-1.20654926742066,0.137704918032787,0.279302991937096,0.151583227475595,2839,"tags=26%, list=18%, signal=22%","5608/7323/5602/5604/23118/6197/4205/7334/11035/4792/1147/929/29110/64127/5528/5518/7321/8454/6416/4791/7322/5519/4790/1386/466/5515/5595/9252",0.219250346703755
"R-HSA-5578749","Transcriptional regulation by small RNAs",57,-0.306732142943832,-1.2533729491863,0.138121546961326,0.279404674396731,0.151638412546483,4255,"tags=42%, list=27%, signal=31%","8337/8294/8359/3021/5440/8355/333932/5438/3020/8362/8348/5435/8344/5430/8368/5431/8363/8341/653604/27327/8331/8338/26523/27161",0.199915231309662
"R-HSA-3781860","Diseases associated with N-glycosylation of proteins",20,0.446950353951086,1.30176210576371,0.138513513513514,0.279624091664571,0.151757494613568,6285,"tags=70%, list=40%, signal=42%","2720/11253/2683/10195/4758/79868/7841/79796/91869/79053/79087/85365/440138/29929",0.153158808683073
"R-HSA-174824","Plasma lipoprotein assembly, remodeling, and clearance",65,-0.300875524462116,-1.2558788657788,0.138625522105279,0.279624091664571,0.151757494613568,4340,"tags=45%, list=28%, signal=32%","29801/338328/26119/8029/5045/27329/1175/3990/3069/116519/8435/8720/4547/5034/338/7436/160/4018/7376/5568/1211/64788/55911/81693/29116/63924/4864/161/1213",0.249246554383295
"R-HSA-210744","Regulation of gene expression in late stage (branching morphogenesis) pancreatic bud precursor cells",13,-0.490538113741667,-1.3566908846354,0.14,0.281593172119488,0.152826153307288,663,"tags=31%, list=4%, signal=29%","2648/2033/8850/3516",0.188204146308491
"R-HSA-71291","Metabolism of amino acids and derivatives",320,0.246746608524177,1.15643733448517,0.14,0.281593172119488,0.152826153307288,1942,"tags=16%, list=12%, signal=14%","6187/6130/6128/6228/6146/3921/6159/6129/6171/116832/6133/6611/6218/586/6231/6230/6136/6224/6144/23521/6232/51121/6124/9060/9045/57407/4548/5831/57494/8140/6158/3712/6189/125061/58478/6122/144193/79048/10157/2653/6233/6201/6170/23408/6173/6235/55526/875/6210/56267/29920",0.128788713061714
"R-HSA-8875878","MET promotes cell motility",41,0.357342352510216,1.24842999248081,0.1421647819063,0.285314154430127,0.154845603597148,2965,"tags=44%, list=19%, signal=36%","1301/5879/64759/3912/3910/3675/85301/284217/3911/5908/3913/3914/1289/3915/1399/3673/3688/1277",0.147331213699377
"R-HSA-9013408","RHOG GTPase cycle",72,0.316283439218891,1.22684101996218,0.142253521126761,0.285314154430127,0.154845603597148,3111,"tags=33%, list=20%, signal=27%","10652/2010/3895/397/1829/4698/11135/23141/1969/57580/9341/5062/3930/7037/7410/81624/23592/3998/4162/80005/26084/4296/3688/4983",0.136490437780413
"R-HSA-350054","Notch-HLH transcription pathway",28,-0.378381589284575,-1.27520913789106,0.143589743589744,0.285966052726616,0.155199401625169,1272,"tags=25%, list=8%, signal=23%","8841/9611/2648/10014/9759/8850/3516",0.188204146308491
"R-HSA-9759475","Regulation of CDH11 Expression and Function",28,-0.378159404022875,-1.27446033645873,0.143589743589744,0.285966052726616,0.155199401625169,2479,"tags=39%, list=16%, signal=33%","154796/1495/27319/1009/27327/1500/26523/27161/23112/1499/6615",0.188204146308491
"R-HSA-9931509","Expression of BMAL (ARNTL), CLOCK, and NPAS2",35,-0.349361214760879,-1.27199896248527,0.143236074270557,0.285966052726616,0.155199401625169,4133,"tags=51%, list=27%, signal=38%","9575/6256/8204/10498/200186/406/6604/5469/6097/9572/6907/4209/8841/6096/9611/10499/1386/2033",0.191892240384838
"R-HSA-1834949","Cytosolic sensors of pathogen-associated DNA",63,0.326603284611327,1.24216118889947,0.143292682926829,0.285966052726616,0.155199401625169,3749,"tags=32%, list=24%, signal=24%","2547/7520/5591/3428/4615/27297/1387/6233/148022/661/81844/115004/4361/3661/8737/340061/10622/6737/9208/28511",0.142056643575821
"R-HSA-73762","RNA Polymerase I Transcription Initiation",46,-0.31888071462473,-1.22984109354209,0.142857142857143,0.285966052726616,0.155199401625169,2579,"tags=33%, list=17%, signal=27%","5435/57459/902/9219/9533/3065/2965/1107/1108/51082/2648/5931/404672/10919/8850",0.195789002148949
"R-HSA-6796648","TP53 Regulates Transcription of DNA Repair Genes",60,0.33257157791494,1.23905410020168,0.144393241167435,0.287161804515827,0.155848359641018,3206,"tags=30%, list=21%, signal=24%","11198/1643/9656/55215/5395/51497/2176/2068/2177/672/6921/5439/25920/3725/4292/5433/2963/5892",0.142056643575821
"R-HSA-3560783","Defective B4GALT7 causes EDS, progeroid type",19,0.460278368391474,1.32239111499693,0.145424836601307,0.287379082481224,0.155966280666589,1483,"tags=26%, list=10%, signal=24%","375790/9672/2239/10082/1464",0.14641623786055
"R-HSA-354192","Integrin signaling",24,-0.402703101416813,-1.3074578801681,0.145363408521303,0.287379082481224,0.155966280666589,1129,"tags=21%, list=7%, signal=19%","5906/10411/1398/5747/6714",0.184706471207739
"R-HSA-9734779","Developmental Cell Lineages of the Integumentary System",55,-0.31533993903093,-1.25138407100475,0.145658263305322,0.287379082481224,0.155966280666589,1741,"tags=20%, list=11%, signal=18%","1264/2255/3866/374897/7431/2099/84525/8626/4311/4629/59",0.195789002148949
"R-HSA-6794361","Neurexins and neuroligins",51,-0.309378187232979,-1.23045573132388,0.144772117962467,0.287379082481224,0.155966280666589,2356,"tags=29%, list=15%, signal=25%","55327/2903/2902/9229/9066/1741/10611/1740/57555/26037/2035/6812/22941/23136/2036",0.191892240384838
"R-HSA-9816359","Maternal to zygotic transition (MZT)",86,-0.271326926414222,-1.18941876450573,0.14540059347181,0.287379082481224,0.155966280666589,4255,"tags=40%, list=27%, signal=29%","8337/8294/8359/4848/3021/284355/8355/333932/3020/9125/8362/390245/8348/8344/79670/8368/8363/4850/8341/653604/6732/7403/9337/25904/23019/8331/23135/8338/26986/678/2033/246175/57472/27161",0.20207170902116
"R-HSA-2467813","Separation of Sister Chromatids",174,0.265618493643066,1.17945252039328,0.14572192513369,0.287379082481224,0.155966280666589,1707,"tags=20%, list=11%, signal=18%","54908/11130/701/1063/8379/80152/348235/332/55746/147841/57082/9232/55143/79172/699/113130/6232/25936/25909/79980/151246/55055/83540/348995/79682/5527/220134/2491/6233/57405/27338/1060/64946/55839/246184",0.130777137971974
"R-HSA-189200","Cellular hexose transport",13,0.504809164229388,1.30685762073865,0.146179401993355,0.287879769385243,0.156238013297664,4211,"tags=46%, list=27%, signal=34%","6515/85414/66035/81031/91749/154091",0.147331213699377
"R-HSA-9705462","Inactivation of CSF3 (G-CSF) signaling",25,-0.389194255039023,-1.28180806212926,0.1475,0.290076495132128,0.157430219569004,3534,"tags=44%, list=23%, signal=34%","8651/8065/1441/7323/6923/3716/7321/7322/6774/6776/3717",0.183023938384487
"R-HSA-2565942","Regulation of PLK1 Activity at G2/M Transition",87,0.303188713972945,1.21063052803813,0.147776183644189,0.290216005101227,0.157505934373326,5158,"tags=51%, list=33%, signal=34%","5116/22995/55835/3320/55755/22994/55142/93323/22981/10142/9738/6790/23354/54801/6233/8481/84131/9662/10806/10133/11190/84962/80321/7840/80254/1454/55722/54820/11064/55125/121441/115106/79866/10383/203068/54930/7283/9793/1781/9133/891/5347/55559/9702",0.135002033828631
"R-HSA-5655253","Signaling by FGFR2 in disease",36,-0.356488369476162,-1.26382793851315,0.149425287356322,0.293047650931816,0.159042724262656,2835,"tags=28%, list=18%, signal=23%","2249/5435/5430/5431/3265/2255/5295/5290/2263/2252",0.195789002148949
"R-HSA-9918432","Maturation of DENV proteins",51,-0.306121649738953,-1.21750386403281,0.150134048257373,0.294029839661946,0.159575777405663,5901,"tags=61%, list=38%, signal=38%","6184/7316/51726/335/283208/5611/58505/811/821/3839/3309/22937/6185/100128731/3837/7329/28972/1650/2923/201595/54431/90701/10525/3840/5034/54344/5033/3703/4836/746/5593",0.188204146308491
"R-HSA-9940951","Interaction of NuRD complexes with transcription factors",67,-0.293255200209662,-1.23282979300516,0.150997150997151,0.295311163914207,0.160271177280377,4255,"tags=43%, list=27%, signal=32%","8337/8294/5928/8359/3021/8355/333932/3020/8362/8348/57592/57459/8344/9219/8368/3065/8363/10320/1107/8341/1108/653604/8099/23613/8331/8338/10263/5931/8932",0.193813302725311
"R-HSA-166208","mTORC1-mediated signalling",23,-0.40468293149971,-1.30168216362235,0.151436031331593,0.295352480417755,0.160293600559528,2879,"tags=35%, list=18%, signal=28%","389541/8649/1978/6198/28956/10670/64121/55004",0.184706471207739
"R-HSA-9927418","Developmental Lineage of Mammary Gland Luminal Epithelial Cells",21,0.437150584627586,1.29360471000369,0.151315789473684,0.295352480417755,0.160293600559528,3241,"tags=43%, list=21%, signal=34%","3875/3856/960/3815/100133941/7039/220/3688/4072",0.143758989039275
"R-HSA-5689896","Ovarian tumor domain proteases",38,-0.32634300214592,-1.22188458824725,0.151832460732984,0.295717767873884,0.160491849246992,1114,"tags=21%, list=7%, signal=20%","7321/324/55611/2099/80124/7415/56957/5728",0.184706471207739
"R-HSA-390522","Striated Muscle Contraction",32,-0.356886808065106,-1.25349739945861,0.153203342618384,0.29797734038844,0.161718163695312,4570,"tags=53%, list=29%, signal=38%","4621/70/4626/7135/4607/7139/4604/4635/7140/7136/4703/7134/1674/89/7431/7273/58",0.190023305279108
"R-HSA-8949215","Mitochondrial calcium ion transport",23,-0.398502935291989,-1.28180390781098,0.154046997389034,0.298796233618785,0.162162593158644,1265,"tags=17%, list=8%, signal=16%","23203/10367/9512/91689",0.183023938384487
"R-HSA-5654741","Signaling by FGFR3",35,-0.345690351582002,-1.25863361465135,0.153846153846154,0.298796233618785,0.162162593158644,569,"tags=14%, list=4%, signal=14%","6714/5295/5290/5515/5595",0.184706471207739
"R-HSA-110328","Recognition and association of DNA glycosylase with site containing an affected pyrimidine",46,0.356766708555076,1.24799468059446,0.155172413793103,0.299336689090653,0.162455908973718,2629,"tags=28%, list=17%, signal=24%","7374/94239/54386/85236/8930/3017/79661/7013/25913/26277/8334/252969/6996",0.138022242496643
"R-HSA-110329","Cleavage of the damaged pyrimidine",46,0.356766708555076,1.24799468059446,0.155172413793103,0.299336689090653,0.162455908973718,2629,"tags=28%, list=17%, signal=24%","7374/94239/54386/85236/8930/3017/79661/7013/25913/26277/8334/252969/6996",0.138022242496643
"R-HSA-73928","Depyrimidination",46,0.356766708555076,1.24799468059446,0.155172413793103,0.299336689090653,0.162455908973718,2629,"tags=28%, list=17%, signal=24%","7374/94239/54386/85236/8930/3017/79661/7013/25913/26277/8334/252969/6996",0.138022242496643
"R-HSA-8852135","Protein ubiquitination",73,-0.270561000467026,-1.14371528852767,0.155015197568389,0.299336689090653,0.162455908973718,2821,"tags=30%, list=18%, signal=25%","7323/8348/8344/7334/55829/9646/5195/8341/90268/5830/8078/65264/7321/7317/54926/7322/7320/3093/10670/79139/8239/7415",0.197822021315103
"R-HSA-9615933","Postmitotic nuclear pore complex (NPC) reformation",27,0.404582519747473,1.26925179642201,0.156765676567657,0.301998183469573,0.163900354323433,3405,"tags=33%, list=22%, signal=26%","9883/55746/23636/25909/348995/57122/5905/1104/23279",0.141225119642531
"R-HSA-912694","Regulation of IFNA/IFNB signaling",13,0.5004400464592,1.29554678238928,0.1578073089701,0.30359120392343,0.164764917857663,4149,"tags=69%, list=27%, signal=51%","3454/7297/5770/6773/5781/6772/3455/11274/9021",0.141225119642531
"R-HSA-2173793","Transcriptional activity of SMAD2/SMAD3:SMAD4 heterotrimer",50,-0.32204738131934,-1.22769421115835,0.158959537572254,0.305392372455391,0.16574244744805,1945,"tags=28%, list=12%, signal=25%","1025/4221/51592/904/4089/3726/7321/5494/9611/1024/7050/2033/8239/5595",0.190023305279108
"R-HSA-1489509","DAG and IP3 signaling",42,-0.32676103145533,-1.23993434171256,0.159891598915989,0.306597655826504,0.166396578440879,2465,"tags=29%, list=16%, signal=24%","801/111/5568/818/5580/196883/817/112/3710/10768/3708/5577",0.183023938384487
"R-HSA-5250913","Positive epigenetic regulation of rRNA expression",86,-0.269810694630713,-1.18277204293453,0.160237388724036,0.306597655826504,0.166396578440879,4255,"tags=41%, list=27%, signal=30%","8337/8294/5928/8359/3021/5440/8355/8467/333932/9013/3020/8362/8348/5435/57459/8344/9219/9533/8368/3065/8363/1107/8341/1108/653604/23451/4641/8331/51082/8338/2648/5931/2033/10919/8850",0.191892240384838
"R-HSA-8980692","RHOA GTPase cycle",143,0.274980006568014,1.17295677097004,0.160161507402423,0.306597655826504,0.166396578440879,2851,"tags=27%, list=18%, signal=22%","54443/10652/64411/3895/397/57522/25894/9824/64283/9414/9411/7074/57580/23526/2040/9341/55701/3930/65124/84986/5924/84317/10395/128239/4650/7037/9639/1729/10211/7410/85415/81624/3998/4162/3728/6793/93663/116985/23370",0.124434168630393
"R-HSA-8939243","RUNX1 interacts with co-factors whose precise effect on RUNX1 targets is not known",37,-0.332884255319128,-1.20110263069154,0.161290322580645,0.30819529206626,0.167263647052907,2187,"tags=24%, list=14%, signal=21%","6045/55193/865/1460/23429/6601/10138/2033/196528",0.181383128498408
"R-HSA-2428928","IRS-related events triggered by IGF1R",41,-0.320668751835608,-1.20747143278034,0.161879895561358,0.308904416091444,0.167648502609493,1790,"tags=20%, list=11%, signal=17%","3265/2255/2260/5295/5290/2263/5140/2252",0.178219874951973
"R-HSA-1660662","Glycosphingolipid metabolism",55,0.334449356920644,1.2287915195583,0.162790697674419,0.310223782360685,0.16836454863509,3507,"tags=36%, list=23%, signal=28%","55627/57704/64781/2720/2760/414/10825/25870/79642/5660/412/9334/84002/415/3074/22901/7368/4758/8869/9331",0.133554954557592
"R-HSA-3560801","Defective B3GAT3 causes JDSSDHD",19,0.4492504372887,1.29070759669893,0.165032679738562,0.313952666902155,0.170388287621055,1483,"tags=26%, list=10%, signal=24%","375790/9672/2239/10082/1464",0.136490437780413
"R-HSA-5654733","Negative regulation of FGFR4 signaling",24,-0.391523475046875,-1.27116093946095,0.165413533834586,0.313952666902155,0.170388287621055,2835,"tags=25%, list=18%, signal=20%","2249/673/5518/6714/5515/5595",0.172324344900946
"R-HSA-174048","APC/C:Cdc20 mediated degradation of Cyclin B",24,-0.391429347584817,-1.27085533542767,0.165413533834586,0.313952666902155,0.170388287621055,1702,"tags=29%, list=11%, signal=26%","10393/8881/51433/64682/7321/29882/29945",0.172324344900946
"R-HSA-1433557","Signaling by SCF-KIT",39,-0.323514713601527,-1.2102406647497,0.166666666666667,0.315907059874888,0.171448975129298,2075,"tags=28%, list=13%, signal=25%","4254/3265/2534/4318/6774/5777/6776/6714/5295/3717/5290",0.175204047558551
"R-HSA-391160","Signal regulatory protein family interactions",12,-0.483613985306628,-1.29848480390682,0.168918918918919,0.318177389496931,0.172681127671438,965,"tags=33%, list=6%, signal=31%","2185/5777/5747/6714",0.160801401070022
"R-HSA-110312","Translesion synthesis by REV1",16,0.458802283956509,1.27878476691549,0.168989547038328,0.318177389496931,0.172681127671438,4259,"tags=44%, list=27%, signal=32%","6118/6233/6119/5984/5982/10459/5111",0.139599673451922
"R-HSA-9920588","Dengue virus activates/modulates innate and adaptive immune responses",27,0.399673991026595,1.25385281452666,0.168316831683168,0.318177389496931,0.172681127671438,2915,"tags=33%, list=19%, signal=27%","57506/5371/3320/6773/1191/7706/54623/115004/340061",0.135740943810425
"R-HSA-111471","Apoptotic factor-mediated response",20,0.430373125538486,1.25348021589531,0.168918918918919,0.318177389496931,0.172681127671438,1553,"tags=25%, list=10%, signal=23%","54205/55075/1687/840/22900",0.137250779610133
"R-HSA-9696264","RND3 GTPase cycle",39,0.358202263543363,1.22536272226075,0.168284789644013,0.318177389496931,0.172681127671438,2607,"tags=31%, list=17%, signal=26%","3895/1832/1969/91544/57216/27316/22852/10970/29766/10505/23592/390",0.134273452883202
"R-HSA-9769726","Defects of Coagulation cascade",14,-0.471516494126241,-1.32033896275203,0.17016317016317,0.319961067301493,0.173649164700032,2020,"tags=29%, list=13%, signal=25%","2153/5627/8460/8459",0.163180127180689
"R-HSA-9769735","Initiation of coagulation cascade",20,0.42609194831017,1.24101110330906,0.175675675675676,0.329450139794967,0.178799070987591,1139,"tags=25%, list=7%, signal=23%","375790/9672/7035/2239/10082",0.134273452883202
"R-HSA-975138","TRAF6 mediated induction of NFkB and MAP kinases upon TLR7/8 or 9 activation",97,-0.257229610956914,-1.15032743692,0.175548589341693,0.329450139794967,0.178799070987591,2848,"tags=25%, list=18%, signal=20%","57162/5608/5602/5604/23118/6197/4205/7334/4792/1147/929/64127/5528/5518/8454/6416/4791/5519/4790/1386/466/5515/5595/9252",0.188204146308491
"R-HSA-6802948","Signaling by high-kinase activity BRAF mutants",33,-0.342101820911641,-1.21069422633997,0.176923076923077,0.331349974528783,0.179830148666439,2760,"tags=24%, list=18%, signal=20%","5604/673/3265/408/5906/5037/6714/5595",0.16823816568964
"R-HSA-354194","GRB2:SOS provides linkage to MAPK signaling for Integrins",12,-0.476092645210963,-1.27829029730452,0.18018018018018,0.336558487152939,0.182656910916429,4975,"tags=67%, list=32%, signal=45%","7450/2335/3674/54518/6654/5906/5747/6714",0.155241966228839
"R-HSA-9943965","CHD3, CHD4, CHD5 subfamily",75,-0.269857103625416,-1.15878495192567,0.180064308681672,0.336558487152939,0.182656910916429,4255,"tags=41%, list=27%, signal=30%","8337/8294/5928/8359/3021/8355/333932/7329/3020/8362/8348/57592/57459/8344/23394/9219/8368/3065/8363/10320/1107/8341/1108/653604/8099/23613/8331/8338/10263/5931/8932",0.188204146308491
"R-HSA-380108","Chemokine receptors bind chemokines",24,-0.381427292569183,-1.23838162066845,0.180451127819549,0.336619913900847,0.182690248420752,4217,"tags=46%, list=27%, signal=33%","4283/6376/1524/3627/6354/3577/6352/10663/9034/2829/6387",0.16440575583821
"R-HSA-156590","Glutathione conjugation",29,-0.361885362188576,-1.23558079489956,0.182561307901907,0.340107627632802,0.184583099264684,1132,"tags=21%, list=7%, signal=19%","2098/2730/26873/119391/10327/2949",0.170932335370056
"R-HSA-2173789","TGF-beta receptor signaling activates SMADs",47,-0.318766014605935,-1.21445728374059,0.183734939759036,0.34184369055168,0.185525294758256,523,"tags=15%, list=3%, signal=14%","7043/5501/9110/10273/4052/5499/7049",0.179782316298324
"R-HSA-2672351","Stimuli-sensing channels",90,-0.259126764272108,-1.14460820875399,0.18413597733711,0.342139647772239,0.185685916563185,2465,"tags=22%, list=16%, signal=19%","801/57101/11035/53373/11059/80036/6446/65266/54822/65125/6261/41/57192/7226/1180/57578/1184/26133/94015/285175",0.173747838999571
"R-HSA-5655862","Translesion synthesis by POLK",17,0.448277850981696,1.2669418842016,0.186411149825784,0.345912553613725,0.187733546774546,4259,"tags=41%, list=27%, signal=30%","6118/6233/6119/5984/5982/10459/5111",0.132147260608774
"R-HSA-164378","PKA activation in glucagon signalling",17,-0.420613447480252,-1.23670754667163,0.186915887850467,0.346394581154077,0.187995152601937,3437,"tags=47%, list=22%, signal=37%","108/5573/2778/111/5568/196883/112/5577",0.155241966228839
"R-HSA-168325","Viral Messenger RNA Synthesis",43,0.345244040615986,1.19908918990727,0.187207488299532,0.346480874941804,0.188041985937893,3405,"tags=28%, list=22%, signal=22%","10762/9883/55746/23636/11097/348995/5439/23225/57122/5433/2963/23279",0.12384217120105
"R-HSA-162909","Host Interactions of HIV factors",115,-0.247865705206133,-1.13001782905086,0.187898089171975,0.34730444194663,0.188488951950567,2421,"tags=28%, list=16%, signal=24%","160/9631/7175/6923/5690/10213/1025/5719/5685/5684/8480/5718/904/2534/164/11047/7979/81929/9844/161/5694/5717/5689/5701/9978/51606/5686/5709/1174/5691/5707/291",0.183023938384487
"R-HSA-8935690","Digestion",9,-0.524381273983739,-1.27770104918682,0.188995215311005,0.347515259362498,0.188603366708832,5609,"tags=78%, list=36%, signal=50%","280/3938/1118/8972/5406/248/8544",0.156312403073186
"R-HSA-9955298","SLC-mediated transport of organic anions",30,0.373531411710084,1.23193664124767,0.188888888888889,0.347515259362498,0.188603366708832,1180,"tags=17%, list=8%, signal=15%","6567/682/9123/133418/9194",0.124434168630393
"R-HSA-373752","Netrin-1 signaling",40,-0.322701100487117,-1.20953027634229,0.188264058679707,0.347515259362498,0.188603366708832,2129,"tags=22%, list=14%, signal=19%","57453/4690/2534/56963/5747/6714/5306/9423/9353",0.158514105424824
"R-HSA-1500620","Meiosis",91,0.293289989858285,1.18210639976715,0.188988095238095,0.347515259362498,0.188603366708832,3324,"tags=27%, list=21%, signal=22%","23353/11083/5889/94239/54386/63979/85236/6118/3017/672/7013/25913/4001/6119/26277/4683/8334/3306/4439/4361/4292/641/7156/5932/23224",0.119887845115423
"R-HSA-162599","Late Phase of HIV Life Cycle",133,0.27403197688113,1.16388610671496,0.189340813464236,0.347698584725233,0.188702860989107,3090,"tags=24%, list=20%, signal=19%","5478/10762/9883/11198/6879/55746/6882/23636/51652/11097/27183/51497/348995/2068/6233/6878/79720/2961/51616/6921/5439/23225/2957/57122/25920/22916/51534/5905/5902/5433/2963/1104",0.115734447701689
"R-HSA-9009391","Extra-nuclear estrogen signaling",70,-0.28090102038674,-1.18280942702365,0.189944134078212,0.348354092849017,0.189058618141405,1823,"tags=21%, list=12%, signal=19%","4314/3265/2771/2773/6722/596/2783/4313/4318/2099/5747/6714/5295/5290/5595",0.169570644405628
"R-HSA-9648895","Response of EIF2AK1 (HRI) to heme deficiency",15,0.468613596461255,1.24770652426665,0.190800681431005,0.34927173999506,0.189556643297226,3424,"tags=47%, list=22%, signal=36%","23645/27102/2887/57761/1968/1054/8894",0.128788713061714
"R-HSA-3560782","Diseases associated with glycosaminoglycan metabolism",39,0.353252565563715,1.20843045798438,0.190938511326861,0.34927173999506,0.189556643297226,2695,"tags=31%, list=17%, signal=26%","9469/375790/9672/9060/2239/10082/126792/1464/2683/4166/3074/113189",0.125033367555272
"R-HSA-168181","Toll Like Receptor 7/8 (TLR7/8) Cascade",101,-0.257629241942115,-1.15491703335508,0.19344262295082,0.353395179395942,0.191794514966093,2848,"tags=25%, list=18%, signal=20%","57162/5608/5602/5604/23118/51311/6197/4205/7334/4792/1147/929/64127/5528/5518/8454/6416/4791/5519/4790/1386/466/5515/5595/9252",0.183023938384487
"R-HSA-6788467","IL-6-type cytokine receptor ligand interactions",14,0.459850863078038,1.23635012314254,0.195462478184991,0.356624444069132,0.193547100422268,2792,"tags=43%, list=18%, signal=35%","9180/3976/7297/3977/3589/133396",0.128788713061714
"R-HSA-1638091","Heparan sulfate/heparin (HS-GAG) metabolism",39,0.350834301995564,1.20015789711416,0.197411003236246,0.359715410536149,0.195224628721696,2825,"tags=28%, list=18%, signal=23%","375790/1514/138050/9672/2239/10082/3423/3425/10855/9955/9953",0.122679189568808
"R-HSA-8979227","Triglyceride metabolism",27,-0.359636464050546,-1.22078650318739,0.19949494949495,0.362578224403417,0.196778334117591,4110,"tags=48%, list=26%, signal=36%","392636/646480/857/5500/3991/2171/57678/80168/5568/9663/5501/5499/2167",0.156312403073186
"R-HSA-2404192","Signaling by Type 1 Insulin-like Growth Factor 1 Receptor (IGF1R)",43,-0.314942512363769,-1.17123082895828,0.199445983379501,0.362578224403417,0.196778334117591,1890,"tags=21%, list=12%, signal=18%","8483/3265/2255/2260/5295/5290/2263/5140/2252",0.16440575583821
"R-HSA-380320","Recruitment of NuMA to mitotic centrosomes",93,0.286834305392772,1.16853729934121,0.201459854014599,0.36521055586749,0.198206952179798,4617,"tags=42%, list=30%, signal=30%","5116/653784/22995/55835/3320/55755/22994/55142/93323/22981/10142/9738/23354/54801/8481/84131/9662/10806/85378/80097/11190/80321/7840/80254/1454/55722/54820/11064/55125/121441/115106/10426/84790/10383/203068/54930/7283/9793/440145",0.114266502484433
"R-HSA-1474165","Reproduction",116,0.274500360427129,1.15346509016443,0.201408450704225,0.36521055586749,0.198206952179798,3384,"tags=27%, list=22%, signal=21%","23353/11083/5889/94239/54386/63979/85236/6118/3017/672/7013/25913/4001/6119/26277/4683/64321/8334/3306/2683/54790/4439/4361/4292/641/117144/7156/5932/23224/7022/639",0.111918316325105
"R-HSA-918233","TRAF3-dependent IRF activation pathway",14,0.456042187468818,1.22611015854412,0.202443280977312,0.366523430604251,0.198919475123033,3827,"tags=50%, list=25%, signal=38%","57506/89122/1387/7706/3661/7187/84282",0.126253987849115
"R-HSA-6809371","Formation of the cornified envelope",57,0.326495251183541,1.18540184574048,0.203125,0.366960420531849,0.199156638152115,2974,"tags=26%, list=19%, signal=21%","3875/64065/1829/1832/3856/2312/144501/3872/3858/1825/823/3887/3728/3855/5046",0.118287526124085
"R-HSA-157579","Telomere Maintenance",95,0.291243726628109,1.15588890948496,0.203463203463203,0.366960420531849,0.199156638152115,2406,"tags=22%, list=15%, signal=19%","5425/63922/94239/54386/85236/6118/2237/1736/3017/7486/1763/7013/25913/6119/26277/5984/5439/8334/80119/5982/55505",0.112843355675562
"R-HSA-418555","G alpha (s) signalling events",109,-0.244610140972813,-1.12819313827281,0.20327868852459,0.366960420531849,0.199156638152115,2647,"tags=23%, list=17%, signal=19%","2778/5138/50940/111/796/5568/5443/6344/2771/2773/5150/155/2783/408/10268/196883/2740/5141/6714/112/2870/5151/5144/5140/5577",0.178219874951973
"R-HSA-5357769","Caspase activation via extrinsic apoptotic signalling pathway",24,0.399182844244938,1.21224571240831,0.203980099502488,0.36742402636499,0.199408246156658,2959,"tags=33%, list=19%, signal=27%","8795/1612/148022/7099/355/8837/8737/23643",0.122107920287081
"R-HSA-9933939","Formation of the polybromo-BAF (pBAF) complex",18,-0.395559627442421,-1.19300663300319,0.204787234042553,0.367473539259099,0.199435117778185,3300,"tags=33%, list=21%, signal=26%","6604/6599/55193/55274/6601/196528",0.158514105424824
"R-HSA-9830364","Formation of the nephric duct",18,-0.394767744951288,-1.19061831781898,0.204787234042553,0.367473539259099,0.199435117778185,215,"tags=11%, list=1%, signal=11%","1499/57526",0.158514105424824
"R-HSA-442660","SLC-mediated transport of neurotransmitters",18,-0.393368363753082,-1.18639778838236,0.204787234042553,0.367473539259099,0.199435117778185,5330,"tags=67%, list=34%, signal=44%","6530/54716/6540/6536/83733/6582/9152/340024/140679/6534/6532/6531",0.158514105424824
"R-HSA-111931","PKA-mediated phosphorylation of CREB",22,-0.365139561042008,-1.18509310288597,0.20627802690583,0.369211557018789,0.200378374202316,3437,"tags=41%, list=22%, signal=32%","108/26960/5573/801/111/5568/196883/112/5577",0.143758989039275
"R-HSA-975155","MyD88 dependent cascade initiated on endosome",98,-0.254575299724531,-1.13946636586268,0.206153846153846,0.369211557018789,0.200378374202316,2848,"tags=24%, list=18%, signal=20%","57162/5608/5602/5604/23118/6197/4205/7334/4792/1147/929/64127/5528/5518/8454/6416/4791/5519/4790/1386/466/5515/5595/9252",0.170932335370056
"R-HSA-6804758","Regulation of TP53 Activity through Acetylation",30,-0.339438338616697,-1.18292811061406,0.206989247311828,0.370016176610524,0.200815057081219,2839,"tags=40%, list=18%, signal=33%","5608/7862/57459/9219/3065/79837/1107/1108/90809/23774/5931/2033",0.158514105424824
"R-HSA-162588","Budding and maturation of HIV virion",28,0.373795839532196,1.19273688400795,0.207516339869281,0.370490031029247,0.201072227194741,1592,"tags=18%, list=10%, signal=16%","5478/51652/27183/6233/79720",0.119887845115423
"R-HSA-9680350","Signaling by CSF1 (M-CSF) in myeloid cells",31,-0.337419131086783,-1.18557286036215,0.208232445520581,0.371299720007694,0.201511661329525,2470,"tags=26%, list=16%, signal=22%","1436/5291/2534/6774/6714/5295/1435/5290",0.149207542435322
"R-HSA-198933","Immunoregulatory interactions between a Lymphoid and a non-Lymphoid cell",72,-0.269006527306471,-1.14591991116913,0.208904109589041,0.372028225389048,0.201907035529326,769,"tags=12%, list=5%, signal=12%","1280/3134/56654/196500/3135/3695/7412/718/947",0.179782316298324
"R-HSA-2162123","Synthesis of Prostaglandins (PG) and Thromboxanes (TX)",12,-0.470228223644694,-1.26254455272546,0.209459459459459,0.372548019717831,0.202189138135653,839,"tags=25%, list=5%, signal=24%","5743/9536/5742",0.142901149386948
"R-HSA-400685","Sema4D in semaphorin signaling",24,-0.36549305714036,-1.18664787041281,0.210526315789474,0.372882491073708,0.202370662319373,2317,"tags=25%, list=15%, signal=21%","10398/103910/27289/4627/3985/4629",0.151148761385484
"R-HSA-8986944","Transcriptional Regulation by MECP2",57,-0.280962993496008,-1.14807470906233,0.209944751381215,0.372882491073708,0.202370662319373,2465,"tags=28%, list=16%, signal=24%","801/3065/2903/6446/6907/818/27327/2891/8841/9611/817/6657/26523/27161/23112/5728",0.159646701919906
"R-HSA-166058","MyD88:MAL(TIRAP) cascade initiated on plasma membrane",105,-0.242150291005934,-1.10706609355037,0.210702341137124,0.372882491073708,0.202370662319373,2848,"tags=23%, list=18%, signal=19%","57162/5608/5602/5604/23118/6197/4205/7334/4792/1147/929/64127/5528/5518/8454/6416/4791/5519/4790/1386/466/5515/5595/9252",0.176694268938498
"R-HSA-168188","Toll Like Receptor TLR6:TLR2 Cascade",105,-0.242150291005934,-1.10706609355037,0.210702341137124,0.372882491073708,0.202370662319373,2848,"tags=23%, list=18%, signal=19%","57162/5608/5602/5604/23118/6197/4205/7334/4792/1147/929/64127/5528/5518/8454/6416/4791/5519/4790/1386/466/5515/5595/9252",0.176694268938498
"R-HSA-5663084","Diseases of carbohydrate metabolism",30,0.36453173228936,1.20225497461858,0.211111111111111,0.373138888888889,0.202509814456889,2541,"tags=27%, list=16%, signal=22%","2990/138050/2720/51181/6233/7957/3423/3425",0.116739204791222
"R-HSA-622312","Inflammasomes",19,-0.382060841388434,-1.19576511364624,0.212820512820513,0.375690643106373,0.203894701662458,2098,"tags=37%, list=13%, signal=32%","5027/3162/596/4791/4790/9051/10628",0.152144922367565
"R-HSA-400042","Adrenaline,noradrenaline inhibits insulin secretion",26,-0.364782183976657,-1.21867613935881,0.215789473684211,0.378099523902694,0.205202048652112,1766,"tags=23%, list=11%, signal=20%","2771/2783/150/112/775/784",0.153158808683073
"R-HSA-9675151","Disorders of Developmental Biology",19,-0.380033978158136,-1.18942148436428,0.215384615384615,0.378099523902694,0.205202048652112,2465,"tags=37%, list=16%, signal=31%","801/3065/6907/8085/8841/9611/84661",0.151148761385484
"R-HSA-452723","Transcriptional regulation of pluripotent stem cells",19,-0.379832426825453,-1.18879067370241,0.215384615384615,0.378099523902694,0.205202048652112,1995,"tags=32%, list=13%, signal=28%","2041/4089/5087/6657/6774/9314",0.151148761385484
"R-HSA-1221632","Meiotic synapsis",58,0.319167909777461,1.1855360221508,0.21482602118003,0.378099523902694,0.205202048652112,2303,"tags=22%, list=15%, signal=19%","23353/11083/94239/54386/85236/3017/672/7013/25913/4001/26277/8334/3306",0.112378519110475
"R-HSA-1660661","Sphingolipid de novo biosynthesis",35,-0.320615505065078,-1.16733790864164,0.214854111405836,0.378099523902694,0.205202048652112,2347,"tags=29%, list=15%, signal=24%","9218/259230/123099/171546/10087/5007/1455/29956/8560/151742",0.154190966581424
"R-HSA-71387","Metabolism of carbohydrates and carbohydrate derivatives",272,-0.209491439541619,-1.08820909245852,0.215789473684211,0.378099523902694,0.205202048652112,2013,"tags=17%, list=13%, signal=15%","1462/5568/4958/5528/10057/729020/11041/5518/3101/5313/8480/7360/5207/4669/30815/6484/51363/2821/79411/9061/3339/6888/81929/178/9957/3073/2817/2548/6483/5519/2584/5255/221823/3098/80146/5236/50515/10327/92370/5515/5230/4969/2026/5091/230/2027",0.222056046145248
"R-HSA-190242","FGFR1 ligand binding and activation",12,-0.465660664637245,-1.2502808338457,0.216216216216216,0.378378378378378,0.205353388460995,1514,"tags=25%, list=10%, signal=23%","2255/2260/7049",0.140406238523342
"R-HSA-5654687","Downstream signaling of activated FGFR1",25,-0.359042806528766,-1.18250451567417,0.2175,0.380154511742892,0.206317330973579,1790,"tags=24%, list=11%, signal=21%","3265/2255/2260/5295/5290/23767",0.148261500475107
"R-HSA-3769402","Deactivation of the beta-catenin transactivating complex",42,-0.309564328987054,-1.17467936972382,0.219512195121951,0.38319783197832,0.207969000725945,2392,"tags=29%, list=15%, signal=24%","3065/1487/607/4221/7088/283149/84661/6659/324/6657/6934/1499",0.154190966581424
"R-HSA-9013026","RHOB GTPase cycle",68,0.309840394801281,1.16989038313951,0.220700152207002,0.384796566240074,0.20883666525611,3111,"tags=32%, list=20%, signal=26%","54443/64283/9414/57580/2040/9341/65124/10395/128239/4650/7037/9639/1729/10211/7410/85415/81624/4162/3728/6793/388/4983",0.11101149245045
"R-HSA-9619665","EGR2 and SOX10-mediated initiation of Schwann cell myelination",27,-0.352015083492127,-1.19491571573558,0.222222222222222,0.385076252723312,0.208988456611857,1914,"tags=26%, list=12%, signal=23%","6663/4664/5376/4665/3156/6721/1605",0.147331213699377
"R-HSA-9856532","Mechanical load activates signaling by PIEZO1 and integrins in osteocytes",17,-0.401959244829371,-1.18185957798759,0.22196261682243,0.385076252723312,0.208988456611857,50,"tags=12%, list=0%, signal=12%","784/6696",0.141225119642531
"R-HSA-2173796","SMAD2/SMAD3:SMAD4 heterotrimer regulates transcription",36,-0.330596838330137,-1.17203689219847,0.221264367816092,0.385076252723312,0.208988456611857,2619,"tags=31%, list=17%, signal=25%","4609/3065/1025/4221/904/4089/3726/1024/7050/2033/5595",0.158514105424824
"R-HSA-2428924","IGF1R signaling cascade",42,-0.308313964164293,-1.16993470884273,0.222222222222222,0.385076252723312,0.208988456611857,1790,"tags=19%, list=11%, signal=17%","3265/2255/2260/5295/5290/2263/5140/2252",0.153158808683073
"R-HSA-375165","NCAM signaling for neurite out-growth",62,-0.278760207945832,-1.15704021600305,0.221902017291066,0.385076252723312,0.208988456611857,2024,"tags=26%, list=13%, signal=23%","8911/1297/3265/2534/2668/2260/1285/1280/2675/5747/6714/775/5595/57731/784/9252",0.158514105424824
"R-HSA-9706574","RHOBTB GTPase Cycle",35,0.352305721993643,1.18187205988045,0.224,0.3876817625459,0.210402518041662,2242,"tags=23%, list=14%, signal=20%","7919/3320/23221/908/27316/3183/29766/1627",0.11331290842208
"R-HSA-9754189","Germ layer formation at gastrulation",13,-0.441883685197885,-1.22212637710102,0.225,0.388936430317848,0.211083450920191,1625,"tags=31%, list=10%, signal=28%","51592/4089/6657/1499",0.14551614609036
"R-HSA-2173795","Downregulation of SMAD2/3:SMAD4 transcriptional activity",29,-0.345096743054936,-1.17825961658785,0.226158038147139,0.390460886373693,0.211910803206992,1625,"tags=28%, list=10%, signal=25%","51592/4089/7321/5494/9611/7050/8239/5595",0.152144922367565
"R-HSA-156588","Glucuronidation",9,-0.500621682807073,-1.21980871763187,0.227272727272727,0.391429520540361,0.212436500021797,2832,"tags=56%, list=18%, signal=45%","54577/54578/7360/7358/80146",0.141225119642531
"R-HSA-76002","Platelet activation, signaling and aggregation",232,-0.217272600681521,-1.09245444227072,0.227272727272727,0.391429520540361,0.212436500021797,1881,"tags=18%, list=12%, signal=16%","5627/7423/2771/2773/1072/5099/308/5580/51571/2534/6414/7873/2783/408/26090/5906/9002/10411/1893/6810/5777/1398/150/5747/7273/6714/5295/7043/3710/5290/51706/14/928/51368/5321/2277/10451/5595/3708/3082/7277",0.199915231309662
"R-HSA-76061","RNA Polymerase III Transcription Initiation From Type 1 Promoter",28,0.369342506001468,1.17852684045707,0.22875816993464,0.393508579425282,0.213564846172701,3243,"tags=32%, list=21%, signal=25%","112495/27297/9328/661/2971/55814/2975/10622/2972",0.11331290842208
"R-HSA-9687139","Aberrant regulation of mitotic cell cycle due to RB1 defects",36,0.341651429186058,1.16298845719925,0.230886850152905,0.396687735256632,0.215290236574793,2315,"tags=22%, list=15%, signal=19%","894/1026/1021/27338/246184/11065/1870/595",0.108394255853397
"R-HSA-3371571","HSF1-dependent transactivation",24,-0.361851484349537,-1.17482476047197,0.233082706766917,0.399974450689831,0.217074001688453,1927,"tags=25%, list=12%, signal=22%","818/26353/817/2033/1410/3305",0.142901149386948
"R-HSA-9918481","Dengue Virus-Host Interactions",263,-0.209101643342317,-1.07213771131425,0.234741784037559,0.402333191065585,0.218354136485628,4054,"tags=30%, list=26%, signal=23%","8359/23450/51362/712/10286/10907/8896/1655/30849/5440/84844/55749/8355/11338/3192/333932/7329/5438/51340/4670/10285/5356/8362/3190/10992/4153/6383/8348/6427/5435/8344/6426/5430/85235/8368/5431/4792/5093/9416/8363/9646/220988/23283/10949/23352/818/3188/5094/8332/8341/1665/653604/23451/29959/27339/1654/10015/9343/3339/55763/22827/9382/817/81608/8331/51503/2817/7431/4318/8338/253260/8678/6993/6430/8329/3185/716/1499/54463/92815",0.199915231309662
"R-HSA-141405","Inhibition of the proteolytic activity of APC/C required for the onset of anaphase by mitotic spindle checkpoint components",21,-0.360006851547369,-1.16217257881503,0.236040609137056,0.403580920580166,0.219031303835411,1702,"tags=33%, list=11%, signal=30%","10393/8881/51433/64682/7321/29882/29945",0.142901149386948
"R-HSA-141430","Inactivation of APC/C via direct inhibition of the APC/C complex",21,-0.360006851547369,-1.16217257881503,0.236040609137056,0.403580920580166,0.219031303835411,1702,"tags=33%, list=11%, signal=30%","10393/8881/51433/64682/7321/29882/29945",0.142901149386948
"R-HSA-2559582","Senescence-Associated Secretory Phenotype (SASP)",92,-0.255745962837783,-1.10707419725429,0.238562091503268,0.406908078872884,0.220837018084423,4255,"tags=38%, list=27%, signal=28%","8337/8294/1019/8359/3021/25906/8355/1027/1030/333932/3020/5598/8362/51529/8348/6197/8344/8368/8363/8341/10393/653604/8881/1051/51433/64682/7321/29882/8331/8338/6774/4790/29945/10919/5595",0.163180127180689
"R-HSA-195258","RHO GTPase Effectors",295,0.234513095144509,1.09671229367052,0.238335435056747,0.406908078872884,0.220837018084423,2554,"tags=21%, list=16%, signal=18%","4638/54908/11130/701/3984/3895/5217/1063/8379/80152/348235/332/55746/147841/57082/5879/55143/79172/699/9928/5880/6232/94239/5578/1535/25936/25909/79980/85236/5062/151246/10810/55055/83540/348995/79682/5527/220134/2491/57405/3017/1060/10094/57120/64946/55839/10152/128239/1729/9055/995/10097/85415/1058/8334/7529/64130/81624/57122/3619/1857/991",0.0946646223153342
"R-HSA-9860927","Turbulent (oscillatory, disturbed) flow shear stress activates signaling by PIEZO1 and integrins in endothelial cells",30,-0.331539062859325,-1.15539947202548,0.239247311827957,0.407585179427387,0.221204493873584,697,"tags=17%, list=4%, signal=16%","5519/4790/5747/5144/5515",0.14641623786055
"R-HSA-5083625","Defective GALNT3 causes HFTC",14,-0.43069105694289,-1.20601970551278,0.24009324009324,0.408534105285008,0.221719494601416,4135,"tags=64%, list=27%, signal=47%","10071/283463/4586/140453/4585/94025/727897/56667/4583",0.135002033828631
"R-HSA-162710","Synthesis of glycosylphosphatidylinositol (GPI)",17,0.422458784808494,1.19397094380343,0.242160278745645,0.41155605065666,0.223359563794778,5784,"tags=59%, list=37%, signal=37%","284098/9488/54965/54872/84720/5283/5279/80235/9487/9091",0.11378726182188
"R-HSA-391903","Eicosanoid ligand-binding receptors",11,-0.452950697063803,-1.17986172952895,0.243559718969555,0.412941777725361,0.224111625131526,235,"tags=9%, list=2%, signal=9%","5731",0.134273452883202
"R-HSA-9920951","Dengue virus modulates apoptosis",15,-0.399409187183235,-1.16810515312356,0.243373493975904,0.412941777725361,0.224111625131526,733,"tags=20%, list=5%, signal=19%","253260/8678/54463",0.136490437780413
"R-HSA-9013404","RAC2 GTPase cycle",85,0.28488804957589,1.11994943662278,0.247311827956989,0.418801107462494,0.227291598629979,2515,"tags=27%, list=16%, signal=23%","2010/1829/11135/23141/1969/7074/57580/5880/55619/1535/51566/9341/5062/55971/3930/55114/10152/7037/7410/81624/23592/3998/4162",0.104343952581949
"R-HSA-187687","Signalling to ERKs",33,-0.323663290212148,-1.14544048813834,0.248717948717949,0.420678444362655,0.228310466291982,2285,"tags=24%, list=15%, signal=21%","673/3265/2889/5906/5900/1398/6714/5595",0.139599673451922
"R-HSA-9933387","RORA,B,C and NR1D1 (REV-ERBA) regulate gene expression",24,-0.353988905535884,-1.14929729223995,0.2531328320802,0.427634198998093,0.232085491148878,4103,"tags=54%, list=26%, signal=40%","6256/8204/10498/6604/5469/6097/9572/6907/6720/8841/9611/10499/2033",0.136490437780413
"R-HSA-6783589","Interleukin-6 family signaling",21,0.391310821915711,1.1579568691114,0.254934210526316,0.429650743366163,0.233179909441857,2901,"tags=38%, list=19%, signal=31%","9180/3976/7297/3977/3589/5781/133396/6772",0.106729884364606
"R-HSA-877300","Interferon gamma signaling",83,0.288788668638688,1.13054276629727,0.254676258992806,0.429650743366163,0.233179909441857,2901,"tags=29%, list=19%, signal=24%","3133/6672/567/3460/2635/4502/5371/10475/85363/5770/3106/10346/960/9830/55223/3459/7706/7726/3661/5781/3115/117854/3107/6772",0.0985499803531691
"R-HSA-975163","IRAK2 mediated activation of TAK1 complex upon TLR7/8 or 9 stimulation",14,0.435140686878777,1.16991460710949,0.256544502617801,0.431336417005435,0.234094757682254,2959,"tags=29%, list=19%, signal=23%","6233/148022/7099/23643",0.110122263835536
"R-HSA-186797","Signaling by PDGF",56,-0.272449422086814,-1.12029922865189,0.256338028169014,0.431336417005435,0.234094757682254,1906,"tags=30%, list=12%, signal=27%","1297/7058/3265/2889/5159/1285/5921/6774/1280/7059/1398/6776/6714/5295/5290/5156/6696",0.144630528034484
"R-HSA-381070","IRE1alpha activates chaperones",49,-0.291588957772361,-1.12653972411444,0.257617728531856,0.432626446726893,0.234794882186335,3063,"tags=35%, list=20%, signal=28%","4189/6745/10525/6734/27230/4000/9114/10130/2931/84447/9820/10113/55062/9695/22872/5526/2081",0.142901149386948
"R-HSA-209776","Metabolism of amine-derived hormones",16,-0.391671504815708,-1.17207820100066,0.259345794392523,0.432678893851563,0.234823346272502,5007,"tags=62%, list=32%, signal=42%","51061/1621/1644/389434/7173/857/15/121278/7054/1735",0.129442887745046
"R-HSA-5223345","Miscellaneous transport and binding events",23,0.390076861337914,1.1666377288615,0.260096930533118,0.432678893851563,0.234823346272502,3451,"tags=30%, list=22%, signal=24%","119/57185/79815/123606/93380/57380/152519",0.104343952581949
"R-HSA-110330","Recognition and association of DNA glycosylase with site containing an affected purine",41,0.327534063867256,1.14429019123703,0.260096930533118,0.432678893851563,0.234823346272502,2298,"tags=24%, list=15%, signal=21%","94239/54386/85236/4350/3017/4595/7013/25913/26277/8334",0.104343952581949
"R-HSA-110331","Cleavage of the damaged purine",41,0.327534063867256,1.14429019123703,0.260096930533118,0.432678893851563,0.234823346272502,2298,"tags=24%, list=15%, signal=21%","94239/54386/85236/4350/3017/4595/7013/25913/26277/8334",0.104343952581949
"R-HSA-73927","Depurination",41,0.327534063867256,1.14429019123703,0.260096930533118,0.432678893851563,0.234823346272502,2298,"tags=24%, list=15%, signal=21%","94239/54386/85236/4350/3017/4595/7013/25913/26277/8334",0.104343952581949
"R-HSA-163560","Triglyceride catabolism",18,-0.379196624626768,-1.14365586629037,0.257978723404255,0.432678893851563,0.234823346272502,447,"tags=17%, list=3%, signal=16%","5501/5499/2167",0.139599673451922
"R-HSA-168638","NOD1/2 Signaling Pathway",36,0.333562206398482,1.13545257727603,0.259938837920489,0.432678893851563,0.234823346272502,1840,"tags=17%, list=12%, signal=15%","3654/837/835/6233/10392/6300",0.100990587455923
"R-HSA-166016","Toll Like Receptor 4 (TLR4) Cascade",134,-0.225353033477544,-1.07633414972869,0.259927797833935,0.432678893851563,0.234823346272502,3534,"tags=28%, list=23%, signal=22%","8651/10010/7096/3684/6285/5598/4064/57162/5608/7323/5602/5604/23118/6197/4205/7334/11035/4792/1147/929/29110/64127/5528/5518/7321/8454/6416/4791/7322/5519/4790/1386/466/1759/5515/5595/9252",0.16440575583821
"R-HSA-74259","Purine catabolism",15,0.439989611403244,1.17149376992685,0.262350936967632,0.433813206345395,0.235438959974269,1088,"tags=33%, list=7%, signal=31%","131870/4907/11164/4521/55270",0.107140237276725
"R-HSA-5654732","Negative regulation of FGFR3 signaling",24,-0.351506988244097,-1.14123924076318,0.263157894736842,0.433813206345395,0.235438959974269,569,"tags=12%, list=4%, signal=12%","6714/5515/5595",0.133554954557592
"R-HSA-9913351","Formation of the dystrophin-glycoprotein complex (DGC)",34,-0.318679310707676,-1.13796397510385,0.263013698630137,0.433813206345395,0.235438959974269,1423,"tags=18%, list=9%, signal=16%","72/3339/1838/1605/58/59",0.140406238523342
"R-HSA-201451","Signaling by BMP",28,-0.336959982719358,-1.13561140720347,0.261538461538462,0.433813206345395,0.235438959974269,1527,"tags=21%, list=10%, signal=19%","3623/4089/7321/4086/650/7049",0.135740943810425
"R-HSA-1483191","Synthesis of PC",28,-0.336739756357453,-1.13486920759054,0.261538461538462,0.433813206345395,0.235438959974269,2296,"tags=29%, list=15%, signal=24%","1103/1460/9663/57153/10390/1119/9468/162466",0.135740943810425
"R-HSA-9734767","Developmental Cell Lineages",111,0.269823642184431,1.11255585208451,0.263233190271817,0.433813206345395,0.235438959974269,2232,"tags=27%, list=14%, signal=23%","1301/302/3875/1956/3856/3912/3910/85301/2312/960/284217/3815/3872/3911/1464/2626/100133941/3858/3913/7020/3914/4240/7039/8650/1289/3915/220/7037/7980/64321",0.096240602328129
"R-HSA-168179","Toll Like Receptor TLR1:TLR2 Cascade",106,-0.24013719071067,-1.08157297689995,0.262295081967213,0.433813206345395,0.235438959974269,2848,"tags=23%, list=18%, signal=19%","57162/5608/5602/5604/23118/6197/4205/7334/4792/1147/929/64127/5528/5518/8454/6416/4791/5519/4790/1386/466/5515/5595/9252",0.155241966228839
"R-HSA-181438","Toll Like Receptor 2 (TLR2) Cascade",106,-0.24013719071067,-1.08157297689995,0.262295081967213,0.433813206345395,0.235438959974269,2848,"tags=23%, list=18%, signal=19%","57162/5608/5602/5604/23118/6197/4205/7334/4792/1147/929/64127/5528/5518/8454/6416/4791/5519/4790/1386/466/5515/5595/9252",0.155241966228839
"R-HSA-156711","Polo-like kinase mediated events",16,0.425548342866518,1.18609858205374,0.264808362369338,0.435901076123683,0.236572087970309,2181,"tags=31%, list=14%, signal=27%","1063/4605/2305/91750/995",0.107972360317345
"R-HSA-210993","Tie2 Signaling",16,-0.390243548071862,-1.16780503598647,0.268691588785047,0.441778961095414,0.239762131759549,2418,"tags=31%, list=16%, signal=26%","5291/3265/5295/5290/284",0.126875729929857
"R-HSA-5668599","RHO GTPases Activate NADPH Oxidases",19,0.405758994505881,1.16575560793746,0.271241830065359,0.445454062383761,0.241756681516155,732,"tags=21%, list=5%, signal=20%","5879/5880/5578/1535",0.102449405629826
"R-HSA-418457","cGMP effects",14,-0.416298897025985,-1.16571882583378,0.272727272727273,0.447373971735921,0.242798654085237,255,"tags=21%, list=2%, signal=21%","5593/27345/3708",0.12563992130984
"R-HSA-5654689","PI-3K cascade:FGFR1",15,-0.390162806456716,-1.14106334907654,0.274698795180723,0.450085859079423,0.244270448688035,1514,"tags=27%, list=10%, signal=24%","2255/2260/5295/5290",0.127505315300183
"R-HSA-1368108","BMAL1:CLOCK,NPAS2 activates circadian expression",25,0.379655703778206,1.15530542863623,0.275747508305648,0.451281223083549,0.244919196245291,2008,"tags=24%, list=13%, signal=21%","5054/1387/56938/85441/5465/96764",0.102449405629826
"R-HSA-9013507","NOTCH3 Activation and Transmission of Signal to the Nucleus",25,0.378670600849155,1.15230772637502,0.277408637873754,0.453474929425998,0.246109763826454,2289,"tags=24%, list=15%, signal=21%","10460/1956/182/6233/4854/83464",0.102080107662747
"R-HSA-159236","Transport of Mature mRNA derived from an Intron-Containing Transcript",70,0.293360486269874,1.12227821803219,0.277950310559006,0.453835726478562,0.246305575483579,3405,"tags=24%, list=22%, signal=19%","10762/7919/9883/55746/23636/11097/10921/348995/9939/23225/6429/10189/57122/22916/84321/10212/23279",0.0978773277424561
"R-HSA-9772572","Early SARS-CoV-2 Infection Events",34,0.343798164263804,1.13710135277905,0.279434850863422,0.455733424591556,0.247335493576282,1443,"tags=24%, list=9%, signal=21%","375790/1514/9672/51652/2239/10082/7428/8829",0.0982123351217438
"R-HSA-8940973","RUNX2 regulates osteoblast differentiation",22,-0.346370936569611,-1.12417785352373,0.280269058295964,0.45656733690149,0.247788074189525,2048,"tags=27%, list=13%, signal=24%","865/4094/860/8841/6714/5595",0.120985142145252
"R-HSA-3906995","Diseases associated with O-glycosylation of proteins",65,-0.261522434303633,-1.09161587256431,0.281733746130031,0.458425220975678,0.248796384420245,4135,"tags=43%, list=27%, signal=32%","10071/283463/4586/10418/170692/55624/80731/4855/4853/140453/4585/54437/57188/94025/727897/56667/11174/4583/140766/7058/11041/81794/9215/56999/9507/221981/1605/54507",0.144630528034484
"R-HSA-1482839","Acyl chain remodelling of PE",20,-0.359912442330322,-1.13928438552241,0.282926829268293,0.459837398373984,0.249562800871134,2110,"tags=35%, list=14%, signal=30%","283748/63874/10162/123745/11145/5321/8398",0.126253987849115
"R-HSA-2995383","Initiation of Nuclear Envelope (NE) Reformation",19,0.401021887828971,1.15214578351267,0.285947712418301,0.463824489627242,0.251726673718385,2445,"tags=37%, list=16%, signal=31%","2010/23141/8815/3930/221496/4001/23592",0.0992333343771191
"R-HSA-159418","Recycling of bile acids and salts",12,-0.426784203489051,-1.14589904265619,0.286036036036036,0.463824489627242,0.251726673718385,5747,"tags=75%, list=37%, signal=47%","8714/10998/6579/80765/8647/6256/9971/570/10499",0.119887845115423
"R-HSA-5609975","Diseases associated with glycosylation precursor biosynthesis",16,-0.382343302166598,-1.14416352544956,0.287383177570093,0.46547515817195,0.25262252400543,2030,"tags=19%, list=13%, signal=16%","54344/2584/5236",0.122107920287081
"R-HSA-425407","SLC-mediated transmembrane transport",206,0.243828115464051,1.08675829108448,0.289333333333333,0.46809763539283,0.254045793976028,3076,"tags=21%, list=20%, signal=17%","293/6567/6541/682/9187/9123/6515/23428/8884/133418/6546/23516/6509/123096/65010/7779/8140/9194/6542/55343/55117/64116/6510/55630/84679/81539/6563/85414/23657/222962/8501/861/254428/6505/6574/8671/6526/284129/66035/6550/115286/114134/6575",0.086794975677172
"R-HSA-8854691","Interleukin-20 family signaling",19,-0.361747428511995,-1.13218866763187,0.28974358974359,0.468225641025641,0.254115265150762,980,"tags=26%, list=6%, signal=25%","11009/6774/3718/6776/3717",0.128142916898415
"R-HSA-6783783","Interleukin-10 signaling",28,0.353904723317204,1.12926676084285,0.290849673202614,0.468941206281068,0.254503616489696,1150,"tags=18%, list=7%, signal=17%","7076/3976/7132/7297/3588",0.0982123351217438
"R-HSA-163210","Formation of ATP by chemiosmotic coupling",20,0.386831861798332,1.12666441482716,0.29054054054054,0.468941206281068,0.254503616489696,1813,"tags=35%, list=12%, signal=31%","4508/513/539/9556/514/4509/9551",0.10027910675413
"R-HSA-8964038","LDL clearance",19,-0.360660159140283,-1.12878575730192,0.292307692307692,0.469685314685315,0.254907458756924,4256,"tags=47%, list=27%, signal=34%","26119/1175/8435/338/160/1211/4864/161/1213",0.127505315300183
"R-HSA-210745","Regulation of gene expression in beta cells",17,-0.380828012862329,-1.11972853058369,0.292056074766355,0.469685314685315,0.254907458756924,4240,"tags=41%, list=27%, signal=30%","4760/3651/3172/389692/6927/5313/2308",0.120985142145252
"R-HSA-156580","Phase II - Conjugation of compounds",63,-0.264085955854079,-1.09447047549119,0.291907514450867,0.469685314685315,0.254907458756924,1132,"tags=16%, list=7%, signal=15%","2098/2730/8460/7358/80146/26873/119391/10327/2949/8459",0.136490437780413
"R-HSA-9013106","RHOC GTPase cycle",74,0.293197410862822,1.12048226192765,0.292719167904903,0.469812603198108,0.254976540736519,2812,"tags=30%, list=18%, signal=24%","54443/64283/9414/57580/2040/9341/55701/3930/10395/128239/4650/7037/9639/1729/10211/7410/81624/3998/4162/3728/6793/93663",0.0922597260527354
"R-HSA-5362517","Signaling by Retinoic Acid",38,-0.293506945128201,-1.09894071709043,0.293193717277487,0.470040721349622,0.255100344944316,3725,"tags=34%, list=24%, signal=26%","5914/9249/5163/5161/1737/2171/1738/6258/10170/5166/5160/5165/5916",0.128788713061714
"R-HSA-168138","Toll Like Receptor 9 (TLR9) Cascade",104,-0.240917499811354,-1.07622947917897,0.297029702970297,0.475651189127973,0.258145256162746,2848,"tags=23%, list=18%, signal=19%","57162/5608/5602/5604/23118/6197/4205/7334/4792/1147/929/64127/5528/5518/8454/6416/4791/5519/4790/1386/466/5515/5595/9252",0.14551614609036
"R-HSA-1606322","ZBP1(DAI) mediated induction of type I IFNs",20,-0.356120581124587,-1.12728144326292,0.297560975609756,0.475962918000221,0.258314437553267,3087,"tags=40%, list=20%, signal=32%","81030/11035/4792/1147/29110/4791/4790/23220",0.122679189568808
"R-HSA-71336","Pentose phosphate pathway",15,-0.383807876392927,-1.12247783128312,0.298795180722892,0.47739704581036,0.259092766924413,1785,"tags=20%, list=11%, signal=18%","729020/6888/221823",0.121543282035469
"R-HSA-420499","Class C/3 (Metabotropic glutamate/pheromone receptors)",13,-0.406633392885478,-1.12463395210637,0.3,0.478781038374718,0.259843886911537,6028,"tags=62%, list=39%, signal=38%","2915/2914/2917/2911/2913/846/2918/80834",0.12384217120105
"R-HSA-1971475","Glycosaminoglycan-protein linkage region biosynthesis",27,0.361958423717073,1.13553195481536,0.301980198019802,0.480855855855856,0.260969931169181,1483,"tags=22%, list=10%, signal=20%","375790/9672/2239/10082/126792/1464",0.0965629554309422
"R-HSA-1483249","Inositol phosphate metabolism",78,0.275508408288821,1.08322591365468,0.301659125188537,0.480855855855856,0.260969931169181,3405,"tags=26%, list=22%, signal=20%","10762/9883/55746/3705/23636/11097/9651/51196/113026/348995/3707/5336/23225/57122/55190/27124/84812/3628/8821/23279",0.0913924325943768
"R-HSA-264876","Insulin processing",22,-0.343552706282856,-1.11503103506986,0.302690582959641,0.48144486423502,0.261289597602056,2761,"tags=36%, list=18%, signal=30%","11336/5034/6844/64924/60412/55763/1363/4644",0.115734447701689
"R-HSA-936440","Negative regulators of DDX58/IFIH1 signaling",35,0.330542539757742,1.10886360326741,0.304,0.482799829278703,0.262024963782753,3890,"tags=34%, list=25%, signal=26%","57506/54476/89122/9140/6233/7706/9636/3661/51191/7187/84282/9246",0.0943563635421779
"R-HSA-427389","ERCC6 (CSB) and EHMT2 (G9a) positively regulate rRNA expression",56,-0.264313073444714,-1.08684294514073,0.304225352112676,0.482799829278703,0.262024963782753,4255,"tags=43%, list=27%, signal=31%","8337/8294/5928/8359/3021/8355/333932/3020/8362/8348/57459/8344/9219/8368/3065/8363/1107/8341/1108/653604/8331/8338/5931/10919",0.131457611642763
"R-HSA-9818027","NFE2L2 regulating anti-oxidant/detoxification enzymes",18,-0.364220194107225,-1.0984869974044,0.305851063829787,0.484292725929809,0.262835188159845,1383,"tags=33%, list=9%, signal=30%","3162/140809/4780/2730/5052/2033",0.126875729929857
"R-HSA-9013406","RHOQ GTPase cycle",58,0.295442611660222,1.09740938193229,0.305597579425113,0.484292725929809,0.262835188159845,3404,"tags=31%, list=22%, signal=24%","10602/11135/57580/2040/9341/5062/6510/55114/115703/57120/10395/128239/7037/81624/3728/4983/23580/9578",0.0908241419007155
"R-HSA-2173791","TGF-beta receptor signaling in EMT (epithelial to mesenchymal transition)",16,0.402869809401851,1.12288842782236,0.306620209059233,0.484967534239101,0.263201419902443,2851,"tags=25%, list=18%, signal=20%","7040/7046/6233/23370",0.0988903007520636
"R-HSA-4551638","SUMOylation of chromatin organization proteins",64,0.296274274788417,1.10936640293548,0.307352941176471,0.485583305948078,0.263535611320829,2468,"tags=22%, list=16%, signal=18%","10762/9883/84733/55746/23636/11097/348995/6612/6015/23225/9189/57122/6304/8535",0.088894528862045
"R-HSA-9675126","Diseases of mitotic cell cycle",37,0.326187198255236,1.10489063853227,0.307936507936508,0.485962301587302,0.263741299708892,2315,"tags=22%, list=15%, signal=18%","894/1026/1021/27338/246184/11065/1870/595",0.0931454575337804
"R-HSA-399956","CRMPs in Sema3A signaling",16,0.40204454853583,1.12058824087669,0.308362369337979,0.486091850885064,0.263811608660958,1995,"tags=31%, list=13%, signal=27%","1400/56896/1808/8829/10570",0.0985499803531691
"R-HSA-933541","TRAF6 mediated IRF7 activation",17,0.40610663677833,1.1477558091705,0.31184668989547,0.491036992775273,0.266495434433263,2579,"tags=29%, list=17%, signal=25%","57506/89122/1387/7706/3661",0.0978773277424561
"R-HSA-9707616","Heme signaling",45,-0.276013383535933,-1.07909528178965,0.313186813186813,0.492598613844443,0.267342956903813,4133,"tags=44%, list=27%, signal=33%","9575/6256/8204/10498/200186/406/6604/5469/338/9572/6907/4209/3162/8841/9611/4780/10499/1386/10424/2033",0.127505315300183
"R-HSA-5696399","Global Genome Nucleotide Excision Repair (GG-NER)",83,0.276234259429621,1.08139507437657,0.313669064748201,0.49280895283773,0.267457112012734,2022,"tags=19%, list=13%, signal=17%","5425/1643/142/7508/6118/2068/9557/6233/10038/2067/6612/2073/54107/283899/6119/5984",0.0865399737444125
"R-HSA-6803157","Antimicrobial peptides",17,-0.375045681915324,-1.10272704772015,0.315420560747664,0.494273435732938,0.268251915685616,5091,"tags=53%, list=33%, signal=36%","7097/671/84659/6556/7096/10578/1991/5657/538",0.115734447701689
"R-HSA-70221","Glycogen breakdown (glycogenolysis)",17,-0.3750196883902,-1.10265062032849,0.315420560747664,0.494273435732938,0.268251915685616,1020,"tags=24%, list=7%, signal=22%","178/2548/5255/5236",0.115734447701689
"R-HSA-9013149","RAC1 GTPase cycle",177,0.242839212922246,1.07180335038181,0.315649867374005,0.494273435732938,0.268251915685616,2552,"tags=24%, list=16%, signal=20%","10652/2010/64411/3895/397/57522/25894/11135/64857/5879/9411/1969/7074/57580/55619/1535/23526/9341/5062/10810/55971/3930/182/6510/55114/115703/5924/10152/10395/57480/128239/221178/347902/4650/7037/9639/7410/81624/23592/4162/152273/80005",0.0817515582532145
"R-HSA-445144","Signal transduction by L1",21,0.369676733564194,1.09393783408712,0.317434210526316,0.496517670004658,0.269469905767853,2259,"tags=29%, list=15%, signal=24%","3897/1956/5879/8829/5605/7410",0.0934449219410994
"R-HSA-5250924","B-WICH complex positively regulates rRNA expression",71,-0.257264946483029,-1.07768951845618,0.317901234567901,0.496698724507196,0.269568167607633,4255,"tags=38%, list=27%, signal=28%","8337/8294/8359/3021/5440/8355/8467/333932/9013/3020/8362/8348/5435/8344/9533/8368/8363/8341/653604/23451/4641/8331/51082/8338/2648/2033/8850",0.135002033828631
"R-HSA-202430","Translocation of ZAP-70 to Immunological synapse",10,-0.447693426836299,-1.13312483239754,0.318906605922551,0.497719581428794,0.270122206738733,4577,"tags=50%, list=29%, signal=35%","919/3932/7535/26191/3127",0.11331290842208
"R-HSA-8866910","TFAP2 (AP-2) family regulates transcription of growth factors and their receptors",13,0.426877001690231,1.10510565636927,0.322259136212625,0.502397374426297,0.272660937008346,1786,"tags=31%, list=11%, signal=27%","1956/3815/7020/7039",0.0931454575337804
"R-HSA-192105","Synthesis of bile acids and bile salts",28,-0.323092303296334,-1.08887501192847,0.325641025641026,0.507110583982831,0.275218888541172,5041,"tags=46%, list=32%, signal=31%","8647/9885/10858/6256/9971/114876/570/9420/114883/5007/6342/10499/80270",0.119887845115423
"R-HSA-901042","Calnexin/calreticulin cycle",26,-0.331979660630807,-1.10908840654644,0.326315789473684,0.507602339181287,0.275485773759955,1974,"tags=27%, list=13%, signal=24%","80267/55741/84447/9695/56886/11236/267",0.121543282035469
"R-HSA-203927","MicroRNA (miRNA) biogenesis",24,-0.334773245460635,-1.08690972656284,0.328320802005013,0.510160015423173,0.27687387496465,2579,"tags=29%, list=17%, signal=24%","5435/5430/5431/6895/29102/26523/27161",0.11776578836269
"R-HSA-9674555","Signaling by CSF3 (G-CSF)",30,-0.309694379026093,-1.07927168198528,0.330645161290323,0.513207747601006,0.27852793916494,3534,"tags=37%, list=23%, signal=28%","8651/8065/1441/7323/6923/3716/7321/7322/6774/6776/3717",0.122107920287081
"R-HSA-8953750","Transcriptional Regulation by E2F6",34,-0.306675921679204,-1.0951013736277,0.331506849315069,0.513981014179284,0.278947606146742,1319,"tags=18%, list=8%, signal=16%","23429/4149/5931/10138/23512/10919",0.123257226381337
"R-HSA-3000480","Scavenging by Class A Receptors",18,0.381577620184536,1.07635948980956,0.332268370607029,0.514373146430595,0.279160424032575,1081,"tags=17%, list=7%, signal=16%","1282/1284/2495",0.0891647117820678
"R-HSA-6807004","Negative regulation of MET activity",21,-0.332754384030295,-1.074196279705,0.33248730964467,0.514373146430595,0.279160424032575,1335,"tags=14%, list=9%, signal=13%","30011/6457/3082",0.11776578836269
"R-HSA-9006335","Signaling by Erythropoietin",23,-0.332606376398698,-1.06984444849401,0.33420365535248,0.516463353735964,0.28029482065054,1790,"tags=26%, list=11%, signal=23%","3265/2889/6776/5295/3717/5290",0.119348440591015
"R-HSA-168898","Toll-like Receptor Cascades",156,-0.21647786051147,-1.04792990741404,0.334645669291339,0.516581851940996,0.280359131957212,2848,"tags=23%, list=18%, signal=19%","57162/5608/7323/5602/5604/23118/10695/51311/6197/4205/338/7334/11035/4792/1515/1147/929/29110/64127/5528/5518/7321/8454/7184/6416/4791/81622/7322/5519/4790/1386/466/1759/5515/5595/9252",0.150169802128406
"R-HSA-392154","Nitric oxide stimulates guanylate cyclase",20,-0.348974817961064,-1.10466189629162,0.336585365853659,0.518444125617727,0.281369824511573,255,"tags=15%, list=2%, signal=15%","5593/27345/3708",0.114266502484433
"R-HSA-9022699","MECP2 regulates neuronal receptors and channels",16,0.396135650377005,1.10411881773085,0.336236933797909,0.518444125617727,0.281369824511573,1030,"tags=19%, list=7%, signal=18%","6515/5770/114787",0.0934449219410994
"R-HSA-4419969","Depolymerization of the Nuclear Lamina",15,0.415983667874792,1.10757677607987,0.337308347529813,0.518992386732486,0.281667376602578,2445,"tags=33%, list=16%, signal=28%","2010/5578/221496/4001/23592",0.0919686140000427
"R-HSA-390471","Association of TriC/CCT with target proteins during biosynthesis",35,-0.294790358753886,-1.0733104152453,0.339522546419098,0.521831391996309,0.28320816060108,2931,"tags=34%, list=19%, signal=28%","10693/22948/2629/6950/26985/10564/55294/26234/84261/8841/6774/26272",0.119348440591015
"R-HSA-9918485","Dengue Virus Attachment and Entry",38,0.318748004723028,1.07574114311392,0.340322580645161,0.522493082554026,0.283567273081878,1189,"tags=18%, list=8%, signal=17%","3921/375790/9672/4061/2239/10082/2621",0.0883594442500905
"R-HSA-9006115","Signaling by NTRK2 (TRKB)",24,-0.328825559399994,-1.06759934881459,0.340852130325815,0.522738516573429,0.283700474951773,1790,"tags=25%, list=11%, signal=22%","3265/2534/1020/6714/5295/5290",0.115240003147781
"R-HSA-1643713","Signaling by EGFR in Cancer",24,0.357853093688609,1.08673477517958,0.344941956882255,0.528437624086142,0.286793492697541,2029,"tags=21%, list=13%, signal=18%","1956/3320/6233/7039/6464",0.0891647117820678
"R-HSA-5339562","Uptake and actions of bacterial toxins",28,0.343284004520699,1.09537734393783,0.348039215686274,0.532605466428996,0.2890554627164,2973,"tags=32%, list=19%, signal=26%","118429/9900/3320/84168/6804/5605/6843/6857/7296",0.0878312634480124
"R-HSA-913709","O-linked glycosylation of mucins",54,0.29459180395091,1.06332514411745,0.350157728706625,0.534690095454824,0.290186831892336,3529,"tags=30%, list=23%, signal=23%","55568/79623/11227/84752/2591/11226/146712/9334/84002/6480/374378/6482/256435/79695/9331/56913",0.0855356947987884
"R-HSA-5654720","PI-3K cascade:FGFR4",13,-0.382252904852477,-1.05720435805294,0.35,0.534690095454824,0.290186831892336,545,"tags=15%, list=3%, signal=15%","5295/5290",0.11331290842208
"R-HSA-9833482","PKR-mediated signaling",72,0.271982659154106,1.05500143729536,0.350704225352113,0.534946898217786,0.290326203802978,2417,"tags=25%, list=16%, signal=21%","4869/57506/3609/201254/5610/2175/3304/2189/199990/3608/2176/7706/80233/2178/9636/1968/3306/2188",0.0793434960134973
"R-HSA-194068","Bile acid and bile salt metabolism",33,-0.301149810326513,-1.06576555381696,0.353846153846154,0.539157824933687,0.292611556558538,5747,"tags=55%, list=37%, signal=34%","8714/10998/6579/8309/80765/8647/9885/10858/6256/9971/114876/570/9420/114883/5007/6342/10499/80270",0.114266502484433
"R-HSA-1839126","FGFR2 mutant receptor activation",26,-0.324899543397041,-1.08543492149245,0.355263157894737,0.540119295198483,0.293133365382885,2835,"tags=27%, list=18%, signal=22%","2249/5435/5430/5431/2255/2263/2252",0.115734447701689
"R-HSA-5625886","Activated PKN1 stimulates transcription of AR (androgen receptor) regulated genes KLK2 and KLK3",47,-0.274950799669374,-1.04752698226492,0.355421686746988,0.540119295198483,0.293133365382885,4255,"tags=40%, list=27%, signal=29%","8337/8294/8359/3021/3817/8355/333932/3020/354/8362/8348/8344/8368/8363/8341/653604/8331/10499/8338",0.125033367555272
"R-HSA-204998","Cell death signalling via NRAGE, NRIF and NADE",74,-0.245008260847795,-1.04133749256421,0.355623100303951,0.540119295198483,0.293133365382885,2015,"tags=20%, list=13%, signal=18%","51107/89846/29/128272/7531/9500/9828/8878/50650/7984/55160/26230/55851/10451/8997",0.12563992130984
"R-HSA-69242","S Phase",150,-0.213933622279191,-1.02530793050887,0.359848484848485,0.545950383664976,0.29629801178827,2065,"tags=20%, list=13%, signal=18%","23244/5690/10213/5719/5685/5684/10393/5718/8881/51433/5885/10735/11047/64682/7321/29882/8454/7979/4175/5694/5717/4149/5689/5701/9978/5686/5709/5691/29945/5707",0.141225119642531
"R-HSA-9018677","Biosynthesis of DHA-derived SPMs",12,-0.397360379484656,-1.06689721577909,0.36036036036036,0.546140996301768,0.296401461015513,2900,"tags=33%, list=19%, signal=27%","246/2879/4048/5743",0.104732821580651
"R-HSA-2024101","CS/DS degradation",19,0.372335473420772,1.06972900675409,0.362745098039216,0.549166561699626,0.298043494868301,2568,"tags=32%, list=16%, signal=26%","2990/2720/1464/3423/3425/3074",0.0855356947987884
"R-HSA-76066","RNA Polymerase III Transcription Initiation From Type 2 Promoter",27,0.342856003841234,1.07560405491858,0.364686468646865,0.550925925925926,0.298998336439736,3243,"tags=30%, list=21%, signal=24%","112495/27297/9328/661/55814/2975/10622/2972",0.0857844408075645
"R-HSA-211976","Endogenous sterols",19,0.371330192034321,1.06684080851406,0.36437908496732,0.550925925925926,0.298998336439736,2337,"tags=32%, list=15%, signal=27%","1545/196/9915/2232/1593/285440",0.0852884689790502
"R-HSA-72202","Transport of Mature Transcript to Cytoplasm",79,0.271929475845108,1.06014007324682,0.367816091954023,0.555060783375655,0.301242404908299,3708,"tags=25%, list=24%, signal=19%","10762/7919/9883/55746/23636/11097/10921/348995/9939/23225/6429/10189/57122/22916/7884/84321/10212/23279/53981/84248",0.0778840111977068
"R-HSA-2172127","DAP12 interactions",31,0.329613897816079,1.06863023263147,0.368421052631579,0.555380989787903,0.301416187226527,2259,"tags=26%, list=15%, signal=22%","3133/567/5879/284266/3106/6464/5336/7410",0.086794975677172
"R-HSA-179409","APC-Cdc20 mediated degradation of Nek2A",26,-0.319694575806131,-1.06804599712112,0.373684210526316,0.562715094445379,0.305396550082341,1702,"tags=27%, list=11%, signal=24%","10393/8881/51433/64682/7321/29882/29945",0.112378519110475
"R-HSA-212165","Epigenetic regulation of gene expression",294,-0.193272631932676,-1.01594776919776,0.375,0.564095744680851,0.306145856121837,2772,"tags=23%, list=18%, signal=19%","57678/147658/8348/5469/5435/57459/4297/8344/902/285676/9219/9533/51230/2145/79685/8368/3065/26009/8363/284058/2965/51105/1050/5252/6907/8085/84246/10445/1107/51003/8341/4221/1108/653604/55617/23451/8473/7403/63924/8841/9969/9869/4641/123/9611/84661/8331/10499/5166/51082/8338/90390/1024/1020/6601/2648/5931/404672/9968/8932/2033/9282/121536/23512/10919/8850/2167/54934",0.154190966581424
"R-HSA-379716","Cytosolic tRNA aminoacylation",24,-0.321925173716652,-1.04519583713032,0.37593984962406,0.564908551932435,0.306586982604787,2673,"tags=29%, list=17%, signal=24%","2058/16/4677/3735/6301/1615/5917",0.108820126769161
"R-HSA-74158","RNA Polymerase III Transcription",41,0.305337876738736,1.06674442725103,0.378029079159935,0.566242709673886,0.307311056253294,3243,"tags=29%, list=21%, signal=23%","112495/27297/6617/9328/10302/661/2971/55814/2975/6618/10622/2972",0.0826646449123753
"R-HSA-749476","RNA Polymerase III Abortive And Retractive Initiation",41,0.305337876738736,1.06674442725103,0.378029079159935,0.566242709673886,0.307311056253294,3243,"tags=29%, list=21%, signal=23%","112495/27297/6617/9328/10302/661/2971/55814/2975/6618/10622/2972",0.0826646449123753
"R-HSA-2559580","Oxidative Stress Induced Senescence",103,-0.22982437432258,-1.04484827504755,0.377777777777778,0.566242709673886,0.307311056253294,4255,"tags=36%, list=27%, signal=26%","8337/8294/1019/5928/57690/8359/5606/50488/3021/8355/8726/4343/1030/333932/3020/8550/8362/5608/5602/8348/8344/8368/8363/6045/8341/653604/9448/27327/6416/8331/23135/8338/5931/26523/23512/23112/5595",0.124434168630393
"R-HSA-9671793","Diseases of hemostasis",17,-0.356644792835441,-1.04862388357529,0.378504672897196,0.566355140186916,0.307372074504168,5428,"tags=59%, list=35%, signal=38%","2147/2157/7450/2159/196527/1278/2153/5627/8460/8459",0.103958471559957
"R-HSA-937072","TRAF6-mediated induction of TAK1 complex within TLR4 complex",15,0.404843855654045,1.07791648348082,0.379897785349233,0.567838761610799,0.308177265033007,2959,"tags=27%, list=19%, signal=22%","6233/148022/7099/23643",0.0852884689790502
"R-HSA-1660516","Synthesis of PIPs at the early endosome membrane",16,-0.356792659496346,-1.06770314748704,0.380841121495327,0.568548610725972,0.308562514110191,5193,"tags=56%, list=33%, signal=38%","55697/3631/54545/5289/30849/8898/200576/9896/9110",0.103576326612592
"R-HSA-9733709","Cardiogenesis",26,-0.318271735714885,-1.06329252684354,0.381578947368421,0.568548610725972,0.308562514110191,2722,"tags=38%, list=17%, signal=32%","150572/9464/10524/4089/6722/4086/4303/2648/1499/8861",0.11101149245045
"R-HSA-9013148","CDC42 GTPase cycle",149,0.242527771053288,1.03230126044431,0.381542699724518,0.568548610725972,0.308562514110191,2912,"tags=26%, list=19%, signal=21%","10602/10652/64411/3895/397/57522/25894/11135/64857/9411/121512/7074/57580/55619/23526/2040/9341/5062/3930/153478/55114/115703/5924/10395/57480/128239/221178/4650/7037/9639/7410/81624/92799/26084/3728/116985/4296/23268",0.0738052724171275
"R-HSA-6811440","Retrograde transport at the Trans-Golgi-Network",49,0.294486743393568,1.05046635803742,0.382215288611544,0.568897282207078,0.308751744981182,2447,"tags=20%, list=16%, signal=17%","10618/10226/8677/22836/9341/8675/2803/10244/10139/9827",0.0802023444698144
"R-HSA-5696394","DNA Damage Recognition in GG-NER",38,-0.278343281455944,-1.04216534019967,0.384816753926702,0.572167076816358,0.310526326830877,2162,"tags=21%, list=14%, signal=18%","5887/50813/10445/54891/10987/9978/51138/1642",0.110122263835536
"R-HSA-390918","Peroxisomal lipid metabolism",27,-0.308527708993086,-1.04729775939837,0.386363636363636,0.573863636363636,0.31144708306767,3234,"tags=30%, list=21%, signal=24%","215/55289/79777/30/1384/6342/10478/51",0.107554375265169
"R-HSA-8863795","Downregulation of ERBB2 signaling",29,0.333227366970688,1.07038877845317,0.38740157480315,0.574801497137097,0.311956078556683,1449,"tags=14%, list=9%, signal=13%","1956/3320/26469/6233",0.0799858801499946
"R-HSA-6806834","Signaling by MET",78,0.262002195886973,1.03012307240249,0.389140271493213,0.576776041814888,0.313027702791635,3234,"tags=33%, list=21%, signal=27%","1301/5879/64759/3912/3910/5770/3675/85301/284217/3911/5908/6233/23163/6455/3913/3914/1289/6464/3915/1399/5781/3673/3688/1277/5867/50509",0.0774767547848578
"R-HSA-9820965","Respiratory syncytial virus (RSV) genome replication, transcription and translation",17,-0.354847024171912,-1.04333799914464,0.39018691588785,0.577721779126095,0.313540973032611,3904,"tags=47%, list=25%, signal=35%","5045/5500/3837/28972/90701/1460/5501/5499",0.102080107662747
"R-HSA-2173788","Downregulation of TGF-beta receptor signaling",26,0.331806052052199,1.05300562349396,0.392282958199357,0.58021768085135,0.314895547992056,1818,"tags=27%, list=12%, signal=24%","23645/7040/4088/25805/7046/6233/64750",0.080419996876154
"R-HSA-2559586","DNA Damage/Telomere Stress Induced Senescence",63,0.268991468059644,1.02304776930339,0.394817073170732,0.583355633713077,0.316598576732092,2488,"tags=21%, list=16%, signal=17%","1026/94239/8091/54386/85236/3017/7013/25913/4001/26277/4683/8334/4361",0.077274697304471
"R-HSA-69273","Cyclin A/B1/B2 associated events during G2/M transition",32,0.323526236084745,1.04657811205373,0.396578538102644,0.585346610518934,0.317679119006157,5709,"tags=62%, list=37%, signal=40%","55355/2305/55320/994/995/151648/90381/9088/7514/1017/79866/51451/9133/891/5347/8900/7465/79596/28227/993",0.0780892306943345
"R-HSA-6807505","RNA polymerase II transcribes snRNA genes",72,0.265481640532221,1.02978444731775,0.398591549295775,0.587704328158733,0.318958698744413,3629,"tags=31%, list=23%, signal=24%","6882/79664/26173/6617/10302/6878/2961/22936/55197/5439/2957/6618/84524/54973/22916/79871/5433/2963/51808/23379/58490/2958",0.0727141077934447
"R-HSA-166658","Complement cascade",34,-0.289372702505939,-1.03331374132494,0.402739726027397,0.592858170788407,0.321755790513065,642,"tags=12%, list=4%, signal=11%","715/716/718/5648",0.110122263835536
"R-HSA-1169410","Antimicrobial mechanism of IFN-stimulated genes",153,0.23870054254255,1.02965856526029,0.402925531914894,0.592858170788407,0.321755790513065,2431,"tags=20%, list=16%, signal=17%","10762/4869/57506/9883/3609/201254/55746/5610/2175/2635/3304/2189/23636/199990/11097/3608/2342/348995/2176/3838/6233/7706/80233/2178/9636/23225/1968/3306/2188/57122",0.0692836467392548
"R-HSA-9013508","NOTCH3 Intracellular Domain Regulates Transcription",22,-0.318387452006312,-1.03335495157346,0.405829596412556,0.596510446286231,0.323737952264182,1297,"tags=23%, list=8%, signal=21%","5087/2648/2033/8850/3516",0.0972150808846466
"R-HSA-9012852","Signaling by NOTCH3",46,0.298227295620582,1.04321975570515,0.412225705329154,0.604650727261377,0.328155842864683,1846,"tags=20%, list=12%, signal=17%","10460/9787/1956/10046/3280/1387/182/6233/4854",0.0764767053228531
"R-HSA-9634638","Estrogen-dependent nuclear events downstream of ESR-membrane signaling",23,-0.321613966392253,-1.03448683163681,0.412532637075718,0.604650727261377,0.328155842864683,1407,"tags=17%, list=9%, signal=16%","6722/596/5747/5595",0.105520936843198
"R-HSA-381038","XBP1(S) activates chaperone genes",47,-0.26711024451471,-1.01765548128976,0.412650602409639,0.604650727261377,0.328155842864683,3063,"tags=34%, list=20%, signal=27%","4189/6745/10525/6734/27230/4000/9114/10130/2931/84447/9820/10113/55062/9695/22872/5526",0.114750719227023
"R-HSA-193704","p75 NTR receptor-mediated signalling",93,-0.23017049593203,-1.0309937884764,0.413249211356467,0.604901019521785,0.328291681397531,2015,"tags=20%, list=13%, signal=18%","51107/89846/5584/29/6868/128272/7531/8841/9500/9828/8878/4790/50650/7984/55160/26230/55851/10451/8997",0.11776578836269
"R-HSA-9833110","RSV-host interactions",84,0.257218514375938,1.02551237389472,0.414523449319213,0.606138735612583,0.328963414265269,3016,"tags=26%, list=19%, signal=21%","57506/3454/375790/5610/55588/9672/7297/1387/2239/6773/10082/6233/7706/7099/9442/9636/6921/3661/6837/23643/51191/3455",0.0743625384422526
"R-HSA-199220","Vitamin B5 (pantothenate) metabolism",19,-0.327755686736504,-1.02580210673886,0.415384615384615,0.606770502225048,0.32930628643239,526,"tags=11%, list=3%, signal=10%","53354/5168",0.103958471559957
"R-HSA-193639","p75NTR signals via NF-kB",16,0.370272049154215,1.03203116599541,0.416376306620209,0.607591431951471,0.3297518211422,1449,"tags=19%, list=9%, signal=17%","3654/4615/6233",0.0815265143256594
"R-HSA-1660499","Synthesis of PIPs at the plasma membrane",51,-0.253380492378898,-1.00774227763672,0.418230563002681,0.609668057820403,0.33087884684747,3381,"tags=31%, list=22%, signal=25%","55613/8898/375/80230/8897/5291/79837/51552/64419/65977/59339/5295/8395/5290/81846/5728",0.106323255932708
"R-HSA-375276","Peptide ligand-binding receptors",99,-0.224745908300952,-1.01140834695481,0.418960244648318,0.610102766151104,0.331114771609039,4812,"tags=41%, list=31%, signal=29%","3792/2833/27202/59350/6869/2357/5173/4283/4142/6753/6376/887/2587/84634/1524/2847/3627/51738/64106/680/3827/6354/2834/6870/6865/4988/3577/6352/10663/5443/9718/57486/51083/9283/9034/301/2829/9002/885/6387/718",0.114750719227023
"R-HSA-110320","Translesion Synthesis by POLH",19,0.359300530418623,1.03227929372332,0.419934640522876,0.610668911679167,0.331422029922921,4259,"tags=53%, list=27%, signal=38%","6118/6233/6119/5984/5982/5429/55666/7353/83932/5111",0.0776798560117236
"R-HSA-9703465","Signaling by FLT3 fusion proteins",18,-0.337806579667601,-1.01882361660944,0.420212765957447,0.610668911679167,0.331422029922921,1790,"tags=28%, list=11%, signal=25%","3265/399687/6776/5295/5290",0.105520936843198
"R-HSA-9013405","RHOD GTPase cycle",50,0.293842186412183,1.04005599686253,0.420731707317073,0.610795312265238,0.331490630007218,2515,"tags=28%, list=16%, signal=24%","9590/2010/9341/3930/123720/55114/4001/5364/1729/1627/81624/23592/3998/4162",0.0739901439101341
"R-HSA-1963642","PI3K events in ERBB2 signaling",16,-0.348253554550275,-1.04214984927594,0.422897196261682,0.613309369757968,0.332855058458787,4954,"tags=50%, list=32%, signal=34%","1950/2549/10718/9542/2065/3084/5295/5290",0.0972150808846466
"R-HSA-196807","Nicotinate metabolism",27,0.329913741780551,1.03500173383822,0.424092409240924,0.614412568306011,0.333453786010178,1415,"tags=22%, list=9%, signal=20%","4907/143/55739/55191/93100/54625",0.0776798560117236
"R-HSA-983170","Antigen Presentation: Folding, assembly and peptide loading of class I MHC",29,0.321067675298877,1.03132956902125,0.425196850393701,0.614689151022651,0.333603892890743,965,"tags=17%, list=6%, signal=16%","3133/567/3106/6891/22863",0.0751181635276302
"R-HSA-449836","Other interleukin signaling",23,-0.317339585725915,-1.02073808010611,0.425587467362924,0.614689151022651,0.333603892890743,3775,"tags=52%, list=24%, signal=40%","146433/836/1441/6813/6844/1436/5803/3716/3603/5657/6810/1435",0.103576326612592
"R-HSA-9933937","Formation of the canonical BAF (cBAF) complex",18,0.356932330147925,1.00683971085296,0.424920127795527,0.614689151022651,0.333603892890743,4901,"tags=33%, list=31%, signal=23%","8110/9275/26039/605/8193/6595",0.0758886900606117
"R-HSA-111996","Ca-dependent events",38,-0.271753090839283,-1.01749052782386,0.426701570680628,0.615669409124906,0.334135898244028,3526,"tags=37%, list=23%, signal=29%","156/108/26960/5573/801/111/5568/818/5580/196883/817/112/5321/5577",0.103576326612592
"R-HSA-2129379","Molecules associated with elastic fibres",36,-0.285594993106507,-1.01249567248956,0.42816091954023,0.616516843411288,0.33459581749986,1807,"tags=22%, list=12%, signal=20%","4054/84034/2006/11117/7043/650/4052/30008",0.109250039480711
"R-HSA-8854214","TBC/RABGAPs",40,-0.268836162032144,-1.00763671664801,0.427872860635697,0.616516843411288,0.33459581749986,2767,"tags=25%, list=18%, signal=21%","11021/83452/5869/382/83874/4218/7879/4943/26088/11337",0.0992333343771191
"R-HSA-5620971","Pyroptosis",23,0.344477552330121,1.03025980037827,0.429725363489499,0.618061019319871,0.335433872138622,697,"tags=17%, list=4%, signal=17%","54205/837/1687/51652",0.0758886900606117
"R-HSA-5205685","PINK1-PRKN Mediated Mitophagy",30,-0.289681949133407,-1.00952921866123,0.43010752688172,0.618061019319871,0.335433872138622,3294,"tags=37%, list=21%, signal=29%","7419/7323/7334/29110/9868/84557/55669/401505/65018/8878/7322",0.104732821580651
"R-HSA-392518","Signal amplification",29,-0.292828291186671,-0.999800076481036,0.433242506811989,0.621933913332135,0.337535767896982,1766,"tags=21%, list=11%, signal=18%","2771/2773/2783/6714/14/5321",0.105125131597001
"R-HSA-3295583","TRP channels",22,-0.308665059685064,-1.00180005773894,0.437219730941704,0.627006794677048,0.340288920383927,2446,"tags=27%, list=16%, signal=23%","11035/80036/54822/57192/7226/26133",0.0928481214159878
"R-HSA-162906","HIV Infection",211,0.227735851480169,1.01332044991479,0.438735177865613,0.628542595240098,0.341122429557929,1626,"tags=13%, list=10%, signal=12%","5478/2547/293/10762/4869/7520/9883/11198/6879/567/55746/8815/5879/6882/23636/51652/11097/27183/51497/55690/5062/348995/2237/2068/6233/6878/79720/2961",0.0646484568421928
"R-HSA-3899300","SUMOylation of transcription cofactors",43,0.290400846924732,1.00860978126102,0.441497659906396,0.631402277848208,0.342674435557889,2547,"tags=26%, list=16%, signal=21%","4869/84733/6294/1387/9612/6612/4152/59348/6015/8535/10155",0.0727141077934447
"R-HSA-9717189","Sensory perception of taste",21,-0.308067848187478,-0.994503310254164,0.441624365482233,0.631402277848208,0.342674435557889,1179,"tags=14%, list=8%, signal=13%","6324/3759/3710",0.0995791200495904
"R-HSA-180292","GAB1 signalosome",16,0.360884342789881,1.00586552490169,0.442508710801394,0.632027593003203,0.343013806392144,2619,"tags=31%, list=17%, signal=26%","1956/5829/7039/55824/5781",0.0782955249944794
"R-HSA-2122948","Activated NOTCH1 Transmits Signal to the Nucleus",31,-0.284347257858367,-0.999096852479814,0.443099273607748,0.632232465066959,0.343124994490876,2042,"tags=23%, list=13%, signal=20%","102/51107/6868/408/8788/23220/55851",0.0965629554309422
"R-HSA-193368","Synthesis of bile acids and bile salts via 7alpha-hydroxycholesterol",19,-0.320443613780414,-1.00291695128155,0.443589743589744,0.632294251447477,0.343158527174891,4103,"tags=37%, list=26%, signal=27%","6256/9971/570/9420/6342/10499/80270",0.0999276973731092
"R-HSA-977225","Amyloid fiber formation",75,-0.233948272507287,-1.00458996286699,0.446945337620579,0.636435757699394,0.34540620407918,4255,"tags=37%, list=27%, signal=27%","8337/8294/8359/5045/3021/8355/23385/333932/3020/3015/8362/8348/8344/8368/8363/796/102/51107/8341/653604/3339/8331/8338/9445/2934/8239/55851/26088",0.11378726182188
"R-HSA-6794362","Protein-protein interactions at synapses",79,-0.240631780412683,-1.0134860489763,0.447712418300654,0.636886679554451,0.345650928239329,3201,"tags=30%, list=21%, signal=24%","10313/8573/57502/2906/8497/55327/2903/2902/2319/9229/9066/1741/8496/10611/78999/5802/1740/57555/26037/2035/6812/22941/23136/2036",0.114750719227023
"R-HSA-2173782","Binding and Uptake of Ligands by Scavenger Receptors",33,0.31010999687237,1.00595686994989,0.449346405228758,0.638049346173719,0.346281930282682,1081,"tags=12%, list=7%, signal=11%","1282/1284/3320/2495",0.0741758965588009
"R-HSA-2022857","Keratan sulfate degradation",14,-0.354022805886545,-0.991333516722443,0.44988344988345,0.638049346173719,0.346281930282682,1979,"tags=29%, list=13%, signal=25%","4958/79411/3073/4969",0.0934449219410994
"R-HSA-156584","Cytosolic sulfonation of small molecules",11,-0.379008580806545,-0.987254733363912,0.449648711943794,0.638049346173719,0.346281930282682,606,"tags=18%, list=4%, signal=17%","8460/8459",0.0937465422491719
"R-HSA-164938","Nef-mediates down modulation of cell surface receptors by recruiting them to clathrin adapters",19,-0.317891221082747,-0.994928532125307,0.451282051282051,0.639391603720261,0.34701039985473,3803,"tags=42%, list=24%, signal=32%","3932/1175/375/160/164/161/51606/1174",0.0988903007520636
"R-HSA-205043","NRIF signals cell death from the nucleus",16,-0.3385175196209,-1.01301473435286,0.453271028037383,0.641566800445305,0.348190921902452,2015,"tags=19%, list=13%, signal=16%","51107/8878/55851",0.0931454575337804
"R-HSA-9615710","Late endosomal microautophagy",32,0.309288827473012,1.00052138291259,0.460342146189736,0.649624545621044,0.352564018701177,1592,"tags=16%, list=10%, signal=14%","10226/5116/51652/6233/79720",0.0704500850658419
"R-HSA-5173105","O-linked glycosylation",114,0.24054498329889,0.997157488477352,0.46011396011396,0.649624545621044,0.352564018701177,3540,"tags=30%, list=23%, signal=23%","146664/81792/55568/79623/79875/11227/84752/2591/7057/170689/11226/146712/9486/9334/84002/11173/170384/170691/6480/374378/29954/2218/9510/11093/6482/92949/256435/9037/84892/79695/157869/9331/56913/55901",0.066132620475844
"R-HSA-112409","RAF-independent MAPK1/3 activation",23,-0.308984001827659,-0.993861941577851,0.459530026109661,0.649624545621044,0.352564018701177,2760,"tags=35%, list=18%, signal=29%","5604/1847/1852/3716/1843/3717/11221/5595",0.0988903007520636
"R-HSA-3371453","Regulation of HSF1-mediated heat shock response",69,0.265623087602379,1.00469055567616,0.461086637298091,0.650026425861915,0.352782127012683,2431,"tags=25%, list=16%, signal=21%","10762/9883/55746/3304/23636/11097/3337/6118/348995/57805/9529/91582/6119/23225/3306/9530/57122",0.0675188953767744
"R-HSA-9937080","Developmental Lineage of Multipotent Pancreatic Progenitor Cells",13,-0.346735068362197,-0.958971980876823,0.4625,0.651369521912351,0.353511051657288,21,"tags=8%, list=0%, signal=8%","2252",0.0959206777921745
"R-HSA-9735871","SARS-CoV-1 targets host intracellular signalling and regulatory pathways",15,-0.341630583269383,-0.999126854331719,0.465060240963855,0.65432356290835,0.355114267810338,1632,"tags=27%, list=10%, signal=24%","7533/7531/4089/2033",0.0934449219410994
"R-HSA-5576886","Phase 4 - resting membrane potential",16,-0.33583645335033,-1.00499163516761,0.467289719626168,0.656806822615708,0.356461981698008,2022,"tags=25%, list=13%, signal=22%","338567/51305/10089/3759",0.0913924325943768
"R-HSA-168927","TICAM1, RIP1-mediated IKK complex recruitment",19,-0.314539917802233,-0.984439701253437,0.469230769230769,0.658880146665648,0.357587215441166,2821,"tags=32%, list=18%, signal=26%","7323/7334/11035/1147/7321/7322",0.0965629554309422
"R-HSA-9943962","CHD6, CHD7, CHD8, CHD9 subfamily",56,0.267526336776401,0.982051818714525,0.469860896445131,0.659110424179976,0.357712191577636,1511,"tags=12%, list=10%, signal=11%","3481/7975/94239/11091/1387/85236/3017",0.069119845655101
"R-HSA-1592389","Activation of Matrix Metalloproteinases",22,-0.302550171484046,-0.981953641176287,0.47085201793722,0.659846138120147,0.358111478004096,2306,"tags=41%, list=15%, signal=35%","1515/1991/4314/4320/4323/4313/4318/4319/4322",0.0886261133285098
"R-HSA-2871796","FCERI mediated MAPK activation",28,-0.293660563918635,-0.9896851357259,0.471794871794872,0.659859494280859,0.358118726655223,1790,"tags=18%, list=11%, signal=16%","3265/5058/6416/10451/5595",0.096240602328129
"R-HSA-9035034","RHOF GTPase cycle",41,0.28244970095935,0.986781095405722,0.47172859450727,0.659859494280859,0.358118726655223,2515,"tags=24%, list=16%, signal=21%","9590/8776/9341/55971/65124/4001/4650/1729/81624/4162",0.0711327399327894
"R-HSA-5633007","Regulation of TP53 Activity",154,0.230501053892553,0.996406268162612,0.476388888888889,0.665626372419851,0.361248524852887,3801,"tags=33%, list=24%, signal=25%","11198/22974/6879/5371/6882/9156/83695/7161/6790/6118/9891/53615/26155/5527/6233/6878/7486/1763/672/55615/4193/6119/27154/3364/5984/4683/51616/5982/54815/4361/83990/5563/8445/641/5565/7156/84289/5932/79813/29117/84126/639/79109/11073/5305/9212/116028/51422/112858/1017/580",0.0632191170859458
"R-HSA-6805567","Keratinization",69,0.263253386238974,0.995727416963049,0.477239353891336,0.666156413032922,0.361536188319236,2974,"tags=22%, list=19%, signal=18%","3875/64065/1829/1832/3856/2312/144501/3872/3858/1825/823/3887/3728/3855/5046",0.0658311958368866
"R-HSA-9768919","NPAS4 regulates expression of target genes",20,-0.310950861756906,-0.984299012200425,0.478048780487805,0.666266866566717,0.361596133624593,1269,"tags=20%, list=8%, signal=18%","9500/405/1020/5595",0.0925528864684773
"R-HSA-9856530","High laminar flow shear stress activates signaling by PIEZO1 and PECAM1:CDH5:KDR in endothelial cells",68,-0.238111032806294,-0.980629235567453,0.478260869565217,0.666266866566717,0.361596133624593,2804,"tags=24%, list=18%, signal=19%","5586/5029/2778/801/5291/111/5568/2534/2783/4323/196883/253260/112/5290/1499/5577",0.102821842840815
"R-HSA-9842860","Regulation of endogenous retroelements",123,0.234721728743871,0.989843412807547,0.481012658227848,0.669440845210804,0.363318714265325,3033,"tags=24%, list=19%, signal=20%","57693/94239/85236/8110/53615/9422/3017/7581/9275/23272/65251/91661/197320/90853/1788/147686/25799/26039/7576/8334/55422/54815/10155/54737/340252/51535/162967/6940/7767/605",0.0633597010643758
"R-HSA-9013424","RHOV GTPase cycle",36,-0.273791560520413,-0.97064996544845,0.482758620689655,0.671210117655037,0.364278933221522,2107,"tags=25%, list=14%, signal=22%","4690/9815/5058/50855/171177/9352/5295/8239/1213",0.101713902282311
"R-HSA-75153","Apoptotic execution phase",46,0.284510027597785,0.995235801165023,0.484326018808777,0.672727888600797,0.365102657367588,1952,"tags=22%, list=13%, signal=19%","1676/1829/1832/9414/840/5062/28988/63967/51765/4001",0.0683110858318647
"R-HSA-1461957","Beta defensins",2,-0.673259696891857,-1.02921602267021,0.485537190082645,0.673087830173392,0.365298004738907,5091,"tags=100%, list=33%, signal=67%","7097/7096",0.0824344091527096
"R-HSA-8876725","Protein methylation",19,0.339018366352977,0.97400813566944,0.485294117647059,0.673087830173392,0.365298004738907,1261,"tags=16%, list=8%, signal=15%","6187/1915/79091",0.0702812841717392
"R-HSA-8956321","Nucleotide salvage",21,0.326596746750692,0.966456650695088,0.490131578947368,0.67879143254807,0.368393461934675,2644,"tags=38%, list=17%, signal=32%","7378/8226/7083/1716/353/51292/54963/83549",0.070113215764256
"R-HSA-9843743","Transcriptional regulation of brown and beige adipocyte differentiation",28,-0.287455503840331,-0.968773047143635,0.494871794871795,0.684016342080858,0.371229123109498,2577,"tags=32%, list=17%, signal=27%","57459/9219/3065/83401/1107/1108/4089/4086/5931",0.0934449219410994
"R-HSA-9844594","Transcriptional regulation of brown and beige adipocyte differentiation by EBF2",28,-0.287455503840331,-0.968773047143635,0.494871794871795,0.684016342080858,0.371229123109498,2577,"tags=32%, list=17%, signal=27%","57459/9219/3065/83401/1107/1108/4089/4086/5931",0.0934449219410994
"R-HSA-456926","Thrombin signalling through proteinase activated receptors (PARs)",30,-0.280415242845659,-0.977235143085519,0.497311827956989,0.686717699932796,0.372695203150114,1221,"tags=17%, list=8%, signal=15%","2783/408/9002/6714/5595",0.0959206777921745
"R-HSA-8856825","Cargo recognition for clathrin-mediated endocytosis",101,-0.217816805586361,-0.976443267954816,0.498360655737705,0.687494602159136,0.373116843269631,2667,"tags=22%, list=17%, signal=18%","22905/6844/338/9318/160/27348/50813/1211/115548/30011/6457/408/161/1601/10987/90019/3267/1080/51138/29978/1213/8673",0.107972360317345
"R-HSA-2453902","The canonical retinoid cycle in rods (twilight vision)",16,-0.327045754540955,-0.978685441535066,0.5,0.689083820662768,0.373979343410691,2120,"tags=31%, list=14%, signal=27%","5949/5947/10170/8630/4647",0.0875697115548511
"R-HSA-1433559","Regulation of KIT signaling",16,-0.326635157268599,-0.977456727915613,0.502336448598131,0.691629735460328,0.375361061448209,4216,"tags=56%, list=27%, signal=41%","10603/6654/3932/8651/9306/4254/2534/5777/6714",0.0873098257637931
"R-HSA-2160916","Hyaluronan degradation",13,0.373766814969774,0.967613199471359,0.504983388704319,0.694597773957108,0.376971874320256,2863,"tags=31%, list=18%, signal=25%","2990/960/3074/57214",0.069119845655101
"R-HSA-5684264","MAP3K8 (TPL2)-dependent MAPK1/3 activation",16,-0.325134922848383,-0.972967271729228,0.507009345794392,0.696706720071206,0.378116440858302,2760,"tags=31%, list=18%, signal=26%","5604/1147/8454/6416/4790",0.086794975677172
"R-HSA-164952","The role of Nef in HIV-1 replication and disease pathogenesis",26,-0.292064751665231,-0.97573938541075,0.507894736842105,0.697107887530746,0.378334162329359,1476,"tags=23%, list=9%, signal=21%","2534/164/9844/161/51606/1174",0.0934449219410994
"R-HSA-193648","NRAGE signals death through JNK",57,-0.237199610621907,-0.969248193742324,0.50828729281768,0.697107887530746,0.378334162329359,1942,"tags=19%, list=12%, signal=17%","89846/29/128272/9500/9828/50650/7984/55160/26230/10451/8997",0.096240602328129
"R-HSA-5213460","RIPK1-mediated regulated necrosis",30,0.293906814638424,0.969328315409487,0.50952380952381,0.697450790577606,0.378520262557622,2873,"tags=23%, list=18%, signal=19%","8795/3320/6233/10211/355/8837/8737",0.066436413766281
"R-HSA-5675482","Regulation of necroptotic cell death",30,0.293906814638424,0.969328315409487,0.50952380952381,0.697450790577606,0.378520262557622,2873,"tags=23%, list=18%, signal=19%","8795/3320/6233/10211/355/8837/8737",0.066436413766281
"R-HSA-8866654","E3 ubiquitin ligases ubiquitinate target proteins",53,-0.236339857282734,-0.967369966513094,0.511560693641618,0.698211216997344,0.378932960932825,2821,"tags=28%, list=18%, signal=23%","7323/8348/8344/7334/55829/9646/5195/8341/5830/7321/7322/7320/10670/79139/7415",0.0985499803531691
"R-HSA-211981","Xenobiotics",11,0.389089659815524,0.964057479923312,0.511304347826087,0.698211216997344,0.378932960932825,3369,"tags=36%, list=22%, signal=29%","196/9915/29785/1565",0.0707899094502623
"R-HSA-9629569","Protein hydroxylation",19,0.332594061038741,0.955550947908779,0.511437908496732,0.698211216997344,0.378932960932825,1692,"tags=21%, list=11%, signal=19%","6228/444/91433/55239",0.0676760401641789
"R-HSA-5218859","Regulated Necrosis",53,0.26634185894702,0.968364920723415,0.51219512195122,0.698402991744479,0.379037040860209,697,"tags=11%, list=4%, signal=11%","8795/54205/837/1687/3320/51652",0.0642140881844605
"R-HSA-9834899","Specification of the neural plate border",17,-0.330317506294,-0.97121515082022,0.514018691588785,0.700214287000522,0.380020066422943,813,"tags=18%, list=5%, signal=17%","6657/5077/1499",0.0860347242455604
"R-HSA-3772470","Negative regulation of TCF-dependent signaling by WNT ligand antagonists",13,0.369114860141315,0.95557014825579,0.518272425249169,0.705329364102334,0.382796119377127,1238,"tags=23%, list=8%, signal=21%","7474/6422/22943",0.0678338263479455
"R-HSA-5619102","SLC transporter disorders",80,0.244516300084388,0.9669835659753,0.520710059171598,0.705929073507804,0.383121593467461,2502,"tags=18%, list=16%, signal=15%","10762/9883/55746/682/9187/23636/11097/348995/55343/55630/23225/6505/57122/8671",0.0619762736001998
"R-HSA-9013407","RHOH GTPase cycle",33,0.295174543761658,0.957508184599316,0.519607843137255,0.705929073507804,0.383121593467461,2242,"tags=27%, list=14%, signal=23%","397/55075/4548/2040/9341/5062/6510/7037/1627",0.0668966276500666
"R-HSA-9696273","RND1 GTPase cycle",41,0.273361009749139,0.955028366910152,0.520193861066236,0.705929073507804,0.383121593467461,2575,"tags=24%, list=17%, signal=20%","1832/1969/9928/91544/57216/27316/22852/7037/23592/94240",0.0662842187012672
"R-HSA-9703648","Signaling by FLT3 ITD and TKD mutants",15,-0.324662221076233,-0.949501477765726,0.520481927710843,0.705929073507804,0.383121593467461,655,"tags=20%, list=4%, signal=19%","6776/5295/5290",0.0870515867946735
"R-HSA-76071","RNA Polymerase III Transcription Initiation From Type 3 Promoter",28,0.302300782641312,0.964604886913691,0.52124183006536,0.705973129992738,0.383145503788404,4042,"tags=32%, list=26%, signal=24%","27297/6617/10302/661/55814/6618/10622/6619/5441",0.0667426134241917
"R-HSA-9768727","Regulation of CDH1 posttranslational processing and trafficking to plasma membrane",31,-0.271227844957846,-0.952999822270989,0.525423728813559,0.708920947082417,0.384745342105073,3904,"tags=35%, list=25%, signal=27%","5045/100128731/28972/1650/90701/288/1460/3703/746/283106/1499",0.086794975677172
"R-HSA-9648002","RAS processing",25,-0.289209374447151,-0.952508684313824,0.525,0.708920947082417,0.384745342105073,2465,"tags=28%, list=16%, signal=24%","801/9986/3265/5147/51104/58489/5593",0.0886261133285098
"R-HSA-9748787","Azathioprine ADME",18,-0.31453594838231,-0.948639463446425,0.523936170212766,0.708920947082417,0.384745342105073,119,"tags=11%, list=1%, signal=11%","10451/7498",0.0922597260527354
"R-HSA-9694676","Translation of Replicase and Assembly of the Replication Transcription Complex",14,-0.335849803814095,-0.940445535060436,0.524475524475524,0.708920947082417,0.384745342105073,2717,"tags=36%, list=17%, signal=30%","128866/27243/79643/7405/8678",0.0847985102819124
"R-HSA-1980145","Signaling by NOTCH2",31,0.294131063695759,0.953592518713292,0.529711375212224,0.714024675452893,0.387515235879537,1449,"tags=16%, list=9%, signal=15%","4192/10046/3280/182/6233",0.0678338263479455
"R-HSA-171306","Packaging Of Telomere Ends",37,0.284843460679971,0.964847409205104,0.533333333333333,0.717538851887092,0.389422448552484,2298,"tags=22%, list=15%, signal=18%","94239/54386/85236/3017/7013/25913/26277/8334",0.0642140881844605
"R-HSA-182971","EGFR downregulation",30,0.289331288444815,0.954237861985263,0.533333333333333,0.717538851887092,0.389422448552484,1786,"tags=13%, list=11%, signal=12%","1956/6233/6455/7039",0.0642140881844605
"R-HSA-8848021","Signaling by PTK6",53,-0.233504954283811,-0.955766337524457,0.53757225433526,0.720499684957401,0.391029350897859,900,"tags=11%, list=6%, signal=11%","9844/5921/6774/1398/10656/120892",0.0956031492204301
"R-HSA-9006927","Signaling by Non-Receptor Tyrosine Kinases",53,-0.233504954283811,-0.955766337524457,0.53757225433526,0.720499684957401,0.391029350897859,900,"tags=11%, list=6%, signal=11%","9844/5921/6774/1398/10656/120892",0.0956031492204301
"R-HSA-2559584","Formation of Senescence-Associated Heterochromatin Foci (SAHF)",14,0.353917142402923,0.951537852214169,0.537521815008726,0.720499684957401,0.391029350897859,4470,"tags=50%, list=29%, signal=36%","8091/4001/3159/5925/7157/7290/29855",0.0684714904492088
"R-HSA-181430","Norepinephrine Neurotransmitter Release Cycle",17,-0.323591063800075,-0.951437746544811,0.537383177570093,0.720499684957401,0.391029350897859,3141,"tags=41%, list=20%, signal=33%","10815/8497/6844/9256/5864/6812/4128",0.0835990603684159
"R-HSA-73893","DNA Damage Bypass",48,0.269396001925099,0.951821777465211,0.538699690402477,0.720644618949009,0.391108009425884,4369,"tags=44%, list=28%, signal=32%","5425/9100/6118/6233/7706/54107/6119/5984/9636/5982/5429/5426/56852/55666/10459/7353/9246/56655/83932/5111/11201",0.0625237414724762
"R-HSA-111465","Apoptotic cleavage of cellular proteins",34,0.283928808592727,0.939085387599678,0.538461538461538,0.720644618949009,0.391108009425884,3664,"tags=38%, list=24%, signal=29%","1829/1832/9414/840/28988/63967/51765/4001/6304/5588/22985/2339/10134",0.0632191170859458
"R-HSA-2032785","YAP1- and WWTR1 (TAZ)-stimulated gene expression",14,0.351261305685417,0.944397397957422,0.539267015706806,0.720721701521195,0.391149843653985,1658,"tags=21%, list=11%, signal=19%","1490/2626/1482",0.0683110858318647
"R-HSA-5654710","PI-3K cascade:FGFR3",13,-0.330230519863845,-0.913325027305891,0.54,0.721019830028329,0.391311643858847,545,"tags=15%, list=3%, signal=15%","5295/5290",0.0870515867946735
"R-HSA-3928664","Ephrin signaling",19,-0.303203748523888,-0.94896002294835,0.541025641025641,0.721395434293326,0.391515491681411,1551,"tags=26%, list=10%, signal=24%","2051/2534/5058/6714/2049",0.0883594442500905
"R-HSA-9909505","Modulation of host responses by IFN-stimulated genes",17,0.332632837575201,0.940101040151671,0.541811846689895,0.721395434293326,0.391515491681411,3890,"tags=35%, list=25%, signal=27%","10561/7706/9636/51191/22926/9246",0.0679922591544058
"R-HSA-1793185","Chondroitin sulfate/dermatan sulfate metabolism",34,0.283323141200223,0.937082162210662,0.54160125588697,0.721395434293326,0.391515491681411,2695,"tags=24%, list=17%, signal=20%","9469/2990/2720/1464/3423/3425/3074/113189",0.0629394692018967
"R-HSA-2559583","Cellular Senescence",172,-0.197202580799933,-0.969191118898884,0.546184738955823,0.721686316541622,0.39167335919907,4288,"tags=34%, list=28%, signal=25%","472/8337/6667/8294/1019/5928/57690/8359/5606/50488/3021/25906/8355/1027/8726/4343/1030/333932/3020/8550/5598/8362/5608/51529/5602/8348/6197/8344/8368/8363/6045/10524/3009/8341/10393/653604/9448/8881/27327/1051/51433/64682/7321/29882/6416/8331/23135/8338/6774/4790/5931/26523/3008/23512/29945/23112/10919/5595",0.115240003147781
"R-HSA-9958810","SRC activates STAT3 in a quantitative manner, through Cadherin-11 (CDH11), RAC1 and gp130 (IL6ST)",22,0.31685125352345,0.955805043373511,0.544964028776978,0.721686316541622,0.39167335919907,2716,"tags=32%, list=17%, signal=26%","1514/5879/7074/1508/6233/7410/3728",0.0692836467392548
"R-HSA-375280","Amine ligand-binding receptors",26,0.299696383289872,0.951103739649062,0.546623794212219,0.721686316541622,0.39167335919907,2385,"tags=19%, list=15%, signal=16%","3269/154/1129/3363/3352",0.0636424081651019
"R-HSA-1855204","Synthesis of IP3 and IP4 in the cytosol",27,0.302578657080748,0.949246409109343,0.542904290429043,0.721686316541622,0.39167335919907,2772,"tags=30%, list=18%, signal=24%","3705/9651/51196/113026/3707/5336/27124/84812",0.0652353056017703
"R-HSA-6785631","ERBB2 Regulates Cell Motility",15,0.356333943978271,0.948756480982972,0.543441226575809,0.721686316541622,0.39167335919907,2099,"tags=13%, list=13%, signal=12%","1956/1729",0.0667426134241917
"R-HSA-5627123","RHO GTPases activate PAKs",23,0.317129866378409,0.948468632045722,0.546042003231018,0.721686316541622,0.39167335919907,1154,"tags=17%, list=7%, signal=16%","4638/3984/5879/5062",0.0639271933359996
"R-HSA-5365859","RA biosynthesis pathway",19,0.32702763185178,0.939558459439634,0.544117647058823,0.721686316541622,0.39167335919907,3960,"tags=37%, list=25%, signal=28%","220/51109/10901/8854/112724/56603/8644",0.0646484568421928
"R-HSA-1236382","Constitutive Signaling by Ligand-Responsive EGFR Cancer Variants",19,0.32670624462281,0.938635105996916,0.545751633986928,0.721686316541622,0.39167335919907,2029,"tags=21%, list=13%, signal=18%","1956/3320/6233/6464",0.0645031249656493
"R-HSA-5637815","Signaling by Ligand-Responsive EGFR Variants in Cancer",19,0.32670624462281,0.938635105996916,0.545751633986928,0.721686316541622,0.39167335919907,2029,"tags=21%, list=13%, signal=18%","1956/3320/6233/6464",0.0645031249656493
"R-HSA-1296071","Potassium Channels",84,0.24062966558183,0.959373784500019,0.555219364599092,0.726253636950154,0.394152133821708,1804,"tags=13%, list=12%, signal=12%","3778/3755/2791/610/56479/55970/3772/3756/9424/3775/23416",0.059989249649033
"R-HSA-1566948","Elastic fibre formation",43,-0.256058557278327,-0.9522489487115,0.551246537396122,0.726253636950154,0.394152133821708,1846,"tags=21%, list=12%, signal=19%","84171/4054/84034/2006/11117/7043/650/4052/30008",0.0916795246008379
"R-HSA-167161","HIV Transcription Initiation",46,-0.246800641445167,-0.951846746577363,0.554945054945055,0.726253636950154,0.394152133821708,2579,"tags=26%, list=17%, signal=22%","5435/5430/902/6877/5431/2965/6881/2959/6873/404672/6872/138474",0.0908241419007155
"R-HSA-167162","RNA Polymerase II HIV Promoter Escape",46,-0.246800641445167,-0.951846746577363,0.554945054945055,0.726253636950154,0.394152133821708,2579,"tags=26%, list=17%, signal=22%","5435/5430/902/6877/5431/2965/6881/2959/6873/404672/6872/138474",0.0908241419007155
"R-HSA-73776","RNA Polymerase II Promoter Escape",46,-0.246800641445167,-0.951846746577363,0.554945054945055,0.726253636950154,0.394152133821708,2579,"tags=26%, list=17%, signal=22%","5435/5430/902/6877/5431/2965/6881/2959/6873/404672/6872/138474",0.0908241419007155
"R-HSA-73779","RNA Polymerase II Transcription Pre-Initiation And Promoter Opening",46,-0.246800641445167,-0.951846746577363,0.554945054945055,0.726253636950154,0.394152133821708,2579,"tags=26%, list=17%, signal=22%","5435/5430/902/6877/5431/2965/6881/2959/6873/404672/6872/138474",0.0908241419007155
"R-HSA-75953","RNA Polymerase II Transcription Initiation",46,-0.246800641445167,-0.951846746577363,0.554945054945055,0.726253636950154,0.394152133821708,2579,"tags=26%, list=17%, signal=22%","5435/5430/902/6877/5431/2965/6881/2959/6873/404672/6872/138474",0.0908241419007155
"R-HSA-76042","RNA Polymerase II Transcription Initiation And Promoter Clearance",46,-0.246800641445167,-0.951846746577363,0.554945054945055,0.726253636950154,0.394152133821708,2579,"tags=26%, list=17%, signal=22%","5435/5430/902/6877/5431/2965/6881/2959/6873/404672/6872/138474",0.0908241419007155
"R-HSA-9769743","Amplification and propagation of coagulation cascade",12,0.376657513088411,0.945478478453103,0.551971326164875,0.726253636950154,0.394152133821708,103,"tags=8%, list=1%, signal=8%","5270",0.0684714904492088
"R-HSA-202433","Generation of second messenger molecules",25,-0.283887761114266,-0.93498199478717,0.5525,0.726253636950154,0.394152133821708,4577,"tags=44%, list=29%, signal=31%","919/7408/3702/5063/3937/3932/7535/2533/4690/5058/3127",0.0857844408075645
"R-HSA-9749641","Aspirin ADME",17,0.328553409712573,0.928571588024106,0.555749128919861,0.726274739642036,0.394163586667672,460,"tags=12%, list=3%, signal=11%","8824/682",0.0667426134241917
"R-HSA-445717","Aquaporin-mediated transport",44,-0.250097921030472,-0.945611168509914,0.557333333333333,0.727428620423562,0.394789820464069,3962,"tags=34%, list=25%, signal=25%","2790/363/89872/108/366/5573/2778/111/4284/5568/362/2783/196883/112/5577",0.088894528862045
"R-HSA-5696398","Nucleotide Excision Repair",107,0.231181623405348,0.936693863143446,0.559297218155198,0.727428620423562,0.394789820464069,2532,"tags=19%, list=16%, signal=16%","5425/1643/142/7508/6118/2068/9557/6233/10038/2067/6612/2073/54107/283899/6119/5984/57461/5439/5982/5886",0.0580983576873206
"R-HSA-975576","N-glycan antennae elongation in the medial/trans-Golgi",23,-0.2902528836716,-0.933612396784628,0.558746736292428,0.727428620423562,0.394789820464069,1365,"tags=17%, list=9%, signal=16%","6484/4122/2517/4248",0.0875697115548511
"R-HSA-450302","activated TAK1 mediates p38 MAPK activation",23,0.311668536950394,0.932134946067497,0.558966074313409,0.727428620423562,0.394789820464069,1754,"tags=13%, list=11%, signal=12%","3654/6233/10392",0.0628003977812234
"R-HSA-2424491","DAP12 signaling",23,0.311389165718879,0.93129940555908,0.560581583198708,0.727428620423562,0.394789820464069,2259,"tags=26%, list=15%, signal=22%","3133/567/5879/6464/5336/7410",0.0626618230932491
"R-HSA-1181150","Signaling by NODAL",17,-0.31623461926982,-0.929807980493014,0.560747663551402,0.727428620423562,0.394789820464069,4628,"tags=41%, list=30%, signal=29%","4087/92/5045/199699/7044/4089/5595",0.0813027345384499
"R-HSA-5674400","Constitutive Signaling by AKT1 E17K in Cancer",25,-0.280286932515256,-0.923122695558579,0.56,0.727428620423562,0.394789820464069,1268,"tags=20%, list=8%, signal=18%","2931/3164/4303/253260/2308",0.0850427463764322
"R-HSA-6804114","TP53 Regulates Transcription of Genes Involved in G2 Cell Cycle Arrest",18,-0.304912505908295,-0.919615190221028,0.558510638297872,0.727428620423562,0.394789820464069,400,"tags=11%, list=3%, signal=11%","2033/25946",0.0886261133285098
"R-HSA-2022870","CS-GAG biosynthesis",19,-0.297547496423736,-0.931257217000556,0.561538461538462,0.727786786998519,0.394984204509257,3985,"tags=42%, list=26%, signal=31%","633/1463/55790/54480/55501/1462/51363/50515",0.0862865626267245
"R-HSA-2995410","Nuclear Envelope (NE) Reassembly",74,0.24898175548683,0.951507858632239,0.563150074294205,0.729207147483522,0.395755062082254,1952,"tags=19%, list=13%, signal=17%","9883/2010/23141/55746/8815/23636/51652/27183/25909/3930/348995/9798/221496/4001",0.0584693210386381
"R-HSA-5625900","RHO GTPases activate CIT",19,-0.295527601565693,-0.924935397167611,0.566666666666667,0.733089356511131,0.397862013282664,3735,"tags=37%, list=24%, signal=28%","5500/1027/4660/10398/103910/4627/4629",0.0857844408075645
"R-HSA-8934593","Regulation of RUNX1 Expression and Activity",17,0.322951802048226,0.912740086750322,0.56794425087108,0.734070539974138,0.39839452084743,2619,"tags=35%, list=17%, signal=29%","894/1021/5371/861/595/5781",0.065681360193401
"R-HSA-1912420","Pre-NOTCH Processing in Golgi",18,-0.301239345664776,-0.908536950100985,0.569148936170213,0.734955795200622,0.398874966271374,3942,"tags=44%, list=25%, signal=33%","6487/5045/4855/4853/4242/488/6484/487",0.0875697115548511
"R-HSA-453279","Mitotic G1 phase and G1/S transition",138,0.225146537171887,0.952602671300202,0.572027972027972,0.735221407930764,0.399019119524493,2333,"tags=18%, list=15%, signal=16%","894/1026/6241/1021/84515/4605/1719/26271/4173/81620/6118/91768/990/51053/6233/1876/7083/54107/1163/6119/91750/1870/23594/595/55388",0.0549073703290958
"R-HSA-8978934","Metabolism of cofactors",27,0.298145330026715,0.93533822461593,0.570957095709571,0.735221407930764,0.399019119524493,627,"tags=11%, list=4%, signal=11%","51117/1719/3320",0.0628003977812234
"R-HSA-9820952","Respiratory Syncytial Virus Infection Pathway",107,0.230312789858202,0.933173552836264,0.572474377745242,0.735221407930764,0.399019119524493,2219,"tags=19%, list=14%, signal=16%","57506/1956/3454/375790/5610/55588/3320/9672/7297/1387/2239/6773/10082/6233/7706/7099/60559/9442/9636/6921",0.0570059526582387
"R-HSA-212300","PRC2 methylates histones and DNA",55,-0.233526282977009,-0.92671759744874,0.571428571428571,0.735221407930764,0.399019119524493,4255,"tags=42%, list=27%, signal=31%","8337/8294/5928/8359/3021/8355/8726/333932/3020/8362/8348/8344/2145/8368/8363/5252/8341/653604/8331/8338/5931/121536/23512",0.0902635484340068
"R-HSA-933542","TRAF6 mediated NF-kB activation",23,0.309068373230611,0.924358404064182,0.5718901453958,0.735221407930764,0.399019119524493,2007,"tags=17%, list=13%, signal=15%","57506/89122/7706/177",0.0617054053637522
"R-HSA-1482788","Acyl chain remodelling of PC",20,-0.287133691547875,-0.908906980875279,0.570731707317073,0.735221407930764,0.399019119524493,4077,"tags=55%, list=26%, signal=41%","64600/151056/255189/100137049/50640/283748/10162/123745/11145/5321/8398",0.0826646449123753
"R-HSA-114604","GPVI-mediated activation cascade",31,-0.264860073288067,-0.930625698882203,0.576271186440678,0.73875562794843,0.400937210244435,4086,"tags=39%, list=26%, signal=29%","3937/146850/3932/391/1278/998/5291/2534/5777/5295/5290/10451",0.0817515582532145
"R-HSA-9694631","Maturation of nucleoprotein",15,-0.310197201447395,-0.907197333267598,0.575903614457831,0.73875562794843,0.400937210244435,1504,"tags=20%, list=10%, signal=18%","6732/2931/79668",0.0815265143256594
"R-HSA-69481","G2/M Checkpoints",144,0.224359224308341,0.952434398110566,0.581717451523546,0.742931709438887,0.403203651810758,3875,"tags=31%, list=25%, signal=23%","9656/51512/84515/165918/9156/83695/4173/85236/6118/990/7158/7468/6233/3017/7486/1763/672/63967/6119/3364/5984/4683/995/23594/7529/55388/5982/4361/83990/641/79184/4998/7156/5932/84142/51588/9088/84126/11073/116028/4174/1017/580/4176",0.0536769600638126
"R-HSA-381119","Unfolded Protein Response (UPR)",79,-0.222975682023363,-0.939122598869088,0.581699346405229,0.742931709438887,0.403203651810758,3205,"tags=30%, list=21%, signal=24%","8720/4189/6745/10525/4802/6734/9709/1649/27230/4000/153222/9114/1051/10130/2931/84447/9820/10113/7184/55062/9695/22872/5526/2081",0.0982123351217438
"R-HSA-6804757","Regulation of TP53 Degradation",35,-0.256420991659908,-0.933610319548758,0.583554376657825,0.742931709438887,0.403203651810758,2460,"tags=20%, list=16%, signal=17%","51230/6446/5518/253260/5519/900/5515",0.0860347242455604
"R-HSA-6811438","Intra-Golgi traffic",44,0.259060841161138,0.923211116723961,0.583732057416268,0.742931709438887,0.403203651810758,1965,"tags=18%, list=13%, signal=16%","9265/10652/9267/9321/8675/9527/51272/9950",0.0601186142531851
"R-HSA-8950505","Gene and protein expression by JAK-STAT signaling after Interleukin-12 stimulation",33,0.284234884617746,0.922021339990247,0.581699346405229,0.742931709438887,0.403203651810758,2112,"tags=18%, list=14%, signal=16%","5478/302/5062/5908/4001/5055",0.0614364107201271
"R-HSA-9931295","PD-L1(CD274) glycosylation and translocation to plasma membrane",21,-0.283591101193068,-0.915487580266722,0.581218274111675,0.742931709438887,0.403203651810758,3720,"tags=33%, list=24%, signal=25%","100128731/5133/1650/201595/3716/3703/746",0.0838361057159929
"R-HSA-73980","RNA Polymerase III Transcription Termination",23,-0.28313757698797,-0.910725669725344,0.5822454308094,0.742931709438887,0.403203651810758,3784,"tags=35%, list=24%, signal=26%","5440/10623/55703/5435/9533/4784/51082/4781",0.0852884689790502
"R-HSA-9823730","Formation of definitive endoderm",12,-0.329208587460765,-0.883912296006906,0.583333333333333,0.742931709438887,0.403203651810758,1409,"tags=25%, list=9%, signal=23%","4089/6934/1499",0.077274697304471
"R-HSA-1592230","Mitochondrial biogenesis",97,0.226847767354808,0.925560531302845,0.587115666178624,0.746566143863826,0.405176130860695,2008,"tags=19%, list=13%, signal=16%","4508/54205/513/5442/539/9556/7019/514/1387/85441/23408/814/64216/4509/9551/6300/5465/96764",0.055826471778749
"R-HSA-373076","Class A/1 (Rhodopsin-like receptors)",176,-0.195071740014602,-0.955917311375422,0.591666666666667,0.751002393776182,0.407583770946966,4812,"tags=36%, list=31%, signal=25%","3792/5732/2833/5724/27202/59340/59350/5031/29933/151306/6869/2357/5173/4283/4142/6753/148/6376/887/8698/5995/2587/84634/1524/2847/1816/3627/51738/64106/680/79948/2859/3827/6354/2834/6870/6865/3354/4988/5029/3577/6352/2846/27334/10663/5443/9718/57486/51083/9170/9283/9034/301/2829/155/9002/1901/885/150/6387/9294/5731/718",0.112378519110475
"R-HSA-9679191","Potential therapeutics for SARS",92,-0.217383742606191,-0.941011657316092,0.591503267973856,0.751002393776182,0.407583770946966,2577,"tags=27%, list=17%, signal=23%","57459/9219/160/480/79685/3065/476/7422/53822/3716/29110/4690/1107/1108/8452/483/30011/29760/4780/1901/161/3718/9978/5931/3717",0.0972150808846466
"R-HSA-1482922","Acyl chain remodelling of PI",11,-0.339261602086446,-0.883720420777036,0.594847775175644,0.754363008159965,0.409407642474663,2110,"tags=36%, list=14%, signal=31%","283748/123745/11145/5321",0.0782955249944794
"R-HSA-9610379","HCMV Late Events",93,-0.213129219639471,-0.954661459546953,0.599369085173502,0.75737970190825,0.411044861508728,3614,"tags=33%, list=23%, signal=26%","8355/9688/23165/333932/11267/51160/8362/3190/4928/128866/8348/27243/8344/85235/8368/9631/8363/7175/1052/8332/8341/8480/653604/84313/7251/81929/79643/8331/8338/8329/92815",0.0943563635421779
"R-HSA-975577","N-Glycan antennae elongation",14,0.335106673456548,0.900964226142116,0.598603839441536,0.75737970190825,0.411044861508728,4161,"tags=43%, list=27%, signal=31%","8702/9334/2683/6480/9331/4249",0.0632191170859458
"R-HSA-881907","Gastrin-CREB signalling pathway via PKC and MAPK",17,0.317801605890622,0.89818438383162,0.599303135888502,0.75737970190825,0.411044861508728,1266,"tags=18%, list=8%, signal=16%","1956/5578/6196",0.0630790410571939
"R-HSA-5601884","PIWI-interacting RNA (piRNA) biogenesis",21,0.301892014614976,0.893351045958525,0.598684210526316,0.75737970190825,0.411044861508728,4639,"tags=43%, list=30%, signal=30%","3320/5439/5433/54456/55124/4603/5441/113802/201164",0.0603786357920401
"R-HSA-8949613","Cristae formation",33,0.281064098007463,0.911735716805155,0.602941176470588,0.761213235294118,0.413125395480939,1813,"tags=21%, list=12%, signal=19%","4508/513/539/9556/514/4509/9551",0.0597317976364411
"R-HSA-3229121","Glycogen storage diseases",14,0.334540430079082,0.899441830240166,0.603839441535777,0.76166723490775,0.413371790001204,5169,"tags=50%, list=33%, signal=33%","6233/7957/8908/2632/2992/5507/378884",0.0628003977812234
"R-HSA-416993","Trafficking of GluR2-containing AMPA receptors",15,-0.303682174006035,-0.888143597471826,0.604819277108434,0.762223224448597,0.41367353646106,4431,"tags=47%, list=28%, signal=33%","5582/1175/5579/160/9463/2891/161",0.0789209638180035
"R-HSA-5603041","IRAK4 deficiency (TLR2/4)",13,0.340646487597105,0.881870793636859,0.606312292358804,0.763424382364514,0.414325428488209,4144,"tags=31%, list=27%, signal=23%","4615/7099/23643/10333",0.0602484086158019
"R-HSA-381771","Synthesis, secretion, and inactivation of Glucagon-like Peptide-1 (GLP-1)",15,-0.303124449734715,-0.886512486780694,0.607228915662651,0.763898297817605,0.414582631726283,731,"tags=13%, list=5%, signal=13%","6934/1499",0.0787113806986485
"R-HSA-69275","G2/M Transition",189,0.212846264262397,0.931822238670882,0.611559139784946,0.767979239481274,0.416797439037255,2264,"tags=18%, list=15%, signal=16%","1026/5116/22974/55355/51512/1063/4605/653784/22995/55835/2305/3320/22822/55755/22994/55142/55320/93323/22981/10142/9738/6790/23354/54801/6233/8481/84131/994/9662/10806/91750/85378/995/80028",0.0499913914024592
"R-HSA-2979096","NOTCH2 Activation and Transmission of Signal to the Nucleus",22,0.301104218480264,0.908302957315508,0.611510791366906,0.767979239481274,0.416797439037255,2289,"tags=18%, list=15%, signal=16%","4192/182/6233/83464",0.0636424081651019
"R-HSA-5173214","O-glycosylation of TSR domain-containing proteins",38,-0.245046182351079,-0.917495247805949,0.612565445026178,0.768560372020422,0.41711283109684,294,"tags=11%, list=2%, signal=10%","56999/9507/221981/54507",0.0826646449123753
"R-HSA-77289","Mitochondrial Fatty Acid Beta-Oxidation",34,0.271228077514429,0.897078128714685,0.6138147566719,0.769445093913179,0.41759298707008,1356,"tags=15%, list=9%, signal=13%","1622/37/10449/117145/10965",0.0570059526582387
"R-HSA-1169408","ISG15 antiviral mechanism",69,0.242312977084837,0.916522587672573,0.615271659324523,0.770588242944974,0.418213396534809,2982,"tags=23%, list=19%, signal=19%","10762/9883/55746/5610/23636/11097/348995/3838/6233/7706/9636/23225/57122/3661/6772/51191",0.05378728077603
"R-HSA-6791312","TP53 Regulates Transcription of Cell Cycle Genes",49,-0.237325033666861,-0.916893698564666,0.617728531855956,0.772980658446302,0.419511807485007,1169,"tags=16%, list=8%, signal=15%","9337/25904/23019/2033/246175/25946/57472/57060",0.0852884689790502
"R-HSA-9710421","Defective pyroptosis",53,-0.227625448164458,-0.931700749505642,0.624277456647399,0.777843869496187,0.422151167778729,4255,"tags=40%, list=27%, signal=29%","8337/8294/5928/8359/3021/8355/8726/333932/3020/8362/5422/8348/8344/8368/8363/8341/653604/8331/8338/5931/23512",0.0870515867946735
"R-HSA-8862803","Deregulated CDK5 triggers multiple neurodegenerative pathways in Alzheimer's disease models",21,-0.277727059247009,-0.896557305130458,0.624365482233503,0.777843869496187,0.422151167778729,1973,"tags=24%, list=13%, signal=21%","4000/7531/1020/5052/7001",0.0799858801499946
"R-HSA-8863678","Neurodegenerative Diseases",21,-0.277727059247009,-0.896557305130458,0.624365482233503,0.777843869496187,0.422151167778729,1973,"tags=24%, list=13%, signal=21%","4000/7531/1020/5052/7001",0.0799858801499946
"R-HSA-5602498","MyD88 deficiency (TLR2/4)",12,0.355108996871513,0.891387805579964,0.623655913978495,0.777843869496187,0.422151167778729,4144,"tags=33%, list=27%, signal=24%","4615/7099/23643/10333",0.0625237414724762
"R-HSA-425397","Transport of vitamins, nucleosides, and related molecules",26,0.277482978199044,0.880608218747857,0.622186495176849,0.777843869496187,0.422151167778729,1889,"tags=15%, list=12%, signal=14%","293/8884/55343/222962",0.0574877409561325
"R-HSA-500792","GPCR ligand binding",265,-0.183118041293904,-0.959813377605376,0.625730994152047,0.778409451531884,0.42245812027422,4693,"tags=35%, list=30%, signal=25%","2913/5724/27202/59340/89780/59350/5031/29933/151306/6869/2357/5173/2792/846/4283/4142/5741/7476/6753/1394/2790/148/6376/887/2692/8698/5995/7482/2587/84634/1524/7434/2642/2847/1816/3627/51738/64106/680/79948/2859/3827/7471/6354/2918/2834/6870/2015/80834/6865/11211/3354/4988/5029/2778/3577/6352/2846/27334/796/10663/5443/9718/57486/6344/51083/54361/9170/7475/9283/9034/6608/301/7484/2829/155/8321/2783/3549/10268/9002/2740/7855/1901/7483/885/150/8324/7480/6387/9294/5731/80326/718",0.132147260608774
"R-HSA-912446","Meiotic recombination",65,0.23959653603359,0.901482499263747,0.625920471281296,0.778409451531884,0.42245812027422,3250,"tags=25%, list=21%, signal=20%","5889/94239/63979/85236/6118/3017/672/6119/4683/8334/4439/4361/4292/641/7156/5932",0.0531298054705469
"R-HSA-1630316","Glycosaminoglycan metabolism",127,0.222213854720121,0.934840686635821,0.626865671641791,0.778899876714844,0.422724283667432,2863,"tags=20%, list=18%, signal=17%","9469/375790/1514/2990/138050/2720/9672/9060/2239/960/10082/126792/1464/8702/9334/2683/4166/3423/3425/3074/10855/284129/113189/9955/9953/57214",0.0492917662312669
"R-HSA-373080","Class B/2 (Secretin family receptors)",76,0.235473265609389,0.905940831285971,0.631736526946108,0.783301035968635,0.425112879363084,1099,"tags=13%, list=7%, signal=12%","7474/976/133/8323/79924/1604/2791/7433/90226/55970",0.053457214108991
"R-HSA-5357905","Regulation of TNFR1 signaling",46,-0.23442645253836,-0.904122675102068,0.631868131868132,0.783301035968635,0.425112879363084,2267,"tags=20%, list=15%, signal=17%","1147/29110/220213/90268/7321/7322/27005/10273/56957",0.0835990603684159
"R-HSA-73856","RNA Polymerase II Transcription Termination",29,0.276448682683788,0.888004999268017,0.633070866141732,0.783301035968635,0.425112879363084,5173,"tags=38%, list=33%, signal=25%","6637/25888/22916/7884/53981/1477/134353/6635/10914/11051/84967",0.0557104226766671
"R-HSA-75067","Processing of Capped Intronless Pre-mRNA",29,0.276448682683788,0.888004999268017,0.633070866141732,0.783301035968635,0.425112879363084,5173,"tags=38%, list=33%, signal=25%","6637/25888/22916/7884/53981/1477/134353/6635/10914/11051/84967",0.0557104226766671
"R-HSA-1810476","RIP-mediated NFkB activation via ZBP1",17,-0.300912477411143,-0.884757094504191,0.633177570093458,0.783301035968635,0.425112879363084,3087,"tags=35%, list=20%, signal=28%","81030/11035/4792/1147/4791/4790",0.0749278818393739
"R-HSA-9607240","FLT3 Signaling",36,-0.252143564893355,-0.893903165191013,0.635057471264368,0.784497107077752,0.425762010680128,4171,"tags=31%, list=27%, signal=22%","6654/3932/1027/8835/6503/9306/3265/2534/6776/5295/5290",0.0857844408075645
"R-HSA-69231","Cyclin D associated events in G1",47,0.255090096182814,0.88946893897126,0.635820895522388,0.784497107077752,0.425762010680128,2315,"tags=15%, list=15%, signal=13%","894/1026/1021/6233/1163/1870/595",0.0530212512043078
"R-HSA-69236","G1 Phase",47,0.255090096182814,0.88946893897126,0.635820895522388,0.784497107077752,0.425762010680128,2315,"tags=15%, list=15%, signal=13%","894/1026/1021/6233/1163/1870/595",0.0530212512043078
"R-HSA-8982491","Glycogen metabolism",27,-0.260457557174661,-0.884123558748193,0.636363636363636,0.784497107077752,0.425762010680128,2815,"tags=26%, list=18%, signal=21%","5837/801/7360/178/2548/5255/5236",0.0787113806986485
"R-HSA-9020591","Interleukin-12 signaling",41,0.256356600145246,0.89562086929672,0.639741518578352,0.786321483201291,0.426752135486946,2112,"tags=17%, list=14%, signal=15%","5478/302/7297/5062/5908/4001/5055",0.0564118388217596
"R-HSA-977606","Regulation of Complement cascade",27,0.28519561922422,0.894712535425325,0.638613861386139,0.786321483201291,0.426752135486946,1594,"tags=19%, list=10%, signal=17%","966/4179/1604/1191/3075",0.0574877409561325
"R-HSA-2022928","HS-GAG biosynthesis",31,0.271222762391339,0.879322278549469,0.640067911714771,0.786321483201291,0.426752135486946,3990,"tags=29%, list=26%, signal=22%","375790/9672/2239/10082/9955/9953/222537/2137/6382",0.0587185879555941
"R-HSA-937041","IKK complex recruitment mediated by RIP1",22,-0.268269417644742,-0.870692388572609,0.639013452914798,0.786321483201291,0.426752135486946,2821,"tags=32%, list=18%, signal=26%","7323/7334/11035/1147/929/7321/7322",0.0723570851036907
"R-HSA-8963898","Plasma lipoprotein assembly",14,-0.305072867418934,-0.854264057248141,0.641025641025641,0.786814458689459,0.427019682980958,2975,"tags=29%, list=19%, signal=23%","4547/5034/338/5568",0.0741758965588009
"R-HSA-6806667","Metabolism of fat-soluble vitamins",38,0.261020039770968,0.880915305502386,0.641935483870968,0.787247852726408,0.427254894449456,1583,"tags=18%, list=10%, signal=17%","375790/9672/2239/154807/10082/4023/3949",0.0561766586307176
"R-HSA-5655332","Signaling by FGFR3 in disease",17,-0.299063161624895,-0.879319648785959,0.642523364485981,0.787285994266185,0.427275594613318,4922,"tags=47%, list=32%, signal=32%","10818/2549/8817/6654/2249/3265/5295/5290",0.0741758965588009
"R-HSA-9753281","Paracetamol ADME",20,-0.27389791718018,-0.867009815637592,0.64390243902439,0.787610768841252,0.427451856163362,4564,"tags=45%, list=29%, signal=32%","9429/1571/124975/2944/10/6783/54578/2950/10057",0.0762797180809272
"R-HSA-9603798","Class I peroxisomal membrane protein import",20,-0.273845089939299,-0.866842593714737,0.64390243902439,0.787610768841252,0.427451856163362,2204,"tags=25%, list=14%, signal=21%","5195/5825/10478/51024/225",0.0762797180809272
"R-HSA-8963889","Assembly of active LPL and LIPC lipase complexes",15,-0.294184519290128,-0.860366921891376,0.64578313253012,0.789228478303881,0.428329818908273,4287,"tags=53%, list=28%, signal=39%","338328/5045/27329/3990/116519/8720/64788/63924",0.0755015292281669
"R-HSA-69206","G1/S Transition",120,-0.198175602206588,-0.919064111300562,0.648387096774194,0.789403768921841,0.42842495257452,2057,"tags=18%, list=13%, signal=16%","5690/10213/5719/5685/5684/5518/5718/11047/8454/7979/4175/5694/5717/4149/5689/5519/5701/5686/5709/5691/5707/5515",0.0911073131586733
"R-HSA-5083635","Defective B3GALTL causes PpS",37,-0.248177036690533,-0.895464675433396,0.647849462365591,0.789403768921841,0.42842495257452,294,"tags=11%, list=2%, signal=11%","56999/9507/221981/54507",0.0810802057550866
"R-HSA-6804115","TP53 regulates transcription of additional cell cycle genes whose exact role in the p53 pathway remain uncertain",21,-0.273701413992384,-0.883561734332699,0.647208121827411,0.789403768921841,0.42842495257452,1169,"tags=24%, list=8%, signal=22%","9337/25904/23019/246175/57472",0.0780892306943345
"R-HSA-8849932","Synaptic adhesion-like molecules",19,-0.278784369078319,-0.872532818496339,0.648717948717949,0.789403768921841,0.42842495257452,3201,"tags=42%, list=21%, signal=33%","10313/2906/2903/2902/2319/1741/78999/5802",0.0785029047348687
"R-HSA-392517","Rap1 signalling",16,0.312932591620741,0.872213250084697,0.64808362369338,0.789403768921841,0.42842495257452,2745,"tags=25%, list=18%, signal=21%","23108/5908/7529/5592",0.0593487680335629
"R-HSA-211000","Gene Silencing by RNA",81,-0.213115553592145,-0.921112125168351,0.649390243902439,0.7895423945641,0.428500187437272,4255,"tags=35%, list=27%, signal=25%","8337/8294/57690/8359/3021/5440/8355/333932/5438/3020/8362/8348/5435/8344/5430/8368/5431/8363/6895/8341/653604/27327/29102/8331/8338/26523/27161/23112",0.0878312634480124
"R-HSA-9970672","FXIIa activates plasma kallikrein-kinin system",47,-0.231182106707522,-0.880773923495351,0.650602409638554,0.790336604148553,0.428931220600463,4350,"tags=40%, list=28%, signal=29%","3273/8337/8294/8359/3021/8355/333932/3827/3020/3015/8362/8348/8344/8368/8363/8341/653604/8331/8338",0.0870515867946735
"R-HSA-9938206","Developmental Lineage of Mammary Stem Cells",14,0.321811749480183,0.865219635416928,0.652705061082024,0.792210262978526,0.429948092101429,3352,"tags=43%, list=22%, signal=34%","960/7020/220/3688/4072/7022",0.0590954798717342
"R-HSA-9937848","CHD chromatin remodelers",131,-0.195030410096948,-0.920752109259463,0.653979238754325,0.792396438387846,0.430049133158045,3374,"tags=28%, list=22%, signal=22%","333932/7329/3020/10285/8362/6749/10992/8348/57592/57459/8344/23394/9219/8368/3065/8363/9646/10320/1107/8341/1108/1665/653604/8099/23613/23451/22827/4780/8331/6938/8338/10263/5931/8932/2033/1499/6925",0.0946646223153342
"R-HSA-189445","Metabolism of porphyrins",20,-0.272828363723874,-0.863624199001608,0.653658536585366,0.792396438387846,0.430049133158045,3159,"tags=30%, list=20%, signal=24%","212/11309/3145/3162/645/2235",0.0755015292281669
"R-HSA-5683826","Surfactant metabolism",20,0.297154572302111,0.865475456854981,0.655405405405405,0.79344455757127,0.430617968054873,2207,"tags=30%, list=14%, signal=26%","29080/7270/10970/1512/51201/136",0.0573667426768556
"R-HSA-453274","Mitotic G2-G2/M phases",191,0.212166666257457,0.932935869150983,0.656675749318801,0.793623512424602,0.43071509037373,2264,"tags=18%, list=15%, signal=15%","1026/5116/22974/55355/51512/1063/4605/653784/22995/55835/2305/3320/22822/55755/22994/55142/55320/93323/22981/10142/9738/6790/23354/54801/6233/8481/84131/994/9662/10806/91750/85378/995/80028",0.0473534245254193
"R-HSA-1482801","Acyl chain remodelling of PS",16,-0.290198253141567,-0.868419178555621,0.656542056074766,0.793623512424602,0.43071509037373,2110,"tags=31%, list=14%, signal=27%","283748/10162/123745/11145/5321",0.0730744399126987
"R-HSA-9634597","GPER1 signaling",42,-0.236181267898197,-0.896218449402902,0.658536585365854,0.793836940926954,0.430830922219989,2647,"tags=24%, list=17%, signal=20%","2778/111/5568/2771/2773/2783/196883/6714/112/5577",0.0806388495950661
"R-HSA-1250196","SHC1 events in ERBB2 signaling",22,0.291648661509451,0.879779576264911,0.658273381294964,0.793836940926954,0.430830922219989,2029,"tags=14%, list=13%, signal=12%","1956/5578/6464",0.0601186142531851
"R-HSA-450321","JNK (c-Jun kinases) phosphorylation and  activation mediated by activated human TAK1",22,0.291601927423742,0.879638599468003,0.658273381294964,0.793836940926954,0.430830922219989,1754,"tags=14%, list=11%, signal=12%","3654/6233/10392",0.0601186142531851
"R-HSA-168643","Nucleotide-binding domain, leucine rich repeat containing receptor (NLR) signaling pathways",54,0.246700932395653,0.890463688993978,0.660883280757098,0.795987188237254,0.431997903729587,2235,"tags=19%, list=14%, signal=16%","3654/837/22861/835/24145/6233/10392/6300/7295/598",0.05378728077603
"R-HSA-1227986","Signaling by ERBB2",50,-0.232736565949569,-0.887227629582341,0.664739884393064,0.799950805558972,0.43414903681247,2079,"tags=18%, list=13%, signal=16%","3084/3265/5580/2534/55914/6714/5295/5290/10273",0.0835990603684159
"R-HSA-110314","Recognition of DNA damage by PCNA-containing replication complex",30,0.261663337440024,0.862986734068067,0.668253968253968,0.801451324097634,0.434963397737858,3125,"tags=30%, list=20%, signal=24%","5425/6118/6233/54107/6119/5984/5982/5426/56852",0.0535669384770951
"R-HSA-445095","Interaction between L1 and Ankyrins",31,0.265273313627302,0.860033768996729,0.66723259762309,0.801451324097634,0.434963397737858,825,"tags=10%, list=5%, signal=9%","3897/51332/286",0.0567672387487446
"R-HSA-9665348","Signaling by ERBB2 ECD mutants",16,-0.284866788836873,-0.85246475497843,0.668224299065421,0.801451324097634,0.434963397737858,1790,"tags=25%, list=11%, signal=22%","3265/55914/5295/5290",0.0721797965581253
"R-HSA-1482925","Acyl chain remodelling of PG",11,0.33979057063713,0.841907855853706,0.667826086956522,0.801451324097634,0.434963397737858,1581,"tags=27%, list=10%, signal=25%","22925/79888/81579",0.0578529757032509
"R-HSA-674695","RNA Polymerase II Pre-transcription Events",78,-0.212755822804401,-0.909890564532621,0.669616519174041,0.802404879756012,0.435480911149627,2692,"tags=24%, list=17%, signal=20%","9150/5435/5430/902/27125/6877/5431/2965/9646/6923/1025/904/6881/2959/6873/404672/6872/138474/4300",0.0843144320642653
"R-HSA-196854","Metabolism of vitamins and cofactors",179,0.204834107767202,0.916799761688875,0.673656618610747,0.806549461433701,0.437730257147974,1583,"tags=13%, list=10%, signal=12%","4907/375790/79581/51117/1719/143/3320/9672/6515/3141/51293/8884/4548/55739/2239/8566/154807/10082/55191/4023/93100/54625/5826/3949",0.0444181153081573
"R-HSA-1963640","GRB2 events in ERBB2 signaling",16,0.305400460363286,0.851219512583264,0.674216027874564,0.806549461433701,0.437730257147974,196,"tags=6%, list=1%, signal=6%","1956",0.0574877409561325
"R-HSA-9843970","Regulation of endogenous retroelements by the Human Silencing Hub (HUSH) complex",51,-0.222360391075586,-0.884369451076829,0.675603217158177,0.807525738851786,0.438260102105662,4255,"tags=35%, list=27%, signal=26%","8337/8294/8359/3021/8355/333932/3020/8362/8348/8344/8368/8363/8341/653604/9869/8331/8338/10919",0.0787113806986485
"R-HSA-9683701","Translation of Structural Proteins",29,0.265326496109471,0.852278450727785,0.678740157480315,0.810590019153011,0.439923147298011,3207,"tags=28%, list=21%, signal=22%","143/5589/54625/6233/56965/6480/6482/256435",0.0524827622635459
"R-HSA-9843940","Regulation of endogenous retroelements by KRAB-ZFP proteins",88,0.226713013500408,0.880409941775139,0.680473372781065,0.810618709045271,0.439938717866856,3028,"tags=24%, list=19%, signal=19%","57693/94239/85236/53615/9422/3017/7581/65251/91661/197320/147686/25799/7576/8334/55422/54815/10155/340252/162967/6940/7767",0.0494904866135495
"R-HSA-75893","TNF signaling",55,-0.220883910731866,-0.87654804615149,0.680672268907563,0.810618709045271,0.439938717866856,2821,"tags=22%, list=18%, signal=18%","7323/23118/1147/29110/6868/220213/90268/7321/7322/27005/10273/56957",0.0806388495950661
"R-HSA-425410","Metal ion SLC transporters",42,0.250424309398686,0.869171556648692,0.682464454976303,0.810618709045271,0.439938717866856,1475,"tags=17%, list=9%, signal=15%","9187/6546/23516/7779/64116/55630/84679",0.0523759084097997
"R-HSA-6806003","Regulation of TP53 Expression and Degradation",36,-0.244861279419272,-0.868085897009449,0.683908045977011,0.810618709045271,0.439938717866856,733,"tags=11%, list=5%, signal=11%","253260/5519/900/5515",0.0817515582532145
"R-HSA-9665686","Signaling by ERBB2 TMD/JMD mutants",22,0.285728427511529,0.861920756234249,0.681654676258993,0.810618709045271,0.439938717866856,627,"tags=9%, list=4%, signal=9%","1956/3320",0.0584693210386381
"R-HSA-399719","Trafficking of AMPA receptors",29,-0.251514803145935,-0.85874393625825,0.683923705722071,0.810618709045271,0.439938717866856,4494,"tags=45%, list=29%, signal=32%","815/5582/10368/1175/5579/10369/160/818/9463/2891/817/161/2036",0.0789209638180035
"R-HSA-399721","Glutamate binding, activation of AMPA receptors and synaptic plasticity",29,-0.251514803145935,-0.85874393625825,0.683923705722071,0.810618709045271,0.439938717866856,4494,"tags=45%, list=29%, signal=32%","815/5582/10368/1175/5579/10369/160/818/9463/2891/817/161/2036",0.0789209638180035
"R-HSA-9013422","RHOBTB1 GTPase cycle",23,-0.266753683448045,-0.858026086096815,0.681462140992167,0.810618709045271,0.439938717866856,1598,"tags=17%, list=10%, signal=16%","8452/7431/9352/51138",0.0768736734126542
"R-HSA-2142845","Hyaluronan metabolism",17,0.298413621586712,0.843389239902306,0.681184668989547,0.810618709045271,0.439938717866856,2863,"tags=24%, list=18%, signal=19%","2990/960/3074/57214",0.0570059526582387
"R-HSA-373755","Semaphorin interactions",62,0.232330637657763,0.877372383407909,0.691603053435115,0.819034101806744,0.444505917045109,3289,"tags=26%, list=21%, signal=20%","3984/1400/5879/56896/3320/1808/5062/8829/5365/10570/5364/8482/3688/388/9037/10154",0.0501934252649434
"R-HSA-71403","Citric acid cycle (TCA cycle)",34,-0.238932634689947,-0.853198565510952,0.693150684931507,0.820179973634436,0.445127804224728,2433,"tags=24%, list=16%, signal=20%","3418/1738/3419/6390/4191/50/38/23530",0.0785029047348687
"R-HSA-9854311","Maturation of TCA enzymes and regulation of TCA cycle",20,0.288161142597007,0.839281706503379,0.694256756756757,0.82080188466058,0.445465327571298,4930,"tags=55%, list=32%, signal=38%","57128/81689/6391/54949/2395/6392/644096/122961/135154/23410/57001",0.0546808488785442
"R-HSA-5676594","TNF receptor superfamily (TNFSF) members mediating non-canonical NF-kB pathway",14,0.309055394247291,0.830923034868067,0.696335078534031,0.822571262361838,0.446425603652553,4648,"tags=36%, list=30%, signal=25%","51330/958/7187/9020/115650",0.0560595875032335
"R-HSA-416476","G alpha (q) signalling events",151,-0.190408652024862,-0.92457612882833,0.698245614035088,0.823877621595232,0.447134590503954,4004,"tags=29%, list=26%, signal=22%","139189/2790/148/887/84634/2642/2847/156/51738/64106/680/3827/5598/6870/7204/6865/353299/5029/6197/5332/2846/23236/27334/115557/4314/3265/9170/5580/301/5331/2829/2783/26090/9002/26575/6004/885/5295/3710/5290/5731/5595/8997/3708",0.0916795246008379
"R-HSA-9933947","Formation of the non-canonical BAF (ncBAF) complex",17,0.293951312490558,0.83077767258576,0.698606271777004,0.823877621595232,0.447134590503954,3033,"tags=24%, list=19%, signal=19%","65980/9275/26039/605",0.055826471778749
"R-HSA-5334118","DNA methylation",45,0.241355054048546,0.847799863501021,0.702194357366771,0.827100474813402,0.44888369633738,2298,"tags=16%, list=15%, signal=13%","29128/94239/1789/85236/3017/1788/8334",0.0507027937029348
"R-HSA-75892","Platelet Adhesion to exposed collagen",12,0.329632980170372,0.827438396181124,0.702508960573477,0.827100474813402,0.44888369633738,3147,"tags=33%, list=20%, signal=27%","3673/3688/1277/11093",0.0568864160475701
"R-HSA-9694635","Translation of Structural Proteins",61,-0.213808554096269,-0.884994614067868,0.705093833780161,0.827952636372837,0.44934618117728,1504,"tags=15%, list=10%, signal=13%","6732/55741/6484/25921/2931/3703/6483/746/79668",0.0764767053228531
"R-HSA-2559585","Oncogene Induced Senescence",33,-0.247304676194079,-0.875208272254067,0.705128205128205,0.827952636372837,0.44934618117728,559,"tags=9%, list=4%, signal=9%","26523/23112/5595",0.0741758965588009
"R-HSA-392170","ADP signalling through P2Y purinoceptor 12",18,0.302006305336624,0.851903611575002,0.704472843450479,0.827952636372837,0.44934618117728,1099,"tags=17%, list=7%, signal=16%","2791/2770/55970",0.0514264916187015
"R-HSA-196757","Metabolism of folate and pterines",16,0.297733813363701,0.829850849568243,0.705574912891986,0.827952636372837,0.44934618117728,4641,"tags=44%, list=30%, signal=31%","1719/2356/4522/10797/6573/25902/160428",0.0553642837725362
"R-HSA-1852241","Organelle biogenesis and maintenance",293,-0.180007950357379,-0.932979483575088,0.710900473933649,0.833510174247247,0.452362366295736,3046,"tags=24%, list=20%, signal=20%","3313/140735/1258/26160/22948/7280/25813/11336/125988/6950/5469/506/83658/801/79969/90410/3418/5048/23322/4867/5108/51098/9572/8834/80173/6907/10651/3797/146057/5518/10989/516/10476/28981/5311/7531/6608/10540/64792/80776/4209/4218/5571/53632/5147/60412/8841/56912/51626/55763/11127/27077/50807/10121/9611/10499/4899/498/1386/10382/84833/509/518/347688/55902/22920/2747/403/10632/5577/7277",0.108820126769161
"R-HSA-5218920","VEGFR2 mediated vascular permeability",28,0.261285735224938,0.833730878486878,0.712418300653595,0.834597744096258,0.452952611844754,2716,"tags=29%, list=17%, signal=24%","5879/3320/117145/5062/57761/55615/7410/3728",0.0519512476197082
"R-HSA-5693606","DNA Double Strand Break Response",66,0.22542394329233,0.853725910245778,0.721875,0.842882947976879,0.457449154956618,1634,"tags=17%, list=10%, signal=15%","9656/165918/2139/85236/8314/7158/7468/3838/6233/3017/672",0.0492917662312669
"R-HSA-111933","Calmodulin induced events",36,-0.23993442890025,-0.850619152318822,0.721264367816092,0.842882947976879,0.457449154956618,3526,"tags=36%, list=23%, signal=28%","156/108/26960/5573/801/111/5568/818/5580/196883/817/112/5577",0.0789209638180035
"R-HSA-111997","CaM pathway",36,-0.23993442890025,-0.850619152318822,0.721264367816092,0.842882947976879,0.457449154956618,3526,"tags=36%, list=23%, signal=28%","156/108/26960/5573/801/111/5568/818/5580/196883/817/112/5577",0.0789209638180035
"R-HSA-447115","Interleukin-12 family signaling",48,0.240586383436674,0.850032507833174,0.721362229102167,0.842882947976879,0.457449154956618,2112,"tags=17%, list=14%, signal=14%","5478/302/7297/5062/5908/9466/4001/5055",0.0488970772260102
"R-HSA-112310","Neurotransmitter release cycle",46,-0.222684049644486,-0.858835240166378,0.725274725274725,0.846153846153846,0.459224335734203,4421,"tags=41%, list=28%, signal=30%","6582/6506/6507/6853/8499/140679/8573/10815/6511/8497/6844/9256/55327/1103/6539/5864/27163/6812/4128",0.0762797180809272
"R-HSA-3134975","Regulation of innate immune responses to cytosolic DNA",14,0.302205446873177,0.812506339457692,0.726003490401396,0.846305800022732,0.459306804087705,3530,"tags=36%, list=23%, signal=28%","6233/81844/3661/340061/6737",0.0541200569620232
"R-HSA-9013409","RHOJ GTPase cycle",54,-0.221377566994922,-0.866250956271477,0.728260869565217,0.846842820366133,0.459598255590992,1457,"tags=19%, list=9%, signal=17%","5058/144402/23048/7879/11060/81704/91010/5295/54874/55004",0.0755015292281669
"R-HSA-418597","G alpha (z) signalling events",44,-0.225976232191283,-0.85440793788858,0.728,0.846842820366133,0.459598255590992,1766,"tags=20%, list=11%, signal=18%","2771/2773/5580/2783/196883/26575/6004/150/112",0.0745500777420554
"R-HSA-6782135","Dual incision in TC-NER",62,0.225401772033052,0.851206246178859,0.72824427480916,0.846842820366133,0.459598255590992,2364,"tags=19%, list=15%, signal=16%","5425/6118/2068/6233/2067/2073/54107/6119/5984/57461/5439/5982",0.0478299633114229
"R-HSA-109606","Intrinsic Pathway for Apoptosis",54,0.23378783364512,0.843854033172729,0.730283911671924,0.848497494744537,0.460496279922776,3436,"tags=24%, list=22%, signal=19%","54205/55075/1687/840/7161/22900/637/598/7529/90427/5366/572/57099",0.0491927521045191
"R-HSA-9734009","Defective Intrinsic Pathway for Apoptosis",24,-0.25490848631405,-0.827612471770032,0.731829573934837,0.849595252499064,0.461092054648509,1973,"tags=21%, list=13%, signal=18%","4000/7531/1020/5052/7001",0.0711327399327894
"R-HSA-9932444","ATP-dependent chromatin remodelers",162,-0.188393974145321,-0.90602120164758,0.732600732600733,0.849792810416272,0.461199273216044,3374,"tags=27%, list=22%, signal=21%","333932/7329/6604/3020/10285/8362/6599/6749/10992/8348/57592/57459/8344/23394/9219/8368/3065/8363/9646/55193/10320/1107/8341/1108/1665/653604/8099/23613/23451/55274/22827/4780/8331/6938/8338/10263/6601/5931/8932/2033/1499/6925/196528",0.0913924325943768
"R-HSA-9682385","FLT3 signaling in disease",26,-0.242757000184805,-0.811010451668541,0.734210526315789,0.850962036238136,0.461833835067662,1790,"tags=19%, list=11%, signal=17%","3265/399687/6776/5295/5290",0.0734381410838857
"R-HSA-163359","Glucagon signaling in metabolic regulation",31,-0.240591073423922,-0.845352918129109,0.736077481840194,0.852317272763562,0.462569348586841,3620,"tags=32%, list=23%, signal=25%","2642/108/5573/2778/111/5568/2783/196883/112/5577",0.069119845655101
"R-HSA-9008059","Interleukin-37 signaling",20,-0.255960606308615,-0.810230177618076,0.736585365853659,0.852317272763562,0.462569348586841,2681,"tags=30%, list=17%, signal=25%","5778/29110/84867/25930/6774/5777",0.0694481442003175
"R-HSA-1483166","Synthesis of PA",31,0.252566724778375,0.818838160778903,0.738539898132428,0.853880143875105,0.463417549479975,2722,"tags=23%, list=17%, signal=19%","22925/79888/81579/10555/374986/137964/55326",0.0520570030732099
"R-HSA-8853659","RET signaling",37,-0.234517390971437,-0.846178366016953,0.741935483870968,0.855966259499463,0.464549725462174,3137,"tags=27%, list=20%, signal=22%","5598/1796/220164/5291/5568/2668/2675/6714/5295/5290",0.0739901439101341
"R-HSA-6803204","TP53 Regulates Transcription of Genes Involved in Cytochrome C Release",19,-0.258342960332851,-0.808555773995295,0.741025641025641,0.855966259499463,0.464549725462174,345,"tags=11%, list=2%, signal=10%","8626/27166",0.0716527366829457
"R-HSA-196741","Cobalamin (Cbl, vitamin B12) transport and metabolism",17,0.283254467200976,0.800545794529511,0.742160278745645,0.855966259499463,0.464549725462174,1579,"tags=18%, list=10%, signal=16%","51293/4548/5826",0.0530212512043078
"R-HSA-9664565","Signaling by ERBB2 KD Mutants",25,-0.245326012430192,-0.807979194224009,0.7475,0.860720684039088,0.467130045177001,2079,"tags=20%, list=13%, signal=17%","3084/3265/55914/5295/5290",0.0699458736501659
"R-HSA-111447","Activation of BAD and translocation to mitochondria",15,-0.272760770519283,-0.797711399330831,0.746987951807229,0.860720684039088,0.467130045177001,1632,"tags=20%, list=10%, signal=18%","7533/7531/596",0.0681513438679483
"R-HSA-9943411","CHD1 and CHD2 subfamily",80,-0.200090796760761,-0.86694481922906,0.754601226993865,0.866836124401914,0.470449014949586,4255,"tags=35%, list=27%, signal=26%","8337/8294/8359/23450/3021/84844/1105/8355/333932/3020/10285/8362/6749/10992/8348/8344/8368/8363/9646/8341/1665/653604/23451/22827/8331/6938/8338/6925",0.0799858801499946
"R-HSA-1614635","Sulfur amino acid metabolism",24,-0.250237740496834,-0.812447941366627,0.754385964912281,0.866836124401914,0.470449014949586,4173,"tags=38%, list=27%, signal=27%","7263/635/23474/2805/1468/2806/58472/51380/25828",0.0696133438850965
"R-HSA-5602358","Diseases associated with the TLR signaling cascade",26,-0.236988337378653,-0.791738316058117,0.755263157894737,0.866836124401914,0.470449014949586,2395,"tags=23%, list=15%, signal=20%","4792/1147/929/4791/81622/4790",0.072003313661988
"R-HSA-1227990","Signaling by ERBB2 in Cancer",26,-0.236359950758254,-0.78963898167664,0.755263157894737,0.866836124401914,0.470449014949586,2079,"tags=19%, list=13%, signal=17%","3084/3265/55914/5295/5290",0.072003313661988
"R-HSA-9694548","Maturation of spike protein",41,-0.224449457217076,-0.845159704964362,0.759791122715405,0.871325748191064,0.472885622088631,4344,"tags=39%, list=28%, signal=28%","6185/29801/51114/6487/100128731/1650/11282/2530/201595/25834/55741/6484/25921/3703/6483/746",0.0713052987340038
"R-HSA-8964315","G beta:gamma signalling through BTK",16,0.280475241421497,0.781747342523591,0.763066202090592,0.874372455231846,0.474539129926879,4714,"tags=38%, list=30%, signal=26%","2791/55970/54331/2788/2787/59345",0.0517405459873163
"R-HSA-1362300","Transcription of E2F targets under negative control by p107 (RBL1) and p130 (RBL2) in complex with HDAC1",16,0.279990830211302,0.780397179941184,0.766550522648084,0.877653796780883,0.476319978527903,2156,"tags=12%, list=14%, signal=11%","4605/91750",0.051530912208539
"R-HSA-73887","Death Receptor Signaling",147,0.200953453932521,0.865327197397663,0.76775956284153,0.877891673403395,0.476449078849856,3816,"tags=27%, list=25%, signal=21%","8795/8793/3654/64857/5879/7132/121512/7074/4615/835/57580/8567/55701/56928/6233/5924/81858/26574/55072/9639/7410/83464/9530/10133/355/26084/8837/84888/23370/8737/23421/572/57449/9181/389337/8767/84894/65078/50649/84904",0.0403295396423143
"R-HSA-975634","Retinoid metabolism and transport",35,0.241185164111047,0.809098430498016,0.768,0.877891673403395,0.476449078849856,2133,"tags=20%, list=14%, signal=17%","375790/9672/2239/10082/4023/3949/51109",0.0475434194201301
"R-HSA-418592","ADP signalling through P2Y purinoceptor 1",23,-0.246673457475586,-0.793437070956018,0.77023498694517,0.879735275880832,0.477449638177107,1221,"tags=13%, list=8%, signal=12%","2783/6714/5321",0.0706196247122591
"R-HSA-5654716","Downstream signaling of activated FGFR4",20,-0.249972494241753,-0.791275115847046,0.773170731707317,0.882375637315695,0.478882614262407,545,"tags=10%, list=3%, signal=10%","5295/5290",0.0670512579829467
"R-HSA-9758274","Regulation of NF-kappa B signaling",18,0.281909896916248,0.795215381526552,0.777955271565495,0.887119962898073,0.481457453074495,5798,"tags=39%, list=37%, signal=24%","6233/121457/11274/7157/84166/3551/9684",0.0468819856878333
"R-HSA-1296072","Voltage gated Potassium channels",36,0.239989272655499,0.81692839574803,0.779816513761468,0.888525826316451,0.482220442804285,2608,"tags=14%, list=17%, signal=12%","3755/56479/3756/23416/3790",0.044774889329693
"R-HSA-9772573","Late SARS-CoV-2 Infection Events",73,-0.205726148343991,-0.869645443004671,0.781155015197568,0.888807847866045,0.482373501446474,4344,"tags=34%, list=28%, signal=25%","6185/29801/51114/57719/196527/6487/5045/100128731/7329/1650/11282/2530/201595/63982/57101/25834/6732/55741/6484/25921/2931/3703/6483/746/79668",0.0776798560117236
"R-HSA-9819196","Zygotic genome activation (ZGA)",10,-0.299090307653179,-0.757006099299198,0.781321184510251,0.888807847866045,0.482373501446474,5239,"tags=60%, list=34%, signal=40%","10413/23318/284355/390245/79670/2033",0.0632191170859458
"R-HSA-427359","SIRT1 negatively regulates rRNA expression",48,-0.211229363745681,-0.832384795589393,0.783707865168539,0.890806206871636,0.483458050185538,4255,"tags=38%, list=27%, signal=27%","8337/8294/8359/6839/3021/8355/333932/9013/3020/8362/8348/8344/8368/8363/8341/653604/8331/8338",0.0734381410838857
"R-HSA-168928","DDX58/IFIH1-mediated induction of interferon-alpha/beta",67,0.220689613746889,0.831971510784132,0.78494623655914,0.891497171481625,0.483833050270311,3193,"tags=21%, list=21%, signal=17%","57506/3320/54476/89122/1387/9140/6233/7706/177/9636/3661/8737/51191/7187",0.0446854397644147
"R-HSA-69306","DNA Replication",164,-0.187050994573073,-0.90492963753913,0.785992217898833,0.891968696716653,0.484088956290028,2057,"tags=18%, list=13%, signal=16%","5690/10213/5719/5685/5684/8341/10393/653604/5718/8881/51433/11047/64682/7321/29882/8454/7979/8331/4175/5694/8338/5717/5689/5701/9978/5686/5709/5691/29945/5707",0.0908241419007155
"R-HSA-1296041","Activation of G protein gated Potassium channels",24,0.259372291673069,0.78766648675229,0.791044776119403,0.892687400983907,0.484479011232423,1113,"tags=12%, list=7%, signal=12%","2791/55970/3772",0.0478299633114229
"R-HSA-1296059","G protein gated Potassium channels",24,0.259372291673069,0.78766648675229,0.791044776119403,0.892687400983907,0.484479011232423,1113,"tags=12%, list=7%, signal=12%","2791/55970/3772",0.0478299633114229
"R-HSA-997272","Inhibition  of voltage gated Ca2+ channels via Gbeta/gamma subunits",24,0.259372291673069,0.78766648675229,0.791044776119403,0.892687400983907,0.484479011232423,1113,"tags=12%, list=7%, signal=12%","2791/55970/3772",0.0478299633114229
"R-HSA-416700","Other semaphorin interactions",17,0.272719311542929,0.770770890570876,0.789198606271777,0.892687400983907,0.484479011232423,3289,"tags=29%, list=21%, signal=23%","5365/8482/3688/9037/10154",0.0501934252649434
"R-HSA-5099900","WNT5A-dependent internalization of FZD4",15,0.288645733938329,0.768533325017097,0.788756388415673,0.892687400983907,0.484479011232423,723,"tags=13%, list=5%, signal=13%","7474/5578",0.0491927521045191
"R-HSA-5637810","Constitutive Signaling by EGFRvIII",15,0.28850935956185,0.768170221597647,0.79045996592845,0.892687400983907,0.484479011232423,627,"tags=13%, list=4%, signal=13%","1956/3320",0.0490939668192139
"R-HSA-5637812","Signaling by EGFRvIII in Cancer",15,0.28850935956185,0.768170221597647,0.79045996592845,0.892687400983907,0.484479011232423,627,"tags=13%, list=4%, signal=13%","1956/3320",0.0490939668192139
"R-HSA-1638074","Keratan sulfate/keratin metabolism",36,0.236919831509614,0.806479955268151,0.792048929663609,0.893107804261836,0.484707172360479,3507,"tags=31%, list=23%, signal=24%","9469/2720/8702/9334/2683/4166/3074/6482/176/2331/9331",0.0440640346597561
"R-HSA-3296482","Defects in vitamin and cofactor metabolism",21,0.261191137865144,0.772910063568634,0.792763157894737,0.893200880687775,0.484757686767603,1579,"tags=19%, list=10%, signal=17%","3141/51293/4548/5826",0.0473534245254193
"R-HSA-9933946","Formation of the embryonic stem cell BAF (esBAF) complex",19,-0.249737874891912,-0.781623778209423,0.794871794871795,0.894863628940062,0.485660092949553,5681,"tags=42%, list=36%, signal=27%","5977/6760/6603/6605/6604/6599/55274/6601",0.0681513438679483
"R-HSA-2022854","Keratan sulfate biosynthesis",28,0.243530511312547,0.777076126869974,0.797385620915033,0.896979529016592,0.486808433539791,3507,"tags=32%, list=23%, signal=25%","9469/8702/9334/2683/4166/6482/176/2331/9331",0.046788296531803
"R-HSA-189483","Heme degradation",8,-0.322670060359279,-0.775748275136419,0.798143851508121,0.897118764731703,0.486883999501079,4564,"tags=62%, list=29%, signal=44%","9429/3163/11309/3162/645",0.0630790410571939
"R-HSA-203615","eNOS activation",15,0.286720669634521,0.76340774754851,0.800681431005111,0.899256190183659,0.488044022335954,2039,"tags=20%, list=13%, signal=17%","3320/6697/23576",0.048505983646947
"R-HSA-1483206","Glycerophospholipid biosynthesis",115,-0.193131158103316,-0.880483453007311,0.802547770700637,0.900016695187612,0.488456763360356,2131,"tags=17%, list=14%, signal=15%","51205/283748/63874/9600/1460/9663/57153/10162/123745/23760/9489/10390/1119/9468/11145/5833/162466/5321/8398/23761",0.0787113806986485
"R-HSA-5579029","Metabolic disorders of biological oxidation enzymes",26,-0.224311745377994,-0.749387946774243,0.802631578947368,0.900016695187612,0.488456763360356,844,"tags=12%, list=5%, signal=11%","2730/26873/4128",0.0689567351672811
"R-HSA-114508","Effects of PIP2 hydrolysis",25,0.254372633178833,0.77406471464388,0.803986710963455,0.900108637610709,0.488506662321832,3918,"tags=36%, list=25%, signal=27%","11343/8525/221955/3709/5583/1609/5588/7222/160851",0.0471642455670861
"R-HSA-264642","Acetylcholine Neurotransmitter Release Cycle",16,-0.251132592702003,-0.751515067723125,0.803738317757009,0.900108637610709,0.488506662321832,3141,"tags=44%, list=20%, signal=35%","10815/8497/6844/9256/1103/5864/6812",0.0630790410571939
"R-HSA-3299685","Detoxification of Reactive Oxygen Species",33,0.242109120541408,0.78537078953437,0.805555555555556,0.900614358434264,0.488781126960053,3219,"tags=33%, list=21%, signal=26%","54205/1535/493869/25824/7295/30001/2936/10587/7296/10935/50507",0.0463227785794633
"R-HSA-167238","Pausing and recovery of Tat-mediated HIV elongation",30,0.228108322143109,0.752319594582675,0.806349206349206,0.900614358434264,0.488781126960053,3085,"tags=23%, list=20%, signal=19%","11198/51497/6921/5439/25920/5433/2963",0.0449543067640062
"R-HSA-167243","Tat-mediated HIV elongation arrest and recovery",30,0.228108322143109,0.752319594582675,0.806349206349206,0.900614358434264,0.488781126960053,3085,"tags=23%, list=20%, signal=19%","11198/51497/6921/5439/25920/5433/2963",0.0449543067640062
"R-HSA-9845323","Regulation of endogenous retroelements by Piwi-interacting RNAs (piRNAs)",78,-0.197143001256264,-0.843119376674504,0.808259587020649,0.901998479512745,0.48953231669432,4255,"tags=36%, list=27%, signal=26%","8337/8294/5928/8359/3021/29947/8355/333932/6604/3020/8362/6599/147646/8348/57459/8344/9219/8368/3065/8363/1107/8341/1108/653604/8331/8338/6601/5931",0.0743625384422526
"R-HSA-9940465","ChAHP complex assembly",43,-0.212974882912495,-0.792026286920517,0.808864265927978,0.901998479512745,0.48953231669432,4255,"tags=37%, list=27%, signal=27%","8337/8294/8359/8355/333932/8362/8348/8344/23394/8368/8363/8341/1108/653604/8331/8338",0.0711327399327894
"R-HSA-8931838","DAG1 glycosylations",18,-0.259366297473201,-0.782247964140497,0.816489361702128,0.909067683028983,0.49336891249031,522,"tags=11%, list=3%, signal=11%","9215/1605",0.0686325631836726
"R-HSA-1461973","Defensins",4,-0.379704560051381,-0.710337576330036,0.816455696202532,0.909067683028983,0.49336891249031,9663,"tags=100%, list=62%, signal=38%","5646/920/7097/7096",0.0574877409561325
"R-HSA-392451","G beta:gamma signalling through PI3Kgamma",23,0.254217336859983,0.760310507765881,0.817447495961228,0.90941837866969,0.493559241912531,4714,"tags=30%, list=30%, signal=21%","2791/55970/5294/54331/2788/2787/59345",0.0451344222209097
"R-HSA-2299718","Condensation of Prophase Chromosomes",53,0.22004126325727,0.800025355730478,0.81859756097561,0.909981879889554,0.49386506510834,1511,"tags=13%, list=10%, signal=12%","94239/23310/79648/6418/85236/54892/3017",0.0424170054438747
"R-HSA-9706369","Negative regulation of FLT3",13,0.28695083718305,0.742862679449296,0.820598006644518,0.911278195488722,0.494568601081894,3924,"tags=31%, list=25%, signal=23%","6233/27/10019/5795",0.0462302524077616
"R-HSA-196071","Metabolism of steroid hormones",26,-0.219658805954971,-0.733843255992188,0.821052631578947,0.911278195488722,0.494568601081894,3375,"tags=42%, list=22%, signal=33%","1585/6716/6770/3284/51144/9256/706/5443/441282/3293/866",0.0678338263479455
"R-HSA-9717207","Sensory perception of sweet, bitter, and umami (glutamate) taste",18,-0.258176848012857,-0.778660588186619,0.824468085106383,0.912204907934605,0.495071546154249,1179,"tags=11%, list=8%, signal=10%","6324/3710",0.0681513438679483
"R-HSA-5669034","TNFs bind their physiological receptors",24,0.248913482971134,0.755904986505951,0.824212271973466,0.912204907934605,0.495071546154249,3395,"tags=29%, list=22%, signal=23%","7132/970/8718/8744/4982/7292/128178",0.0459538081039063
"R-HSA-8875360","InlB-mediated entry of Listeria monocytogenes into host cell",15,0.279170242231473,0.743304366846532,0.82282793867121,0.912204907934605,0.495071546154249,1552,"tags=13%, list=10%, signal=12%","6233/6455",0.0472587336673259
"R-HSA-9037629","Lewis blood group biosynthesis",11,-0.278525840894209,-0.72551379760799,0.824355971896956,0.912204907934605,0.495071546154249,1507,"tags=18%, list=10%, signal=16%","30815/6484",0.0619762736001998
"R-HSA-177929","Signaling by EGFR",52,-0.207823438363781,-0.801364220622125,0.825484764542936,0.912337759584665,0.495143647357862,2042,"tags=17%, list=13%, signal=15%","102/3265/6868/30011/6457/6714/5295/5290/14",0.070113215764256
"R-HSA-9825892","Regulation of MITF-M-dependent genes involved in cell cycle and proliferation",18,0.265556180108657,0.749084588344825,0.825878594249201,0.912337759584665,0.495143647357862,2852,"tags=28%, list=18%, signal=23%","1026/51176/994/595/6909",0.0441523058441465
"R-HSA-5260271","Diseases of Immune System",30,-0.221983938788887,-0.77360454440219,0.833333333333333,0.919854280510018,0.499223011110291,2395,"tags=20%, list=15%, signal=17%","4792/1147/929/4791/81622/4790",0.0681513438679483
"R-HSA-432040","Vasopressin regulates renal water homeostasis via Aquaporins",38,-0.209181703726196,-0.783212442876451,0.835078534031414,0.920343762369773,0.499488662543445,1221,"tags=11%, list=8%, signal=10%","2783/196883/112/5577",0.0667426134241917
"R-HSA-5693565","Recruitment and ATM-mediated phosphorylation of repair and signaling proteins at DNA double strand breaks",65,0.20687538658936,0.778369101766083,0.835051546391753,0.920343762369773,0.499488662543445,1634,"tags=15%, list=10%, signal=14%","9656/165918/2139/85236/8314/7158/7468/6233/3017/672",0.0399218624292714
"R-HSA-389357","CD28 dependent PI3K/Akt signaling",24,-0.230244986087497,-0.747537380194419,0.837092731829574,0.921845111220419,0.500303474095478,1476,"tags=17%, list=9%, signal=15%","2534/253260/5295/5290",0.0645031249656493
"R-HSA-446219","Synthesis of substrates in N-glycan biosythesis",64,-0.196518429204506,-0.813657939650871,0.841614906832298,0.926103874132972,0.502614788495875,4092,"tags=31%, list=26%, signal=23%","4597/129807/6487/55808/84620/51046/54187/197258/29880/29926/5372/5476/54344/30815/6484/6483/3098/2762/5973/51005",0.0749278818393739
"R-HSA-1268020","Mitochondrial protein import",62,0.205239881896617,0.775066974228553,0.844274809160305,0.926147851165766,0.502638655696578,3257,"tags=26%, list=21%, signal=20%","293/51142/51287/79145/90639/29090/7416/26515/54543/134266/54927/388753/6901/131474/2395/10469",0.0410713282497468
"R-HSA-9660821","ADORA2B mediated anti-inflammatory cytokines production",40,-0.20438632052618,-0.766069413378043,0.843520782396088,0.926147851165766,0.502638655696578,2647,"tags=22%, list=17%, signal=19%","2778/111/5568/2771/2773/2783/196883/112/5577",0.0629394692018967
"R-HSA-9930044","Nuclear RNA decay",25,0.245598204897645,0.747363826113682,0.843853820598007,0.926147851165766,0.502638655696578,2749,"tags=16%, list=18%, signal=13%","80335/10200/10438/22916",0.0449543067640062
"R-HSA-5654704","SHC-mediated cascade:FGFR3",13,0.276450263071388,0.715678633928046,0.843853820598007,0.926147851165766,0.502638655696578,2853,"tags=23%, list=18%, signal=19%","2250/6464/2247",0.0449543067640062
"R-HSA-428157","Sphingolipid metabolism",101,0.196676620230489,0.80489657142089,0.8493543758967,0.930997742261964,0.505270786989438,2033,"tags=17%, list=13%, signal=15%","55627/57704/64781/2720/2760/5587/414/10558/10825/25870/79642/55304/5660/412/9334/84002/415",0.0379271467108098
"R-HSA-6781827","Transcription-Coupled Nucleotide Excision Repair (TC-NER)",75,-0.18656524551945,-0.801123988050893,0.855305466237942,0.931742626548883,0.505675050343453,2579,"tags=19%, list=17%, signal=16%","5435/9318/5430/3980/902/5431/2965/50813/27339/10987/9978/404672/51138/1642",0.0758886900606117
"R-HSA-2151201","Transcriptional activation of mitochondrial biogenesis",56,0.211176367085822,0.77519894999905,0.854714064914992,0.931742626548883,0.505675050343453,2008,"tags=18%, list=13%, signal=16%","54205/5442/7019/1387/85441/23408/814/64216/5465/96764",0.0410713282497468
"R-HSA-400508","Incretin synthesis, secretion, and inactivation",17,-0.248383704990425,-0.730309514049338,0.852803738317757,0.931742626548883,0.505675050343453,731,"tags=12%, list=5%, signal=11%","6934/1499",0.0602484086158019
"R-HSA-9931510","Phosphorylated BMAL1:CLOCK (ARNTL:CLOCK) activates expression of core clock genes",23,-0.224160740337357,-0.721023830681938,0.851174934725849,0.931742626548883,0.505675050343453,2916,"tags=30%, list=19%, signal=25%","1628/8553/4297/6097/9572/5187/150094",0.065681360193401
"R-HSA-202427","Phosphorylation of CD3 and TCR zeta chains",13,-0.260271694010849,-0.719838530180128,0.855,0.931742626548883,0.505675050343453,1791,"tags=15%, list=11%, signal=14%","26191/3127",0.0633597010643758
"R-HSA-2691230","Signaling by NOTCH1 HD Domain Mutants in Cancer",15,0.269755194949253,0.718236344900488,0.855195911413969,0.931742626548883,0.505675050343453,3883,"tags=27%, list=25%, signal=20%","182/6233/3714/28514",0.0454967810085007
"R-HSA-2691232","Constitutive Signaling by NOTCH1 HD Domain Mutants",15,0.269755194949253,0.718236344900488,0.855195911413969,0.931742626548883,0.505675050343453,3883,"tags=27%, list=25%, signal=20%","182/6233/3714/28514",0.0454967810085007
"R-HSA-392851","Prostacyclin signalling through prostacyclin receptor",17,0.252330410009944,0.713146911896865,0.853658536585366,0.931742626548883,0.505675050343453,4714,"tags=35%, list=30%, signal=25%","2791/55970/54331/2788/2787/59345",0.0466015072985992
"R-HSA-6803529","FGFR2 alternative splicing",26,0.233451281734926,0.740871093092894,0.856913183279743,0.932775397349928,0.50623555537127,3110,"tags=27%, list=20%, signal=22%","3178/5439/54845/22916/5433/2963/23543",0.0427591434738678
"R-HSA-68616","Assembly of the ORC complex at the origin of replication",49,-0.199843938214535,-0.772087313395124,0.861495844875346,0.934168040378635,0.506991370135547,4763,"tags=41%, list=31%, signal=28%","5000/8340/23633/8337/8294/8359/3021/3837/8355/333932/3020/8362/8348/8344/8368/8363/8341/653604/8331/8338",0.0679922591544058
"R-HSA-379724","tRNA Aminoacylation",42,0.215207396472171,0.746940855075832,0.860979462875197,0.934168040378635,0.506991370135547,5182,"tags=40%, list=33%, signal=27%","79587/55157/7453/23395/57176/57038/57505/5859/4141/79731/5464/55699/8565/7407/124454/23438/10056",0.0417397034728504
"R-HSA-167044","Signalling to RAS",20,0.249651060834679,0.727119439072785,0.861486486486487,0.934168040378635,0.506991370135547,2356,"tags=20%, list=15%, signal=17%","25759/6300/6464/53358",0.044774889329693
"R-HSA-167242","Abortive elongation of HIV-1 transcript in the absence of Tat",23,0.242785196597405,0.726119384236494,0.859450726978998,0.934168040378635,0.506991370135547,4819,"tags=39%, list=31%, signal=27%","51497/5439/25920/22916/5433/2963/5441/7936/7469",0.042845050912155
"R-HSA-549127","SLC-mediated transport of organic cations",13,0.27187896352324,0.703844384325434,0.86046511627907,0.934168040378635,0.506991370135547,6407,"tags=62%, list=41%, signal=36%","6563/861/115286/5002/55244/6580/55356/85413",0.0440640346597561
"R-HSA-9616222","Transcriptional regulation of granulopoiesis",69,0.206683729799751,0.781758819295775,0.863436123348018,0.934473564061884,0.507157183847946,2298,"tags=16%, list=15%, signal=14%","1026/5371/94239/2313/85236/51176/3017/2624/861/6886/8334",0.0382416816260774
"R-HSA-9821002","Chromatin modifications during the maternal to zygotic transition (MZT)",49,0.211547113385256,0.754611644620446,0.862714508580343,0.934473564061884,0.507157183847946,1511,"tags=10%, list=10%, signal=9%","29128/7374/94239/85236/3017",0.0410713282497468
"R-HSA-9958790","SLC-mediated transport of inorganic anions",29,-0.215609906060768,-0.736154282415993,0.863760217983651,0.934473564061884,0.507157183847946,5045,"tags=41%, list=32%, signal=28%","115019/57282/6521/6557/6559/6508/9498/9497/9990/6569/57468/6558",0.0670512579829467
"R-HSA-196849","Metabolism of water-soluble vitamins and cofactors",116,0.191723957892579,0.805634251383625,0.866197183098592,0.936393590903217,0.508199220180713,1579,"tags=13%, list=10%, signal=12%","4907/79581/1719/143/6515/3141/51293/8884/4548/55739/8566/55191/93100/54625/5826",0.0361491929398957
"R-HSA-202131","Metabolism of nitric oxide: NOS3 activation and regulation",19,0.241344914727959,0.693389897946499,0.869281045751634,0.939009471881444,0.509618910240678,3654,"tags=26%, list=23%, signal=20%","3320/6697/23576/51070/10434",0.042845050912155
"R-HSA-8963899","Plasma lipoprotein remodeling",25,-0.220639860340513,-0.726675556357292,0.87,0.939068702290076,0.509651055748475,4287,"tags=48%, list=28%, signal=35%","338328/5045/27329/3990/116519/8720/4547/5034/338/4018/64788/63924",0.0625237414724762
"R-HSA-5250941","Negative epigenetic regulation of rRNA expression",88,-0.186918656898019,-0.812246498042861,0.871165644171779,0.939609626894657,0.5099446261711,4255,"tags=34%, list=27%, signal=25%","8337/8294/8359/6839/3021/5440/8355/8467/7343/333932/9013/3020/8362/8348/5435/8344/902/9533/79685/8368/3065/8363/2965/8341/653604/8331/51082/8338/404672/8932",0.0725351864394589
"R-HSA-6814122","Cooperation of PDCL (PhLP1) and TRiC/CCT in G-protein beta folding",36,-0.211050593814525,-0.748219744993454,0.873563218390805,0.9414774320157,0.51095832074909,6,"tags=3%, list=0%, signal=3%","8786",0.069119845655101
"R-HSA-2514859","Inactivation, recovery and regulation of the phototransduction cascade",28,-0.219349825564246,-0.7392455390951,0.874358974358974,0.941617357001972,0.511034260791395,4305,"tags=39%, list=28%, signal=28%","2792/2779/2978/23173/6295/1258/6011/10988/3000/801/4836",0.0635007968065945
"R-HSA-112382","Formation of RNA Pol II elongation complex",55,-0.191655241047944,-0.760558007682143,0.879551820728291,0.943391494647187,0.511997120187861,2961,"tags=25%, list=19%, signal=21%","6749/9150/5435/5430/902/27125/5431/2965/9646/6923/1025/904/404672/4300",0.0675188953767744
"R-HSA-75955","RNA Polymerase II Transcription Elongation",55,-0.191655241047944,-0.760558007682143,0.879551820728291,0.943391494647187,0.511997120187861,2961,"tags=25%, list=19%, signal=21%","6749/9150/5435/5430/902/27125/5431/2965/9646/6923/1025/904/404672/4300",0.0675188953767744
"R-HSA-9824585","Regulation of MITF-M-dependent genes involved in pigmentation",41,0.214634643384015,0.749858852004859,0.880452342487884,0.943391494647187,0.511997120187861,2175,"tags=17%, list=14%, signal=15%","79083/8110/51176/9275/5873/7020/26039",0.0417397034728504
"R-HSA-211897","Cytochrome P450 - arranged by substrate type",45,0.210738250019532,0.740253235240175,0.884012539184953,0.943391494647187,0.511997120187861,3777,"tags=29%, list=24%, signal=22%","1545/196/9915/2232/1593/285440/113612/29785/120227/1591/1565/2230/56603",0.0401660980049421
"R-HSA-977444","GABA B receptor activation",37,0.218080296640078,0.738701210515995,0.879365079365079,0.943391494647187,0.511997120187861,1144,"tags=14%, list=7%, signal=13%","2791/2770/55970/3772/109",0.0409883873374721
"R-HSA-991365","Activation of GABAB receptors",37,0.218080296640078,0.738701210515995,0.879365079365079,0.943391494647187,0.511997120187861,1144,"tags=14%, list=7%, signal=13%","2791/2770/55970/3772/109",0.0409883873374721
"R-HSA-446353","Cell-extracellular matrix interactions",18,0.251206739624718,0.708607485859423,0.883386581469649,0.943391494647187,0.511997120187861,2938,"tags=22%, list=19%, signal=18%","54751/5829/3987/3688",0.0410713282497468
"R-HSA-420092","Glucagon-type ligand receptors",25,0.23236490655806,0.707094441883867,0.878737541528239,0.943391494647187,0.511997120187861,1099,"tags=12%, list=7%, signal=11%","2791/7433/55970",0.0431036828790403
"R-HSA-4641263","Regulation of FZD by ubiquitination",21,0.237840981297629,0.703812883838694,0.883223684210526,0.943391494647187,0.511997120187861,2432,"tags=19%, list=16%, signal=16%","8323/6233/8322/8325",0.0424170054438747
"R-HSA-1296065","Inwardly rectifying K+ channels",28,0.219918111247331,0.701731841302267,0.88235294117647,0.943391494647187,0.511997120187861,1113,"tags=11%, list=7%, signal=10%","2791/55970/3772",0.0421619430092452
"R-HSA-73863","RNA Polymerase I Transcription Termination",30,0.210246627759403,0.693410289779321,0.880952380952381,0.943391494647187,0.511997120187861,4042,"tags=30%, list=26%, signal=22%","221830/79101/2068/7270/10849/9015/84172/64425/5441",0.0409055783172035
"R-HSA-9033658","Blood group systems biosynthesis",14,-0.240685448519549,-0.673966614967928,0.883449883449883,0.943391494647187,0.511997120187861,1507,"tags=14%, list=10%, signal=13%","30815/6484",0.0584693210386381
"R-HSA-9821993","Replacement of protamines by nucleosomes in the male pronucleus",28,-0.214948237407209,-0.724411452030508,0.887179487179487,0.946057160536798,0.513443829498479,4186,"tags=39%, list=27%, signal=29%","8294/8359/3021/3020/8362/8348/8344/8368/8363/8341/6732",0.0628003977812234
"R-HSA-5654708","Downstream signaling of activated FGFR3",20,-0.224713941585335,-0.711320462276215,0.890243902439024,0.947895239494564,0.51444139110296,545,"tags=10%, list=3%, signal=10%","5295/5290",0.0602484086158019
"R-HSA-8851708","Signaling by FGFR2 IIIa TM",19,-0.21999339770355,-0.688530206996431,0.88974358974359,0.947895239494564,0.51444139110296,3784,"tags=32%, list=24%, signal=24%","5440/5438/5435/5430/5431/2263",0.0626618230932491
"R-HSA-3781865","Diseases of glycosylation",139,0.187391034317168,0.793312625352064,0.892116182572614,0.948341027803767,0.5146833291868,3540,"tags=26%, list=23%, signal=20%","81792/9469/375790/79875/2720/9672/9060/2591/2239/7057/10082/126792/1464/170689/11253/4854/11173/2683/4166/170691/3074/29954/113189/130589/10195/9510/11093/92949/9037/4758/79695/157869/176/2331/56913/55901",0.0338984188001938
"R-HSA-113510","E2F mediated regulation of DNA replication",22,-0.220508308085964,-0.715679435818973,0.89237668161435,0.948341027803767,0.5146833291868,1739,"tags=14%, list=11%, signal=12%","5518/5519/5515",0.0561766586307176
"R-HSA-5686938","Regulation of TLR by endogenous ligand",15,0.257149401617195,0.684672806192396,0.89267461669506,0.948341027803767,0.5146833291868,2959,"tags=20%, list=19%, signal=16%","1687/7099/23643",0.0435378240914002
"R-HSA-427413","NoRC negatively regulates rRNA expression",85,-0.184364171818556,-0.7923668063557,0.894586894586895,0.949659060770172,0.515398651602722,4255,"tags=34%, list=27%, signal=25%","8337/8294/8359/3021/5440/8355/8467/7343/333932/9013/3020/8362/8348/5435/8344/902/9533/79685/8368/3065/8363/2965/8341/653604/8331/51082/8338/404672/8932",0.0675188953767744
"R-HSA-114452","Activation of BH3-only proteins",30,-0.205861824895958,-0.717419666158357,0.897849462365591,0.952089383418146,0.516717635507019,1632,"tags=13%, list=10%, signal=12%","7533/7531/596/8626",0.0645031249656493
"R-HSA-420029","Tight junction interactions",23,0.231324629755934,0.691843242797237,0.898222940226171,0.952089383418146,0.516717635507019,3527,"tags=26%, list=23%, signal=20%","5010/9076/24146/64398/10207/9071",0.0408229003677776
"R-HSA-5668914","Diseases of metabolism",242,0.182101564043745,0.82860534671319,0.8996138996139,0.952136268004532,0.516743080694247,3545,"tags=25%, list=23%, signal=20%","1545/81792/9469/375790/79875/2990/138050/2720/9672/3141/51293/9060/57407/4548/2591/2239/7057/10082/3712/51181/126792/6233/1464/170689/7172/5826/11253/4854/2232/353/11173/1593/2683/4166/170691/7957/3423/3425/3074/29954/113189/113612/1373/130589/10195/9510/11093/92949/10166/9037/4758/120227/1591/79695/157869/176/8908/2331/56913/55901/2230",0.0299906706583812
"R-HSA-2514856","The phototransduction cascade",29,0.208628647182809,0.670154329875278,0.899212598425197,0.952136268004532,0.516743080694247,1212,"tags=10%, list=8%, signal=10%","9187/5578/2342",0.0395979123961192
"R-HSA-5576892","Phase 0 - rapid depolarisation",33,-0.203906187576936,-0.721621543423918,0.902564102564103,0.954544234125386,0.518049931271534,4918,"tags=42%, list=32%, signal=29%","11280/6327/6329/815/6323/6332/2258/6336/783/801/818/6324/817/775",0.0619762736001998
"R-HSA-181429","Serotonin Neurotransmitter Release Cycle",16,-0.220987938809626,-0.661307096835403,0.904205607476635,0.955565567243619,0.518604228843915,4285,"tags=50%, list=28%, signal=36%","6853/8499/10815/8497/6844/9256/5864/6812",0.0574877409561325
"R-HSA-388844","Receptor-type tyrosine-protein phosphatases",19,0.227372159861819,0.653245828279296,0.905228758169935,0.95593238540126,0.518803308273198,4321,"tags=32%, list=28%, signal=23%","5792/5789/3556/4916/8541/94030",0.0409883873374721
"R-HSA-1187000","Fertilization",15,-0.231215339614572,-0.676208355620751,0.906024096385542,0.956058262902356,0.518871624468991,5318,"tags=47%, list=34%, signal=31%","22917/378807/284359/126123/2515/113177/928",0.0588438169595807
"R-HSA-2187338","Visual phototransduction",78,0.189268148646279,0.744152109608826,0.907993966817496,0.957422422878404,0.519611980920342,1583,"tags=13%, list=10%, signal=12%","64220/375790/9672/9187/5578/2239/10082/2342/4023/3949",0.0371479221137289
"R-HSA-167172","Transcription of the HIV genome",68,0.196377693294086,0.741479738286601,0.910197869101979,0.95760553045581,0.519711357004236,3085,"tags=22%, list=20%, signal=18%","11198/6879/6882/51497/2068/6878/2961/51616/6921/5439/2957/25920/22916/5433/2963",0.0374584205912161
"R-HSA-5357956","TNFR1-induced NF-kappa-B signaling pathway",31,0.216827716481038,0.702969913099275,0.911714770797963,0.95760553045581,0.519711357004236,2873,"tags=19%, list=18%, signal=16%","7132/6233/81858/55072/10133/8737",0.0424170054438747
"R-HSA-4085001","Sialic acid metabolism",32,0.213753186605682,0.691472225531174,0.909797822706065,0.95760553045581,0.519711357004236,3421,"tags=25%, list=22%, signal=20%","2720/10825/6480/7903/6482/256435/4758/8869",0.0384786917635432
"R-HSA-167287","HIV elongation arrest and recovery",32,0.212461411958473,0.687293451383407,0.912908242612753,0.95760553045581,0.519711357004236,3085,"tags=22%, list=20%, signal=18%","11198/51497/6921/5439/25920/5433/2963",0.0383205781976994
"R-HSA-167290","Pausing and recovery of HIV elongation",32,0.212461411958473,0.687293451383407,0.912908242612753,0.95760553045581,0.519711357004236,3085,"tags=22%, list=20%, signal=18%","11198/51497/6921/5439/25920/5433/2963",0.0383205781976994
"R-HSA-3232118","SUMOylation of transcription factors",20,0.232260493823324,0.676468665596489,0.910472972972973,0.95760553045581,0.519711357004236,4863,"tags=45%, list=31%, signal=31%","7158/6612/4193/7020/51588/7022/7157/668/9112",0.0422468188360053
"R-HSA-5357786","TNFR1-induced proapoptotic signaling",23,-0.208968342468436,-0.672156750335007,0.911227154046997,0.95760553045581,0.519711357004236,2192,"tags=17%, list=14%, signal=15%","29110/220213/27005/56957",0.0623861492893626
"R-HSA-73772","RNA Polymerase I Promoter Escape",70,-0.183235541671945,-0.77156261574617,0.916201117318436,0.959412780656304,0.520692187235759,4255,"tags=36%, list=27%, signal=26%","8337/8294/8359/3021/5440/8355/7343/333932/9013/3020/8362/8348/5435/8344/902/9533/8368/8363/2965/8341/653604/8331/51082/8338/404672",0.0653834195468773
"R-HSA-451326","Activation of kainate receptors upon glutamate binding",30,-0.1996850311606,-0.695893803838866,0.916666666666667,0.959412780656304,0.520692187235759,2465,"tags=20%, list=16%, signal=17%","801/23236/1741/5331/2783/2901",0.0635007968065945
"R-HSA-5654219","Phospholipase C-mediated cascade: FGFR1",10,-0.250932067061049,-0.635116218795164,0.915717539863326,0.959412780656304,0.520692187235759,2835,"tags=30%, list=18%, signal=25%","2249/2255/2260",0.0557104226766671
"R-HSA-416482","G alpha (12/13) signalling events",76,0.190888790602435,0.734410121650127,0.919161676646707,0.959881536924744,0.520946590482845,4504,"tags=36%, list=29%, signal=25%","64857/121512/7074/57580/2791/55970/55701/5924/5364/9639/7410/26084/23370/388/57449/9181/389337/54331/50649/84904/389/1894/6915/2768/2788/11214/2787",0.0362254755857254
"R-HSA-9670095","Inhibition of DNA recombination at telomere",52,0.20170625349914,0.727116946570911,0.920436817472699,0.959881536924744,0.520946590482845,2298,"tags=17%, list=15%, signal=15%","94239/54386/85236/3017/7013/25913/26277/5439/8334",0.0380842053196415
"R-HSA-6782210","Gap-filling DNA repair synthesis and ligation in TC-NER",61,0.191950423139244,0.721207423733321,0.920508744038156,0.959881536924744,0.520946590482845,4259,"tags=30%, list=27%, signal=22%","5425/6118/2068/6233/54107/6119/5984/57461/5439/5982/5426/5433/7515/2074/5441/1161/56655/5111",0.0389556479965885
"R-HSA-9840309","Glycosphingolipid biosynthesis",19,0.224330684587734,0.644507594733825,0.918300653594771,0.959881536924744,0.520946590482845,3507,"tags=32%, list=23%, signal=24%","64781/9334/84002/7368/8869/9331",0.0403295396423143
"R-HSA-422085","Synthesis, secretion, and deacylation of Ghrelin",16,0.225497137439785,0.628511048058295,0.9198606271777,0.959881536924744,0.520946590482845,3942,"tags=31%, list=25%, signal=23%","60559/5122/43/590/23478",0.0431901998334182
"R-HSA-9645723","Diseases of programmed cell death",84,-0.174036498749156,-0.769902890688748,0.92375366568915,0.961043924148607,0.521577440892815,4255,"tags=32%, list=27%, signal=23%","8337/8294/5928/8359/3021/8355/8726/333932/3020/8362/5422/8348/8344/11035/8368/8363/4000/8341/653604/7531/8331/8338/1020/5931/5052/23512/7001",0.0673623868166279
"R-HSA-212676","Dopamine Neurotransmitter Release Cycle",21,0.223849389076279,0.662409325809808,0.924342105263158,0.961043924148607,0.521577440892815,3822,"tags=33%, list=25%, signal=25%","10497/6804/64130/6857/8825/320/8541",0.0403295396423143
"R-HSA-167160","RNA Pol II CTD phosphorylation and interaction with CE during HIV infection",26,-0.192987406642049,-0.64473858100058,0.923684210526316,0.961043924148607,0.521577440892815,2579,"tags=23%, list=17%, signal=19%","5435/5430/902/5431/2965/404672",0.0621124188949471
"R-HSA-77075","RNA Pol II CTD phosphorylation and interaction with CE",26,-0.192987406642049,-0.64473858100058,0.923684210526316,0.961043924148607,0.521577440892815,2579,"tags=23%, list=17%, signal=19%","5435/5430/902/5431/2965/404672",0.0621124188949471
"R-HSA-167169","HIV Transcription Elongation",41,0.200642593773534,0.700975493322923,0.92891760904685,0.962165840306741,0.522186326859369,3085,"tags=22%, list=20%, signal=18%","11198/51497/2068/6921/5439/25920/22916/5433/2963",0.0392758570896778
"R-HSA-167200","Formation of HIV-1 elongation complex containing HIV-1 Tat",41,0.200642593773534,0.700975493322923,0.92891760904685,0.962165840306741,0.522186326859369,3085,"tags=22%, list=20%, signal=18%","11198/51497/2068/6921/5439/25920/22916/5433/2963",0.0392758570896778
"R-HSA-167246","Tat-mediated elongation of the HIV-1 transcript",41,0.200642593773534,0.700975493322923,0.92891760904685,0.962165840306741,0.522186326859369,3085,"tags=22%, list=20%, signal=18%","11198/51497/2068/6921/5439/25920/22916/5433/2963",0.0392758570896778
"R-HSA-917729","Endosomal Sorting Complex Required For Transport (ESCRT)",31,0.211031710812138,0.684178876291275,0.928692699490662,0.962165840306741,0.522186326859369,1592,"tags=13%, list=10%, signal=12%","51652/27183/6233/79720",0.0415717899246479
"R-HSA-210500","Glutamate Neurotransmitter Release Cycle",23,-0.201352333918951,-0.647659491579563,0.926892950391645,0.962165840306741,0.522186326859369,4400,"tags=43%, list=28%, signal=31%","6506/6507/8499/10815/6511/8497/6844/9256/5864/6812",0.0615706755421678
"R-HSA-5620922","BBSome-mediated cargo-targeting to cilium",23,-0.199709342277734,-0.642374729737922,0.929503916449086,0.962165840306741,0.522186326859369,4941,"tags=43%, list=32%, signal=30%","7203/84100/166379/6753/10576/117177/2847/22948/6950/6608",0.0614364107201271
"R-HSA-9748784","Drug ADME",64,-0.176282164669348,-0.72987242714419,0.93167701863354,0.963709805667759,0.523024267229826,4111,"tags=34%, list=26%, signal=25%","1571/10864/124975/3251/2944/9376/22978/5444/10/54577/6783/1066/11309/54578/2950/5446/10057/866/5243/132/10451/7498",0.0697792517076235
"R-HSA-5617833","Cilium Assembly",196,-0.168038922690395,-0.831162869722669,0.934362934362934,0.964371670941014,0.523383474532184,3030,"tags=21%, list=19%, signal=17%","140735/1258/26160/22948/7280/11336/6950/83658/79969/90410/5048/23322/4867/5108/51098/80173/3797/146057/5518/28981/5311/7531/6608/10540/64792/80776/4218/5147/60412/56912/51626/55763/11127/27077/50807/10121/10382/347688/22920/403/5577/7277",0.0808589150280032
"R-HSA-9975921","Assembly of the 9+0 primary cilium",196,-0.168038922690395,-0.831162869722669,0.934362934362934,0.964371670941014,0.523383474532184,3030,"tags=21%, list=19%, signal=17%","140735/1258/26160/22948/7280/11336/6950/83658/79969/90410/5048/23322/4867/5108/51098/80173/3797/146057/5518/28981/5311/7531/6608/10540/64792/80776/4218/5147/60412/56912/51626/55763/11127/27077/50807/10121/10382/347688/22920/403/5577/7277",0.0808589150280032
"R-HSA-888590","GABA synthesis, release, reuptake and degradation",18,-0.223993939882161,-0.67556504125496,0.933510638297872,0.964371670941014,0.523383474532184,3358,"tags=33%, list=22%, signal=26%","140679/10815/6844/6539/5864/6812",0.0621124188949471
"R-HSA-9932451","SWI/SNF chromatin remodelers",31,-0.184096466525613,-0.646850620764597,0.939467312348668,0.968226515787913,0.525475574653482,3812,"tags=26%, list=24%, signal=20%","23506/51412/6604/6599/55193/55274/6601/196528",0.0573667426768556
"R-HSA-418038","Nucleotide-like (purinergic) receptors",11,-0.230983387576773,-0.601673561660064,0.939110070257611,0.968226515787913,0.525475574653482,2749,"tags=27%, list=18%, signal=22%","5029/2846/27334",0.055826471778749
"R-HSA-2028269","Signaling by Hippo",20,0.218209388794706,0.63554421859994,0.940878378378378,0.968269306424328,0.525498797973535,3869,"tags=35%, list=25%, signal=26%","9414/55233/7529/261734/6789/51421/154810",0.0407403526717903
"R-HSA-5423646","Aflatoxin activation and detoxification",12,0.238950172420956,0.599808148241137,0.940860215053763,0.968269306424328,0.525498797973535,789,"tags=8%, list=5%, signal=8%","2686",0.0434506826723125
"R-HSA-8873719","RAB geranylgeranylation",63,-0.176348881893472,-0.730855391359528,0.942196531791908,0.968920651602733,0.525852295813492,2767,"tags=21%, list=18%, signal=17%","11021/83452/5869/5861/51552/5864/4218/10890/7879/201475/5862/22931/9367",0.065681360193401
"R-HSA-5654706","FRS-mediated FGFR3 signaling",15,0.232784097310341,0.619798996770356,0.945485519591141,0.971596311556594,0.527304429099357,2853,"tags=20%, list=18%, signal=16%","2250/5781/2247",0.0409055783172035
"R-HSA-9725554","Differentiation of Keratinocytes in Interfollicular Epidermis in Mammalian Skin",28,-0.192295748231683,-0.648068781005666,0.948717948717949,0.974210006889745,0.528722932966749,1439,"tags=14%, list=9%, signal=13%","3866/374897/84525/8626",0.0596037042575973
"R-HSA-977443","GABA receptor activation",49,-0.171799213205181,-0.663737885432327,0.955678670360111,0.980195564868168,0.531971413014596,4805,"tags=41%, list=31%, signal=28%","113/3763/23229/2792/2556/2566/2790/2557/2554/108/3765/2567/111/27020/2771/2773/2783/196883/3759/112",0.0629394692018967
"R-HSA-167152","Formation of HIV elongation complex in the absence of HIV Tat",43,0.18968332650419,0.658801310258713,0.956318252730109,0.980195564868168,0.531971413014596,3085,"tags=21%, list=20%, signal=17%","11198/51497/2068/6921/5439/25920/22916/5433/2963",0.0363018462359236
"R-HSA-5654688","SHC-mediated cascade:FGFR1",15,-0.208858452500237,-0.610823792911443,0.956626506024096,0.980195564868168,0.531971413014596,2835,"tags=27%, list=18%, signal=22%","2249/3265/2255/2260",0.0562940749700968
"R-HSA-380994","ATF4 activates genes in response to endoplasmic reticulum  stress",16,-0.188697380998544,-0.564677501771223,0.960280373831776,0.983226972192709,0.533616617395903,2616,"tags=25%, list=17%, signal=21%","4802/9709/1649/1051",0.0546808488785442
"R-HSA-70895","Branched-chain amino acid catabolism",21,0.199822334810537,0.59130908790859,0.962171052631579,0.984449977149821,0.534280366242029,1159,"tags=10%, list=7%, signal=9%","586/3712",0.0384786917635432
"R-HSA-389661","Glyoxylate metabolism and glycine degradation",15,-0.206512518360949,-0.603962914782132,0.963855421686747,0.985460279295054,0.534828677088389,3242,"tags=33%, list=21%, signal=26%","189/112817/1610/1738/2806",0.0559428593065705
"R-HSA-8964616","G beta:gamma signalling through CDC42",18,0.212130367104214,0.598380307521665,0.964856230031949,0.985770743688711,0.534997172221507,1099,"tags=11%, list=7%, signal=10%","2791/55970",0.036993251998507
"R-HSA-445989","TAK1-dependent IKK and NF-kappa-B activation",42,0.178122471148795,0.618226664552888,0.966824644549763,0.987068626276798,0.535701558630769,4734,"tags=26%, list=30%, signal=18%","3654/6233/10392/177/121457/8767/28511/11274/7157/84166/92610",0.0363783055518278
"R-HSA-428930","Thromboxane signalling through TP receptor",22,0.192873402711695,0.58181676415809,0.969424460431655,0.989008792965627,0.536754525254913,6060,"tags=55%, list=39%, signal=33%","2791/55970/54331/6915/2788/2787/59345/10672/2767/2784/9630/51764",0.0422468188360053
"R-HSA-446193","Biosynthesis of the N-glycan precursor (dolichol lipid-linked oligosaccharide, LLO) and transfer to a nascent protein",79,-0.161698105406659,-0.681035454645669,0.973856209150327,0.989958792047852,0.537270108442847,2074,"tags=13%, list=13%, signal=11%","5476/54344/144245/30815/6484/6483/3098/2762/5973/51005",0.070113215764256
"R-HSA-72165","mRNA Splicing - Minor Pathway",50,-0.171102305802115,-0.652268338554838,0.971098265895954,0.989958792047852,0.537270108442847,4147,"tags=32%, list=27%, signal=24%","85437/23450/10907/5440/5438/10992/55599/55954/6427/5435/6426/5430/5431/9416/23451/9343",0.0642140881844605
"R-HSA-73780","RNA Polymerase III Chain Elongation",18,-0.197639644702176,-0.596080567166608,0.973404255319149,0.989958792047852,0.537270108442847,3784,"tags=33%, list=24%, signal=25%","5440/10623/55703/5435/9533/51082",0.0601186142531851
"R-HSA-418217","G beta:gamma signalling through PLC beta",18,0.207434318111672,0.585133626819351,0.972843450479233,0.989958792047852,0.537270108442847,1099,"tags=11%, list=7%, signal=10%","2791/55970",0.0366082221336689
"R-HSA-5654693","FRS-mediated FGFR1 signaling",17,-0.193833848726462,-0.569919447313149,0.97196261682243,0.989958792047852,0.537270108442847,1790,"tags=18%, list=11%, signal=16%","3265/2255/2260",0.0541200569620232
"R-HSA-381042","PERK regulates gene expression",21,0.189560620278817,0.560942887524218,0.975328947368421,0.990743629007864,0.5376960548984,6104,"tags=57%, list=39%, signal=35%","1968/1054/4801/8894/8570/22926/468/3484/467/167227/3576/6347",0.037848772270503
"R-HSA-500657","Presynaptic function of Kainate receptors",19,0.19326033659602,0.555241717939112,0.977124183006536,0.991854698328242,0.538299054072751,1099,"tags=11%, list=7%, signal=10%","2791/55970",0.0374584205912161
"R-HSA-9770562","mRNA Polyadenylation",127,-0.153072932315786,-0.714961638675928,0.981132075471698,0.994495164671671,0.539732087093994,4018,"tags=25%, list=26%, signal=19%","23450/51362/10915/1655/5440/84844/5500/55749/11338/3192/5438/4670/10285/3190/10992/6427/5435/6426/5430/5431/5093/220988/23283/3188/5094/1665/23451/22827/81608/6430/3185/5499",0.0770736734944102
"R-HSA-77595","Processing of Intronless Pre-mRNAs",20,-0.176674810338177,-0.559255055007748,0.980487804878049,0.994495164671671,0.539732087093994,12827,"tags=100%, list=82%, signal=18%","22916/53981/1477/10914/11051/29894/79869/10978/1479/11052/8106/10898/51585/55339/8189/4686/51692/1478/23283/81608",0.0557104226766671
"R-HSA-5654228","Phospholipase C-mediated cascade; FGFR4",8,0.226684371128606,0.517316722118839,0.982486865148862,0.9951550338972,0.540090211101988,6674,"tags=62%, list=43%, signal=36%","2247/2264/5335/2246/8822",0.0404114482034376
"R-HSA-113418","Formation of the Early Elongation Complex",32,0.177194694103885,0.573208808860266,0.984447900466563,0.995172375872876,0.540099622933296,3085,"tags=22%, list=20%, signal=18%","51497/2068/5439/25920/22916/5433/2963",0.0347904098478036
"R-HSA-167158","Formation of the HIV-1 Early Elongation Complex",32,0.177194694103885,0.573208808860266,0.984447900466563,0.995172375872876,0.540099622933296,3085,"tags=22%, list=20%, signal=18%","51497/2068/5439/25920/22916/5433/2963",0.0347904098478036
"R-HSA-72086","mRNA Capping",28,-0.164573290503757,-0.554639469377975,0.984615384615385,0.995172375872876,0.540099622933296,2579,"tags=21%, list=17%, signal=18%","5435/5430/902/5431/2965/404672",0.0578529757032509
"R-HSA-1362277","Transcription of E2F targets under negative control by DREAM complex",19,-0.172216366080483,-0.538998767341891,0.98974358974359,0.998507116080019,0.541909452036398,2930,"tags=21%, list=19%, signal=17%","132660/4609/3065/4149",0.057609110864425
"R-HSA-9925561","Developmental Lineage of Pancreatic Acinar Cells",13,0.20654199601568,0.534699051883712,0.990033222591362,0.998507116080019,0.541909452036398,12360,"tags=100%, list=79%, signal=21%","2626/3170/4825/6035/6662/1056/27232/256297/3651/5267/3816/5406/64714",0.0376142599562161
"R-HSA-202040","G-protein activation",22,0.175774066225422,0.530235361622432,0.989208633093525,0.998507116080019,0.541909452036398,1099,"tags=9%, list=7%, signal=8%","2791/55970",0.0413209506074822
"R-HSA-9934037","Formation of neuronal progenitor and neuronal BAF (npBAF and nBAF)",25,0.158502803177441,0.482329508400948,0.991694352159468,0.999469575162857,0.542431797511747,3033,"tags=16%, list=19%, signal=13%","8110/9275/26039/605",0.037536290520292
"R-HSA-72187","mRNA 3'-end processing",150,-0.13766391497848,-0.659774290121311,1,1,0.542719669504058,4018,"tags=25%, list=26%, signal=18%","23450/51362/10915/1655/5440/84844/5500/55749/11338/3192/5438/4670/10285/3190/57187/10992/6427/5435/6426/5430/5431/5093/220988/23283/3188/5094/9984/1665/9877/23451/84271/22827/81608/26097/6430/3185/5499",0.0762797180809272
"R-HSA-72203","Processing of Capped Intron-Containing Pre-mRNA",289,0.129082731307559,0.598548666243189,1,1,0.542719669504058,4265,"tags=19%, list=27%, signal=14%","10762/7919/9883/55746/6637/3178/23636/11097/51634/9128/56339/27316/10921/348995/3183/23658/6233/6936/27336/57461/8175/9939/5439/23225/6429/10189/57122/6631/6627/22916/11066/51645/55702/7884/26017/5433/2963/84081/84321/10081/10212/23279/22985/6638/53981/84248/84950/9818/5441/6625/51690/163859/1477/23020/10946/199746",0.0240742072753014
"R-HSA-1538133","G0 and Early G1",27,0.162332675452458,0.509268270079061,0.993399339933993,1,0.542719669504058,2156,"tags=11%, list=14%, signal=10%","4605/990/91750",0.0371479221137289
"R-HSA-5654712","FRS-mediated FGFR4 signaling",15,-0.168262741821454,-0.49209828443473,0.997590361445783,1,0.542719669504058,12957,"tags=100%, list=83%, signal=17%","5781/2247/3845/2264/2246/8822/10817/2885/9965/4893/10818/8817/6654/2249/3265",0.0543434390269162
"R-HSA-72163","mRNA Splicing - Major Pathway",204,0.106767008706034,0.472955815210347,1,1,0.542719669504058,3163,"tags=13%, list=20%, signal=10%","7919/6637/3178/51634/9128/27316/10921/3183/23658/6936/27336/57461/8175/9939/5439/6429/10189/6631/6627/22916/51645/55702/26017/5433/2963/84081",0.0236501012290726
"R-HSA-72172","mRNA Splicing",212,0.102417840100013,0.462555463506165,1,1,0.542719669504058,3163,"tags=13%, list=20%, signal=10%","7919/6637/3178/51634/9128/27316/10921/3183/23658/6936/27336/57461/8175/9939/5439/6429/10189/6631/6627/22916/11066/51645/55702/26017/5433/2963/84081",0.0247790185105207
"R-HSA-75035","Chk1/Chk2(Cds1) mediated inactivation of Cyclin B:Cdk1 complex",15,0.170333284689566,0.453520666518928,0.998296422487223,1,0.542719669504058,5242,"tags=40%, list=34%, signal=27%","995/7529/1111/891/8900/7465",0.0383995813369433
"R-HSA-181431","Acetylcholine binding and downstream events",12,0.177781851913391,0.446264601136984,0.994623655913978,1,0.542719669504058,3035,"tags=17%, list=19%, signal=13%","1141/1138",0.0409055783172035
"R-HSA-622327","Postsynaptic nicotinic acetylcholine receptors",12,0.177781851913391,0.446264601136984,0.994623655913978,1,0.542719669504058,3035,"tags=17%, list=19%, signal=13%","1141/1138",0.0409055783172035
"R-HSA-5654719","SHC-mediated cascade:FGFR4",13,0.162201070073903,0.419908590291996,0.998338870431894,1,0.542719669504058,4852,"tags=31%, list=31%, signal=21%","6464/2247/3845/2264",0.0372254009247509
"R-HSA-397795","G-protein beta:gamma signalling",30,0.125410752387959,0.413614748933295,1,1,0.542719669504058,1099,"tags=7%, list=7%, signal=6%","2791/55970",0.0350150690873584
